check	Set up job	﻿2026-10-04T17:26:50.1955653Z Current runner version: '2.337.0'
check	Set up job	2026-10-04T17:26:50.1983411Z ##[group]Runner Image Provisioner
check	Set up job	2026-10-04T17:26:50.1984456Z Hosted Compute Agent
check	Set up job	2026-10-04T17:26:50.1985177Z Version: 20260901.588
check	Set up job	2026-10-04T17:26:50.1985950Z Commit: f88ec8081b781fac6c440065ac7ff9e710ce3d0b
check	Set up job	2026-10-04T17:26:50.1986966Z Build Date: 2026-09-01T19:56:44Z
check	Set up job	2026-10-04T17:26:50.1987790Z Worker ID: {6246b95c-cd4f-4c12-ab3f-60a54b0e1c68}
check	Set up job	2026-10-04T17:26:50.1988651Z Azure Region: eastus
check	Set up job	2026-10-04T17:26:50.1989323Z ##[endgroup]
check	Set up job	2026-10-04T17:26:50.1990945Z ##[group]Operating System
check	Set up job	2026-10-04T17:26:50.1991702Z Ubuntu
check	Set up job	2026-10-04T17:26:50.1992288Z 24.04.5
check	Set up job	2026-10-04T17:26:50.1992926Z LTS
check	Set up job	2026-10-04T17:26:50.1993538Z ##[endgroup]
check	Set up job	2026-10-04T17:26:50.1994133Z ##[group]Runner Image
check	Set up job	2026-10-04T17:26:50.1994875Z Image: ubuntu-24.04
check	Set up job	2026-10-04T17:26:50.1995531Z Version: 20260927.320.1
check	Set up job	2026-10-04T17:26:50.1997635Z Included Software: https://github.com/actions/runner-images/blob/ubuntu24/20260927.320/images/ubuntu/Ubuntu2404-Readme.md
check	Set up job	2026-10-04T17:26:50.1999660Z Image Release: https://github.com/actions/runner-images/releases/tag/ubuntu24%2F20260927.320
check	Set up job	2026-10-04T17:26:50.2000754Z ##[endgroup]
check	Set up job	2026-10-04T17:26:50.2002082Z ##[group]GITHUB_TOKEN Permissions
check	Set up job	2026-10-04T17:26:50.2004399Z Contents: read
check	Set up job	2026-10-04T17:26:50.2005102Z Metadata: read
check	Set up job	2026-10-04T17:26:50.2006303Z Packages: read
check	Set up job	2026-10-04T17:26:50.2007180Z ##[endgroup]
check	Set up job	2026-10-04T17:26:50.2009534Z Secret source: None
check	Set up job	2026-10-04T17:26:50.2010662Z Cache mode: write
check	Set up job	2026-10-04T17:26:50.2011499Z Prepare workflow directory
check	Set up job	2026-10-04T17:26:50.2376019Z Prepare all required actions
check	Set up job	2026-10-04T17:26:50.2424438Z Getting action download info
check	Set up job	2026-10-04T17:26:50.4986249Z Download action repository 'actions/checkout@v4' (SHA:11d5960a326750d5838078e36cf38b85af677262)
check	Set up job	2026-10-04T17:26:50.5968819Z Download action repository 'actions/setup-node@v4' (SHA:49933ea5288caeca8642d1e84afbd3f7d6820020)
check	Set up job	2026-10-04T17:26:50.6829499Z Download action repository 'actions/setup-dotnet@v4' (SHA:67a3573c9a986a3f9c594539f4ab511d57bb3ce9)
check	Set up job	2026-10-04T17:26:50.8729527Z Download action repository 'actions/upload-artifact@v4' (SHA:ea165f8d65b6e75b540449e92b4886f43607fa02)
check	Set up job	2026-10-04T17:26:51.0850933Z Complete job name: check
check	Run actions/checkout@v4	﻿2026-10-04T17:26:51.1671387Z ##[group]Run actions/checkout@v4
check	Run actions/checkout@v4	2026-10-04T17:26:51.1672424Z with:
check	Run actions/checkout@v4	2026-10-04T17:26:51.1672940Z   repository: PamelaSprin47685ghall/vibe-fs
check	Run actions/checkout@v4	2026-10-04T17:26:51.1676943Z   token: ***
check	Run actions/checkout@v4	2026-10-04T17:26:51.1677393Z   ssh-strict: true
check	Run actions/checkout@v4	2026-10-04T17:26:51.1677824Z   ssh-user: git
check	Run actions/checkout@v4	2026-10-04T17:26:51.1678267Z   persist-credentials: true
check	Run actions/checkout@v4	2026-10-04T17:26:51.1678756Z   clean: true
check	Run actions/checkout@v4	2026-10-04T17:26:51.1679199Z   sparse-checkout-cone-mode: true
check	Run actions/checkout@v4	2026-10-04T17:26:51.1679718Z   fetch-depth: 1
check	Run actions/checkout@v4	2026-10-04T17:26:51.1680140Z   fetch-tags: false
check	Run actions/checkout@v4	2026-10-04T17:26:51.1680575Z   show-progress: true
check	Run actions/checkout@v4	2026-10-04T17:26:51.1681063Z   lfs: false
check	Run actions/checkout@v4	2026-10-04T17:26:51.1681469Z   submodules: false
check	Run actions/checkout@v4	2026-10-04T17:26:51.1681909Z   set-safe-directory: true
check	Run actions/checkout@v4	2026-10-04T17:26:51.1682768Z   allow-unsafe-pr-checkout: false
check	Run actions/checkout@v4	2026-10-04T17:26:51.1683678Z ##[endgroup]
check	Run actions/checkout@v4	2026-10-04T17:26:51.2791145Z Syncing repository: PamelaSprin47685ghall/vibe-fs
check	Run actions/checkout@v4	2026-10-04T17:26:51.2793976Z ##[group]Getting Git version info
check	Run actions/checkout@v4	2026-10-04T17:26:51.2794958Z Working directory is '/home/runner/work/vibe-fs/vibe-fs'
check	Run actions/checkout@v4	2026-10-04T17:26:51.2796145Z [command]/usr/bin/git version
check	Run actions/checkout@v4	2026-10-04T17:26:51.2908639Z git version 2.55.0
check	Run actions/checkout@v4	2026-10-04T17:26:51.2941610Z ##[endgroup]
check	Run actions/checkout@v4	2026-10-04T17:26:51.2960127Z Temporarily overriding HOME='/home/runner/work/_temp/536a3b9e-eedd-4d6f-b1ea-3b12e7c94580' before making global git config changes
check	Run actions/checkout@v4	2026-10-04T17:26:51.2962820Z Adding repository directory to the temporary git global config as a safe directory
check	Run actions/checkout@v4	2026-10-04T17:26:51.2967062Z [command]/usr/bin/git config --global --add safe.directory /home/runner/work/vibe-fs/vibe-fs
check	Run actions/checkout@v4	2026-10-04T17:26:51.3032271Z Deleting the contents of '/home/runner/work/vibe-fs/vibe-fs'
check	Run actions/checkout@v4	2026-10-04T17:26:51.3060373Z ##[group]Initializing the repository
check	Run actions/checkout@v4	2026-10-04T17:26:51.3062154Z [command]/usr/bin/git init /home/runner/work/vibe-fs/vibe-fs
check	Run actions/checkout@v4	2026-10-04T17:26:51.3198643Z hint: Using 'master' as the name for the initial branch. This default branch name
check	Run actions/checkout@v4	2026-10-04T17:26:51.3258446Z hint: will change to "main" in Git 3.0. To configure the initial branch name
check	Run actions/checkout@v4	2026-10-04T17:26:51.3260722Z hint: to use in all of your new repositories, which will suppress this warning,
check	Run actions/checkout@v4	2026-10-04T17:26:51.3262225Z hint: call:
check	Run actions/checkout@v4	2026-10-04T17:26:51.3262970Z hint:
check	Run actions/checkout@v4	2026-10-04T17:26:51.3263883Z hint: 	git config --global init.defaultBranch <name>
check	Run actions/checkout@v4	2026-10-04T17:26:51.3265061Z hint:
check	Run actions/checkout@v4	2026-10-04T17:26:51.3266171Z hint: Names commonly chosen instead of 'master' are 'main', 'trunk' and
check	Run actions/checkout@v4	2026-10-04T17:26:51.3268141Z hint: 'development'. The just-created branch can be renamed via this command:
check	Run actions/checkout@v4	2026-10-04T17:26:51.3269593Z hint:
check	Run actions/checkout@v4	2026-10-04T17:26:51.3270407Z hint: 	git branch -m <name>
check	Run actions/checkout@v4	2026-10-04T17:26:51.3271284Z hint:
check	Run actions/checkout@v4	2026-10-04T17:26:51.3272446Z hint: Disable this message with "git config set advice.defaultBranchName false"
check	Run actions/checkout@v4	2026-10-04T17:26:51.3274630Z Initialized empty Git repository in /home/runner/work/vibe-fs/vibe-fs/.git/
check	Run actions/checkout@v4	2026-10-04T17:26:51.3277916Z [command]/usr/bin/git remote add origin https://github.com/PamelaSprin47685ghall/vibe-fs
check	Run actions/checkout@v4	2026-10-04T17:26:51.3281045Z ##[endgroup]
check	Run actions/checkout@v4	2026-10-04T17:26:51.3282451Z ##[group]Disabling automatic garbage collection
check	Run actions/checkout@v4	2026-10-04T17:26:51.3283666Z [command]/usr/bin/git config --local gc.auto 0
check	Run actions/checkout@v4	2026-10-04T17:26:51.3333323Z ##[endgroup]
check	Run actions/checkout@v4	2026-10-04T17:26:51.3334962Z ##[group]Setting up auth
check	Run actions/checkout@v4	2026-10-04T17:26:51.3344034Z [command]/usr/bin/git config --local --name-only --get-regexp core\.sshCommand
check	Run actions/checkout@v4	2026-10-04T17:26:51.3401638Z [command]/usr/bin/git submodule foreach --recursive sh -c "git config --local --name-only --get-regexp 'core\.sshCommand' && git config --local --unset-all 'core.sshCommand' || :"
check	Run actions/checkout@v4	2026-10-04T17:26:51.3864952Z [command]/usr/bin/git config --local --name-only --get-regexp http\.https\:\/\/github\.com\/\.extraheader
check	Run actions/checkout@v4	2026-10-04T17:26:51.3903710Z [command]/usr/bin/git submodule foreach --recursive sh -c "git config --local --name-only --get-regexp 'http\.https\:\/\/github\.com\/\.extraheader' && git config --local --unset-all 'http.https://github.com/.extraheader' || :"
check	Run actions/checkout@v4	2026-10-04T17:26:51.4141300Z [command]/usr/bin/git config --local --name-only --get-regexp ^includeIf\.gitdir:
check	Run actions/checkout@v4	2026-10-04T17:26:51.4180423Z [command]/usr/bin/git submodule foreach --recursive git config --local --show-origin --name-only --get-regexp remote.origin.url
check	Run actions/checkout@v4	2026-10-04T17:26:51.4416298Z [command]/usr/bin/git config --local http.https://github.com/.extraheader AUTHORIZATION: basic ***
check	Run actions/checkout@v4	2026-10-04T17:26:51.4460190Z ##[endgroup]
check	Run actions/checkout@v4	2026-10-04T17:26:51.4461206Z ##[group]Fetching the repository
check	Run actions/checkout@v4	2026-10-04T17:26:51.4471184Z [command]/usr/bin/git -c protocol.version=2 fetch --no-tags --prune --no-recurse-submodules --depth=1 origin +53839ce87b7659b247aed1512800b0fe18027af1:refs/remotes/pull/53/merge
check	Run actions/checkout@v4	2026-10-04T17:26:52.7531926Z From https://github.com/PamelaSprin47685ghall/vibe-fs
check	Run actions/checkout@v4	2026-10-04T17:26:52.7538367Z  * [new ref]         53839ce87b7659b247aed1512800b0fe18027af1 -> pull/53/merge
check	Run actions/checkout@v4	2026-10-04T17:26:52.7542001Z ##[endgroup]
check	Run actions/checkout@v4	2026-10-04T17:26:52.7543271Z ##[group]Determining the checkout info
check	Run actions/checkout@v4	2026-10-04T17:26:52.7544925Z ##[endgroup]
check	Run actions/checkout@v4	2026-10-04T17:26:52.7546223Z [command]/usr/bin/git sparse-checkout disable
check	Run actions/checkout@v4	2026-10-04T17:26:52.7612547Z [command]/usr/bin/git config --local --unset-all extensions.worktreeConfig
check	Run actions/checkout@v4	2026-10-04T17:26:52.7648464Z ##[group]Checking out the ref
check	Run actions/checkout@v4	2026-10-04T17:26:52.7651735Z [command]/usr/bin/git checkout --progress --force refs/remotes/pull/53/merge
check	Run actions/checkout@v4	2026-10-04T17:26:53.0739190Z Note: switching to 'refs/remotes/pull/53/merge'.
check	Run actions/checkout@v4	2026-10-04T17:26:53.0740204Z 
check	Run actions/checkout@v4	2026-10-04T17:26:53.0740761Z You are in 'detached HEAD' state. You can look around, make experimental
check	Run actions/checkout@v4	2026-10-04T17:26:53.0741874Z changes and commit them, and you can discard any commits you make in this
check	Run actions/checkout@v4	2026-10-04T17:26:53.0742927Z state without impacting any branches by switching back to a branch.
check	Run actions/checkout@v4	2026-10-04T17:26:53.0743557Z 
check	Run actions/checkout@v4	2026-10-04T17:26:53.0744059Z If you want to create a new branch to retain commits you create, you may
check	Run actions/checkout@v4	2026-10-04T17:26:53.0745440Z do so (now or later) by using -c with the switch command. Example:
check	Run actions/checkout@v4	2026-10-04T17:26:53.0745994Z 
check	Run actions/checkout@v4	2026-10-04T17:26:53.0746286Z   git switch -c <new-branch-name>
check	Run actions/checkout@v4	2026-10-04T17:26:53.0746972Z 
check	Run actions/checkout@v4	2026-10-04T17:26:53.0747305Z Or undo this operation with:
check	Run actions/checkout@v4	2026-10-04T17:26:53.0747682Z 
check	Run actions/checkout@v4	2026-10-04T17:26:53.0747939Z   git switch -
check	Run actions/checkout@v4	2026-10-04T17:26:53.0748332Z 
check	Run actions/checkout@v4	2026-10-04T17:26:53.0748846Z Turn off this advice by setting config variable advice.detachedHead to false
check	Run actions/checkout@v4	2026-10-04T17:26:53.0749525Z 
check	Run actions/checkout@v4	2026-10-04T17:26:53.0750272Z HEAD is now at 53839ce Merge 84683dc4d4eebf9bf82955df24a738ba35db6360 into 2588f89d0dcd3968947bed0c64b43bdbb8b14a62
check	Run actions/checkout@v4	2026-10-04T17:26:53.0758200Z ##[endgroup]
check	Run actions/checkout@v4	2026-10-04T17:26:53.0809540Z [command]/usr/bin/git log -1 --format=%H
check	Run actions/checkout@v4	2026-10-04T17:26:53.0840461Z 53839ce87b7659b247aed1512800b0fe18027af1
check	Run actions/setup-node@v4	﻿2026-10-04T17:26:53.1152942Z ##[group]Run actions/setup-node@v4
check	Run actions/setup-node@v4	2026-10-04T17:26:53.1153530Z with:
check	Run actions/setup-node@v4	2026-10-04T17:26:53.1153955Z   node-version: 22
check	Run actions/setup-node@v4	2026-10-04T17:26:53.1154351Z   cache: npm
check	Run actions/setup-node@v4	2026-10-04T17:26:53.1154726Z   always-auth: false
check	Run actions/setup-node@v4	2026-10-04T17:26:53.1155119Z   check-latest: false
check	Run actions/setup-node@v4	2026-10-04T17:26:53.1158229Z   token: ***
check	Run actions/setup-node@v4	2026-10-04T17:26:53.1158676Z ##[endgroup]
check	Run actions/setup-node@v4	2026-10-04T17:26:53.2679786Z Found in cache @ /opt/hostedtoolcache/node/22.23.3/x64
check	Run actions/setup-node@v4	2026-10-04T17:26:53.2683761Z (node:2253) [DEP0040] DeprecationWarning: The `punycode` module is deprecated. Please use a userland alternative instead.
check	Run actions/setup-node@v4	2026-10-04T17:26:53.2684865Z (Use `node --trace-deprecation ...` to show where the warning was created)
check	Run actions/setup-node@v4	2026-10-04T17:26:53.2686680Z ##[group]Environment details
check	Run actions/setup-node@v4	2026-10-04T17:26:53.7210023Z node: v22.23.3
check	Run actions/setup-node@v4	2026-10-04T17:26:53.7210694Z npm: 10.9.9
check	Run actions/setup-node@v4	2026-10-04T17:26:53.7211085Z yarn: 1.22.22
check	Run actions/setup-node@v4	2026-10-04T17:26:53.7212907Z ##[endgroup]
check	Run actions/setup-node@v4	2026-10-04T17:26:53.7236981Z [command]/opt/hostedtoolcache/node/22.23.3/x64/bin/npm config get cache
check	Run actions/setup-node@v4	2026-10-04T17:26:53.8446271Z /home/runner/.npm
check	Run actions/setup-node@v4	2026-10-04T17:26:53.9228475Z npm cache is not found
check	Run actions/setup-dotnet@v4	﻿2026-10-04T17:26:53.9398130Z ##[group]Run actions/setup-dotnet@v4
check	Run actions/setup-dotnet@v4	2026-10-04T17:26:53.9398492Z with:
check	Run actions/setup-dotnet@v4	2026-10-04T17:26:53.9398715Z   global-json-file: global.json
check	Run actions/setup-dotnet@v4	2026-10-04T17:26:53.9398975Z   cache: false
check	Run actions/setup-dotnet@v4	2026-10-04T17:26:53.9399180Z ##[endgroup]
check	Run actions/setup-dotnet@v4	2026-10-04T17:26:54.0930435Z (node:2296) [DEP0040] DeprecationWarning: The `punycode` module is deprecated. Please use a userland alternative instead.
check	Run actions/setup-dotnet@v4	2026-10-04T17:26:54.0931459Z (Use `node --trace-deprecation ...` to show where the warning was created)
check	Run actions/setup-dotnet@v4	2026-10-04T17:26:54.0951875Z [command]/home/runner/work/_actions/actions/setup-dotnet/v4/externals/install-dotnet.sh --skip-non-versioned-files --runtime dotnet --channel LTS
check	Run actions/setup-dotnet@v4	2026-10-04T17:26:54.3783227Z dotnet-install: .NET Core Runtime with version '10.0.12' is already installed.
check	Run actions/setup-dotnet@v4	2026-10-04T17:26:54.3810598Z [command]/home/runner/work/_actions/actions/setup-dotnet/v4/externals/install-dotnet.sh --skip-non-versioned-files --channel 10.0
check	Run actions/setup-dotnet@v4	2026-10-04T17:26:54.6037743Z dotnet-install: .NET Core SDK with version '10.0.401' is already installed.
check	Run npm ci	﻿2026-10-04T17:26:54.6214074Z ##[group]Run npm ci
check	Run npm ci	2026-10-04T17:26:54.6214543Z ^[[36;1mnpm ci^[[0m
check	Run npm ci	2026-10-04T17:26:54.6516681Z shell: /usr/bin/bash -e {0}
check	Run npm ci	2026-10-04T17:26:54.6517306Z env:
check	Run npm ci	2026-10-04T17:26:54.6517540Z   DOTNET_ROOT: /usr/share/dotnet
check	Run npm ci	2026-10-04T17:26:54.6517812Z ##[endgroup]
check	Run npm ci	2026-10-04T17:26:57.9433888Z npm warn deprecated glob@10.5.0: Old versions of glob are not supported, and contain widely publicized security vulnerabilities, which have been fixed in the current version. Please update. Support for old versions may be purchased (at exorbitant rates) by contacting i@izs.me
check	Run npm ci	2026-10-04T17:27:02.9871760Z 
check	Run npm ci	2026-10-04T17:27:02.9872873Z added 236 packages, and audited 237 packages in 8s
check	Run npm ci	2026-10-04T17:27:02.9878130Z 
check	Run npm ci	2026-10-04T17:27:02.9878775Z 63 packages are looking for funding
check	Run npm ci	2026-10-04T17:27:02.9879381Z   run `npm fund` for details
check	Run npm ci	2026-10-04T17:27:03.0045679Z 
check	Run npm ci	2026-10-04T17:27:03.0046937Z 10 vulnerabilities (3 moderate, 7 high)
check	Run npm ci	2026-10-04T17:27:03.0047393Z 
check	Run npm ci	2026-10-04T17:27:03.0048502Z To address issues that do not require attention, run:
check	Run npm ci	2026-10-04T17:27:03.0049149Z   npm audit fix
check	Run npm ci	2026-10-04T17:27:03.0049366Z 
check	Run npm ci	2026-10-04T17:27:03.0049741Z Some issues need review, and may require choosing
check	Run npm ci	2026-10-04T17:27:03.0050203Z a different dependency.
check	Run npm ci	2026-10-04T17:27:03.0050362Z 
check	Run npm ci	2026-10-04T17:27:03.0050506Z Run `npm audit` for details.
check	Run dotnet tool restore	﻿2026-10-04T17:27:03.0642985Z ##[group]Run dotnet tool restore
check	Run dotnet tool restore	2026-10-04T17:27:03.0643339Z ^[[36;1mdotnet tool restore^[[0m
check	Run dotnet tool restore	2026-10-04T17:27:03.0711352Z shell: /usr/bin/bash -e {0}
check	Run dotnet tool restore	2026-10-04T17:27:03.0711688Z env:
check	Run dotnet tool restore	2026-10-04T17:27:03.0711936Z   DOTNET_ROOT: /usr/share/dotnet
check	Run dotnet tool restore	2026-10-04T17:27:03.0712236Z ##[endgroup]
check	Run dotnet tool restore	2026-10-04T17:27:10.8760214Z Tool 'fantomas' (version '6.3.0') was restored. Available commands: fantomas
check	Run dotnet tool restore	2026-10-04T17:27:10.8761619Z Tool 'fable' (version '5.13.0') was restored. Available commands: fable
check	Run dotnet tool restore	2026-10-04T17:27:10.8787494Z 
check	Run dotnet tool restore	2026-10-04T17:27:10.8788495Z A newer version of tool 'fantomas' is available (version '8.0.6'). Consider updating your manifest file.
check	Run dotnet tool restore	2026-10-04T17:27:10.8789994Z A newer version of tool 'fable' is available (version '5.19.0'). Consider updating your manifest file.
check	Run dotnet tool restore	2026-10-04T17:27:10.8790651Z 
check	Run dotnet tool restore	2026-10-04T17:27:10.8790868Z Restore was successful.
check	Run verification	﻿2026-10-04T17:27:10.8978443Z ##[group]Run set -x
check	Run verification	2026-10-04T17:27:10.8999687Z ^[[36;1mset -x^[[0m
check	Run verification	2026-10-04T17:27:10.9000003Z ^[[36;1mif node scripts/verify.mjs --release; then^[[0m
check	Run verification	2026-10-04T17:27:10.9000317Z ^[[36;1m  exit 0^[[0m
check	Run verification	2026-10-04T17:27:10.9000516Z ^[[36;1melse^[[0m
check	Run verification	2026-10-04T17:27:10.9000705Z ^[[36;1m  CODE=$?^[[0m
check	Run verification	2026-10-04T17:27:10.9000973Z ^[[36;1m  echo "::error::verify:release exited with $CODE"^[[0m
check	Run verification	2026-10-04T17:27:10.9001462Z ^[[36;1m  find .fable-build/verify-logs/ -type f -name "*.log" | sort | while read -r file; do^[[0m
check	Run verification	2026-10-04T17:27:10.9002015Z ^[[36;1m    echo "::error file=$file::$(head -n 1 "$file") | $(tail -n 1 "$file")"^[[0m
check	Run verification	2026-10-04T17:27:10.9002393Z ^[[36;1m  done^[[0m
check	Run verification	2026-10-04T17:27:10.9002590Z ^[[36;1m  exit $CODE^[[0m
check	Run verification	2026-10-04T17:27:10.9002806Z ^[[36;1mfi^[[0m
check	Run verification	2026-10-04T17:27:10.9067071Z shell: /usr/bin/bash -e {0}
check	Run verification	2026-10-04T17:27:10.9067340Z env:
check	Run verification	2026-10-04T17:27:10.9067544Z   DOTNET_ROOT: /usr/share/dotnet
check	Run verification	2026-10-04T17:27:10.9067814Z   NODE_TEST_CONCURRENCY: 2
check	Run verification	2026-10-04T17:27:10.9068048Z   UNIT_VERDICT_SILENCE_MS: 30000
check	Run verification	2026-10-04T17:27:10.9068342Z ##[endgroup]
check	Run verification	2026-10-04T17:27:10.9158918Z + node scripts/verify.mjs --release
check	Run verification	2026-10-04T17:27:11.4112414Z 
check	Run verification	2026-10-04T17:27:11.4113380Z === verify: release  inputs=18481152ab396e01 ===
check	Run verification	2026-10-04T17:27:11.6193905Z Analyzing
check	Run verification	2026-10-04T17:27:12.6201317Z   0% [0 / 1] [1 running] format:check
check	Run verification	2026-10-04T17:27:23.5853808Z   format:check   OK  12.2s
check	Run verification	2026-10-04T17:27:24.1558139Z Analyzing
check	Run verification	2026-10-04T17:27:25.1545185Z   0% [0 / 1] [1 running] check
check	Run verification	2026-10-04T17:27:30.3802106Z shard-edge-audit (report-only): 515 finding(s) [high=93 medium=3 low=419]
check	Run verification	2026-10-04T17:27:30.3805584Z   Set SHARD_EDGE_AUDIT_STRICT=1 to make this gate fail. Findings:
check	Run verification	2026-10-04T17:27:30.3813626Z   [low] src/Wanxiangshu/Wanxiangshu.Owner.action-affordance.opencode-tools-executortoolsurface.fsproj -> Wanxiangshu.Owner.behavior-diagnosis.enforcer-continuation.fsproj: type-name 'Context' (src/Wanxiangshu/OpenCode/Tools/ChronicleTool.fsi:3, src/Wanxiangshu/OpenCode/Tools/ChronicleTool.fs:4)
check	Run verification	2026-10-04T17:27:30.3825101Z   [high] src/Wanxiangshu/Wanxiangshu.Owner.action-affordance.opencode-tools-executortoolsurface.fsproj -> Wanxiangshu.Owner.action-affordance.opencode-tools-statictools.fsproj: module-prefix 'StaticTools' (src/Wanxiangshu/OpenCode/Tools/AssumeTool.fs:25)
check	Run verification	2026-10-04T17:27:30.3840152Z   [low] src/Wanxiangshu/Wanxiangshu.Owner.action-affordance.opencode-tools-statictools.fsproj -> Wanxiangshu.Owner.change-integration.git-integrationgate.fsproj: type-name 'Orchestrator' (src/Wanxiangshu/OpenCode/Tools/StaticTools.fs:153, src/Wanxiangshu/OpenCode/Tools/StaticTools.fs:154, src/Wanxiangshu/OpenCode/Tools/StaticTools.fs:155)
check	Run verification	2026-10-04T17:27:30.3844842Z   [low] src/Wanxiangshu/Wanxiangshu.Owner.action-affordance.persistence-runtime-path.fsproj -> Wanxiangshu.Owner.opencode-plugin.plugin-composition.fsproj: type-name 'Host' (src/Wanxiangshu/Persistence/Journal/RuntimePath.fs:6)
check	Run verification	2026-10-04T17:27:30.3849859Z   [low] src/Wanxiangshu/Wanxiangshu.Owner.behavior-diagnosis.enforcer-codec.fsproj -> Wanxiangshu.Owner.behavior-diagnosis.enforcer-continuation.fsproj: type-name 'Context' (src/Wanxiangshu/Enforcer/Cycle/Commit.fsi:18, src/Wanxiangshu/Enforcer/Cycle/Commit.fsi:26, src/Wanxiangshu/Enforcer/Cycle/Commit.fs:6)
check	Run verification	2026-10-04T17:27:30.3854575Z   [high] src/Wanxiangshu/Wanxiangshu.Owner.behavior-diagnosis.enforcer-codec.fsproj -> Wanxiangshu.Owner.durable-composition.composition-durable-contextfact.fsproj: module-prefix 'ContextFact' (src/Wanxiangshu/Enforcer/Cycle/Commit.fs:188, src/Wanxiangshu/Enforcer/Cycle/Commit.fs:330)
check	Run verification	2026-10-04T17:27:30.3859790Z   [low] src/Wanxiangshu/Wanxiangshu.Owner.behavior-diagnosis.enforcer-codec.fsproj -> Wanxiangshu.Owner.knowledge-reuse.repository-knowledge-casebook-model.fsproj: type-name 'Entry' (src/Wanxiangshu/Enforcer/ObservationSurface.fs:49, src/Wanxiangshu/Enforcer/ObservationSurface.fs:66, src/Wanxiangshu/Enforcer/ObservationSurface.fs:281)
check	Run verification	2026-10-04T17:27:30.3864716Z   [low] src/Wanxiangshu/Wanxiangshu.Owner.behavior-diagnosis.enforcer-codec.fsproj -> Wanxiangshu.Owner.epistemic-reasoning.sphinx-v2-core.fsproj: type-name 'ObservationProjection' (src/Wanxiangshu/Enforcer/ObservationSurface.fs:303, src/Wanxiangshu/Enforcer/ObservationSurface.fs:308)
check	Run verification	2026-10-04T17:27:30.3869283Z   [low] src/Wanxiangshu/Wanxiangshu.Owner.behavior-diagnosis.enforcer-codec.fsproj -> Wanxiangshu.Owner.dispatch-protocol.dispatch-runtime.fsproj: type-name 'Runtime' (src/Wanxiangshu/Enforcer/Cycle/Commit.fs:10)
check	Run verification	2026-10-04T17:27:30.3873112Z   [low] src/Wanxiangshu/Wanxiangshu.Owner.behavior-diagnosis.enforcer-continuation.fsproj -> Wanxiangshu.Owner.epistemic-reasoning.sphinx-v2-core.fsproj: type-name 'Attempt' (src/Wanxiangshu/Enforcer/Cycle/Recovery.fs:17, src/Wanxiangshu/Enforcer/Continuation.fs:17)
check	Run verification	2026-10-04T17:27:30.3877625Z   [low] src/Wanxiangshu/Wanxiangshu.Owner.behavior-diagnosis.enforcer-continuation.fsproj -> Wanxiangshu.Owner.opencode-plugin.plugin-composition.fsproj: type-name 'Host' (src/Wanxiangshu/Enforcer/Cycle/Recovery.fs:15, src/Wanxiangshu/Enforcer/Continuation.fs:15, src/Wanxiangshu/Enforcer/BlogSurface.fs:15)
check	Run verification	2026-10-04T17:27:30.3880365Z   [low] src/Wanxiangshu/Wanxiangshu.Owner.behavior-diagnosis.enforcer-projection.fsproj -> Wanxiangshu.Owner.context-compression.context-companion-companionfactfold.fsproj: static-member 'Companion' (src/Wanxiangshu/Enforcer/Observation.fsi:3, src/Wanxiangshu/Enforcer/Observation.fs:3)
check	Run verification	2026-10-04T17:27:30.3882882Z   [low] src/Wanxiangshu/Wanxiangshu.Owner.behavior-diagnosis.enforcer-projection.fsproj -> Wanxiangshu.Owner.context-compression.context-companion-companionfactfold.fsproj: type-name 'Companion' (src/Wanxiangshu/Enforcer/Observation.fsi:3, src/Wanxiangshu/Enforcer/Observation.fs:3)
check	Run verification	2026-10-04T17:27:30.3885236Z   [low] src/Wanxiangshu/Wanxiangshu.Owner.behavior-diagnosis.enforcer-projection.fsproj -> Wanxiangshu.Owner.behavior-diagnosis.enforcer-continuation.fsproj: type-name 'Context' (src/Wanxiangshu/Enforcer/Observation.fsi:3, src/Wanxiangshu/Enforcer/Observation.fs:3)
check	Run verification	2026-10-04T17:27:30.3888289Z   [low] src/Wanxiangshu/Wanxiangshu.Owner.behavior-diagnosis.enforcer-projection.fsproj -> Wanxiangshu.Owner.epistemic-reasoning.sphinx-v2-core.fsproj: type-name 'ObservationProjection' (src/Wanxiangshu/Enforcer/Observation.fsi:7, src/Wanxiangshu/Enforcer/Observation.fs:15)
check	Run verification	2026-10-04T17:27:30.3892050Z   [low] src/Wanxiangshu/Wanxiangshu.Owner.behavior-diagnosis.enforcer-repair.fsproj -> Wanxiangshu.Owner.context-compression.context-companion-companionfactfold.fsproj: static-member 'Companion' (src/Wanxiangshu/Enforcer/Repair.fsi:11, src/Wanxiangshu/Enforcer/Repair.fs:4, src/Wanxiangshu/Enforcer/Cycle/BloggerProbe.fsi:45)
check	Run verification	2026-10-04T17:27:30.3896324Z   [low] src/Wanxiangshu/Wanxiangshu.Owner.behavior-diagnosis.enforcer-repair.fsproj -> Wanxiangshu.Owner.context-compression.context-companion-companionfactfold.fsproj: type-name 'Companion' (src/Wanxiangshu/Enforcer/Repair.fsi:11, src/Wanxiangshu/Enforcer/Repair.fs:4, src/Wanxiangshu/Enforcer/Cycle/BloggerProbe.fsi:45)
check	Run verification	2026-10-04T17:27:30.3899744Z   [low] src/Wanxiangshu/Wanxiangshu.Owner.behavior-diagnosis.enforcer-repair.fsproj -> Wanxiangshu.Owner.behavior-diagnosis.enforcer-continuation.fsproj: type-name 'Context' (src/Wanxiangshu/Enforcer/Repair.fsi:11, src/Wanxiangshu/Enforcer/Repair.fs:4, src/Wanxiangshu/Enforcer/Cycle/BloggerProbe.fsi:45)
check	Run verification	2026-10-04T17:27:30.3903049Z   [low] src/Wanxiangshu/Wanxiangshu.Owner.behavior-diagnosis.enforcer-repair.fsproj -> Wanxiangshu.Owner.interaction-authority.interaction-authority-projection-queries.fsproj: type-name 'DispatchStatus' (src/Wanxiangshu/Enforcer/Cycle/BloggerProbe.fs:147, src/Wanxiangshu/Enforcer/Cycle/BloggerProbe.fs:148, src/Wanxiangshu/Enforcer/Cycle/BloggerProbe.fs:149)
check	Run verification	2026-10-04T17:27:30.3905472Z   [low] src/Wanxiangshu/Wanxiangshu.Owner.behavior-diagnosis.enforcer-repair.fsproj -> Wanxiangshu.Owner.opencode-plugin.plugin-composition.fsproj: type-name 'Host' (src/Wanxiangshu/Enforcer/Repair.fs:8)
check	Run verification	2026-10-04T17:27:30.3908905Z   [high] src/Wanxiangshu/Wanxiangshu.Owner.behavior-diagnosis.enforcer-repair.fsproj -> Wanxiangshu.Owner.interaction-authority.interaction-authority-projection-queries.fsproj: module-prefix 'PromptAuthorityProjectionQueries' (src/Wanxiangshu/Enforcer/Cycle/BloggerProbe.fs:33, src/Wanxiangshu/Enforcer/Cycle/BloggerProbe.fs:120, src/Wanxiangshu/Enforcer/Cycle/BloggerProbe.fs:121)
check	Run verification	2026-10-04T17:27:30.3912481Z   [low] src/Wanxiangshu/Wanxiangshu.Owner.behavior-diagnosis.enforcer-repair.fsproj -> Wanxiangshu.Owner.dispatch-protocol.dispatch-runtime.fsproj: static-member 'Runtime' (src/Wanxiangshu/Enforcer/Repair.fsi:11)
check	Run verification	2026-10-04T17:27:30.3916323Z   [low] src/Wanxiangshu/Wanxiangshu.Owner.behavior-diagnosis.enforcer-repair.fsproj -> Wanxiangshu.Owner.dispatch-protocol.dispatch-runtime.fsproj: type-name 'Runtime' (src/Wanxiangshu/Enforcer/Repair.fsi:11, src/Wanxiangshu/Enforcer/Repair.fs:4, src/Wanxiangshu/Enforcer/Cycle/BloggerProbe.fs:5)
check	Run verification	2026-10-04T17:27:30.3921583Z   [low] src/Wanxiangshu/Wanxiangshu.Owner.capability-enforcement.opencode-host-managedagentconfig.fsproj -> Wanxiangshu.Owner.behavior-diagnosis.enforcer-continuation.fsproj: type-name 'Context' (src/Wanxiangshu/OpenCode/Host/ManagedAgentConfig.fs:8, src/Wanxiangshu/OpenCode/Host/ManagedAgentConfig.fs:9, src/Wanxiangshu/OpenCode/Host/ManagedAgentConfig.fs:10)
check	Run verification	2026-10-04T17:27:30.3927308Z   [low] src/Wanxiangshu/Wanxiangshu.Owner.capability-enforcement.opencode-host-managedagentconfig.fsproj -> Wanxiangshu.Owner.opencode-plugin.plugin-composition.fsproj: type-name 'Host' (src/Wanxiangshu/OpenCode/Host/ManagedAgentConfig.fs:19, src/Wanxiangshu/OpenCode/Tools/ToolRegistry.fsi:10, src/Wanxiangshu/OpenCode/Tools/ToolRegistry.fs:17)
check	Run verification	2026-10-04T17:27:30.3931741Z   [low] src/Wanxiangshu/Wanxiangshu.Owner.capability-enforcement.opencode-host-managedagentconfig.fsproj -> Wanxiangshu.Owner.opencode-plugin.plugin-composition.fsproj: static-member 'Host' (src/Wanxiangshu/OpenCode/Tools/ToolRegistry.fs:17)
check	Run verification	2026-10-04T17:27:30.3936120Z   [low] src/Wanxiangshu/Wanxiangshu.Owner.causal-wait.execution-session-wait-proof-surface.fsproj -> Wanxiangshu.Owner.process-execution.process-processrequest.fsproj: type-name 'PtyId' (src/Wanxiangshu/Execution/Session/Wait/Surface.fs:353, src/Wanxiangshu/Execution/Session/Wait/Surface.fs:359, src/Wanxiangshu/Execution/Session/Wait/Surface.fs:367)
check	Run verification	2026-10-04T17:27:30.3941687Z   [low] src/Wanxiangshu/Wanxiangshu.Owner.causal-wait.execution-session-wait-proof-surface.fsproj -> Wanxiangshu.Owner.dispatch-protocol.dispatch-runtime.fsproj: static-member 'Runtime' (src/Wanxiangshu/Execution/Session/Wait/Surface.fs:237, src/Wanxiangshu/Execution/Session/Wait/Surface.fs:241, src/Wanxiangshu/Execution/Session/Wait/Surface.fs:271)
check	Run verification	2026-10-04T17:27:30.3947291Z   [low] src/Wanxiangshu/Wanxiangshu.Owner.causal-wait.execution-session-wait-proof-surface.fsproj -> Wanxiangshu.Owner.dispatch-protocol.dispatch-runtime.fsproj: type-name 'Runtime' (src/Wanxiangshu/Execution/Session/Wait/Surface.fs:16, src/Wanxiangshu/Execution/Session/Wait/Surface.fs:237, src/Wanxiangshu/Execution/Session/Wait/Surface.fs:241)
check	Run verification	2026-10-04T17:27:30.3952077Z   [low] src/Wanxiangshu/Wanxiangshu.Owner.change-integration.change-fact.fsproj -> Wanxiangshu.Owner.change-integration.git-integrationgate.fsproj: type-name 'Orchestrator' (src/Wanxiangshu/Change/Fact.fs:9, src/Wanxiangshu/Change/Fact.fs:12, src/Wanxiangshu/Change/Fact.fs:15)
check	Run verification	2026-10-04T17:27:30.3955001Z   [low] src/Wanxiangshu/Wanxiangshu.Owner.change-integration.change-orchestrator-port-adapter.fsproj -> Wanxiangshu.Owner.change-integration.git-integrationgate.fsproj: type-name 'Orchestrator' (src/Wanxiangshu/Change/Orchestrator/OrchestratorJournalAdapter.fs:14, src/Wanxiangshu/Change/Orchestrator/OrchestratorJournalAdapter.fs:17, src/Wanxiangshu/Change/Orchestrator/OrchestratorJournalAdapter.fs:22)
check	Run verification	2026-10-04T17:27:30.3958005Z   [low] src/Wanxiangshu/Wanxiangshu.Owner.change-integration.git-integrationgate.fsproj -> Wanxiangshu.Owner.behavior-diagnosis.enforcer-continuation.fsproj: type-name 'Context' (src/Wanxiangshu/Change/Host/Types.fsi:12, src/Wanxiangshu/Change/Host/Types.fs:12)
check	Run verification	2026-10-04T17:27:30.3963669Z   [low] src/Wanxiangshu/Wanxiangshu.Owner.change-integration.git-integrationgate.fsproj -> Wanxiangshu.Owner.opencode-plugin.plugin-composition.fsproj: type-name 'Host' (src/Wanxiangshu/Git/IntegrationGate.fs:8, src/Wanxiangshu/Change/Program.fs:9, src/Wanxiangshu/Change/Host/GitAdapter.fsi:1)
check	Run verification	2026-10-04T17:27:30.3966299Z   [low] src/Wanxiangshu/Wanxiangshu.Owner.change-integration.git-integrationgate.fsproj -> Wanxiangshu.Owner.opencode-plugin.plugin-composition.fsproj: static-member 'Host' (src/Wanxiangshu/Change/Host/Surface.fs:373, src/Wanxiangshu/Change/Host/Surface.fs:376, src/Wanxiangshu/Change/Host/Surface.fs:382)
check	Run verification	2026-10-04T17:27:30.3979473Z   [medium] src/Wanxiangshu/Wanxiangshu.Owner.change-integration.git-integrationgate.fsproj -> Wanxiangshu.Owner.action-affordance.opencode-tools-executortoolsurface.fsproj, Wanxiangshu.Owner.attention-regulation.interaction-attention-fold.fsproj, Wanxiangshu.Owner.capability-enforcement.opencode-host-managedagentconfig.fsproj, Wanxiangshu.Owner.concern-routing.interaction-concern-fold.fsproj, Wanxiangshu.Owner.delegation.execution-delegation-hostturnobservedsurface.fsproj, Wanxiangshu.Owner.institutional-learning.enforcer-institutionallearning-fold.fsproj, Wanxiangshu.Owner.interaction.opencode-tools-filemutationtools.fsproj, Wanxiangshu.Owner.intra-participant-parallelism.execution-fission-opencode-host.fsproj, Wanxiangshu.Owner.knowledge-reuse.opencode-tools-bookkeepertool.fsproj, Wanxiangshu.Owner.knowledge-reuse.opencode-tools-fetchtool.fsproj, Wanxiangshu.Owner.participant-horizon.execution-session-opencode-horizontool.fsproj, Wanxiangshu.Owner.process-execution.opencode-tools-ptytool.fsproj, Wanxiangshu.Owner.relay-assessment.mission-relay-reviewtool.fsproj, Wanxiangshu.Owner.relay-retirement.mission-relay-suicidetool.fsproj, Wanxiangshu.Owner.repository-programming.repository-programming-js-capability.fsproj: module-prefix 'Path' (src/Wanxiangshu/Git/IntegrationGate.fs:46, src/Wanxiangshu/Git/IntegrationGate.fs:46, src/Wanxiangshu/Change/Runtime.fs:113)
check	Run verification	2026-10-04T17:27:30.3992412Z   [low] src/Wanxiangshu/Wanxiangshu.Owner.cognitive-environment.resources-promptresources.fsproj -> Wanxiangshu.Owner.change-integration.git-integrationgate.fsproj: type-name 'Orchestrator' (src/Wanxiangshu/Resources/PromptResources.fs:11, src/Wanxiangshu/Resources/PromptResources.fs:89)
check	Run verification	2026-10-04T17:27:30.3996092Z   [low] src/Wanxiangshu/Wanxiangshu.Owner.cognitive-environment.resources-promptsurface.fsproj -> Wanxiangshu.Owner.change-integration.git-integrationgate.fsproj: type-name 'Orchestrator' (src/Wanxiangshu/Resources/PromptSurface.fs:89)
check	Run verification	2026-10-04T17:27:30.4000328Z   [low] src/Wanxiangshu/Wanxiangshu.Owner.context-compression.companion-host-blogger.fsproj -> Wanxiangshu.Owner.epistemic-reasoning.sphinx-v2-core.fsproj: type-name 'Attempt' (src/Wanxiangshu/Context/Companion/HostBlogger.fs:8, src/Wanxiangshu/Context/Companion/HostBlogger.fs:34, src/Wanxiangshu/Context/Companion/JournalPort.fs:8)
check	Run verification	2026-10-04T17:27:30.4005323Z   [low] src/Wanxiangshu/Wanxiangshu.Owner.context-compression.companion-host-blogger.fsproj -> Wanxiangshu.Owner.behavior-diagnosis.enforcer-continuation.fsproj: type-name 'Context' (src/Wanxiangshu/Context/Companion/HostBlogger.fsi:1, src/Wanxiangshu/Context/Companion/HostBlogger.fsi:4, src/Wanxiangshu/Context/Companion/HostBlogger.fs:1)
check	Run verification	2026-10-04T17:27:30.4010914Z   [high] src/Wanxiangshu/Wanxiangshu.Owner.context-compression.companion-host-blogger.fsproj -> Wanxiangshu.Owner.epistemic-reasoning.sphinx-v2-core.fsproj: module-prefix 'Context' (src/Wanxiangshu/Context/Companion/Blogger/Runtime/Coordinator.fs:157, src/Wanxiangshu/Context/Companion/Blogger/Runtime/Coordinator.fs:159, src/Wanxiangshu/Context/Companion/Blogger/Runtime/Coordinator.fs:177)
check	Run verification	2026-10-04T17:27:30.4015941Z   [low] src/Wanxiangshu/Wanxiangshu.Owner.context-compression.companion-host-blogger.fsproj -> Wanxiangshu.Owner.opencode-plugin.plugin-composition.fsproj: type-name 'Host' (src/Wanxiangshu/Context/Companion/HostBlogger.fs:29, src/Wanxiangshu/Context/Companion/HostBlogger.fs:38, src/Wanxiangshu/Context/Companion/JournalPort.fs:20)
check	Run verification	2026-10-04T17:27:30.4021117Z   [low] src/Wanxiangshu/Wanxiangshu.Owner.context-compression.context-companion-companionfactfold.fsproj -> Wanxiangshu.Owner.behavior-diagnosis.enforcer-continuation.fsproj: type-name 'Context' (src/Wanxiangshu/Context/Companion/Model.fsi:1, src/Wanxiangshu/Context/Companion/Model.fsi:4, src/Wanxiangshu/Context/Companion/Model.fsi:5)
check	Run verification	2026-10-04T17:27:30.4026296Z   [low] src/Wanxiangshu/Wanxiangshu.Owner.context-compression.context-companion-fact.fsproj -> Wanxiangshu.Owner.epistemic-reasoning.sphinx-v2-core.fsproj: type-name 'Attempt' (src/Wanxiangshu/Participant/Provider/Attempt/TerminalValidity.fsi:1, src/Wanxiangshu/Participant/Provider/Attempt/TerminalValidity.fs:1, src/Wanxiangshu/Context/Companion/Blogger/Runtime/CycleProjection.fsi:6)
check	Run verification	2026-10-04T17:27:30.4031712Z   [low] src/Wanxiangshu/Wanxiangshu.Owner.context-compression.context-companion-fact.fsproj -> Wanxiangshu.Owner.context-compression.context-companion-companionfactfold.fsproj: static-member 'Companion' (src/Wanxiangshu/Context/Companion/Blogger/Toml.fsi:1, src/Wanxiangshu/Context/Companion/Blogger/Toml.fs:1, src/Wanxiangshu/Context/Companion/Blogger/ItemWire.fsi:1)
check	Run verification	2026-10-04T17:27:30.4037060Z   [low] src/Wanxiangshu/Wanxiangshu.Owner.context-compression.context-companion-fact.fsproj -> Wanxiangshu.Owner.context-compression.context-companion-companionfactfold.fsproj: type-name 'Companion' (src/Wanxiangshu/Context/Companion/Blogger/Toml.fsi:1, src/Wanxiangshu/Context/Companion/Blogger/Toml.fs:1, src/Wanxiangshu/Context/Companion/Blogger/ItemWire.fsi:1)
check	Run verification	2026-10-04T17:27:30.4042036Z   [low] src/Wanxiangshu/Wanxiangshu.Owner.context-compression.context-companion-fact.fsproj -> Wanxiangshu.Owner.behavior-diagnosis.enforcer-continuation.fsproj: type-name 'Context' (src/Wanxiangshu/Context/Companion/Blogger/Toml.fsi:1, src/Wanxiangshu/Context/Companion/Blogger/Toml.fs:1, src/Wanxiangshu/Context/Companion/Blogger/ItemWire.fsi:1)
check	Run verification	2026-10-04T17:27:30.4047032Z   [low] src/Wanxiangshu/Wanxiangshu.Owner.context-compression.context-companion-fact.fsproj -> Wanxiangshu.Owner.knowledge-reuse.repository-knowledge-casebook-model.fsproj: type-name 'Entry' (src/Wanxiangshu/Context/Companion/Blogger/Projection.fsi:8, src/Wanxiangshu/Context/Companion/Blogger/Projection.fs:15)
check	Run verification	2026-10-04T17:27:30.4051677Z   [low] src/Wanxiangshu/Wanxiangshu.Owner.context-compression.context-companion-fact.fsproj -> Wanxiangshu.Owner.opencode-plugin.plugin-composition.fsproj: type-name 'Host' (src/Wanxiangshu/Host/CompactionPolicy.fsi:1, src/Wanxiangshu/Host/CompactionPolicy.fs:1, src/Wanxiangshu/Context/Companion/Blogger/Request.fs:5)
check	Run verification	2026-10-04T17:27:30.4056297Z   [low] src/Wanxiangshu/Wanxiangshu.Owner.context-compression.context-companion-fact.fsproj -> Wanxiangshu.Owner.dispatch-protocol.dispatch-runtime.fsproj: type-name 'Runtime' (src/Wanxiangshu/Context/Companion/Blogger/Runtime/CycleProjection.fsi:1, src/Wanxiangshu/Context/Companion/Blogger/Runtime/CycleProjection.fs:1)
check	Run verification	2026-10-04T17:27:30.4061355Z   [low] src/Wanxiangshu/Wanxiangshu.Owner.context-compression.context-companion-fact.fsproj -> Wanxiangshu.Owner.action-affordance.runtime.fsproj: type-name 'Tool' (src/Wanxiangshu/Context/Companion/Blogger/ItemWire.fsi:7, src/Wanxiangshu/Context/Companion/Blogger/ItemWire.fs:14, src/Wanxiangshu/Context/Companion/Blogger/ItemWire.fs:47)
check	Run verification	2026-10-04T17:27:30.4067010Z   [high] src/Wanxiangshu/Wanxiangshu.Owner.context-compression.context-companion-fact.fsproj -> Wanxiangshu.Owner.provider-language.participant-provider-language.fsproj, Wanxiangshu.Owner.provider-language.participant-provider-languagesurface.fsproj, Wanxiangshu.Owner.runtime-platform.language.fsproj: open 'Wanxiangshu.Participant.Provider' (src/Wanxiangshu/Context/Companion/Builder.fs:6)
check	Run verification	2026-10-04T17:27:30.4073057Z   [high] src/Wanxiangshu/Wanxiangshu.Owner.context-compression.context-companion-fact.fsproj -> Wanxiangshu.Owner.provider-language.participant-provider-language.fsproj, Wanxiangshu.Owner.provider-language.participant-provider-languagesurface.fsproj, Wanxiangshu.Owner.runtime-platform.language.fsproj: qualified 'Wanxiangshu.Participant.Provider' (src/Wanxiangshu/Context/Companion/Builder.fs:6)
check	Run verification	2026-10-04T17:27:30.4078449Z   [low] src/Wanxiangshu/Wanxiangshu.Owner.context-compression.context-companion-facts.fsproj -> Wanxiangshu.Owner.context-compression.context-companion-companionfactfold.fsproj: type-name 'Companion' (src/Wanxiangshu/Context/Companion/Facts.fsi:1, src/Wanxiangshu/Context/Companion/Facts.fs:1)
check	Run verification	2026-10-04T17:27:30.4082530Z   [low] src/Wanxiangshu/Wanxiangshu.Owner.context-compression.context-companion-facts.fsproj -> Wanxiangshu.Owner.behavior-diagnosis.enforcer-continuation.fsproj: type-name 'Context' (src/Wanxiangshu/Context/Companion/Facts.fsi:1, src/Wanxiangshu/Context/Companion/Facts.fs:1)
check	Run verification	2026-10-04T17:27:30.4087198Z   [low] src/Wanxiangshu/Wanxiangshu.Owner.context-compression.context-companion-fold.fsproj -> Wanxiangshu.Owner.context-compression.context-companion-companionfactfold.fsproj: type-name 'Companion' (src/Wanxiangshu/Context/Companion/CompanionFactFold.fsi:1, src/Wanxiangshu/Context/Companion/CompanionFactFold.fs:1)
check	Run verification	2026-10-04T17:27:30.4092244Z   [low] src/Wanxiangshu/Wanxiangshu.Owner.context-compression.context-companion-fold.fsproj -> Wanxiangshu.Owner.behavior-diagnosis.enforcer-continuation.fsproj: type-name 'Context' (src/Wanxiangshu/Context/Companion/CompanionFactFold.fsi:1, src/Wanxiangshu/Context/Companion/CompanionFactFold.fsi:3, src/Wanxiangshu/Context/Companion/CompanionFactFold.fs:1)
check	Run verification	2026-10-04T17:27:30.4097387Z   [low] src/Wanxiangshu/Wanxiangshu.Owner.context-compression.context-companion-foldsurface.fsproj -> Wanxiangshu.Owner.epistemic-reasoning.sphinx-v2-core.fsproj: type-name 'Attempt' (src/Wanxiangshu/Context/Companion/Blogger/OpenCode/PluginScope.fs:25, src/Wanxiangshu/Context/Companion/Blogger/OpenCode/PluginScope.fs:38)
check	Run verification	2026-10-04T17:27:30.4102688Z   [low] src/Wanxiangshu/Wanxiangshu.Owner.context-compression.context-companion-foldsurface.fsproj -> Wanxiangshu.Owner.behavior-diagnosis.enforcer-continuation.fsproj: type-name 'Context' (src/Wanxiangshu/Context/Companion/Blogger/OpenCode/PluginScope.fsi:1, src/Wanxiangshu/Context/Companion/Blogger/OpenCode/PluginScope.fsi:6, src/Wanxiangshu/Context/Companion/Blogger/OpenCode/PluginScope.fsi:7)
check	Run verification	2026-10-04T17:27:30.4108441Z   [high] src/Wanxiangshu/Wanxiangshu.Owner.context-compression.context-companion-foldsurface.fsproj -> Wanxiangshu.Owner.speculative-investigation.strength-event-vocabulary-contract.fsproj: module-prefix 'Delegation' (src/Wanxiangshu/Context/Companion/Blogger/OpenCode/PluginScope.fs:15, src/Wanxiangshu/Context/Companion/Blogger/OpenCode/PluginScope.fs:30)
check	Run verification	2026-10-04T17:27:30.4113300Z   [low] src/Wanxiangshu/Wanxiangshu.Owner.context-compression.context-companion-foldsurface.fsproj -> Wanxiangshu.Owner.opencode-plugin.plugin-composition.fsproj: type-name 'Host' (src/Wanxiangshu/Context/Companion/Blogger/OpenCode/PluginScope.fs:20, src/Wanxiangshu/Context/Companion/Blogger/MainContext.fs:11)
check	Run verification	2026-10-04T17:27:30.4118208Z   [low] src/Wanxiangshu/Wanxiangshu.Owner.context-compression.context-companion-runtimesurface.fsproj -> Wanxiangshu.Owner.behavior-diagnosis.enforcer-continuation.fsproj: type-name 'Context' (src/Wanxiangshu/Context/Companion/Transform.fsi:1, src/Wanxiangshu/Context/Companion/Transform.fsi:5, src/Wanxiangshu/Context/Companion/Transform.fsi:6)
check	Run verification	2026-10-04T17:27:30.4123163Z   [low] src/Wanxiangshu/Wanxiangshu.Owner.context-compression.context-companion-runtimesurface.fsproj -> Wanxiangshu.Owner.opencode-plugin.plugin-composition.fsproj: type-name 'Host' (src/Wanxiangshu/OpenCode/Host/HostCompactionGate.fsi:5, src/Wanxiangshu/OpenCode/Host/HostCompactionGate.fs:11, src/Wanxiangshu/OpenCode/Host/HostCompactionObserver.fsi:5)
check	Run verification	2026-10-04T17:27:30.4127821Z   [low] src/Wanxiangshu/Wanxiangshu.Owner.context-compression.runtime.fsproj -> Wanxiangshu.Owner.epistemic-reasoning.sphinx-v2-core.fsproj: type-name 'Attempt' (src/Wanxiangshu/Context/Companion/FoldSurface.fs:22, src/Wanxiangshu/Context/Companion/CompressionSurface.fs:13)
check	Run verification	2026-10-04T17:27:30.4131541Z   [high] src/Wanxiangshu/Wanxiangshu.Owner.context-compression.runtime.fsproj -> Wanxiangshu.Owner.epistemic-reasoning.sphinx-v2-core.fsproj: module-prefix 'Budget' (src/Wanxiangshu/Context/Companion/FoldSurface.fs:338)
check	Run verification	2026-10-04T17:27:30.4134730Z   [low] src/Wanxiangshu/Wanxiangshu.Owner.context-compression.runtime.fsproj -> Wanxiangshu.Owner.behavior-diagnosis.enforcer-continuation.fsproj: type-name 'Context' (src/Wanxiangshu/Context/Companion/Blogger/TomlSurface.fsi:1, src/Wanxiangshu/Context/Companion/Blogger/TomlSurface.fs:1, src/Wanxiangshu/Context/Companion/Blogger/DeltaSurface.fsi:1)
check	Run verification	2026-10-04T17:27:30.4139634Z   [low] src/Wanxiangshu/Wanxiangshu.Owner.context-compression.runtime.fsproj -> Wanxiangshu.Owner.knowledge-reuse.repository-knowledge-casebook-model.fsproj: type-name 'Entry' (src/Wanxiangshu/Context/Companion/Blogger/FrameSurface.fs:30, src/Wanxiangshu/Context/Companion/Blogger/FrameSurface.fs:43, src/Wanxiangshu/Context/Companion/Blogger/FrameSurface.fs:149)
check	Run verification	2026-10-04T17:27:30.4144748Z   [low] src/Wanxiangshu/Wanxiangshu.Owner.context-compression.runtime.fsproj -> Wanxiangshu.Owner.opencode-plugin.plugin-composition.fsproj: type-name 'Host' (src/Wanxiangshu/Host/Contract/CompactionPolicySurface.fsi:1, src/Wanxiangshu/Host/Contract/CompactionPolicySurface.fs:1, src/Wanxiangshu/Host/Contract/CompactionPolicySurface.fs:4)
check	Run verification	2026-10-04T17:27:30.4149434Z   [low] src/Wanxiangshu/Wanxiangshu.Owner.context-compression.runtime.fsproj -> Wanxiangshu.Owner.opencode-plugin.plugin-composition.fsproj: static-member 'Host' (src/Wanxiangshu/Context/Companion/FoldSurface.fs:18, src/Wanxiangshu/Context/Companion/FoldSurface.fs:19)
check	Run verification	2026-10-04T17:27:30.4152976Z   [low] src/Wanxiangshu/Wanxiangshu.Owner.context-compression.runtime.fsproj -> Wanxiangshu.Owner.change-integration.git-integrationgate.fsproj: type-name 'ManagerJob' (src/Wanxiangshu/Context/Companion/FoldSurface.fs:314)
check	Run verification	2026-10-04T17:27:30.4157450Z   [high] src/Wanxiangshu/Wanxiangshu.Owner.context-compression.runtime.fsproj -> Wanxiangshu.Owner.epistemic-reasoning.sphinx-v2-core.fsproj: module-prefix 'Profile' (src/Wanxiangshu/Context/Companion/CompressionSurface.fs:198, src/Wanxiangshu/Context/Companion/CompressionSurface.fs:206, src/Wanxiangshu/Context/Companion/CompressionSurface.fs:207)
check	Run verification	2026-10-04T17:27:30.4162243Z   [low] src/Wanxiangshu/Wanxiangshu.Owner.context-compression.runtime.fsproj -> Wanxiangshu.Owner.action-affordance.runtime.fsproj: type-name 'Tool' (src/Wanxiangshu/Context/Companion/Blogger/TomlSurface.fsi:17, src/Wanxiangshu/Context/Companion/Blogger/TomlSurface.fs:17, src/Wanxiangshu/Context/Companion/Blogger/TomlSurface.fs:36)
check	Run verification	2026-10-04T17:27:30.4166379Z   [low] src/Wanxiangshu/Wanxiangshu.Owner.degeneration-guard.execution-session-loopdetector.fsproj -> Wanxiangshu.Owner.dispatch-protocol.foundation-llm-facing.fsproj: type-name 'Field' (src/Wanxiangshu/Execution/Session/LoopDetectorSurface.fs:79)
check	Run verification	2026-10-04T17:27:30.4171401Z   [low] src/Wanxiangshu/Wanxiangshu.Owner.delegation.delegation-host-adapter.fsproj -> Wanxiangshu.Owner.epistemic-reasoning.sphinx-v2-core.fsproj: type-name 'Attempt' (src/Wanxiangshu/Execution/Delegation/SyncDelegate/Runtime.fsi:14, src/Wanxiangshu/Execution/Delegation/SyncDelegate/Runtime.fs:10, src/Wanxiangshu/Execution/Delegation/SyncDelegate/Runtime.fs:32)
check	Run verification	2026-10-04T17:27:30.4176970Z   [low] src/Wanxiangshu/Wanxiangshu.Owner.delegation.delegation-host-adapter.fsproj -> Wanxiangshu.Owner.context-compression.context-companion-companionfactfold.fsproj: static-member 'Companion' (src/Wanxiangshu/Execution/Delegation/SyncDelegate/Runtime.fs:3, src/Wanxiangshu/Execution/Delegation/SyncDelegate/Runtime.fs:19, src/Wanxiangshu/Execution/Delegation/Fork/Host/PendingRun.fs:4)
check	Run verification	2026-10-04T17:27:30.4182615Z   [low] src/Wanxiangshu/Wanxiangshu.Owner.delegation.delegation-host-adapter.fsproj -> Wanxiangshu.Owner.context-compression.context-companion-companionfactfold.fsproj: type-name 'Companion' (src/Wanxiangshu/Execution/Delegation/SyncDelegate/Runtime.fs:3, src/Wanxiangshu/Execution/Delegation/SyncDelegate/Runtime.fs:18, src/Wanxiangshu/Execution/Delegation/SyncDelegate/Runtime.fs:19)
check	Run verification	2026-10-04T17:27:30.4188759Z   [low] src/Wanxiangshu/Wanxiangshu.Owner.delegation.delegation-host-adapter.fsproj -> Wanxiangshu.Owner.behavior-diagnosis.enforcer-continuation.fsproj: type-name 'Context' (src/Wanxiangshu/Execution/Delegation/SyncDelegate/Runtime.fsi:6, src/Wanxiangshu/Execution/Delegation/SyncDelegate/Runtime.fs:3, src/Wanxiangshu/Execution/Delegation/SyncDelegate/Runtime.fs:18)
check	Run verification	2026-10-04T17:27:30.4194149Z   [high] src/Wanxiangshu/Wanxiangshu.Owner.delegation.delegation-host-adapter.fsproj -> Wanxiangshu.Owner.speculative-investigation.strength-event-vocabulary-contract.fsproj: module-prefix 'Delegation' (src/Wanxiangshu/Execution/Delegation/SyncDelegate/Runtime.fsi:1, src/Wanxiangshu/Execution/Delegation/SyncDelegate/Runtime.fs:1, src/Wanxiangshu/Execution/Delegation/SyncDelegate/Runtime.fs:23)
check	Run verification	2026-10-04T17:27:30.4199830Z   [low] src/Wanxiangshu/Wanxiangshu.Owner.delegation.delegation-host-adapter.fsproj -> Wanxiangshu.Owner.opencode-plugin.plugin-composition.fsproj: type-name 'Host' (src/Wanxiangshu/Execution/Delegation/SyncDelegate/Runtime.fs:27, src/Wanxiangshu/Execution/Delegation/SyncDelegate/Runtime.fs:35, src/Wanxiangshu/Execution/Delegation/Fork/Host/PendingRun.fsi:1)
check	Run verification	2026-10-04T17:27:30.4205283Z   [high] src/Wanxiangshu/Wanxiangshu.Owner.delegation.delegation-joinguard-port.fsproj -> Wanxiangshu.Owner.speculative-investigation.strength-event-vocabulary-contract.fsproj: module-prefix 'Delegation' (src/Wanxiangshu/Execution/Delegation/Fork/OpenCode/HostJoinGuardJournalPort.fsi:1, src/Wanxiangshu/Execution/Delegation/Fork/OpenCode/HostJoinGuardJournalPort.fs:1)
check	Run verification	2026-10-04T17:27:30.4210693Z   [high] src/Wanxiangshu/Wanxiangshu.Owner.delegation.delegation-linkage-projection.fsproj -> Wanxiangshu.Owner.epistemic-reasoning.sphinx-v2-core.fsproj: module-prefix 'Work' (src/Wanxiangshu/Execution/Delegation/LinkageProjection.fs:469, src/Wanxiangshu/Execution/Delegation/LinkageProjection.fs:583, src/Wanxiangshu/Execution/Delegation/LinkageProjection.fs:592)
check	Run verification	2026-10-04T17:27:30.4215424Z   [high] src/Wanxiangshu/Wanxiangshu.Owner.delegation.delegation-pty-adapter.fsproj -> Wanxiangshu.Owner.speculative-investigation.strength-event-vocabulary-contract.fsproj: module-prefix 'Delegation' (src/Wanxiangshu/Execution/Delegation/Fork/Host/Pty.fsi:1, src/Wanxiangshu/Execution/Delegation/Fork/Host/Pty.fs:1)
check	Run verification	2026-10-04T17:27:30.4219693Z   [low] src/Wanxiangshu/Wanxiangshu.Owner.delegation.delegation-pty-adapter.fsproj -> Wanxiangshu.Owner.opencode-plugin.plugin-composition.fsproj: type-name 'Host' (src/Wanxiangshu/Execution/Delegation/Fork/Host/Pty.fsi:1, src/Wanxiangshu/Execution/Delegation/Fork/Host/Pty.fs:1)
check	Run verification	2026-10-04T17:27:30.4224435Z   [high] src/Wanxiangshu/Wanxiangshu.Owner.delegation.delegation-recovery-runtime.fsproj -> Wanxiangshu.Owner.speculative-investigation.strength-event-vocabulary-contract.fsproj: module-prefix 'Delegation' (src/Wanxiangshu/Execution/Delegation/Fork/ChildRecovery.fsi:1, src/Wanxiangshu/Execution/Delegation/Fork/ChildRecovery.fs:1, src/Wanxiangshu/Execution/Delegation/Handle/CompletionCodec.fsi:1)
check	Run verification	2026-10-04T17:27:30.4230800Z   [high] src/Wanxiangshu/Wanxiangshu.Owner.delegation.delegation-sync-runtime.fsproj -> Wanxiangshu.Owner.speculative-investigation.strength-event-vocabulary-contract.fsproj: module-prefix 'Delegation' (src/Wanxiangshu/Execution/Delegation/SyncDelegate/Wait.fsi:1, src/Wanxiangshu/Execution/Delegation/SyncDelegate/Wait.fs:1, src/Wanxiangshu/Execution/Delegation/SyncDelegate/Store.fsi:1)
check	Run verification	2026-10-04T17:27:30.4235485Z   [low] src/Wanxiangshu/Wanxiangshu.Owner.delegation.execution-delegation-fact.fsproj -> Wanxiangshu.Owner.process-execution.process-processrequest.fsproj: type-name 'Command' (src/Wanxiangshu/Execution/Delegation/Fork/Model.fsi:37, src/Wanxiangshu/Execution/Delegation/Fork/Model.fs:50)
check	Run verification	2026-10-04T17:27:30.4239525Z   [low] src/Wanxiangshu/Wanxiangshu.Owner.delegation.execution-delegation-fact.fsproj -> Wanxiangshu.Owner.behavior-diagnosis.enforcer-continuation.fsproj: type-name 'Context' (src/Wanxiangshu/Execution/Delegation/Handoff.fsi:4, src/Wanxiangshu/Execution/Delegation/Handoff.fs:6)
check	Run verification	2026-10-04T17:27:30.4244215Z   [high] src/Wanxiangshu/Wanxiangshu.Owner.delegation.execution-delegation-fact.fsproj -> Wanxiangshu.Owner.speculative-investigation.strength-event-vocabulary-contract.fsproj: module-prefix 'Delegation' (src/Wanxiangshu/Execution/Delegation/Fork/Model.fsi:1, src/Wanxiangshu/Execution/Delegation/Fork/Model.fs:1)
check	Run verification	2026-10-04T17:27:30.4249060Z   [low] src/Wanxiangshu/Wanxiangshu.Owner.delegation.execution-delegation-fact.fsproj -> Wanxiangshu.Owner.process-execution.process-processrequest.fsproj: type-name 'PtyId' (src/Wanxiangshu/Execution/Delegation/Fork/Model.fsi:35, src/Wanxiangshu/Execution/Delegation/Fork/Model.fs:48)
check	Run verification	2026-10-04T17:27:30.4253833Z   [low] src/Wanxiangshu/Wanxiangshu.Owner.delegation.execution-delegation-fork-runtime.fsproj -> Wanxiangshu.Owner.epistemic-reasoning.sphinx-v2-core.fsproj: type-name 'Assignment' (src/Wanxiangshu/Execution/Delegation/Fork/Payload.fsi:6, src/Wanxiangshu/Execution/Delegation/Fork/Payload.fs:16, src/Wanxiangshu/Execution/Delegation/Fork/Payload.fs:58)
check	Run verification	2026-10-04T17:27:30.4258384Z   [low] src/Wanxiangshu/Wanxiangshu.Owner.delegation.execution-delegation-fork-runtime.fsproj -> Wanxiangshu.Owner.epistemic-reasoning.sphinx-v2-core.fsproj: static-member 'Assignment' (src/Wanxiangshu/Execution/Delegation/Fork/Payload.fs:58)
check	Run verification	2026-10-04T17:27:30.4263241Z   [high] src/Wanxiangshu/Wanxiangshu.Owner.delegation.execution-delegation-fork-runtime.fsproj -> Wanxiangshu.Owner.speculative-investigation.strength-event-vocabulary-contract.fsproj: module-prefix 'Delegation' (src/Wanxiangshu/Execution/Delegation/Fork/Payload.fsi:1, src/Wanxiangshu/Execution/Delegation/Fork/Payload.fs:1, src/Wanxiangshu/Execution/Delegation/Fork/RuntimeContract.fsi:1)
check	Run verification	2026-10-04T17:27:30.4268179Z   [low] src/Wanxiangshu/Wanxiangshu.Owner.delegation.execution-delegation-fork-runtime.fsproj -> Wanxiangshu.Owner.process-execution.process-processrequest.fsproj: type-name 'PtyId' (src/Wanxiangshu/Execution/Delegation/Fork/Runtime.fs:260)
check	Run verification	2026-10-04T17:27:30.4272813Z   [low] src/Wanxiangshu/Wanxiangshu.Owner.delegation.execution-delegation-hostturnobservedsurface.fsproj -> Wanxiangshu.Owner.opencode-plugin.plugin-composition.fsproj: type-name 'Host' (src/Wanxiangshu/Execution/Delegation/Join.fsi:5, src/Wanxiangshu/Execution/Delegation/Join.fs:8, src/Wanxiangshu/Execution/Delegation/Fork/OpenCode/JoinResultRenderer.fs:9)
check	Run verification	2026-10-04T17:27:30.4277398Z   [low] src/Wanxiangshu/Wanxiangshu.Owner.delegation.execution-delegation-ledger.fsproj -> Wanxiangshu.Owner.behavior-diagnosis.enforcer-continuation.fsproj: type-name 'Context' (src/Wanxiangshu/Execution/Delegation/HandoffLedger.fs:6)
check	Run verification	2026-10-04T17:27:30.4282381Z   [high] src/Wanxiangshu/Wanxiangshu.Owner.delegation.execution-delegation-syncdelegate-model.fsproj -> Wanxiangshu.Owner.speculative-investigation.strength-event-vocabulary-contract.fsproj: module-prefix 'Delegation' (src/Wanxiangshu/Execution/Delegation/SyncDelegate/Model.fsi:1, src/Wanxiangshu/Execution/Delegation/SyncDelegate/Model.fs:1, src/Wanxiangshu/Execution/Delegation/HandoffIdentity.fsi:3)
check	Run verification	2026-10-04T17:27:30.4288823Z   [low] src/Wanxiangshu/Wanxiangshu.Owner.delegation.execution-delegation-syncdelegate-model.fsproj -> Wanxiangshu.Owner.process-execution.process-processrequest.fsproj: type-name 'PtyId' (src/Wanxiangshu/Execution/Session/AgentCompletion.fsi:31, src/Wanxiangshu/Execution/Session/AgentCompletion.fsi:36, src/Wanxiangshu/Execution/Session/AgentCompletion.fsi:43)
check	Run verification	2026-10-04T17:27:30.4294218Z   [high] src/Wanxiangshu/Wanxiangshu.Owner.delegation.join-attempt-registry.fsproj -> Wanxiangshu.Owner.speculative-investigation.strength-event-vocabulary-contract.fsproj: module-prefix 'Delegation' (src/Wanxiangshu/Execution/Delegation/Handle/JoinInterruptRegistry.fsi:1, src/Wanxiangshu/Execution/Delegation/Handle/JoinInterruptRegistry.fs:1)
check	Run verification	2026-10-04T17:27:30.4299484Z   [low] src/Wanxiangshu/Wanxiangshu.Owner.delegation.join-attempt-registry.fsproj -> Wanxiangshu.Owner.dispatch-protocol.foundation-llm-facing.fsproj: type-name 'Value' (src/Wanxiangshu/Execution/Delegation/Handle/JoinInterruptRegistry.fs:83, src/Wanxiangshu/Execution/Delegation/Handle/JoinInterruptRegistry.fs:85)
check	Run verification	2026-10-04T17:27:30.4305226Z   [low] src/Wanxiangshu/Wanxiangshu.Owner.delegation.runtime.fsproj -> Wanxiangshu.Owner.behavior-diagnosis.enforcer-continuation.fsproj: type-name 'Context' (src/Wanxiangshu/Execution/Delegation/HandoffSurface.fs:3, src/Wanxiangshu/Execution/Delegation/Fork/OpenCode/ToolSurface.fs:8, src/Wanxiangshu/Execution/Delegation/SyncDelegate/Surface.fs:10)
check	Run verification	2026-10-04T17:27:30.4310750Z   [low] src/Wanxiangshu/Wanxiangshu.Owner.delegation.runtime.fsproj -> Wanxiangshu.Owner.opencode-plugin.plugin-composition.fsproj: type-name 'Host' (src/Wanxiangshu/Execution/Delegation/Fork/Host/Restart.fsi:1, src/Wanxiangshu/Execution/Delegation/Fork/Host/Restart.fs:1, src/Wanxiangshu/Execution/Delegation/Fork/Host/JoinSurface.fsi:1)
check	Run verification	2026-10-04T17:27:30.4316260Z   [high] src/Wanxiangshu/Wanxiangshu.Owner.delegation.runtime.fsproj -> Wanxiangshu.Owner.process-execution.opencode-tools-ptytool.fsproj: module-prefix 'Run' (src/Wanxiangshu/Execution/Delegation/Fork/Host/HostForkRunLifecycleSurface.fs:70, src/Wanxiangshu/Execution/Delegation/Fork/Host/HostForkRunLifecycleSurface.fs:73, src/Wanxiangshu/Execution/Delegation/Fork/Host/HostForkRunLifecycleSurface.fs:75)
check	Run verification	2026-10-04T17:27:30.4323020Z   [low] src/Wanxiangshu/Wanxiangshu.Owner.dispatch-protocol.chat-admission-transaction.fsproj -> Wanxiangshu.Owner.behavior-diagnosis.enforcer-continuation.fsproj: type-name 'Context' (src/Wanxiangshu/OpenCode/Host/ChatAdmission/ProviderLifecycle.fs:7, src/Wanxiangshu/OpenCode/Host/ChatAdmission/ProviderLifecycle.fs:8, src/Wanxiangshu/OpenCode/Host/ChatAdmission/TransactionSurface.fs:8)
check	Run verification	2026-10-04T17:27:30.4328226Z   [low] src/Wanxiangshu/Wanxiangshu.Owner.dispatch-protocol.composition-turn-observation-port.fsproj -> Wanxiangshu.Owner.context-compression.context-companion-companionfactfold.fsproj: static-member 'Companion' (src/Wanxiangshu/Composition/Turn/TurnObservationPort.fsi:3, src/Wanxiangshu/Composition/Turn/TurnObservationPort.fs:3)
check	Run verification	2026-10-04T17:27:30.4333191Z   [low] src/Wanxiangshu/Wanxiangshu.Owner.dispatch-protocol.composition-turn-observation-port.fsproj -> Wanxiangshu.Owner.context-compression.context-companion-companionfactfold.fsproj: type-name 'Companion' (src/Wanxiangshu/Composition/Turn/TurnObservationPort.fsi:3, src/Wanxiangshu/Composition/Turn/TurnObservationPort.fs:3)
check	Run verification	2026-10-04T17:27:30.4338084Z   [low] src/Wanxiangshu/Wanxiangshu.Owner.dispatch-protocol.composition-turn-observation-port.fsproj -> Wanxiangshu.Owner.behavior-diagnosis.enforcer-continuation.fsproj: type-name 'Context' (src/Wanxiangshu/Composition/Turn/TurnObservationPort.fsi:3, src/Wanxiangshu/Composition/Turn/TurnObservationPort.fs:3)
check	Run verification	2026-10-04T17:27:30.4343181Z   [low] src/Wanxiangshu/Wanxiangshu.Owner.dispatch-protocol.composition-turn-reconcilesurface.fsproj -> Wanxiangshu.Owner.host-boundary.host-root-workspace-contract.fsproj: type-name 'IRootWorkspaceReader' (src/Wanxiangshu/Interaction/Dispatch/DispatchSurface.fsi:14, src/Wanxiangshu/Interaction/Dispatch/DispatchSurface.fs:93, src/Wanxiangshu/Interaction/Dispatch/DispatchSurface.fs:94)
check	Run verification	2026-10-04T17:27:30.4349367Z   [low] src/Wanxiangshu/Wanxiangshu.Owner.dispatch-protocol.composition-turn-recovery-workflow.fsproj -> Wanxiangshu.Owner.behavior-diagnosis.enforcer-continuation.fsproj: type-name 'Context' (src/Wanxiangshu/Participant/Provider/Attempt/Fallback/Workflow.fsi:5, src/Wanxiangshu/Participant/Provider/Attempt/Fallback/Workflow.fs:6, src/Wanxiangshu/Participant/Provider/Attempt/Fallback/Workflow.fs:7)
check	Run verification	2026-10-04T17:27:30.4355540Z   [low] src/Wanxiangshu/Wanxiangshu.Owner.dispatch-protocol.composition-turn-recovery-workflow.fsproj -> Wanxiangshu.Owner.provider-attempt-recovery.participant-provider-attempt-failure.fsproj: type-name 'ProviderFailureEvidence' (src/Wanxiangshu/Participant/Provider/Attempt/Fallback/Workflow.fs:678, src/Wanxiangshu/Participant/Provider/Attempt/Fallback/Workflow.fs:692, src/Wanxiangshu/Participant/Provider/Attempt/Fallback/Workflow.fs:821)
check	Run verification	2026-10-04T17:27:30.4361531Z   [low] src/Wanxiangshu/Wanxiangshu.Owner.dispatch-protocol.composition-turn-scheduler.fsproj -> Wanxiangshu.Owner.opencode-plugin.plugin-composition.fsproj: type-name 'Host' (src/Wanxiangshu/Composition/Turn/Scheduler.fsi:8, src/Wanxiangshu/Composition/Turn/Scheduler.fsi:9, src/Wanxiangshu/Composition/Turn/Scheduler.fs:11)
check	Run verification	2026-10-04T17:27:30.4366156Z   [low] src/Wanxiangshu/Wanxiangshu.Owner.dispatch-protocol.dispatch-attempt-planner.fsproj -> Wanxiangshu.Owner.epistemic-reasoning.sphinx-v2-core.fsproj: type-name 'Attempt' (src/Wanxiangshu/Participant/Provider/Attempt/Planner.fsi:1, src/Wanxiangshu/Participant/Provider/Attempt/Planner.fsi:6, src/Wanxiangshu/Participant/Provider/Attempt/Planner.fs:1)
check	Run verification	2026-10-04T17:27:30.4370716Z   [low] src/Wanxiangshu/Wanxiangshu.Owner.dispatch-protocol.dispatch-attempt-planner.fsproj -> Wanxiangshu.Owner.behavior-diagnosis.enforcer-continuation.fsproj: type-name 'Context' (src/Wanxiangshu/Participant/Provider/Attempt/Planner.fsi:3, src/Wanxiangshu/Participant/Provider/Attempt/Planner.fs:4)
check	Run verification	2026-10-04T17:27:30.4375686Z   [low] src/Wanxiangshu/Wanxiangshu.Owner.dispatch-protocol.dispatch-attempt-planner.fsproj -> Wanxiangshu.Owner.prefix-stability.mission-obligation-todo-prefixepoch.fsproj: type-name 'NoCandidateReason' (src/Wanxiangshu/Participant/Provider/Attempt/Planner.fsi:11, src/Wanxiangshu/Participant/Provider/Attempt/Planner.fsi:20, src/Wanxiangshu/Participant/Provider/Attempt/Planner.fsi:33)
check	Run verification	2026-10-04T17:27:30.4380552Z   [low] src/Wanxiangshu/Wanxiangshu.Owner.dispatch-protocol.dispatch-attempt-planner.fsproj -> Wanxiangshu.Owner.prefix-stability.mission-obligation-todo-prefixepoch.fsproj: static-member 'NoCandidateReason' (src/Wanxiangshu/Participant/Provider/Attempt/Planner.fs:112)
check	Run verification	2026-10-04T17:27:30.4385284Z   [low] src/Wanxiangshu/Wanxiangshu.Owner.dispatch-protocol.dispatch-attempt-planner.fsproj -> Wanxiangshu.Owner.session-ontology.execution-session-syncdelegaterole.fsproj: type-name 'Origin' (src/Wanxiangshu/Participant/Provider/Attempt/Planner.fsi:16, src/Wanxiangshu/Participant/Provider/Attempt/Planner.fs:42, src/Wanxiangshu/Participant/Provider/Attempt/Planner.fs:88)
check	Run verification	2026-10-04T17:27:30.4389785Z   [high] src/Wanxiangshu/Wanxiangshu.Owner.dispatch-protocol.dispatch-attempt-planner.fsproj -> Wanxiangshu.Owner.epistemic-reasoning.sphinx-v2-core.fsproj: module-prefix 'Profile' (src/Wanxiangshu/Participant/Provider/Attempt/Planner.fs:151)
check	Run verification	2026-10-04T17:27:30.4393756Z   [low] src/Wanxiangshu/Wanxiangshu.Owner.dispatch-protocol.dispatch-attempt-surface.fsproj -> Wanxiangshu.Owner.epistemic-reasoning.sphinx-v2-core.fsproj: type-name 'Attempt' (src/Wanxiangshu/Participant/Provider/Attempt/PlannerSurface.fsi:1, src/Wanxiangshu/Participant/Provider/Attempt/PlannerSurface.fs:1)
check	Run verification	2026-10-04T17:27:30.4398218Z   [low] src/Wanxiangshu/Wanxiangshu.Owner.dispatch-protocol.dispatch-attempt-surface.fsproj -> Wanxiangshu.Owner.behavior-diagnosis.enforcer-continuation.fsproj: type-name 'Context' (src/Wanxiangshu/Participant/Provider/Attempt/PlannerSurface.fs:4)
check	Run verification	2026-10-04T17:27:30.4401197Z   [low] src/Wanxiangshu/Wanxiangshu.Owner.dispatch-protocol.dispatch-attempt-surface.fsproj -> Wanxiangshu.Owner.prefix-stability.mission-obligation-todo-prefixepoch.fsproj: static-member 'NoCandidateReason' (src/Wanxiangshu/Participant/Provider/Attempt/PlannerSurface.fs:90)
check	Run verification	2026-10-04T17:27:30.4405181Z   [low] src/Wanxiangshu/Wanxiangshu.Owner.dispatch-protocol.dispatch-attempt-surface.fsproj -> Wanxiangshu.Owner.prefix-stability.mission-obligation-todo-prefixepoch.fsproj: type-name 'NoCandidateReason' (src/Wanxiangshu/Participant/Provider/Attempt/PlannerSurface.fs:90)
check	Run verification	2026-10-04T17:27:30.4409061Z   [low] src/Wanxiangshu/Wanxiangshu.Owner.dispatch-protocol.dispatch-runtime.fsproj -> Wanxiangshu.Owner.epistemic-reasoning.sphinx-v2-core.fsproj: type-name 'Attempt' (src/Wanxiangshu/Interaction/Dispatch/Send.fs:14)
check	Run verification	2026-10-04T17:27:30.4413574Z   [low] src/Wanxiangshu/Wanxiangshu.Owner.dispatch-protocol.dispatch-runtime.fsproj -> Wanxiangshu.Owner.managed-chat-execution.execution-session-chatexecution-fact.fsproj: type-name 'ChatAdmissionIntent' (src/Wanxiangshu/Interaction/Dispatch/Dispatcher.fsi:53, src/Wanxiangshu/Interaction/Dispatch/Dispatcher.fs:271, src/Wanxiangshu/Interaction/Dispatch/Dispatcher.fs:281)
check	Run verification	2026-10-04T17:27:30.4419336Z   [high] src/Wanxiangshu/Wanxiangshu.Owner.dispatch-protocol.dispatch-runtime.fsproj -> Wanxiangshu.Owner.speculative-investigation.strength-event-vocabulary-contract.fsproj: module-prefix 'Delegation' (src/Wanxiangshu/Interaction/Dispatch/JournalPort.fsi:21, src/Wanxiangshu/Interaction/Dispatch/JournalPort.fs:20)
check	Run verification	2026-10-04T17:27:30.4424087Z   [low] src/Wanxiangshu/Wanxiangshu.Owner.dispatch-protocol.dispatch-runtime.fsproj -> Wanxiangshu.Owner.opencode-plugin.plugin-composition.fsproj: type-name 'Host' (src/Wanxiangshu/Interaction/Dispatch/Dispatcher.fs:13, src/Wanxiangshu/Interaction/Dispatch/Send.fs:4, src/Wanxiangshu/Interaction/Dispatch/Send.fs:10)
check	Run verification	2026-10-04T17:27:30.4430104Z   [high] src/Wanxiangshu/Wanxiangshu.Owner.dispatch-protocol.dispatch-runtime.fsproj -> Wanxiangshu.Owner.provider-language.participant-provider-language.fsproj, Wanxiangshu.Owner.provider-language.participant-provider-languagesurface.fsproj, Wanxiangshu.Owner.runtime-platform.language.fsproj: open 'Wanxiangshu.Participant.Provider' (src/Wanxiangshu/Interaction/Dispatch/Dispatcher.fs:15, src/Wanxiangshu/Interaction/Dispatch/Send.fs:13)
check	Run verification	2026-10-04T17:27:30.4434043Z   [high] src/Wanxiangshu/Wanxiangshu.Owner.dispatch-protocol.dispatch-runtime.fsproj -> Wanxiangshu.Owner.provider-language.participant-provider-language.fsproj, Wanxiangshu.Owner.provider-language.participant-provider-languagesurface.fsproj, Wanxiangshu.Owner.runtime-platform.language.fsproj: qualified 'Wanxiangshu.Participant.Provider' (src/Wanxiangshu/Interaction/Dispatch/Dispatcher.fs:15, src/Wanxiangshu/Interaction/Dispatch/Send.fs:13)
check	Run verification	2026-10-04T17:27:30.4437940Z   [low] src/Wanxiangshu/Wanxiangshu.Owner.dispatch-protocol.execution-session-recovery-model.fsproj -> Wanxiangshu.Owner.context-compression.context-companion-companionfactfold.fsproj: type-name 'Companion' (src/Wanxiangshu/Execution/Session/Recovery/Model.fsi:29, src/Wanxiangshu/Execution/Session/Recovery/Model.fs:44, src/Wanxiangshu/Execution/Session/Recovery/Model.fs:62)
check	Run verification	2026-10-04T17:27:30.4440947Z   [low] src/Wanxiangshu/Wanxiangshu.Owner.dispatch-protocol.execution-session-recovery-model.fsproj -> Wanxiangshu.Owner.change-integration.git-integrationgate.fsproj: type-name 'ManagerJob' (src/Wanxiangshu/Execution/Session/Recovery/Model.fsi:31, src/Wanxiangshu/Execution/Session/Recovery/Model.fs:46, src/Wanxiangshu/Execution/Session/Recovery/Model.fs:64)
check	Run verification	2026-10-04T17:27:30.4443566Z   [low] src/Wanxiangshu/Wanxiangshu.Owner.dispatch-protocol.execution-session-recovery-model.fsproj -> Wanxiangshu.Owner.host-boundary.host-opencode-types.fsproj: type-name 'OpencodeModel' (src/Wanxiangshu/Composition/Turn/Observation.fsi:18, src/Wanxiangshu/Composition/Turn/Observation.fs:31)
check	Run verification	2026-10-04T17:27:30.4446193Z   [low] src/Wanxiangshu/Wanxiangshu.Owner.dispatch-protocol.execution-session-recovery-model.fsproj -> Wanxiangshu.Owner.participant-identity.participant-persona.fsproj: type-name 'Persona' (src/Wanxiangshu/Composition/Turn/Program.fs:8, src/Wanxiangshu/Composition/Turn/Observation.fs:5)
check	Run verification	2026-10-04T17:27:30.4449032Z   [low] src/Wanxiangshu/Wanxiangshu.Owner.dispatch-protocol.execution-session-recovery-model.fsproj -> Wanxiangshu.Owner.epistemic-reasoning.sphinx-v2-core.fsproj: type-name 'SnapshotError' (src/Wanxiangshu/Composition/Turn/Program.fsi:51, src/Wanxiangshu/Composition/Turn/Program.fs:88, src/Wanxiangshu/Composition/Turn/Program.fs:211)
check	Run verification	2026-10-04T17:27:30.4451985Z   [high] src/Wanxiangshu/Wanxiangshu.Owner.dispatch-protocol.execution-session-recovery-model.fsproj -> Wanxiangshu.Owner.office-capability.foundation-officecapability.fsproj, Wanxiangshu.Owner.participant-identity.participant-persona.fsproj: open 'Wanxiangshu.Participant.Persona' (src/Wanxiangshu/Composition/Turn/Program.fs:8, src/Wanxiangshu/Composition/Turn/Observation.fs:5)
check	Run verification	2026-10-04T17:27:30.4455417Z   [high] src/Wanxiangshu/Wanxiangshu.Owner.dispatch-protocol.execution-session-recovery-model.fsproj -> Wanxiangshu.Owner.office-capability.foundation-officecapability.fsproj, Wanxiangshu.Owner.participant-identity.participant-persona.fsproj: qualified 'Wanxiangshu.Participant.Persona' (src/Wanxiangshu/Composition/Turn/Program.fs:8, src/Wanxiangshu/Composition/Turn/Observation.fs:5)
check	Run verification	2026-10-04T17:27:30.4459294Z   [high] src/Wanxiangshu/Wanxiangshu.Owner.dispatch-protocol.execution-session-recovery-model.fsproj -> Wanxiangshu.Owner.provider-language.participant-provider-language.fsproj, Wanxiangshu.Owner.provider-language.participant-provider-languagesurface.fsproj, Wanxiangshu.Owner.runtime-platform.language.fsproj: open 'Wanxiangshu.Participant.Provider' (src/Wanxiangshu/Composition/Turn/Program.fs:9)
check	Run verification	2026-10-04T17:27:30.4464241Z   [high] src/Wanxiangshu/Wanxiangshu.Owner.dispatch-protocol.execution-session-recovery-model.fsproj -> Wanxiangshu.Owner.provider-language.participant-provider-language.fsproj, Wanxiangshu.Owner.provider-language.participant-provider-languagesurface.fsproj, Wanxiangshu.Owner.runtime-platform.language.fsproj: qualified 'Wanxiangshu.Participant.Provider' (src/Wanxiangshu/Composition/Turn/Program.fs:9)
check	Run verification	2026-10-04T17:27:30.4469765Z   [low] src/Wanxiangshu/Wanxiangshu.Owner.dispatch-protocol.foundation-identity.fsproj -> Wanxiangshu.Owner.change-integration.git-integrationgate.fsproj: type-name 'ManagerJob' (src/Wanxiangshu/Foundation/Identity.fsi:45, src/Wanxiangshu/Foundation/Identity.fs:185, src/Wanxiangshu/Foundation/Identity.fs:348)
check	Run verification	2026-10-04T17:27:30.4474104Z   [low] src/Wanxiangshu/Wanxiangshu.Owner.dispatch-protocol.foundation-outcome.fsproj -> Wanxiangshu.Owner.durable-events.composition-durable-fact.fsproj: type-name 'Fact' (src/Wanxiangshu/Foundation/Outcome.fsi:63, src/Wanxiangshu/Foundation/Outcome.fs:108, src/Wanxiangshu/Foundation/Outcome.fs:113)
check	Run verification	2026-10-04T17:27:30.4479274Z   [low] src/Wanxiangshu/Wanxiangshu.Owner.dispatch-protocol.interaction-attempt-contract.fsproj -> Wanxiangshu.Owner.epistemic-reasoning.sphinx-v2-core.fsproj: type-name 'Attempt' (src/Wanxiangshu/Interaction/Attempt/AttemptExecutionProfile.fsi:1, src/Wanxiangshu/Interaction/Attempt/AttemptExecutionProfile.fsi:8, src/Wanxiangshu/Interaction/Attempt/AttemptExecutionProfile.fs:1)
check	Run verification	2026-10-04T17:27:30.4484457Z   [low] src/Wanxiangshu/Wanxiangshu.Owner.dispatch-protocol.interaction-attempt-contract.fsproj -> Wanxiangshu.Owner.behavior-diagnosis.enforcer-continuation.fsproj: type-name 'Context' (src/Wanxiangshu/Interaction/Attempt/AttemptExecutionProfile.fsi:3, src/Wanxiangshu/Interaction/Attempt/AttemptExecutionProfile.fs:3)
check	Run verification	2026-10-04T17:27:30.4490473Z   [low] src/Wanxiangshu/Wanxiangshu.Owner.dispatch-protocol.interaction-attempt-contract.fsproj -> Wanxiangshu.Owner.session-ontology.execution-session-syncdelegaterole.fsproj: type-name 'Origin' (src/Wanxiangshu/Interaction/Attempt/AttemptExecutionProfile.fsi:14, src/Wanxiangshu/Interaction/Attempt/AttemptExecutionProfile.fs:26, src/Wanxiangshu/Interaction/Attempt/AttemptExecutionProfile.fs:89)
check	Run verification	2026-10-04T17:27:30.4495874Z   [low] src/Wanxiangshu/Wanxiangshu.Owner.dispatch-protocol.interaction-repair-completedturn.fsproj -> Wanxiangshu.Owner.epistemic-reasoning.sphinx-v2-core.fsproj: type-name 'Attempt' (src/Wanxiangshu/Interaction/Authority/Child.fs:3, src/Wanxiangshu/Interaction/Authority/Child.fs:16, src/Wanxiangshu/Interaction/Repair/CompletedTurn.fs:16)
check	Run verification	2026-10-04T17:27:30.4501307Z   [low] src/Wanxiangshu/Wanxiangshu.Owner.dispatch-protocol.interaction-repair-completedturn.fsproj -> Wanxiangshu.Owner.context-compression.context-companion-companionfactfold.fsproj: static-member 'Companion' (src/Wanxiangshu/Interaction/Authority/Child.fs:7, src/Wanxiangshu/Interaction/Repair/CompletedTurn.fs:6, src/Wanxiangshu/Interaction/Repair/CompletedTurn.fs:21)
check	Run verification	2026-10-04T17:27:30.4507019Z   [low] src/Wanxiangshu/Wanxiangshu.Owner.dispatch-protocol.interaction-repair-completedturn.fsproj -> Wanxiangshu.Owner.context-compression.context-companion-companionfactfold.fsproj: type-name 'Companion' (src/Wanxiangshu/Interaction/Authority/Child.fs:6, src/Wanxiangshu/Interaction/Authority/Child.fs:7, src/Wanxiangshu/Interaction/Repair/CompletedTurn.fs:5)
check	Run verification	2026-10-04T17:27:30.4512529Z   [low] src/Wanxiangshu/Wanxiangshu.Owner.dispatch-protocol.interaction-repair-completedturn.fsproj -> Wanxiangshu.Owner.behavior-diagnosis.enforcer-continuation.fsproj: type-name 'Context' (src/Wanxiangshu/Interaction/Authority/Child.fs:6, src/Wanxiangshu/Interaction/Authority/Child.fs:7, src/Wanxiangshu/Interaction/Authority/Child.fs:8)
check	Run verification	2026-10-04T17:27:30.4518086Z   [high] src/Wanxiangshu/Wanxiangshu.Owner.dispatch-protocol.interaction-repair-completedturn.fsproj -> Wanxiangshu.Owner.speculative-investigation.strength-event-vocabulary-contract.fsproj: module-prefix 'Delegation' (src/Wanxiangshu/Interaction/Authority/Child.fs:9, src/Wanxiangshu/Interaction/Repair/CompletedTurn.fs:8, src/Wanxiangshu/Interaction/Repair/CompletedTurn.fs:22)
check	Run verification	2026-10-04T17:27:30.4523403Z   [low] src/Wanxiangshu/Wanxiangshu.Owner.dispatch-protocol.interaction-repair-completedturn.fsproj -> Wanxiangshu.Owner.opencode-plugin.plugin-composition.fsproj: type-name 'Host' (src/Wanxiangshu/Interaction/Authority/Child.fs:12, src/Wanxiangshu/Interaction/Authority/Child.fs:18, src/Wanxiangshu/Interaction/Repair/CompletedTurn.fs:11)
check	Run verification	2026-10-04T17:27:30.4527868Z   [low] src/Wanxiangshu/Wanxiangshu.Owner.dispatch-protocol.interaction-repair-completedturn.fsproj -> Wanxiangshu.Owner.change-integration.git-integrationgate.fsproj: type-name 'Orchestrator' (src/Wanxiangshu/Interaction/Repair/CompletedTurn.fs:57)
check	Run verification	2026-10-04T17:27:30.4533768Z   [high] src/Wanxiangshu/Wanxiangshu.Owner.dispatch-protocol.interaction-repair-completedturn.fsproj -> Wanxiangshu.Owner.provider-language.participant-provider-language.fsproj, Wanxiangshu.Owner.provider-language.participant-provider-languagesurface.fsproj, Wanxiangshu.Owner.runtime-platform.language.fsproj: open 'Wanxiangshu.Participant.Provider' (src/Wanxiangshu/Interaction/Authority/Child.fs:15, src/Wanxiangshu/Interaction/Repair/CompletedTurn.fs:15, src/Wanxiangshu/Interaction/Repair/CompletedTurn.fs:26)
check	Run verification	2026-10-04T17:27:30.4541827Z   [high] src/Wanxiangshu/Wanxiangshu.Owner.dispatch-protocol.interaction-repair-completedturn.fsproj -> Wanxiangshu.Owner.provider-language.participant-provider-language.fsproj, Wanxiangshu.Owner.provider-language.participant-provider-languagesurface.fsproj, Wanxiangshu.Owner.runtime-platform.language.fsproj: qualified 'Wanxiangshu.Participant.Provider' (src/Wanxiangshu/Interaction/Authority/Child.fs:15, src/Wanxiangshu/Interaction/Repair/CompletedTurn.fs:15, src/Wanxiangshu/Interaction/Repair/CompletedTurn.fs:26)
check	Run verification	2026-10-04T17:27:30.4548130Z   [low] src/Wanxiangshu/Wanxiangshu.Owner.dispatch.session-recovery-coordinator.fsproj -> Wanxiangshu.Owner.context-compression.context-companion-companionfactfold.fsproj: type-name 'Companion' (src/Wanxiangshu/Execution/Session/Recovery/Surface.fs:22)
check	Run verification	2026-10-04T17:27:30.4551859Z   [low] src/Wanxiangshu/Wanxiangshu.Owner.dispatch.session-recovery-coordinator.fsproj -> Wanxiangshu.Owner.change-integration.git-integrationgate.fsproj: type-name 'ManagerJob' (src/Wanxiangshu/Execution/Session/Recovery/Surface.fs:32)
check	Run verification	2026-10-04T17:27:30.4554961Z   [low] src/Wanxiangshu/Wanxiangshu.Owner.distribution.assemblyinfo.fsproj -> Wanxiangshu.Owner.dispatch-protocol.dispatch-runtime.fsproj: type-name 'Runtime' (src/Wanxiangshu/AssemblyInfo.fs:3)
check	Run verification	2026-10-04T17:27:30.4559499Z   [low] src/Wanxiangshu/Wanxiangshu.Owner.durable-composition.composition-durable-contextfact.fsproj -> Wanxiangshu.Owner.context-compression.context-companion-companionfactfold.fsproj: type-name 'Companion' (src/Wanxiangshu/Composition/Durable/CompanionFact.fsi:4, src/Wanxiangshu/Composition/Durable/CompanionFact.fs:4, src/Wanxiangshu/Composition/Durable/CompanionFact.fs:10)
check	Run verification	2026-10-04T17:27:30.4565001Z   [low] src/Wanxiangshu/Wanxiangshu.Owner.durable-composition.composition-durable-contextfact.fsproj -> Wanxiangshu.Owner.behavior-diagnosis.enforcer-continuation.fsproj: type-name 'Context' (src/Wanxiangshu/Composition/Durable/CompanionFact.fsi:4, src/Wanxiangshu/Composition/Durable/CompanionFact.fs:4, src/Wanxiangshu/Composition/Durable/CompanionFact.fs:28)
check	Run verification	2026-10-04T17:27:30.4570473Z   [low] src/Wanxiangshu/Wanxiangshu.Owner.durable-composition.composition-durable-providerfailure-fact.fsproj -> Wanxiangshu.Owner.epistemic-reasoning.sphinx-v2-core.fsproj: type-name 'Attempt' (src/Wanxiangshu/Composition/Durable/ProviderFailureFact.fsi:5, src/Wanxiangshu/Composition/Durable/ProviderFailureFact.fs:4)
check	Run verification	2026-10-04T17:27:30.4574690Z   [low] src/Wanxiangshu/Wanxiangshu.Owner.durable-composition.durable-adapter-delegation.fsproj -> Wanxiangshu.Owner.opencode-plugin.plugin-composition.fsproj: type-name 'Host' (src/Wanxiangshu/Composition/Durable/DelegationJournalAdapter.fs:6)
check	Run verification	2026-10-04T17:27:30.4579558Z   [low] src/Wanxiangshu/Wanxiangshu.Owner.durable-composition.durable-adapter-requirement-grounding.fsproj -> Wanxiangshu.Owner.opencode-plugin.plugin-composition.fsproj: static-member 'Host' (src/Wanxiangshu/Composition/Durable/RequirementGroundingJournalAdapter.fsi:3, src/Wanxiangshu/Composition/Durable/RequirementGroundingJournalAdapter.fs:7)
check	Run verification	2026-10-04T17:27:30.4585417Z   [low] src/Wanxiangshu/Wanxiangshu.Owner.durable-composition.durable-adapter-requirement-grounding.fsproj -> Wanxiangshu.Owner.opencode-plugin.plugin-composition.fsproj: type-name 'Host' (src/Wanxiangshu/Composition/Durable/RequirementGroundingJournalAdapter.fsi:3, src/Wanxiangshu/Composition/Durable/RequirementGroundingJournalAdapter.fs:6, src/Wanxiangshu/Composition/Durable/RequirementGroundingJournalAdapter.fs:7)
check	Run verification	2026-10-04T17:27:30.4590684Z   [low] src/Wanxiangshu/Wanxiangshu.Owner.durable-composition.durable-adapter-session-started-at.fsproj -> Wanxiangshu.Owner.opencode-plugin.plugin-composition.fsproj: type-name 'Host' (src/Wanxiangshu/Composition/Durable/SessionStartedAtJournalAdapter.fs:9)
check	Run verification	2026-10-04T17:27:30.4594557Z   [low] src/Wanxiangshu/Wanxiangshu.Owner.durable-composition.durable-trace-capture.fsproj -> Wanxiangshu.Owner.epistemic-reasoning.sphinx-v2-core.fsproj: type-name 'Attempt' (src/Wanxiangshu/Context/Trace/Capture.fs:21, src/Wanxiangshu/Context/Trace/Capture.fs:47)
check	Run verification	2026-10-04T17:27:30.4598915Z   [low] src/Wanxiangshu/Wanxiangshu.Owner.durable-composition.durable-trace-capture.fsproj -> Wanxiangshu.Owner.context-compression.context-companion-companionfactfold.fsproj: static-member 'Companion' (src/Wanxiangshu/Context/Trace/Capture.fs:9, src/Wanxiangshu/Context/Trace/Capture.fs:37)
check	Run verification	2026-10-04T17:27:30.4603588Z   [low] src/Wanxiangshu/Wanxiangshu.Owner.durable-composition.durable-trace-capture.fsproj -> Wanxiangshu.Owner.context-compression.context-companion-companionfactfold.fsproj: type-name 'Companion' (src/Wanxiangshu/Context/Trace/Capture.fs:8, src/Wanxiangshu/Context/Trace/Capture.fs:9, src/Wanxiangshu/Context/Trace/Capture.fs:36)
check	Run verification	2026-10-04T17:27:30.4608813Z   [low] src/Wanxiangshu/Wanxiangshu.Owner.durable-composition.durable-trace-capture.fsproj -> Wanxiangshu.Owner.behavior-diagnosis.enforcer-continuation.fsproj: type-name 'Context' (src/Wanxiangshu/Context/Trace/Capture.fsi:1, src/Wanxiangshu/Context/Trace/Capture.fs:1, src/Wanxiangshu/Context/Trace/Capture.fs:8)
check	Run verification	2026-10-04T17:27:30.4613380Z   [high] src/Wanxiangshu/Wanxiangshu.Owner.durable-composition.durable-trace-capture.fsproj -> Wanxiangshu.Owner.speculative-investigation.strength-event-vocabulary-contract.fsproj: module-prefix 'Delegation' (src/Wanxiangshu/Context/Trace/Capture.fs:12, src/Wanxiangshu/Context/Trace/Capture.fs:40)
check	Run verification	2026-10-04T17:27:30.4618054Z   [low] src/Wanxiangshu/Wanxiangshu.Owner.durable-composition.durable-trace-capture.fsproj -> Wanxiangshu.Owner.opencode-plugin.plugin-composition.fsproj: type-name 'Host' (src/Wanxiangshu/Context/Trace/Capture.fs:16, src/Wanxiangshu/Context/Trace/Capture.fs:25, src/Wanxiangshu/Context/Trace/TerminalReporter.fs:7)
check	Run verification	2026-10-04T17:27:30.4623711Z   [high] src/Wanxiangshu/Wanxiangshu.Owner.durable-composition.durable-trace-capture.fsproj -> Wanxiangshu.Owner.provider-language.participant-provider-language.fsproj, Wanxiangshu.Owner.provider-language.participant-provider-languagesurface.fsproj, Wanxiangshu.Owner.runtime-platform.language.fsproj: open 'Wanxiangshu.Participant.Provider' (src/Wanxiangshu/Context/Trace/Capture.fs:20, src/Wanxiangshu/Context/Trace/Capture.fs:46)
check	Run verification	2026-10-04T17:27:30.4630985Z   [high] src/Wanxiangshu/Wanxiangshu.Owner.durable-composition.durable-trace-capture.fsproj -> Wanxiangshu.Owner.provider-language.participant-provider-language.fsproj, Wanxiangshu.Owner.provider-language.participant-provider-languagesurface.fsproj, Wanxiangshu.Owner.runtime-platform.language.fsproj: qualified 'Wanxiangshu.Participant.Provider' (src/Wanxiangshu/Context/Trace/Capture.fs:20, src/Wanxiangshu/Context/Trace/Capture.fs:46)
check	Run verification	2026-10-04T17:27:30.4636329Z   [low] src/Wanxiangshu/Wanxiangshu.Owner.durable-convergence.eventstore-integrator-contract.fsproj -> Wanxiangshu.Owner.durable-events.persistence-journal-promptfactcodec.fsproj: type-name 'StreamId' (src/Wanxiangshu/Persistence/EventStore/IntegrationKernel.fs:47)
check	Run verification	2026-10-04T17:27:30.4641344Z   [high] src/Wanxiangshu/Wanxiangshu.Owner.durable-convergence.eventstore-integrator-engine.fsproj -> Wanxiangshu.Owner.epistemic-reasoning.sphinx-v2-core.fsproj: module-prefix 'Decode' (src/Wanxiangshu/Persistence/EventStore/IntegratorEngine.fs:91, src/Wanxiangshu/Persistence/EventStore/IntegratorEngine.fs:93, src/Wanxiangshu/Persistence/EventStore/IntegratorEngine.fs:94)
check	Run verification	2026-10-04T17:27:30.4647003Z   [high] src/Wanxiangshu/Wanxiangshu.Owner.durable-convergence.eventstore-integrator-engine.fsproj -> Wanxiangshu.Owner.epistemic-reasoning.sphinx-v2-core.fsproj: module-prefix 'Encode' (src/Wanxiangshu/Persistence/EventStore/IntegratorEngine.fs:81, src/Wanxiangshu/Persistence/EventStore/IntegratorEngine.fs:82, src/Wanxiangshu/Persistence/EventStore/IntegratorEngine.fs:83)
check	Run verification	2026-10-04T17:27:30.4652600Z   [low] src/Wanxiangshu/Wanxiangshu.Owner.durable-convergence.eventstore-integrator-engine.fsproj -> Wanxiangshu.Owner.dispatch-protocol.foundation-llm-facing.fsproj: type-name 'Field' (src/Wanxiangshu/Persistence/EventStore/IntegratorEngine.fs:94, src/Wanxiangshu/Persistence/EventStore/IntegratorEngine.fs:95, src/Wanxiangshu/Persistence/EventStore/IntegratorEngine.fs:96)
check	Run verification	2026-10-04T17:27:30.4657493Z   [low] src/Wanxiangshu/Wanxiangshu.Owner.durable-convergence.eventstore-integrator-engine.fsproj -> Wanxiangshu.Owner.durable-events.persistence-journal-promptfactcodec.fsproj: type-name 'StreamId' (src/Wanxiangshu/Persistence/EventStore/IntegratorEngine.fs:399)
check	Run verification	2026-10-04T17:27:30.4661811Z   [high] src/Wanxiangshu/Wanxiangshu.Owner.durable-convergence.eventstore-merge-runtime.fsproj -> Wanxiangshu.Owner.host-boundary.host-signal-adapter.fsproj: module-prefix 'Events' (src/Wanxiangshu/Persistence/EventStore/EventKWayMerge.fs:57, src/Wanxiangshu/Persistence/EventStore/EventKWayMerge.fs:63)
check	Run verification	2026-10-04T17:27:30.4667438Z   [low] src/Wanxiangshu/Wanxiangshu.Owner.durable-convergence.eventstore-sync-runtime.fsproj -> Wanxiangshu.Owner.knowledge-reuse.repository-knowledge-casebook-model.fsproj: static-member 'Entry' (src/Wanxiangshu/Persistence/EventStore/WriterStreamSync.fs:302, src/Wanxiangshu/Persistence/EventStore/WriterStreamSync.fs:303, src/Wanxiangshu/Persistence/EventStore/WriterStreamSync.fs:356)
check	Run verification	2026-10-04T17:27:30.4673188Z   [low] src/Wanxiangshu/Wanxiangshu.Owner.durable-convergence.eventstore-sync-runtime.fsproj -> Wanxiangshu.Owner.knowledge-reuse.repository-knowledge-casebook-model.fsproj: type-name 'Entry' (src/Wanxiangshu/Persistence/EventStore/WriterStreamSync.fs:40, src/Wanxiangshu/Persistence/EventStore/WriterStreamSync.fs:258, src/Wanxiangshu/Persistence/EventStore/WriterStreamSync.fs:268)
check	Run verification	2026-10-04T17:27:30.4678290Z   [high] src/Wanxiangshu/Wanxiangshu.Owner.durable-convergence.eventstore-sync-runtime.fsproj -> Wanxiangshu.Owner.durable-convergence.persistence-eventstore-processeventlog.fsproj: module-prefix 'EventStore' (src/Wanxiangshu/Persistence/EventStore/WriterStreamSync.fs:720)
check	Run verification	2026-10-04T17:27:30.4682134Z   [low] src/Wanxiangshu/Wanxiangshu.Owner.durable-convergence.git-hook-sync.fsproj -> Wanxiangshu.Owner.opencode-plugin.plugin-composition.fsproj: type-name 'Host' (src/Wanxiangshu/Git/Hook/Dispatcher.fs:7)
check	Run verification	2026-10-04T17:27:30.4685681Z   [low] src/Wanxiangshu/Wanxiangshu.Owner.durable-events.composition-durable-fact.fsproj -> Wanxiangshu.Owner.epistemic-reasoning.sphinx-v2-core.fsproj: type-name 'Attempt' (src/Wanxiangshu/Composition/Durable/Fact.fsi:16, src/Wanxiangshu/Composition/Durable/Fact.fs:17)
check	Run verification	2026-10-04T17:27:30.4690316Z   [low] src/Wanxiangshu/Wanxiangshu.Owner.durable-events.composition-durable-fact.fsproj -> Wanxiangshu.Owner.context-compression.context-companion-companionfactfold.fsproj: type-name 'Companion' (src/Wanxiangshu/Composition/Durable/Fact.fsi:5, src/Wanxiangshu/Composition/Durable/Fact.fsi:47, src/Wanxiangshu/Composition/Durable/Fact.fs:5)
check	Run verification	2026-10-04T17:27:30.4695212Z   [low] src/Wanxiangshu/Wanxiangshu.Owner.durable-events.composition-durable-fact.fsproj -> Wanxiangshu.Owner.behavior-diagnosis.enforcer-continuation.fsproj: type-name 'Context' (src/Wanxiangshu/Composition/Durable/Fact.fsi:5, src/Wanxiangshu/Composition/Durable/Fact.fsi:48, src/Wanxiangshu/Composition/Durable/Fact.fs:5)
check	Run verification	2026-10-04T17:27:30.4700010Z   [low] src/Wanxiangshu/Wanxiangshu.Owner.durable-events.composition-durable-fact.fsproj -> Wanxiangshu.Owner.opencode-plugin.plugin-composition.fsproj: type-name 'Host' (src/Wanxiangshu/Composition/Durable/Fact.fsi:11, src/Wanxiangshu/Composition/Durable/Fact.fsi:49, src/Wanxiangshu/Composition/Durable/Fact.fs:16)
check	Run verification	2026-10-04T17:27:30.4704323Z   [low] src/Wanxiangshu/Wanxiangshu.Owner.durable-events.composition-durable-fact.fsproj -> Wanxiangshu.Owner.change-integration.git-integrationgate.fsproj: type-name 'Orchestrator' (src/Wanxiangshu/Composition/Durable/Fact.fsi:46, src/Wanxiangshu/Composition/Durable/Fact.fs:55)
check	Run verification	2026-10-04T17:27:30.4708528Z   [low] src/Wanxiangshu/Wanxiangshu.Owner.durable-events.composition-durable-fact.fsproj -> Wanxiangshu.Owner.dispatch-protocol.dispatch-runtime.fsproj: type-name 'Runtime' (src/Wanxiangshu/Composition/Durable/Fact.fsi:59, src/Wanxiangshu/Composition/Durable/Fact.fs:68)
check	Run verification	2026-10-04T17:27:30.4713060Z   [low] src/Wanxiangshu/Wanxiangshu.Owner.durable-events.composition-durable-fold.fsproj -> Wanxiangshu.Owner.epistemic-reasoning.sphinx-v2-core.fsproj: type-name 'Attempt' (src/Wanxiangshu/Composition/Durable/DomainFamilyBridge.fsi:5, src/Wanxiangshu/Composition/Durable/DomainFamilyBridge.fs:9, src/Wanxiangshu/Composition/Durable/Fold.fs:13)
check	Run verification	2026-10-04T17:27:30.4718498Z   [low] src/Wanxiangshu/Wanxiangshu.Owner.durable-events.composition-durable-fold.fsproj -> Wanxiangshu.Owner.behavior-diagnosis.enforcer-continuation.fsproj: type-name 'Context' (src/Wanxiangshu/Context/Companion/Blogger/ContextFactFold.fsi:1, src/Wanxiangshu/Context/Companion/Blogger/ContextFactFold.fsi:3, src/Wanxiangshu/Context/Companion/Blogger/ContextFactFold.fsi:4)
check	Run verification	2026-10-04T17:27:30.4723876Z   [low] src/Wanxiangshu/Wanxiangshu.Owner.durable-events.composition-durable-fold.fsproj -> Wanxiangshu.Owner.knowledge-reuse.repository-knowledge-casebook-model.fsproj: type-name 'Entry' (src/Wanxiangshu/Context/Companion/Blogger/ContextFactFold.fs:214, src/Wanxiangshu/Context/Companion/Blogger/ContextFactFold.fs:228)
check	Run verification	2026-10-04T17:27:30.4728858Z   [low] src/Wanxiangshu/Wanxiangshu.Owner.durable-events.composition-durable-fold.fsproj -> Wanxiangshu.Owner.opencode-plugin.plugin-composition.fsproj: type-name 'Host' (src/Wanxiangshu/Composition/Durable/HostFactFold.fsi:3, src/Wanxiangshu/Composition/Durable/HostFactFold.fs:4, src/Wanxiangshu/Composition/Durable/HostFactFold.fs:5)
check	Run verification	2026-10-04T17:27:30.4733278Z   [low] src/Wanxiangshu/Wanxiangshu.Owner.durable-events.composition-durable-fold.fsproj -> Wanxiangshu.Owner.opencode-plugin.plugin-composition.fsproj: static-member 'Host' (src/Wanxiangshu/Composition/Durable/HostFactFold.fs:5, src/Wanxiangshu/Composition/Durable/HostFactFold.fs:6)
check	Run verification	2026-10-04T17:27:30.4737873Z   [low] src/Wanxiangshu/Wanxiangshu.Owner.durable-events.composition-durable-fold.fsproj -> Wanxiangshu.Owner.change-integration.git-integrationgate.fsproj: type-name 'Orchestrator' (src/Wanxiangshu/Composition/Durable/Fold.fs:90, src/Wanxiangshu/Composition/Durable/Fold.fs:93, src/Wanxiangshu/Composition/Durable/Fold.fs:96)
check	Run verification	2026-10-04T17:27:30.4742627Z   [low] src/Wanxiangshu/Wanxiangshu.Owner.durable-events.composition-durable-fold.fsproj -> Wanxiangshu.Owner.host-provider-failure-ownership.opencode-host-providerfailurepresentation.fsproj: type-name 'Presentation' (src/Wanxiangshu/Composition/Durable/HostFactFold.fs:134)
check	Run verification	2026-10-04T17:27:30.4747111Z   [low] src/Wanxiangshu/Wanxiangshu.Owner.durable-events.composition-durable-projection.fsproj -> Wanxiangshu.Owner.epistemic-reasoning.sphinx-v2-core.fsproj: type-name 'Attempt' (src/Wanxiangshu/Composition/Durable/Projection.fsi:23, src/Wanxiangshu/Composition/Durable/Projection.fs:23)
check	Run verification	2026-10-04T17:27:30.4751996Z   [low] src/Wanxiangshu/Wanxiangshu.Owner.durable-events.composition-durable-projection.fsproj -> Wanxiangshu.Owner.context-compression.context-companion-companionfactfold.fsproj: static-member 'Companion' (src/Wanxiangshu/Composition/Durable/Projection.fsi:5, src/Wanxiangshu/Composition/Durable/Projection.fsi:6, src/Wanxiangshu/Composition/Durable/Projection.fs:5)
check	Run verification	2026-10-04T17:27:30.4757712Z   [low] src/Wanxiangshu/Wanxiangshu.Owner.durable-events.composition-durable-projection.fsproj -> Wanxiangshu.Owner.context-compression.context-companion-companionfactfold.fsproj: type-name 'Companion' (src/Wanxiangshu/Composition/Durable/Projection.fsi:4, src/Wanxiangshu/Composition/Durable/Projection.fsi:5, src/Wanxiangshu/Composition/Durable/Projection.fsi:6)
check	Run verification	2026-10-04T17:27:30.4762988Z   [low] src/Wanxiangshu/Wanxiangshu.Owner.durable-events.composition-durable-projection.fsproj -> Wanxiangshu.Owner.behavior-diagnosis.enforcer-continuation.fsproj: type-name 'Context' (src/Wanxiangshu/Composition/Durable/Projection.fsi:4, src/Wanxiangshu/Composition/Durable/Projection.fsi:5, src/Wanxiangshu/Composition/Durable/Projection.fsi:6)
check	Run verification	2026-10-04T17:27:30.4768172Z   [low] src/Wanxiangshu/Wanxiangshu.Owner.durable-events.composition-durable-projection.fsproj -> Wanxiangshu.Owner.opencode-plugin.plugin-composition.fsproj: static-member 'Host' (src/Wanxiangshu/Composition/Durable/Projection.fsi:21, src/Wanxiangshu/Composition/Durable/Projection.fsi:22, src/Wanxiangshu/Composition/Durable/Projection.fs:21)
check	Run verification	2026-10-04T17:27:30.4773106Z   [low] src/Wanxiangshu/Wanxiangshu.Owner.durable-events.composition-durable-projection.fsproj -> Wanxiangshu.Owner.opencode-plugin.plugin-composition.fsproj: type-name 'Host' (src/Wanxiangshu/Composition/Durable/Projection.fsi:21, src/Wanxiangshu/Composition/Durable/Projection.fsi:22, src/Wanxiangshu/Composition/Durable/Projection.fs:21)
check	Run verification	2026-10-04T17:27:30.4778565Z   [low] src/Wanxiangshu/Wanxiangshu.Owner.durable-events.composition-durable-projection.fsproj -> Wanxiangshu.Owner.change-integration.git-integrationgate.fsproj: type-name 'Orchestrator' (src/Wanxiangshu/Composition/Durable/Projection.fsi:46, src/Wanxiangshu/Composition/Durable/Projection.fs:80, src/Wanxiangshu/Composition/Durable/Projection.fs:135)
check	Run verification	2026-10-04T17:27:30.4783184Z   [low] src/Wanxiangshu/Wanxiangshu.Owner.durable-events.composition-durable-projection.fsproj -> Wanxiangshu.Owner.dispatch-protocol.dispatch-runtime.fsproj: type-name 'Runtime' (src/Wanxiangshu/Composition/Durable/Projection.fsi:6, src/Wanxiangshu/Composition/Durable/Projection.fs:6)
check	Run verification	2026-10-04T17:27:30.4787748Z   [low] src/Wanxiangshu/Wanxiangshu.Owner.durable-events.durable-journal-port-adapter.fsproj -> Wanxiangshu.Owner.epistemic-reasoning.sphinx-v2-core.fsproj: type-name 'Attempt' (src/Wanxiangshu/Composition/Durable/AgentJournalPortAdapter.fsi:9, src/Wanxiangshu/Composition/Durable/AgentJournalPortAdapter.fs:16)
check	Run verification	2026-10-04T17:27:30.4792589Z   [low] src/Wanxiangshu/Wanxiangshu.Owner.durable-events.durable-journal-port-adapter.fsproj -> Wanxiangshu.Owner.context-compression.context-companion-companionfactfold.fsproj: static-member 'Companion' (src/Wanxiangshu/Composition/Durable/AgentJournalPortAdapter.fs:6, src/Wanxiangshu/Composition/Durable/AgentJournalPortAdapter.fs:25)
check	Run verification	2026-10-04T17:27:30.4798607Z   [low] src/Wanxiangshu/Wanxiangshu.Owner.durable-events.durable-journal-port-adapter.fsproj -> Wanxiangshu.Owner.context-compression.context-companion-companionfactfold.fsproj: type-name 'Companion' (src/Wanxiangshu/Composition/Durable/AgentJournalPortAdapter.fs:5, src/Wanxiangshu/Composition/Durable/AgentJournalPortAdapter.fs:6, src/Wanxiangshu/Composition/Durable/AgentJournalPortAdapter.fs:25)
check	Run verification	2026-10-04T17:27:30.4804417Z   [low] src/Wanxiangshu/Wanxiangshu.Owner.durable-events.durable-journal-port-adapter.fsproj -> Wanxiangshu.Owner.behavior-diagnosis.enforcer-continuation.fsproj: type-name 'Context' (src/Wanxiangshu/Composition/Durable/AgentJournalPortAdapter.fsi:13, src/Wanxiangshu/Composition/Durable/AgentJournalPortAdapter.fs:5, src/Wanxiangshu/Composition/Durable/AgentJournalPortAdapter.fs:6)
check	Run verification	2026-10-04T17:27:30.4810475Z   [high] src/Wanxiangshu/Wanxiangshu.Owner.durable-events.durable-journal-port-adapter.fsproj -> Wanxiangshu.Owner.speculative-investigation.strength-event-vocabulary-contract.fsproj: module-prefix 'Delegation' (src/Wanxiangshu/Composition/Durable/AgentJournalPortAdapter.fsi:16, src/Wanxiangshu/Composition/Durable/AgentJournalPortAdapter.fs:24, src/Wanxiangshu/Composition/Durable/PromptJournalAdapter.fs:61)
check	Run verification	2026-10-04T17:27:30.4815876Z   [low] src/Wanxiangshu/Wanxiangshu.Owner.durable-events.durable-journal-port-adapter.fsproj -> Wanxiangshu.Owner.opencode-plugin.plugin-composition.fsproj: static-member 'Host' (src/Wanxiangshu/Composition/Durable/AgentJournalPortAdapter.fsi:10, src/Wanxiangshu/Composition/Durable/AgentJournalPortAdapter.fs:21)
check	Run verification	2026-10-04T17:27:30.4821141Z   [low] src/Wanxiangshu/Wanxiangshu.Owner.durable-events.durable-journal-port-adapter.fsproj -> Wanxiangshu.Owner.opencode-plugin.plugin-composition.fsproj: type-name 'Host' (src/Wanxiangshu/Composition/Durable/AgentJournalPortAdapter.fsi:10, src/Wanxiangshu/Composition/Durable/AgentJournalPortAdapter.fs:21, src/Wanxiangshu/Composition/Durable/AgentJournalPortAdapter.fs:23)
check	Run verification	2026-10-04T17:27:30.4826398Z   [low] src/Wanxiangshu/Wanxiangshu.Owner.durable-events.persistence-eventstore-canonicalcodec.fsproj -> Wanxiangshu.Owner.durable-events.persistence-journal-promptfactcodec.fsproj: type-name 'StreamId' (src/Wanxiangshu/Persistence/EventStore/CanonicalEventCodec.fs:16, src/Wanxiangshu/Persistence/EventStore/CanonicalEventCodec.fs:100)
check	Run verification	2026-10-04T17:27:30.4831373Z   [low] src/Wanxiangshu/Wanxiangshu.Owner.durable-events.persistence-eventstore-model.fsproj -> Wanxiangshu.Owner.durable-events.persistence-journal-promptfactcodec.fsproj: type-name 'StreamId' (src/Wanxiangshu/Persistence/EventStore/Model.fsi:21, src/Wanxiangshu/Persistence/EventStore/Model.fs:29)
check	Run verification	2026-10-04T17:27:30.4836395Z   [low] src/Wanxiangshu/Wanxiangshu.Owner.durable-events.persistence-eventstore-storetypes.fsproj -> Wanxiangshu.Owner.dispatch-protocol.interaction-dispatch-opencode-ingresscodec.fsproj: type-name 'Store' (src/Wanxiangshu/Persistence/EventStore/EventStoreHandle.fsi:9, src/Wanxiangshu/Persistence/EventStore/EventStoreHandle.fs:13)
check	Run verification	2026-10-04T17:27:30.4841219Z   [low] src/Wanxiangshu/Wanxiangshu.Owner.durable-events.persistence-eventstore-strengthsurface.fsproj -> Wanxiangshu.Owner.dispatch-protocol.interaction-dispatch-opencode-ingresscodec.fsproj: type-name 'Store' (src/Wanxiangshu/Persistence/EventStore/StrengthSurface.fs:15)
check	Run verification	2026-10-04T17:27:30.4846046Z   [low] src/Wanxiangshu/Wanxiangshu.Owner.durable-events.persistence-journal-agentjournal.fsproj -> Wanxiangshu.Owner.epistemic-reasoning.sphinx-v2-core.fsproj: type-name 'Attempt' (src/Wanxiangshu/Persistence/Journal/AgentJournal.fs:16, src/Wanxiangshu/Composition/Durable/ChatExecutionJournal.fsi:11, src/Wanxiangshu/Composition/Durable/ChatExecutionJournal.fs:15)
check	Run verification	2026-10-04T17:27:30.4850887Z   [low] src/Wanxiangshu/Wanxiangshu.Owner.durable-events.persistence-journal-agentjournal.fsproj -> Wanxiangshu.Owner.context-compression.context-companion-companionfactfold.fsproj: type-name 'Companion' (src/Wanxiangshu/Persistence/Journal/AgentJournal.fs:73)
check	Run verification	2026-10-04T17:27:30.4855941Z   [low] src/Wanxiangshu/Wanxiangshu.Owner.durable-events.persistence-journal-agentjournal.fsproj -> Wanxiangshu.Owner.behavior-diagnosis.enforcer-continuation.fsproj: type-name 'Context' (src/Wanxiangshu/Persistence/Journal/AgentJournal.fs:74, src/Wanxiangshu/Composition/Durable/ChatExecutionJournal.fsi:6, src/Wanxiangshu/Composition/Durable/ChatExecutionJournal.fs:10)
check	Run verification	2026-10-04T17:27:30.4859304Z   [low] src/Wanxiangshu/Wanxiangshu.Owner.durable-events.persistence-journal-agentjournal.fsproj -> Wanxiangshu.Owner.opencode-plugin.plugin-composition.fsproj: type-name 'Host' (src/Wanxiangshu/Persistence/Journal/AgentJournal.fs:75)
check	Run verification	2026-10-04T17:27:30.4861341Z   [low] src/Wanxiangshu/Wanxiangshu.Owner.durable-events.persistence-journal-agentjournal.fsproj -> Wanxiangshu.Owner.change-integration.git-integrationgate.fsproj: type-name 'Orchestrator' (src/Wanxiangshu/Persistence/Journal/AgentJournal.fs:72)
check	Run verification	2026-10-04T17:27:30.4863813Z   [low] src/Wanxiangshu/Wanxiangshu.Owner.durable-events.persistence-journal-agentjournal.fsproj -> Wanxiangshu.Owner.epistemic-reasoning.sphinx-v2-core.fsproj: type-name 'Revision' (src/Wanxiangshu/Persistence/Journal/AgentJournal.fsi:15, src/Wanxiangshu/Persistence/Journal/AgentJournal.fsi:44, src/Wanxiangshu/Persistence/Journal/AgentJournal.fs:23)
check	Run verification	2026-10-04T17:27:30.4867206Z   [high] src/Wanxiangshu/Wanxiangshu.Owner.durable-events.persistence-journal-agentjournal.fsproj -> Wanxiangshu.Owner.provider-language.participant-provider-language.fsproj, Wanxiangshu.Owner.provider-language.participant-provider-languagesurface.fsproj, Wanxiangshu.Owner.runtime-platform.language.fsproj: open 'Wanxiangshu.Participant.Provider' (src/Wanxiangshu/Composition/Durable/ChatExecutionJournal.fs:18)
check	Run verification	2026-10-04T17:27:30.4870772Z   [high] src/Wanxiangshu/Wanxiangshu.Owner.durable-events.persistence-journal-agentjournal.fsproj -> Wanxiangshu.Owner.provider-language.participant-provider-language.fsproj, Wanxiangshu.Owner.provider-language.participant-provider-languagesurface.fsproj, Wanxiangshu.Owner.runtime-platform.language.fsproj: qualified 'Wanxiangshu.Participant.Provider' (src/Wanxiangshu/Composition/Durable/ChatExecutionJournal.fs:18)
check	Run verification	2026-10-04T17:27:30.4874138Z   [low] src/Wanxiangshu/Wanxiangshu.Owner.durable-events.persistence-journal-eventstorewriter.fsproj -> Wanxiangshu.Owner.behavior-diagnosis.enforcer-continuation.fsproj: type-name 'Context' (src/Wanxiangshu/Persistence/Journal/EventStoreJournalWriter.fs:15, src/Wanxiangshu/Persistence/Journal/EventStoreJournalWriter.fs:154, src/Wanxiangshu/Persistence/Journal/EventStoreJournalWriter.fs:157)
check	Run verification	2026-10-04T17:27:30.4876961Z   [low] src/Wanxiangshu/Wanxiangshu.Owner.durable-events.persistence-journal-eventstorewriter.fsproj -> Wanxiangshu.Owner.opencode-plugin.plugin-composition.fsproj: type-name 'Host' (src/Wanxiangshu/Persistence/Journal/EventStoreJournalWriter.fs:11)
check	Run verification	2026-10-04T17:27:30.4879862Z   [high] src/Wanxiangshu/Wanxiangshu.Owner.durable-events.persistence-journal-eventstorewriter.fsproj -> Wanxiangshu.Owner.epistemic-reasoning.sphinx-v2-core.fsproj: module-prefix 'Work' (src/Wanxiangshu/Persistence/Journal/EventStoreJournalWriter.fs:253, src/Wanxiangshu/Persistence/Journal/EventStoreJournalWriter.fs:254, src/Wanxiangshu/Persistence/Journal/EventStoreJournalWriter.fs:255)
check	Run verification	2026-10-04T17:27:30.4882379Z   [low] src/Wanxiangshu/Wanxiangshu.Owner.durable-events.persistence-journal-promptfactcodec.fsproj -> Wanxiangshu.Owner.epistemic-reasoning.sphinx-v2-core.fsproj: type-name 'Attempt' (src/Wanxiangshu/Persistence/Journal/Envelope.fs:23)
check	Run verification	2026-10-04T17:27:30.4884652Z   [low] src/Wanxiangshu/Wanxiangshu.Owner.durable-events.persistence-journal-promptfactcodec.fsproj -> Wanxiangshu.Owner.context-compression.context-companion-companionfactfold.fsproj: type-name 'Companion' (src/Wanxiangshu/Persistence/Journal/Envelope.fs:10, src/Wanxiangshu/Persistence/Journal/Envelope.fs:316)
check	Run verification	2026-10-04T17:27:30.4887652Z   [low] src/Wanxiangshu/Wanxiangshu.Owner.durable-events.persistence-journal-promptfactcodec.fsproj -> Wanxiangshu.Owner.behavior-diagnosis.enforcer-continuation.fsproj: type-name 'Context' (src/Wanxiangshu/Persistence/Journal/Envelope.fs:10, src/Wanxiangshu/Persistence/Journal/Envelope.fs:317, src/Wanxiangshu/Composition/Durable/ProjectionUpdate.fsi:3)
check	Run verification	2026-10-04T17:27:30.4890578Z   [high] src/Wanxiangshu/Wanxiangshu.Owner.durable-events.persistence-journal-promptfactcodec.fsproj -> Wanxiangshu.Owner.epistemic-reasoning.sphinx-v2-core.fsproj: module-prefix 'Decode' (src/Wanxiangshu/Persistence/Journal/PromptFactCodec.fs:122, src/Wanxiangshu/Persistence/Journal/PromptFactCodec.fs:122, src/Wanxiangshu/Persistence/Journal/PromptFactCodec.fs:123)
check	Run verification	2026-10-04T17:27:30.4893530Z   [high] src/Wanxiangshu/Wanxiangshu.Owner.durable-events.persistence-journal-promptfactcodec.fsproj -> Wanxiangshu.Owner.epistemic-reasoning.sphinx-v2-core.fsproj: module-prefix 'Encode' (src/Wanxiangshu/Persistence/Journal/PromptFactCodec.fs:13, src/Wanxiangshu/Persistence/Journal/PromptFactCodec.fs:13, src/Wanxiangshu/Persistence/Journal/PromptFactCodec.fs:13)
check	Run verification	2026-10-04T17:27:30.4896334Z   [low] src/Wanxiangshu/Wanxiangshu.Owner.durable-events.persistence-journal-promptfactcodec.fsproj -> Wanxiangshu.Owner.opencode-plugin.plugin-composition.fsproj: type-name 'Host' (src/Wanxiangshu/Persistence/Journal/FactCodec.fs:12, src/Wanxiangshu/Persistence/Journal/FactCodec.fs:171, src/Wanxiangshu/Persistence/Journal/Envelope.fs:17)
check	Run verification	2026-10-04T17:27:30.4899207Z   [low] src/Wanxiangshu/Wanxiangshu.Owner.durable-events.persistence-journal-promptfactcodec.fsproj -> Wanxiangshu.Owner.opencode-plugin.plugin-composition.fsproj: static-member 'Host' (src/Wanxiangshu/Composition/Durable/ProjectionUpdate.fs:9, src/Wanxiangshu/Composition/Durable/ProjectionUpdate.fs:10)
check	Run verification	2026-10-04T17:27:30.4901441Z   [low] src/Wanxiangshu/Wanxiangshu.Owner.durable-events.persistence-journal-promptfactcodec.fsproj -> Wanxiangshu.Owner.change-integration.git-integrationgate.fsproj: type-name 'Orchestrator' (src/Wanxiangshu/Persistence/Journal/Envelope.fs:315)
check	Run verification	2026-10-04T17:27:30.4903670Z   [low] src/Wanxiangshu/Wanxiangshu.Owner.durable-events.persistence-journal-promptfactcodec.fsproj -> Wanxiangshu.Owner.host-provider-failure-ownership.opencode-host-providerfailurepresentation.fsproj: type-name 'Presentation' (src/Wanxiangshu/Persistence/Journal/Envelope.fs:271)
check	Run verification	2026-10-04T17:27:30.4906268Z   [low] src/Wanxiangshu/Wanxiangshu.Owner.durable-events.persistence-journal-promptfactcodec.fsproj -> Wanxiangshu.Owner.dispatch-protocol.dispatch-runtime.fsproj: type-name 'Runtime' (src/Wanxiangshu/Persistence/Journal/FactCodec.fs:153, src/Wanxiangshu/Persistence/Journal/FactCodec.fs:154, src/Wanxiangshu/Persistence/Journal/Envelope.fs:331)
check	Run verification	2026-10-04T17:27:30.4909265Z   [low] src/Wanxiangshu/Wanxiangshu.Owner.durable-events.persistence-journal-surface.fsproj -> Wanxiangshu.Owner.behavior-diagnosis.enforcer-continuation.fsproj: type-name 'Context' (src/Wanxiangshu/Persistence/Journal/Surface.fs:12, src/Wanxiangshu/Persistence/Journal/Surface.fs:22, src/Wanxiangshu/Persistence/Journal/Surface.fs:23)
check	Run verification	2026-10-04T17:27:30.4911727Z   [low] src/Wanxiangshu/Wanxiangshu.Owner.durable-events.persistence-journal-surface.fsproj -> Wanxiangshu.Owner.opencode-plugin.plugin-composition.fsproj: static-member 'Host' (src/Wanxiangshu/Persistence/Journal/Surface.fs:26, src/Wanxiangshu/Persistence/Journal/Surface.fs:27)
check	Run verification	2026-10-04T17:27:30.4914145Z   [low] src/Wanxiangshu/Wanxiangshu.Owner.durable-events.persistence-journal-surface.fsproj -> Wanxiangshu.Owner.opencode-plugin.plugin-composition.fsproj: type-name 'Host' (src/Wanxiangshu/Persistence/Journal/Surface.fs:14, src/Wanxiangshu/Persistence/Journal/Surface.fs:26, src/Wanxiangshu/Persistence/Journal/Surface.fs:27)
check	Run verification	2026-10-04T17:27:30.4916361Z   [low] src/Wanxiangshu/Wanxiangshu.Owner.durable-events.persistence-journal-surface.fsproj -> Wanxiangshu.Owner.change-integration.git-integrationgate.fsproj: type-name 'ManagerJob' (src/Wanxiangshu/Persistence/Journal/Surface.fs:191)
check	Run verification	2026-10-04T17:27:30.4918807Z   [high] src/Wanxiangshu/Wanxiangshu.Owner.durable-events.runtime.fsproj -> Wanxiangshu.Owner.epistemic-reasoning.sphinx-v2-integration.fsproj: module-prefix 'Bind' (src/Wanxiangshu/Persistence/EventStore/Surface.fs:117, src/Wanxiangshu/Persistence/EventStore/Surface.fs:117)
check	Run verification	2026-10-04T17:27:30.4920749Z   [low] src/Wanxiangshu/Wanxiangshu.Owner.durable-events.runtime.fsproj -> Wanxiangshu.Owner.behavior-diagnosis.enforcer-continuation.fsproj: type-name 'Context' (src/Wanxiangshu/Persistence/Journal/CodecSurface.fs:10)
check	Run verification	2026-10-04T17:27:30.4923018Z   [low] src/Wanxiangshu/Wanxiangshu.Owner.durable-events.runtime.fsproj -> Wanxiangshu.Owner.change-integration.git-integrationgate.fsproj: type-name 'Orchestrator' (src/Wanxiangshu/Persistence/Journal/FactCodecSurface.fs:211, src/Wanxiangshu/Persistence/Journal/FactCodecSurface.fs:220, src/Wanxiangshu/Persistence/Journal/FactCodecSurface.fs:229)
check	Run verification	2026-10-04T17:27:30.4925783Z   [low] src/Wanxiangshu/Wanxiangshu.Owner.durable-events.runtime.fsproj -> Wanxiangshu.Owner.dispatch-protocol.interaction-dispatch-opencode-ingresscodec.fsproj: static-member 'Store' (src/Wanxiangshu/Persistence/EventStore/Surface.fs:136, src/Wanxiangshu/Persistence/EventStore/Surface.fs:152, src/Wanxiangshu/Persistence/EventStore/Surface.fs:160)
check	Run verification	2026-10-04T17:27:30.4928695Z   [low] src/Wanxiangshu/Wanxiangshu.Owner.durable-events.runtime.fsproj -> Wanxiangshu.Owner.dispatch-protocol.interaction-dispatch-opencode-ingresscodec.fsproj: type-name 'Store' (src/Wanxiangshu/Persistence/EventStore/Surface.fs:136, src/Wanxiangshu/Persistence/EventStore/Surface.fs:152, src/Wanxiangshu/Persistence/EventStore/Surface.fs:160)
check	Run verification	2026-10-04T17:27:30.4930997Z   [high] src/Wanxiangshu/Wanxiangshu.Owner.durable-events.runtime.fsproj -> Wanxiangshu.Owner.epistemic-reasoning.sphinx-v2-integration.fsproj: open 'Wanxiangshu.Sphinx.V2.Composition' (src/Wanxiangshu/Persistence/EventStore/Surface.fs:9)
check	Run verification	2026-10-04T17:27:30.4932936Z   [high] src/Wanxiangshu/Wanxiangshu.Owner.durable-events.runtime.fsproj -> Wanxiangshu.Owner.epistemic-reasoning.sphinx-v2-integration.fsproj: qualified 'Wanxiangshu.Sphinx.V2.Composition' (src/Wanxiangshu/Persistence/EventStore/Surface.fs:9)
check	Run verification	2026-10-04T17:27:30.4935374Z   [low] src/Wanxiangshu/Wanxiangshu.Owner.durable-events.strength-persistence-durabilityport.fsproj -> Wanxiangshu.Owner.epistemic-reasoning.sphinx-v2-core.fsproj: type-name 'DecisionId' (src/Wanxiangshu/Strength/Persistence/DurabilityPort.fsi:23, src/Wanxiangshu/Strength/Persistence/DurabilityPort.fs:23, src/Wanxiangshu/Strength/Persistence/Store.fs:38)
check	Run verification	2026-10-04T17:27:30.4938442Z   [high] src/Wanxiangshu/Wanxiangshu.Owner.durable-events.strength-persistence-durabilityport.fsproj -> Wanxiangshu.Owner.epistemic-reasoning.sphinx-v2-core.fsproj: module-prefix 'Decode' (src/Wanxiangshu/Strength/Persistence/Store.fs:244, src/Wanxiangshu/Strength/Persistence/Store.fs:245, src/Wanxiangshu/Strength/Persistence/Store.fs:246)
check	Run verification	2026-10-04T17:27:30.4941321Z   [high] src/Wanxiangshu/Wanxiangshu.Owner.durable-events.strength-persistence-durabilityport.fsproj -> Wanxiangshu.Owner.epistemic-reasoning.sphinx-v2-core.fsproj: module-prefix 'Encode' (src/Wanxiangshu/Strength/Persistence/Store.fs:120, src/Wanxiangshu/Strength/Persistence/Store.fs:121, src/Wanxiangshu/Strength/Persistence/Store.fs:122)
check	Run verification	2026-10-04T17:27:30.4944026Z   [low] src/Wanxiangshu/Wanxiangshu.Owner.durable-events.strength-persistence-durabilityport.fsproj -> Wanxiangshu.Owner.dispatch-protocol.foundation-llm-facing.fsproj: type-name 'Field' (src/Wanxiangshu/Strength/Persistence/Store.fs:245, src/Wanxiangshu/Strength/Persistence/Store.fs:246, src/Wanxiangshu/Strength/Persistence/Store.fs:247)
check	Run verification	2026-10-04T17:27:30.4946328Z   [low] src/Wanxiangshu/Wanxiangshu.Owner.durable-events.strength-persistence-durabilityport.fsproj -> Wanxiangshu.Owner.opencode-plugin.plugin-composition.fsproj: type-name 'Host' (src/Wanxiangshu/Strength/Persistence/Durability.fs:6)
check	Run verification	2026-10-04T17:27:30.4948526Z   [low] src/Wanxiangshu/Wanxiangshu.Owner.durable-events.strength-persistence-durabilityport.fsproj -> Wanxiangshu.Owner.durable-events.persistence-journal-promptfactcodec.fsproj: type-name 'StreamId' (src/Wanxiangshu/Strength/Persistence/Store.fs:295)
check	Run verification	2026-10-04T17:27:30.4950834Z   [low] src/Wanxiangshu/Wanxiangshu.Owner.epistemic-reasoning.sphinx-v2-core.fsproj -> Wanxiangshu.Owner.behavior-diagnosis.enforcer-continuation.fsproj: type-name 'Context' (src/Wanxiangshu/Sphinx/V2/Runtime/Context.fsi:32, src/Wanxiangshu/Sphinx/V2/Runtime/Context.fs:41)
check	Run verification	2026-10-04T17:27:30.4953259Z   [low] src/Wanxiangshu/Wanxiangshu.Owner.epistemic-reasoning.sphinx-v2-core.fsproj -> Wanxiangshu.Owner.interaction-authority.opencode-host-chatadmission-intent.fsproj: type-name 'Decision' (src/Wanxiangshu/Sphinx/V2/Core/Events.fsi:82, src/Wanxiangshu/Sphinx/V2/Core/Events.fs:90, src/Wanxiangshu/Sphinx/V2/Core/Representation.fs:333)
check	Run verification	2026-10-04T17:27:30.4955752Z   [low] src/Wanxiangshu/Wanxiangshu.Owner.epistemic-reasoning.sphinx-v2-core.fsproj -> Wanxiangshu.Owner.delegation.delegation-sync-runtime.fsproj: type-name 'Dependencies' (src/Wanxiangshu/Sphinx/V2/Core/Work.fsi:27, src/Wanxiangshu/Sphinx/V2/Core/Work.fs:37, src/Wanxiangshu/Sphinx/V2/Core/Work.fs:75)
check	Run verification	2026-10-04T17:27:30.4958046Z   [low] src/Wanxiangshu/Wanxiangshu.Owner.epistemic-reasoning.sphinx-v2-core.fsproj -> Wanxiangshu.Owner.opencode-plugin.plugin-composition.fsproj: type-name 'Host' (src/Wanxiangshu/Sphinx/V2/Core/Projection.fs:165)
check	Run verification	2026-10-04T17:27:30.4959972Z   [high] src/Wanxiangshu/Wanxiangshu.Owner.epistemic-reasoning.sphinx-v2-core.fsproj -> Wanxiangshu.Owner.runtime-platform.digest.fsproj: module-prefix 'HostDigest' (src/Wanxiangshu/Sphinx/V2/Core/Projection.fs:165, src/Wanxiangshu/Sphinx/V2/Core/Projection.fs:165)
check	Run verification	2026-10-04T17:27:30.4962409Z   [low] src/Wanxiangshu/Wanxiangshu.Owner.epistemic-reasoning.sphinx-v2-core.fsproj -> Wanxiangshu.Owner.epistemic-reasoning.sphinx-v2-integration.fsproj: type-name 'ProviderAdapter' (src/Wanxiangshu/Sphinx/V2/Plugins/Provider/Adapter.fsi:26, src/Wanxiangshu/Sphinx/V2/Plugins/Provider/Adapter.fs:34, src/Wanxiangshu/Sphinx/V2/Runtime/Surface.fs:214)
check	Run verification	2026-10-04T17:27:30.4964988Z   [low] src/Wanxiangshu/Wanxiangshu.Owner.epistemic-reasoning.sphinx-v2-core.fsproj -> Wanxiangshu.Owner.participant-identity.foundation-roles.fsproj: type-name 'Role' (src/Wanxiangshu/Sphinx/V2/Core/Graph.fsi:13, src/Wanxiangshu/Sphinx/V2/Core/Graph.fs:30, src/Wanxiangshu/Sphinx/V2/Core/Representation.fs:121)
check	Run verification	2026-10-04T17:27:30.4967562Z   [low] src/Wanxiangshu/Wanxiangshu.Owner.epistemic-reasoning.sphinx-v2-core.fsproj -> Wanxiangshu.Owner.dispatch-protocol.dispatch-runtime.fsproj: type-name 'Runtime' (src/Wanxiangshu/Sphinx/V2/Runtime/Contracts.fsi:1, src/Wanxiangshu/Sphinx/V2/Runtime/Contracts.fs:1, src/Wanxiangshu/Sphinx/V2/Runtime/Ports.fsi:1)
check	Run verification	2026-10-04T17:27:30.4970172Z   [low] src/Wanxiangshu/Wanxiangshu.Owner.epistemic-reasoning.sphinx-v2-core.fsproj -> Wanxiangshu.Owner.session-ontology.execution-session-syncdelegaterole.fsproj: type-name 'Spec' (src/Wanxiangshu/Sphinx/V2/Core/Work.fsi:35, src/Wanxiangshu/Sphinx/V2/Core/Work.fs:45, src/Wanxiangshu/Sphinx/V2/Core/State.fs:146)
check	Run verification	2026-10-04T17:27:30.4972688Z   [low] src/Wanxiangshu/Wanxiangshu.Owner.epistemic-reasoning.sphinx-v2-core.fsproj -> Wanxiangshu.Owner.session-ontology.execution-session-syncdelegaterole.fsproj: static-member 'Spec' (src/Wanxiangshu/Sphinx/V2/Core/State.fs:146, src/Wanxiangshu/Sphinx/V2/Core/Reducer.fs:240, src/Wanxiangshu/Sphinx/V2/Core/Reducer.fs:242)
check	Run verification	2026-10-04T17:27:30.4974924Z   [low] src/Wanxiangshu/Wanxiangshu.Owner.epistemic-reasoning.sphinx-v2-core.fsproj -> Wanxiangshu.Owner.action-affordance.runtime.fsproj: type-name 'Tool' (src/Wanxiangshu/Sphinx/V2/Hosts/Mcp/Tool.fsi:67, src/Wanxiangshu/Sphinx/V2/Hosts/Mcp/Tool.fs:72)
check	Run verification	2026-10-04T17:27:30.4977512Z   [low] src/Wanxiangshu/Wanxiangshu.Owner.epistemic-reasoning.sphinx-v2-integration.fsproj -> Wanxiangshu.Owner.opencode-plugin.plugin-composition.fsproj: type-name 'Host' (src/Wanxiangshu/Sphinx/V2/Composition/Bind.fs:25, src/Wanxiangshu/Sphinx/V2/Hosts/Mcp/Server.fs:9, src/Wanxiangshu/Sphinx/V2/Hosts/Provider/Adapter.fs:6)
check	Run verification	2026-10-04T17:27:30.4980250Z   [low] src/Wanxiangshu/Wanxiangshu.Owner.epistemic-reasoning.sphinx-v2-integration.fsproj -> Wanxiangshu.Owner.action-affordance.runtime.fsproj: type-name 'Tool' (src/Wanxiangshu/Sphinx/V2/Hosts/Mcp/Server.fs:388, src/Wanxiangshu/Sphinx/V2/Hosts/Mcp/Server.fs:389, src/Wanxiangshu/Sphinx/V2/Hosts/Mcp/Server.fs:397)
check	Run verification	2026-10-04T17:27:30.4982817Z   [low] src/Wanxiangshu/Wanxiangshu.Owner.execution-failure-policy.execution-failure-decision.fsproj -> Wanxiangshu.Owner.epistemic-reasoning.sphinx-v2-core.fsproj: type-name 'Attempt' (src/Wanxiangshu/Execution/Failure/Decision.fsi:5, src/Wanxiangshu/Execution/Failure/Decision.fs:5, src/Wanxiangshu/Execution/Failure/Policy.fs:3)
check	Run verification	2026-10-04T17:27:30.4985118Z   [high] src/Wanxiangshu/Wanxiangshu.Owner.execution-failure-policy.execution-failure-decision.fsproj -> Wanxiangshu.Owner.epistemic-reasoning.sphinx-v2-core.fsproj: module-prefix 'DecisionId' (src/Wanxiangshu/Execution/Failure/Surface.fs:137)
check	Run verification	2026-10-04T17:27:30.4987237Z   [low] src/Wanxiangshu/Wanxiangshu.Owner.execution-failure-policy.execution-failure-decision.fsproj -> Wanxiangshu.Owner.epistemic-reasoning.sphinx-v2-core.fsproj: type-name 'DecisionId' (src/Wanxiangshu/Execution/Failure/Surface.fs:137)
check	Run verification	2026-10-04T17:27:30.4989387Z   [low] src/Wanxiangshu/Wanxiangshu.Owner.execution-failure-policy.execution-failure-decision.fsproj -> Wanxiangshu.Owner.dispatch-protocol.foundation-llm-facing.fsproj: type-name 'Value' (src/Wanxiangshu/Execution/Failure/Surface.fs:137, src/Wanxiangshu/Execution/Failure/Surface.fs:148)
check	Run verification	2026-10-04T17:27:30.4991658Z   [low] src/Wanxiangshu/Wanxiangshu.Owner.execution-failure-policy.execution-failure-model.fsproj -> Wanxiangshu.Owner.epistemic-reasoning.sphinx-v2-core.fsproj: type-name 'Attempt' (src/Wanxiangshu/Execution/Failure/Model.fsi:4, src/Wanxiangshu/Execution/Failure/Model.fs:3)
check	Run verification	2026-10-04T17:27:30.4993888Z   [low] src/Wanxiangshu/Wanxiangshu.Owner.execution-failure-policy.execution-failure-model.fsproj -> Wanxiangshu.Owner.epistemic-reasoning.sphinx-v2-core.fsproj: type-name 'DecisionId' (src/Wanxiangshu/Execution/Failure/Model.fsi:67, src/Wanxiangshu/Execution/Failure/Model.fs:75)
check	Run verification	2026-10-04T17:27:30.4996341Z   [low] src/Wanxiangshu/Wanxiangshu.Owner.execution-failure-policy.execution-failure-model.fsproj -> Wanxiangshu.Owner.dispatch-protocol.foundation-llm-facing.fsproj: type-name 'Value' (src/Wanxiangshu/Execution/Failure/Model.fsi:35, src/Wanxiangshu/Execution/Failure/Model.fsi:62, src/Wanxiangshu/Execution/Failure/Model.fs:36)
check	Run verification	2026-10-04T17:27:30.4999261Z   [low] src/Wanxiangshu/Wanxiangshu.Owner.execution-model-routing.strength-policy.fsproj -> Wanxiangshu.Owner.epistemic-reasoning.sphinx-v2-core.fsproj: type-name 'Fence' (src/Wanxiangshu/OpenCode/Host/ModelCapacity/Model.fsi:63, src/Wanxiangshu/OpenCode/Host/ModelCapacity/Model.fsi:100, src/Wanxiangshu/OpenCode/Host/ModelCapacity/Model.fs:63)
check	Run verification	2026-10-04T17:27:30.5002117Z   [high] src/Wanxiangshu/Wanxiangshu.Owner.execution-model-routing.strength-policy.fsproj -> Wanxiangshu.Owner.relay-assessment.mission-relay-assessment.fsproj: module-prefix 'Model' (src/Wanxiangshu/OpenCode/Host/ModelRouting.fs:310, src/Wanxiangshu/OpenCode/Host/ModelRouting.fs:312, src/Wanxiangshu/OpenCode/Host/ModelRouting.fs:313)
check	Run verification	2026-10-04T17:27:30.5004826Z   [low] src/Wanxiangshu/Wanxiangshu.Owner.execution-model-routing.strength-policy.fsproj -> Wanxiangshu.Owner.epistemic-reasoning.sphinx-v2-core.fsproj: type-name 'NodeId' (src/Wanxiangshu/OpenCode/Host/ModelCapacity/Model.fsi:99, src/Wanxiangshu/OpenCode/Host/ModelCapacity/Model.fs:94, src/Wanxiangshu/OpenCode/Host/ModelCapacity/Queue.fs:106)
check	Run verification	2026-10-04T17:27:30.5007455Z   [high] src/Wanxiangshu/Wanxiangshu.Owner.feature-ablation.ablation-kernel.fsproj -> Wanxiangshu.Owner.epistemic-reasoning.sphinx-v2-core.fsproj: module-prefix 'Decode' (src/Wanxiangshu/Ablation/Manifest.fs:36, src/Wanxiangshu/Ablation/Manifest.fs:37, src/Wanxiangshu/Ablation/Manifest.fs:38)
check	Run verification	2026-10-04T17:27:30.5009781Z   [low] src/Wanxiangshu/Wanxiangshu.Owner.feature-ablation.ablation-kernel.fsproj -> Wanxiangshu.Owner.dispatch-protocol.foundation-llm-facing.fsproj: type-name 'Field' (src/Wanxiangshu/Ablation/Manifest.fs:37, src/Wanxiangshu/Ablation/Manifest.fs:38, src/Wanxiangshu/Ablation/Manifest.fs:39)
check	Run verification	2026-10-04T17:27:30.5012576Z   [low] src/Wanxiangshu/Wanxiangshu.Owner.guidance-delivery.enforcer-guidance-tip.fsproj -> Wanxiangshu.Owner.behavior-diagnosis.enforcer-continuation.fsproj: type-name 'Context' (src/Wanxiangshu/OpenCode/Host/PairProgrammingThoughtSurface.fs:8, src/Wanxiangshu/OpenCode/Host/PairProgrammingThoughtSurface.fs:9, src/Wanxiangshu/Enforcer/Guidance/TipSurface.fs:8)
check	Run verification	2026-10-04T17:27:30.5015348Z   [low] src/Wanxiangshu/Wanxiangshu.Owner.guidance-delivery.enforcer-guidance-tip.fsproj -> Wanxiangshu.Owner.opencode-plugin.plugin-composition.fsproj: type-name 'Host' (src/Wanxiangshu/Enforcer/Guidance/Tip.fsi:4, src/Wanxiangshu/Enforcer/Guidance/Tip.fs:6, src/Wanxiangshu/OpenCode/Host/PairProgrammingThoughtTransform.fsi:7)
check	Run verification	2026-10-04T17:27:30.5018170Z   [low] src/Wanxiangshu/Wanxiangshu.Owner.guidance-delivery.enforcer-guidance-tip.fsproj -> Wanxiangshu.Owner.opencode-plugin.plugin-composition.fsproj: static-member 'Host' (src/Wanxiangshu/OpenCode/Host/PairProgrammingThoughtTransform.fs:20, src/Wanxiangshu/OpenCode/Host/PairProgrammingThoughtSurface.fs:12)
check	Run verification	2026-10-04T17:27:30.5020914Z   [low] src/Wanxiangshu/Wanxiangshu.Owner.guidance-delivery.enforcer-guidance-tip.fsproj -> Wanxiangshu.Owner.host-provider-failure-ownership.opencode-host-providerfailurepresentation.fsproj: type-name 'Presentation' (src/Wanxiangshu/Enforcer/Guidance/Tip.fsi:12, src/Wanxiangshu/Enforcer/Guidance/Tip.fs:20, src/Wanxiangshu/Enforcer/Guidance/Tip.fs:94)
check	Run verification	2026-10-04T17:27:30.5025473Z   [low] src/Wanxiangshu/Wanxiangshu.Owner.guidance-delivery.enforcer-guidance-tip.fsproj -> Wanxiangshu.Owner.behavior-diagnosis.enforcer-continuation.fsproj: type-name 'SessionTermination' (src/Wanxiangshu/OpenCode/Host/PairProgrammingThoughtTransform.fs:1014, src/Wanxiangshu/OpenCode/Host/PairProgrammingThoughtTransform.fs:1086, src/Wanxiangshu/OpenCode/Host/PairProgrammingThoughtTransform.fs:1099)
check	Run verification	2026-10-04T17:27:30.5031211Z   [low] src/Wanxiangshu/Wanxiangshu.Owner.guidance-delivery.opencode-host-pairprogramming-guidelineprojection.fsproj -> Wanxiangshu.Owner.opencode-plugin.plugin-composition.fsproj: static-member 'Host' (src/Wanxiangshu/OpenCode/Host/PairProgramming/GuidelineProjection.fsi:1, src/Wanxiangshu/OpenCode/Host/PairProgramming/GuidelineProjection.fs:1, src/Wanxiangshu/OpenCode/Host/PairProgramming/GuidelineSurface.fsi:1)
check	Run verification	2026-10-04T17:27:30.5036374Z   [low] src/Wanxiangshu/Wanxiangshu.Owner.guidance-delivery.opencode-host-pairprogramming-guidelineprojection.fsproj -> Wanxiangshu.Owner.opencode-plugin.plugin-composition.fsproj: type-name 'Host' (src/Wanxiangshu/OpenCode/Host/PairProgramming/GuidelineProjection.fsi:1, src/Wanxiangshu/OpenCode/Host/PairProgramming/GuidelineProjection.fs:1, src/Wanxiangshu/OpenCode/Host/PairProgramming/GuidelineSurface.fsi:1)
check	Run verification	2026-10-04T17:27:30.5041294Z   [low] src/Wanxiangshu/Wanxiangshu.Owner.guidance-delivery.opencode-host-pairprogrammingcalibration.fsproj -> Wanxiangshu.Owner.opencode-plugin.plugin-composition.fsproj: type-name 'Host' (src/Wanxiangshu/OpenCode/Host/PairProgrammingCalibrationSurface.fsi:1, src/Wanxiangshu/OpenCode/Host/PairProgrammingCalibrationSurface.fs:1)
check	Run verification	2026-10-04T17:27:30.5044148Z   [low] src/Wanxiangshu/Wanxiangshu.Owner.host-boundary.host-diagnostics-runtime.fsproj -> Wanxiangshu.Owner.epistemic-reasoning.sphinx-v2-core.fsproj: type-name 'Attempt' (src/Wanxiangshu/OpenCode/Host/ReliabilityDiagnostics.fsi:9, src/Wanxiangshu/OpenCode/Host/ReliabilityDiagnostics.fs:5, src/Wanxiangshu/OpenCode/Host/ReliabilityDiagnosticsSurface.fs:8)
check	Run verification	2026-10-04T17:27:30.5047121Z   [low] src/Wanxiangshu/Wanxiangshu.Owner.host-boundary.host-diagnostics-runtime.fsproj -> Wanxiangshu.Owner.behavior-diagnosis.enforcer-continuation.fsproj: type-name 'Context' (src/Wanxiangshu/OpenCode/Host/HookPolicy.fsi:91, src/Wanxiangshu/OpenCode/Host/HookPolicy.fs:94, src/Wanxiangshu/OpenCode/Host/HookPolicy.fs:110)
check	Run verification	2026-10-04T17:27:30.5050032Z   [low] src/Wanxiangshu/Wanxiangshu.Owner.host-boundary.host-diagnostics-runtime.fsproj -> Wanxiangshu.Owner.opencode-plugin.plugin-composition.fsproj: type-name 'Host' (src/Wanxiangshu/OpenCode/Host/ReliabilityDiagnostics.fsi:1, src/Wanxiangshu/OpenCode/Host/ReliabilityDiagnostics.fs:1, src/Wanxiangshu/OpenCode/Host/ReliabilityDiagnosticsSurface.fsi:1)
check	Run verification	2026-10-04T17:27:30.5052732Z   [high] src/Wanxiangshu/Wanxiangshu.Owner.host-boundary.host-diagnostics-runtime.fsproj -> Wanxiangshu.Owner.epistemic-reasoning.sphinx-v2-core.fsproj: module-prefix 'Recovery' (src/Wanxiangshu/OpenCode/Host/ReliabilityDiagnosticsSurface.fs:474, src/Wanxiangshu/OpenCode/Host/ReliabilityDiagnosticsSurface.fs:475)
check	Run verification	2026-10-04T17:27:30.5055270Z   [low] src/Wanxiangshu/Wanxiangshu.Owner.host-boundary.host-signal-adapter.fsproj -> Wanxiangshu.Owner.epistemic-reasoning.sphinx-v2-core.fsproj: type-name 'Attempt' (src/Wanxiangshu/OpenCode/Codec/HostEventCodec.fs:73, src/Wanxiangshu/OpenCode/Signals/HostSignal.fsi:13, src/Wanxiangshu/OpenCode/Signals/HostSignal.fs:17)
check	Run verification	2026-10-04T17:27:30.5057702Z   [low] src/Wanxiangshu/Wanxiangshu.Owner.host-boundary.host-signal-adapter.fsproj -> Wanxiangshu.Owner.dispatch-protocol.foundation-llm-facing.fsproj: type-name 'Value' (src/Wanxiangshu/OpenCode/Host/Events.fs:80)
check	Run verification	2026-10-04T17:27:30.5059432Z   [low] src/Wanxiangshu/Wanxiangshu.Owner.host-boundary.host-tool-adapter.fsproj -> Wanxiangshu.Owner.opencode-plugin.plugin-composition.fsproj: type-name 'Host' (src/Wanxiangshu/OpenCode/Codec/ToolHostCodec.fs:11)
check	Run verification	2026-10-04T17:27:30.5061631Z   [low] src/Wanxiangshu/Wanxiangshu.Owner.host-boundary.loop-event-codec.fsproj -> Wanxiangshu.Owner.dispatch-protocol.foundation-llm-facing.fsproj: type-name 'Field' (src/Wanxiangshu/OpenCode/Codec/LoopEventCodec.fsi:10, src/Wanxiangshu/OpenCode/Codec/LoopEventCodec.fs:19, src/Wanxiangshu/OpenCode/Codec/LoopEventCodec.fs:52)
check	Run verification	2026-10-04T17:27:30.5064118Z   [low] src/Wanxiangshu/Wanxiangshu.Owner.host-boundary.opencode-host-fissionhostsurface.fsproj -> Wanxiangshu.Owner.behavior-diagnosis.enforcer-continuation.fsproj: type-name 'Context' (src/Wanxiangshu/OpenCode/Host/FissionHostSurface.fs:8, src/Wanxiangshu/OpenCode/Host/FissionHostSurface.fs:9)
check	Run verification	2026-10-04T17:27:30.5066474Z   [low] src/Wanxiangshu/Wanxiangshu.Owner.host-boundary.opencode-host-fissionhostsurface.fsproj -> Wanxiangshu.Owner.opencode-plugin.plugin-composition.fsproj: type-name 'Host' (src/Wanxiangshu/OpenCode/Host/FissionHostSurface.fsi:1, src/Wanxiangshu/OpenCode/Host/FissionHostSurface.fs:1)
check	Run verification	2026-10-04T17:27:30.5068786Z   [low] src/Wanxiangshu/Wanxiangshu.Owner.host-boundary.opencode-host-hostsignalbootstrap.fsproj -> Wanxiangshu.Owner.opencode-plugin.plugin-composition.fsproj: type-name 'Host' (src/Wanxiangshu/OpenCode/Host/HostSignalBootstrap.fs:19)
check	Run verification	2026-10-04T17:27:30.5071504Z   [high] src/Wanxiangshu/Wanxiangshu.Owner.host-boundary.opencode-host-hostsignalbootstrap.fsproj -> Wanxiangshu.Owner.dispatch-protocol.chat-admission-transaction.fsproj: module-prefix 'ProviderLifecycle' (src/Wanxiangshu/OpenCode/Host/HostSignalBootstrap.fs:395, src/Wanxiangshu/OpenCode/Host/HostSignalBootstrap.fs:402, src/Wanxiangshu/OpenCode/Host/HostSignalBootstrap.fs:442)
check	Run verification	2026-10-04T17:27:30.5074132Z   [high] src/Wanxiangshu/Wanxiangshu.Owner.host-boundary.opencode-host-hostsignalbootstrap.fsproj -> Wanxiangshu.Owner.host-boundary.opencode-host-providerrunbinding.fsproj: module-prefix 'ProviderRunBinding' (src/Wanxiangshu/OpenCode/Host/HostSignalBootstrap.fs:207)
check	Run verification	2026-10-04T17:27:30.5076611Z   [low] src/Wanxiangshu/Wanxiangshu.Owner.host-boundary.opencode-host-hostsignalbootstrap.fsproj -> Wanxiangshu.Owner.dispatch-protocol.chat-admission-transaction.fsproj: type-name 'ProviderStartObservationError' (src/Wanxiangshu/OpenCode/Host/HostSignalBootstrap.fs:395, src/Wanxiangshu/OpenCode/Host/HostSignalBootstrap.fs:442)
check	Run verification	2026-10-04T17:27:30.5079167Z   [low] src/Wanxiangshu/Wanxiangshu.Owner.host-boundary.opencode-host-pluginrecoveryscopesurface.fsproj -> Wanxiangshu.Owner.behavior-diagnosis.enforcer-continuation.fsproj: type-name 'Context' (src/Wanxiangshu/OpenCode/Host/PluginRecoveryScopeSurface.fs:4)
check	Run verification	2026-10-04T17:27:30.5081796Z   [low] src/Wanxiangshu/Wanxiangshu.Owner.host-boundary.opencode-host-sharedstate.fsproj -> Wanxiangshu.Owner.context-compression.context-companion-companionfactfold.fsproj: static-member 'Companion' (src/Wanxiangshu/OpenCode/Host/SharedState.fsi:4, src/Wanxiangshu/OpenCode/Host/SharedState.fsi:5, src/Wanxiangshu/OpenCode/Host/SharedState.fs:4)
check	Run verification	2026-10-04T17:27:30.5084573Z   [low] src/Wanxiangshu/Wanxiangshu.Owner.host-boundary.opencode-host-sharedstate.fsproj -> Wanxiangshu.Owner.context-compression.context-companion-companionfactfold.fsproj: type-name 'Companion' (src/Wanxiangshu/OpenCode/Host/SharedState.fsi:4, src/Wanxiangshu/OpenCode/Host/SharedState.fsi:5, src/Wanxiangshu/OpenCode/Host/SharedState.fs:4)
check	Run verification	2026-10-04T17:27:30.5087374Z   [low] src/Wanxiangshu/Wanxiangshu.Owner.host-boundary.opencode-host-sharedstate.fsproj -> Wanxiangshu.Owner.behavior-diagnosis.enforcer-continuation.fsproj: type-name 'Context' (src/Wanxiangshu/OpenCode/Host/SharedState.fsi:4, src/Wanxiangshu/OpenCode/Host/SharedState.fsi:5, src/Wanxiangshu/OpenCode/Host/SharedState.fs:4)
check	Run verification	2026-10-04T17:27:30.5089734Z   [low] src/Wanxiangshu/Wanxiangshu.Owner.host-boundary.opencode-host-sharedstate.fsproj -> Wanxiangshu.Owner.dispatch-protocol.dispatch-runtime.fsproj: type-name 'Runtime' (src/Wanxiangshu/OpenCode/Host/SharedState.fsi:5, src/Wanxiangshu/OpenCode/Host/SharedState.fs:5)
check	Run verification	2026-10-04T17:27:30.5092219Z   [low] src/Wanxiangshu/Wanxiangshu.Owner.host-boundary.opencode-host-sharedstatesurface.fsproj -> Wanxiangshu.Owner.epistemic-reasoning.sphinx-v2-core.fsproj: type-name 'Attempt' (src/Wanxiangshu/OpenCode/Host/PluginSessionScope.fs:22, src/Wanxiangshu/OpenCode/Host/PluginSessionScope.fs:42, src/Wanxiangshu/OpenCode/Host/PluginRecoveryScope.fsi:8)
check	Run verification	2026-10-04T17:27:30.5095036Z   [low] src/Wanxiangshu/Wanxiangshu.Owner.host-boundary.opencode-host-sharedstatesurface.fsproj -> Wanxiangshu.Owner.behavior-diagnosis.enforcer-continuation.fsproj: type-name 'Context' (src/Wanxiangshu/OpenCode/Host/PluginSessionScope.fsi:6, src/Wanxiangshu/OpenCode/Host/PluginSessionScope.fs:8, src/Wanxiangshu/OpenCode/Host/PluginSessionScope.fs:9)
check	Run verification	2026-10-04T17:27:30.5098322Z   [high] src/Wanxiangshu/Wanxiangshu.Owner.host-boundary.opencode-host-sharedstatesurface.fsproj -> Wanxiangshu.Owner.speculative-investigation.strength-event-vocabulary-contract.fsproj: module-prefix 'Delegation' (src/Wanxiangshu/OpenCode/Host/PluginSessionScope.fsi:7, src/Wanxiangshu/OpenCode/Host/PluginSessionScope.fs:13, src/Wanxiangshu/OpenCode/Host/PluginSessionScope.fs:32)
check	Run verification	2026-10-04T17:27:30.5101291Z   [low] src/Wanxiangshu/Wanxiangshu.Owner.host-boundary.opencode-host-sharedstatesurface.fsproj -> Wanxiangshu.Owner.opencode-plugin.plugin-composition.fsproj: type-name 'Host' (src/Wanxiangshu/OpenCode/Host/PluginSessionScope.fs:17, src/Wanxiangshu/OpenCode/Host/PluginSessionScope.fs:26, src/Wanxiangshu/OpenCode/Host/PluginRecoveryScope.fs:16)
check	Run verification	2026-10-04T17:27:30.5104290Z   [high] src/Wanxiangshu/Wanxiangshu.Owner.host-boundary.opencode-host-sharedstatesurface.fsproj -> Wanxiangshu.Owner.epistemic-reasoning.sphinx-v2-core.fsproj: module-prefix 'Profile' (src/Wanxiangshu/OpenCode/Host/PluginRecoveryScope.fs:151, src/Wanxiangshu/OpenCode/Host/PluginRecoveryScope.fs:261, src/Wanxiangshu/OpenCode/Host/PluginRecoveryScope.fs:266)
check	Run verification	2026-10-04T17:27:30.5106859Z   [low] src/Wanxiangshu/Wanxiangshu.Owner.host-boundary.opencode-host-workspaceeventstore.fsproj -> Wanxiangshu.Owner.behavior-diagnosis.enforcer-continuation.fsproj: type-name 'Context' (src/Wanxiangshu/OpenCode/Host/WorkspaceSharedJournal.fs:7)
check	Run verification	2026-10-04T17:27:30.5109134Z   [low] src/Wanxiangshu/Wanxiangshu.Owner.host-boundary.provider-system-transform.fsproj -> Wanxiangshu.Owner.change-integration.git-integrationgate.fsproj: type-name 'Orchestrator' (src/Wanxiangshu/OpenCode/Host/ProviderSystemTransform.fs:63, src/Wanxiangshu/OpenCode/Host/ProviderSystemTransform.fs:101)
check	Run verification	2026-10-04T17:27:30.5112377Z   [low] src/Wanxiangshu/Wanxiangshu.Owner.host-provider-failure-ownership.opencode-host-providerfailurepresentation.fsproj -> Wanxiangshu.Owner.execution-failure-policy.execution-failure-decision.fsproj: type-name 'ExecutionFailureDecision' (src/Wanxiangshu/OpenCode/Host/ProviderFailurePresentation.fsi:12, src/Wanxiangshu/OpenCode/Host/ProviderFailurePresentation.fsi:14, src/Wanxiangshu/OpenCode/Host/ProviderFailurePresentation.fs:12)
check	Run verification	2026-10-04T17:27:30.5115527Z   [high] src/Wanxiangshu/Wanxiangshu.Owner.host-provider-failure-ownership.opencode-host-providerfailurepresentation.fsproj -> Wanxiangshu.Owner.execution-failure-policy.execution-failure-decision.fsproj: module-prefix 'ExecutionFailurePolicy' (src/Wanxiangshu/OpenCode/Host/ProviderFailurePresentation.fs:45)
check	Run verification	2026-10-04T17:27:30.5118878Z   [low] src/Wanxiangshu/Wanxiangshu.Owner.host-provider-failure-ownership.opencode-host-providerfailurepresentation.fsproj -> Wanxiangshu.Owner.execution-failure-policy.execution-failure-decision.fsproj: static-member 'ExecutionFailureResolution' (src/Wanxiangshu/OpenCode/Host/ProviderFailurePresentation.fs:14, src/Wanxiangshu/OpenCode/Host/ProviderFailurePresentation.fs:15, src/Wanxiangshu/OpenCode/Host/ProviderFailurePresentation.fs:16)
check	Run verification	2026-10-04T17:27:30.5122593Z   [low] src/Wanxiangshu/Wanxiangshu.Owner.host-provider-failure-ownership.opencode-host-providerfailurepresentation.fsproj -> Wanxiangshu.Owner.execution-failure-policy.execution-failure-decision.fsproj: type-name 'ExecutionFailureResolution' (src/Wanxiangshu/OpenCode/Host/ProviderFailurePresentation.fs:14, src/Wanxiangshu/OpenCode/Host/ProviderFailurePresentation.fs:15, src/Wanxiangshu/OpenCode/Host/ProviderFailurePresentation.fs:16)
check	Run verification	2026-10-04T17:27:30.5128410Z   [medium] src/Wanxiangshu/Wanxiangshu.Owner.host-provider-failure-ownership.opencode-host-providerfailurepresentation.fsproj -> Wanxiangshu.Owner.durable-events.runtime.fsproj, Wanxiangshu.Owner.epistemic-reasoning.sphinx-v2-core.fsproj, Wanxiangshu.Owner.epistemic-reasoning.sphinx-v2-integration.fsproj, Wanxiangshu.Owner.execution-failure-policy.execution-failure-decision.fsproj, Wanxiangshu.Owner.interaction-authority.runtime.fsproj, Wanxiangshu.Owner.managed-chat-execution.runtime.fsproj, Wanxiangshu.Owner.relay-assessment.mission-relay-assessment.fsproj, Wanxiangshu.Owner.relay-incumbency.mission-relay-core.fsproj, Wanxiangshu.Owner.relay-retirement.mission-relay-retirement.fsproj, Wanxiangshu.Owner.requirement-grounding.requirement-grounding-model.fsproj: module-prefix 'Surface' (src/Wanxiangshu/OpenCode/Host/ProviderFailurePresentation.fs:44)
check	Run verification	2026-10-04T17:27:30.5133062Z   [low] src/Wanxiangshu/Wanxiangshu.Owner.institutional-learning.enforcer-institutionallearning-facts.fsproj -> Wanxiangshu.Owner.opencode-plugin.plugin-composition.fsproj: type-name 'Host' (src/Wanxiangshu/Enforcer/InstitutionalLearning/Enhancer.fs:5)
check	Run verification	2026-10-04T17:27:30.5135735Z   [low] src/Wanxiangshu/Wanxiangshu.Owner.interaction-authority.interaction-authority-fact.fsproj -> Wanxiangshu.Owner.session-ontology.execution-session-syncdelegaterole.fsproj: type-name 'Origin' (src/Wanxiangshu/Interaction/Authority/Run.fs:63, src/Wanxiangshu/Interaction/Authority/Run.fs:82, src/Wanxiangshu/Interaction/Authority/Run.fs:211)
check	Run verification	2026-10-04T17:27:30.5138558Z   [low] src/Wanxiangshu/Wanxiangshu.Owner.interaction-authority.interaction-authority-fold.fsproj -> Wanxiangshu.Owner.epistemic-reasoning.sphinx-v2-core.fsproj: type-name 'Attempt' (src/Wanxiangshu/Interaction/Authority/Fold.fsi:4, src/Wanxiangshu/Interaction/Authority/Fold.fs:4)
check	Run verification	2026-10-04T17:27:30.5140734Z   [low] src/Wanxiangshu/Wanxiangshu.Owner.interaction-authority.interaction-authority-fold.fsproj -> Wanxiangshu.Owner.session-ontology.execution-session-syncdelegaterole.fsproj: type-name 'Origin' (src/Wanxiangshu/Interaction/Authority/Fold.fs:124)
check	Run verification	2026-10-04T17:27:30.5143380Z   [low] src/Wanxiangshu/Wanxiangshu.Owner.interaction-authority.interaction-authority-identityseed.fsproj -> Wanxiangshu.Owner.interaction-authority.interaction-authority-model.fsproj: type-name 'ContinuationKind' (src/Wanxiangshu/Interaction/Authority/Facts.fsi:23, src/Wanxiangshu/Interaction/Authority/Facts.fs:30, src/Wanxiangshu/Interaction/Authority/PromptSessionFact.fsi:11)
check	Run verification	2026-10-04T17:27:30.5146542Z   [low] src/Wanxiangshu/Wanxiangshu.Owner.interaction-authority.interaction-authority-identityseed.fsproj -> Wanxiangshu.Owner.interaction-authority.interaction-authority-model.fsproj: type-name 'IdentitySeed' (src/Wanxiangshu/Interaction/Authority/Facts.fsi:11, src/Wanxiangshu/Interaction/Authority/Facts.fsi:26, src/Wanxiangshu/Interaction/Authority/Facts.fs:12)
check	Run verification	2026-10-04T17:27:30.5149223Z   [low] src/Wanxiangshu/Wanxiangshu.Owner.interaction-authority.interaction-authority-ledger.fsproj -> Wanxiangshu.Owner.session-ontology.execution-session-syncdelegaterole.fsproj: type-name 'Origin' (src/Wanxiangshu/Interaction/Authority/Ledger.fs:87)
check	Run verification	2026-10-04T17:27:30.5151439Z   [low] src/Wanxiangshu/Wanxiangshu.Owner.interaction-authority.interaction-authority-model.fsproj -> Wanxiangshu.Owner.epistemic-reasoning.sphinx-v2-core.fsproj: type-name 'Attempt' (src/Wanxiangshu/Interaction/Authority/Model.fsi:6, src/Wanxiangshu/Interaction/Authority/Model.fs:5)
check	Run verification	2026-10-04T17:27:30.5154037Z   [low] src/Wanxiangshu/Wanxiangshu.Owner.interaction-authority.interaction-authority-model.fsproj -> Wanxiangshu.Owner.session-ontology.execution-session-syncdelegaterole.fsproj: type-name 'Origin' (src/Wanxiangshu/Interaction/Authority/Model.fsi:72, src/Wanxiangshu/Interaction/Authority/Model.fsi:83, src/Wanxiangshu/Interaction/Authority/Model.fs:165)
check	Run verification	2026-10-04T17:27:30.5156839Z   [low] src/Wanxiangshu/Wanxiangshu.Owner.interaction-authority.interaction-repair-interactionrepair.fsproj -> Wanxiangshu.Owner.epistemic-reasoning.sphinx-v2-core.fsproj: type-name 'Attempt' (src/Wanxiangshu/Interaction/Repair/InteractionRepair.fs:16, src/Wanxiangshu/Interaction/Repair/InteractionRepair.fs:17)
check	Run verification	2026-10-04T17:27:30.5159283Z   [high] src/Wanxiangshu/Wanxiangshu.Owner.interaction-authority.interaction-repair-interactionrepair.fsproj -> Wanxiangshu.Owner.context-compression.companion-host-blogger.fsproj: module-prefix 'BloggerCoordinator' (src/Wanxiangshu/Interaction/Repair/InteractionRepair.fs:195)
check	Run verification	2026-10-04T17:27:30.5162116Z   [low] src/Wanxiangshu/Wanxiangshu.Owner.interaction-authority.interaction-repair-interactionrepair.fsproj -> Wanxiangshu.Owner.context-compression.companion-host-blogger.fsproj: static-member 'BloggerRepairOutcome' (src/Wanxiangshu/Interaction/Repair/InteractionRepair.fs:173, src/Wanxiangshu/Interaction/Repair/InteractionRepair.fs:174, src/Wanxiangshu/Interaction/Repair/InteractionRepair.fs:175)
check	Run verification	2026-10-04T17:27:30.5165358Z   [low] src/Wanxiangshu/Wanxiangshu.Owner.interaction-authority.interaction-repair-interactionrepair.fsproj -> Wanxiangshu.Owner.context-compression.companion-host-blogger.fsproj: type-name 'BloggerRepairOutcome' (src/Wanxiangshu/Interaction/Repair/InteractionRepair.fs:171, src/Wanxiangshu/Interaction/Repair/InteractionRepair.fs:173, src/Wanxiangshu/Interaction/Repair/InteractionRepair.fs:174)
check	Run verification	2026-10-04T17:27:30.5168766Z   [low] src/Wanxiangshu/Wanxiangshu.Owner.interaction-authority.interaction-repair-interactionrepair.fsproj -> Wanxiangshu.Owner.behavior-diagnosis.enforcer-continuation.fsproj: type-name 'Context' (src/Wanxiangshu/Interaction/Repair/InteractionRepair.fsi:5, src/Wanxiangshu/Interaction/Repair/InteractionRepair.fs:7, src/Wanxiangshu/Interaction/Repair/InteractionRepair.fs:8)
check	Run verification	2026-10-04T17:27:30.5171868Z   [high] src/Wanxiangshu/Wanxiangshu.Owner.interaction-authority.interaction-repair-interactionrepair.fsproj -> Wanxiangshu.Owner.dispatch-protocol.session-nudge.fsproj: module-prefix 'HostSessionNudge' (src/Wanxiangshu/Interaction/Repair/InteractionRepair.fs:50, src/Wanxiangshu/Interaction/Repair/InteractionRepair.fs:63, src/Wanxiangshu/Interaction/Repair/InteractionRepair.fs:64)
check	Run verification	2026-10-04T17:27:30.5175043Z   [low] src/Wanxiangshu/Wanxiangshu.Owner.interaction-authority.interaction-repair-interactionrepair.fsproj -> Wanxiangshu.Owner.context-compression.companion-host-blogger.fsproj: type-name 'IBloggerRuntimeHost' (src/Wanxiangshu/Interaction/Repair/InteractionRepair.fsi:11, src/Wanxiangshu/Interaction/Repair/InteractionRepair.fs:184, src/Wanxiangshu/Interaction/Repair/InteractionRepair.fs:211)
check	Run verification	2026-10-04T17:27:30.5178604Z   [low] src/Wanxiangshu/Wanxiangshu.Owner.interaction-authority.interaction-repair-interactionrepair.fsproj -> Wanxiangshu.Owner.dispatch-protocol.session-nudge.fsproj: type-name 'IdleContinuationOutcome' (src/Wanxiangshu/Interaction/Repair/InteractionRepair.fs:63, src/Wanxiangshu/Interaction/Repair/InteractionRepair.fs:64, src/Wanxiangshu/Interaction/Repair/InteractionRepair.fs:65)
check	Run verification	2026-10-04T17:27:30.5181794Z   [low] src/Wanxiangshu/Wanxiangshu.Owner.interaction-authority.interaction-repair-interactionrepair.fsproj -> Wanxiangshu.Owner.host-boundary.host-root-workspace-contract.fsproj: type-name 'IRootWorkspaceReader' (src/Wanxiangshu/Interaction/Repair/InteractionRepair.fsi:15, src/Wanxiangshu/Interaction/Repair/InteractionRepair.fsi:24, src/Wanxiangshu/Interaction/Repair/InteractionRepair.fsi:34)
check	Run verification	2026-10-04T17:27:30.5184876Z   [low] src/Wanxiangshu/Wanxiangshu.Owner.interaction-authority.opencode-host-chatadmission-intent.fsproj -> Wanxiangshu.Owner.managed-chat-execution.execution-session-chatexecution-facts.fsproj: type-name 'AcceptedChatExecutionEvidence' (src/Wanxiangshu/OpenCode/Host/ChatAdmission/Intent.fsi:27, src/Wanxiangshu/OpenCode/Host/ChatAdmission/Intent.fs:31)
check	Run verification	2026-10-04T17:27:30.5187909Z   [low] src/Wanxiangshu/Wanxiangshu.Owner.interaction-authority.opencode-host-chatadmission-intent.fsproj -> Wanxiangshu.Owner.managed-chat-execution.execution-session-chatexecution-fact.fsproj: type-name 'ChatAdmissionIntent' (src/Wanxiangshu/OpenCode/Host/ChatAdmission/Intent.fsi:8, src/Wanxiangshu/OpenCode/Host/ChatAdmission/Intent.fs:11)
check	Run verification	2026-10-04T17:27:30.5191012Z   [low] src/Wanxiangshu/Wanxiangshu.Owner.interaction-authority.opencode-host-chatadmission-intent.fsproj -> Wanxiangshu.Owner.managed-chat-execution.execution-session-chatexecution-facts.fsproj: type-name 'ChatExecutionKey' (src/Wanxiangshu/OpenCode/Host/ChatAdmission/Intent.fsi:41, src/Wanxiangshu/OpenCode/Host/ChatAdmission/Intent.fsi:49, src/Wanxiangshu/OpenCode/Host/ChatAdmission/Intent.fsi:55)
check	Run verification	2026-10-04T17:27:30.5194455Z   [medium] src/Wanxiangshu/Wanxiangshu.Owner.interaction-authority.opencode-host-chatadmission-intent.fsproj -> Wanxiangshu.Owner.epistemic-reasoning.sphinx-v2-core.fsproj, Wanxiangshu.Owner.relay-incumbency.mission-relay-core.fsproj: module-prefix 'Decision' (src/Wanxiangshu/OpenCode/Host/ChatAdmission/Intent.fs:93, src/Wanxiangshu/OpenCode/Host/ChatAdmission/Intent.fs:94, src/Wanxiangshu/OpenCode/Host/ChatAdmission/Intent.fs:95)
check	Run verification	2026-10-04T17:27:30.5199138Z   [low] src/Wanxiangshu/Wanxiangshu.Owner.interaction-authority.opencode-host-chatadmission-intent.fsproj -> Wanxiangshu.Owner.change-integration.git-integrationgate.fsproj: type-name 'Orchestrator' (src/Wanxiangshu/OpenCode/Host/TerminalPolicy.fs:45, src/Wanxiangshu/OpenCode/Host/TerminalPolicy.fs:78)
check	Run verification	2026-10-04T17:27:30.5206334Z   [high] src/Wanxiangshu/Wanxiangshu.Owner.interaction-authority.opencode-host-chatadmission-intent.fsproj -> Wanxiangshu.Owner.managed-chat-execution.execution-session-chatexecution-fact.fsproj, Wanxiangshu.Owner.managed-chat-execution.execution-session-chatexecution-facts.fsproj, Wanxiangshu.Owner.managed-chat-execution.execution-session-chatexecution-fold.fsproj, Wanxiangshu.Owner.managed-chat-execution.runtime.fsproj: open 'Wanxiangshu.Execution.Session.ChatExecution' (src/Wanxiangshu/OpenCode/Host/ChatAdmission/Intent.fsi:4, src/Wanxiangshu/OpenCode/Host/ChatAdmission/Intent.fs:8)
check	Run verification	2026-10-04T17:27:30.5216043Z   [high] src/Wanxiangshu/Wanxiangshu.Owner.interaction-authority.opencode-host-chatadmission-intent.fsproj -> Wanxiangshu.Owner.managed-chat-execution.execution-session-chatexecution-fact.fsproj, Wanxiangshu.Owner.managed-chat-execution.execution-session-chatexecution-facts.fsproj, Wanxiangshu.Owner.managed-chat-execution.execution-session-chatexecution-fold.fsproj, Wanxiangshu.Owner.managed-chat-execution.runtime.fsproj: qualified 'Wanxiangshu.Execution.Session.ChatExecution' (src/Wanxiangshu/OpenCode/Host/ChatAdmission/Intent.fsi:4, src/Wanxiangshu/OpenCode/Host/ChatAdmission/Intent.fs:8)
check	Run verification	2026-10-04T17:27:30.5222279Z   [low] src/Wanxiangshu/Wanxiangshu.Owner.interaction-authority.runtime.fsproj -> Wanxiangshu.Owner.managed-chat-execution.execution-session-chatexecution-fact.fsproj: type-name 'ChatAdmissionIntent' (src/Wanxiangshu/OpenCode/Host/ChatAdmission/IntentSurface.fs:141, src/Wanxiangshu/OpenCode/Host/ChatAdmission/IntentSurface.fs:143, src/Wanxiangshu/OpenCode/Host/ChatAdmission/IntentSurface.fs:145)
check	Run verification	2026-10-04T17:27:30.5225423Z   [low] src/Wanxiangshu/Wanxiangshu.Owner.interaction.opencode-tools-filemutationtools.fsproj -> Wanxiangshu.Owner.session-ontology.execution-session-syncdelegaterole.fsproj: static-member 'Spec' (src/Wanxiangshu/OpenCode/Tools/FileMutationSurface.fs:33, src/Wanxiangshu/OpenCode/Tools/FileMutationSurface.fs:36, src/Wanxiangshu/OpenCode/Tools/FileMutationSurface.fs:41)
check	Run verification	2026-10-04T17:27:30.5228779Z   [low] src/Wanxiangshu/Wanxiangshu.Owner.interaction.opencode-tools-filemutationtools.fsproj -> Wanxiangshu.Owner.session-ontology.execution-session-syncdelegaterole.fsproj: type-name 'Spec' (src/Wanxiangshu/OpenCode/Tools/FileMutationSurface.fs:14, src/Wanxiangshu/OpenCode/Tools/FileMutationSurface.fs:33, src/Wanxiangshu/OpenCode/Tools/FileMutationSurface.fs:36)
check	Run verification	2026-10-04T17:27:30.5231711Z   [low] src/Wanxiangshu/Wanxiangshu.Owner.intra-participant-parallelism.execution-fission-fact.fsproj -> Wanxiangshu.Owner.delegation.delegation-recovery-runtime.fsproj: type-name 'FailedPayload' (src/Wanxiangshu/Execution/Fission/Projection.fs:135, src/Wanxiangshu/Execution/Fission/Projection.fs:471, src/Wanxiangshu/Execution/Fission/Projection.fs:485)
check	Run verification	2026-10-04T17:27:30.5234335Z   [low] src/Wanxiangshu/Wanxiangshu.Owner.intra-participant-parallelism.execution-fission-facts.fsproj -> Wanxiangshu.Owner.durable-events.persistence-eventstore-model.fsproj: type-name 'PayloadRef' (src/Wanxiangshu/Execution/Fission/Facts.fsi:30, src/Wanxiangshu/Execution/Fission/Facts.fs:31)
check	Run verification	2026-10-04T17:27:30.5237209Z   [low] src/Wanxiangshu/Wanxiangshu.Owner.intra-participant-parallelism.execution-fission-fold.fsproj -> Wanxiangshu.Owner.delegation.delegation-sync-runtime.fsproj: static-member 'Dependencies' (src/Wanxiangshu/Execution/Fission/Admission.fs:92, src/Wanxiangshu/Execution/Fission/Admission.fs:145, src/Wanxiangshu/Execution/Fission/Admission.fs:199)
check	Run verification	2026-10-04T17:27:30.5239991Z   [low] src/Wanxiangshu/Wanxiangshu.Owner.intra-participant-parallelism.execution-fission-fold.fsproj -> Wanxiangshu.Owner.delegation.delegation-sync-runtime.fsproj: type-name 'Dependencies' (src/Wanxiangshu/Execution/Fission/Admission.fs:39, src/Wanxiangshu/Execution/Fission/Admission.fs:92, src/Wanxiangshu/Execution/Fission/Admission.fs:145)
check	Run verification	2026-10-04T17:27:30.5242850Z   [low] src/Wanxiangshu/Wanxiangshu.Owner.intra-participant-parallelism.execution-fission-opencode-host.fsproj -> Wanxiangshu.Owner.behavior-diagnosis.enforcer-continuation.fsproj: type-name 'Context' (src/Wanxiangshu/Execution/Fission/OpenCode/Host.fs:8, src/Wanxiangshu/Execution/Fission/OpenCode/Tool.fs:7)
check	Run verification	2026-10-04T17:27:30.5245603Z   [low] src/Wanxiangshu/Wanxiangshu.Owner.intra-participant-parallelism.execution-fission-opencode-host.fsproj -> Wanxiangshu.Owner.opencode-plugin.plugin-composition.fsproj: type-name 'Host' (src/Wanxiangshu/Execution/Fission/OpenCode/Host.fs:15, src/Wanxiangshu/Execution/Fission/OpenCode/Tool.fs:8, src/Wanxiangshu/Execution/Fission/OpenCode/Tool.fs:13)
check	Run verification	2026-10-04T17:27:30.5248898Z   [high] src/Wanxiangshu/Wanxiangshu.Owner.knowledge-reuse.repository-knowledge-casebook-model.fsproj -> Wanxiangshu.Owner.epistemic-reasoning.sphinx-v2-core.fsproj: module-prefix 'Decode' (src/Wanxiangshu/Repository/Knowledge/Casebook/Capture.fs:384, src/Wanxiangshu/Repository/Knowledge/Casebook/Capture.fs:384, src/Wanxiangshu/Repository/Knowledge/Casebook/Capture.fs:385)
check	Run verification	2026-10-04T17:27:30.5251948Z   [high] src/Wanxiangshu/Wanxiangshu.Owner.knowledge-reuse.repository-knowledge-casebook-model.fsproj -> Wanxiangshu.Owner.epistemic-reasoning.sphinx-v2-core.fsproj: module-prefix 'Encode' (src/Wanxiangshu/Repository/Knowledge/Casebook/Capture.fs:325, src/Wanxiangshu/Repository/Knowledge/Casebook/Capture.fs:326, src/Wanxiangshu/Repository/Knowledge/Casebook/Capture.fs:327)
check	Run verification	2026-10-04T17:27:30.5254589Z   [low] src/Wanxiangshu/Wanxiangshu.Owner.knowledge-reuse.repository-knowledge-casebook-model.fsproj -> Wanxiangshu.Owner.opencode-plugin.plugin-composition.fsproj: type-name 'Host' (src/Wanxiangshu/Repository/Knowledge/Casebook/Capture.fs:8)
check	Run verification	2026-10-04T17:27:30.5257492Z   [low] src/Wanxiangshu/Wanxiangshu.Owner.knowledge-reuse.repository-knowledge-casebook-model.fsproj -> Wanxiangshu.Owner.dispatch-protocol.dispatch-runtime.fsproj: type-name 'Runtime' (src/Wanxiangshu/Repository/Knowledge/Casebook/BookkeeperRuntime.fs:38, src/Wanxiangshu/Repository/Knowledge/Casebook/BookkeeperRuntime.fs:148, src/Wanxiangshu/Repository/Knowledge/Casebook/BookkeeperRuntime.fs:221)
check	Run verification	2026-10-04T17:27:30.5260190Z   [low] src/Wanxiangshu/Wanxiangshu.Owner.knowledge-reuse.repository-knowledge-casebook-model.fsproj -> Wanxiangshu.Owner.durable-events.persistence-journal-promptfactcodec.fsproj: type-name 'StreamId' (src/Wanxiangshu/Repository/Knowledge/Casebook/Store.fs:204)
check	Run verification	2026-10-04T17:27:30.5262171Z   [high] src/Wanxiangshu/Wanxiangshu.Owner.knowledge-reuse.runtime.fsproj -> Wanxiangshu.Owner.epistemic-reasoning.sphinx-v2-core.fsproj: module-prefix 'Contract' (src/Wanxiangshu/Repository/Knowledge/Casebook/FetchSurface.fs:33)
check	Run verification	2026-10-04T17:27:30.5264522Z   [low] src/Wanxiangshu/Wanxiangshu.Owner.knowledge-reuse.runtime.fsproj -> Wanxiangshu.Owner.opencode-plugin.plugin-composition.fsproj: type-name 'Host' (src/Wanxiangshu/Repository/Knowledge/Casebook/BookkeeperSurface.fs:11, src/Wanxiangshu/Repository/Knowledge/Casebook/BookkeeperSurface.fs:12, src/Wanxiangshu/Repository/Knowledge/Casebook/FetchSurface.fs:4)
check	Run verification	2026-10-04T17:27:30.5267633Z   [low] src/Wanxiangshu/Wanxiangshu.Owner.knowledge-reuse.runtime.fsproj -> Wanxiangshu.Owner.dispatch-protocol.interaction-dispatch-opencode-ingresscodec.fsproj: type-name 'Store' (src/Wanxiangshu/Repository/Knowledge/Casebook/BookkeeperRefreshSurface.fs:8, src/Wanxiangshu/Repository/Knowledge/Casebook/FetchSurface.fs:12, src/Wanxiangshu/Repository/Knowledge/Casebook/Surface.fs:11)
check	Run verification	2026-10-04T17:27:30.5270964Z   [high] src/Wanxiangshu/Wanxiangshu.Owner.managed-chat-execution.execution-session-chatexecution-fact.fsproj -> Wanxiangshu.Owner.interaction-authority.opencode-host-chatadmission-intent.fsproj: module-prefix 'ChatAdmissionIntent' (src/Wanxiangshu/Execution/Session/ChatExecution/Admission.fs:64, src/Wanxiangshu/Execution/Session/ChatExecution/Admission.fs:65, src/Wanxiangshu/Execution/Session/ChatExecution/Admission.fs:66)
check	Run verification	2026-10-04T17:27:30.5274520Z   [low] src/Wanxiangshu/Wanxiangshu.Owner.managed-chat-execution.execution-session-chatexecution-fact.fsproj -> Wanxiangshu.Owner.delegation.delegation-recovery-runtime.fsproj: type-name 'TerminalEvidence' (src/Wanxiangshu/Execution/Session/ChatExecution/Recovery.fsi:44, src/Wanxiangshu/Execution/Session/ChatExecution/Recovery.fs:44, src/Wanxiangshu/Execution/Session/ChatExecution/Recovery.fs:160)
check	Run verification	2026-10-04T17:27:30.5277933Z   [low] src/Wanxiangshu/Wanxiangshu.Owner.managed-chat-execution.execution-session-chatexecution-facts.fsproj -> Wanxiangshu.Owner.epistemic-reasoning.sphinx-v2-core.fsproj: type-name 'Attempt' (src/Wanxiangshu/Execution/Session/ChatExecution/Facts.fsi:7, src/Wanxiangshu/Execution/Session/ChatExecution/Facts.fs:6, src/Wanxiangshu/Execution/Session/ChatExecution/Acceptance.fsi:10)
check	Run verification	2026-10-04T17:27:30.5281050Z   [low] src/Wanxiangshu/Wanxiangshu.Owner.managed-chat-execution.execution-session-chatexecution-facts.fsproj -> Wanxiangshu.Owner.behavior-diagnosis.enforcer-continuation.fsproj: type-name 'Context' (src/Wanxiangshu/Execution/Session/ChatExecution/Facts.fsi:3, src/Wanxiangshu/Execution/Session/ChatExecution/Facts.fs:4, src/Wanxiangshu/Execution/Session/ChatExecution/Acceptance.fsi:5)
check	Run verification	2026-10-04T17:27:30.5284386Z   [low] src/Wanxiangshu/Wanxiangshu.Owner.managed-chat-execution.execution-session-chatexecution-facts.fsproj -> Wanxiangshu.Owner.session-ontology.execution-session-syncdelegaterole.fsproj: type-name 'Origin' (src/Wanxiangshu/Execution/Session/ChatExecution/Facts.fsi:21, src/Wanxiangshu/Execution/Session/ChatExecution/Facts.fs:23, src/Wanxiangshu/Execution/Session/ChatExecution/Projection.fs:87)
check	Run verification	2026-10-04T17:27:30.5287350Z   [low] src/Wanxiangshu/Wanxiangshu.Owner.managed-chat-execution.execution-session-chatexecution-fold.fsproj -> Wanxiangshu.Owner.durable-events.composition-durable-fact.fsproj: type-name 'Fact' (src/Wanxiangshu/Execution/Session/ChatExecution/Fold.fs:10)
check	Run verification	2026-10-04T17:27:30.5289542Z   [low] src/Wanxiangshu/Wanxiangshu.Owner.managed-chat-execution.opencode-host-chatadmission-transaction.fsproj -> Wanxiangshu.Owner.behavior-diagnosis.enforcer-continuation.fsproj: type-name 'Context' (src/Wanxiangshu/OpenCode/Host/SessionRecoveryHostSurface.fs:6)
check	Run verification	2026-10-04T17:27:30.5292275Z   [low] src/Wanxiangshu/Wanxiangshu.Owner.managed-chat-execution.opencode-host-chatadmission-transaction.fsproj -> Wanxiangshu.Owner.opencode-plugin.plugin-composition.fsproj: type-name 'Host' (src/Wanxiangshu/OpenCode/Host/SessionRecoveryHostSurface.fsi:10, src/Wanxiangshu/OpenCode/Host/SessionRecoveryHostSurface.fs:37, src/Wanxiangshu/OpenCode/Host/SessionRecoveryHostSurface.fs:182)
check	Run verification	2026-10-04T17:27:30.5295465Z   [low] src/Wanxiangshu/Wanxiangshu.Owner.managed-chat-execution.opencode-host-chatadmission-transaction.fsproj -> Wanxiangshu.Owner.opencode-plugin.plugin-composition.fsproj: static-member 'Host' (src/Wanxiangshu/OpenCode/Host/SessionRecoveryHostSurface.fs:198, src/Wanxiangshu/OpenCode/Host/SessionRecoveryHostSurface.fs:270, src/Wanxiangshu/OpenCode/Host/SessionRecoveryHostSurface.fs:314)
check	Run verification	2026-10-04T17:27:30.5298570Z   [low] src/Wanxiangshu/Wanxiangshu.Owner.managed-chat-execution.opencode-host-chatadmission-transaction.fsproj -> Wanxiangshu.Owner.delegation.delegation-recovery-runtime.fsproj: type-name 'TerminalEvidence' (src/Wanxiangshu/OpenCode/Host/SessionRecoveryHost.fs:299, src/Wanxiangshu/OpenCode/Host/SessionRecoveryHostSurface.fs:272)
check	Run verification	2026-10-04T17:27:30.5301473Z   [low] src/Wanxiangshu/Wanxiangshu.Owner.managed-chat-execution.runtime.fsproj -> Wanxiangshu.Owner.behavior-diagnosis.enforcer-continuation.fsproj: type-name 'Context' (src/Wanxiangshu/Execution/Session/ChatExecution/RecoverySurface.fs:4, src/Wanxiangshu/Execution/Session/ChatExecution/RecoveryRuntimeSurface.fs:5, src/Wanxiangshu/Execution/Session/ChatExecution/Surface.fs:9)
check	Run verification	2026-10-04T17:27:30.5304782Z   [low] src/Wanxiangshu/Wanxiangshu.Owner.managed-session-lifecycle.execution-session-recoveryclosureprojection.fsproj -> Wanxiangshu.Owner.context-compression.context-companion-companionfactfold.fsproj: type-name 'Companion' (src/Wanxiangshu/Execution/Session/RecoveryClosureProjection.fs:17, src/Wanxiangshu/Execution/Session/RecoveryClosureProjection.fs:35, src/Wanxiangshu/Execution/Session/RecoveryClosureProjection.fs:142)
check	Run verification	2026-10-04T17:27:30.5308538Z   [low] src/Wanxiangshu/Wanxiangshu.Owner.managed-session-lifecycle.execution-session-recoveryclosureprojection.fsproj -> Wanxiangshu.Owner.change-integration.git-integrationgate.fsproj: type-name 'ManagerJob' (src/Wanxiangshu/Execution/Session/RecoveryClosureProjection.fs:19, src/Wanxiangshu/Execution/Session/RecoveryClosureProjection.fs:72, src/Wanxiangshu/Execution/Session/RecoveryClosureProjection.fs:75)
check	Run verification	2026-10-04T17:27:30.5311730Z   [low] src/Wanxiangshu/Wanxiangshu.Owner.managed-session-lifecycle.opencode-host-pluginruntimescope.fsproj -> Wanxiangshu.Owner.behavior-diagnosis.enforcer-continuation.fsproj: type-name 'Context' (src/Wanxiangshu/OpenCode/Host/PluginRuntimeScope.fsi:5, src/Wanxiangshu/OpenCode/Host/PluginRuntimeScope.fsi:6, src/Wanxiangshu/OpenCode/Host/PluginRuntimeScope.fs:5)
check	Run verification	2026-10-04T17:27:30.5314705Z   [low] src/Wanxiangshu/Wanxiangshu.Owner.managed-session-lifecycle.opencode-host-pluginruntimescope.fsproj -> Wanxiangshu.Owner.opencode-plugin.plugin-composition.fsproj: type-name 'Host' (src/Wanxiangshu/OpenCode/Host/PluginRuntimeScope.fsi:13, src/Wanxiangshu/OpenCode/Host/PluginRuntimeScope.fs:13, src/Wanxiangshu/OpenCode/Host/PluginRuntimeScope.fs:65)
check	Run verification	2026-10-04T17:27:30.5318112Z   [low] src/Wanxiangshu/Wanxiangshu.Owner.managed-session-lifecycle.opencode-host-pluginruntimescope.fsproj -> Wanxiangshu.Owner.degeneration-guard.execution-session-loopdetector.fsproj: type-name 'LoopSensor' (src/Wanxiangshu/OpenCode/Host/PluginRuntimeScope.fsi:75, src/Wanxiangshu/OpenCode/Host/PluginRuntimeScope.fs:206, src/Wanxiangshu/OpenCode/Host/PluginRuntimeScope.fs:409)
check	Run verification	2026-10-04T17:27:30.5320813Z   [high] src/Wanxiangshu/Wanxiangshu.Owner.managed-session-lifecycle.opencode-host-pluginruntimescope.fsproj -> Wanxiangshu.Owner.degeneration-guard.execution-session-loopdetector.fsproj: module-prefix 'LoopSensor' (src/Wanxiangshu/OpenCode/Host/PluginRuntimeScope.fs:409)
check	Run verification	2026-10-04T17:27:30.5323498Z   [low] src/Wanxiangshu/Wanxiangshu.Owner.managed-session-lifecycle.opencode-host-turnruntimepreparation.fsproj -> Wanxiangshu.Owner.behavior-diagnosis.enforcer-continuation.fsproj: type-name 'Context' (src/Wanxiangshu/OpenCode/Host/HostTurnObserver.fs:7, src/Wanxiangshu/OpenCode/Host/HostSessionDeletion.fs:6, src/Wanxiangshu/OpenCode/Host/HostSessionDeletion.fs:7)
check	Run verification	2026-10-04T17:27:30.5326005Z   [low] src/Wanxiangshu/Wanxiangshu.Owner.managed-session-lifecycle.opencode-host-turnruntimepreparation.fsproj -> Wanxiangshu.Owner.opencode-plugin.plugin-composition.fsproj: type-name 'Host' (src/Wanxiangshu/OpenCode/Host/HostSessionDeletion.fs:13)
check	Run verification	2026-10-04T17:27:30.5328440Z   [low] src/Wanxiangshu/Wanxiangshu.Owner.managed-session-lifecycle.opencode-tools-toolruntimescope.fsproj -> Wanxiangshu.Owner.behavior-diagnosis.enforcer-continuation.fsproj: type-name 'Context' (src/Wanxiangshu/OpenCode/Tools/ToolRuntimeScope.fsi:8, src/Wanxiangshu/OpenCode/Tools/ToolRuntimeScope.fs:9)
check	Run verification	2026-10-04T17:27:30.5331153Z   [low] src/Wanxiangshu/Wanxiangshu.Owner.managed-session-lifecycle.opencode-tools-toolruntimescope.fsproj -> Wanxiangshu.Owner.opencode-plugin.plugin-composition.fsproj: type-name 'Host' (src/Wanxiangshu/OpenCode/Tools/ToolRuntimeScope.fsi:7, src/Wanxiangshu/OpenCode/Tools/ToolRuntimeScope.fsi:11, src/Wanxiangshu/OpenCode/Tools/ToolRuntimeScope.fs:7)
check	Run verification	2026-10-04T17:27:30.5334037Z   [high] src/Wanxiangshu/Wanxiangshu.Owner.managed-session-lifecycle.session-attachment-contract.fsproj -> Wanxiangshu.Owner.speculative-investigation.strength-event-vocabulary-contract.fsproj: module-prefix 'Delegation' (src/Wanxiangshu/Execution/Session/Attachment/ReuseScope.fsi:4, src/Wanxiangshu/Execution/Session/Attachment/ReuseScope.fs:4)
check	Run verification	2026-10-04T17:27:30.5337346Z   [low] src/Wanxiangshu/Wanxiangshu.Owner.managed-session-lifecycle.session-attachment-runtime.fsproj -> Wanxiangshu.Owner.context-compression.context-companion-companionfactfold.fsproj: type-name 'Companion' (src/Wanxiangshu/Execution/Session/Attachment/AttachmentSurface.fs:295, src/Wanxiangshu/Execution/Session/Attachment/AttachmentSurface.fs:390, src/Wanxiangshu/Execution/Session/Attachment/CompanionLeaseRuntime.fs:41)
check	Run verification	2026-10-04T17:27:30.5340996Z   [high] src/Wanxiangshu/Wanxiangshu.Owner.managed-session-lifecycle.session-attachment-runtime.fsproj -> Wanxiangshu.Owner.speculative-investigation.strength-event-vocabulary-contract.fsproj: module-prefix 'Delegation' (src/Wanxiangshu/Execution/Session/Attachment/AttachedRuntime.fsi:4, src/Wanxiangshu/Execution/Session/Attachment/AttachedRuntime.fs:5, src/Wanxiangshu/Execution/Session/Attachment/AttachmentSurface.fs:6)
check	Run verification	2026-10-04T17:27:30.5343762Z   [low] src/Wanxiangshu/Wanxiangshu.Owner.managed-session-lifecycle.session-attachment-runtime.fsproj -> Wanxiangshu.Owner.opencode-plugin.plugin-composition.fsproj: type-name 'Host' (src/Wanxiangshu/Execution/Session/Attachment/CompanionLeaseRuntime.fsi:8)
check	Run verification	2026-10-04T17:27:30.5346484Z   [low] src/Wanxiangshu/Wanxiangshu.Owner.managed-session-lifecycle.session-attachment-runtime.fsproj -> Wanxiangshu.Owner.dispatch-protocol.foundation-llm-facing.fsproj: type-name 'Value' (src/Wanxiangshu/Execution/Session/Attachment/AttachmentSurface.fs:107, src/Wanxiangshu/Execution/Session/Attachment/AttachmentSurface.fs:107, src/Wanxiangshu/Execution/Session/Attachment/AttachmentSurface.fs:108)
check	Run verification	2026-10-04T17:27:30.5351032Z   [high] src/Wanxiangshu/Wanxiangshu.Owner.managed-session-lifecycle.session-attachment-runtime.fsproj -> Wanxiangshu.Owner.guidance-delivery.opencode-host-pairprogrammingcalibration.fsproj, Wanxiangshu.Owner.host-boundary.host-diagnostics-runtime.fsproj, Wanxiangshu.Owner.host-boundary.opencode-host-fissionhostsurface.fsproj, Wanxiangshu.Owner.opencode-plugin.plugin-composition.fsproj, Wanxiangshu.Owner.requirement-grounding.opencode-host-requirementgrounding-runtime.fsproj: open 'Wanxiangshu.OpenCode.Host' (src/Wanxiangshu/Execution/Session/Attachment/CompanionLeaseRuntime.fsi:8)
check	Run verification	2026-10-04T17:27:30.5356200Z   [high] src/Wanxiangshu/Wanxiangshu.Owner.managed-session-lifecycle.session-attachment-runtime.fsproj -> Wanxiangshu.Owner.guidance-delivery.opencode-host-pairprogrammingcalibration.fsproj, Wanxiangshu.Owner.host-boundary.host-diagnostics-runtime.fsproj, Wanxiangshu.Owner.host-boundary.opencode-host-fissionhostsurface.fsproj, Wanxiangshu.Owner.opencode-plugin.plugin-composition.fsproj, Wanxiangshu.Owner.requirement-grounding.opencode-host-requirementgrounding-runtime.fsproj: qualified 'Wanxiangshu.OpenCode.Host' (src/Wanxiangshu/Execution/Session/Attachment/CompanionLeaseRuntime.fsi:8)
check	Run verification	2026-10-04T17:27:30.5359932Z   [low] src/Wanxiangshu/Wanxiangshu.Owner.office-capability.foundation-officecapability.fsproj -> Wanxiangshu.Owner.change-integration.git-integrationgate.fsproj: type-name 'Orchestrator' (src/Wanxiangshu/Foundation/OfficeCapability.fs:60)
check	Run verification	2026-10-04T17:27:30.5362416Z   [high] src/Wanxiangshu/Wanxiangshu.Owner.opencode-plugin.plugin-composition.fsproj -> Wanxiangshu.Owner.dispatch-protocol.chat-admission-transaction.fsproj: module-prefix 'ProviderLifecycle' (src/Wanxiangshu/OpenCode/Plugin/PluginTransforms.fs:103, src/Wanxiangshu/OpenCode/Plugin/PluginTransforms.fs:111, src/Wanxiangshu/OpenCode/Plugin/PluginTransforms.fs:249)
check	Run verification	2026-10-04T17:27:30.5364897Z   [low] src/Wanxiangshu/Wanxiangshu.Owner.opencode-plugin.plugin-composition.fsproj -> Wanxiangshu.Owner.dispatch-protocol.chat-admission-transaction.fsproj: type-name 'ProviderStartObservationError' (src/Wanxiangshu/OpenCode/Plugin/PluginTransforms.fs:103)
check	Run verification	2026-10-04T17:27:30.5367400Z   [low] src/Wanxiangshu/Wanxiangshu.Owner.opencode-plugin.plugin-composition.fsproj -> Wanxiangshu.Owner.action-affordance.runtime.fsproj: type-name 'Tool' (src/Wanxiangshu/OpenCode/Host/ManagerReviewContract.fsi:8, src/Wanxiangshu/OpenCode/Host/ManagerReviewContract.fs:12, src/Wanxiangshu/OpenCode/Host/ManagerReviewContract.fs:120)
check	Run verification	2026-10-04T17:27:30.5370035Z   [low] src/Wanxiangshu/Wanxiangshu.Owner.participant-horizon.execution-session-opencode-horizontool.fsproj -> Wanxiangshu.Owner.context-compression.context-companion-companionfactfold.fsproj: static-member 'Companion' (src/Wanxiangshu/Execution/Session/OpenCode/HorizonTool.fs:6)
check	Run verification	2026-10-04T17:27:30.5372408Z   [low] src/Wanxiangshu/Wanxiangshu.Owner.participant-horizon.execution-session-opencode-horizontool.fsproj -> Wanxiangshu.Owner.context-compression.context-companion-companionfactfold.fsproj: type-name 'Companion' (src/Wanxiangshu/Execution/Session/OpenCode/HorizonTool.fs:6)
check	Run verification	2026-10-04T17:27:30.5374667Z   [low] src/Wanxiangshu/Wanxiangshu.Owner.participant-horizon.execution-session-opencode-horizontool.fsproj -> Wanxiangshu.Owner.behavior-diagnosis.enforcer-continuation.fsproj: type-name 'Context' (src/Wanxiangshu/Execution/Session/OpenCode/HorizonTool.fs:6)
check	Run verification	2026-10-04T17:27:30.5377613Z   [high] src/Wanxiangshu/Wanxiangshu.Owner.participant-horizon.execution-session-opencode-horizontool.fsproj -> Wanxiangshu.Owner.speculative-investigation.strength-event-vocabulary-contract.fsproj: module-prefix 'Delegation' (src/Wanxiangshu/Execution/Session/OpenCode/HorizonTool.fsi:6, src/Wanxiangshu/Execution/Session/OpenCode/HorizonTool.fs:8, src/Wanxiangshu/Execution/Session/OpenCode/HorizonTool.fs:9)
check	Run verification	2026-10-04T17:27:30.5380963Z   [low] src/Wanxiangshu/Wanxiangshu.Owner.participant-horizon.execution-session-opencode-horizontool.fsproj -> Wanxiangshu.Owner.opencode-plugin.plugin-composition.fsproj: type-name 'Host' (src/Wanxiangshu/Execution/Session/OpenCode/HorizonTool.fsi:6, src/Wanxiangshu/Execution/Session/OpenCode/HorizonTool.fs:8, src/Wanxiangshu/Execution/Session/OpenCode/HorizonTool.fs:12)
check	Run verification	2026-10-04T17:27:30.5383732Z   [high] src/Wanxiangshu/Wanxiangshu.Owner.participant-horizon.opencode-host-messagevisibility.fsproj -> Wanxiangshu.Owner.time-capability.process-deadline-contract.fsproj: module-prefix 'Deadline' (src/Wanxiangshu/OpenCode/Host/MessageVisibility.fs:54, src/Wanxiangshu/OpenCode/Host/MessageVisibility.fs:73)
check	Run verification	2026-10-04T17:27:30.5386456Z   [low] src/Wanxiangshu/Wanxiangshu.Owner.participant-horizon.opencode-host-messagevisibility.fsproj -> Wanxiangshu.Owner.time-capability.process-deadline-contract.fsproj: type-name 'Deadline' (src/Wanxiangshu/OpenCode/Host/MessageVisibility.fs:18, src/Wanxiangshu/OpenCode/Host/MessageVisibility.fs:54, src/Wanxiangshu/OpenCode/Host/MessageVisibility.fs:66)
check	Run verification	2026-10-04T17:27:30.5389204Z   [low] src/Wanxiangshu/Wanxiangshu.Owner.participant-identity.foundation-roles.fsproj -> Wanxiangshu.Owner.change-integration.git-integrationgate.fsproj: type-name 'Orchestrator' (src/Wanxiangshu/Foundation/Roles.fsi:6, src/Wanxiangshu/Foundation/Roles.fs:8, src/Wanxiangshu/Foundation/Roles.fs:21)
check	Run verification	2026-10-04T17:27:30.5391354Z   [low] src/Wanxiangshu/Wanxiangshu.Owner.participant-identity.participant-persona.fsproj -> Wanxiangshu.Owner.change-integration.git-integrationgate.fsproj: type-name 'Orchestrator' (src/Wanxiangshu/Participant/Persona/Catalog.fs:68)
check	Run verification	2026-10-04T17:27:30.5393744Z   [low] src/Wanxiangshu/Wanxiangshu.Owner.participant-identity.participant-persona.fsproj -> Wanxiangshu.Owner.session-ontology.execution-session-syncdelegaterole.fsproj: type-name 'Origin' (src/Wanxiangshu/Participant/Persona/Identity.fsi:33, src/Wanxiangshu/Participant/Persona/Identity.fs:34, src/Wanxiangshu/Participant/Persona/Identity.fs:55)
check	Run verification	2026-10-04T17:27:30.5396062Z   [low] src/Wanxiangshu/Wanxiangshu.Owner.participant-identity.participant-persona.fsproj -> Wanxiangshu.Owner.dispatch-protocol.foundation-llm-facing.fsproj: type-name 'Value' (src/Wanxiangshu/Participant/Persona/Identity.fs:92)
check	Run verification	2026-10-04T17:27:30.5398406Z   [low] src/Wanxiangshu/Wanxiangshu.Owner.prefix-stability.context-prefix-candidate.fsproj -> Wanxiangshu.Owner.behavior-diagnosis.enforcer-continuation.fsproj: type-name 'Context' (src/Wanxiangshu/Context/Prefix/Candidate.fsi:1, src/Wanxiangshu/Context/Prefix/Candidate.fs:1)
check	Run verification	2026-10-04T17:27:30.5400606Z   [low] src/Wanxiangshu/Wanxiangshu.Owner.prefix-stability.context-prefix-wire-port.fsproj -> Wanxiangshu.Owner.epistemic-reasoning.sphinx-v2-core.fsproj: type-name 'Attempt' (src/Wanxiangshu/Context/Prefix/WirePort.fsi:8, src/Wanxiangshu/Context/Prefix/WirePort.fs:8)
check	Run verification	2026-10-04T17:27:30.5403045Z   [low] src/Wanxiangshu/Wanxiangshu.Owner.prefix-stability.context-prefix-wire-port.fsproj -> Wanxiangshu.Owner.context-compression.context-companion-companionfactfold.fsproj: static-member 'Companion' (src/Wanxiangshu/Context/Prefix/WirePort.fsi:4, src/Wanxiangshu/Context/Prefix/WirePort.fs:4)
check	Run verification	2026-10-04T17:27:30.5405463Z   [low] src/Wanxiangshu/Wanxiangshu.Owner.prefix-stability.context-prefix-wire-port.fsproj -> Wanxiangshu.Owner.context-compression.context-companion-companionfactfold.fsproj: type-name 'Companion' (src/Wanxiangshu/Context/Prefix/WirePort.fsi:4, src/Wanxiangshu/Context/Prefix/WirePort.fs:4)
check	Run verification	2026-10-04T17:27:30.5408118Z   [low] src/Wanxiangshu/Wanxiangshu.Owner.prefix-stability.context-prefix-wire-port.fsproj -> Wanxiangshu.Owner.behavior-diagnosis.enforcer-continuation.fsproj: type-name 'Context' (src/Wanxiangshu/Context/Prefix/WirePort.fsi:1, src/Wanxiangshu/Context/Prefix/WirePort.fsi:4, src/Wanxiangshu/Context/Prefix/WirePort.fsi:5)
check	Run verification	2026-10-04T17:27:30.5410593Z   [low] src/Wanxiangshu/Wanxiangshu.Owner.prefix-stability.context-prefix-wire.fsproj -> Wanxiangshu.Owner.epistemic-reasoning.sphinx-v2-core.fsproj: type-name 'Attempt' (src/Wanxiangshu/Context/Prefix/Wire.fsi:7, src/Wanxiangshu/Context/Prefix/Wire.fs:19, src/Wanxiangshu/Context/Prefix/Wire.fs:20)
check	Run verification	2026-10-04T17:27:30.5413082Z   [low] src/Wanxiangshu/Wanxiangshu.Owner.prefix-stability.context-prefix-wire.fsproj -> Wanxiangshu.Owner.context-compression.context-companion-companionfactfold.fsproj: static-member 'Companion' (src/Wanxiangshu/Context/Prefix/Wire.fs:9, src/Wanxiangshu/Context/Prefix/XWireSurface.fs:14)
check	Run verification	2026-10-04T17:27:30.5415601Z   [low] src/Wanxiangshu/Wanxiangshu.Owner.prefix-stability.context-prefix-wire.fsproj -> Wanxiangshu.Owner.context-compression.context-companion-companionfactfold.fsproj: type-name 'Companion' (src/Wanxiangshu/Context/Prefix/Wire.fs:8, src/Wanxiangshu/Context/Prefix/Wire.fs:9, src/Wanxiangshu/Context/Prefix/XWireSurface.fs:13)
check	Run verification	2026-10-04T17:27:30.5418243Z   [low] src/Wanxiangshu/Wanxiangshu.Owner.prefix-stability.context-prefix-wire.fsproj -> Wanxiangshu.Owner.behavior-diagnosis.enforcer-continuation.fsproj: type-name 'Context' (src/Wanxiangshu/Context/Prefix/Wire.fsi:1, src/Wanxiangshu/Context/Prefix/Wire.fs:1, src/Wanxiangshu/Context/Prefix/Wire.fs:8)
check	Run verification	2026-10-04T17:27:30.5420413Z   [low] src/Wanxiangshu/Wanxiangshu.Owner.prefix-stability.context-prefix-wire.fsproj -> Wanxiangshu.Owner.knowledge-reuse.repository-knowledge-casebook-model.fsproj: type-name 'Entry' (src/Wanxiangshu/Context/Prefix/XWireSurface.fs:837)
check	Run verification	2026-10-04T17:27:30.5422423Z   [low] src/Wanxiangshu/Wanxiangshu.Owner.prefix-stability.context-prefix-wire.fsproj -> Wanxiangshu.Owner.opencode-plugin.plugin-composition.fsproj: type-name 'Host' (src/Wanxiangshu/Context/Prefix/Wire.fs:14, src/Wanxiangshu/Context/Prefix/XWireSurface.fs:9)
check	Run verification	2026-10-04T17:27:30.5424835Z   [low] src/Wanxiangshu/Wanxiangshu.Owner.prefix-stability.context-prefix-wire.fsproj -> Wanxiangshu.Owner.host-boundary.opencode-host-sharedstatesurface.fsproj: type-name 'PendingAttemptPlanAdmission' (src/Wanxiangshu/Context/Prefix/Wire.fsi:23, src/Wanxiangshu/Context/Prefix/Wire.fs:37, src/Wanxiangshu/Context/Prefix/Wire.fs:535)
check	Run verification	2026-10-04T17:27:30.5427644Z   [high] src/Wanxiangshu/Wanxiangshu.Owner.prefix-stability.context-prefix-wire.fsproj -> Wanxiangshu.Owner.host-boundary.opencode-host-sharedstatesurface.fsproj: module-prefix 'PendingAttemptPlanAdmission' (src/Wanxiangshu/Context/Prefix/Wire.fs:535, src/Wanxiangshu/Context/Prefix/Wire.fs:536, src/Wanxiangshu/Context/Prefix/Wire.fs:537)
check	Run verification	2026-10-04T17:27:30.5430302Z   [high] src/Wanxiangshu/Wanxiangshu.Owner.prefix-stability.context-prefix-wire.fsproj -> Wanxiangshu.Owner.epistemic-reasoning.sphinx-v2-core.fsproj: module-prefix 'Profile' (src/Wanxiangshu/Context/Prefix/Wire.fs:380, src/Wanxiangshu/Context/Prefix/XWireSurface.fs:591, src/Wanxiangshu/Context/Prefix/XWireSurface.fs:603)
check	Run verification	2026-10-04T17:27:30.5432621Z   [low] src/Wanxiangshu/Wanxiangshu.Owner.prefix-stability.mission-obligation-todo-prefixepoch.fsproj -> Wanxiangshu.Owner.epistemic-reasoning.sphinx-v2-core.fsproj: type-name 'Attempt' (src/Wanxiangshu/Context/Prefix/Surface.fs:8)
check	Run verification	2026-10-04T17:27:30.5435081Z   [low] src/Wanxiangshu/Wanxiangshu.Owner.prefix-stability.mission-obligation-todo-prefixepoch.fsproj -> Wanxiangshu.Owner.context-compression.context-companion-companionfactfold.fsproj: type-name 'Companion' (src/Wanxiangshu/Context/Prefix/ProbeSelection.fs:3, src/Wanxiangshu/Context/Prefix/Projection.fs:3, src/Wanxiangshu/Context/Prefix/Surface.fs:7)
check	Run verification	2026-10-04T17:27:30.5438439Z   [low] src/Wanxiangshu/Wanxiangshu.Owner.prefix-stability.mission-obligation-todo-prefixepoch.fsproj -> Wanxiangshu.Owner.behavior-diagnosis.enforcer-continuation.fsproj: type-name 'Context' (src/Wanxiangshu/Context/Prefix/ProbeSelection.fsi:1, src/Wanxiangshu/Context/Prefix/ProbeSelection.fs:1, src/Wanxiangshu/Context/Prefix/ProbeSelection.fs:3)
check	Run verification	2026-10-04T17:27:30.5441023Z   [low] src/Wanxiangshu/Wanxiangshu.Owner.process-execution.host-contract-toolresultbound.fsproj -> Wanxiangshu.Owner.opencode-plugin.plugin-composition.fsproj: type-name 'Host' (src/Wanxiangshu/Host/Contract/ToolResultBound.fsi:1, src/Wanxiangshu/Host/Contract/ToolResultBound.fs:1)
check	Run verification	2026-10-04T17:27:30.5443629Z   [low] src/Wanxiangshu/Wanxiangshu.Owner.process-execution.process-processrequest.fsproj -> Wanxiangshu.Owner.dispatch-protocol.foundation-llm-facing.fsproj: type-name 'Value' (src/Wanxiangshu/Process/NodeProcessHost.fs:156, src/Wanxiangshu/Process/NodeProcessHost.fs:176, src/Wanxiangshu/Process/NodeProcessHost.fs:180)
check	Run verification	2026-10-04T17:27:30.5446503Z   [low] src/Wanxiangshu/Wanxiangshu.Owner.provider-attempt-recovery.composition-turn-ordinaryturnworkflow.fsproj -> Wanxiangshu.Owner.behavior-diagnosis.enforcer-continuation.fsproj: type-name 'Context' (src/Wanxiangshu/Composition/Turn/OrdinaryTurnWorkflow.fsi:5, src/Wanxiangshu/Composition/Turn/OrdinaryTurnWorkflow.fs:6, src/Wanxiangshu/Composition/Turn/OrdinaryTurnWorkflow.fs:7)
check	Run verification	2026-10-04T17:27:30.5449393Z   [low] src/Wanxiangshu/Wanxiangshu.Owner.provider-attempt-recovery.composition-turn-ordinaryturnworkflow.fsproj -> Wanxiangshu.Owner.knowledge-reuse.repository-knowledge-casebook-model.fsproj: type-name 'Entry' (src/Wanxiangshu/Composition/Turn/OrdinaryTurnWorkflow.fs:48)
check	Run verification	2026-10-04T17:27:30.5451613Z   [low] src/Wanxiangshu/Wanxiangshu.Owner.provider-attempt-recovery.composition-turn-ordinaryturnworkflow.fsproj -> Wanxiangshu.Owner.opencode-plugin.plugin-composition.fsproj: type-name 'Host' (src/Wanxiangshu/Composition/Turn/OrdinaryTurnWorkflow.fs:15)
check	Run verification	2026-10-04T17:27:30.5454281Z   [low] src/Wanxiangshu/Wanxiangshu.Owner.provider-attempt-recovery.participant-provider-attempt-failure.fsproj -> Wanxiangshu.Owner.epistemic-reasoning.sphinx-v2-core.fsproj: type-name 'Attempt' (src/Wanxiangshu/Participant/Provider/Attempt/Failure.fsi:1, src/Wanxiangshu/Participant/Provider/Attempt/Failure.fs:1, src/Wanxiangshu/Participant/Provider/Attempt/FailureSurface.fsi:1)
check	Run verification	2026-10-04T17:27:30.5457608Z   [low] src/Wanxiangshu/Wanxiangshu.Owner.provider-attempt-recovery.participant-provider-attempt-failure.fsproj -> Wanxiangshu.Owner.execution-failure-policy.execution-failure-model.fsproj: type-name 'ExecutionFailure' (src/Wanxiangshu/Participant/Provider/Attempt/Failure.fsi:19, src/Wanxiangshu/Participant/Provider/Attempt/Failure.fs:19, src/Wanxiangshu/Participant/Provider/Attempt/Failure.fs:32)
check	Run verification	2026-10-04T17:27:30.5460912Z   [low] src/Wanxiangshu/Wanxiangshu.Owner.provider-attempt-recovery.participant-provider-attempt-failure.fsproj -> Wanxiangshu.Owner.execution-failure-policy.execution-failure-model.fsproj: static-member 'ExecutionFailure' (src/Wanxiangshu/Participant/Provider/Attempt/Failure.fs:32, src/Wanxiangshu/Participant/Provider/Attempt/Failure.fs:33, src/Wanxiangshu/Participant/Provider/Attempt/Failure.fs:34)
check	Run verification	2026-10-04T17:27:30.5464658Z   [high] src/Wanxiangshu/Wanxiangshu.Owner.provider-attempt-recovery.participant-provider-attempt-failure.fsproj -> Wanxiangshu.Owner.execution-failure-policy.execution-failure-decision.fsproj, Wanxiangshu.Owner.execution-failure-policy.execution-failure-model.fsproj: open 'Wanxiangshu.Execution.Failure' (src/Wanxiangshu/Participant/Provider/Attempt/Failure.fsi:3, src/Wanxiangshu/Participant/Provider/Attempt/Failure.fs:3, src/Wanxiangshu/Participant/Provider/Attempt/FailureSurface.fs:6)
check	Run verification	2026-10-04T17:27:30.5469066Z   [high] src/Wanxiangshu/Wanxiangshu.Owner.provider-attempt-recovery.participant-provider-attempt-failure.fsproj -> Wanxiangshu.Owner.execution-failure-policy.execution-failure-decision.fsproj, Wanxiangshu.Owner.execution-failure-policy.execution-failure-model.fsproj: qualified 'Wanxiangshu.Execution.Failure' (src/Wanxiangshu/Participant/Provider/Attempt/Failure.fsi:3, src/Wanxiangshu/Participant/Provider/Attempt/Failure.fs:3, src/Wanxiangshu/Participant/Provider/Attempt/FailureSurface.fs:6)
check	Run verification	2026-10-04T17:27:30.5472766Z   [low] src/Wanxiangshu/Wanxiangshu.Owner.provider-attempt-recovery.participant-provider-attempt-fallback-fact.fsproj -> Wanxiangshu.Owner.epistemic-reasoning.sphinx-v2-core.fsproj: type-name 'Attempt' (src/Wanxiangshu/Participant/Provider/Attempt/FailureBudget.fsi:1, src/Wanxiangshu/Participant/Provider/Attempt/FailureBudget.fs:1, src/Wanxiangshu/Participant/Provider/Attempt/RetryPolicy.fsi:1)
check	Run verification	2026-10-04T17:27:30.5475646Z   [high] src/Wanxiangshu/Wanxiangshu.Owner.provider-attempt-recovery.participant-provider-attempt-fallback-fact.fsproj -> Wanxiangshu.Owner.epistemic-reasoning.sphinx-v2-core.fsproj: module-prefix 'Budget' (src/Wanxiangshu/Participant/Provider/Attempt/Fallback/Projection.fs:57)
check	Run verification	2026-10-04T17:27:30.5478675Z   [low] src/Wanxiangshu/Wanxiangshu.Owner.provider-attempt-recovery.participant-provider-attempt-fallback-facts.fsproj -> Wanxiangshu.Owner.epistemic-reasoning.sphinx-v2-core.fsproj: type-name 'Attempt' (src/Wanxiangshu/Participant/Provider/Attempt/Fallback/Facts.fsi:1, src/Wanxiangshu/Participant/Provider/Attempt/Fallback/Facts.fs:1)
check	Run verification	2026-10-04T17:27:30.5482022Z   [low] src/Wanxiangshu/Wanxiangshu.Owner.provider-attempt-recovery.participant-provider-attempt-fallback-fold.fsproj -> Wanxiangshu.Owner.epistemic-reasoning.sphinx-v2-core.fsproj: type-name 'Attempt' (src/Wanxiangshu/Participant/Provider/Attempt/Fallback/ProviderFailureFactFold.fsi:1, src/Wanxiangshu/Participant/Provider/Attempt/Fallback/ProviderFailureFactFold.fs:1, src/Wanxiangshu/Participant/Provider/Attempt/Fallback/ProviderFailureFactFold.fs:4)
check	Run verification	2026-10-04T17:27:30.5485533Z   [low] src/Wanxiangshu/Wanxiangshu.Owner.provider-attempt-recovery.participant-provider-attempt-fallback-fold.fsproj -> Wanxiangshu.Owner.provider-attempt-recovery.participant-provider-attempt-failure.fsproj: type-name 'ProviderFailureEvidence' (src/Wanxiangshu/Participant/Provider/Attempt/Fallback/Evidence.fsi:7, src/Wanxiangshu/Participant/Provider/Attempt/Fallback/Evidence.fs:7)
check	Run verification	2026-10-04T17:27:30.5488972Z   [low] src/Wanxiangshu/Wanxiangshu.Owner.provider-attempt-recovery.participant-provider-attempt-fallback-ledger.fsproj -> Wanxiangshu.Owner.epistemic-reasoning.sphinx-v2-core.fsproj: type-name 'Attempt' (src/Wanxiangshu/Participant/Provider/Attempt/Fallback/Ledger.fsi:1, src/Wanxiangshu/Participant/Provider/Attempt/Fallback/Ledger.fs:1, src/Wanxiangshu/Participant/Provider/Attempt/Fallback/Ledger.fs:7)
check	Run verification	2026-10-04T17:27:30.5492061Z   [high] src/Wanxiangshu/Wanxiangshu.Owner.provider-attempt-recovery.participant-provider-attempt-fallback-ledger.fsproj -> Wanxiangshu.Owner.epistemic-reasoning.sphinx-v2-core.fsproj: module-prefix 'Budget' (src/Wanxiangshu/Participant/Provider/Attempt/Fallback/Ledger.fs:141, src/Wanxiangshu/Participant/Provider/Attempt/Fallback/Ledger.fs:207)
check	Run verification	2026-10-04T17:27:30.5495434Z   [high] src/Wanxiangshu/Wanxiangshu.Owner.provider-attempt-recovery.participant-provider-attempt-fallback-ledger.fsproj -> Wanxiangshu.Owner.provider-language.participant-provider-language.fsproj, Wanxiangshu.Owner.provider-language.participant-provider-languagesurface.fsproj, Wanxiangshu.Owner.runtime-platform.language.fsproj: open 'Wanxiangshu.Participant.Provider' (src/Wanxiangshu/Participant/Provider/Attempt/Fallback/Ledger.fs:6)
check	Run verification	2026-10-04T17:27:30.5499573Z   [high] src/Wanxiangshu/Wanxiangshu.Owner.provider-attempt-recovery.participant-provider-attempt-fallback-ledger.fsproj -> Wanxiangshu.Owner.provider-language.participant-provider-language.fsproj, Wanxiangshu.Owner.provider-language.participant-provider-languagesurface.fsproj, Wanxiangshu.Owner.runtime-platform.language.fsproj: qualified 'Wanxiangshu.Participant.Provider' (src/Wanxiangshu/Participant/Provider/Attempt/Fallback/Ledger.fs:6)
check	Run verification	2026-10-04T17:27:30.5502833Z   [low] src/Wanxiangshu/Wanxiangshu.Owner.provider-attempt-recovery.participant-provider-attempt-requestkind.fsproj -> Wanxiangshu.Owner.epistemic-reasoning.sphinx-v2-core.fsproj: type-name 'Attempt' (src/Wanxiangshu/Participant/Provider/Attempt/RequestKind.fsi:1, src/Wanxiangshu/Participant/Provider/Attempt/RequestKind.fs:1)
check	Run verification	2026-10-04T17:27:30.5505306Z   [low] src/Wanxiangshu/Wanxiangshu.Owner.provider-attempt-recovery.provider-failure-surface.fsproj -> Wanxiangshu.Owner.behavior-diagnosis.enforcer-continuation.fsproj: type-name 'Context' (src/Wanxiangshu/Participant/Provider/Attempt/Fallback/ProviderFailureSurface.fs:7)
check	Run verification	2026-10-04T17:27:30.5508444Z   [low] src/Wanxiangshu/Wanxiangshu.Owner.provider-attempt-recovery.provider-failure-surface.fsproj -> Wanxiangshu.Owner.provider-attempt-recovery.participant-provider-attempt-failure.fsproj: type-name 'ProviderFailureEvidence' (src/Wanxiangshu/Participant/Provider/Attempt/Fallback/ProviderFailureSurface.fs:573, src/Wanxiangshu/Participant/Provider/Attempt/Fallback/ProviderFailureSurface.fs:737)
check	Run verification	2026-10-04T17:27:30.5511560Z   [low] src/Wanxiangshu/Wanxiangshu.Owner.provider-projection.opencode-codec-providerwiredecode.fsproj -> Wanxiangshu.Owner.opencode-plugin.plugin-composition.fsproj: type-name 'Host' (src/Wanxiangshu/OpenCode/Codec/ProviderWireDecode.fs:9, src/Wanxiangshu/OpenCode/Codec/ProviderWireCapture.fs:7, src/Wanxiangshu/OpenCode/Codec/ProjectionMessageEdit.fs:8)
check	Run verification	2026-10-04T17:27:30.5513899Z   [low] src/Wanxiangshu/Wanxiangshu.Owner.relay-assessment.mission-relay-reviewtool.fsproj -> Wanxiangshu.Owner.opencode-plugin.plugin-composition.fsproj: type-name 'Host' (src/Wanxiangshu/Mission/Relay/OpenCode/ReviewTool.fs:11)
check	Run verification	2026-10-04T17:27:30.5515831Z   [low] src/Wanxiangshu/Wanxiangshu.Owner.relay-assessment.mission-relay-workspace-snapshot.fsproj -> Wanxiangshu.Owner.opencode-plugin.plugin-composition.fsproj: type-name 'Host' (src/Wanxiangshu/Mission/Relay/OpenCode/WorkspaceSnapshot.fs:4)
check	Run verification	2026-10-04T17:27:30.5518560Z   [low] src/Wanxiangshu/Wanxiangshu.Owner.relay-incumbency.mission-relay-core.fsproj -> Wanxiangshu.Owner.interaction-authority.opencode-host-chatadmission-intent.fsproj: type-name 'Decision' (src/Wanxiangshu/Mission/Relay/Fold.fsi:46, src/Wanxiangshu/Mission/Relay/Fold.fs:783, src/Wanxiangshu/Mission/Relay/Surface.fs:32)
check	Run verification	2026-10-04T17:27:30.5521109Z   [low] src/Wanxiangshu/Wanxiangshu.Owner.relay-incumbency.mission-relay-core.fsproj -> Wanxiangshu.Owner.epistemic-reasoning.sphinx-v2-core.fsproj: type-name 'SnapshotId' (src/Wanxiangshu/Mission/Relay/Contract.fsi:105, src/Wanxiangshu/Mission/Relay/Contract.fsi:123, src/Wanxiangshu/Mission/Relay/Contract.fs:151)
check	Run verification	2026-10-04T17:27:30.5523614Z   [low] src/Wanxiangshu/Wanxiangshu.Owner.relay-incumbency.mission-relay-core.fsproj -> Wanxiangshu.Owner.dispatch-protocol.foundation-identity.fsproj: type-name 'ToolCallId' (src/Wanxiangshu/Mission/Relay/Contract.fsi:87, src/Wanxiangshu/Mission/Relay/Contract.fsi:118, src/Wanxiangshu/Mission/Relay/Contract.fs:133)
check	Run verification	2026-10-04T17:27:30.5525988Z   [low] src/Wanxiangshu/Wanxiangshu.Owner.relay-retirement.composition-turn-workflow.fsproj -> Wanxiangshu.Owner.behavior-diagnosis.enforcer-continuation.fsproj: type-name 'Context' (src/Wanxiangshu/Composition/Turn/Workflow.fsi:5, src/Wanxiangshu/Composition/Turn/Workflow.fs:5)
check	Run verification	2026-10-04T17:27:30.5528698Z   [low] src/Wanxiangshu/Wanxiangshu.Owner.relay-retirement.composition-turn-workflow.fsproj -> Wanxiangshu.Owner.opencode-plugin.plugin-composition.fsproj: type-name 'Host' (src/Wanxiangshu/Mission/Manager/Workflow.fsi:6, src/Wanxiangshu/Mission/Manager/Workflow.fs:10, src/Wanxiangshu/Composition/Turn/Workflow.fs:10)
check	Run verification	2026-10-04T17:27:30.5531036Z   [low] src/Wanxiangshu/Wanxiangshu.Owner.relay-retirement.mission-relay-suicidetool.fsproj -> Wanxiangshu.Owner.opencode-plugin.plugin-composition.fsproj: type-name 'Host' (src/Wanxiangshu/Mission/Relay/OpenCode/SuicideTool.fs:11)
check	Run verification	2026-10-04T17:27:30.5533639Z   [high] src/Wanxiangshu/Wanxiangshu.Owner.repository-programming.repository-programming-js-capability.fsproj -> Wanxiangshu.Owner.epistemic-reasoning.sphinx-v2-core.fsproj: module-prefix 'Decode' (src/Wanxiangshu/Repository/Programming/Js/TransactionStore.fs:38, src/Wanxiangshu/Repository/Programming/Js/TransactionStore.fs:39, src/Wanxiangshu/Repository/Programming/Js/TransactionStore.fs:40)
check	Run verification	2026-10-04T17:27:30.5536970Z   [high] src/Wanxiangshu/Wanxiangshu.Owner.repository-programming.repository-programming-js-capability.fsproj -> Wanxiangshu.Owner.epistemic-reasoning.sphinx-v2-core.fsproj: module-prefix 'Encode' (src/Wanxiangshu/Repository/Programming/Js/TransactionStore.fs:29, src/Wanxiangshu/Repository/Programming/Js/TransactionStore.fs:30, src/Wanxiangshu/Repository/Programming/Js/TransactionStore.fs:33)
check	Run verification	2026-10-04T17:27:30.5540307Z   [low] src/Wanxiangshu/Wanxiangshu.Owner.repository-programming.repository-programming-js-capability.fsproj -> Wanxiangshu.Owner.dispatch-protocol.foundation-llm-facing.fsproj: type-name 'Field' (src/Wanxiangshu/Repository/Programming/Js/TransactionStore.fs:39, src/Wanxiangshu/Repository/Programming/Js/TransactionStore.fs:40, src/Wanxiangshu/Repository/Programming/Js/TransactionStore.fs:41)
check	Run verification	2026-10-04T17:27:30.5543434Z   [low] src/Wanxiangshu/Wanxiangshu.Owner.repository-programming.repository-programming-js-capability.fsproj -> Wanxiangshu.Owner.session-ontology.execution-session-syncdelegaterole.fsproj: type-name 'Spec' (src/Wanxiangshu/Repository/Programming/Js/Anchor.fsi:9, src/Wanxiangshu/Repository/Programming/Js/Anchor.fs:16, src/Wanxiangshu/Repository/Programming/Js/Anchor.fs:28)
check	Run verification	2026-10-04T17:27:30.5546378Z   [low] src/Wanxiangshu/Wanxiangshu.Owner.repository-programming.repository-programming-js-capability.fsproj -> Wanxiangshu.Owner.durable-events.persistence-journal-promptfactcodec.fsproj: type-name 'StreamId' (src/Wanxiangshu/Repository/Programming/Js/TransactionStore.fs:92, src/Wanxiangshu/Repository/Programming/Js/TransactionStore.fs:117)
check	Run verification	2026-10-04T17:27:30.5549594Z   [low] src/Wanxiangshu/Wanxiangshu.Owner.repository-programming.runtime.fsproj -> Wanxiangshu.Owner.session-ontology.execution-session-syncdelegaterole.fsproj: type-name 'Spec' (src/Wanxiangshu/Repository/Programming/Js/TransactionSurface.fs:63, src/Wanxiangshu/Repository/Programming/Js/OpenCode/ToolHostSurface.fs:15, src/Wanxiangshu/Repository/Programming/Js/OpenCode/ToolHostSurface.fs:54)
check	Run verification	2026-10-04T17:27:30.5552795Z   [low] src/Wanxiangshu/Wanxiangshu.Owner.repository-programming.runtime.fsproj -> Wanxiangshu.Owner.session-ontology.execution-session-syncdelegaterole.fsproj: static-member 'Spec' (src/Wanxiangshu/Repository/Programming/Js/OpenCode/ToolHostSurface.fs:54, src/Wanxiangshu/Repository/Programming/Js/OpenCode/ToolHostSurface.fs:57, src/Wanxiangshu/Repository/Programming/Js/OpenCode/ToolHostSurface.fs:60)
check	Run verification	2026-10-04T17:27:30.5555441Z   [low] src/Wanxiangshu/Wanxiangshu.Owner.repository-programming.runtime.fsproj -> Wanxiangshu.Owner.dispatch-protocol.interaction-dispatch-opencode-ingresscodec.fsproj: type-name 'Store' (src/Wanxiangshu/Repository/Programming/Js/TransactionSurface.fs:162)
check	Run verification	2026-10-04T17:27:30.5557808Z   [low] src/Wanxiangshu/Wanxiangshu.Owner.requirement-grounding.host-fact.fsproj -> Wanxiangshu.Owner.opencode-plugin.plugin-composition.fsproj: type-name 'Host' (src/Wanxiangshu/Host/Fact.fsi:1, src/Wanxiangshu/Host/Fact.fs:1, src/Wanxiangshu/Host/Fact.fs:7)
check	Run verification	2026-10-04T17:27:30.5559901Z   [low] src/Wanxiangshu/Wanxiangshu.Owner.requirement-grounding.host-fact.fsproj -> Wanxiangshu.Owner.host-provider-failure-ownership.opencode-host-providerfailurepresentation.fsproj: type-name 'Presentation' (src/Wanxiangshu/Host/Fact.fsi:42)
check	Run verification	2026-10-04T17:27:30.5562256Z   [low] src/Wanxiangshu/Wanxiangshu.Owner.requirement-grounding.opencode-host-requirementgrounding-runtime.fsproj -> Wanxiangshu.Owner.behavior-diagnosis.enforcer-continuation.fsproj: type-name 'Context' (src/Wanxiangshu/OpenCode/Host/RequirementGroundingSurface.fs:8)
check	Run verification	2026-10-04T17:27:30.5565062Z   [low] src/Wanxiangshu/Wanxiangshu.Owner.requirement-grounding.opencode-host-requirementgrounding-runtime.fsproj -> Wanxiangshu.Owner.opencode-plugin.plugin-composition.fsproj: static-member 'Host' (src/Wanxiangshu/OpenCode/Host/RequirementGrounding/Runtime.fsi:1, src/Wanxiangshu/OpenCode/Host/RequirementGrounding/Runtime.fsi:5, src/Wanxiangshu/OpenCode/Host/RequirementGrounding/Runtime.fs:1)
check	Run verification	2026-10-04T17:27:30.5568640Z   [low] src/Wanxiangshu/Wanxiangshu.Owner.requirement-grounding.opencode-host-requirementgrounding-runtime.fsproj -> Wanxiangshu.Owner.opencode-plugin.plugin-composition.fsproj: type-name 'Host' (src/Wanxiangshu/OpenCode/Host/RequirementGrounding/Runtime.fsi:1, src/Wanxiangshu/OpenCode/Host/RequirementGrounding/Runtime.fsi:5, src/Wanxiangshu/OpenCode/Host/RequirementGrounding/Runtime.fs:1)
check	Run verification	2026-10-04T17:27:30.5571580Z   [low] src/Wanxiangshu/Wanxiangshu.Owner.requirement-grounding.requirement-grounding-model.fsproj -> Wanxiangshu.Owner.opencode-plugin.plugin-composition.fsproj: type-name 'Host' (src/Wanxiangshu/Requirement/Grounding/Model.fs:3, src/Wanxiangshu/Host/Facts.fsi:1, src/Wanxiangshu/Host/Facts.fs:1)
check	Run verification	2026-10-04T17:27:30.5574034Z   [low] src/Wanxiangshu/Wanxiangshu.Owner.requirement-grounding.requirement-grounding-model.fsproj -> Wanxiangshu.Owner.host-provider-failure-ownership.opencode-host-providerfailurepresentation.fsproj: type-name 'Presentation' (src/Wanxiangshu/Host/Facts.fsi:37, src/Wanxiangshu/Host/Facts.fs:37)
check	Run verification	2026-10-04T17:27:30.5577045Z   [low] src/Wanxiangshu/Wanxiangshu.Owner.requirement-grounding.requirement-grounding-projection.fsproj -> Wanxiangshu.Owner.opencode-plugin.plugin-composition.fsproj: static-member 'Host' (src/Wanxiangshu/OpenCode/Host/RequirementGrounding/Projection.fsi:1, src/Wanxiangshu/OpenCode/Host/RequirementGrounding/Projection.fs:1, src/Wanxiangshu/OpenCode/Host/RequirementGrounding/Port.fsi:1)
check	Run verification	2026-10-04T17:27:30.5580204Z   [low] src/Wanxiangshu/Wanxiangshu.Owner.requirement-grounding.requirement-grounding-projection.fsproj -> Wanxiangshu.Owner.opencode-plugin.plugin-composition.fsproj: type-name 'Host' (src/Wanxiangshu/OpenCode/Host/RequirementGrounding/Projection.fsi:1, src/Wanxiangshu/OpenCode/Host/RequirementGrounding/Projection.fs:1, src/Wanxiangshu/OpenCode/Host/RequirementGrounding/Port.fsi:1)
check	Run verification	2026-10-04T17:27:30.5582608Z   [low] src/Wanxiangshu/Wanxiangshu.Owner.runtime-platform.digest.fsproj -> Wanxiangshu.Owner.opencode-plugin.plugin-composition.fsproj: type-name 'Host' (src/Wanxiangshu/Host/Digest.fsi:1, src/Wanxiangshu/Host/Digest.fs:1)
check	Run verification	2026-10-04T17:27:30.5584565Z   [low] src/Wanxiangshu/Wanxiangshu.Owner.semantic-trace.context-trace-cursor.fsproj -> Wanxiangshu.Owner.behavior-diagnosis.enforcer-continuation.fsproj: type-name 'Context' (src/Wanxiangshu/Context/Trace/Cursor.fsi:1, src/Wanxiangshu/Context/Trace/Cursor.fs:1)
check	Run verification	2026-10-04T17:27:30.5586910Z   [low] src/Wanxiangshu/Wanxiangshu.Owner.semantic-trace.context-trace-model.fsproj -> Wanxiangshu.Owner.context-compression.context-companion-companionfactfold.fsproj: static-member 'Companion' (src/Wanxiangshu/Context/Trace/Projection.fsi:3, src/Wanxiangshu/Context/Trace/Projection.fs:3)
check	Run verification	2026-10-04T17:27:30.5589272Z   [low] src/Wanxiangshu/Wanxiangshu.Owner.semantic-trace.context-trace-model.fsproj -> Wanxiangshu.Owner.context-compression.context-companion-companionfactfold.fsproj: type-name 'Companion' (src/Wanxiangshu/Context/Trace/Projection.fsi:3, src/Wanxiangshu/Context/Trace/Projection.fs:3)
check	Run verification	2026-10-04T17:27:30.5591647Z   [low] src/Wanxiangshu/Wanxiangshu.Owner.semantic-trace.context-trace-model.fsproj -> Wanxiangshu.Owner.behavior-diagnosis.enforcer-continuation.fsproj: type-name 'Context' (src/Wanxiangshu/Context/Trace/Model.fsi:1, src/Wanxiangshu/Context/Trace/Model.fs:1, src/Wanxiangshu/Context/Trace/Projection.fsi:1)
check	Run verification	2026-10-04T17:27:30.5594533Z   [low] src/Wanxiangshu/Wanxiangshu.Owner.semantic-trace.context-trace-semantictracesurface.fsproj -> Wanxiangshu.Owner.behavior-diagnosis.enforcer-continuation.fsproj: type-name 'Context' (src/Wanxiangshu/Context/Trace/SemanticTraceSurface.fsi:1, src/Wanxiangshu/Context/Trace/SemanticTraceSurface.fs:1, src/Wanxiangshu/Context/Trace/SemanticTraceSurface.fs:8)
check	Run verification	2026-10-04T17:27:30.5597775Z   [low] src/Wanxiangshu/Wanxiangshu.Owner.session-ontology.execution-session-association.fsproj -> Wanxiangshu.Owner.context-compression.context-companion-companionfactfold.fsproj: type-name 'Companion' (src/Wanxiangshu/Execution/Session/Association.fsi:6, src/Wanxiangshu/Execution/Session/Association.fs:22, src/Wanxiangshu/Execution/Session/Association.fs:94)
check	Run verification	2026-10-04T17:27:30.5600519Z   [low] src/Wanxiangshu/Wanxiangshu.Owner.session-ontology.execution-session-ownership.fsproj -> Wanxiangshu.Owner.context-compression.context-companion-companionfactfold.fsproj: type-name 'Companion' (src/Wanxiangshu/Execution/Session/Ownership.fsi:12, src/Wanxiangshu/Execution/Session/Ownership.fs:20)
check	Run verification	2026-10-04T17:27:30.5603378Z   [low] src/Wanxiangshu/Wanxiangshu.Owner.session-ontology.execution-session-syncdelegaterole.fsproj -> Wanxiangshu.Owner.context-compression.context-companion-companionfactfold.fsproj: type-name 'Companion' (src/Wanxiangshu/Execution/Session/Attachment/AttachmentLeaseCore.fs:67, src/Wanxiangshu/Execution/Session/Attachment/AttachmentLeaseCore.fs:207)
check	Run verification	2026-10-04T17:27:30.5606264Z   [low] src/Wanxiangshu/Wanxiangshu.Owner.session-ontology.execution-session-syncdelegaterole.fsproj -> Wanxiangshu.Owner.dispatch-protocol.foundation-llm-facing.fsproj: static-member 'Value' (src/Wanxiangshu/Execution/Session/Attachment/AttachmentLeaseCore.fs:256, src/Wanxiangshu/Execution/Session/Attachment/AttachmentLeaseCore.fs:272)
check	Run verification	2026-10-04T17:27:30.5609600Z   [low] src/Wanxiangshu/Wanxiangshu.Owner.session-ontology.execution-session-syncdelegaterole.fsproj -> Wanxiangshu.Owner.dispatch-protocol.foundation-llm-facing.fsproj: type-name 'Value' (src/Wanxiangshu/Execution/Session/Attachment/AttachmentLeaseCore.fs:256, src/Wanxiangshu/Execution/Session/Attachment/AttachmentLeaseCore.fs:272)
check	Run verification	2026-10-04T17:27:30.5612109Z   [low] src/Wanxiangshu/Wanxiangshu.Owner.session-ontology.opencode-host-sessionexecutionbinding.fsproj -> Wanxiangshu.Owner.behavior-diagnosis.enforcer-continuation.fsproj: type-name 'Context' (src/Wanxiangshu/OpenCode/Host/SessionExecutionBinding.fs:6)
check	Run verification	2026-10-04T17:27:30.5614524Z   [low] src/Wanxiangshu/Wanxiangshu.Owner.speculative-investigation.strength-delegation-contract.fsproj -> Wanxiangshu.Owner.epistemic-reasoning.sphinx-v2-core.fsproj: type-name 'Attempt' (src/Wanxiangshu/Strength/Policy.fsi:5, src/Wanxiangshu/Strength/Policy.fs:5)
check	Run verification	2026-10-04T17:27:30.5617117Z   [low] src/Wanxiangshu/Wanxiangshu.Owner.speculative-investigation.strength-delegation-contract.fsproj -> Wanxiangshu.Owner.epistemic-reasoning.sphinx-v2-core.fsproj: type-name 'DecisionId' (src/Wanxiangshu/Strength/Events.fsi:11, src/Wanxiangshu/Strength/Events.fsi:21, src/Wanxiangshu/Strength/Events.fsi:27)
check	Run verification	2026-10-04T17:27:30.5619905Z   [low] src/Wanxiangshu/Wanxiangshu.Owner.speculative-investigation.strength-event-vocabulary-contract.fsproj -> Wanxiangshu.Owner.epistemic-reasoning.sphinx-v2-core.fsproj: type-name 'DecisionId' (src/Wanxiangshu/Strength/Delegation.fsi:16, src/Wanxiangshu/Strength/Delegation.fsi:26, src/Wanxiangshu/Strength/Delegation.fsi:45)
check	Run verification	2026-10-04T17:27:30.5622904Z   [low] src/Wanxiangshu/Wanxiangshu.Owner.speculative-investigation.strength-event-vocabulary-contract.fsproj -> Wanxiangshu.Owner.speculative-investigation.strength-delegation-contract.fsproj: type-name 'DelegationHistoryImported' (src/Wanxiangshu/Strength/EventVocabulary.fsi:8, src/Wanxiangshu/Strength/EventVocabulary.fs:8, src/Wanxiangshu/Strength/EventVocabulary.fs:18)
check	Run verification	2026-10-04T17:27:30.5625746Z   [low] src/Wanxiangshu/Wanxiangshu.Owner.speculative-investigation.strength-frame-contract.fsproj -> Wanxiangshu.Owner.epistemic-reasoning.sphinx-v2-core.fsproj: type-name 'Attempt' (src/Wanxiangshu/Strength/Replica/BatchCollector.fs:6)
check	Run verification	2026-10-04T17:27:30.5642851Z   [high] src/Wanxiangshu/Wanxiangshu.Owner.speculative-investigation.strength-frame-contract.fsproj -> Wanxiangshu.Owner.provider-language.participant-provider-language.fsproj, Wanxiangshu.Owner.provider-language.participant-provider-languagesurface.fsproj, Wanxiangshu.Owner.runtime-platform.language.fsproj: open 'Wanxiangshu.Participant.Provider' (src/Wanxiangshu/Strength/Replica/BatchCollector.fs:5)
check	Run verification	2026-10-04T17:27:30.5646601Z   [high] src/Wanxiangshu/Wanxiangshu.Owner.speculative-investigation.strength-frame-contract.fsproj -> Wanxiangshu.Owner.provider-language.participant-provider-language.fsproj, Wanxiangshu.Owner.provider-language.participant-provider-languagesurface.fsproj, Wanxiangshu.Owner.runtime-platform.language.fsproj: qualified 'Wanxiangshu.Participant.Provider' (src/Wanxiangshu/Strength/Replica/BatchCollector.fs:5)
check	Run verification	2026-10-04T17:27:30.5650801Z   [low] src/Wanxiangshu/Wanxiangshu.Owner.speculative-investigation.strength-migration.fsproj -> Wanxiangshu.Owner.epistemic-reasoning.sphinx-v2-core.fsproj: type-name 'DecisionId' (src/Wanxiangshu/Strength/Migration/DelegationHistoryMigration.fsi:14, src/Wanxiangshu/Strength/Migration/DelegationHistoryMigration.fsi:26, src/Wanxiangshu/Strength/Migration/DelegationHistoryMigration.fs:16)
check	Run verification	2026-10-04T17:27:30.5654158Z   [high] src/Wanxiangshu/Wanxiangshu.Owner.speculative-investigation.strength-migration.fsproj -> Wanxiangshu.Owner.epistemic-reasoning.sphinx-v2-core.fsproj: module-prefix 'Decode' (src/Wanxiangshu/Strength/Migration/LegacyProtocolClassifier.fs:47, src/Wanxiangshu/Strength/Migration/LegacyProtocolClassifier.fs:47, src/Wanxiangshu/Strength/Migration/LegacyProtocolClassifier.fs:50)
check	Run verification	2026-10-04T17:27:30.5657777Z   [low] src/Wanxiangshu/Wanxiangshu.Owner.speculative-investigation.strength-migration.fsproj -> Wanxiangshu.Owner.dispatch-protocol.foundation-llm-facing.fsproj: type-name 'Field' (src/Wanxiangshu/Strength/Migration/LegacyProtocolClassifier.fs:47, src/Wanxiangshu/Strength/Migration/DelegationHistoryMigration.fs:61, src/Wanxiangshu/Strength/Migration/DelegationHistoryMigration.fs:62)
check	Run verification	2026-10-04T17:27:30.5662062Z   [low] src/Wanxiangshu/Wanxiangshu.Owner.speculative-investigation.strength-migration.fsproj -> Wanxiangshu.Owner.durable-events.persistence-journal-promptfactcodec.fsproj: type-name 'StreamId' (src/Wanxiangshu/Strength/Migration/DelegationHistoryMigration.fs:326)
check	Run verification	2026-10-04T17:27:30.5665576Z   [low] src/Wanxiangshu/Wanxiangshu.Owner.speculative-investigation.strength-opencode-delegate.fsproj -> Wanxiangshu.Owner.epistemic-reasoning.sphinx-v2-core.fsproj: type-name 'Attempt' (src/Wanxiangshu/Strength/OpenCode/Delegate.fsi:8, src/Wanxiangshu/Strength/OpenCode/Delegate.fs:17, src/Wanxiangshu/Strength/Surface.fs:21)
check	Run verification	2026-10-04T17:27:30.5669404Z   [low] src/Wanxiangshu/Wanxiangshu.Owner.speculative-investigation.strength-opencode-delegate.fsproj -> Wanxiangshu.Owner.context-compression.context-companion-companionfactfold.fsproj: type-name 'Companion' (src/Wanxiangshu/Strength/Surface.fs:648)
check	Run verification	2026-10-04T17:27:30.5673494Z   [low] src/Wanxiangshu/Wanxiangshu.Owner.speculative-investigation.strength-opencode-delegate.fsproj -> Wanxiangshu.Owner.behavior-diagnosis.enforcer-continuation.fsproj: type-name 'Context' (src/Wanxiangshu/Strength/OpenCode/Delegate.fs:8, src/Wanxiangshu/Strength/OpenCode/Delegate.fs:130, src/Wanxiangshu/Strength/OpenCode/Delegate.fs:132)
check	Run verification	2026-10-04T17:27:30.5676245Z   [low] src/Wanxiangshu/Wanxiangshu.Owner.speculative-investigation.strength-opencode-delegate.fsproj -> Wanxiangshu.Owner.epistemic-reasoning.sphinx-v2-core.fsproj: type-name 'DecisionId' (src/Wanxiangshu/Strength/OpenCode/Delegate.fs:838, src/Wanxiangshu/Strength/OpenCode/Delegate.fs:873, src/Wanxiangshu/Strength/OpenCode/Delegate.fs:935)
check	Run verification	2026-10-04T17:27:30.5679457Z   [high] src/Wanxiangshu/Wanxiangshu.Owner.speculative-investigation.strength-opencode-delegate.fsproj -> Wanxiangshu.Owner.epistemic-reasoning.sphinx-v2-core.fsproj: module-prefix 'Decode' (src/Wanxiangshu/Strength/Surface.fs:1142, src/Wanxiangshu/Strength/Surface.fs:1145, src/Wanxiangshu/Strength/Surface.fs:1146)
check	Run verification	2026-10-04T17:27:30.5682040Z   [low] src/Wanxiangshu/Wanxiangshu.Owner.speculative-investigation.strength-opencode-delegate.fsproj -> Wanxiangshu.Owner.opencode-plugin.plugin-composition.fsproj: type-name 'Host' (src/Wanxiangshu/Strength/OpenCode/Delegate.fsi:6, src/Wanxiangshu/Strength/OpenCode/Delegate.fs:13, src/Wanxiangshu/Strength/Surface.fs:14)
check	Run verification	2026-10-04T17:27:30.5684295Z   [low] src/Wanxiangshu/Wanxiangshu.Owner.speculative-investigation.strength-opencode-delegate.fsproj -> Wanxiangshu.Owner.change-integration.git-integrationgate.fsproj: type-name 'Orchestrator' (src/Wanxiangshu/Strength/Surface.fs:601)
check	Run verification	2026-10-04T17:27:30.5686472Z   [high] src/Wanxiangshu/Wanxiangshu.Owner.speculative-investigation.strength-opencode-delegate.fsproj -> Wanxiangshu.Owner.epistemic-reasoning.sphinx-v2-core.fsproj: module-prefix 'Profile' (src/Wanxiangshu/Strength/OpenCode/Delegate.fs:142, src/Wanxiangshu/Strength/OpenCode/Delegate.fs:143)
check	Run verification	2026-10-04T17:27:30.5689263Z   [low] src/Wanxiangshu/Wanxiangshu.Owner.speculative-investigation.strength-projection.fsproj -> Wanxiangshu.Owner.epistemic-reasoning.sphinx-v2-core.fsproj: type-name 'Attempt' (src/Wanxiangshu/Strength/Projection/Model.fs:9, src/Wanxiangshu/Strength/Replica/TraceRecovery.fs:7)
check	Run verification	2026-10-04T17:27:30.5691698Z   [low] src/Wanxiangshu/Wanxiangshu.Owner.speculative-investigation.strength-projection.fsproj -> Wanxiangshu.Owner.epistemic-reasoning.sphinx-v2-core.fsproj: type-name 'DecisionId' (src/Wanxiangshu/Strength/Projection/Model.fs:304, src/Wanxiangshu/Strength/Projection/Model.fs:304, src/Wanxiangshu/Strength/Projection/Model.fs:313)
check	Run verification	2026-10-04T17:27:30.5694252Z   [low] src/Wanxiangshu/Wanxiangshu.Owner.speculative-investigation.strength-replica-core.fsproj -> Wanxiangshu.Owner.epistemic-reasoning.sphinx-v2-core.fsproj: type-name 'Attempt' (src/Wanxiangshu/Strength/Replica/Commit.fs:7, src/Wanxiangshu/Strength/Replica/Promotion.fs:7, src/Wanxiangshu/Strength/Runtime.fs:8)
check	Run verification	2026-10-04T17:27:30.5696567Z   [low] src/Wanxiangshu/Wanxiangshu.Owner.speculative-investigation.strength-replica-core.fsproj -> Wanxiangshu.Owner.epistemic-reasoning.sphinx-v2-core.fsproj: type-name 'DecisionId' (src/Wanxiangshu/Strength/Runtime.fsi:10, src/Wanxiangshu/Strength/Runtime.fs:25)
check	Run verification	2026-10-04T17:27:30.5698970Z   [low] src/Wanxiangshu/Wanxiangshu.Owner.speculative-investigation.strength-replica-core.fsproj -> Wanxiangshu.Owner.dispatch-protocol.foundation-llm-facing.fsproj: type-name 'Value' (src/Wanxiangshu/Strength/Runtime.fs:133, src/Wanxiangshu/Strength/Runtime.fs:149)
check	Run verification	2026-10-04T17:27:30.5701473Z   [high] src/Wanxiangshu/Wanxiangshu.Owner.speculative-investigation.strength-replica-core.fsproj -> Wanxiangshu.Owner.speculative-investigation.strength-projection.fsproj: open 'Wanxiangshu.Strength.Projection' (src/Wanxiangshu/Strength/Replica/Commit.fs:11, src/Wanxiangshu/Strength/Replica/Promotion.fs:11, src/Wanxiangshu/Strength/Runtime.fs:11)
check	Run verification	2026-10-04T17:27:30.5704317Z   [high] src/Wanxiangshu/Wanxiangshu.Owner.speculative-investigation.strength-replica-core.fsproj -> Wanxiangshu.Owner.speculative-investigation.strength-projection.fsproj: qualified 'Wanxiangshu.Strength.Projection' (src/Wanxiangshu/Strength/Replica/Commit.fs:11, src/Wanxiangshu/Strength/Replica/Promotion.fs:11, src/Wanxiangshu/Strength/Runtime.fs:11)
check	Run verification	2026-10-04T17:27:30.5706666Z   [low] src/Wanxiangshu/Wanxiangshu.Owner.speculative-investigation.strength-replica-runtime.fsproj -> Wanxiangshu.Owner.epistemic-reasoning.sphinx-v2-core.fsproj: type-name 'Attempt' (src/Wanxiangshu/Strength/Replica/Runtime.fs:19)
check	Run verification	2026-10-04T17:27:30.5709271Z   [low] src/Wanxiangshu/Wanxiangshu.Owner.speculative-investigation.strength-replica-runtime.fsproj -> Wanxiangshu.Owner.epistemic-reasoning.sphinx-v2-core.fsproj: type-name 'DecisionId' (src/Wanxiangshu/Strength/Replica/Transform.fs:607, src/Wanxiangshu/Strength/Replica/Runtime.fs:91, src/Wanxiangshu/Strength/Replica/Runtime.fs:107)
check	Run verification	2026-10-04T17:27:30.5711908Z   [low] src/Wanxiangshu/Wanxiangshu.Owner.speculative-investigation.strength-replica-runtime.fsproj -> Wanxiangshu.Owner.opencode-plugin.plugin-composition.fsproj: type-name 'Host' (src/Wanxiangshu/Strength/Replica/Transform.fs:9, src/Wanxiangshu/Strength/Replica/Runtime.fs:14)
check	Run verification	2026-10-04T17:27:30.5714209Z   [low] src/Wanxiangshu/Wanxiangshu.Owner.speculative-investigation.strength-turnevidence.fsproj -> Wanxiangshu.Owner.behavior-diagnosis.enforcer-continuation.fsproj: type-name 'Context' (src/Wanxiangshu/Strength/OpenCode/Replay.fsi:6, src/Wanxiangshu/Strength/OpenCode/Replay.fs:7)
check	Run verification	2026-10-04T17:27:30.5716583Z   [low] src/Wanxiangshu/Wanxiangshu.Owner.speculative-investigation.strength-turnevidence.fsproj -> Wanxiangshu.Owner.epistemic-reasoning.sphinx-v2-core.fsproj: type-name 'DecisionId' (src/Wanxiangshu/Strength/Lifecycle.fs:30, src/Wanxiangshu/Strength/Lifecycle.fs:44, src/Wanxiangshu/Strength/Lifecycle.fs:88)
check	Run verification	2026-10-04T17:27:30.5719072Z   [low] src/Wanxiangshu/Wanxiangshu.Owner.speculative-investigation.strength-turnevidence.fsproj -> Wanxiangshu.Owner.opencode-plugin.plugin-composition.fsproj: type-name 'Host' (src/Wanxiangshu/Strength/OpenCode/Replay.fs:10)
check	Run verification	2026-10-04T17:27:30.5721192Z   [low] src/Wanxiangshu/Wanxiangshu.Owner.time-capability.foundation-temporal.fsproj -> Wanxiangshu.Owner.behavior-diagnosis.enforcer-continuation.fsproj: type-name 'Context' (src/Wanxiangshu/Process/Surface.fs:38, src/Wanxiangshu/Process/Surface.fs:369)
check	Run verification	2026-10-04T17:27:30.5723365Z   [high] src/Wanxiangshu/Wanxiangshu.Owner.time-capability.foundation-temporal.fsproj -> Wanxiangshu.Owner.speculative-investigation.strength-event-vocabulary-contract.fsproj: module-prefix 'Delegation' (src/Wanxiangshu/Process/Surface.fsi:4, src/Wanxiangshu/Process/Surface.fs:10)
check	Run verification	2026-10-04T17:27:30.5725876Z   [low] src/Wanxiangshu/Wanxiangshu.Owner.time-capability.process-virtual-timing.fsproj -> Wanxiangshu.Owner.dispatch-protocol.foundation-llm-facing.fsproj: type-name 'Value' (src/Wanxiangshu/Process/VirtualTiming.fs:50, src/Wanxiangshu/Process/VirtualTiming.fs:51, src/Wanxiangshu/Process/VirtualTiming.fs:59)
check	Run verification	2026-10-04T17:27:30.5730978Z   [low] src/Wanxiangshu/Wanxiangshu.Owner.verification-system.verification-eventstorewritersurface.fsproj -> Wanxiangshu.Owner.behavior-diagnosis.enforcer-continuation.fsproj: type-name 'Context' (src/Wanxiangshu/Verification/EventStoreWriterSurface.fs:10, src/Wanxiangshu/Verification/TemporalSurface.fs:14, src/Wanxiangshu/Verification/JournalPortObservationSurface.fs:8)
check	Run verification	2026-10-04T17:27:30.5735482Z   [low] src/Wanxiangshu/Wanxiangshu.Owner.verification-system.verification-eventstorewritersurface.fsproj -> Wanxiangshu.Owner.opencode-plugin.plugin-composition.fsproj: type-name 'Host' (src/Wanxiangshu/Verification/TemporalSurface.fs:880)
check	Run verification	2026-10-04T17:27:30.5739429Z   [low] src/Wanxiangshu/Wanxiangshu.Owner.work-record.mission-workrecord-materialize-runtime.fsproj -> Wanxiangshu.Owner.context-compression.context-companion-companionfactfold.fsproj: static-member 'Companion' (src/Wanxiangshu/Mission/WorkRecord/Materialize.fs:7)
check	Run verification	2026-10-04T17:27:30.5743392Z   [low] src/Wanxiangshu/Wanxiangshu.Owner.work-record.mission-workrecord-materialize-runtime.fsproj -> Wanxiangshu.Owner.context-compression.context-companion-companionfactfold.fsproj: type-name 'Companion' (src/Wanxiangshu/Mission/WorkRecord/Materialize.fs:7)
check	Run verification	2026-10-04T17:27:30.5745966Z   [low] src/Wanxiangshu/Wanxiangshu.Owner.work-record.mission-workrecord-materialize-runtime.fsproj -> Wanxiangshu.Owner.behavior-diagnosis.enforcer-continuation.fsproj: type-name 'Context' (src/Wanxiangshu/Mission/WorkRecord/Materialize.fsi:5, src/Wanxiangshu/Mission/WorkRecord/Materialize.fs:7, src/Wanxiangshu/Mission/WorkRecord/Materialize.fs:8)
check	Run verification	2026-10-04T17:27:30.5748620Z   [low] src/Wanxiangshu/Wanxiangshu.Owner.work-record.mission-workrecord-materialize-runtime.fsproj -> Wanxiangshu.Owner.opencode-plugin.plugin-composition.fsproj: type-name 'Host' (src/Wanxiangshu/Mission/WorkRecord/Materialize.fs:11)
check	Run verification	2026-10-04T17:27:30.5751154Z   [low] src/Wanxiangshu/Wanxiangshu.Owner.work-record.mission-workrecord-model.fsproj -> Wanxiangshu.Owner.behavior-diagnosis.enforcer-continuation.fsproj: type-name 'Context' (src/Wanxiangshu/Mission/WorkRecord/Model.fsi:3, src/Wanxiangshu/Mission/WorkRecord/Model.fs:3, src/Wanxiangshu/Mission/WorkRecord/OpeningSemanticSurface.fs:4)
check	Run verification	2026-10-04T17:27:30.5753581Z   [low] src/Wanxiangshu/Wanxiangshu.Owner.work-record.mission-workrecord-surface.fsproj -> Wanxiangshu.Owner.behavior-diagnosis.enforcer-continuation.fsproj: type-name 'Context' (src/Wanxiangshu/Mission/WorkRecord/Surface.fs:6, src/Wanxiangshu/Mission/WorkRecord/Surface.fs:8)
check	Run verification	2026-10-04T17:27:30.5754783Z   check          OK  6.5s
check	Run verification	2026-10-04T17:28:54.9671214Z   build          OK  84.1s
check	Run verification	2026-10-04T17:28:55.9648457Z runner: build is current (1796 sources, 883 artifacts)
check	Run verification	2026-10-04T17:28:55.9712579Z runner: 818 test file(s), 30000ms verdict-silence window
check	Run verification	2026-10-04T17:29:17.7115907Z capability-019-producer: 1 test file(s), 30000ms verdict-silence window
check	Run verification	2026-10-04T17:29:18.0015926Z 
check	Run verification	2026-10-04T17:29:18.0017991Z [test-summary] 1 file(s), 1 passed, 0 failed (0.24s wall, 0.03s test time)
check	Run verification	2026-10-04T17:29:18.0321299Z capability-019-producer: post-exit group verification/reclamation: pid=3501; elapsedMs=21.825; accepted=true
check	Run verification	2026-10-04T17:29:18.0328487Z capability-019-producer: 1 test(s), 0.0s of test time; max 32ms, p90 32ms, median 32ms
check	Run verification	2026-10-04T17:29:18.0329303Z 
check	Run verification	2026-10-04T17:29:18.0332569Z capability-019-producer: 1 passed, 0 failed; 1/1 planned file(s) completed
check	Run verification	2026-10-04T17:29:18.0336581Z capability-019-successor: 1 test file(s), 30000ms verdict-silence window
check	Run verification	2026-10-04T17:29:18.3598120Z 
check	Run verification	2026-10-04T17:29:18.3599477Z [test-summary] 1 file(s), 1 passed, 0 failed (0.28s wall, 0.04s test time)
check	Run verification	2026-10-04T17:29:18.3764157Z capability-019-successor: post-exit group verification/reclamation: pid=3518; elapsedMs=9.369; accepted=true
check	Run verification	2026-10-04T17:29:18.3779526Z capability-019-successor: 1 test(s), 0.0s of test time; max 42ms, p90 42ms, median 42ms
check	Run verification	2026-10-04T17:29:18.3780540Z 
check	Run verification	2026-10-04T17:29:18.3781370Z capability-019-successor: 1 passed, 0 failed; 1/1 planned file(s) completed
check	Run verification	2026-10-04T17:30:35.9291981Z fatal: not a git repository (or any of the parent directories): .git
check	Run verification	2026-10-04T17:30:35.9606184Z fatal: not a git repository (or any of the parent directories): .git
check	Run verification	2026-10-04T17:31:04.5037921Z {"operation":"plugin-hook-chat-message-failed","result":"Managed chat admission failed: TransactionFailed (LeaseHandoffFailed (external input supersession failed to drain the old Host attempt: Host rejected session abort: { message = \"controlled SDK abort rejection\" }, TerminalCommitted (Settled Applied)))"}
check	Run verification	2026-10-04T17:31:09.1157055Z {"operation":"managed-agent-config-invalid","result":"Legacy agent name 'coder' is present in opencode.json."}
check	Run verification	2026-10-04T17:31:30.0977647Z js-boundary-gate: 1 violation(s) across 1 file(s)
check	Run verification	2026-10-04T17:31:30.0980963Z   ../../../../../tmp/js-surface-BmvEF3/requirements/consumer/tests/support/api.mjs:1 [deep-dist-import] import * as api from '../../../../dist/Internal/Unregistered.js'
check	Run verification	2026-10-04T17:31:30.2279373Z js-surface-manifest: 1 violation(s)
check	Run verification	2026-10-04T17:31:30.2283601Z   Owner/Surface.js: law owner-099 is absent from requirements/owner/WHAT.md
check	Run verification	2026-10-04T17:31:34.6538488Z js-module-linkage: FAILED — 2 violation(s)
check	Run verification	2026-10-04T17:31:34.6561590Z   consumer.js: failed to load emitted module: Unexpected token '='
check	Run verification	2026-10-04T17:31:34.6588252Z   consumer.js: invalid emitted ESM: <source>: Unexpected token (1:13)
check	Run verification	2026-10-04T17:31:34.6698550Z js-module-linkage: FAILED — 1 violation(s)
check	Run verification	2026-10-04T17:31:34.6737250Z   broken.js: failed to load emitted module: initialization failed
check	Run verification	2026-10-04T17:31:40.8442182Z fatal: not a git repository (or any of the parent directories): .git
check	Run verification	2026-10-04T17:31:40.8481843Z fatal: not a git repository (or any of the parent directories): .git
check	Run verification	2026-10-04T17:31:40.8541728Z fatal: not a git repository (or any of the parent directories): .git
check	Run verification	2026-10-04T17:31:40.8594949Z fatal: not a git repository (or any of the parent directories): .git
check	Run verification	2026-10-04T17:31:40.8643644Z fatal: not a git repository (or any of the parent directories): .git
check	Run verification	2026-10-04T17:31:40.9138811Z fatal: not a git repository (or any of the parent directories): .git
check	Run verification	2026-10-04T17:31:42.6917440Z fatal: not a git repository (or any of the parent directories): .git
check	Run verification	2026-10-04T17:31:42.6960796Z fatal: not a git repository (or any of the parent directories): .git
check	Run verification	2026-10-04T17:31:42.7013901Z fatal: not a git repository (or any of the parent directories): .git
check	Run verification	2026-10-04T17:31:42.7077870Z fatal: not a git repository (or any of the parent directories): .git
check	Run verification	2026-10-04T17:31:42.7122787Z fatal: not a git repository (or any of the parent directories): .git
check	Run verification	2026-10-04T17:31:42.7650348Z fatal: not a git repository (or any of the parent directories): .git
check	Run verification	2026-10-04T17:31:51.2046598Z fatal: not a git repository (or any of the parent directories): .git
check	Run verification	2026-10-04T17:31:51.2086437Z fatal: not a git repository (or any of the parent directories): .git
check	Run verification	2026-10-04T17:31:51.2149825Z fatal: not a git repository (or any of the parent directories): .git
check	Run verification	2026-10-04T17:31:51.2204359Z fatal: not a git repository (or any of the parent directories): .git
check	Run verification	2026-10-04T17:31:51.2255997Z fatal: not a git repository (or any of the parent directories): .git
check	Run verification	2026-10-04T17:31:51.2668789Z fatal: not a git repository (or any of the parent directories): .git
check	Run verification	2026-10-04T17:31:51.8138198Z fatal: not a git repository (or any of the parent directories): .git
check	Run verification	2026-10-04T17:31:51.8183035Z fatal: not a git repository (or any of the parent directories): .git
check	Run verification	2026-10-04T17:31:51.8242377Z fatal: not a git repository (or any of the parent directories): .git
check	Run verification	2026-10-04T17:31:51.8293796Z fatal: not a git repository (or any of the parent directories): .git
check	Run verification	2026-10-04T17:31:51.8347402Z fatal: not a git repository (or any of the parent directories): .git
check	Run verification	2026-10-04T17:31:51.8415699Z fatal: not a git repository (or any of the parent directories): .git
check	Run verification	2026-10-04T17:31:52.2150033Z fatal: not a git repository (or any of the parent directories): .git
check	Run verification	2026-10-04T17:31:52.2201419Z fatal: not a git repository (or any of the parent directories): .git
check	Run verification	2026-10-04T17:31:52.2255336Z fatal: not a git repository (or any of the parent directories): .git
check	Run verification	2026-10-04T17:31:52.2323799Z fatal: not a git repository (or any of the parent directories): .git
check	Run verification	2026-10-04T17:31:52.2370405Z fatal: not a git repository (or any of the parent directories): .git
check	Run verification	2026-10-04T17:31:52.2417314Z fatal: not a git repository (or any of the parent directories): .git
check	Run verification	2026-10-04T17:33:15.5202978Z js-boundary-gate: 2 violation(s) across 1 file(s)
check	Run verification	2026-10-04T17:33:15.5205946Z   ../../../../../tmp/boundary-gate-red-8OrwbF/requirements/sample-pkg/tests/debt.test.mjs:1 [deep-dist-import] import * as mod from '../../../dist/Internal/UnregisteredModule.js'
check	Run verification	2026-10-04T17:33:15.5208764Z   ../../../../../tmp/boundary-gate-red-8OrwbF/requirements/sample-pkg/tests/debt.test.mjs:2 [export-discovery] const names = Object.keys(mod)
check	Run verification	2026-10-04T17:33:15.5267547Z js-boundary-gate: 1 violation(s) across 1 file(s)
check	Run verification	2026-10-04T17:33:15.5269661Z   ../../../../../tmp/boundary-environment-TAT0Ip/requirements/sample/tests/001.test.mjs:3 [mangled-lookup] const name = 'Example__run'; name.startsWith('Example__')
check	Run verification	2026-10-04T17:33:15.5284463Z js-boundary-gate: 1 violation(s) across 1 file(s)
check	Run verification	2026-10-04T17:33:15.5287237Z   ../../../../../tmp/boundary-environment-TAT0Ip/requirements/sample/tests/001.test.mjs:3 [mangled-lookup] const name = '_Method'; name.endsWith('_Method')
check	Run verification	2026-10-04T17:33:15.5303102Z js-boundary-gate: 1 violation(s) across 1 file(s)
check	Run verification	2026-10-04T17:33:15.5305610Z   ../../../../../tmp/boundary-environment-TAT0Ip/requirements/sample/tests/001.test.mjs:3 [mangled-lookup] Object.keys(process.env).filter((env) => { const name = 'Example__run'; return name.startsWith('Example__') })
check	Run verification	2026-10-04T17:33:19.7325602Z check.mjs: FAILED with 1 issue(s) across 1 gate(s)
check	Run verification	2026-10-04T17:33:19.7326602Z 
check	Run verification	2026-10-04T17:33:19.7327633Z Gate: /tmp/gate-failure-yEIVil/gate.mjs (1 issue(s))
check	Run verification	2026-10-04T17:33:19.7328291Z   - [fail] controlled violation
check	Run verification	2026-10-04T17:33:19.7328626Z 
check	Run verification	2026-10-04T17:33:19.7335624Z check.mjs: fatal error: Cannot find module '/tmp/gate-failure-yEIVil/missing.mjs' imported from /home/runner/work/vibe-fs/vibe-fs/scripts/check.mjs
check	Run verification	2026-10-04T17:33:19.7339398Z check.mjs: fatal error: controlled failure
check	Run verification	2026-10-04T17:33:30.3165004Z coverage: c8 report generation failed
check	Run verification	2026-10-04T17:33:31.6769539Z coverage: unit tests failed (status 1)
check	Run verification	2026-10-04T17:33:31.8701276Z coverage: unit tests failed (status 1)
check	Run verification	2026-10-04T17:33:31.9035583Z coverage: raw coverage file is corrupted: coverage-corrupt.json (Unexpected token 'C', "CORRUPTED "... is not valid JSON)
check	Run verification	2026-10-04T17:33:32.1108465Z coverage: reported files do not match build receipt outputs
check	Run verification	2026-10-04T17:33:32.3123909Z coverage: input files changed during coverage run (INPUT_CHANGED):
check	Run verification	2026-10-04T17:33:32.3125722Z   compiler: 4c587ad606506e0be64d6cfd7803b76f4e8bd382557a26729732e2e764f49ba6 -> a27cb9b729669bd6002e7ff1441dd9af67e829f2235e9cc69c6c019ddb64c733
check	Run verification	2026-10-04T17:33:32.3128200Z   generated: 4c587ad606506e0be64d6cfd7803b76f4e8bd382557a26729732e2e764f49ba6 -> a27cb9b729669bd6002e7ff1441dd9af67e829f2235e9cc69c6c019ddb64c733
check	Run verification	2026-10-04T17:33:32.3130591Z   artifact: 4c587ad606506e0be64d6cfd7803b76f4e8bd382557a26729732e2e764f49ba6 -> a27cb9b729669bd6002e7ff1441dd9af67e829f2235e9cc69c6c019ddb64c733
check	Run verification	2026-10-04T17:33:35.6426330Z runner: 1 test file(s), 10000ms verdict-silence window
check	Run verification	2026-10-04T17:33:35.6885603Z runner: post-exit group verification/reclamation: pid=12442; elapsedMs=10.211; accepted=true
check	Run verification	2026-10-04T17:33:35.6886708Z 
check	Run verification	2026-10-04T17:33:35.6887495Z runner: 1 passed, 0 failed; 0/1 planned file(s) completed
check	Run verification	2026-10-04T17:33:35.6889340Z runner: incomplete run; no completion for /home/runner/work/vibe-fs/vibe-fs/requirements/verification-system/tests/support/fixtures/two-leaf.fixture.mjs
check	Run verification	2026-10-04T17:33:35.6913495Z runner: 1 test file(s), 1000ms verdict-silence window
check	Run verification	2026-10-04T17:33:35.7339632Z runner: post-exit group verification/reclamation: pid=12450; elapsedMs=9.505; accepted=true
check	Run verification	2026-10-04T17:33:35.7340804Z 
check	Run verification	2026-10-04T17:33:35.7341434Z runner: 1 passed, 0 failed; 1/1 planned file(s) completed
check	Run verification	2026-10-04T17:33:35.7342520Z runner: incomplete run; not every planned file stream drained
check	Run verification	2026-10-04T17:33:35.7349497Z runner: 1 test file(s), 10000ms verdict-silence window
check	Run verification	2026-10-04T17:33:35.7981512Z runner: post-exit group verification/reclamation: pid=12458; elapsedMs=9.407; accepted=true
check	Run verification	2026-10-04T17:33:35.7983124Z runner: inner runner failed to provide authoritative summary
check	Run verification	2026-10-04T17:33:35.7983766Z 
check	Run verification	2026-10-04T17:33:35.7984537Z runner: verdict counts unavailable; no authoritative summary; 0/1 planned file(s) completed
check	Run verification	2026-10-04T17:33:35.9185394Z runner: 1 test file(s), 10000ms verdict-silence window
check	Run verification	2026-10-04T17:33:35.9621770Z runner: post-exit group verification/reclamation: pid=12480; elapsedMs=9.377; accepted=true
check	Run verification	2026-10-04T17:33:35.9622702Z 
check	Run verification	2026-10-04T17:33:35.9623424Z runner: 1 passed, 0 failed; 1/1 planned file(s) completed
check	Run verification	2026-10-04T17:33:35.9624739Z runner: partial evidence; 0 skipped, 1 TODO; excluded cases are not passes
check	Run verification	2026-10-04T17:33:35.9625865Z runner: pending proof prevents complete acceptance
check	Run verification	2026-10-04T17:33:35.9627123Z runner: 1 test file(s), 10000ms verdict-silence window
check	Run verification	2026-10-04T17:33:36.0086470Z runner: post-exit group verification/reclamation: pid=12488; elapsedMs=9.467; accepted=true
check	Run verification	2026-10-04T17:33:36.0094419Z 
check	Run verification	2026-10-04T17:33:36.0095173Z runner: 1 passed, 0 failed; 1/1 planned file(s) completed
check	Run verification	2026-10-04T17:33:36.0096521Z runner: partial evidence; 0 skipped, 1 TODO; excluded cases are not passes
check	Run verification	2026-10-04T17:33:36.0097962Z runner: pending proof prevents complete acceptance
check	Run verification	2026-10-04T17:33:36.0102642Z runner: 2 test file(s), 10000ms verdict-silence window
check	Run verification	2026-10-04T17:33:36.1145193Z node:internal/test_runner/harness:99
check	Run verification	2026-10-04T17:33:36.1170264Z       throw err;
check	Run verification	2026-10-04T17:33:36.1217623Z       ^
check	Run verification	2026-10-04T17:33:36.1235027Z 
check	Run verification	2026-10-04T17:33:36.1260795Z Error [ERR_MODULE_NOT_FOUND]: Cannot find module '/tmp/failed-test-file-U59j1k/missing.fixture.mjs' imported from /home/runner/work/vibe-fs/vibe-fs/
check	Run verification	2026-10-04T17:33:36.1284839Z     at finalizeResolution (node:internal/modules/esm/resolve:275:11)
check	Run verification	2026-10-04T17:33:36.1293158Z     at moduleResolve (node:internal/modules/esm/resolve:865:10)
check	Run verification	2026-10-04T17:33:36.1321412Z     at defaultResolve (node:internal/modules/esm/resolve:989:11)
check	Run verification	2026-10-04T17:33:36.1339426Z     at #cachedDefaultResolve (node:internal/modules/esm/loader:747:20)
check	Run verification	2026-10-04T17:33:36.1340642Z     at ModuleLoader.resolve (node:internal/modules/esm/loader:724:38)
check	Run verification	2026-10-04T17:33:36.1341871Z     at ModuleLoader.getModuleJobForImport (node:internal/modules/esm/loader:320:38)
check	Run verification	2026-10-04T17:33:36.1343144Z     at onImport.tracePromise.__proto__ (node:internal/modules/esm/loader:680:36)
check	Run verification	2026-10-04T17:33:36.1344119Z     at TracingChannel.tracePromise (node:diagnostics_channel:350:14)
check	Run verification	2026-10-04T17:33:36.1344682Z     at ModuleLoader.import (node:internal/modules/esm/loader:679:21)
check	Run verification	2026-10-04T17:33:36.1345112Z     at node:internal/modules/run_main:179:35 {
check	Run verification	2026-10-04T17:33:36.1345763Z   code: 'ERR_MODULE_NOT_FOUND',
check	Run verification	2026-10-04T17:33:36.1346155Z   url: 'file:///tmp/failed-test-file-U59j1k/missing.fixture.mjs'
check	Run verification	2026-10-04T17:33:36.1346508Z }
check	Run verification	2026-10-04T17:33:36.1346612Z 
check	Run verification	2026-10-04T17:33:36.1346707Z Node.js v22.23.3
check	Run verification	2026-10-04T17:33:36.1347217Z 
check	Run verification	2026-10-04T17:33:36.1347757Z ✖ failing tests:
check	Run verification	2026-10-04T17:33:36.1347977Z 
check	Run verification	2026-10-04T17:33:36.1349076Z test at /tmp/failed-test-file-U59j1k/missing.fixture.mjs:1:1
check	Run verification	2026-10-04T17:33:36.1350480Z ✖ /tmp/failed-test-file-U59j1k/missing.fixture.mjs (60.574ms)
check	Run verification	2026-10-04T17:33:36.1351118Z   'test failed'
check	Run verification	2026-10-04T17:33:36.1351318Z 
check	Run verification	2026-10-04T17:33:36.1351329Z 
check	Run verification	2026-10-04T17:33:36.1366611Z [test-summary] 2 file(s), 2 passed, 0 failed, 1 failed containers (0.08s wall, 0.01s test time)
check	Run verification	2026-10-04T17:33:36.1478275Z runner: post-exit group verification/reclamation: pid=12496; elapsedMs=8.925; accepted=true
check	Run verification	2026-10-04T17:33:36.1480023Z runner: 2 test(s), 0.0s of test time; max 5ms, p90 5ms, median 2ms
check	Run verification	2026-10-04T17:33:36.1480761Z 
check	Run verification	2026-10-04T17:33:36.1481350Z runner: 2 passed, 0 failed; 2/2 planned file(s) completed
check	Run verification	2026-10-04T17:33:36.1482568Z runner: cancelled tests or failed containers prevent complete acceptance
check	Run verification	2026-10-04T17:33:36.1484247Z runner: 2 test file(s), 10000ms verdict-silence window
check	Run verification	2026-10-04T17:33:36.2730352Z node:internal/test_runner/harness:99
check	Run verification	2026-10-04T17:33:36.2744755Z       throw err;
check	Run verification	2026-10-04T17:33:36.2792741Z       ^
check	Run verification	2026-10-04T17:33:36.2797726Z 
check	Run verification	2026-10-04T17:33:36.2801573Z Error: fixture failed before registering any test
check	Run verification	2026-10-04T17:33:36.2802216Z     at file:///tmp/failed-test-file-U59j1k/broken.fixture.mjs:1:7
check	Run verification	2026-10-04T17:33:36.2802784Z     at ModuleJob.run (node:internal/modules/esm/module_job:343:25)
check	Run verification	2026-10-04T17:33:36.2803884Z     at async onImport.tracePromise.__proto__ (node:internal/modules/esm/loader:681:26)
check	Run verification	2026-10-04T17:33:36.2805040Z     at async asyncRunEntryPointWithESMLoader (node:internal/modules/run_main:117:5)
check	Run verification	2026-10-04T17:33:36.2805758Z 
check	Run verification	2026-10-04T17:33:36.2806036Z Node.js v22.23.3
check	Run verification	2026-10-04T17:33:36.2806374Z 
check	Run verification	2026-10-04T17:33:36.2807230Z ✖ failing tests:
check	Run verification	2026-10-04T17:33:36.2807583Z 
check	Run verification	2026-10-04T17:33:36.2808187Z test at /tmp/failed-test-file-U59j1k/broken.fixture.mjs:1:1
check	Run verification	2026-10-04T17:33:36.2809405Z ✖ /tmp/failed-test-file-U59j1k/broken.fixture.mjs (74.928ms)
check	Run verification	2026-10-04T17:33:36.2810123Z   'test failed'
check	Run verification	2026-10-04T17:33:36.2810428Z 
check	Run verification	2026-10-04T17:33:36.2860510Z 
check	Run verification	2026-10-04T17:33:36.2866134Z [test-summary] 2 file(s), 2 passed, 0 failed, 1 failed containers (0.10s wall, 0.01s test time)
check	Run verification	2026-10-04T17:33:36.3028556Z runner: post-exit group verification/reclamation: pid=12518; elapsedMs=9.689; accepted=true
check	Run verification	2026-10-04T17:33:36.3030014Z runner: 2 test(s), 0.0s of test time; max 8ms, p90 8ms, median 2ms
check	Run verification	2026-10-04T17:33:36.3030921Z 
check	Run verification	2026-10-04T17:33:36.3031410Z runner: 2 passed, 0 failed; 2/2 planned file(s) completed
check	Run verification	2026-10-04T17:33:36.3032428Z runner: cancelled tests or failed containers prevent complete acceptance
check	Run verification	2026-10-04T17:33:55.9833708Z runner: suite exceeded the 300000ms physical backstop
check	Run verification	2026-10-04T17:33:55.9840510Z runner: file streams: 817 drained, 1 active, 0 queued
check	Run verification	2026-10-04T17:33:55.9842566Z runner: active file requirements/verification-system/tests/016.test.mjs; waiting for stream drain; last verdict: test:pass:WHAT[verification-system-016] complete selected Node and npm archive capture preserves locked inputs before execution
check	Run verification	2026-10-04T17:33:56.0562980Z runner: post-exit group verification/reclamation: pid=3006; elapsedMs=8.903; accepted=true
check	Run verification	2026-10-04T17:33:56.0563501Z 
check	Run verification	2026-10-04T17:33:56.0563966Z runner: verdict counts unavailable; no authoritative summary; 817/818 planned file(s) completed
check	Run verification	2026-10-04T17:33:56.0589393Z Error: runner: supervised suite failed (exit 1)
check	Run verification	2026-10-04T17:33:56.0590633Z     at fail (file:///home/runner/work/vibe-fs/vibe-fs/requirements/verification-system/tests/e2e/support/supervise-node-test.mjs:217:25)
check	Run verification	2026-10-04T17:33:56.0592573Z     at superviseOwnedNodeTest (file:///home/runner/work/vibe-fs/vibe-fs/requirements/verification-system/tests/e2e/support/supervise-node-test.mjs:395:22)
check	Run verification	2026-10-04T17:33:56.0595312Z     at async superviseNodeTest (file:///home/runner/work/vibe-fs/vibe-fs/requirements/verification-system/tests/e2e/support/supervise-node-test.mjs:195:14)
check	Run verification	2026-10-04T17:33:56.0597344Z     at async file:///home/runner/work/vibe-fs/vibe-fs/requirements/verification-system/tests/run.mjs:94:1 {
check	Run verification	2026-10-04T17:33:56.0598381Z   exitCode: 1
check	Run verification	2026-10-04T17:33:56.0598888Z }
check	Run verification	2026-10-04T17:33:56.0644841Z 
check	Run verification	2026-10-04T17:33:56.0645714Z --- [unit] 错误诊断日志转储 (最后 60 行) ---
check	Run verification	2026-10-04T17:33:56.0646424Z     at ModuleLoader.import (node:internal/modules/esm/loader:679:21)
check	Run verification	2026-10-04T17:33:56.0647443Z     at node:internal/modules/run_main:179:35 {
check	Run verification	2026-10-04T17:33:56.0648052Z   code: 'ERR_MODULE_NOT_FOUND',
check	Run verification	2026-10-04T17:33:56.0648696Z   url: 'file:///tmp/failed-test-file-U59j1k/missing.fixture.mjs'
check	Run verification	2026-10-04T17:33:56.0649294Z }
check	Run verification	2026-10-04T17:33:56.0649458Z 
check	Run verification	2026-10-04T17:33:56.0649605Z Node.js v22.23.3
check	Run verification	2026-10-04T17:33:56.0649807Z 
check	Run verification	2026-10-04T17:33:56.0650069Z ✖ failing tests:
check	Run verification	2026-10-04T17:33:56.0650271Z 
check	Run verification	2026-10-04T17:33:56.0650735Z test at /tmp/failed-test-file-U59j1k/missing.fixture.mjs:1:1
check	Run verification	2026-10-04T17:33:56.0651766Z ✖ /tmp/failed-test-file-U59j1k/missing.fixture.mjs (60.574ms)
check	Run verification	2026-10-04T17:33:56.0652346Z   'test failed'
check	Run verification	2026-10-04T17:33:56.0652542Z 
check	Run verification	2026-10-04T17:33:56.0652556Z 
check	Run verification	2026-10-04T17:33:56.0653009Z [test-summary] 2 file(s), 2 passed, 0 failed, 1 failed containers (0.08s wall, 0.01s test time)
check	Run verification	2026-10-04T17:33:56.0653768Z runner: post-exit group verification/reclamation: pid=12496; elapsedMs=8.925; accepted=true
check	Run verification	2026-10-04T17:33:56.0654399Z runner: 2 test(s), 0.0s of test time; max 5ms, p90 5ms, median 2ms
check	Run verification	2026-10-04T17:33:56.0654663Z 
check	Run verification	2026-10-04T17:33:56.0654911Z runner: 2 passed, 0 failed; 2/2 planned file(s) completed
check	Run verification	2026-10-04T17:33:56.0655476Z runner: cancelled tests or failed containers prevent complete acceptance
check	Run verification	2026-10-04T17:33:56.0655995Z runner: 2 test file(s), 10000ms verdict-silence window
check	Run verification	2026-10-04T17:33:56.0656384Z node:internal/test_runner/harness:99
check	Run verification	2026-10-04T17:33:56.0656637Z       throw err;
check	Run verification	2026-10-04T17:33:56.0657111Z       ^
check	Run verification	2026-10-04T17:33:56.0657224Z 
check	Run verification	2026-10-04T17:33:56.0657454Z Error: fixture failed before registering any test
check	Run verification	2026-10-04T17:33:56.0657885Z     at file:///tmp/failed-test-file-U59j1k/broken.fixture.mjs:1:7
check	Run verification	2026-10-04T17:33:56.0658349Z     at ModuleJob.run (node:internal/modules/esm/module_job:343:25)
check	Run verification	2026-10-04T17:33:56.0658897Z     at async onImport.tracePromise.__proto__ (node:internal/modules/esm/loader:681:26)
check	Run verification	2026-10-04T17:33:56.0659523Z     at async asyncRunEntryPointWithESMLoader (node:internal/modules/run_main:117:5)
check	Run verification	2026-10-04T17:33:56.0659853Z 
check	Run verification	2026-10-04T17:33:56.0659940Z Node.js v22.23.3
check	Run verification	2026-10-04T17:33:56.0660337Z 
check	Run verification	2026-10-04T17:33:56.0660479Z ✖ failing tests:
check	Run verification	2026-10-04T17:33:56.0660602Z 
check	Run verification	2026-10-04T17:33:56.0660865Z test at /tmp/failed-test-file-U59j1k/broken.fixture.mjs:1:1
check	Run verification	2026-10-04T17:33:56.0661445Z ✖ /tmp/failed-test-file-U59j1k/broken.fixture.mjs (74.928ms)
check	Run verification	2026-10-04T17:33:56.0661790Z   'test failed'
check	Run verification	2026-10-04T17:33:56.0661906Z 
check	Run verification	2026-10-04T17:33:56.0661913Z 
check	Run verification	2026-10-04T17:33:56.0662318Z [test-summary] 2 file(s), 2 passed, 0 failed, 1 failed containers (0.10s wall, 0.01s test time)
check	Run verification	2026-10-04T17:33:56.0663072Z runner: post-exit group verification/reclamation: pid=12518; elapsedMs=9.689; accepted=true
check	Run verification	2026-10-04T17:33:56.0663699Z runner: 2 test(s), 0.0s of test time; max 8ms, p90 8ms, median 2ms
check	Run verification	2026-10-04T17:33:56.0663961Z 
check	Run verification	2026-10-04T17:33:56.0664205Z runner: 2 passed, 0 failed; 2/2 planned file(s) completed
check	Run verification	2026-10-04T17:33:56.0664744Z runner: cancelled tests or failed containers prevent complete acceptance
check	Run verification	2026-10-04T17:33:56.0665254Z runner: suite exceeded the 300000ms physical backstop
check	Run verification	2026-10-04T17:33:56.0665686Z runner: file streams: 817 drained, 1 active, 0 queued
check	Run verification	2026-10-04T17:33:56.0667663Z runner: active file requirements/verification-system/tests/016.test.mjs; waiting for stream drain; last verdict: test:pass:WHAT[verification-system-016] complete selected Node and npm archive capture preserves locked inputs before execution
check	Run verification	2026-10-04T17:33:56.0669212Z runner: post-exit group verification/reclamation: pid=3006; elapsedMs=8.903; accepted=true
check	Run verification	2026-10-04T17:33:56.0669577Z 
check	Run verification	2026-10-04T17:33:56.0669998Z runner: verdict counts unavailable; no authoritative summary; 817/818 planned file(s) completed
check	Run verification	2026-10-04T17:33:56.0670565Z Error: runner: supervised suite failed (exit 1)
check	Run verification	2026-10-04T17:33:56.0671276Z     at fail (file:///home/runner/work/vibe-fs/vibe-fs/requirements/verification-system/tests/e2e/support/supervise-node-test.mjs:217:25)
check	Run verification	2026-10-04T17:33:56.0672360Z     at superviseOwnedNodeTest (file:///home/runner/work/vibe-fs/vibe-fs/requirements/verification-system/tests/e2e/support/supervise-node-test.mjs:395:22)
check	Run verification	2026-10-04T17:33:56.0673546Z     at async superviseNodeTest (file:///home/runner/work/vibe-fs/vibe-fs/requirements/verification-system/tests/e2e/support/supervise-node-test.mjs:195:14)
check	Run verification	2026-10-04T17:33:56.0674479Z     at async file:///home/runner/work/vibe-fs/vibe-fs/requirements/verification-system/tests/run.mjs:94:1 {
check	Run verification	2026-10-04T17:33:56.0674966Z   exitCode: 1
check	Run verification	2026-10-04T17:33:56.0675157Z }
check	Run verification	2026-10-04T17:33:56.0675695Z --- [unit] 完整日志见: .fable-build/verify-logs/2026-10-04T17-27-10-962Z/unit.log ---
check	Run verification	2026-10-04T17:33:56.0675998Z 
check	Run verification	2026-10-04T17:33:56.0676143Z   unit           FAIL(1)  300.7s
check	Run verification	2026-10-04T17:33:56.4084580Z FAIL  verify release  405.4s
check	Run verification	2026-10-04T17:33:56.4229827Z + CODE=1
check	Run verification	2026-10-04T17:33:56.4230455Z + echo '::error::verify:release exited with 1'
check	Run verification	2026-10-04T17:33:56.4255154Z ##[error]verify:release exited with 1
check	Run verification	2026-10-04T17:33:56.4265083Z + sort
check	Run verification	2026-10-04T17:33:56.4265502Z + find .fable-build/verify-logs/ -type f -name '*.log'
check	Run verification	2026-10-04T17:33:56.4265853Z + read -r file
check	Run verification	2026-10-04T17:33:56.4266310Z ++ head -n 1 .fable-build/verify-logs/2026-10-04T17-27-10-962Z/build.log
check	Run verification	2026-10-04T17:33:56.4271673Z ++ tail -n 1 .fable-build/verify-logs/2026-10-04T17-27-10-962Z/build.log
check	Run verification	2026-10-04T17:33:56.4282583Z + echo '::error file=.fable-build/verify-logs/2026-10-04T17-27-10-962Z/build.log::^[[36m[build]^[[0m Compiling F# (clean)... | ^[[36m[build]^[[0m build ok (generation 1)'
check	Run verification	2026-10-04T17:33:56.4283407Z + read -r file
check	Run verification	2026-10-04T17:33:56.4287392Z ##[error]^[[36m[build]^[[0m Compiling F# (clean)... | ^[[36m[build]^[[0m build ok (generation 1)
check	Run verification	2026-10-04T17:33:56.4288602Z ++ head -n 1 .fable-build/verify-logs/2026-10-04T17-27-10-962Z/check.log
check	Run verification	2026-10-04T17:33:56.4296276Z ++ tail -n 1 .fable-build/verify-logs/2026-10-04T17-27-10-962Z/check.log
check	Run verification	2026-10-04T17:33:56.4306233Z + echo '::error file=.fable-build/verify-logs/2026-10-04T17-27-10-962Z/check.log:: | ✅ Ran 1 script and skipped 0 in 6.3s.'
check	Run verification	2026-10-04T17:33:56.4307947Z ##[error] | ✅ Ran 1 script and skipped 0 in 6.3s.
check	Run verification	2026-10-04T17:33:56.4309026Z + read -r file
check	Run verification	2026-10-04T17:33:56.4309513Z ++ head -n 1 .fable-build/verify-logs/2026-10-04T17-27-10-962Z/format-check.log
check	Run verification	2026-10-04T17:33:56.4320328Z ++ tail -n 1 .fable-build/verify-logs/2026-10-04T17-27-10-962Z/format-check.log
check	Run verification	2026-10-04T17:33:56.4330348Z + echo '::error file=.fable-build/verify-logs/2026-10-04T17-27-10-962Z/format-check.log:: | ✅ Ran 1 script and skipped 0 in 12s.'
check	Run verification	2026-10-04T17:33:56.4331715Z ##[error] | ✅ Ran 1 script and skipped 0 in 12s.
check	Run verification	2026-10-04T17:33:56.4332525Z + read -r file
check	Run verification	2026-10-04T17:33:56.4332960Z ++ head -n 1 .fable-build/verify-logs/2026-10-04T17-27-10-962Z/unit.log
check	Run verification	2026-10-04T17:33:56.4344054Z ++ tail -n 1 .fable-build/verify-logs/2026-10-04T17-27-10-962Z/unit.log
check	Run verification	2026-10-04T17:33:56.4354161Z + echo '::error file=.fable-build/verify-logs/2026-10-04T17-27-10-962Z/unit.log::runner: build is current (1796 sources, 883 artifacts) | }'
check	Run verification	2026-10-04T17:33:56.4356042Z ##[error]runner: build is current (1796 sources, 883 artifacts) | }
check	Run verification	2026-10-04T17:33:56.4357407Z + read -r file
check	Run verification	2026-10-04T17:33:56.4357769Z + exit 1
check	Run verification	2026-10-04T17:33:56.4360772Z ##[error]Process completed with exit code 1.
check	Upload verify logs on failure	﻿2026-10-04T17:33:56.4429316Z ##[group]Run actions/upload-artifact@v4
check	Upload verify logs on failure	2026-10-04T17:33:56.4429622Z with:
check	Upload verify logs on failure	2026-10-04T17:33:56.4429818Z   name: verify-logs
check	Upload verify logs on failure	2026-10-04T17:33:56.4430037Z   path: .fable-build/verify-logs/
check	Upload verify logs on failure	2026-10-04T17:33:56.4430295Z   if-no-files-found: warn
check	Upload verify logs on failure	2026-10-04T17:33:56.4430518Z   compression-level: 6
check	Upload verify logs on failure	2026-10-04T17:33:56.4430727Z   overwrite: false
check	Upload verify logs on failure	2026-10-04T17:33:56.4430930Z   include-hidden-files: false
check	Upload verify logs on failure	2026-10-04T17:33:56.4431156Z env:
check	Upload verify logs on failure	2026-10-04T17:33:56.4431339Z   DOTNET_ROOT: /usr/share/dotnet
check	Upload verify logs on failure	2026-10-04T17:33:56.4431570Z ##[endgroup]
check	Upload verify logs on failure	2026-10-04T17:33:56.6196092Z (node:13001) [DEP0040] DeprecationWarning: The `punycode` module is deprecated. Please use a userland alternative instead.
check	Upload verify logs on failure	2026-10-04T17:33:56.6197555Z (Use `node --trace-deprecation ...` to show where the warning was created)
check	Upload verify logs on failure	2026-10-04T17:33:56.6351327Z With the provided path, there will be 8 files uploaded
check	Upload verify logs on failure	2026-10-04T17:33:56.6352648Z Artifact name is valid!
check	Upload verify logs on failure	2026-10-04T17:33:56.6353310Z Root directory input is valid!
check	Upload verify logs on failure	2026-10-04T17:33:56.8430214Z Beginning upload of artifact content to blob storage
check	Upload verify logs on failure	2026-10-04T17:33:56.8845244Z (node:13001) [DEP0169] DeprecationWarning: `url.parse()` behavior is not standardized and prone to errors that have security implications. Use the WHATWG URL API instead. CVEs are not issued for `url.parse()` vulnerabilities.
check	Upload verify logs on failure	2026-10-04T17:33:56.9373598Z Uploaded bytes 39570
check	Upload verify logs on failure	2026-10-04T17:33:56.9577051Z Finished uploading artifact content to blob storage!
check	Upload verify logs on failure	2026-10-04T17:33:56.9578350Z SHA256 digest of uploaded artifact zip is 9137e6a9d9fa50a118a8c1eb8f2f24aecb0cdac9b848ce0654c14f10fbe6ad4b
check	Upload verify logs on failure	2026-10-04T17:33:56.9579648Z Finalizing artifact upload
check	Upload verify logs on failure	2026-10-04T17:33:57.1811934Z Artifact verify-logs.zip successfully finalized. Artifact ID 11309328596
check	Upload verify logs on failure	2026-10-04T17:33:57.1813484Z Artifact verify-logs has been successfully uploaded! Final size is 39570 bytes. Artifact ID is 11309328596
check	Upload verify logs on failure	2026-10-04T17:33:57.1820120Z Artifact download URL: https://github.com/PamelaSprin47685ghall/vibe-fs/actions/runs/37220536019/artifacts/11309328596
check	Post Run actions/checkout@v4	﻿2026-10-04T17:33:57.2059200Z Post job cleanup.
check	Post Run actions/checkout@v4	2026-10-04T17:33:57.2959635Z [command]/usr/bin/git version
check	Post Run actions/checkout@v4	2026-10-04T17:33:57.3009908Z git version 2.55.0
check	Post Run actions/checkout@v4	2026-10-04T17:33:57.3059125Z Temporarily overriding HOME='/home/runner/work/_temp/da93df27-474b-4c61-891f-9a985784a041' before making global git config changes
check	Post Run actions/checkout@v4	2026-10-04T17:33:57.3060444Z Adding repository directory to the temporary git global config as a safe directory
check	Post Run actions/checkout@v4	2026-10-04T17:33:57.3066113Z [command]/usr/bin/git config --global --add safe.directory /home/runner/work/vibe-fs/vibe-fs
check	Post Run actions/checkout@v4	2026-10-04T17:33:57.3115121Z [command]/usr/bin/git config --local --name-only --get-regexp core\.sshCommand
check	Post Run actions/checkout@v4	2026-10-04T17:33:57.3155412Z [command]/usr/bin/git submodule foreach --recursive sh -c "git config --local --name-only --get-regexp 'core\.sshCommand' && git config --local --unset-all 'core.sshCommand' || :"
check	Post Run actions/checkout@v4	2026-10-04T17:33:57.3460770Z [command]/usr/bin/git config --local --name-only --get-regexp http\.https\:\/\/github\.com\/\.extraheader
check	Post Run actions/checkout@v4	2026-10-04T17:33:57.3491684Z http.https://github.com/.extraheader
check	Post Run actions/checkout@v4	2026-10-04T17:33:57.3505452Z [command]/usr/bin/git config --local --unset-all http.https://github.com/.extraheader
check	Post Run actions/checkout@v4	2026-10-04T17:33:57.3551152Z [command]/usr/bin/git submodule foreach --recursive sh -c "git config --local --name-only --get-regexp 'http\.https\:\/\/github\.com\/\.extraheader' && git config --local --unset-all 'http.https://github.com/.extraheader' || :"
check	Post Run actions/checkout@v4	2026-10-04T17:33:57.3847604Z [command]/usr/bin/git config --local --name-only --get-regexp ^includeIf\.gitdir:
check	Post Run actions/checkout@v4	2026-10-04T17:33:57.3890474Z [command]/usr/bin/git submodule foreach --recursive git config --local --show-origin --name-only --get-regexp remote.origin.url
check	Complete job	﻿2026-10-04T17:33:57.4352396Z Cleaning up orphan processes
check	Complete job	2026-10-04T17:33:57.4720368Z ##[warning]Node.js 20 is deprecated. The following actions target Node.js 20 but are being forced to run on Node.js 24: actions/checkout@v4, actions/setup-dotnet@v4, actions/setup-node@v4, actions/upload-artifact@v4. For more information see: https://github.blog/changelog/2025-09-19-deprecation-of-node-20-on-github-actions-runners/
