{"elapsedMs":46.13012499999999,"type":"runner:file-start","data":{"entryFile":"/Users/yuanxi/Workwork/vibe-fs/requirements/attention-regulation/tests/001.test.mjs"}}
{"elapsedMs":46.97745900000001,"type":"runner:file-start","data":{"entryFile":"/Users/yuanxi/Workwork/vibe-fs/requirements/attention-regulation/tests/002.test.mjs"}}
{"elapsedMs":49.31562500000001,"type":"runner:file-start","data":{"entryFile":"/Users/yuanxi/Workwork/vibe-fs/requirements/attention-regulation/tests/003.test.mjs"}}
{"elapsedMs":53.75508400000001,"type":"runner:file-start","data":{"entryFile":"/Users/yuanxi/Workwork/vibe-fs/requirements/attention-regulation/tests/004.test.mjs"}}
{"elapsedMs":55.568917,"type":"runner:file-start","data":{"entryFile":"/Users/yuanxi/Workwork/vibe-fs/requirements/attention-regulation/tests/005.test.mjs"}}
{"elapsedMs":56.512125,"type":"runner:file-start","data":{"entryFile":"/Users/yuanxi/Workwork/vibe-fs/requirements/attention-regulation/tests/006.test.mjs"}}
{"elapsedMs":61.86025000000001,"type":"runner:file-start","data":{"entryFile":"/Users/yuanxi/Workwork/vibe-fs/requirements/concern-routing/tests/001.test.mjs"}}
{"elapsedMs":80.671209,"type":"runner:file-start","data":{"entryFile":"/Users/yuanxi/Workwork/vibe-fs/requirements/concern-routing/tests/002.test.mjs"}}
{"elapsedMs":90.22300000000001,"type":"runner:file-start","data":{"entryFile":"/Users/yuanxi/Workwork/vibe-fs/requirements/concern-routing/tests/003.test.mjs"}}
{"elapsedMs":95.372875,"type":"runner:file-start","data":{"entryFile":"/Users/yuanxi/Workwork/vibe-fs/requirements/concern-routing/tests/004.test.mjs"}}
{"elapsedMs":190.01495899999998,"firstVerdict":true,"type":"test:complete","data":{"name":"WHAT[concern-routing-001] subscribe is idempotent per live owner and keeps id-to-concern immutable","file":"/Users/yuanxi/Workwork/vibe-fs/requirements/concern-routing/tests/001.test.mjs","entryFile":"/Users/yuanxi/Workwork/vibe-fs/requirements/concern-routing/tests/001.test.mjs","line":5,"column":1,"nesting":0,"durationMs":7.485375}}
{"elapsedMs":195.25900000000001,"firstVerdict":true,"type":"test:complete","data":{"name":"WHAT[attention-regulation-006] deferred projection stores natural-language work and consumes only named occurrences","file":"/Users/yuanxi/Workwork/vibe-fs/requirements/attention-regulation/tests/006.test.mjs","entryFile":"/Users/yuanxi/Workwork/vibe-fs/requirements/attention-regulation/tests/006.test.mjs","line":5,"column":1,"nesting":0,"durationMs":12.391333}}
{"elapsedMs":214.17283400000002,"type":"runner:file-drained","data":{"entryFile":"/Users/yuanxi/Workwork/vibe-fs/requirements/concern-routing/tests/001.test.mjs"}}
{"elapsedMs":214.92641700000001,"type":"runner:file-start","data":{"entryFile":"/Users/yuanxi/Workwork/vibe-fs/requirements/concern-routing/tests/005.test.mjs"}}
{"elapsedMs":217.06745899999999,"type":"runner:file-drained","data":{"entryFile":"/Users/yuanxi/Workwork/vibe-fs/requirements/attention-regulation/tests/006.test.mjs"}}
{"elapsedMs":218.916542,"type":"runner:file-start","data":{"entryFile":"/Users/yuanxi/Workwork/vibe-fs/requirements/concern-routing/tests/006.test.mjs"}}
{"elapsedMs":279.382834,"firstVerdict":true,"type":"test:complete","data":{"name":"WHAT[attention-regulation-001] enough accepts nonblank decisions without reading or appending attention state","file":"/Users/yuanxi/Workwork/vibe-fs/requirements/attention-regulation/tests/001.test.mjs","entryFile":"/Users/yuanxi/Workwork/vibe-fs/requirements/attention-regulation/tests/001.test.mjs","line":6,"column":1,"nesting":0,"durationMs":52.807333}}
{"elapsedMs":287.446417,"firstVerdict":true,"type":"test:complete","data":{"name":"WHAT[attention-regulation-003] actual defer tool persists trimmed work through its port before returning acceptance","file":"/Users/yuanxi/Workwork/vibe-fs/requirements/attention-regulation/tests/003.test.mjs","entryFile":"/Users/yuanxi/Workwork/vibe-fs/requirements/attention-regulation/tests/003.test.mjs","line":5,"column":1,"nesting":0,"durationMs":49.766583}}
{"elapsedMs":296.5615,"type":"runner:file-drained","data":{"entryFile":"/Users/yuanxi/Workwork/vibe-fs/requirements/attention-regulation/tests/001.test.mjs"}}
{"elapsedMs":304.20925,"type":"runner:file-start","data":{"entryFile":"/Users/yuanxi/Workwork/vibe-fs/requirements/concern-routing/tests/007.test.mjs"}}
{"elapsedMs":327.6915,"type":"runner:file-drained","data":{"entryFile":"/Users/yuanxi/Workwork/vibe-fs/requirements/attention-regulation/tests/003.test.mjs"}}
{"elapsedMs":331.20020900000003,"type":"runner:file-start","data":{"entryFile":"/Users/yuanxi/Workwork/vibe-fs/requirements/crash-reconciliation/tests/018.test.mjs"}}
{"elapsedMs":376.046667,"firstVerdict":true,"type":"test:complete","data":{"name":"WHAT[concern-routing-007] audit actual routing entry points and dependency ownership for the minimal mailbox responsibility; absence of workflow vocabulary does not prove absence of such behavior (GAP-155)","file":"/Users/yuanxi/Workwork/vibe-fs/requirements/concern-routing/tests/007.test.mjs","entryFile":"/Users/yuanxi/Workwork/vibe-fs/requirements/concern-routing/tests/007.test.mjs","line":3,"column":6,"nesting":0,"durationMs":3.441666}}
{"elapsedMs":390.86454200000003,"type":"runner:file-drained","data":{"entryFile":"/Users/yuanxi/Workwork/vibe-fs/requirements/concern-routing/tests/007.test.mjs"}}
{"elapsedMs":395.083625,"type":"runner:file-start","data":{"entryFile":"/Users/yuanxi/Workwork/vibe-fs/requirements/crash-reconciliation/tests/020.test.mjs"}}
{"elapsedMs":755.17825,"firstVerdict":true,"type":"test:complete","data":{"name":"WHAT[crash-reconciliation-020] current role vocabulary includes DevOps and Engineer but excludes legacy Coder","file":"/Users/yuanxi/Workwork/vibe-fs/requirements/crash-reconciliation/tests/020.test.mjs","entryFile":"/Users/yuanxi/Workwork/vibe-fs/requirements/crash-reconciliation/tests/020.test.mjs","line":9,"column":1,"nesting":0,"durationMs":4.581583}}
{"elapsedMs":854.9895,"type":"runner:file-drained","data":{"entryFile":"/Users/yuanxi/Workwork/vibe-fs/requirements/crash-reconciliation/tests/020.test.mjs"}}
{"elapsedMs":856.202875,"type":"runner:file-start","data":{"entryFile":"/Users/yuanxi/Workwork/vibe-fs/requirements/degeneration-guard/tests/004.test.mjs"}}
{"elapsedMs":1739.072417,"firstVerdict":true,"type":"test:complete","data":{"name":"WHAT[degeneration-guard-004] selector admits tracked source documents and excludes generated vendor fixture structured deleted and untracked paths","file":"/Users/yuanxi/Workwork/vibe-fs/requirements/degeneration-guard/tests/004.test.mjs","entryFile":"/Users/yuanxi/Workwork/vibe-fs/requirements/degeneration-guard/tests/004.test.mjs","line":16,"column":1,"nesting":0,"durationMs":483.09075}}
{"elapsedMs":2221.5541670000002,"type":"runner:file-drained","data":{"entryFile":"/Users/yuanxi/Workwork/vibe-fs/requirements/degeneration-guard/tests/004.test.mjs"}}
{"elapsedMs":2222.392334,"type":"runner:file-start","data":{"entryFile":"/Users/yuanxi/Workwork/vibe-fs/requirements/delegation/tests/001.test.mjs"}}
{"elapsedMs":2272.3642499999996,"firstVerdict":true,"type":"test:complete","data":{"name":"WHAT[delegation-001] every actual delegation entry specifies charge entitled office logical owner and bounded consequence rather than deriving them from persona labels (GAP-153)","file":"/Users/yuanxi/Workwork/vibe-fs/requirements/delegation/tests/001.test.mjs","entryFile":"/Users/yuanxi/Workwork/vibe-fs/requirements/delegation/tests/001.test.mjs","line":3,"column":6,"nesting":0,"durationMs":2.461625}}
{"elapsedMs":2282.0640000000003,"type":"runner:file-drained","data":{"entryFile":"/Users/yuanxi/Workwork/vibe-fs/requirements/delegation/tests/001.test.mjs"}}
{"elapsedMs":2283.0375839999997,"type":"runner:file-start","data":{"entryFile":"/Users/yuanxi/Workwork/vibe-fs/requirements/delegation/tests/002.test.mjs"}}
{"elapsedMs":2387.8165,"firstVerdict":true,"type":"test:complete","data":{"name":"WHAT[delegation-002] DELEG_002_calling_name_preserves_office_authority","file":"/Users/yuanxi/Workwork/vibe-fs/requirements/delegation/tests/002.test.mjs","entryFile":"/Users/yuanxi/Workwork/vibe-fs/requirements/delegation/tests/002.test.mjs","line":7,"column":1,"nesting":0,"durationMs":6.082}}
{"elapsedMs":2402.0853340000003,"type":"runner:file-drained","data":{"entryFile":"/Users/yuanxi/Workwork/vibe-fs/requirements/delegation/tests/002.test.mjs"}}
{"elapsedMs":2403.1407090000002,"type":"runner:file-start","data":{"entryFile":"/Users/yuanxi/Workwork/vibe-fs/requirements/delegation/tests/003.test.mjs"}}
{"elapsedMs":2646.8720839999996,"firstVerdict":true,"type":"test:complete","data":{"name":"WHAT[attention-regulation-002] abandon accepts free text without approval fields or attention state writes","file":"/Users/yuanxi/Workwork/vibe-fs/requirements/attention-regulation/tests/002.test.mjs","entryFile":"/Users/yuanxi/Workwork/vibe-fs/requirements/attention-regulation/tests/002.test.mjs","line":8,"column":1,"nesting":0,"durationMs":43.392959}}
{"elapsedMs":2742.576,"firstVerdict":true,"type":"test:complete","data":{"name":"WHAT[concern-routing-002] projection announcement coverage is per recipient, including the owner","file":"/Users/yuanxi/Workwork/vibe-fs/requirements/concern-routing/tests/002.test.mjs","entryFile":"/Users/yuanxi/Workwork/vibe-fs/requirements/concern-routing/tests/002.test.mjs","line":7,"column":1,"nesting":0,"durationMs":8.283833}}
{"elapsedMs":2763.3726669999996,"firstVerdict":true,"type":"test:complete","data":{"name":"WHAT[concern-routing-006] retirement prevents old messages crossing into a same-concern replacement generation","file":"/Users/yuanxi/Workwork/vibe-fs/requirements/concern-routing/tests/006.test.mjs","entryFile":"/Users/yuanxi/Workwork/vibe-fs/requirements/concern-routing/tests/006.test.mjs","line":5,"column":1,"nesting":0,"durationMs":306.29775}}
{"elapsedMs":2768.265625,"firstVerdict":true,"type":"test:complete","data":{"name":"WHAT[concern-routing-003] publish fails closed for unknown and stale generations instead of retargeting","file":"/Users/yuanxi/Workwork/vibe-fs/requirements/concern-routing/tests/003.test.mjs","entryFile":"/Users/yuanxi/Workwork/vibe-fs/requirements/concern-routing/tests/003.test.mjs","line":5,"column":1,"nesting":0,"durationMs":299.157917}}
{"elapsedMs":2801.2277919999997,"firstVerdict":true,"type":"test:complete","data":{"name":"WHAT[concern-routing-004] pure prepare is non-consuming and successful placement updates coverage","file":"/Users/yuanxi/Workwork/vibe-fs/requirements/concern-routing/tests/004.test.mjs","entryFile":"/Users/yuanxi/Workwork/vibe-fs/requirements/concern-routing/tests/004.test.mjs","line":5,"column":1,"nesting":0,"durationMs":270.633042}}
{"elapsedMs":2861.0133750000005,"firstVerdict":true,"type":"test:complete","data":{"name":"WHAT[attention-regulation-004] actual port path deduplicates occurrence and does not resurrect consumed work","file":"/Users/yuanxi/Workwork/vibe-fs/requirements/attention-regulation/tests/004.test.mjs","entryFile":"/Users/yuanxi/Workwork/vibe-fs/requirements/attention-regulation/tests/004.test.mjs","line":7,"column":1,"nesting":0,"durationMs":36.922416}}
{"elapsedMs":3039.67825,"firstVerdict":true,"type":"test:complete","data":{"name":"WHAT[concern-routing-005] actual subscribe and publish retain both participants’ authority and cause no Host prompt or abort","file":"/Users/yuanxi/Workwork/vibe-fs/requirements/concern-routing/tests/005.test.mjs","entryFile":"/Users/yuanxi/Workwork/vibe-fs/requirements/concern-routing/tests/005.test.mjs","line":5,"column":1,"nesting":0,"durationMs":2483.654875}}
{"elapsedMs":3065.2461249999997,"type":"runner:file-drained","data":{"entryFile":"/Users/yuanxi/Workwork/vibe-fs/requirements/concern-routing/tests/005.test.mjs"}}
{"elapsedMs":3065.290084,"type":"runner:file-start","data":{"entryFile":"/Users/yuanxi/Workwork/vibe-fs/requirements/delegation/tests/004.test.mjs"}}
{"elapsedMs":3151.4950419999996,"type":"runner:file-drained","data":{"entryFile":"/Users/yuanxi/Workwork/vibe-fs/requirements/concern-routing/tests/003.test.mjs"}}
{"elapsedMs":3154.1231669999997,"type":"runner:file-start","data":{"entryFile":"/Users/yuanxi/Workwork/vibe-fs/requirements/delegation/tests/005.test.mjs"}}
{"elapsedMs":3157.412875,"firstVerdict":true,"type":"test:complete","data":{"name":"WHAT[delegation-004] the actual tool registry assigns distinct names to commission fork and resume and no name has conflicting contracts (GAP-153)","file":"/Users/yuanxi/Workwork/vibe-fs/requirements/delegation/tests/004.test.mjs","entryFile":"/Users/yuanxi/Workwork/vibe-fs/requirements/delegation/tests/004.test.mjs","line":3,"column":6,"nesting":0,"durationMs":3.417917}}
{"elapsedMs":3180.1348340000004,"type":"runner:file-drained","data":{"entryFile":"/Users/yuanxi/Workwork/vibe-fs/requirements/delegation/tests/004.test.mjs"}}
{"elapsedMs":3181.3991669999996,"type":"runner:file-start","data":{"entryFile":"/Users/yuanxi/Workwork/vibe-fs/requirements/delegation/tests/006.test.mjs"}}
{"elapsedMs":3182.379,"firstVerdict":true,"type":"test:complete","data":{"name":"WHAT[attention-regulation-005] actual celebrate appends deferred items at the tail once while regret and replay do not consume new work","file":"/Users/yuanxi/Workwork/vibe-fs/requirements/attention-regulation/tests/005.test.mjs","entryFile":"/Users/yuanxi/Workwork/vibe-fs/requirements/attention-regulation/tests/005.test.mjs","line":5,"column":1,"nesting":0,"durationMs":2725.559708}}
{"elapsedMs":3217.7338339999997,"type":"runner:file-drained","data":{"entryFile":"/Users/yuanxi/Workwork/vibe-fs/requirements/attention-regulation/tests/005.test.mjs"}}
{"elapsedMs":3221.2257090000003,"type":"runner:file-start","data":{"entryFile":"/Users/yuanxi/Workwork/vibe-fs/requirements/delegation/tests/007.test.mjs"}}
{"elapsedMs":3322.4407499999998,"type":"runner:file-drained","data":{"entryFile":"/Users/yuanxi/Workwork/vibe-fs/requirements/attention-regulation/tests/002.test.mjs"}}
{"elapsedMs":3323.610334,"type":"runner:file-start","data":{"entryFile":"/Users/yuanxi/Workwork/vibe-fs/requirements/delegation/tests/008.test.mjs"}}
{"elapsedMs":3387.697042,"firstVerdict":true,"type":"test:complete","data":{"name":"WHAT[delegation-003] FORK_TOOL_requires_calling_and_resume_rejects_calling","file":"/Users/yuanxi/Workwork/vibe-fs/requirements/delegation/tests/003.test.mjs","entryFile":"/Users/yuanxi/Workwork/vibe-fs/requirements/delegation/tests/003.test.mjs","line":38,"column":1,"nesting":0,"durationMs":157.6005}}
{"elapsedMs":3417.1386249999996,"firstVerdict":true,"type":"test:complete","data":{"name":"WHAT[delegation-005] completed wire presents Byname and record without exposing supplied physical identities","file":"/Users/yuanxi/Workwork/vibe-fs/requirements/delegation/tests/005.test.mjs","entryFile":"/Users/yuanxi/Workwork/vibe-fs/requirements/delegation/tests/005.test.mjs","line":6,"column":1,"nesting":0,"durationMs":5.186667}}
{"elapsedMs":3438.315834,"firstVerdict":true,"type":"test:complete","data":{"name":"WHAT[crash-reconciliation-018] canonical load settlement voids the exact admitted child work and preserves its stable road for explicit new work","file":"/Users/yuanxi/Workwork/vibe-fs/requirements/crash-reconciliation/tests/018.test.mjs","entryFile":"/Users/yuanxi/Workwork/vibe-fs/requirements/crash-reconciliation/tests/018.test.mjs","line":12,"column":1,"nesting":0,"durationMs":681.110417}}
{"elapsedMs":3458.560042,"type":"runner:file-drained","data":{"entryFile":"/Users/yuanxi/Workwork/vibe-fs/requirements/delegation/tests/005.test.mjs"}}
{"elapsedMs":3459.8248750000002,"type":"runner:file-start","data":{"entryFile":"/Users/yuanxi/Workwork/vibe-fs/requirements/delegation/tests/009.test.mjs"}}
{"elapsedMs":3462.8479589999997,"type":"runner:file-drained","data":{"entryFile":"/Users/yuanxi/Workwork/vibe-fs/requirements/crash-reconciliation/tests/018.test.mjs"}}
{"elapsedMs":3464.189875,"type":"runner:file-start","data":{"entryFile":"/Users/yuanxi/Workwork/vibe-fs/requirements/delegation/tests/010.test.mjs"}}
{"elapsedMs":3711.5297090000004,"type":"runner:file-drained","data":{"entryFile":"/Users/yuanxi/Workwork/vibe-fs/requirements/concern-routing/tests/004.test.mjs"}}
{"elapsedMs":3711.7709590000004,"type":"runner:file-start","data":{"entryFile":"/Users/yuanxi/Workwork/vibe-fs/requirements/delegation/tests/011.test.mjs"}}
{"elapsedMs":3970.668334,"firstVerdict":true,"type":"test:complete","data":{"name":"WHAT[delegation-007] new sync invocations reject historical Coder and Inspector without creating or prompting a child","file":"/Users/yuanxi/Workwork/vibe-fs/requirements/delegation/tests/007.test.mjs","entryFile":"/Users/yuanxi/Workwork/vibe-fs/requirements/delegation/tests/007.test.mjs","line":8,"column":1,"nesting":0,"durationMs":336.044083}}
{"elapsedMs":3983.096917,"type":"runner:file-drained","data":{"entryFile":"/Users/yuanxi/Workwork/vibe-fs/requirements/delegation/tests/007.test.mjs"}}
{"elapsedMs":3984.850292,"type":"runner:file-start","data":{"entryFile":"/Users/yuanxi/Workwork/vibe-fs/requirements/delegation/tests/012.test.mjs"}}
{"elapsedMs":4130.4482499999995,"firstVerdict":true,"type":"test:complete","data":{"name":"WHAT[delegation-006] actual accepted fork returns placement and resume reuses the same child without waiting for completion","file":"/Users/yuanxi/Workwork/vibe-fs/requirements/delegation/tests/006.test.mjs","entryFile":"/Users/yuanxi/Workwork/vibe-fs/requirements/delegation/tests/006.test.mjs","line":6,"column":1,"nesting":0,"durationMs":559.300958}}
{"elapsedMs":4143.32525,"type":"runner:file-drained","data":{"entryFile":"/Users/yuanxi/Workwork/vibe-fs/requirements/delegation/tests/006.test.mjs"}}
{"elapsedMs":4144.775208999999,"type":"runner:file-start","data":{"entryFile":"/Users/yuanxi/Workwork/vibe-fs/requirements/delegation/tests/013.test.mjs"}}
{"elapsedMs":4200.828875,"firstVerdict":true,"type":"test:complete","data":{"name":"WHAT[delegation-008] actual batch sends once in supplied Host order despite reverse invocation arrival","file":"/Users/yuanxi/Workwork/vibe-fs/requirements/delegation/tests/008.test.mjs","entryFile":"/Users/yuanxi/Workwork/vibe-fs/requirements/delegation/tests/008.test.mjs","line":6,"column":1,"nesting":0,"durationMs":460.172125}}
{"elapsedMs":4213.669833999999,"type":"runner:file-drained","data":{"entryFile":"/Users/yuanxi/Workwork/vibe-fs/requirements/delegation/tests/008.test.mjs"}}
{"elapsedMs":4216.052167,"type":"runner:file-start","data":{"entryFile":"/Users/yuanxi/Workwork/vibe-fs/requirements/delegation/tests/014.test.mjs"}}
{"elapsedMs":4370.7360419999995,"firstVerdict":true,"type":"test:complete","data":{"name":"WHAT[delegation-013] renderer preserves entry order and distinguishes completed, failed and abandoned testimony","file":"/Users/yuanxi/Workwork/vibe-fs/requirements/delegation/tests/013.test.mjs","entryFile":"/Users/yuanxi/Workwork/vibe-fs/requirements/delegation/tests/013.test.mjs","line":9,"column":1,"nesting":0,"durationMs":9.883458}}
{"elapsedMs":4384.5167089999995,"firstVerdict":true,"type":"test:complete","data":{"name":"WHAT[delegation-009] one active call blocks its own scope while another scope independently dispatches and completes","file":"/Users/yuanxi/Workwork/vibe-fs/requirements/delegation/tests/009.test.mjs","entryFile":"/Users/yuanxi/Workwork/vibe-fs/requirements/delegation/tests/009.test.mjs","line":8,"column":1,"nesting":0,"durationMs":519.484167}}
{"elapsedMs":4404.475209,"type":"runner:file-drained","data":{"entryFile":"/Users/yuanxi/Workwork/vibe-fs/requirements/delegation/tests/009.test.mjs"}}
{"elapsedMs":4405.369624999999,"type":"runner:file-start","data":{"entryFile":"/Users/yuanxi/Workwork/vibe-fs/requirements/delegation/tests/015.test.mjs"}}
{"elapsedMs":4407.765875,"firstVerdict":true,"type":"test:complete","data":{"name":"WHAT[delegation-010] successive sync work reuses its child and requires a fresh managed assignment rather than an old completion","file":"/Users/yuanxi/Workwork/vibe-fs/requirements/delegation/tests/010.test.mjs","entryFile":"/Users/yuanxi/Workwork/vibe-fs/requirements/delegation/tests/010.test.mjs","line":6,"column":1,"nesting":0,"durationMs":474.381291}}
{"elapsedMs":4437.600459,"type":"runner:file-drained","data":{"entryFile":"/Users/yuanxi/Workwork/vibe-fs/requirements/delegation/tests/010.test.mjs"}}
{"elapsedMs":4438.5845,"type":"runner:file-start","data":{"entryFile":"/Users/yuanxi/Workwork/vibe-fs/requirements/delegation/tests/017.test.mjs"}}
{"elapsedMs":4445.766541999999,"type":"runner:file-drained","data":{"entryFile":"/Users/yuanxi/Workwork/vibe-fs/requirements/delegation/tests/013.test.mjs"}}
{"elapsedMs":4446.651292,"type":"runner:file-start","data":{"entryFile":"/Users/yuanxi/Workwork/vibe-fs/requirements/delegation/tests/019.test.mjs"}}
{"elapsedMs":4491.974416999999,"firstVerdict":true,"type":"test:complete","data":{"name":"WHAT[delegation-017] consuming a real returned WorkRecord changes no caller authority obligation or global request direction (GAP-153)","file":"/Users/yuanxi/Workwork/vibe-fs/requirements/delegation/tests/017.test.mjs","entryFile":"/Users/yuanxi/Workwork/vibe-fs/requirements/delegation/tests/017.test.mjs","line":3,"column":6,"nesting":0,"durationMs":2.392125}}
{"elapsedMs":4495.705,"firstVerdict":true,"type":"test:complete","data":{"name":"WHAT[delegation-014] commission renderer preserves supplied verdict order and renders no field DTO","file":"/Users/yuanxi/Workwork/vibe-fs/requirements/delegation/tests/014.test.mjs","entryFile":"/Users/yuanxi/Workwork/vibe-fs/requirements/delegation/tests/014.test.mjs","line":6,"column":1,"nesting":0,"durationMs":49.283417}}
{"elapsedMs":4496.580667,"type":"runner:file-drained","data":{"entryFile":"/Users/yuanxi/Workwork/vibe-fs/requirements/delegation/tests/017.test.mjs"}}
{"elapsedMs":4498.0924589999995,"type":"runner:file-start","data":{"entryFile":"/Users/yuanxi/Workwork/vibe-fs/requirements/delegation/tests/020.test.mjs"}}
{"elapsedMs":4529.183875,"type":"runner:file-drained","data":{"entryFile":"/Users/yuanxi/Workwork/vibe-fs/requirements/delegation/tests/014.test.mjs"}}
{"elapsedMs":4529.958375,"type":"runner:file-start","data":{"entryFile":"/Users/yuanxi/Workwork/vibe-fs/requirements/delegation/tests/021.test.mjs"}}
{"elapsedMs":4553.153042,"firstVerdict":true,"type":"test:complete","data":{"name":"WHAT[delegation-019] en renderer keeps instructions separate from parsed background fields","file":"/Users/yuanxi/Workwork/vibe-fs/requirements/delegation/tests/019.test.mjs","entryFile":"/Users/yuanxi/Workwork/vibe-fs/requirements/delegation/tests/019.test.mjs","line":16,"column":3,"nesting":0,"durationMs":11.34325}}
{"elapsedMs":4567.61,"firstVerdict":true,"type":"test:complete","data":{"name":"WHAT[delegation-020] legal adapter naming changes preserve actual delegation authority ownership and lifecycle observations (GAP-153)","file":"/Users/yuanxi/Workwork/vibe-fs/requirements/delegation/tests/020.test.mjs","entryFile":"/Users/yuanxi/Workwork/vibe-fs/requirements/delegation/tests/020.test.mjs","line":3,"column":6,"nesting":0,"durationMs":3.477833}}
{"elapsedMs":4596.92875,"type":"runner:file-drained","data":{"entryFile":"/Users/yuanxi/Workwork/vibe-fs/requirements/delegation/tests/020.test.mjs"}}
{"elapsedMs":4597.906459,"type":"runner:file-start","data":{"entryFile":"/Users/yuanxi/Workwork/vibe-fs/requirements/delegation/tests/022.test.mjs"}}
{"elapsedMs":4597.944875,"type":"runner:file-drained","data":{"entryFile":"/Users/yuanxi/Workwork/vibe-fs/requirements/delegation/tests/019.test.mjs"}}
{"elapsedMs":4599.583,"type":"runner:file-start","data":{"entryFile":"/Users/yuanxi/Workwork/vibe-fs/requirements/delegation/tests/023.test.mjs"}}
{"elapsedMs":4638.952917,"firstVerdict":true,"type":"test:complete","data":{"name":"WHAT[delegation-011] ordinary completion returns a WorkRecord without a separate return call or parent opening","file":"/Users/yuanxi/Workwork/vibe-fs/requirements/delegation/tests/011.test.mjs","entryFile":"/Users/yuanxi/Workwork/vibe-fs/requirements/delegation/tests/011.test.mjs","line":6,"column":1,"nesting":0,"durationMs":341.103917}}
{"elapsedMs":4658.544584,"firstVerdict":true,"type":"test:complete","data":{"name":"WHAT[delegation-021] attachment work record including hostile instructions remains a read-only background field","file":"/Users/yuanxi/Workwork/vibe-fs/requirements/delegation/tests/021.test.mjs","entryFile":"/Users/yuanxi/Workwork/vibe-fs/requirements/delegation/tests/021.test.mjs","line":12,"column":1,"nesting":0,"durationMs":8.136334}}
{"elapsedMs":4663.8520419999995,"type":"runner:file-drained","data":{"entryFile":"/Users/yuanxi/Workwork/vibe-fs/requirements/delegation/tests/011.test.mjs"}}
{"elapsedMs":4663.888709,"type":"runner:file-start","data":{"entryFile":"/Users/yuanxi/Workwork/vibe-fs/requirements/delegation/tests/024.test.mjs"}}
{"elapsedMs":4674.141584,"type":"runner:file-drained","data":{"entryFile":"/Users/yuanxi/Workwork/vibe-fs/requirements/delegation/tests/021.test.mjs"}}
{"elapsedMs":4676.7519999999995,"type":"runner:file-start","data":{"entryFile":"/Users/yuanxi/Workwork/vibe-fs/requirements/delegation/tests/025.test.mjs"}}
{"elapsedMs":4690.266834,"firstVerdict":true,"type":"test:complete","data":{"name":"WHAT[delegation-022] estimate prose selects the whole advisory resource in each provider language","file":"/Users/yuanxi/Workwork/vibe-fs/requirements/delegation/tests/022.test.mjs","entryFile":"/Users/yuanxi/Workwork/vibe-fs/requirements/delegation/tests/022.test.mjs","line":7,"column":1,"nesting":0,"durationMs":7.475416}}
{"elapsedMs":4697.550709,"type":"runner:file-drained","data":{"entryFile":"/Users/yuanxi/Workwork/vibe-fs/requirements/delegation/tests/022.test.mjs"}}
{"elapsedMs":4698.305834,"type":"runner:file-start","data":{"entryFile":"/Users/yuanxi/Workwork/vibe-fs/requirements/delegation/tests/026.test.mjs"}}
{"elapsedMs":4721.8301249999995,"firstVerdict":true,"type":"test:complete","data":{"name":"WHAT[delegation-012] only the canonical call receives the WorkRecord and all siblings refer to it","file":"/Users/yuanxi/Workwork/vibe-fs/requirements/delegation/tests/012.test.mjs","entryFile":"/Users/yuanxi/Workwork/vibe-fs/requirements/delegation/tests/012.test.mjs","line":6,"column":1,"nesting":0,"durationMs":344.214334}}
{"elapsedMs":4773.081875,"type":"runner:file-drained","data":{"entryFile":"/Users/yuanxi/Workwork/vibe-fs/requirements/delegation/tests/012.test.mjs"}}
{"elapsedMs":4774.778125,"type":"runner:file-start","data":{"entryFile":"/Users/yuanxi/Workwork/vibe-fs/requirements/delegation/tests/027.test.mjs"}}
{"elapsedMs":4790.285667,"type":"runner:file-drained","data":{"entryFile":"/Users/yuanxi/Workwork/vibe-fs/requirements/concern-routing/tests/006.test.mjs"}}
{"elapsedMs":4792.193792,"type":"runner:file-start","data":{"entryFile":"/Users/yuanxi/Workwork/vibe-fs/requirements/delegation/tests/028.test.mjs"}}
{"elapsedMs":4797.492209,"firstVerdict":true,"type":"test:complete","data":{"name":"WHAT[delegation-015] interrupted prose distinguishes user input, operator abort and deadline","file":"/Users/yuanxi/Workwork/vibe-fs/requirements/delegation/tests/015.test.mjs","entryFile":"/Users/yuanxi/Workwork/vibe-fs/requirements/delegation/tests/015.test.mjs","line":17,"column":1,"nesting":0,"durationMs":63.328875}}
{"elapsedMs":4855.183916999999,"type":"runner:file-drained","data":{"entryFile":"/Users/yuanxi/Workwork/vibe-fs/requirements/attention-regulation/tests/004.test.mjs"}}
{"elapsedMs":4856.354417,"type":"runner:file-start","data":{"entryFile":"/Users/yuanxi/Workwork/vibe-fs/requirements/delegation/tests/029.test.mjs"}}
{"elapsedMs":4860.3256249999995,"type":"runner:file-drained","data":{"entryFile":"/Users/yuanxi/Workwork/vibe-fs/requirements/delegation/tests/015.test.mjs"}}
{"elapsedMs":4860.368125,"type":"runner:file-start","data":{"entryFile":"/Users/yuanxi/Workwork/vibe-fs/requirements/delegation/tests/030.test.mjs"}}
{"elapsedMs":4921.934542,"firstVerdict":true,"type":"test:complete","data":{"name":"WHAT[delegation-030] actual injected delegation invariant incidents preserve settlement before exactly one report and kill with no physical fallback (GAP-153)","file":"/Users/yuanxi/Workwork/vibe-fs/requirements/delegation/tests/030.test.mjs","entryFile":"/Users/yuanxi/Workwork/vibe-fs/requirements/delegation/tests/030.test.mjs","line":3,"column":6,"nesting":0,"durationMs":3.755042}}
{"elapsedMs":4927.321667,"type":"runner:file-drained","data":{"entryFile":"/Users/yuanxi/Workwork/vibe-fs/requirements/delegation/tests/030.test.mjs"}}
{"elapsedMs":4928.463125,"type":"runner:file-start","data":{"entryFile":"/Users/yuanxi/Workwork/vibe-fs/requirements/delegation/tests/031.test.mjs"}}
{"elapsedMs":5104.150334,"firstVerdict":true,"type":"test:complete","data":{"name":"WHAT[delegation-029] current recovery compile inventory and lexical audit exclude known foreign implementations","file":"/Users/yuanxi/Workwork/vibe-fs/requirements/delegation/tests/029.test.mjs","entryFile":"/Users/yuanxi/Workwork/vibe-fs/requirements/delegation/tests/029.test.mjs","line":28,"column":1,"nesting":0,"durationMs":140.509208}}
{"elapsedMs":5127.827042,"type":"runner:file-drained","data":{"entryFile":"/Users/yuanxi/Workwork/vibe-fs/requirements/delegation/tests/029.test.mjs"}}
{"elapsedMs":5129.307084,"type":"runner:file-start","data":{"entryFile":"/Users/yuanxi/Workwork/vibe-fs/requirements/delegation/tests/032.test.mjs"}}
{"elapsedMs":5197.956834,"firstVerdict":true,"type":"test:complete","data":{"name":"WHAT[delegation-028] Delegation contract excludes workflow Host PTY and recovery sources","file":"/Users/yuanxi/Workwork/vibe-fs/requirements/delegation/tests/028.test.mjs","entryFile":"/Users/yuanxi/Workwork/vibe-fs/requirements/delegation/tests/028.test.mjs","line":128,"column":1,"nesting":0,"durationMs":10.036458}}
{"elapsedMs":5266.246125,"type":"runner:file-drained","data":{"entryFile":"/Users/yuanxi/Workwork/vibe-fs/requirements/delegation/tests/028.test.mjs"}}
{"elapsedMs":5268.141584,"type":"runner:file-start","data":{"entryFile":"/Users/yuanxi/Workwork/vibe-fs/requirements/dispatch-protocol/tests/002.test.mjs"}}
{"elapsedMs":5415.601624999999,"firstVerdict":true,"type":"test:complete","data":{"name":"WHAT[delegation-023] transient failure follows the injected retry verdict before delivering success or exhaustion","file":"/Users/yuanxi/Workwork/vibe-fs/requirements/delegation/tests/023.test.mjs","entryFile":"/Users/yuanxi/Workwork/vibe-fs/requirements/delegation/tests/023.test.mjs","line":6,"column":1,"nesting":0,"durationMs":430.68225}}
{"elapsedMs":5447.0665,"type":"runner:file-drained","data":{"entryFile":"/Users/yuanxi/Workwork/vibe-fs/requirements/delegation/tests/023.test.mjs"}}
{"elapsedMs":5447.11625,"type":"runner:file-start","data":{"entryFile":"/Users/yuanxi/Workwork/vibe-fs/requirements/dispatch-protocol/tests/008.test.mjs"}}
{"elapsedMs":5543.9902919999995,"firstVerdict":true,"type":"test:complete","data":{"name":"WHAT[dispatch-protocol-002] DP_002_submit_records_the_receipt_without_resolving_the_claim","file":"/Users/yuanxi/Workwork/vibe-fs/requirements/dispatch-protocol/tests/002.test.mjs","entryFile":"/Users/yuanxi/Workwork/vibe-fs/requirements/dispatch-protocol/tests/002.test.mjs","line":66,"column":1,"nesting":0,"durationMs":14.751375}}
{"elapsedMs":5546.572875,"firstVerdict":true,"type":"test:complete","data":{"name":"WHAT[delegation-025] late failure from a previous root cannot settle a reused sync call","file":"/Users/yuanxi/Workwork/vibe-fs/requirements/delegation/tests/025.test.mjs","entryFile":"/Users/yuanxi/Workwork/vibe-fs/requirements/delegation/tests/025.test.mjs","line":7,"column":1,"nesting":0,"durationMs":456.163083}}
{"elapsedMs":5562.759916999999,"type":"runner:file-drained","data":{"entryFile":"/Users/yuanxi/Workwork/vibe-fs/requirements/delegation/tests/025.test.mjs"}}
{"elapsedMs":5564.746,"type":"runner:file-start","data":{"entryFile":"/Users/yuanxi/Workwork/vibe-fs/requirements/dispatch-protocol/tests/010.test.mjs"}}
{"elapsedMs":5573.3610419999995,"firstVerdict":true,"type":"test:complete","data":{"name":"WHAT[delegation-032] office capability projection denies cross-role dispatch while retaining each role’s own work","file":"/Users/yuanxi/Workwork/vibe-fs/requirements/delegation/tests/032.test.mjs","entryFile":"/Users/yuanxi/Workwork/vibe-fs/requirements/delegation/tests/032.test.mjs","line":8,"column":1,"nesting":0,"durationMs":4.885375}}
{"elapsedMs":5789.102959,"firstVerdict":true,"type":"test:complete","data":{"name":"WHAT[delegation-031] DELEG_031_committed_checkpoint_advances_frontier_and_delivers_work_record","file":"/Users/yuanxi/Workwork/vibe-fs/requirements/delegation/tests/031.test.mjs","entryFile":"/Users/yuanxi/Workwork/vibe-fs/requirements/delegation/tests/031.test.mjs","line":32,"column":1,"nesting":0,"durationMs":341.235083}}
{"elapsedMs":5879.283834,"firstVerdict":true,"type":"test:complete","data":{"name":"WHAT[dispatch-protocol-010] authority root public profile exposes identity without a model field","file":"/Users/yuanxi/Workwork/vibe-fs/requirements/dispatch-protocol/tests/010.test.mjs","entryFile":"/Users/yuanxi/Workwork/vibe-fs/requirements/dispatch-protocol/tests/010.test.mjs","line":63,"column":1,"nesting":0,"durationMs":17.982625}}
{"elapsedMs":5979.8814999999995,"firstVerdict":true,"type":"test:complete","data":{"name":"WHAT[delegation-027] root affinity also rejects old Failed without a prepared handoff","file":"/Users/yuanxi/Workwork/vibe-fs/requirements/delegation/tests/027.test.mjs","entryFile":"/Users/yuanxi/Workwork/vibe-fs/requirements/delegation/tests/027.test.mjs","line":6,"column":3,"nesting":0,"durationMs":489.347333}}
{"elapsedMs":6057.83025,"firstVerdict":true,"type":"test:complete","data":{"name":"WHAT[dispatch-protocol-008] DP_008_unproven_outcome_stays_pending_never_resends","file":"/Users/yuanxi/Workwork/vibe-fs/requirements/dispatch-protocol/tests/008.test.mjs","entryFile":"/Users/yuanxi/Workwork/vibe-fs/requirements/dispatch-protocol/tests/008.test.mjs","line":55,"column":1,"nesting":0,"durationMs":223.780584}}
{"elapsedMs":6086.769667,"type":"runner:file-drained","data":{"entryFile":"/Users/yuanxi/Workwork/vibe-fs/requirements/delegation/tests/032.test.mjs"}}
{"elapsedMs":6090.270125,"type":"runner:file-start","data":{"entryFile":"/Users/yuanxi/Workwork/vibe-fs/requirements/dispatch-protocol/tests/012.test.mjs"}}
{"elapsedMs":6098.234458999999,"firstVerdict":true,"type":"test:complete","data":{"name":"WHAT[delegation-026] RESUME_synchronous_admission_with_async_work_and_join_isolation","file":"/Users/yuanxi/Workwork/vibe-fs/requirements/delegation/tests/026.test.mjs","entryFile":"/Users/yuanxi/Workwork/vibe-fs/requirements/delegation/tests/026.test.mjs","line":33,"column":1,"nesting":0,"durationMs":922.47925}}
{"elapsedMs":6110.217709,"type":"runner:file-drained","data":{"entryFile":"/Users/yuanxi/Workwork/vibe-fs/requirements/dispatch-protocol/tests/002.test.mjs"}}
{"elapsedMs":6112.201875,"type":"runner:file-start","data":{"entryFile":"/Users/yuanxi/Workwork/vibe-fs/requirements/distribution/tests/005.test.mjs"}}
{"elapsedMs":6128.847084,"type":"runner:file-drained","data":{"entryFile":"/Users/yuanxi/Workwork/vibe-fs/requirements/dispatch-protocol/tests/008.test.mjs"}}
{"elapsedMs":6130.895334,"type":"runner:file-start","data":{"entryFile":"/Users/yuanxi/Workwork/vibe-fs/requirements/durable-events/tests/001.test.mjs"}}
{"elapsedMs":6293.483125,"firstVerdict":true,"type":"test:complete","data":{"name":"WHAT[delegation-024] pre-join resume preserves both public join WorkRecords","file":"/Users/yuanxi/Workwork/vibe-fs/requirements/delegation/tests/024.test.mjs","entryFile":"/Users/yuanxi/Workwork/vibe-fs/requirements/delegation/tests/024.test.mjs","line":6,"column":1,"nesting":0,"durationMs":802.68475}}
{"elapsedMs":6359.442792,"type":"runner:file-drained","data":{"entryFile":"/Users/yuanxi/Workwork/vibe-fs/requirements/delegation/tests/027.test.mjs"}}
{"elapsedMs":6361.831959,"type":"runner:file-start","data":{"entryFile":"/Users/yuanxi/Workwork/vibe-fs/requirements/durable-events/tests/002.test.mjs"}}
{"elapsedMs":6461.617749999999,"firstVerdict":true,"type":"test:complete","data":{"name":"WHAT[durable-events-001] append_only_prior_writer_bytes_are_a_strict_prefix_after_new_fact","file":"/Users/yuanxi/Workwork/vibe-fs/requirements/durable-events/tests/001.test.mjs","entryFile":"/Users/yuanxi/Workwork/vibe-fs/requirements/durable-events/tests/001.test.mjs","line":26,"column":1,"nesting":0,"durationMs":104.334583}}
{"elapsedMs":6475.302334,"type":"runner:file-drained","data":{"entryFile":"/Users/yuanxi/Workwork/vibe-fs/requirements/delegation/tests/003.test.mjs"}}
{"elapsedMs":6477.4996249999995,"type":"runner:file-start","data":{"entryFile":"/Users/yuanxi/Workwork/vibe-fs/requirements/durable-events/tests/003.test.mjs"}}
{"elapsedMs":6478.519292,"type":"runner:file-drained","data":{"entryFile":"/Users/yuanxi/Workwork/vibe-fs/requirements/durable-events/tests/001.test.mjs"}}
{"elapsedMs":6479.507584,"type":"runner:file-start","data":{"entryFile":"/Users/yuanxi/Workwork/vibe-fs/requirements/durable-events/tests/004.test.mjs"}}
{"elapsedMs":6526.252125,"firstVerdict":true,"type":"test:complete","data":{"name":"WHAT[durable-events-002] PERSIST_001_an_envelope_serializes_to_exactly_one_line","file":"/Users/yuanxi/Workwork/vibe-fs/requirements/durable-events/tests/002.test.mjs","entryFile":"/Users/yuanxi/Workwork/vibe-fs/requirements/durable-events/tests/002.test.mjs","line":39,"column":1,"nesting":0,"durationMs":50.899459}}
{"elapsedMs":6595.438666999999,"firstVerdict":true,"type":"test:complete","data":{"name":"WHAT[dispatch-protocol-012] recovered turn binding restores durable participant and role when process-local role is absent","file":"/Users/yuanxi/Workwork/vibe-fs/requirements/dispatch-protocol/tests/012.test.mjs","entryFile":"/Users/yuanxi/Workwork/vibe-fs/requirements/dispatch-protocol/tests/012.test.mjs","line":31,"column":1,"nesting":0,"durationMs":195.34625}}
{"elapsedMs":6642.412499999999,"type":"runner:file-drained","data":{"entryFile":"/Users/yuanxi/Workwork/vibe-fs/requirements/delegation/tests/024.test.mjs"}}
{"elapsedMs":6643.985667,"type":"runner:file-start","data":{"entryFile":"/Users/yuanxi/Workwork/vibe-fs/requirements/durable-events/tests/005.test.mjs"}}
{"elapsedMs":6672.171292,"type":"runner:file-drained","data":{"entryFile":"/Users/yuanxi/Workwork/vibe-fs/requirements/dispatch-protocol/tests/012.test.mjs"}}
{"elapsedMs":6673.5175,"type":"runner:file-start","data":{"entryFile":"/Users/yuanxi/Workwork/vibe-fs/requirements/durable-events/tests/006.test.mjs"}}
{"elapsedMs":6687.514042,"firstVerdict":true,"type":"test:complete","data":{"name":"WHAT[durable-events-003] PERSIST_001_serialization_is_deterministic_for_one_envelope","file":"/Users/yuanxi/Workwork/vibe-fs/requirements/durable-events/tests/003.test.mjs","entryFile":"/Users/yuanxi/Workwork/vibe-fs/requirements/durable-events/tests/003.test.mjs","line":39,"column":1,"nesting":0,"durationMs":100.8185}}
{"elapsedMs":6741.560209,"type":"runner:file-drained","data":{"entryFile":"/Users/yuanxi/Workwork/vibe-fs/requirements/durable-events/tests/003.test.mjs"}}
{"elapsedMs":6742.5115,"type":"runner:file-start","data":{"entryFile":"/Users/yuanxi/Workwork/vibe-fs/requirements/durable-events/tests/007.test.mjs"}}
{"elapsedMs":7021.151584,"type":"runner:file-drained","data":{"entryFile":"/Users/yuanxi/Workwork/vibe-fs/requirements/dispatch-protocol/tests/010.test.mjs"}}
{"elapsedMs":7022.797834,"type":"runner:file-start","data":{"entryFile":"/Users/yuanxi/Workwork/vibe-fs/requirements/durable-events/tests/008.test.mjs"}}
{"elapsedMs":7087.580792,"firstVerdict":true,"type":"test:complete","data":{"name":"WHAT[durable-events-007] PERSIST_005_malformed_json_is_an_error_value_not_an_exception","file":"/Users/yuanxi/Workwork/vibe-fs/requirements/durable-events/tests/007.test.mjs","entryFile":"/Users/yuanxi/Workwork/vibe-fs/requirements/durable-events/tests/007.test.mjs","line":39,"column":1,"nesting":0,"durationMs":183.698583}}
{"elapsedMs":7096.703292,"type":"runner:file-drained","data":{"entryFile":"/Users/yuanxi/Workwork/vibe-fs/requirements/delegation/tests/031.test.mjs"}}
{"elapsedMs":7097.719416999999,"type":"runner:file-start","data":{"entryFile":"/Users/yuanxi/Workwork/vibe-fs/requirements/durable-events/tests/009.test.mjs"}}
{"elapsedMs":7106.4924169999995,"firstVerdict":true,"type":"test:complete","data":{"name":"WHAT[durable-events-006] duplicate_same_identity_is_idempotent_but_collision_is_rejected","file":"/Users/yuanxi/Workwork/vibe-fs/requirements/durable-events/tests/006.test.mjs","entryFile":"/Users/yuanxi/Workwork/vibe-fs/requirements/durable-events/tests/006.test.mjs","line":26,"column":1,"nesting":0,"durationMs":62.27175}}
{"elapsedMs":7121.884959,"type":"runner:file-drained","data":{"entryFile":"/Users/yuanxi/Workwork/vibe-fs/requirements/durable-events/tests/006.test.mjs"}}
{"elapsedMs":7121.986917,"type":"runner:file-start","data":{"entryFile":"/Users/yuanxi/Workwork/vibe-fs/requirements/durable-events/tests/010.test.mjs"}}
{"elapsedMs":7129.438292,"firstVerdict":true,"type":"test:complete","data":{"name":"WHAT[durable-events-004] append_task_does_not_return_until_the_cross_process_store_lock_is_released","file":"/Users/yuanxi/Workwork/vibe-fs/requirements/durable-events/tests/004.test.mjs","entryFile":"/Users/yuanxi/Workwork/vibe-fs/requirements/durable-events/tests/004.test.mjs","line":36,"column":1,"nesting":0,"durationMs":50.992}}
{"elapsedMs":7142.604667,"type":"runner:file-drained","data":{"entryFile":"/Users/yuanxi/Workwork/vibe-fs/requirements/durable-events/tests/004.test.mjs"}}
{"elapsedMs":7144.867584,"type":"runner:file-start","data":{"entryFile":"/Users/yuanxi/Workwork/vibe-fs/requirements/durable-events/tests/011.test.mjs"}}
{"elapsedMs":7149.546334,"type":"runner:file-drained","data":{"entryFile":"/Users/yuanxi/Workwork/vibe-fs/requirements/durable-events/tests/007.test.mjs"}}
{"elapsedMs":7154.097917,"type":"runner:file-start","data":{"entryFile":"/Users/yuanxi/Workwork/vibe-fs/requirements/durable-events/tests/012.test.mjs"}}
{"elapsedMs":7304.345334,"firstVerdict":true,"type":"test:complete","data":{"name":"WHAT[durable-events-008] DURABLE_EVENTS_008_concurrent_heads_remain_distinct_in_structural_Current","file":"/Users/yuanxi/Workwork/vibe-fs/requirements/durable-events/tests/008.test.mjs","entryFile":"/Users/yuanxi/Workwork/vibe-fs/requirements/durable-events/tests/008.test.mjs","line":38,"column":1,"nesting":0,"durationMs":33.264333}}
{"elapsedMs":7316.671667,"type":"runner:file-drained","data":{"entryFile":"/Users/yuanxi/Workwork/vibe-fs/requirements/durable-events/tests/008.test.mjs"}}
{"elapsedMs":7316.8215,"type":"runner:file-start","data":{"entryFile":"/Users/yuanxi/Workwork/vibe-fs/requirements/durable-events/tests/013.test.mjs"}}
{"elapsedMs":7376.410709,"firstVerdict":true,"type":"test:complete","data":{"name":"WHAT[durable-events-009] PERSIST_005_legacy_fallback_counters_and_model_ids_are_fatal","file":"/Users/yuanxi/Workwork/vibe-fs/requirements/durable-events/tests/009.test.mjs","entryFile":"/Users/yuanxi/Workwork/vibe-fs/requirements/durable-events/tests/009.test.mjs","line":39,"column":1,"nesting":0,"durationMs":141.353042}}
{"elapsedMs":7455.048084,"firstVerdict":true,"type":"test:complete","data":{"name":"WHAT[durable-events-011] initial git ODB is empty","file":"/Users/yuanxi/Workwork/vibe-fs/requirements/durable-events/tests/011.test.mjs","entryFile":"/Users/yuanxi/Workwork/vibe-fs/requirements/durable-events/tests/011.test.mjs","line":30,"column":11,"nesting":1,"durationMs":11.806917}}
{"elapsedMs":7567.162917,"firstVerdict":true,"type":"test:complete","data":{"name":"WHAT[durable-events-010] SharedAgentJournal_boots_local_EventStore_and_leaves_retired_RuntimePath_ndjson_unread","file":"/Users/yuanxi/Workwork/vibe-fs/requirements/durable-events/tests/010.test.mjs","entryFile":"/Users/yuanxi/Workwork/vibe-fs/requirements/durable-events/tests/010.test.mjs","line":42,"column":1,"nesting":0,"durationMs":174.071083}}
{"elapsedMs":7577.833084,"type":"runner:file-drained","data":{"entryFile":"/Users/yuanxi/Workwork/vibe-fs/requirements/durable-events/tests/010.test.mjs"}}
{"elapsedMs":7578.757541999999,"type":"runner:file-start","data":{"entryFile":"/Users/yuanxi/Workwork/vibe-fs/requirements/durable-events/tests/014.test.mjs"}}
{"elapsedMs":7665.086917,"firstVerdict":true,"type":"test:complete","data":{"name":"WHAT[durable-events-012] BlobWriter_uses_local_content_addressed_payloads_not_workspace_blobs_or_Git_ODB","file":"/Users/yuanxi/Workwork/vibe-fs/requirements/durable-events/tests/012.test.mjs","entryFile":"/Users/yuanxi/Workwork/vibe-fs/requirements/durable-events/tests/012.test.mjs","line":29,"column":1,"nesting":0,"durationMs":92.997917}}
{"elapsedMs":7751.2755,"firstVerdict":true,"type":"test:complete","data":{"name":"WHAT[durable-events-013] physical append failure leaves event and structural Current unchanged","file":"/Users/yuanxi/Workwork/vibe-fs/requirements/durable-events/tests/013.test.mjs","entryFile":"/Users/yuanxi/Workwork/vibe-fs/requirements/durable-events/tests/013.test.mjs","line":36,"column":1,"nesting":0,"durationMs":26.75025}}
{"elapsedMs":7781.368334,"firstVerdict":true,"type":"test:complete","data":{"name":"WHAT[durable-events-005] one_writer_is_one_file_regardless_of_history_size","file":"/Users/yuanxi/Workwork/vibe-fs/requirements/durable-events/tests/005.test.mjs","entryFile":"/Users/yuanxi/Workwork/vibe-fs/requirements/durable-events/tests/005.test.mjs","line":26,"column":1,"nesting":0,"durationMs":938.587083}}
{"elapsedMs":7803.274625,"firstVerdict":true,"type":"test:complete","data":{"name":"WHAT[durable-events-014] PERSIST_001_ordering_is_by_local_seq_inside_a_runtime_and_by_time_across","file":"/Users/yuanxi/Workwork/vibe-fs/requirements/durable-events/tests/014.test.mjs","entryFile":"/Users/yuanxi/Workwork/vibe-fs/requirements/durable-events/tests/014.test.mjs","line":39,"column":1,"nesting":0,"durationMs":95.1565}}
{"elapsedMs":7894.947625,"type":"runner:file-drained","data":{"entryFile":"/Users/yuanxi/Workwork/vibe-fs/requirements/durable-events/tests/011.test.mjs"}}
{"elapsedMs":7898.368334,"type":"runner:file-start","data":{"entryFile":"/Users/yuanxi/Workwork/vibe-fs/requirements/durable-events/tests/015.test.mjs"}}
{"elapsedMs":7900.8406669999995,"type":"runner:file-drained","data":{"entryFile":"/Users/yuanxi/Workwork/vibe-fs/requirements/durable-events/tests/005.test.mjs"}}
{"elapsedMs":7901.9232919999995,"type":"runner:file-start","data":{"entryFile":"/Users/yuanxi/Workwork/vibe-fs/requirements/durable-events/tests/016.test.mjs"}}
{"elapsedMs":7938.3232499999995,"type":"runner:file-drained","data":{"entryFile":"/Users/yuanxi/Workwork/vibe-fs/requirements/durable-events/tests/014.test.mjs"}}
{"elapsedMs":7940.541042,"type":"runner:file-start","data":{"entryFile":"/Users/yuanxi/Workwork/vibe-fs/requirements/durable-events/tests/017.test.mjs"}}
{"elapsedMs":7972.695959,"type":"runner:file-drained","data":{"entryFile":"/Users/yuanxi/Workwork/vibe-fs/requirements/delegation/tests/026.test.mjs"}}
{"elapsedMs":7974.111709,"type":"runner:file-start","data":{"entryFile":"/Users/yuanxi/Workwork/vibe-fs/requirements/durable-events/tests/018.test.mjs"}}
{"elapsedMs":8075.64225,"type":"runner:file-drained","data":{"entryFile":"/Users/yuanxi/Workwork/vibe-fs/requirements/concern-routing/tests/002.test.mjs"}}
{"elapsedMs":8076.449042,"type":"runner:file-start","data":{"entryFile":"/Users/yuanxi/Workwork/vibe-fs/requirements/durable-events/tests/019.test.mjs"}}
{"elapsedMs":8092.6827920000005,"type":"runner:file-drained","data":{"entryFile":"/Users/yuanxi/Workwork/vibe-fs/requirements/durable-events/tests/012.test.mjs"}}
{"elapsedMs":8095.065916999999,"type":"runner:file-start","data":{"entryFile":"/Users/yuanxi/Workwork/vibe-fs/requirements/durable-events/tests/020.test.mjs"}}
{"elapsedMs":8151.1097500000005,"firstVerdict":true,"type":"test:complete","data":{"name":"WHAT[durable-events-015] PERSIST_010_companion_online_and_codec_replay_are_identical","file":"/Users/yuanxi/Workwork/vibe-fs/requirements/durable-events/tests/015.test.mjs","entryFile":"/Users/yuanxi/Workwork/vibe-fs/requirements/durable-events/tests/015.test.mjs","line":182,"column":1,"nesting":0,"durationMs":46.474584}}
{"elapsedMs":8213.018375000001,"firstVerdict":true,"type":"test:complete","data":{"name":"WHAT[durable-events-017] append_path_has_no_Git_object_or_ref_capability","file":"/Users/yuanxi/Workwork/vibe-fs/requirements/durable-events/tests/017.test.mjs","entryFile":"/Users/yuanxi/Workwork/vibe-fs/requirements/durable-events/tests/017.test.mjs","line":26,"column":1,"nesting":0,"durationMs":24.110792}}
{"elapsedMs":8218.615875000001,"firstVerdict":true,"type":"test:complete","data":{"name":"WHAT[durable-events-016] durable fact vocabulary has no OpenCode infrastructure dependency","file":"/Users/yuanxi/Workwork/vibe-fs/requirements/durable-events/tests/016.test.mjs","entryFile":"/Users/yuanxi/Workwork/vibe-fs/requirements/durable-events/tests/016.test.mjs","line":39,"column":1,"nesting":0,"durationMs":164.902584}}
{"elapsedMs":8226.606209000001,"type":"runner:file-drained","data":{"entryFile":"/Users/yuanxi/Workwork/vibe-fs/requirements/durable-events/tests/015.test.mjs"}}
{"elapsedMs":8226.760625,"type":"runner:file-start","data":{"entryFile":"/Users/yuanxi/Workwork/vibe-fs/requirements/durable-events/tests/021.test.mjs"}}
{"elapsedMs":8232.188709,"type":"runner:file-drained","data":{"entryFile":"/Users/yuanxi/Workwork/vibe-fs/requirements/durable-events/tests/013.test.mjs"}}
{"elapsedMs":8232.651459,"type":"runner:file-start","data":{"entryFile":"/Users/yuanxi/Workwork/vibe-fs/requirements/durable-events/tests/022.test.mjs"}}
{"elapsedMs":8283.853125000001,"type":"runner:file-drained","data":{"entryFile":"/Users/yuanxi/Workwork/vibe-fs/requirements/durable-events/tests/017.test.mjs"}}
{"elapsedMs":8284.993125,"type":"runner:file-start","data":{"entryFile":"/Users/yuanxi/Workwork/vibe-fs/requirements/durable-events/tests/023.test.mjs"}}
{"elapsedMs":8410.950417,"firstVerdict":true,"type":"test:complete","data":{"name":"WHAT[durable-events-020] Journal boot creates no writer until the first business append","file":"/Users/yuanxi/Workwork/vibe-fs/requirements/durable-events/tests/020.test.mjs","entryFile":"/Users/yuanxi/Workwork/vibe-fs/requirements/durable-events/tests/020.test.mjs","line":18,"column":1,"nesting":0,"durationMs":89.9775}}
{"elapsedMs":8455.160042000001,"type":"runner:file-drained","data":{"entryFile":"/Users/yuanxi/Workwork/vibe-fs/requirements/durable-events/tests/020.test.mjs"}}
{"elapsedMs":8456.602292000001,"type":"runner:file-start","data":{"entryFile":"/Users/yuanxi/Workwork/vibe-fs/requirements/durable-events/tests/024.test.mjs"}}
{"elapsedMs":8515.990625,"firstVerdict":true,"type":"test:complete","data":{"name":"WHAT[durable-events-024] actual semantic-cut caller requires injected fatal capability and refuses fatal before committed or unknown settlement","file":"/Users/yuanxi/Workwork/vibe-fs/requirements/durable-events/tests/024.test.mjs","entryFile":"/Users/yuanxi/Workwork/vibe-fs/requirements/durable-events/tests/024.test.mjs","line":3,"column":6,"nesting":0,"durationMs":16.861125}}
{"elapsedMs":8537.566542,"type":"runner:file-drained","data":{"entryFile":"/Users/yuanxi/Workwork/vibe-fs/requirements/durable-events/tests/024.test.mjs"}}
{"elapsedMs":8538.234334,"type":"runner:file-start","data":{"entryFile":"/Users/yuanxi/Workwork/vibe-fs/requirements/durable-events/tests/025.test.mjs"}}
{"elapsedMs":8559.224959000001,"firstVerdict":true,"type":"test:complete","data":{"name":"WHAT[durable-events-021] low-level append persists bad fact and cut together; reopening a store replays the scoped reset","file":"/Users/yuanxi/Workwork/vibe-fs/requirements/durable-events/tests/021.test.mjs","entryFile":"/Users/yuanxi/Workwork/vibe-fs/requirements/durable-events/tests/021.test.mjs","line":37,"column":1,"nesting":0,"durationMs":61.341333}}
{"elapsedMs":8576.007917,"firstVerdict":true,"type":"test:complete","data":{"name":"WHAT[durable-events-022] EventStore contracts exclude physical and Strength runtime closure","file":"/Users/yuanxi/Workwork/vibe-fs/requirements/durable-events/tests/022.test.mjs","entryFile":"/Users/yuanxi/Workwork/vibe-fs/requirements/durable-events/tests/022.test.mjs","line":118,"column":1,"nesting":0,"durationMs":60.30975}}
{"elapsedMs":8593.4285,"type":"runner:file-drained","data":{"entryFile":"/Users/yuanxi/Workwork/vibe-fs/requirements/durable-events/tests/022.test.mjs"}}
{"elapsedMs":8594.871084,"type":"runner:file-start","data":{"entryFile":"/Users/yuanxi/Workwork/vibe-fs/requirements/effect-accounting/tests/001.test.mjs"}}
{"elapsedMs":8595.950334000001,"type":"runner:file-drained","data":{"entryFile":"/Users/yuanxi/Workwork/vibe-fs/requirements/durable-events/tests/021.test.mjs"}}
{"elapsedMs":8598.76425,"type":"runner:file-start","data":{"entryFile":"/Users/yuanxi/Workwork/vibe-fs/requirements/effect-accounting/tests/003.test.mjs"}}
{"elapsedMs":8624.488875000001,"firstVerdict":true,"type":"test:complete","data":{"name":"WHAT[durable-events-023] canonical codec surface keeps encode decode UTF-8 identity and merge in one fail-closed protocol","file":"/Users/yuanxi/Workwork/vibe-fs/requirements/durable-events/tests/023.test.mjs","entryFile":"/Users/yuanxi/Workwork/vibe-fs/requirements/durable-events/tests/023.test.mjs","line":36,"column":1,"nesting":0,"durationMs":165.021959}}
{"elapsedMs":8642.723667,"firstVerdict":true,"type":"test:complete","data":{"name":"WHAT[durable-events-019] every registered business oracle changes its production Current","file":"/Users/yuanxi/Workwork/vibe-fs/requirements/durable-events/tests/019.test.mjs","entryFile":"/Users/yuanxi/Workwork/vibe-fs/requirements/durable-events/tests/019.test.mjs","line":32,"column":1,"nesting":0,"durationMs":206.6495}}
{"elapsedMs":8737.644375,"firstVerdict":true,"type":"test:complete","data":{"name":"WHAT[durable-events-018] HOOK_activation_ensure_installs_both_hooks_and_remote_fetch_refspec_without_running_sync","file":"/Users/yuanxi/Workwork/vibe-fs/requirements/durable-events/tests/018.test.mjs","entryFile":"/Users/yuanxi/Workwork/vibe-fs/requirements/durable-events/tests/018.test.mjs","line":18,"column":1,"nesting":0,"durationMs":421.234167}}
{"elapsedMs":8848.272,"firstVerdict":true,"type":"test:complete","data":{"name":"WHAT[effect-accounting-001] actual worktree projection distinguishes intent and confirmation","file":"/Users/yuanxi/Workwork/vibe-fs/requirements/effect-accounting/tests/001.test.mjs","entryFile":"/Users/yuanxi/Workwork/vibe-fs/requirements/effect-accounting/tests/001.test.mjs","line":7,"column":1,"nesting":0,"durationMs":2.459041}}
{"elapsedMs":8915.706459,"type":"runner:file-drained","data":{"entryFile":"/Users/yuanxi/Workwork/vibe-fs/requirements/effect-accounting/tests/001.test.mjs"}}
{"elapsedMs":8917.540125000001,"type":"runner:file-start","data":{"entryFile":"/Users/yuanxi/Workwork/vibe-fs/requirements/effect-accounting/tests/008.test.mjs"}}
{"elapsedMs":8935.413250000001,"type":"runner:file-drained","data":{"entryFile":"/Users/yuanxi/Workwork/vibe-fs/requirements/durable-events/tests/002.test.mjs"}}
{"elapsedMs":8936.090334,"type":"runner:file-start","data":{"entryFile":"/Users/yuanxi/Workwork/vibe-fs/requirements/guidance-delivery/tests/001.test.mjs"}}
{"elapsedMs":9015.567709,"firstVerdict":true,"type":"test:complete","data":{"name":"WHAT[durable-events-025] conflicting Prepared identity returns StorageInvalid without appending a semantic cut","file":"/Users/yuanxi/Workwork/vibe-fs/requirements/durable-events/tests/025.test.mjs","entryFile":"/Users/yuanxi/Workwork/vibe-fs/requirements/durable-events/tests/025.test.mjs","line":9,"column":1,"nesting":0,"durationMs":103.238584}}
[36m[build][0m build up-to-date (no-op)
{"elapsedMs":9042.223625,"firstVerdict":true,"type":"test:complete","data":{"name":"WHAT[distribution-005] assertBuildFresh succeeds on current repository build","file":"/Users/yuanxi/Workwork/vibe-fs/requirements/distribution/tests/005.test.mjs","entryFile":"/Users/yuanxi/Workwork/vibe-fs/requirements/distribution/tests/005.test.mjs","line":15,"column":1,"nesting":0,"durationMs":1243.060292}}
{"elapsedMs":9048.811334,"type":"runner:file-drained","data":{"entryFile":"/Users/yuanxi/Workwork/vibe-fs/requirements/durable-events/tests/025.test.mjs"}}
{"elapsedMs":9050.905709,"type":"runner:file-start","data":{"entryFile":"/Users/yuanxi/Workwork/vibe-fs/requirements/guidance-delivery/tests/002.test.mjs"}}
{"elapsedMs":9072.890167000001,"type":"runner:file-drained","data":{"entryFile":"/Users/yuanxi/Workwork/vibe-fs/requirements/distribution/tests/005.test.mjs"}}
{"elapsedMs":9073.796042,"type":"runner:file-start","data":{"entryFile":"/Users/yuanxi/Workwork/vibe-fs/requirements/guidance-delivery/tests/003.test.mjs"}}
{"elapsedMs":9168.347875000001,"type":"runner:file-drained","data":{"entryFile":"/Users/yuanxi/Workwork/vibe-fs/requirements/durable-events/tests/018.test.mjs"}}
{"elapsedMs":9176.406,"type":"runner:file-start","data":{"entryFile":"/Users/yuanxi/Workwork/vibe-fs/requirements/guidance-delivery/tests/004.test.mjs"}}
{"elapsedMs":9194.297959000001,"firstVerdict":true,"type":"test:complete","data":{"name":"WHAT[effect-accounting-003] physical send sees its exact intent already recoverable from the production journal","file":"/Users/yuanxi/Workwork/vibe-fs/requirements/effect-accounting/tests/003.test.mjs","entryFile":"/Users/yuanxi/Workwork/vibe-fs/requirements/effect-accounting/tests/003.test.mjs","line":5,"column":1,"nesting":0,"durationMs":260.81125}}
fatal: not a git repository (or any of the parent directories): .git
fatal: not a git repository (or any of the parent directories): .git
{"elapsedMs":9394.393959,"type":"runner:file-drained","data":{"entryFile":"/Users/yuanxi/Workwork/vibe-fs/requirements/effect-accounting/tests/003.test.mjs"}}
{"elapsedMs":9395.723792,"type":"runner:file-start","data":{"entryFile":"/Users/yuanxi/Workwork/vibe-fs/requirements/guidance-delivery/tests/005.test.mjs"}}
{"elapsedMs":9475.354542000001,"firstVerdict":true,"type":"test:complete","data":{"name":"WHAT[guidance-delivery-001] a new occurrence of the same tip has its own first delivery","file":"/Users/yuanxi/Workwork/vibe-fs/requirements/guidance-delivery/tests/001.test.mjs","entryFile":"/Users/yuanxi/Workwork/vibe-fs/requirements/guidance-delivery/tests/001.test.mjs","line":6,"column":1,"nesting":0,"durationMs":180.653542}}
{"elapsedMs":9497.559459,"type":"runner:file-drained","data":{"entryFile":"/Users/yuanxi/Workwork/vibe-fs/requirements/guidance-delivery/tests/001.test.mjs"}}
{"elapsedMs":9498.52675,"type":"runner:file-start","data":{"entryFile":"/Users/yuanxi/Workwork/vibe-fs/requirements/guidance-delivery/tests/006.test.mjs"}}
{"elapsedMs":9508.741875000002,"type":"runner:file-drained","data":{"entryFile":"/Users/yuanxi/Workwork/vibe-fs/requirements/durable-events/tests/023.test.mjs"}}
{"elapsedMs":9511.275334,"type":"runner:file-start","data":{"entryFile":"/Users/yuanxi/Workwork/vibe-fs/requirements/guidance-delivery/tests/007.test.mjs"}}
{"elapsedMs":9555.918500000002,"firstVerdict":true,"type":"test:complete","data":{"name":"WHAT[guidance-delivery-003] repeated lookup in the same horizon returns only stable identity","file":"/Users/yuanxi/Workwork/vibe-fs/requirements/guidance-delivery/tests/003.test.mjs","entryFile":"/Users/yuanxi/Workwork/vibe-fs/requirements/guidance-delivery/tests/003.test.mjs","line":6,"column":1,"nesting":0,"durationMs":183.503625}}
{"elapsedMs":9570.640375,"type":"runner:file-drained","data":{"entryFile":"/Users/yuanxi/Workwork/vibe-fs/requirements/guidance-delivery/tests/003.test.mjs"}}
{"elapsedMs":9570.689084000001,"type":"runner:file-start","data":{"entryFile":"/Users/yuanxi/Workwork/vibe-fs/requirements/guidance-delivery/tests/008.test.mjs"}}
{"elapsedMs":9615.995625000001,"firstVerdict":true,"type":"test:complete","data":{"name":"WHAT[guidance-delivery-002] English first Full contains the entire authored Main body","file":"/Users/yuanxi/Workwork/vibe-fs/requirements/guidance-delivery/tests/002.test.mjs","entryFile":"/Users/yuanxi/Workwork/vibe-fs/requirements/guidance-delivery/tests/002.test.mjs","line":8,"column":3,"nesting":0,"durationMs":160.407792}}
{"elapsedMs":9627.514209,"type":"runner:file-drained","data":{"entryFile":"/Users/yuanxi/Workwork/vibe-fs/requirements/guidance-delivery/tests/002.test.mjs"}}
{"elapsedMs":9628.208334,"type":"runner:file-start","data":{"entryFile":"/Users/yuanxi/Workwork/vibe-fs/requirements/guidance-delivery/tests/009.test.mjs"}}
{"elapsedMs":9711.2975,"type":"runner:file-drained","data":{"entryFile":"/Users/yuanxi/Workwork/vibe-fs/requirements/durable-events/tests/009.test.mjs"}}
{"elapsedMs":9713.097125,"type":"runner:file-start","data":{"entryFile":"/Users/yuanxi/Workwork/vibe-fs/requirements/guidance-delivery/tests/011.test.mjs"}}
{"elapsedMs":9791.971375000001,"firstVerdict":true,"type":"test:complete","data":{"name":"WHAT[guidance-delivery-004] disk reopen restores delivery decisions and keeps Main owners separate","file":"/Users/yuanxi/Workwork/vibe-fs/requirements/guidance-delivery/tests/004.test.mjs","entryFile":"/Users/yuanxi/Workwork/vibe-fs/requirements/guidance-delivery/tests/004.test.mjs","line":5,"column":1,"nesting":0,"durationMs":223.684125}}
{"elapsedMs":9822.355959,"type":"runner:file-drained","data":{"entryFile":"/Users/yuanxi/Workwork/vibe-fs/requirements/guidance-delivery/tests/004.test.mjs"}}
{"elapsedMs":9823.183500000001,"type":"runner:file-start","data":{"entryFile":"/Users/yuanxi/Workwork/vibe-fs/requirements/guidance-delivery/tests/012.test.mjs"}}
{"elapsedMs":9898.831375000002,"firstVerdict":true,"type":"test:complete","data":{"name":"WHAT[guidance-delivery-012] actual composition preserves all provided dynamic fragments and omits absent ones","file":"/Users/yuanxi/Workwork/vibe-fs/requirements/guidance-delivery/tests/012.test.mjs","entryFile":"/Users/yuanxi/Workwork/vibe-fs/requirements/guidance-delivery/tests/012.test.mjs","line":8,"column":1,"nesting":0,"durationMs":3.20375}}
{"elapsedMs":9911.978959,"type":"runner:file-drained","data":{"entryFile":"/Users/yuanxi/Workwork/vibe-fs/requirements/guidance-delivery/tests/012.test.mjs"}}
{"elapsedMs":9913.362042,"type":"runner:file-start","data":{"entryFile":"/Users/yuanxi/Workwork/vibe-fs/requirements/host-boundary/tests/033.test.mjs"}}
{"elapsedMs":9924.071875000001,"firstVerdict":true,"type":"test:complete","data":{"name":"WHAT[guidance-delivery-009] actual injection changes only the terminal tool output suffix","file":"/Users/yuanxi/Workwork/vibe-fs/requirements/guidance-delivery/tests/009.test.mjs","entryFile":"/Users/yuanxi/Workwork/vibe-fs/requirements/guidance-delivery/tests/009.test.mjs","line":11,"column":1,"nesting":0,"durationMs":10.598167}}
{"elapsedMs":9930.100667,"firstVerdict":true,"type":"test:complete","data":{"name":"WHAT[effect-accounting-008] todowrite commits its compression checkpoint only after native execution succeeds","file":"/Users/yuanxi/Workwork/vibe-fs/requirements/verification-system/tests/support/tier-gate.mjs","entryFile":"/Users/yuanxi/Workwork/vibe-fs/requirements/effect-accounting/tests/008.test.mjs","line":24,"column":14,"nesting":0,"durationMs":0.362875}}
{"elapsedMs":9930.925709000001,"firstVerdict":true,"type":"test:complete","data":{"name":"WHAT[guidance-delivery-005] real reanchor restores full text and subsequent lookup returns identity","file":"/Users/yuanxi/Workwork/vibe-fs/requirements/guidance-delivery/tests/005.test.mjs","entryFile":"/Users/yuanxi/Workwork/vibe-fs/requirements/guidance-delivery/tests/005.test.mjs","line":5,"column":1,"nesting":0,"durationMs":207.363125}}
{"elapsedMs":9988.482042000001,"firstVerdict":true,"type":"test:complete","data":{"name":"WHAT[guidance-delivery-006] Blogger resolves its linked Main and shares that delivery state","file":"/Users/yuanxi/Workwork/vibe-fs/requirements/guidance-delivery/tests/006.test.mjs","entryFile":"/Users/yuanxi/Workwork/vibe-fs/requirements/guidance-delivery/tests/006.test.mjs","line":5,"column":1,"nesting":0,"durationMs":180.491125}}
{"elapsedMs":9990.792375,"type":"runner:file-drained","data":{"entryFile":"/Users/yuanxi/Workwork/vibe-fs/requirements/guidance-delivery/tests/009.test.mjs"}}
{"elapsedMs":9993.279750000002,"type":"runner:file-start","data":{"entryFile":"/Users/yuanxi/Workwork/vibe-fs/requirements/interaction-authority/tests/017.test.mjs"}}
{"elapsedMs":9999.6255,"type":"runner:file-drained","data":{"entryFile":"/Users/yuanxi/Workwork/vibe-fs/requirements/guidance-delivery/tests/005.test.mjs"}}
{"elapsedMs":10001.845375,"type":"runner:file-start","data":{"entryFile":"/Users/yuanxi/Workwork/vibe-fs/requirements/interaction-authority/tests/019.test.mjs"}}
{"elapsedMs":10001.876959000001,"firstVerdict":true,"type":"test:complete","data":{"name":"WHAT[guidance-delivery-008] Blogger composer takes detection source regardless of section vocabulary","file":"/Users/yuanxi/Workwork/vibe-fs/requirements/verification-system/tests/support/tier-gate.mjs","entryFile":"/Users/yuanxi/Workwork/vibe-fs/requirements/guidance-delivery/tests/008.test.mjs","line":24,"column":14,"nesting":0,"durationMs":0.939125}}
{"elapsedMs":10021.056,"type":"runner:file-drained","data":{"entryFile":"/Users/yuanxi/Workwork/vibe-fs/requirements/guidance-delivery/tests/006.test.mjs"}}
{"elapsedMs":10022.155584,"type":"runner:file-start","data":{"entryFile":"/Users/yuanxi/Workwork/vibe-fs/requirements/managed-chat-execution/tests/006.test.mjs"}}
{"elapsedMs":10049.6815,"firstVerdict":true,"type":"test:complete","data":{"name":"WHAT[guidance-delivery-007] aliases give the same Full and Identity bytes from equal durable starting states","file":"/Users/yuanxi/Workwork/vibe-fs/requirements/guidance-delivery/tests/007.test.mjs","entryFile":"/Users/yuanxi/Workwork/vibe-fs/requirements/guidance-delivery/tests/007.test.mjs","line":5,"column":1,"nesting":0,"durationMs":220.281541}}
{"elapsedMs":10061.796875,"type":"runner:file-drained","data":{"entryFile":"/Users/yuanxi/Workwork/vibe-fs/requirements/guidance-delivery/tests/007.test.mjs"}}
{"elapsedMs":10064.2175,"type":"runner:file-start","data":{"entryFile":"/Users/yuanxi/Workwork/vibe-fs/requirements/managed-chat-execution/tests/010.test.mjs"}}
{"elapsedMs":10110.796125,"firstVerdict":true,"type":"test:complete","data":{"name":"WHAT[guidance-delivery-011] actual fold preserves order bytes and placement and rejects conflicting identities","file":"/Users/yuanxi/Workwork/vibe-fs/requirements/guidance-delivery/tests/011.test.mjs","entryFile":"/Users/yuanxi/Workwork/vibe-fs/requirements/guidance-delivery/tests/011.test.mjs","line":14,"column":1,"nesting":0,"durationMs":37.42375}}
{"elapsedMs":10167.438209,"type":"runner:file-drained","data":{"entryFile":"/Users/yuanxi/Workwork/vibe-fs/requirements/guidance-delivery/tests/011.test.mjs"}}
{"elapsedMs":10171.831542,"type":"runner:file-start","data":{"entryFile":"/Users/yuanxi/Workwork/vibe-fs/requirements/managed-session-lifecycle/tests/006.test.mjs"}}
{"elapsedMs":10255.471334,"type":"runner:file-drained","data":{"entryFile":"/Users/yuanxi/Workwork/vibe-fs/requirements/guidance-delivery/tests/008.test.mjs"}}
{"elapsedMs":10269.471292,"type":"runner:file-start","data":{"entryFile":"/Users/yuanxi/Workwork/vibe-fs/requirements/managed-session-lifecycle/tests/007.test.mjs"}}
{"elapsedMs":10301.278042,"firstVerdict":true,"type":"test:complete","data":{"name":"WHAT[interaction-authority-019] gate_nudge_is_exact_terminal_idempotent_and_unbounded_across_fresh_terminals","file":"/Users/yuanxi/Workwork/vibe-fs/requirements/interaction-authority/tests/019.test.mjs","entryFile":"/Users/yuanxi/Workwork/vibe-fs/requirements/interaction-authority/tests/019.test.mjs","line":55,"column":1,"nesting":0,"durationMs":209.3525}}
{"elapsedMs":10354.448709,"firstVerdict":true,"type":"test:complete","data":{"name":"WHAT[interaction-authority-017] real pure close removes previously accepted continuation lookup","file":"/Users/yuanxi/Workwork/vibe-fs/requirements/interaction-authority/tests/017.test.mjs","entryFile":"/Users/yuanxi/Workwork/vibe-fs/requirements/interaction-authority/tests/017.test.mjs","line":7,"column":1,"nesting":0,"durationMs":10.777125}}
{"elapsedMs":10372.941792000001,"type":"runner:file-drained","data":{"entryFile":"/Users/yuanxi/Workwork/vibe-fs/requirements/effect-accounting/tests/008.test.mjs"}}
{"elapsedMs":10374.7405,"type":"runner:file-start","data":{"entryFile":"/Users/yuanxi/Workwork/vibe-fs/requirements/managed-session-lifecycle/tests/008.test.mjs"}}
{"elapsedMs":10464.092125000001,"type":"runner:file-drained","data":{"entryFile":"/Users/yuanxi/Workwork/vibe-fs/requirements/interaction-authority/tests/019.test.mjs"}}
{"elapsedMs":10464.532417,"type":"runner:file-start","data":{"entryFile":"/Users/yuanxi/Workwork/vibe-fs/requirements/managed-session-lifecycle/tests/013.test.mjs"}}
{"elapsedMs":10472.685084,"firstVerdict":true,"type":"test:complete","data":{"name":"WHAT[managed-chat-execution-006] terminal replay performs no acceptance or capacity effect","file":"/Users/yuanxi/Workwork/vibe-fs/requirements/managed-chat-execution/tests/006.test.mjs","entryFile":"/Users/yuanxi/Workwork/vibe-fs/requirements/managed-chat-execution/tests/006.test.mjs","line":36,"column":1,"nesting":0,"durationMs":208.214208}}
{"elapsedMs":10654.336000000001,"type":"runner:file-drained","data":{"entryFile":"/Users/yuanxi/Workwork/vibe-fs/requirements/interaction-authority/tests/017.test.mjs"}}
{"elapsedMs":10655.716875,"type":"runner:file-start","data":{"entryFile":"/Users/yuanxi/Workwork/vibe-fs/requirements/managed-session-lifecycle/tests/015.test.mjs"}}
{"elapsedMs":11189.012584,"firstVerdict":true,"type":"test:complete","data":{"name":"WHAT[managed-session-lifecycle-013] abandonment projection remains parent-visible until consumption","file":"/Users/yuanxi/Workwork/vibe-fs/requirements/managed-session-lifecycle/tests/013.test.mjs","entryFile":"/Users/yuanxi/Workwork/vibe-fs/requirements/managed-session-lifecycle/tests/013.test.mjs","line":12,"column":1,"nesting":0,"durationMs":492.877709}}
{"elapsedMs":11204.799125000001,"type":"runner:file-drained","data":{"entryFile":"/Users/yuanxi/Workwork/vibe-fs/requirements/durable-events/tests/016.test.mjs"}}
{"elapsedMs":11204.850417000001,"type":"runner:file-start","data":{"entryFile":"/Users/yuanxi/Workwork/vibe-fs/requirements/managed-session-lifecycle/tests/018.test.mjs"}}
{"elapsedMs":11277.038292000001,"firstVerdict":true,"type":"test:complete","data":{"name":"WHAT[managed-session-lifecycle-006] exact admission resumes the road without reviving its consumed work","file":"/Users/yuanxi/Workwork/vibe-fs/requirements/managed-session-lifecycle/tests/006.test.mjs","entryFile":"/Users/yuanxi/Workwork/vibe-fs/requirements/managed-session-lifecycle/tests/006.test.mjs","line":5,"column":1,"nesting":0,"durationMs":635.482084}}
{"elapsedMs":11317.232959,"type":"runner:file-drained","data":{"entryFile":"/Users/yuanxi/Workwork/vibe-fs/requirements/managed-session-lifecycle/tests/006.test.mjs"}}
{"elapsedMs":11317.643375000001,"type":"runner:file-start","data":{"entryFile":"/Users/yuanxi/Workwork/vibe-fs/requirements/managed-session-lifecycle/tests/019.test.mjs"}}
{"elapsedMs":11532.778292,"type":"runner:file-drained","data":{"entryFile":"/Users/yuanxi/Workwork/vibe-fs/requirements/managed-session-lifecycle/tests/013.test.mjs"}}
{"elapsedMs":11533.738667000001,"type":"runner:file-start","data":{"entryFile":"/Users/yuanxi/Workwork/vibe-fs/requirements/obligation-ledger/tests/001.test.mjs"}}
{"elapsedMs":11658.445584000001,"firstVerdict":true,"type":"test:complete","data":{"name":"WHAT[managed-session-lifecycle-008] exact consume with before commit failure never releases an unconfirmed payload","file":"/Users/yuanxi/Workwork/vibe-fs/requirements/managed-session-lifecycle/tests/008.test.mjs","entryFile":"/Users/yuanxi/Workwork/vibe-fs/requirements/managed-session-lifecycle/tests/008.test.mjs","line":6,"column":3,"nesting":0,"durationMs":578.844333}}
{"elapsedMs":11672.606667,"type":"runner:file-drained","data":{"entryFile":"/Users/yuanxi/Workwork/vibe-fs/requirements/durable-events/tests/019.test.mjs"}}
{"elapsedMs":11673.635792000001,"type":"runner:file-start","data":{"entryFile":"/Users/yuanxi/Workwork/vibe-fs/requirements/obligation-ledger/tests/002.test.mjs"}}
{"elapsedMs":11745.755375,"firstVerdict":true,"type":"test:complete","data":{"name":"WHAT[managed-session-lifecycle-007] canonical A and B retain separate cells across late A and cold replay","file":"/Users/yuanxi/Workwork/vibe-fs/requirements/managed-session-lifecycle/tests/007.test.mjs","entryFile":"/Users/yuanxi/Workwork/vibe-fs/requirements/managed-session-lifecycle/tests/007.test.mjs","line":5,"column":1,"nesting":0,"durationMs":784.468083}}
{"elapsedMs":11788.956125,"firstVerdict":true,"type":"test:complete","data":{"name":"WHAT[managed-session-lifecycle-015] actual admissions and replay retain exact handle child participant binding","file":"/Users/yuanxi/Workwork/vibe-fs/requirements/managed-session-lifecycle/tests/015.test.mjs","entryFile":"/Users/yuanxi/Workwork/vibe-fs/requirements/managed-session-lifecycle/tests/015.test.mjs","line":9,"column":1,"nesting":0,"durationMs":649.910334}}
fatal: not a git repository (or any of the parent directories): .git
fatal: not a git repository (or any of the parent directories): .git
fatal: not a git repository (or any of the parent directories): .git
fatal: not a git repository (or any of the parent directories): .git
fatal: not a git repository (or any of the parent directories): .git
{"elapsedMs":11924.139500000001,"firstVerdict":true,"type":"test:complete","data":{"name":"WHAT[obligation-ledger-001] plugin leaves native todo rows untouched","file":"/Users/yuanxi/Workwork/vibe-fs/requirements/verification-system/tests/support/tier-gate.mjs","entryFile":"/Users/yuanxi/Workwork/vibe-fs/requirements/obligation-ledger/tests/001.test.mjs","line":24,"column":14,"nesting":0,"durationMs":32.101458}}
fatal: not a git repository (or any of the parent directories): .git
{"elapsedMs":11983.507792,"type":"runner:file-drained","data":{"entryFile":"/Users/yuanxi/Workwork/vibe-fs/requirements/obligation-ledger/tests/001.test.mjs"}}
{"elapsedMs":11988.176042000001,"type":"runner:file-start","data":{"entryFile":"/Users/yuanxi/Workwork/vibe-fs/requirements/obligation-ledger/tests/003.test.mjs"}}
{"elapsedMs":11990.134875000002,"type":"runner:file-drained","data":{"entryFile":"/Users/yuanxi/Workwork/vibe-fs/requirements/managed-session-lifecycle/tests/007.test.mjs"}}
{"elapsedMs":11991.655875,"type":"runner:file-start","data":{"entryFile":"/Users/yuanxi/Workwork/vibe-fs/requirements/obligation-ledger/tests/004.test.mjs"}}
fatal: not a git repository (or any of the parent directories): .git
fatal: not a git repository (or any of the parent directories): .git
{"elapsedMs":12043.937959,"firstVerdict":true,"type":"test:complete","data":{"name":"WHAT[obligation-ledger-003] plugin keeps no second desired/applied todo projection beside the Host-native TodoTable","file":"/Users/yuanxi/Workwork/vibe-fs/requirements/obligation-ledger/tests/003.test.mjs","entryFile":"/Users/yuanxi/Workwork/vibe-fs/requirements/obligation-ledger/tests/003.test.mjs","line":3,"column":6,"nesting":0,"durationMs":3.0165}}
fatal: not a git repository (or any of the parent directories): .git
{"elapsedMs":12057.498084,"type":"runner:file-drained","data":{"entryFile":"/Users/yuanxi/Workwork/vibe-fs/requirements/obligation-ledger/tests/003.test.mjs"}}
{"elapsedMs":12059.362042,"type":"runner:file-start","data":{"entryFile":"/Users/yuanxi/Workwork/vibe-fs/requirements/obligation-ledger/tests/005.test.mjs"}}
fatal: not a git repository (or any of the parent directories): .git
fatal: not a git repository (or any of the parent directories): .git
{"elapsedMs":12108.21125,"firstVerdict":true,"type":"test:complete","data":{"name":"WHAT[obligation-ledger-002] empty and duplicate native todo lists pass through unchanged","file":"/Users/yuanxi/Workwork/vibe-fs/requirements/verification-system/tests/support/tier-gate.mjs","entryFile":"/Users/yuanxi/Workwork/vibe-fs/requirements/obligation-ledger/tests/002.test.mjs","line":24,"column":14,"nesting":0,"durationMs":0.401792}}
{"elapsedMs":12139.094125000001,"type":"runner:file-drained","data":{"entryFile":"/Users/yuanxi/Workwork/vibe-fs/requirements/obligation-ledger/tests/002.test.mjs"}}
{"elapsedMs":12140.297042,"type":"runner:file-start","data":{"entryFile":"/Users/yuanxi/Workwork/vibe-fs/requirements/obligation-ledger/tests/006.test.mjs"}}
fatal: not a git repository (or any of the parent directories): .git
{"elapsedMs":12200.280542,"firstVerdict":true,"type":"test:complete","data":{"name":"WHAT[obligation-ledger-006] empty or completed todos never grant mutation capability quality acceptance or retirement","file":"/Users/yuanxi/Workwork/vibe-fs/requirements/obligation-ledger/tests/006.test.mjs","entryFile":"/Users/yuanxi/Workwork/vibe-fs/requirements/obligation-ledger/tests/006.test.mjs","line":3,"column":6,"nesting":0,"durationMs":4.594958}}
{"elapsedMs":12204.690709,"type":"runner:file-drained","data":{"entryFile":"/Users/yuanxi/Workwork/vibe-fs/requirements/obligation-ledger/tests/006.test.mjs"}}
{"elapsedMs":12205.890417,"type":"runner:file-start","data":{"entryFile":"/Users/yuanxi/Workwork/vibe-fs/requirements/obligation-ledger/tests/007.test.mjs"}}
{"elapsedMs":12248.950459000002,"firstVerdict":true,"type":"test:complete","data":{"name":"WHAT[obligation-ledger-007] the retired decoder currently returns explicit refusal instead of a usable legacy fact","file":"/Users/yuanxi/Workwork/vibe-fs/requirements/obligation-ledger/tests/007.test.mjs","entryFile":"/Users/yuanxi/Workwork/vibe-fs/requirements/obligation-ledger/tests/007.test.mjs","line":5,"column":1,"nesting":0,"durationMs":4.673333}}
{"elapsedMs":12255.358709,"type":"runner:file-drained","data":{"entryFile":"/Users/yuanxi/Workwork/vibe-fs/requirements/obligation-ledger/tests/007.test.mjs"}}
{"elapsedMs":12256.631542000001,"type":"runner:file-start","data":{"entryFile":"/Users/yuanxi/Workwork/vibe-fs/requirements/provider-attempt-recovery/tests/021.test.mjs"}}
{"elapsedMs":12258.842917,"type":"runner:file-drained","data":{"entryFile":"/Users/yuanxi/Workwork/vibe-fs/requirements/managed-session-lifecycle/tests/015.test.mjs"}}
{"elapsedMs":12259.565209,"type":"runner:file-start","data":{"entryFile":"/Users/yuanxi/Workwork/vibe-fs/requirements/relay-assessment/tests/001.test.mjs"}}
{"elapsedMs":12361.139459,"firstVerdict":true,"type":"test:complete","data":{"name":"WHAT[relay-assessment-001] review schema is eight required PERFECT/REVISE/N/A scores with optional note","file":"/Users/yuanxi/Workwork/vibe-fs/requirements/relay-assessment/tests/001.test.mjs","entryFile":"/Users/yuanxi/Workwork/vibe-fs/requirements/relay-assessment/tests/001.test.mjs","line":16,"column":1,"nesting":0,"durationMs":5.195834}}
{"elapsedMs":12385.349667,"firstVerdict":true,"type":"test:complete","data":{"name":"WHAT[obligation-ledger-004] TodoCheckpointCommitted preserves observable companion, trace, blog, prefix-epoch and terminal state and isolates checkpoint windows","file":"/Users/yuanxi/Workwork/vibe-fs/requirements/obligation-ledger/tests/004.test.mjs","entryFile":"/Users/yuanxi/Workwork/vibe-fs/requirements/obligation-ledger/tests/004.test.mjs","line":112,"column":1,"nesting":0,"durationMs":31.533084}}
{"elapsedMs":12400.178959,"type":"runner:file-drained","data":{"entryFile":"/Users/yuanxi/Workwork/vibe-fs/requirements/relay-assessment/tests/001.test.mjs"}}
{"elapsedMs":12403.957084000001,"type":"runner:file-start","data":{"entryFile":"/Users/yuanxi/Workwork/vibe-fs/requirements/relay-assessment/tests/002.test.mjs"}}
{"elapsedMs":12412.980875000001,"type":"runner:file-drained","data":{"entryFile":"/Users/yuanxi/Workwork/vibe-fs/requirements/obligation-ledger/tests/004.test.mjs"}}
{"elapsedMs":12415.813625,"type":"runner:file-start","data":{"entryFile":"/Users/yuanxi/Workwork/vibe-fs/requirements/relay-assessment/tests/003.test.mjs"}}
{"elapsedMs":12415.902209,"firstVerdict":true,"type":"test:complete","data":{"name":"WHAT[obligation-ledger-005] no checkpoint before the exact completed terminal evidence","file":"/Users/yuanxi/Workwork/vibe-fs/requirements/verification-system/tests/support/tier-gate.mjs","entryFile":"/Users/yuanxi/Workwork/vibe-fs/requirements/obligation-ledger/tests/005.test.mjs","line":24,"column":14,"nesting":0,"durationMs":0.578417}}
{"elapsedMs":12466.3045,"type":"runner:file-drained","data":{"entryFile":"/Users/yuanxi/Workwork/vibe-fs/requirements/obligation-ledger/tests/005.test.mjs"}}
{"elapsedMs":12468.521667,"type":"runner:file-start","data":{"entryFile":"/Users/yuanxi/Workwork/vibe-fs/requirements/relay-assessment/tests/004.test.mjs"}}
{"elapsedMs":12497.243,"firstVerdict":true,"type":"test:complete","data":{"name":"WHAT[relay-assessment-003] assessment fold rejects mismatched authority or incumbent","file":"/Users/yuanxi/Workwork/vibe-fs/requirements/relay-assessment/tests/003.test.mjs","entryFile":"/Users/yuanxi/Workwork/vibe-fs/requirements/relay-assessment/tests/003.test.mjs","line":10,"column":1,"nesting":0,"durationMs":3.76825}}
{"elapsedMs":12506.265875000001,"type":"runner:file-drained","data":{"entryFile":"/Users/yuanxi/Workwork/vibe-fs/requirements/relay-assessment/tests/003.test.mjs"}}
{"elapsedMs":12507.779209,"type":"runner:file-start","data":{"entryFile":"/Users/yuanxi/Workwork/vibe-fs/requirements/relay-assessment/tests/005.test.mjs"}}
{"elapsedMs":12540.086875,"type":"runner:file-drained","data":{"entryFile":"/Users/yuanxi/Workwork/vibe-fs/requirements/managed-session-lifecycle/tests/008.test.mjs"}}
{"elapsedMs":12542.75725,"type":"runner:file-start","data":{"entryFile":"/Users/yuanxi/Workwork/vibe-fs/requirements/relay-assessment/tests/006.test.mjs"}}
{"elapsedMs":12563.612959,"firstVerdict":true,"type":"test:complete","data":{"name":"WHAT[relay-assessment-004] revise assessment fold enters WorkOwned without a certificate","file":"/Users/yuanxi/Workwork/vibe-fs/requirements/relay-assessment/tests/004.test.mjs","entryFile":"/Users/yuanxi/Workwork/vibe-fs/requirements/relay-assessment/tests/004.test.mjs","line":10,"column":1,"nesting":0,"durationMs":4.954917}}
{"elapsedMs":12565.5715,"firstVerdict":true,"type":"test:complete","data":{"name":"WHAT[managed-chat-execution-010] actual recovery Host cancellation settles one exact execution and preserves its neighbours","file":"/Users/yuanxi/Workwork/vibe-fs/requirements/managed-chat-execution/tests/010.test.mjs","entryFile":"/Users/yuanxi/Workwork/vibe-fs/requirements/managed-chat-execution/tests/010.test.mjs","line":23,"column":1,"nesting":0,"durationMs":204.848042}}
{"elapsedMs":12604.208625000001,"type":"runner:file-drained","data":{"entryFile":"/Users/yuanxi/Workwork/vibe-fs/requirements/relay-assessment/tests/004.test.mjs"}}
{"elapsedMs":12604.6795,"type":"runner:file-start","data":{"entryFile":"/Users/yuanxi/Workwork/vibe-fs/requirements/relay-assessment/tests/007.test.mjs"}}
{"elapsedMs":12604.746167000001,"firstVerdict":true,"type":"test:complete","data":{"name":"WHAT[relay-assessment-005] no-revise assessment projects assessment snapshot and authority into a certificate","file":"/Users/yuanxi/Workwork/vibe-fs/requirements/relay-assessment/tests/005.test.mjs","entryFile":"/Users/yuanxi/Workwork/vibe-fs/requirements/relay-assessment/tests/005.test.mjs","line":7,"column":1,"nesting":0,"durationMs":5.121667}}
{"elapsedMs":12632.162917000001,"type":"runner:file-drained","data":{"entryFile":"/Users/yuanxi/Workwork/vibe-fs/requirements/relay-assessment/tests/005.test.mjs"}}
{"elapsedMs":12632.686167,"type":"runner:file-start","data":{"entryFile":"/Users/yuanxi/Workwork/vibe-fs/requirements/relay-assessment/tests/008.test.mjs"}}
{"elapsedMs":12650.844459,"firstVerdict":true,"type":"test:complete","data":{"name":"WHAT[provider-attempt-recovery-021] explicit retain settlement preserves the exact failed target for one fresh admission","file":"/Users/yuanxi/Workwork/vibe-fs/requirements/provider-attempt-recovery/tests/021.test.mjs","entryFile":"/Users/yuanxi/Workwork/vibe-fs/requirements/provider-attempt-recovery/tests/021.test.mjs","line":87,"column":1,"nesting":0,"durationMs":7.296958}}
{"elapsedMs":12677.039709,"type":"runner:file-drained","data":{"entryFile":"/Users/yuanxi/Workwork/vibe-fs/requirements/managed-chat-execution/tests/006.test.mjs"}}
{"elapsedMs":12678.123959,"type":"runner:file-start","data":{"entryFile":"/Users/yuanxi/Workwork/vibe-fs/requirements/relay-assessment/tests/009.test.mjs"}}
{"elapsedMs":12730.442542,"firstVerdict":true,"type":"test:complete","data":{"name":"WHAT[relay-assessment-009] Manager independently investigates through its review-only tools or a read-only Engineer and treats implementer reports only as leads","file":"/Users/yuanxi/Workwork/vibe-fs/requirements/relay-assessment/tests/009.test.mjs","entryFile":"/Users/yuanxi/Workwork/vibe-fs/requirements/relay-assessment/tests/009.test.mjs","line":3,"column":6,"nesting":0,"durationMs":3.746208}}
{"elapsedMs":12755.514500000001,"type":"runner:file-drained","data":{"entryFile":"/Users/yuanxi/Workwork/vibe-fs/requirements/relay-assessment/tests/009.test.mjs"}}
{"elapsedMs":12756.59,"type":"runner:file-start","data":{"entryFile":"/Users/yuanxi/Workwork/vibe-fs/requirements/relay-assessment/tests/010.test.mjs"}}
{"elapsedMs":12777.918917,"firstVerdict":true,"type":"test:complete","data":{"name":"WHAT[relay-assessment-002] second assessment in one iteration is rejected without overwriting the first","file":"/Users/yuanxi/Workwork/vibe-fs/requirements/relay-assessment/tests/002.test.mjs","entryFile":"/Users/yuanxi/Workwork/vibe-fs/requirements/relay-assessment/tests/002.test.mjs","line":13,"column":1,"nesting":0,"durationMs":132.883208}}
{"elapsedMs":12840.589709,"firstVerdict":true,"type":"test:complete","data":{"name":"WHAT[relay-assessment-010] explicit invalidation blocks old certificate retirement and allows a new assessment iteration","file":"/Users/yuanxi/Workwork/vibe-fs/requirements/relay-assessment/tests/010.test.mjs","entryFile":"/Users/yuanxi/Workwork/vibe-fs/requirements/relay-assessment/tests/010.test.mjs","line":10,"column":1,"nesting":0,"durationMs":3.825083}}
{"elapsedMs":12849.136167,"type":"runner:file-drained","data":{"entryFile":"/Users/yuanxi/Workwork/vibe-fs/requirements/relay-assessment/tests/010.test.mjs"}}
{"elapsedMs":12850.7405,"type":"runner:file-start","data":{"entryFile":"/Users/yuanxi/Workwork/vibe-fs/requirements/relay-context-projection/tests/001.test.mjs"}}
{"elapsedMs":12879.285584000001,"type":"runner:file-drained","data":{"entryFile":"/Users/yuanxi/Workwork/vibe-fs/requirements/provider-attempt-recovery/tests/021.test.mjs"}}
{"elapsedMs":12881.354084,"type":"runner:file-start","data":{"entryFile":"/Users/yuanxi/Workwork/vibe-fs/requirements/relay-context-projection/tests/002.test.mjs"}}
fatal: not a git repository (or any of the parent directories): .git
fatal: not a git repository (or any of the parent directories): .git
fatal: not a git repository (or any of the parent directories): .git
{"elapsedMs":13089.487834000001,"firstVerdict":true,"type":"test:complete","data":{"name":"WHAT[managed-session-lifecycle-018] actual tool runtime detach preserves durable Active child without physical abort","file":"/Users/yuanxi/Workwork/vibe-fs/requirements/managed-session-lifecycle/tests/018.test.mjs","entryFile":"/Users/yuanxi/Workwork/vibe-fs/requirements/managed-session-lifecycle/tests/018.test.mjs","line":27,"column":1,"nesting":0,"durationMs":365.758833}}
{"operation":"plugin-hook-chat-message-failed","result":"Managed chat admission failed: TransactionFailed (LeaseHandoffFailed (external input supersession failed to drain the old Host attempt: Host rejected session abort: { message = \"controlled SDK abort rejection\" }, TerminalCommitted (Settled Applied)))"}
{"elapsedMs":13164.875792,"firstVerdict":true,"type":"test:complete","data":{"name":"WHAT[host-boundary-033] superseded accepted execution settles before late provider observations and preserves the new execution","file":"/Users/yuanxi/Workwork/vibe-fs/requirements/host-boundary/tests/033.test.mjs","entryFile":"/Users/yuanxi/Workwork/vibe-fs/requirements/host-boundary/tests/033.test.mjs","line":14,"column":1,"nesting":0,"durationMs":2106.247333}}
fatal: not a git repository (or any of the parent directories): .git
fatal: not a git repository (or any of the parent directories): .git
fatal: not a git repository (or any of the parent directories): .git
{"elapsedMs":13559.516292,"type":"runner:file-drained","data":{"entryFile":"/Users/yuanxi/Workwork/vibe-fs/requirements/managed-chat-execution/tests/010.test.mjs"}}
{"elapsedMs":13562.026667,"type":"runner:file-start","data":{"entryFile":"/Users/yuanxi/Workwork/vibe-fs/requirements/relay-context-projection/tests/003.test.mjs"}}
{"elapsedMs":13609.795709,"firstVerdict":true,"type":"test:complete","data":{"name":"WHAT[relay-context-projection-003] complete provider serialization carries no private control identifiers secrets or synthetic workspace narrative","file":"/Users/yuanxi/Workwork/vibe-fs/requirements/relay-context-projection/tests/003.test.mjs","entryFile":"/Users/yuanxi/Workwork/vibe-fs/requirements/relay-context-projection/tests/003.test.mjs","line":3,"column":6,"nesting":0,"durationMs":2.668583}}
{"elapsedMs":13618.433292000002,"type":"runner:file-drained","data":{"entryFile":"/Users/yuanxi/Workwork/vibe-fs/requirements/relay-context-projection/tests/003.test.mjs"}}
{"elapsedMs":13619.625209,"type":"runner:file-start","data":{"entryFile":"/Users/yuanxi/Workwork/vibe-fs/requirements/relay-context-projection/tests/004.test.mjs"}}
{"elapsedMs":13663.335125000001,"firstVerdict":true,"type":"test:complete","data":{"name":"WHAT[relay-context-projection-004] first and successor Managers independently investigate the actual inherited work and never fabricate predecessor evidence","file":"/Users/yuanxi/Workwork/vibe-fs/requirements/relay-context-projection/tests/004.test.mjs","entryFile":"/Users/yuanxi/Workwork/vibe-fs/requirements/relay-context-projection/tests/004.test.mjs","line":3,"column":6,"nesting":0,"durationMs":4.226583}}
{"elapsedMs":13668.930417000001,"type":"runner:file-drained","data":{"entryFile":"/Users/yuanxi/Workwork/vibe-fs/requirements/relay-context-projection/tests/004.test.mjs"}}
{"elapsedMs":13669.484792000001,"type":"runner:file-start","data":{"entryFile":"/Users/yuanxi/Workwork/vibe-fs/requirements/relay-context-projection/tests/005.test.mjs"}}
{"elapsedMs":13731.529167,"firstVerdict":true,"type":"test:complete","data":{"name":"WHAT[managed-session-lifecycle-019] recovery interpreter requests exact reconciliation for held terminal resources","file":"/Users/yuanxi/Workwork/vibe-fs/requirements/managed-session-lifecycle/tests/019.test.mjs","entryFile":"/Users/yuanxi/Workwork/vibe-fs/requirements/managed-session-lifecycle/tests/019.test.mjs","line":14,"column":1,"nesting":0,"durationMs":3.582375}}
{"elapsedMs":14042.936709000001,"type":"runner:file-drained","data":{"entryFile":"/Users/yuanxi/Workwork/vibe-fs/requirements/host-boundary/tests/033.test.mjs"}}
{"elapsedMs":14044.711709000001,"type":"runner:file-start","data":{"entryFile":"/Users/yuanxi/Workwork/vibe-fs/requirements/relay-context-projection/tests/006.test.mjs"}}
fatal: not a git repository (or any of the parent directories): .git
fatal: not a git repository (or any of the parent directories): .git
fatal: not a git repository (or any of the parent directories): .git
fatal: not a git repository (or any of the parent directories): .git
fatal: not a git repository (or any of the parent directories): .git
fatal: not a git repository (or any of the parent directories): .git
{"elapsedMs":14760.459542,"firstVerdict":true,"type":"test:complete","data":{"name":"WHAT[relay-assessment-006] perfect assessment fold rejects a second semantic assessment","file":"/Users/yuanxi/Workwork/vibe-fs/requirements/relay-assessment/tests/006.test.mjs","entryFile":"/Users/yuanxi/Workwork/vibe-fs/requirements/relay-assessment/tests/006.test.mjs","line":7,"column":1,"nesting":0,"durationMs":249.651834}}
{"elapsedMs":14915.171917000001,"firstVerdict":true,"type":"test:complete","data":{"name":"WHAT[relay-assessment-008] Road fold distinguishes repair and finish facts for subsequent instruction selection","file":"/Users/yuanxi/Workwork/vibe-fs/requirements/relay-assessment/tests/008.test.mjs","entryFile":"/Users/yuanxi/Workwork/vibe-fs/requirements/relay-assessment/tests/008.test.mjs","line":9,"column":1,"nesting":0,"durationMs":252.397542}}
fatal: not a git repository (or any of the parent directories): .git
fatal: not a git repository (or any of the parent directories): .git
fatal: not a git repository (or any of the parent directories): .git
fatal: not a git repository (or any of the parent directories): .git
fatal: not a git repository (or any of the parent directories): .git
{"elapsedMs":15040.118334,"type":"runner:file-drained","data":{"entryFile":"/Users/yuanxi/Workwork/vibe-fs/requirements/managed-session-lifecycle/tests/018.test.mjs"}}
{"elapsedMs":15041.132500000002,"type":"runner:file-start","data":{"entryFile":"/Users/yuanxi/Workwork/vibe-fs/requirements/relay-context-projection/tests/007.test.mjs"}}
fatal: not a git repository (or any of the parent directories): .git
{"elapsedMs":15055.80725,"firstVerdict":true,"type":"test:complete","data":{"name":"WHAT[relay-assessment-007] assessment fold accepts the supplied submission snapshot and exact replay","file":"/Users/yuanxi/Workwork/vibe-fs/requirements/relay-assessment/tests/007.test.mjs","entryFile":"/Users/yuanxi/Workwork/vibe-fs/requirements/relay-assessment/tests/007.test.mjs","line":10,"column":1,"nesting":0,"durationMs":285.932459}}
{"elapsedMs":15096.163042,"firstVerdict":true,"type":"test:complete","data":{"name":"WHAT[relay-context-projection-007] crash recovery and Accepted-certificate invalidation keep the committed retired request identity without filtering physical history","file":"/Users/yuanxi/Workwork/vibe-fs/requirements/relay-context-projection/tests/007.test.mjs","entryFile":"/Users/yuanxi/Workwork/vibe-fs/requirements/relay-context-projection/tests/007.test.mjs","line":3,"column":6,"nesting":0,"durationMs":4.312292}}
{"elapsedMs":15114.166875,"type":"runner:file-drained","data":{"entryFile":"/Users/yuanxi/Workwork/vibe-fs/requirements/relay-context-projection/tests/007.test.mjs"}}
{"elapsedMs":15114.274709000001,"type":"runner:file-start","data":{"entryFile":"/Users/yuanxi/Workwork/vibe-fs/requirements/relay-context-projection/tests/008.test.mjs"}}
{"elapsedMs":15314.859459000001,"type":"runner:file-drained","data":{"entryFile":"/Users/yuanxi/Workwork/vibe-fs/requirements/relay-assessment/tests/006.test.mjs"}}
{"elapsedMs":15315.239500000001,"type":"runner:file-start","data":{"entryFile":"/Users/yuanxi/Workwork/vibe-fs/requirements/relay-context-projection/tests/009.test.mjs"}}
{"elapsedMs":15361.826709,"firstVerdict":true,"type":"test:complete","data":{"name":"WHAT[relay-context-projection-009] fixed DevOps execution facts and predecessor interactions reach the successor through their real owners without synthesized conclusions","file":"/Users/yuanxi/Workwork/vibe-fs/requirements/relay-context-projection/tests/009.test.mjs","entryFile":"/Users/yuanxi/Workwork/vibe-fs/requirements/relay-context-projection/tests/009.test.mjs","line":3,"column":6,"nesting":0,"durationMs":3.819416}}
{"elapsedMs":15367.657875,"type":"runner:file-drained","data":{"entryFile":"/Users/yuanxi/Workwork/vibe-fs/requirements/relay-context-projection/tests/009.test.mjs"}}
{"elapsedMs":15372.640459,"type":"runner:file-start","data":{"entryFile":"/Users/yuanxi/Workwork/vibe-fs/requirements/relay-retirement/tests/001.test.mjs"}}
{"elapsedMs":15394.324625000001,"type":"runner:file-drained","data":{"entryFile":"/Users/yuanxi/Workwork/vibe-fs/requirements/relay-assessment/tests/007.test.mjs"}}
{"elapsedMs":15396.631584,"type":"runner:file-start","data":{"entryFile":"/Users/yuanxi/Workwork/vibe-fs/requirements/relay-retirement/tests/002.test.mjs"}}
{"elapsedMs":15398.39825,"type":"runner:file-drained","data":{"entryFile":"/Users/yuanxi/Workwork/vibe-fs/requirements/managed-session-lifecycle/tests/019.test.mjs"}}
{"elapsedMs":15404.412125,"type":"runner:file-start","data":{"entryFile":"/Users/yuanxi/Workwork/vibe-fs/requirements/relay-retirement/tests/003.test.mjs"}}
{"elapsedMs":15423.389375,"firstVerdict":true,"type":"test:complete","data":{"name":"WHAT[relay-retirement-001] ordinary assistant stop does not retire Manager and exceptional terminals are not forged suicide","file":"/Users/yuanxi/Workwork/vibe-fs/requirements/relay-retirement/tests/001.test.mjs","entryFile":"/Users/yuanxi/Workwork/vibe-fs/requirements/relay-retirement/tests/001.test.mjs","line":3,"column":1,"nesting":0,"durationMs":7.937708}}
{"elapsedMs":15435.118959000001,"type":"runner:file-drained","data":{"entryFile":"/Users/yuanxi/Workwork/vibe-fs/requirements/relay-retirement/tests/001.test.mjs"}}
{"elapsedMs":15436.075125000001,"type":"runner:file-start","data":{"entryFile":"/Users/yuanxi/Workwork/vibe-fs/requirements/relay-retirement/tests/004.test.mjs"}}
{"elapsedMs":15840.887250000002,"firstVerdict":true,"type":"test:complete","data":{"name":"WHAT[relay-context-projection-001] actual retirement owner then NarrativeTransform retain all physical history for its successor","file":"/Users/yuanxi/Workwork/vibe-fs/requirements/relay-context-projection/tests/001.test.mjs","entryFile":"/Users/yuanxi/Workwork/vibe-fs/requirements/relay-context-projection/tests/001.test.mjs","line":6,"column":1,"nesting":0,"durationMs":2672.29825}}
{"elapsedMs":15860.897500000001,"type":"runner:file-drained","data":{"entryFile":"/Users/yuanxi/Workwork/vibe-fs/requirements/relay-context-projection/tests/001.test.mjs"}}
{"elapsedMs":15861.931792000001,"type":"runner:file-start","data":{"entryFile":"/Users/yuanxi/Workwork/vibe-fs/requirements/relay-retirement/tests/007.test.mjs"}}
{"elapsedMs":15943.114000000001,"firstVerdict":true,"type":"test:complete","data":{"name":"WHAT[relay-retirement-007] Continue retirement commits a closed Continue outcome with cut binding","file":"/Users/yuanxi/Workwork/vibe-fs/requirements/relay-retirement/tests/007.test.mjs","entryFile":"/Users/yuanxi/Workwork/vibe-fs/requirements/relay-retirement/tests/007.test.mjs","line":21,"column":1,"nesting":0,"durationMs":5.746375}}
{"elapsedMs":15974.058792,"type":"runner:file-drained","data":{"entryFile":"/Users/yuanxi/Workwork/vibe-fs/requirements/relay-retirement/tests/007.test.mjs"}}
{"elapsedMs":15977.0525,"type":"runner:file-start","data":{"entryFile":"/Users/yuanxi/Workwork/vibe-fs/requirements/relay-retirement/tests/008.test.mjs"}}
{"elapsedMs":16001.892792,"firstVerdict":true,"type":"test:complete","data":{"name":"WHAT[relay-context-projection-002] real cut rejects an old request but accepts the owner-issued successor identity","file":"/Users/yuanxi/Workwork/vibe-fs/requirements/relay-context-projection/tests/002.test.mjs","entryFile":"/Users/yuanxi/Workwork/vibe-fs/requirements/relay-context-projection/tests/002.test.mjs","line":5,"column":1,"nesting":0,"durationMs":2746.73925}}
{"elapsedMs":16020.535042000001,"type":"runner:file-drained","data":{"entryFile":"/Users/yuanxi/Workwork/vibe-fs/requirements/relay-context-projection/tests/002.test.mjs"}}
{"elapsedMs":16021.160292,"type":"runner:file-start","data":{"entryFile":"/Users/yuanxi/Workwork/vibe-fs/requirements/relay-retirement/tests/009.test.mjs"}}
{"elapsedMs":16843.102459,"firstVerdict":true,"type":"test:complete","data":{"name":"WHAT[relay-retirement-009] real scope tracking excludes fixed DevOps work from Manager retirement blockers","file":"/Users/yuanxi/Workwork/vibe-fs/requirements/relay-retirement/tests/009.test.mjs","entryFile":"/Users/yuanxi/Workwork/vibe-fs/requirements/relay-retirement/tests/009.test.mjs","line":20,"column":1,"nesting":0,"durationMs":266.037208}}
{"elapsedMs":16866.627875000002,"firstVerdict":true,"type":"test:complete","data":{"name":"WHAT[relay-context-projection-005] actual Continue dispatch stays in the same physical session and preserves the prior history","file":"/Users/yuanxi/Workwork/vibe-fs/requirements/relay-context-projection/tests/005.test.mjs","entryFile":"/Users/yuanxi/Workwork/vibe-fs/requirements/relay-context-projection/tests/005.test.mjs","line":5,"column":1,"nesting":0,"durationMs":2772.603291}}
{"elapsedMs":16893.531750000002,"type":"runner:file-drained","data":{"entryFile":"/Users/yuanxi/Workwork/vibe-fs/requirements/relay-context-projection/tests/005.test.mjs"}}
{"elapsedMs":16894.463,"type":"runner:file-start","data":{"entryFile":"/Users/yuanxi/Workwork/vibe-fs/requirements/repository-programming/tests/006.test.mjs"}}
{"elapsedMs":16932.031375000002,"type":"runner:file-drained","data":{"entryFile":"/Users/yuanxi/Workwork/vibe-fs/requirements/relay-assessment/tests/008.test.mjs"}}
{"elapsedMs":16935.093917000002,"type":"runner:file-start","data":{"entryFile":"/Users/yuanxi/Workwork/vibe-fs/requirements/repository-programming/tests/011.test.mjs"}}
{"elapsedMs":17055.406042000002,"firstVerdict":true,"type":"test:complete","data":{"name":"WHAT[repository-programming-006] JS011_sandbox_program_uses_bindings_end_to_end","file":"/Users/yuanxi/Workwork/vibe-fs/requirements/repository-programming/tests/006.test.mjs","entryFile":"/Users/yuanxi/Workwork/vibe-fs/requirements/repository-programming/tests/006.test.mjs","line":18,"column":1,"nesting":0,"durationMs":48.408208}}
{"elapsedMs":17081.20875,"type":"runner:file-drained","data":{"entryFile":"/Users/yuanxi/Workwork/vibe-fs/requirements/relay-retirement/tests/009.test.mjs"}}
{"elapsedMs":17082.273,"type":"runner:file-start","data":{"entryFile":"/Users/yuanxi/Workwork/vibe-fs/requirements/repository-programming/tests/012.test.mjs"}}
{"elapsedMs":17339.715542,"firstVerdict":true,"type":"test:complete","data":{"name":"WHAT[repository-programming-011] JS010_circular_return_is_invalid_return_value","file":"/Users/yuanxi/Workwork/vibe-fs/requirements/repository-programming/tests/011.test.mjs","entryFile":"/Users/yuanxi/Workwork/vibe-fs/requirements/repository-programming/tests/011.test.mjs","line":24,"column":1,"nesting":0,"durationMs":231.749334}}
{"elapsedMs":17344.631834,"type":"runner:file-drained","data":{"entryFile":"/Users/yuanxi/Workwork/vibe-fs/requirements/repository-programming/tests/006.test.mjs"}}
{"elapsedMs":17345.289,"type":"runner:file-start","data":{"entryFile":"/Users/yuanxi/Workwork/vibe-fs/requirements/repository-programming/tests/019.test.mjs"}}
{"elapsedMs":17407.264417000002,"type":"runner:file-drained","data":{"entryFile":"/Users/yuanxi/Workwork/vibe-fs/requirements/repository-programming/tests/011.test.mjs"}}
{"elapsedMs":17408.001542,"type":"runner:file-start","data":{"entryFile":"/Users/yuanxi/Workwork/vibe-fs/requirements/structured-workflow/tests/012.test.mjs"}}
{"elapsedMs":17439.236042,"firstVerdict":true,"type":"test:complete","data":{"name":"WHAT[repository-programming-012] JS008_012_bindings_rewrite_stages_without_touching_disk","file":"/Users/yuanxi/Workwork/vibe-fs/requirements/repository-programming/tests/012.test.mjs","entryFile":"/Users/yuanxi/Workwork/vibe-fs/requirements/repository-programming/tests/012.test.mjs","line":18,"column":1,"nesting":0,"durationMs":197.158792}}
{"elapsedMs":17480.997792000002,"firstVerdict":true,"type":"test:complete","data":{"name":"WHAT[relay-context-projection-006] actual projection of the same committed facts is deterministic and adds no messages","file":"/Users/yuanxi/Workwork/vibe-fs/requirements/relay-context-projection/tests/006.test.mjs","entryFile":"/Users/yuanxi/Workwork/vibe-fs/requirements/relay-context-projection/tests/006.test.mjs","line":5,"column":1,"nesting":0,"durationMs":3128.20775}}
{"elapsedMs":17513.782209,"type":"runner:file-drained","data":{"entryFile":"/Users/yuanxi/Workwork/vibe-fs/requirements/relay-context-projection/tests/006.test.mjs"}}
{"elapsedMs":17514.253959,"type":"runner:file-start","data":{"entryFile":"/Users/yuanxi/Workwork/vibe-fs/requirements/verification-system/tests/002.test.mjs"}}
{"elapsedMs":17552.15525,"type":"runner:file-drained","data":{"entryFile":"/Users/yuanxi/Workwork/vibe-fs/requirements/repository-programming/tests/012.test.mjs"}}
{"elapsedMs":17557.971625000002,"type":"runner:file-start","data":{"entryFile":"/Users/yuanxi/Workwork/vibe-fs/requirements/verification-system/tests/003.test.mjs"}}
{"elapsedMs":17588.900292000002,"firstVerdict":true,"type":"test:complete","data":{"name":"WHAT[verification-system-002] the registered Long Stroke entry exists","file":"/Users/yuanxi/Workwork/vibe-fs/requirements/verification-system/tests/002.test.mjs","entryFile":"/Users/yuanxi/Workwork/vibe-fs/requirements/verification-system/tests/002.test.mjs","line":8,"column":1,"nesting":0,"durationMs":6.143}}
{"elapsedMs":17604.813167,"type":"runner:file-drained","data":{"entryFile":"/Users/yuanxi/Workwork/vibe-fs/requirements/verification-system/tests/002.test.mjs"}}
{"elapsedMs":17617.199292,"type":"runner:file-start","data":{"entryFile":"/Users/yuanxi/Workwork/vibe-fs/requirements/verification-system/tests/004.test.mjs"}}
{"elapsedMs":17646.251834000002,"firstVerdict":true,"type":"test:complete","data":{"name":"WHAT[repository-programming-019] JS085_workflow_preflight_blocks_stale_rewrite_without_touching_disk","file":"/Users/yuanxi/Workwork/vibe-fs/requirements/repository-programming/tests/019.test.mjs","entryFile":"/Users/yuanxi/Workwork/vibe-fs/requirements/repository-programming/tests/019.test.mjs","line":41,"column":1,"nesting":0,"durationMs":25.291208}}
{"elapsedMs":17694.135625,"type":"runner:file-drained","data":{"entryFile":"/Users/yuanxi/Workwork/vibe-fs/requirements/repository-programming/tests/019.test.mjs"}}
{"elapsedMs":17695.063084,"type":"runner:file-start","data":{"entryFile":"/Users/yuanxi/Workwork/vibe-fs/requirements/verification-system/tests/005.test.mjs"}}
{"elapsedMs":17697.001792,"firstVerdict":true,"type":"test:complete","data":{"name":"WHAT[verification-system-004] module loadability verifier is red when a dist module fails to load","file":"/Users/yuanxi/Workwork/vibe-fs/requirements/verification-system/tests/004.test.mjs","entryFile":"/Users/yuanxi/Workwork/vibe-fs/requirements/verification-system/tests/004.test.mjs","line":10,"column":1,"nesting":0,"durationMs":13.870833}}
js-boundary-gate: 2 violation(s) across 1 file(s)
  ../../../../var/folders/g_/3ydzn7kx5lg9ylq8fd9p_13r0000gn/T/boundary-gate-red-Vin6kS/requirements/sample-pkg/tests/debt.test.mjs:1 [deep-dist-import] import * as mod from '../../../dist/Internal/UnregisteredModule.js'
  ../../../../var/folders/g_/3ydzn7kx5lg9ylq8fd9p_13r0000gn/T/boundary-gate-red-Vin6kS/requirements/sample-pkg/tests/debt.test.mjs:2 [export-discovery] const names = Object.keys(mod)
js-boundary-gate: OK — 0 debt line(s) across 0 file(s)
js-boundary-gate: OK — 0 debt line(s) across 0 file(s)
js-boundary-gate: 1 violation(s) across 1 file(s)
  ../../../../var/folders/g_/3ydzn7kx5lg9ylq8fd9p_13r0000gn/T/boundary-environment-gK9Hp4/requirements/sample/tests/001.test.mjs:3 [mangled-lookup] const name = 'Example__run'; name.startsWith('Example__')
js-boundary-gate: 1 violation(s) across 1 file(s)
  ../../../../var/folders/g_/3ydzn7kx5lg9ylq8fd9p_13r0000gn/T/boundary-environment-gK9Hp4/requirements/sample/tests/001.test.mjs:3 [mangled-lookup] const name = '_Method'; name.endsWith('_Method')
js-boundary-gate: 1 violation(s) across 1 file(s)
  ../../../../var/folders/g_/3ydzn7kx5lg9ylq8fd9p_13r0000gn/T/boundary-environment-gK9Hp4/requirements/sample/tests/001.test.mjs:3 [mangled-lookup] Object.keys(process.env).filter((env) => { const name = 'Example__run'; return name.startsWith('Example__') })
{"elapsedMs":17768.059875,"type":"runner:file-drained","data":{"entryFile":"/Users/yuanxi/Workwork/vibe-fs/requirements/verification-system/tests/004.test.mjs"}}
{"elapsedMs":17769.189709000002,"type":"runner:file-start","data":{"entryFile":"/Users/yuanxi/Workwork/vibe-fs/requirements/verification-system/tests/006.test.mjs"}}
{"elapsedMs":17835.751542,"firstVerdict":true,"type":"test:complete","data":{"name":"WHAT[structured-workflow-012] output reset clears children and preserves foreign linked input","file":"/Users/yuanxi/Workwork/vibe-fs/requirements/structured-workflow/tests/012.test.mjs","entryFile":"/Users/yuanxi/Workwork/vibe-fs/requirements/structured-workflow/tests/012.test.mjs","line":54,"column":1,"nesting":0,"durationMs":345.631333}}
{"elapsedMs":17947.279334,"firstVerdict":true,"type":"test:complete","data":{"name":"WHAT[verification-system-003] isCountedSseEvent excludes server.heartbeat only","file":"/Users/yuanxi/Workwork/vibe-fs/requirements/verification-system/tests/003.test.mjs","entryFile":"/Users/yuanxi/Workwork/vibe-fs/requirements/verification-system/tests/003.test.mjs","line":14,"column":1,"nesting":0,"durationMs":31.0785}}
{"elapsedMs":18038.532,"type":"runner:file-drained","data":{"entryFile":"/Users/yuanxi/Workwork/vibe-fs/requirements/verification-system/tests/003.test.mjs"}}
{"elapsedMs":18038.5705,"type":"runner:file-start","data":{"entryFile":"/Users/yuanxi/Workwork/vibe-fs/requirements/verification-system/tests/007.test.mjs"}}
{"elapsedMs":18088.333042000002,"firstVerdict":true,"type":"test:complete","data":{"name":"WHAT[relay-retirement-004] actual cleanup-blocked retirement keeps new work admission frozen","file":"/Users/yuanxi/Workwork/vibe-fs/requirements/relay-retirement/tests/004.test.mjs","entryFile":"/Users/yuanxi/Workwork/vibe-fs/requirements/relay-retirement/tests/004.test.mjs","line":5,"column":1,"nesting":0,"durationMs":2262.890709}}
{"elapsedMs":18102.850625,"firstVerdict":true,"type":"test:complete","data":{"name":"WHAT[relay-retirement-002] actual suicide refuses unassessed work then permits assessed REVISE with a dirty workspace","file":"/Users/yuanxi/Workwork/vibe-fs/requirements/relay-retirement/tests/002.test.mjs","entryFile":"/Users/yuanxi/Workwork/vibe-fs/requirements/relay-retirement/tests/002.test.mjs","line":9,"column":1,"nesting":0,"durationMs":2386.668292}}
{"elapsedMs":18114.424167,"type":"runner:file-drained","data":{"entryFile":"/Users/yuanxi/Workwork/vibe-fs/requirements/relay-retirement/tests/004.test.mjs"}}
{"elapsedMs":18115.259084,"type":"runner:file-start","data":{"entryFile":"/Users/yuanxi/Workwork/vibe-fs/requirements/verification-system/tests/008.test.mjs"}}
{"elapsedMs":18134.168667,"type":"runner:file-drained","data":{"entryFile":"/Users/yuanxi/Workwork/vibe-fs/requirements/relay-retirement/tests/002.test.mjs"}}
{"elapsedMs":18136.463709,"type":"runner:file-start","data":{"entryFile":"/Users/yuanxi/Workwork/vibe-fs/requirements/verification-system/tests/009.test.mjs"}}
{"elapsedMs":18183.118209,"firstVerdict":true,"type":"test:complete","data":{"name":"WHAT[verification-system-006] event safety ceilings validate input and count actual non-heartbeat events","file":"/Users/yuanxi/Workwork/vibe-fs/requirements/verification-system/tests/006.test.mjs","entryFile":"/Users/yuanxi/Workwork/vibe-fs/requirements/verification-system/tests/006.test.mjs","line":20,"column":1,"nesting":0,"durationMs":5.139375}}
{"elapsedMs":18198.094250000002,"firstVerdict":true,"type":"test:complete","data":{"name":"WHAT[relay-retirement-003] an actual accepted unfinished Engineer child blocks retirement","file":"/Users/yuanxi/Workwork/vibe-fs/requirements/relay-retirement/tests/003.test.mjs","entryFile":"/Users/yuanxi/Workwork/vibe-fs/requirements/relay-retirement/tests/003.test.mjs","line":5,"column":1,"nesting":0,"durationMs":2500.527667}}
{"elapsedMs":18207.543,"firstVerdict":true,"type":"test:complete","data":{"name":"WHAT[relay-context-projection-008] an internal wake is retained as history but cannot become successor authority","file":"/Users/yuanxi/Workwork/vibe-fs/requirements/relay-context-projection/tests/008.test.mjs","entryFile":"/Users/yuanxi/Workwork/vibe-fs/requirements/relay-context-projection/tests/008.test.mjs","line":5,"column":1,"nesting":0,"durationMs":2745.918125}}
{"elapsedMs":18213.122042,"firstVerdict":true,"type":"test:complete","data":{"name":"WHAT[verification-system-009] missing e2e root fails closed, not green with zero files","file":"/Users/yuanxi/Workwork/vibe-fs/requirements/verification-system/tests/009.test.mjs","entryFile":"/Users/yuanxi/Workwork/vibe-fs/requirements/verification-system/tests/009.test.mjs","line":27,"column":1,"nesting":0,"durationMs":12.327833}}
{"elapsedMs":18220.027709,"type":"runner:file-drained","data":{"entryFile":"/Users/yuanxi/Workwork/vibe-fs/requirements/relay-retirement/tests/003.test.mjs"}}
{"elapsedMs":18220.870959,"type":"runner:file-start","data":{"entryFile":"/Users/yuanxi/Workwork/vibe-fs/requirements/verification-system/tests/010.test.mjs"}}
{"elapsedMs":18230.110459,"type":"runner:file-drained","data":{"entryFile":"/Users/yuanxi/Workwork/vibe-fs/requirements/relay-context-projection/tests/008.test.mjs"}}
{"elapsedMs":18232.715917,"type":"runner:file-start","data":{"entryFile":"/Users/yuanxi/Workwork/vibe-fs/requirements/verification-system/tests/011.test.mjs"}}
{"elapsedMs":18322.218209000002,"firstVerdict":true,"type":"test:complete","data":{"name":"WHAT[verification-system-011] selectProductionModules excludes fable_modules so untested modules count at 0%","file":"/Users/yuanxi/Workwork/vibe-fs/requirements/verification-system/tests/011.test.mjs","entryFile":"/Users/yuanxi/Workwork/vibe-fs/requirements/verification-system/tests/011.test.mjs","line":12,"column":1,"nesting":0,"durationMs":22.082792}}
coverage: running tests with NODE_V8_COVERAGE in /private/var/folders/g_/3ydzn7kx5lg9ylq8fd9p_13r0000gn/T/cov-root-alias-NKOzES/actual/.fable-build/coverage/1791096848868-71387/raw...
{"elapsedMs":18423.172042000002,"firstVerdict":true,"type":"test:complete","data":{"name":"WHAT[verification-system-007] explicit virtual time and cancellation replay the same causal trace","file":"/Users/yuanxi/Workwork/vibe-fs/requirements/verification-system/tests/007.test.mjs","entryFile":"/Users/yuanxi/Workwork/vibe-fs/requirements/verification-system/tests/007.test.mjs","line":5,"column":1,"nesting":0,"durationMs":25.944667}}
{"elapsedMs":18498.292209,"firstVerdict":true,"type":"test:complete","data":{"name":"WHAT[verification-system-010] frozen event budgets reject invalid limits and count only substantive SSE events","file":"/Users/yuanxi/Workwork/vibe-fs/requirements/verification-system/tests/010.test.mjs","entryFile":"/Users/yuanxi/Workwork/vibe-fs/requirements/verification-system/tests/010.test.mjs","line":7,"column":1,"nesting":0,"durationMs":12.096542}}
{"elapsedMs":18534.65575,"type":"runner:file-drained","data":{"entryFile":"/Users/yuanxi/Workwork/vibe-fs/requirements/verification-system/tests/010.test.mjs"}}
{"elapsedMs":18535.869417,"type":"runner:file-start","data":{"entryFile":"/Users/yuanxi/Workwork/vibe-fs/requirements/verification-system/tests/012.test.mjs"}}
{"elapsedMs":18592.644500000002,"firstVerdict":true,"type":"test:complete","data":{"name":"WHAT[verification-system-005] import does not activate the rejected plugin entry","file":"/Users/yuanxi/Workwork/vibe-fs/requirements/verification-system/tests/005.test.mjs","entryFile":"/Users/yuanxi/Workwork/vibe-fs/requirements/verification-system/tests/005.test.mjs","line":37,"column":13,"nesting":1,"durationMs":831.780083}}
{"elapsedMs":18599.531959,"firstVerdict":true,"type":"test:complete","data":{"name":"WHAT[verification-system-012] the same detector rejects controlled line gates and permits ordinary measurements","file":"/Users/yuanxi/Workwork/vibe-fs/requirements/verification-system/tests/012.test.mjs","entryFile":"/Users/yuanxi/Workwork/vibe-fs/requirements/verification-system/tests/012.test.mjs","line":21,"column":1,"nesting":0,"durationMs":3.811333}}
{"elapsedMs":18608.832209,"type":"runner:file-drained","data":{"entryFile":"/Users/yuanxi/Workwork/vibe-fs/requirements/verification-system/tests/012.test.mjs"}}
{"elapsedMs":18610.173375000002,"type":"runner:file-start","data":{"entryFile":"/Users/yuanxi/Workwork/vibe-fs/requirements/verification-system/tests/014.test.mjs"}}

coverage: OK (2 production modules covered, report in /private/var/folders/g_/3ydzn7kx5lg9ylq8fd9p_13r0000gn/T/cov-root-alias-NKOzES/actual/.fable-build/coverage/1791096848868-71387/report)
coverage: running tests with NODE_V8_COVERAGE in /private/var/folders/g_/3ydzn7kx5lg9ylq8fd9p_13r0000gn/T/cov-test-1-Um7M5D/.fable-build/coverage/1791096849166-71387/raw...
{"elapsedMs":18677.541167,"firstVerdict":true,"type":"test:complete","data":{"name":"WHAT[verification-system-008] assertBuildFresh succeeds on current repository build","file":"/Users/yuanxi/Workwork/vibe-fs/requirements/verification-system/tests/008.test.mjs","entryFile":"/Users/yuanxi/Workwork/vibe-fs/requirements/verification-system/tests/008.test.mjs","line":17,"column":1,"nesting":0,"durationMs":234.657667}}
{"elapsedMs":18711.888542,"type":"runner:file-drained","data":{"entryFile":"/Users/yuanxi/Workwork/vibe-fs/requirements/verification-system/tests/007.test.mjs"}}
{"elapsedMs":18713.446875,"type":"runner:file-start","data":{"entryFile":"/Users/yuanxi/Workwork/vibe-fs/requirements/verification-system/tests/015.test.mjs"}}
{"elapsedMs":18797.912125,"firstVerdict":true,"type":"test:complete","data":{"name":"WHAT[verification-system-015] E1: prose decoy does not register as domain fact case","file":"/Users/yuanxi/Workwork/vibe-fs/requirements/verification-system/tests/015.test.mjs","entryFile":"/Users/yuanxi/Workwork/vibe-fs/requirements/verification-system/tests/015.test.mjs","line":25,"column":1,"nesting":0,"durationMs":10.055}}
{"elapsedMs":18822.15525,"type":"runner:file-drained","data":{"entryFile":"/Users/yuanxi/Workwork/vibe-fs/requirements/verification-system/tests/015.test.mjs"}}
{"elapsedMs":18824.049417000002,"type":"runner:file-start","data":{"entryFile":"/Users/yuanxi/Workwork/vibe-fs/requirements/verification-system/tests/016.test.mjs"}}

coverage: OK (2 production modules covered, report in /private/var/folders/g_/3ydzn7kx5lg9ylq8fd9p_13r0000gn/T/cov-test-1-Um7M5D/.fable-build/coverage/1791096849166-71387/report)
coverage: running tests with NODE_V8_COVERAGE in /private/var/folders/g_/3ydzn7kx5lg9ylq8fd9p_13r0000gn/T/cov-test-2-IVNMQq/.fable-build/coverage/1791096849391-71387/raw...
{"elapsedMs":19044.497667,"firstVerdict":true,"type":"test:complete","data":{"name":"WHAT[verification-system-014] the Long Stroke entry satisfies the watchdog-feed guard","file":"/Users/yuanxi/Workwork/vibe-fs/requirements/verification-system/tests/014.test.mjs","entryFile":"/Users/yuanxi/Workwork/vibe-fs/requirements/verification-system/tests/014.test.mjs","line":60,"column":1,"nesting":0,"durationMs":2.697834}}
{"elapsedMs":19088.72375,"type":"runner:file-drained","data":{"entryFile":"/Users/yuanxi/Workwork/vibe-fs/requirements/verification-system/tests/014.test.mjs"}}
{"elapsedMs":19092.276834,"type":"runner:file-start","data":{"entryFile":"/Users/yuanxi/Workwork/vibe-fs/requirements/verification-system/tests/017.test.mjs"}}

coverage: OK (2 production modules covered, report in /private/var/folders/g_/3ydzn7kx5lg9ylq8fd9p_13r0000gn/T/cov-test-2-IVNMQq/.fable-build/coverage/1791096849391-71387/report)
coverage: running tests with NODE_V8_COVERAGE in /private/var/folders/g_/3ydzn7kx5lg9ylq8fd9p_13r0000gn/T/cov-test-3-s12YCC/.fable-build/coverage/1791096849646-71387/raw...

coverage: OK (3 production modules covered, report in /private/var/folders/g_/3ydzn7kx5lg9ylq8fd9p_13r0000gn/T/cov-test-3-s12YCC/.fable-build/coverage/1791096849646-71387/report)
coverage: running tests with NODE_V8_COVERAGE in /private/var/folders/g_/3ydzn7kx5lg9ylq8fd9p_13r0000gn/T/cov-test-4-xVWEtZ/.fable-build/coverage/1791096849917-71387/raw...
{"elapsedMs":19663.542125,"type":"runner:file-drained","data":{"entryFile":"/Users/yuanxi/Workwork/vibe-fs/requirements/relay-assessment/tests/002.test.mjs"}}
{"elapsedMs":19664.161167000002,"type":"runner:file-start","data":{"entryFile":"/Users/yuanxi/Workwork/vibe-fs/requirements/verification-system/tests/018.test.mjs"}}

coverage: OK (2 production modules covered, report in /private/var/folders/g_/3ydzn7kx5lg9ylq8fd9p_13r0000gn/T/cov-test-4-xVWEtZ/.fable-build/coverage/1791096849917-71387/report)
coverage: running tests with NODE_V8_COVERAGE in /private/var/folders/g_/3ydzn7kx5lg9ylq8fd9p_13r0000gn/T/cov-test-5-0DUCJ1/.fable-build/coverage/1791096850311-71387/raw...
coverage: unit tests failed (status 1)
coverage: running tests with NODE_V8_COVERAGE in /private/var/folders/g_/3ydzn7kx5lg9ylq8fd9p_13r0000gn/T/cov-test-6-44rgGo/.fable-build/coverage/1791096850606-71387/raw...
{"elapsedMs":20092.685792,"firstVerdict":true,"type":"test:complete","data":{"name":"WHAT[verification-system-018] compiler evidence guard rejects direct FCS use and allows ordinary Fable compilation","file":"/Users/yuanxi/Workwork/vibe-fs/requirements/verification-system/tests/018.test.mjs","entryFile":"/Users/yuanxi/Workwork/vibe-fs/requirements/verification-system/tests/018.test.mjs","line":8,"column":1,"nesting":0,"durationMs":3.13425}}
{"elapsedMs":20111.428875,"type":"runner:file-drained","data":{"entryFile":"/Users/yuanxi/Workwork/vibe-fs/requirements/verification-system/tests/018.test.mjs"}}
{"elapsedMs":20112.609084,"type":"runner:file-start","data":{"entryFile":"/Users/yuanxi/Workwork/vibe-fs/requirements/verification-system/tests/020.test.mjs"}}
{"elapsedMs":20211.021875000002,"firstVerdict":true,"type":"test:complete","data":{"name":"WHAT[relay-retirement-008] actual Accepted suicide returns without abort and the next transform stops the retired attempt","file":"/Users/yuanxi/Workwork/vibe-fs/requirements/relay-retirement/tests/008.test.mjs","entryFile":"/Users/yuanxi/Workwork/vibe-fs/requirements/relay-retirement/tests/008.test.mjs","line":7,"column":1,"nesting":0,"durationMs":2477.249542}}
{"elapsedMs":20235.932042,"firstVerdict":true,"type":"test:complete","data":{"name":"WHAT[verification-system-020] the property facility reproduces a bounded seeded input sequence","file":"/Users/yuanxi/Workwork/vibe-fs/requirements/verification-system/tests/020.test.mjs","entryFile":"/Users/yuanxi/Workwork/vibe-fs/requirements/verification-system/tests/020.test.mjs","line":5,"column":1,"nesting":0,"durationMs":6.944583}}
{"elapsedMs":20258.260667000002,"type":"runner:file-drained","data":{"entryFile":"/Users/yuanxi/Workwork/vibe-fs/requirements/verification-system/tests/020.test.mjs"}}
{"elapsedMs":20260.025584,"type":"runner:file-start","data":{"entryFile":"/Users/yuanxi/Workwork/vibe-fs/requirements/verification-system/tests/021.test.mjs"}}
{"elapsedMs":20344.113667,"firstVerdict":true,"type":"test:complete","data":{"name":"WHAT[verification-system-021] compact and verbose reports preserve outcomes and visible exclusions","file":"/Users/yuanxi/Workwork/vibe-fs/requirements/verification-system/tests/021.test.mjs","entryFile":"/Users/yuanxi/Workwork/vibe-fs/requirements/verification-system/tests/021.test.mjs","line":26,"column":1,"nesting":0,"durationMs":6.846083}}
coverage: unit tests failed (status 1)
coverage: running tests with NODE_V8_COVERAGE in /var/folders/g_/3ydzn7kx5lg9ylq8fd9p_13r0000gn/T/cov-test-7-oqfXij/.fable-build/coverage/corrupt-run-id/raw...
coverage: raw coverage file is corrupted: coverage-corrupt.json (Unexpected token 'C', "CORRUPTED "... is not valid JSON)
coverage: running tests with NODE_V8_COVERAGE in /private/var/folders/g_/3ydzn7kx5lg9ylq8fd9p_13r0000gn/T/cov-test-8-0dvWmy/.fable-build/coverage/1791096851096-71387/raw...
runner: 1 test file(s), 10000ms verdict-silence window
runner: post-exit group verification/reclamation: pid=72063; elapsedMs=33.951; accepted=true

runner: 1 passed, 0 failed; 0/1 planned file(s) completed
runner: incomplete run; no completion for /Users/yuanxi/Workwork/vibe-fs/requirements/verification-system/tests/support/fixtures/two-leaf.fixture.mjs
runner: 1 test file(s), 1000ms verdict-silence window
coverage: reported files do not match build receipt outputs
coverage: running tests with NODE_V8_COVERAGE in /private/var/folders/g_/3ydzn7kx5lg9ylq8fd9p_13r0000gn/T/cov-test-9-D6UHiw/.fable-build/coverage/1791096851356-71387/raw...
runner: post-exit group verification/reclamation: pid=72088; elapsedMs=42.761; accepted=true

runner: 1 passed, 0 failed; 1/1 planned file(s) completed
runner: incomplete run; not every planned file stream drained
runner: 1 test file(s), 10000ms verdict-silence window
TAP version 13
# Subtest: leaf one
ok 1 - leaf one
  ---
  duration_ms: 0.371959
  type: 'test'
  ...
# Subtest: leaf two
ok 2 - leaf two
  ---
  duration_ms: 0.063209
  type: 'test'
  ...
1..2
# tests 2
# suites 0
# pass 2
# fail 0
# cancelled 0
# skipped 0
# todo 0
# duration_ms 6.534459
runner: post-exit group verification/reclamation: pid=72149; elapsedMs=49.888; accepted=true
runner: inner runner failed to provide authoritative summary

runner: verdict counts unavailable; no authoritative summary; 0/1 planned file(s) completed
coverage: input files changed during coverage run (INPUT_CHANGED):
  compiler: 04ab15371a361e5036ac3f9f5c006b5ad35a91e289638fcd1df905f93260321e -> ea8e052b242da66766b9a0d9466a0b0b0583c368c109bf1583ea4af70f752ef8
  generated: 04ab15371a361e5036ac3f9f5c006b5ad35a91e289638fcd1df905f93260321e -> ea8e052b242da66766b9a0d9466a0b0b0583c368c109bf1583ea4af70f752ef8
  artifact: 04ab15371a361e5036ac3f9f5c006b5ad35a91e289638fcd1df905f93260321e -> ea8e052b242da66766b9a0d9466a0b0b0583c368c109bf1583ea4af70f752ef8
{"elapsedMs":21115.301625,"type":"runner:file-drained","data":{"entryFile":"/Users/yuanxi/Workwork/vibe-fs/requirements/verification-system/tests/011.test.mjs"}}
{"elapsedMs":21122.31625,"firstVerdict":true,"type":"test:complete","data":{"name":"WHAT[verification-system-017] repository and package entries own distinct real integration suites","file":"/Users/yuanxi/Workwork/vibe-fs/requirements/verification-system/tests/017.test.mjs","entryFile":"/Users/yuanxi/Workwork/vibe-fs/requirements/verification-system/tests/017.test.mjs","line":31,"column":1,"nesting":0,"durationMs":1503.020459}}
runner: 1 test file(s), 10000ms verdict-silence window
runner: post-exit group verification/reclamation: pid=72290; elapsedMs=37.429; accepted=true

runner: 1 passed, 0 failed; 1/1 planned file(s) completed
runner: partial evidence; 0 skipped, 1 TODO; excluded cases are not passes
runner: pending proof prevents complete acceptance
runner: 1 test file(s), 10000ms verdict-silence window
runner: post-exit group verification/reclamation: pid=72373; elapsedMs=34.423; accepted=true

runner: 1 passed, 0 failed; 1/1 planned file(s) completed
runner: partial evidence; 0 skipped, 1 TODO; excluded cases are not passes
runner: pending proof prevents complete acceptance
runner: 2 test file(s), 10000ms verdict-silence window
node:internal/test_runner/harness:99
      throw err;
      ^

Error [ERR_MODULE_NOT_FOUND]: Cannot find module '/var/folders/g_/3ydzn7kx5lg9ylq8fd9p_13r0000gn/T/failed-test-file-JBKQkz/missing.fixture.mjs' imported from /Users/yuanxi/Workwork/vibe-fs/
    at finalizeResolution (node:internal/modules/esm/resolve:275:11)
    at moduleResolve (node:internal/modules/esm/resolve:865:10)
    at defaultResolve (node:internal/modules/esm/resolve:989:11)
    at #cachedDefaultResolve (node:internal/modules/esm/loader:747:20)
    at ModuleLoader.resolve (node:internal/modules/esm/loader:724:38)
    at ModuleLoader.getModuleJobForImport (node:internal/modules/esm/loader:320:38)
    at onImport.tracePromise.__proto__ (node:internal/modules/esm/loader:680:36)
    at TracingChannel.tracePromise (node:diagnostics_channel:350:14)
    at ModuleLoader.import (node:internal/modules/esm/loader:679:21)
    at node:internal/modules/run_main:179:35 {
  code: 'ERR_MODULE_NOT_FOUND',
  url: 'file:///var/folders/g_/3ydzn7kx5lg9ylq8fd9p_13r0000gn/T/failed-test-file-JBKQkz/missing.fixture.mjs'
}

Node.js v22.23.3

✖ failing tests:

test at /var/folders/g_/3ydzn7kx5lg9ylq8fd9p_13r0000gn/T/failed-test-file-JBKQkz/missing.fixture.mjs:1:1
✖ /var/folders/g_/3ydzn7kx5lg9ylq8fd9p_13r0000gn/T/failed-test-file-JBKQkz/missing.fixture.mjs (83.648ms)
  'test failed'


[test-summary] 2 file(s), 2 passed, 0 failed, 1 failed containers (0.10s wall, 0.00s test time)
runner: post-exit group verification/reclamation: pid=72453; elapsedMs=58.497; accepted=true
runner: 2 test(s), 0.0s of test time; max 4ms, p90 4ms, median 1ms

runner: 2 passed, 0 failed; 2/2 planned file(s) completed
runner: cancelled tests or failed containers prevent complete acceptance
runner: 2 test file(s), 10000ms verdict-silence window
{"elapsedMs":21544.239959000002,"type":"runner:file-drained","data":{"entryFile":"/Users/yuanxi/Workwork/vibe-fs/requirements/structured-workflow/tests/012.test.mjs"}}
node:internal/test_runner/harness:99
      throw err;
      ^

Error: fixture failed before registering any test
    at file:///private/var/folders/g_/3ydzn7kx5lg9ylq8fd9p_13r0000gn/T/failed-test-file-JBKQkz/broken.fixture.mjs:1:7
    at ModuleJob.run (node:internal/modules/esm/module_job:343:25)
    at async onImport.tracePromise.__proto__ (node:internal/modules/esm/loader:681:26)
    at async asyncRunEntryPointWithESMLoader (node:internal/modules/run_main:117:5)

Node.js v22.23.3
{"elapsedMs":21644.002084,"firstVerdict":true,"type":"test:complete","data":{"name":"WHAT[verification-system-016] the formal fixture captures an explicit complete npm package and actual selected Node binary","file":"/Users/yuanxi/Workwork/vibe-fs/requirements/verification-system/tests/support/node-tool-candidate-tests.mjs","entryFile":"/Users/yuanxi/Workwork/vibe-fs/requirements/verification-system/tests/016.test.mjs","line":53,"column":15,"nesting":1,"durationMs":2604.179125}}

✖ failing tests:

test at /var/folders/g_/3ydzn7kx5lg9ylq8fd9p_13r0000gn/T/failed-test-file-JBKQkz/broken.fixture.mjs:1:1
✖ /var/folders/g_/3ydzn7kx5lg9ylq8fd9p_13r0000gn/T/failed-test-file-JBKQkz/broken.fixture.mjs (49.740ms)
  'test failed'


[test-summary] 2 file(s), 2 passed, 0 failed, 1 failed containers (0.06s wall, 0.00s test time)
runner: post-exit group verification/reclamation: pid=72600; elapsedMs=43.607; accepted=true
runner: 2 test(s), 0.0s of test time; max 4ms, p90 4ms, median 1ms

runner: 2 passed, 0 failed; 2/2 planned file(s) completed
runner: cancelled tests or failed containers prevent complete acceptance
{"elapsedMs":21714.68125,"type":"runner:file-drained","data":{"entryFile":"/Users/yuanxi/Workwork/vibe-fs/requirements/verification-system/tests/021.test.mjs"}}
{"elapsedMs":22123.721667,"type":"runner:file-drained","data":{"entryFile":"/Users/yuanxi/Workwork/vibe-fs/requirements/relay-retirement/tests/008.test.mjs"}}
{"elapsedMs":22555.155709000002,"type":"runner:file-drained","data":{"entryFile":"/Users/yuanxi/Workwork/vibe-fs/requirements/verification-system/tests/008.test.mjs"}}
{"elapsedMs":22607.800084000002,"type":"runner:file-drained","data":{"entryFile":"/Users/yuanxi/Workwork/vibe-fs/requirements/verification-system/tests/017.test.mjs"}}
{"elapsedMs":22675.509084,"type":"runner:file-drained","data":{"entryFile":"/Users/yuanxi/Workwork/vibe-fs/requirements/verification-system/tests/009.test.mjs"}}
check.mjs: FAILED with 1 issue(s) across 1 gate(s)

Gate: /var/folders/g_/3ydzn7kx5lg9ylq8fd9p_13r0000gn/T/gate-failure-c7Vm9z/gate.mjs (1 issue(s))
  - [fail] controlled violation

check.mjs: fatal error: Cannot find module '/var/folders/g_/3ydzn7kx5lg9ylq8fd9p_13r0000gn/T/gate-failure-c7Vm9z/missing.mjs' imported from /Users/yuanxi/Workwork/vibe-fs/scripts/check.mjs
check.mjs: fatal error: controlled failure
{"elapsedMs":23824.605167,"type":"runner:file-drained","data":{"entryFile":"/Users/yuanxi/Workwork/vibe-fs/requirements/verification-system/tests/005.test.mjs"}}
{"elapsedMs":27429.488417,"type":"runner:file-drained","data":{"entryFile":"/Users/yuanxi/Workwork/vibe-fs/requirements/verification-system/tests/006.test.mjs"}}
fatal: .git/index: index file smaller than expected
fatal: .git/index: index file smaller than expected
fatal: .git/index: index file smaller than expected
{"elapsedMs":85948.216042,"type":"runner:file-drained","data":{"entryFile":"/Users/yuanxi/Workwork/vibe-fs/requirements/verification-system/tests/016.test.mjs"}}

[test-summary] 159 file(s), 855 passed, 0 failed, 47 skipped, 79 todo (85.91s wall, 300.60s test time)
  todo: /Users/yuanxi/Workwork/vibe-fs/requirements/concern-routing/tests/001.test.mjs:WHAT[concern-routing-001] subscription remains isolated between real workspaces and conflicts do not overwrite durable owners (GAP-155) — reason not supplied
  todo: /Users/yuanxi/Workwork/vibe-fs/requirements/attention-regulation/tests/006.test.mjs:WHAT[attention-regulation-006] GAP-118 actual dependency and capability isolation exclude a hidden scheduler or cognitive workflow engine — reason not supplied
  todo: /Users/yuanxi/Workwork/vibe-fs/requirements/attention-regulation/tests/001.test.mjs:WHAT[attention-regulation-001] GAP-118 review prompt meaning and actual participant behavior at materially new evidence; no word scan proves cognitive stopping — reason not supplied
  todo: /Users/yuanxi/Workwork/vibe-fs/requirements/concern-routing/tests/007.test.mjs:WHAT[concern-routing-007] audit actual routing entry points and dependency ownership for the minimal mailbox responsibility; absence of workflow vocabulary does not prove absence of such behavior (GAP-155) — reason not supplied
  skip: /Users/yuanxi/Workwork/vibe-fs/requirements/crash-reconciliation/tests/020.test.mjs:WHAT[crash-reconciliation-020] actual child settlement persists voids across journal reopen without a completion — integration tier not enabled
  skip: /Users/yuanxi/Workwork/vibe-fs/requirements/crash-reconciliation/tests/020.test.mjs:WHAT[crash-reconciliation-020] actual child settlement propagates unknown and unattempted append failures — integration tier not enabled
  todo: /Users/yuanxi/Workwork/vibe-fs/requirements/crash-reconciliation/tests/020.test.mjs:WHAT[crash-reconciliation-020] actual plugin activation durably settles orphan child and Blogger work before ordinary execution, preserves exact live flights, and refuses append failure (GAP-149) — reason not supplied
  todo: /Users/yuanxi/Workwork/vibe-fs/requirements/crash-reconciliation/tests/020.test.mjs:WHAT[crash-reconciliation-020] a real interrupted run and PTY input are not replayed after restart while unique DevOps authority and durable model Persona binding are retained (GAP-149; GAP-129; GAP-132) — reason not supplied
  skip: /Users/yuanxi/Workwork/vibe-fs/requirements/degeneration-guard/tests/004.test.mjs:WHAT[degeneration-guard-004] current runtime envelope matches a fresh repository derivation and the self-consistent prior — integration tier not enabled
  todo: /Users/yuanxi/Workwork/vibe-fs/requirements/degeneration-guard/tests/004.test.mjs:WHAT[degeneration-guard-004] actual build binds generator selector selected bytes and runtime traversal to one staged input (GAP-145) — reason not supplied
  todo: /Users/yuanxi/Workwork/vibe-fs/requirements/delegation/tests/001.test.mjs:WHAT[delegation-001] every actual delegation entry specifies charge entitled office logical owner and bounded consequence rather than deriving them from persona labels (GAP-153) — reason not supplied
  todo: /Users/yuanxi/Workwork/vibe-fs/requirements/concern-routing/tests/005.test.mjs:WHAT[concern-routing-005] real message delivery preserves complete obligation and office projections, and recipients independently verify claimed facts (GAP-155) — reason not supplied
  todo: /Users/yuanxi/Workwork/vibe-fs/requirements/concern-routing/tests/003.test.mjs:WHAT[concern-routing-003] real concurrent retirement between resolution and append rejects the stale generation without redirecting or losing accepted evidence (GAP-155) — reason not supplied
  todo: /Users/yuanxi/Workwork/vibe-fs/requirements/delegation/tests/004.test.mjs:WHAT[delegation-004] the actual tool registry assigns distinct names to commission fork and resume and no name has conflicting contracts (GAP-153) — reason not supplied
  todo: /Users/yuanxi/Workwork/vibe-fs/requirements/delegation/tests/005.test.mjs:WHAT[delegation-005] all public schemas and success/failure returns exclude physical topology, including missing display-name paths (GAP-153) — reason not supplied
  todo: /Users/yuanxi/Workwork/vibe-fs/requirements/crash-reconciliation/tests/018.test.mjs:WHAT[crash-reconciliation-018] a restarted plugin normalizes durable child runs before reuse without replaying tools or hiding their interrupted history (GAP-149) — reason not supplied
  todo: /Users/yuanxi/Workwork/vibe-fs/requirements/concern-routing/tests/004.test.mjs:WHAT[concern-routing-004] failed or abandoned real placement leaves both coverages pending across journal reopen and crash (GAP-155) — reason not supplied
  todo: /Users/yuanxi/Workwork/vibe-fs/requirements/delegation/tests/007.test.mjs:WHAT[delegation-007] the Sphinx program invokes standard Engineer through an acyclic managed path with family-root placement and exact terminal identity, without extra DevOps authority (GAP-153) — reason not supplied
  todo: /Users/yuanxi/Workwork/vibe-fs/requirements/delegation/tests/006.test.mjs:WHAT[delegation-006] actual resume preserves the complete execution and model binding through replacement and recovery (GAP-153; GAP-129) — reason not supplied
  todo: /Users/yuanxi/Workwork/vibe-fs/requirements/delegation/tests/008.test.mjs:WHAT[delegation-008] the real Host tool-call collection fixes complete batch membership before invocation without using arrival timing (GAP-153) — reason not supplied
  todo: /Users/yuanxi/Workwork/vibe-fs/requirements/delegation/tests/010.test.mjs:WHAT[delegation-010] actual routing uses effective system configuration and retained binding without accepting caller-selected model targets (GAP-153) — reason not supplied
  todo: /Users/yuanxi/Workwork/vibe-fs/requirements/delegation/tests/013.test.mjs:WHAT[delegation-013] real agent completion join enforces current ownership and durable CAS consumption across concurrent calls and restart (GAP-153) — reason not supplied
  todo: /Users/yuanxi/Workwork/vibe-fs/requirements/delegation/tests/017.test.mjs:WHAT[delegation-017] consuming a real returned WorkRecord changes no caller authority obligation or global request direction (GAP-153) — reason not supplied
  todo: /Users/yuanxi/Workwork/vibe-fs/requirements/delegation/tests/014.test.mjs:WHAT[delegation-014] actual commission entry wires job completion into the proven FIFO mailbox and durable result consumption (GAP-153) — reason not supplied
  todo: /Users/yuanxi/Workwork/vibe-fs/requirements/delegation/tests/020.test.mjs:WHAT[delegation-020] legal adapter naming changes preserve actual delegation authority ownership and lifecycle observations (GAP-153) — reason not supplied
  todo: /Users/yuanxi/Workwork/vibe-fs/requirements/delegation/tests/019.test.mjs:WHAT[delegation-019] actual fork first-prompt producers obtain the current durable parent record and preserve the typed instruction and data boundary end to end (GAP-153) — reason not supplied
  todo: /Users/yuanxi/Workwork/vibe-fs/requirements/delegation/tests/021.test.mjs:WHAT[delegation-021] actual fork attaches only the designated peer history without cloning authority or transferring unfinished obligations (GAP-153) — reason not supplied
  todo: /Users/yuanxi/Workwork/vibe-fs/requirements/delegation/tests/022.test.mjs:WHAT[delegation-022] real tool execution remains allowed after estimate exhaustion and replacement resets the same durable estimate through reopen (GAP-153) — reason not supplied
  todo: /Users/yuanxi/Workwork/vibe-fs/requirements/concern-routing/tests/006.test.mjs:WHAT[concern-routing-006] completing the actual owner life retires its mailbox before later publish — GAP-157: the production Suicide post-commit retirement append failure has no proved recovery
  todo: /Users/yuanxi/Workwork/vibe-fs/requirements/delegation/tests/015.test.mjs:WHAT[delegation-015] real Host input and cancellation reach join without cancelling the agent or revoking its authority (GAP-153) — reason not supplied
  todo: /Users/yuanxi/Workwork/vibe-fs/requirements/delegation/tests/030.test.mjs:WHAT[delegation-030] actual injected delegation invariant incidents preserve settlement before exactly one report and kill with no physical fallback (GAP-153) — reason not supplied
  todo: /Users/yuanxi/Workwork/vibe-fs/requirements/delegation/tests/029.test.mjs:WHAT[delegation-029] independently compiled workflow boundaries and real injected effects establish confinement beyond current source spellings (GAP-153) — reason not supplied
  todo: /Users/yuanxi/Workwork/vibe-fs/requirements/delegation/tests/028.test.mjs:WHAT[delegation-028] each bounded locality actually compiles independently with only its declared transitive inputs (GAP-153) — reason not supplied
  todo: /Users/yuanxi/Workwork/vibe-fs/requirements/delegation/tests/023.test.mjs:WHAT[delegation-023] actual shared recovery engine exhausts all applicable paths before the parent receives final failure (GAP-153) — reason not supplied
  todo: /Users/yuanxi/Workwork/vibe-fs/requirements/delegation/tests/025.test.mjs:WHAT[delegation-025] actual fork execution rejects late run-scoped success failure and abort while preserving legitimate session-wide failures (GAP-153) — reason not supplied
  todo: /Users/yuanxi/Workwork/vibe-fs/requirements/dispatch-protocol/tests/008.test.mjs:WHAT[dispatch-protocol-008] repeated post-flight exact occasions send again only after durable Abandoned, never after Pending, Submitted or PhysicalAccepted (GAP-136) — reason not supplied
  todo: /Users/yuanxi/Workwork/vibe-fs/requirements/delegation/tests/031.test.mjs:WHAT[delegation-031] actual sync and fork completion still deliver after NotCommitted or Unknown checkpoint, absorb duplicate terminals, re-read durable evidence without reexecution, and fuse only PhaseConflict (GAP-153) — reason not supplied
  todo: /Users/yuanxi/Workwork/vibe-fs/requirements/delegation/tests/026.test.mjs:WHAT[delegation-026] actual admission and checkpoint fault cuts preserve exact durable claim and effect truth without replay or durable program counters (GAP-153) — reason not supplied
  todo: /Users/yuanxi/Workwork/vibe-fs/requirements/dispatch-protocol/tests/012.test.mjs:WHAT[dispatch-protocol-012] real PhysicalAccepted handoff retains the whole atomic profile and only managed execution acquires exact capacity and creates execution facts (GAP-136) — reason not supplied
  skip: /Users/yuanxi/Workwork/vibe-fs/requirements/durable-events/tests/003.test.mjs:WHAT[durable-events-003] canonical_event_bytes_are_stable_under_object_and_set_order — integration tier not enabled
  skip: /Users/yuanxi/Workwork/vibe-fs/requirements/durable-events/tests/003.test.mjs:WHAT[durable-events-003] same_event_id_different_canonical_bytes_is_identity_collision — integration tier not enabled
  skip: /Users/yuanxi/Workwork/vibe-fs/requirements/durable-events/tests/003.test.mjs:WHAT[durable-events-003] canonical_event_bytes_decode_to_the_same_plain_event — integration tier not enabled
  skip: /Users/yuanxi/Workwork/vibe-fs/requirements/durable-events/tests/003.test.mjs:WHAT[durable-events-003] decode_rejects_noncanonical_key_and_set_order_without_reencoding_the_event — integration tier not enabled
  skip: /Users/yuanxi/Workwork/vibe-fs/requirements/durable-events/tests/003.test.mjs:WHAT[durable-events-003] merge_by_identity_dedupes_equal_bytes_and_rejects_collisions — integration tier not enabled
  skip: /Users/yuanxi/Workwork/vibe-fs/requirements/dispatch-protocol/tests/010.test.mjs:WHAT[dispatch-protocol-010] compiler rejects adding physical model authority to the opaque root — integration tier not enabled
  todo: /Users/yuanxi/Workwork/vibe-fs/requirements/durable-events/tests/020.test.mjs:WHAT[durable-events-020] actual plugin load checks readability without replay repair or writes; first durable consumer activates once — reason not supplied
  todo: /Users/yuanxi/Workwork/vibe-fs/requirements/durable-events/tests/024.test.mjs:WHAT[durable-events-024] actual semantic-cut caller requires injected fatal capability and refuses fatal before committed or unknown settlement — reason not supplied
  todo: /Users/yuanxi/Workwork/vibe-fs/requirements/durable-events/tests/024.test.mjs:WHAT[durable-events-024] actual physical child persists bad fact and cut then reports and exits once; duplicate incident cannot execute again — reason not supplied
  skip: /Users/yuanxi/Workwork/vibe-fs/requirements/durable-events/tests/022.test.mjs:WHAT[durable-events-022] each actual bounded locality compiles as one flat project and a reversed dependency is rejected — integration tier not enabled
  skip: /Users/yuanxi/Workwork/vibe-fs/requirements/durable-events/tests/022.test.mjs:WHAT[durable-events-022] real Fable compiles the journal observation owner using its declared closure — integration tier not enabled
  todo: /Users/yuanxi/Workwork/vibe-fs/requirements/durable-events/tests/021.test.mjs:WHAT[durable-events-021] the actual producing process exits after semantic cut and a distinct next process resumes from the reset Current — reason not supplied
  skip: /Users/yuanxi/Workwork/vibe-fs/requirements/effect-accounting/tests/001.test.mjs:WHAT[effect-accounting-001] real negative compilation rejects confusing effect intent with physical confirmation — integration tier not enabled
  todo: /Users/yuanxi/Workwork/vibe-fs/requirements/durable-events/tests/025.test.mjs:WHAT[durable-events-025] actual Prepared semantic cut prevents transaction file effects; Committed unknown is recovered without assuming not-written — reason not supplied
  todo: /Users/yuanxi/Workwork/vibe-fs/requirements/durable-events/tests/025.test.mjs:WHAT[durable-events-025] durable typed rejection reaches its unique composition fatal owner through a required capability — reason not supplied
  todo: /Users/yuanxi/Workwork/vibe-fs/requirements/distribution/tests/005.test.mjs:WHAT[distribution-005] GAP-210: clean and incremental production outputs have identical bytes for identical inputs — reason not supplied
  skip: /Users/yuanxi/Workwork/vibe-fs/requirements/durable-events/tests/023.test.mjs:WHAT[durable-events-023] isolated compilation rejects physical-store authority in the codec closure — integration tier not enabled
  skip: /Users/yuanxi/Workwork/vibe-fs/requirements/durable-events/tests/023.test.mjs:WHAT[durable-events-023] isolated compilation rejects aggregate authority in domain folds — integration tier not enabled
  todo: /Users/yuanxi/Workwork/vibe-fs/requirements/guidance-delivery/tests/002.test.mjs:WHAT[guidance-delivery-002] GAP-116 actual rejected or unknown delivery append cannot report successful Full or advance Frontier — reason not supplied
  skip: /Users/yuanxi/Workwork/vibe-fs/requirements/durable-events/tests/009.test.mjs:WHAT[durable-events-009] local_EventStore_never_reads_or_rewrites_any_legacy_layout — integration tier not enabled
  skip: /Users/yuanxi/Workwork/vibe-fs/requirements/durable-events/tests/009.test.mjs:WHAT[durable-events-009] shock_cut_source_has_no_legacy_shape_detection_migration_or_reset — integration tier not enabled
  todo: /Users/yuanxi/Workwork/vibe-fs/requirements/guidance-delivery/tests/012.test.mjs:WHAT[guidance-delivery-012] GAP-116 actual new occurrence reads each dynamic owner once and freezes concern consumption atomically; replay reads none — reason not supplied
  skip: /Users/yuanxi/Workwork/vibe-fs/requirements/effect-accounting/tests/008.test.mjs:WHAT[effect-accounting-008] todowrite commits its compression checkpoint only after native execution succeeds — integration tier not enabled
  skip: /Users/yuanxi/Workwork/vibe-fs/requirements/effect-accounting/tests/008.test.mjs:WHAT[effect-accounting-008] todowrite executor failure restores args but does not commit a compression checkpoint — integration tier not enabled
  todo: /Users/yuanxi/Workwork/vibe-fs/requirements/guidance-delivery/tests/009.test.mjs:WHAT[guidance-delivery-009] GAP-116 actual durable delivery leaves authority roots and execution permissions unchanged — reason not supplied
  todo: /Users/yuanxi/Workwork/vibe-fs/requirements/guidance-delivery/tests/005.test.mjs:WHAT[guidance-delivery-005] GAP-115 actual restoration preserves occurrence frontier without adding a first-delivery fact — reason not supplied
  skip: /Users/yuanxi/Workwork/vibe-fs/requirements/guidance-delivery/tests/008.test.mjs:WHAT[guidance-delivery-008] Blogger composer takes detection source regardless of section vocabulary — integration tier not enabled
  todo: /Users/yuanxi/Workwork/vibe-fs/requirements/guidance-delivery/tests/008.test.mjs:WHAT[guidance-delivery-008] complete Main Host projection never promotes Blogger history into interaction authority (GAP-116: full Host projection path pending — the resolver isolation test above covers the guidance text only) — reason not supplied
  todo: /Users/yuanxi/Workwork/vibe-fs/requirements/interaction-authority/tests/017.test.mjs:WHAT[interaction-authority-017] dispatcher rejects a continuation whose target run is durably closed while its archived profile is still readable — reason not supplied
  todo: /Users/yuanxi/Workwork/vibe-fs/requirements/managed-session-lifecycle/tests/013.test.mjs:WHAT[managed-session-lifecycle-013] actual restart re-enlists durable visible handles and a failed recovery commit blocks readiness (GAP-133) — reason not supplied
  skip: /Users/yuanxi/Workwork/vibe-fs/requirements/obligation-ledger/tests/001.test.mjs:WHAT[obligation-ledger-001] plugin leaves native todo rows untouched — integration tier not enabled
  skip: /Users/yuanxi/Workwork/vibe-fs/requirements/obligation-ledger/tests/001.test.mjs:WHAT[obligation-ledger-001] provider definition stays host-shaped with no retired planning fields — integration tier not enabled
  todo: /Users/yuanxi/Workwork/vibe-fs/requirements/obligation-ledger/tests/003.test.mjs:WHAT[obligation-ledger-003] plugin keeps no second desired/applied todo projection beside the Host-native TodoTable — reason not supplied
  skip: /Users/yuanxi/Workwork/vibe-fs/requirements/obligation-ledger/tests/002.test.mjs:WHAT[obligation-ledger-002] empty and duplicate native todo lists pass through unchanged — integration tier not enabled
  skip: /Users/yuanxi/Workwork/vibe-fs/requirements/obligation-ledger/tests/002.test.mjs:WHAT[obligation-ledger-002] installed OpenCode native executor replaces only the current session TodoTable; an empty todowrite is a Host no-op — integration tier not enabled
  todo: /Users/yuanxi/Workwork/vibe-fs/requirements/obligation-ledger/tests/006.test.mjs:WHAT[obligation-ledger-006] empty or completed todos never grant mutation capability quality acceptance or retirement — reason not supplied
  todo: /Users/yuanxi/Workwork/vibe-fs/requirements/obligation-ledger/tests/007.test.mjs:WHAT[obligation-ledger-007] controlled legacy audit reading retains old accepted facts without activating gates prefix switching or Host writes — reason not supplied
  skip: /Users/yuanxi/Workwork/vibe-fs/requirements/obligation-ledger/tests/004.test.mjs:WHAT[obligation-ledger-004] the completed-terminal checkpoint leaves every non-checkpoint projection slice untouched — integration tier not enabled
  skip: /Users/yuanxi/Workwork/vibe-fs/requirements/obligation-ledger/tests/005.test.mjs:WHAT[obligation-ledger-005] no checkpoint before the exact completed terminal evidence — integration tier not enabled
  skip: /Users/yuanxi/Workwork/vibe-fs/requirements/obligation-ledger/tests/005.test.mjs:WHAT[obligation-ledger-005] the exact completed terminal commits exactly one durable checkpoint — integration tier not enabled
  skip: /Users/yuanxi/Workwork/vibe-fs/requirements/obligation-ledger/tests/005.test.mjs:WHAT[obligation-ledger-005] an error terminal closes the candidate without a checkpoint and without blocking another call — integration tier not enabled
  skip: /Users/yuanxi/Workwork/vibe-fs/requirements/obligation-ledger/tests/005.test.mjs:WHAT[obligation-ledger-005] distinct sessions and calls never confuse checkpoint identities — integration tier not enabled
  skip: /Users/yuanxi/Workwork/vibe-fs/requirements/obligation-ledger/tests/005.test.mjs:WHAT[obligation-ledger-005] concurrent duplicate terminals share one append outcome instead of an early success — integration tier not enabled
  skip: /Users/yuanxi/Workwork/vibe-fs/requirements/obligation-ledger/tests/005.test.mjs:WHAT[obligation-ledger-005] concurrent duplicates of a successful terminal share the one append and commit exactly one fact — integration tier not enabled
  skip: /Users/yuanxi/Workwork/vibe-fs/requirements/obligation-ledger/tests/005.test.mjs:WHAT[obligation-ledger-005] a WriteUnknown append outcome is never retried for the same call — integration tier not enabled
  skip: /Users/yuanxi/Workwork/vibe-fs/requirements/obligation-ledger/tests/005.test.mjs:WHAT[obligation-ledger-005] a WriterUnavailable outcome releases the call so a retry reaches a fresh writer admission — integration tier not enabled
  todo: /Users/yuanxi/Workwork/vibe-fs/requirements/relay-assessment/tests/003.test.mjs:WHAT[relay-assessment-003] actual assessment evidence digest includes only public text before the exact call — GAP-193: relay Surface supplies constant binding digests; actual narrative extraction and every identity axis require independent observations
  todo: /Users/yuanxi/Workwork/vibe-fs/requirements/relay-assessment/tests/005.test.mjs:WHAT[relay-assessment-005] actual certificate binds every evidence field and immediately blocks workspace mutation — GAP-193: four exposed certificate fields do not prove full binding or actual mutation denial
  todo: /Users/yuanxi/Workwork/vibe-fs/requirements/relay-assessment/tests/009.test.mjs:WHAT[relay-assessment-009] Manager independently investigates through its review-only tools or a read-only Engineer and treats implementer reports only as leads — reason not supplied
  todo: /Users/yuanxi/Workwork/vibe-fs/requirements/relay-assessment/tests/010.test.mjs:WHAT[relay-assessment-010] actual DevOps workspace mutation invalidates previous verification and assessment evidence — GAP-193: manual invalidation does not start DevOps or observe a real workspace change
  todo: /Users/yuanxi/Workwork/vibe-fs/requirements/provider-attempt-recovery/tests/021.test.mjs:WHAT[provider-attempt-recovery-021] actual ordinary and sync-delegate recovery combine exact durable LWR evidence and target settlement after licensing and before send (GAP-139) — reason not supplied
  todo: /Users/yuanxi/Workwork/vibe-fs/requirements/relay-context-projection/tests/003.test.mjs:WHAT[relay-context-projection-003] complete provider serialization carries no private control identifiers secrets or synthetic workspace narrative — reason not supplied
  todo: /Users/yuanxi/Workwork/vibe-fs/requirements/relay-context-projection/tests/004.test.mjs:WHAT[relay-context-projection-004] first and successor Managers independently investigate the actual inherited work and never fabricate predecessor evidence — reason not supplied
  skip: /Users/yuanxi/Workwork/vibe-fs/requirements/host-boundary/tests/033.test.mjs:WHAT[host-boundary-033] installed Host drains a superseded Guard and answers the exact fresh human input — integration tier not enabled
  skip: /Users/yuanxi/Workwork/vibe-fs/requirements/host-boundary/tests/033.test.mjs:WHAT[host-boundary-033] installed Host drains a held Guard before waiting for its only capacity slot — integration tier not enabled
  todo: /Users/yuanxi/Workwork/vibe-fs/requirements/managed-session-lifecycle/tests/018.test.mjs:WHAT[managed-session-lifecycle-018] plugin shutdown waits for already admitted provider transforms and terminal callbacks without logical cancellation (GAP-133) — reason not supplied
  todo: /Users/yuanxi/Workwork/vibe-fs/requirements/relay-context-projection/tests/007.test.mjs:WHAT[relay-context-projection-007] crash recovery and Accepted-certificate invalidation keep the committed retired request identity without filtering physical history — reason not supplied
  todo: /Users/yuanxi/Workwork/vibe-fs/requirements/relay-context-projection/tests/009.test.mjs:WHAT[relay-context-projection-009] fixed DevOps execution facts and predecessor interactions reach the successor through their real owners without synthesized conclusions — reason not supplied
  todo: /Users/yuanxi/Workwork/vibe-fs/requirements/relay-retirement/tests/001.test.mjs:WHAT[relay-retirement-001] ordinary assistant stop does not retire Manager and exceptional terminals are not forged suicide — GAP-197: requires actual Manager terminal workflow; removed test merely returned Retire for an empty array
  todo: /Users/yuanxi/Workwork/vibe-fs/requirements/relay-context-projection/tests/001.test.mjs:WHAT[relay-context-projection-001] Host physical transcript and durable audit survive actual process restart without loss — reason not supplied
  todo: /Users/yuanxi/Workwork/vibe-fs/requirements/relay-retirement/tests/007.test.mjs:WHAT[relay-retirement-007] real durable retirement is atomic across crash points and cleanup retry — GAP-197: pure fold transition does not persist a transaction or clear actual resource blockers
  todo: /Users/yuanxi/Workwork/vibe-fs/requirements/relay-retirement/tests/007.test.mjs:WHAT[relay-retirement-007] retirement ends incumbent obligations without rewriting independent context-compression history — reason not supplied
  todo: /Users/yuanxi/Workwork/vibe-fs/requirements/relay-assessment/tests/008.test.mjs:WHAT[relay-assessment-008] every pre-assessment role ledger and tool surface conceals later assignments and loop mechanics — GAP-193: actual accepted result selection is tested; all earlier surfaces require projection and semantic audit
  todo: /Users/yuanxi/Workwork/vibe-fs/requirements/relay-retirement/tests/009.test.mjs:WHAT[relay-retirement-009] actual Continue transfers fixed DevOps work and processes while Accepted or exceptional termination physically closes them — reason not supplied
  todo: /Users/yuanxi/Workwork/vibe-fs/requirements/repository-programming/tests/006.test.mjs:WHAT[repository-programming-006] pending async work and post-await computation terminate within the execution budget — reason not supplied
  todo: /Users/yuanxi/Workwork/vibe-fs/requirements/repository-programming/tests/006.test.mjs:WHAT[repository-programming-006] memory exhaustion is contained without exhausting the Host process — reason not supplied
  skip: /Users/yuanxi/Workwork/vibe-fs/requirements/structured-workflow/tests/012.test.mjs:WHAT[structured-workflow-012] Mac nested mounted output resets under immutable input and cleanup preserves the original callback failure — integration tier not enabled
  todo: /Users/yuanxi/Workwork/vibe-fs/requirements/relay-retirement/tests/004.test.mjs:WHAT[relay-retirement-004] exact-incumbency freeze precedes recursive observation and never leaks into next incarnation of the same session — GAP-197: a sequential child blocker does not prove an admission race or same-session successor fence
  todo: /Users/yuanxi/Workwork/vibe-fs/requirements/relay-retirement/tests/002.test.mjs:WHAT[relay-retirement-002] unmerged changes failed tests and open obligations do not independently block actual retirement — GAP-197: actual assessed dirty-workspace path is covered; remaining conditions require actual owned fixtures
  todo: /Users/yuanxi/Workwork/vibe-fs/requirements/relay-retirement/tests/003.test.mjs:WHAT[relay-retirement-003] recursive descendants PTYs leases active tools and unobserved cancellation all block by current incumbent ownership — GAP-197: one actual Engineer child does not establish every ownership kind or recursive cancellation boundary
  todo: /Users/yuanxi/Workwork/vibe-fs/requirements/relay-context-projection/tests/008.test.mjs:WHAT[relay-context-projection-008] every accepted physical authority revision is retained across restart and successor projection — reason not supplied
  skip: /Users/yuanxi/Workwork/vibe-fs/requirements/verification-system/tests/014.test.mjs:WHAT[verification-system-014] Long Stroke 真实物理验收环境 — release tier not enabled
  todo: /Users/yuanxi/Workwork/vibe-fs/requirements/relay-assessment/tests/002.test.mjs:WHAT[relay-assessment-002] cross-incumbency replay of a retired review call is rejected — requires a real retirement-chain fixture to open the next incumbency before replaying the retired call; the fold-level AssessmentReplayToolCall gate is in place
  skip: /Users/yuanxi/Workwork/vibe-fs/requirements/structured-workflow/tests/012.test.mjs:WHAT[structured-workflow-012] real Fable compiles a focused Controller change with its declared SessionHostPort contracts — integration tier not enabled
  skip: /Users/yuanxi/Workwork/vibe-fs/requirements/structured-workflow/tests/012.test.mjs:WHAT[structured-workflow-012] compile-impact CLI compiles a focused production implementation change — integration tier not enabled
  skip: /Users/yuanxi/Workwork/vibe-fs/requirements/structured-workflow/tests/012.test.mjs:WHAT[structured-workflow-012] switching focused closures in one output directory emits the newly selected module — integration tier not enabled
  skip: /Users/yuanxi/Workwork/vibe-fs/requirements/structured-workflow/tests/012.test.mjs:WHAT[structured-workflow-012] compile-impact CLI emits fresh output into a scratch output dir and never writes a success manifest — integration tier not enabled
  skip: /Users/yuanxi/Workwork/vibe-fs/requirements/structured-workflow/tests/012.test.mjs:WHAT[structured-workflow-012] compile-impact CLI re-emits reverse consumers for inline body changes — integration tier not enabled
  skip: /Users/yuanxi/Workwork/vibe-fs/requirements/structured-workflow/tests/012.test.mjs:WHAT[structured-workflow-012] deleting a source purges its stale JS from dist — integration tier not enabled
  skip: /Users/yuanxi/Workwork/vibe-fs/requirements/structured-workflow/tests/012.test.mjs:WHAT[structured-workflow-012] independent Fable checks enforce compile-shard input boundaries — integration tier not enabled
  skip: /Users/yuanxi/Workwork/vibe-fs/requirements/structured-workflow/tests/012.test.mjs:WHAT[structured-workflow-012] build failure preserves prior valid manifest and does not delete it (integration: compiler failure) — integration tier not enabled
  skip: /Users/yuanxi/Workwork/vibe-fs/requirements/structured-workflow/tests/012.test.mjs:WHAT[structured-workflow-012] flat closure compilation compiles transitive closure green and keeps unreferenced sources red — integration tier not enabled
  todo: /Users/yuanxi/Workwork/vibe-fs/requirements/relay-retirement/tests/008.test.mjs:WHAT[relay-retirement-008] a controlled in-flight Host interrupt prevents successor dispatch until exact provider-step release and physical interruption complete — reason not supplied
  skip: /Users/yuanxi/Workwork/vibe-fs/requirements/verification-system/tests/016.test.mjs:WHAT[verification-system-016] exact repository Git inputs install through a selected npm 11.12.1 bundle and real JavaScript consumers — integration tier not enabled
  skip: /Users/yuanxi/Workwork/vibe-fs/requirements/verification-system/tests/016.test.mjs:WHAT[verification-system-016] a complete selected SDK archive resolves the captured repository global.json and reclaims its owned roots — integration tier not enabled
  todo: /Users/yuanxi/Workwork/vibe-fs/requirements/verification-system/tests/016.test.mjs:WHAT[verification-system-016] the actual verification run binds its evidence to the same immutable candidate snapshot — reason not supplied
  todo: /Users/yuanxi/Workwork/vibe-fs/requirements/verification-system/tests/016.test.mjs:WHAT[verification-system-016] a mutation restored within one step still invalidates the run — D2: fixed isolated inputs selected; current runner still uses mutable inputs and step-boundary hashes miss this counterexample
{"elapsedMs":85951.26008400001,"type":"runner:summary","data":{"files":159,"filesCompleted":159,"passed":855,"failed":0,"skipped":47,"todo":79,"cancelled":0,"containerFailures":0,"containerFailureDetails":[],"exclusions":[{"file":"/Users/yuanxi/Workwork/vibe-fs/requirements/concern-routing/tests/001.test.mjs","name":"WHAT[concern-routing-001] subscription remains isolated between real workspaces and conflicts do not overwrite durable owners (GAP-155)","status":"todo","reason":"reason not supplied"},{"file":"/Users/yuanxi/Workwork/vibe-fs/requirements/attention-regulation/tests/006.test.mjs","name":"WHAT[attention-regulation-006] GAP-118 actual dependency and capability isolation exclude a hidden scheduler or cognitive workflow engine","status":"todo","reason":"reason not supplied"},{"file":"/Users/yuanxi/Workwork/vibe-fs/requirements/attention-regulation/tests/001.test.mjs","name":"WHAT[attention-regulation-001] GAP-118 review prompt meaning and actual participant behavior at materially new evidence; no word scan proves cognitive stopping","status":"todo","reason":"reason not supplied"},{"file":"/Users/yuanxi/Workwork/vibe-fs/requirements/concern-routing/tests/007.test.mjs","name":"WHAT[concern-routing-007] audit actual routing entry points and dependency ownership for the minimal mailbox responsibility; absence of workflow vocabulary does not prove absence of such behavior (GAP-155)","status":"todo","reason":"reason not supplied"},{"file":"/Users/yuanxi/Workwork/vibe-fs/requirements/crash-reconciliation/tests/020.test.mjs","name":"WHAT[crash-reconciliation-020] actual child settlement persists voids across journal reopen without a completion","status":"skip","reason":"integration tier not enabled"},{"file":"/Users/yuanxi/Workwork/vibe-fs/requirements/crash-reconciliation/tests/020.test.mjs","name":"WHAT[crash-reconciliation-020] actual child settlement propagates unknown and unattempted append failures","status":"skip","reason":"integration tier not enabled"},{"file":"/Users/yuanxi/Workwork/vibe-fs/requirements/crash-reconciliation/tests/020.test.mjs","name":"WHAT[crash-reconciliation-020] actual plugin activation durably settles orphan child and Blogger work before ordinary execution, preserves exact live flights, and refuses append failure (GAP-149)","status":"todo","reason":"reason not supplied"},{"file":"/Users/yuanxi/Workwork/vibe-fs/requirements/crash-reconciliation/tests/020.test.mjs","name":"WHAT[crash-reconciliation-020] a real interrupted run and PTY input are not replayed after restart while unique DevOps authority and durable model Persona binding are retained (GAP-149; GAP-129; GAP-132)","status":"todo","reason":"reason not supplied"},{"file":"/Users/yuanxi/Workwork/vibe-fs/requirements/degeneration-guard/tests/004.test.mjs","name":"WHAT[degeneration-guard-004] current runtime envelope matches a fresh repository derivation and the self-consistent prior","status":"skip","reason":"integration tier not enabled"},{"file":"/Users/yuanxi/Workwork/vibe-fs/requirements/degeneration-guard/tests/004.test.mjs","name":"WHAT[degeneration-guard-004] actual build binds generator selector selected bytes and runtime traversal to one staged input (GAP-145)","status":"todo","reason":"reason not supplied"},{"file":"/Users/yuanxi/Workwork/vibe-fs/requirements/delegation/tests/001.test.mjs","name":"WHAT[delegation-001] every actual delegation entry specifies charge entitled office logical owner and bounded consequence rather than deriving them from persona labels (GAP-153)","status":"todo","reason":"reason not supplied"},{"file":"/Users/yuanxi/Workwork/vibe-fs/requirements/concern-routing/tests/005.test.mjs","name":"WHAT[concern-routing-005] real message delivery preserves complete obligation and office projections, and recipients independently verify claimed facts (GAP-155)","status":"todo","reason":"reason not supplied"},{"file":"/Users/yuanxi/Workwork/vibe-fs/requirements/concern-routing/tests/003.test.mjs","name":"WHAT[concern-routing-003] real concurrent retirement between resolution and append rejects the stale generation without redirecting or losing accepted evidence (GAP-155)","status":"todo","reason":"reason not supplied"},{"file":"/Users/yuanxi/Workwork/vibe-fs/requirements/delegation/tests/004.test.mjs","name":"WHAT[delegation-004] the actual tool registry assigns distinct names to commission fork and resume and no name has conflicting contracts (GAP-153)","status":"todo","reason":"reason not supplied"},{"file":"/Users/yuanxi/Workwork/vibe-fs/requirements/delegation/tests/005.test.mjs","name":"WHAT[delegation-005] all public schemas and success/failure returns exclude physical topology, including missing display-name paths (GAP-153)","status":"todo","reason":"reason not supplied"},{"file":"/Users/yuanxi/Workwork/vibe-fs/requirements/crash-reconciliation/tests/018.test.mjs","name":"WHAT[crash-reconciliation-018] a restarted plugin normalizes durable child runs before reuse without replaying tools or hiding their interrupted history (GAP-149)","status":"todo","reason":"reason not supplied"},{"file":"/Users/yuanxi/Workwork/vibe-fs/requirements/concern-routing/tests/004.test.mjs","name":"WHAT[concern-routing-004] failed or abandoned real placement leaves both coverages pending across journal reopen and crash (GAP-155)","status":"todo","reason":"reason not supplied"},{"file":"/Users/yuanxi/Workwork/vibe-fs/requirements/delegation/tests/007.test.mjs","name":"WHAT[delegation-007] the Sphinx program invokes standard Engineer through an acyclic managed path with family-root placement and exact terminal identity, without extra DevOps authority (GAP-153)","status":"todo","reason":"reason not supplied"},{"file":"/Users/yuanxi/Workwork/vibe-fs/requirements/delegation/tests/006.test.mjs","name":"WHAT[delegation-006] actual resume preserves the complete execution and model binding through replacement and recovery (GAP-153; GAP-129)","status":"todo","reason":"reason not supplied"},{"file":"/Users/yuanxi/Workwork/vibe-fs/requirements/delegation/tests/008.test.mjs","name":"WHAT[delegation-008] the real Host tool-call collection fixes complete batch membership before invocation without using arrival timing (GAP-153)","status":"todo","reason":"reason not supplied"},{"file":"/Users/yuanxi/Workwork/vibe-fs/requirements/delegation/tests/010.test.mjs","name":"WHAT[delegation-010] actual routing uses effective system configuration and retained binding without accepting caller-selected model targets (GAP-153)","status":"todo","reason":"reason not supplied"},{"file":"/Users/yuanxi/Workwork/vibe-fs/requirements/delegation/tests/013.test.mjs","name":"WHAT[delegation-013] real agent completion join enforces current ownership and durable CAS consumption across concurrent calls and restart (GAP-153)","status":"todo","reason":"reason not supplied"},{"file":"/Users/yuanxi/Workwork/vibe-fs/requirements/delegation/tests/017.test.mjs","name":"WHAT[delegation-017] consuming a real returned WorkRecord changes no caller authority obligation or global request direction (GAP-153)","status":"todo","reason":"reason not supplied"},{"file":"/Users/yuanxi/Workwork/vibe-fs/requirements/delegation/tests/014.test.mjs","name":"WHAT[delegation-014] actual commission entry wires job completion into the proven FIFO mailbox and durable result consumption (GAP-153)","status":"todo","reason":"reason not supplied"},{"file":"/Users/yuanxi/Workwork/vibe-fs/requirements/delegation/tests/020.test.mjs","name":"WHAT[delegation-020] legal adapter naming changes preserve actual delegation authority ownership and lifecycle observations (GAP-153)","status":"todo","reason":"reason not supplied"},{"file":"/Users/yuanxi/Workwork/vibe-fs/requirements/delegation/tests/019.test.mjs","name":"WHAT[delegation-019] actual fork first-prompt producers obtain the current durable parent record and preserve the typed instruction and data boundary end to end (GAP-153)","status":"todo","reason":"reason not supplied"},{"file":"/Users/yuanxi/Workwork/vibe-fs/requirements/delegation/tests/021.test.mjs","name":"WHAT[delegation-021] actual fork attaches only the designated peer history without cloning authority or transferring unfinished obligations (GAP-153)","status":"todo","reason":"reason not supplied"},{"file":"/Users/yuanxi/Workwork/vibe-fs/requirements/delegation/tests/022.test.mjs","name":"WHAT[delegation-022] real tool execution remains allowed after estimate exhaustion and replacement resets the same durable estimate through reopen (GAP-153)","status":"todo","reason":"reason not supplied"},{"file":"/Users/yuanxi/Workwork/vibe-fs/requirements/concern-routing/tests/006.test.mjs","name":"WHAT[concern-routing-006] completing the actual owner life retires its mailbox before later publish","status":"todo","reason":"GAP-157: the production Suicide post-commit retirement append failure has no proved recovery"},{"file":"/Users/yuanxi/Workwork/vibe-fs/requirements/delegation/tests/015.test.mjs","name":"WHAT[delegation-015] real Host input and cancellation reach join without cancelling the agent or revoking its authority (GAP-153)","status":"todo","reason":"reason not supplied"},{"file":"/Users/yuanxi/Workwork/vibe-fs/requirements/delegation/tests/030.test.mjs","name":"WHAT[delegation-030] actual injected delegation invariant incidents preserve settlement before exactly one report and kill with no physical fallback (GAP-153)","status":"todo","reason":"reason not supplied"},{"file":"/Users/yuanxi/Workwork/vibe-fs/requirements/delegation/tests/029.test.mjs","name":"WHAT[delegation-029] independently compiled workflow boundaries and real injected effects establish confinement beyond current source spellings (GAP-153)","status":"todo","reason":"reason not supplied"},{"file":"/Users/yuanxi/Workwork/vibe-fs/requirements/delegation/tests/028.test.mjs","name":"WHAT[delegation-028] each bounded locality actually compiles independently with only its declared transitive inputs (GAP-153)","status":"todo","reason":"reason not supplied"},{"file":"/Users/yuanxi/Workwork/vibe-fs/requirements/delegation/tests/023.test.mjs","name":"WHAT[delegation-023] actual shared recovery engine exhausts all applicable paths before the parent receives final failure (GAP-153)","status":"todo","reason":"reason not supplied"},{"file":"/Users/yuanxi/Workwork/vibe-fs/requirements/delegation/tests/025.test.mjs","name":"WHAT[delegation-025] actual fork execution rejects late run-scoped success failure and abort while preserving legitimate session-wide failures (GAP-153)","status":"todo","reason":"reason not supplied"},{"file":"/Users/yuanxi/Workwork/vibe-fs/requirements/dispatch-protocol/tests/008.test.mjs","name":"WHAT[dispatch-protocol-008] repeated post-flight exact occasions send again only after durable Abandoned, never after Pending, Submitted or PhysicalAccepted (GAP-136)","status":"todo","reason":"reason not supplied"},{"file":"/Users/yuanxi/Workwork/vibe-fs/requirements/delegation/tests/031.test.mjs","name":"WHAT[delegation-031] actual sync and fork completion still deliver after NotCommitted or Unknown checkpoint, absorb duplicate terminals, re-read durable evidence without reexecution, and fuse only PhaseConflict (GAP-153)","status":"todo","reason":"reason not supplied"},{"file":"/Users/yuanxi/Workwork/vibe-fs/requirements/delegation/tests/026.test.mjs","name":"WHAT[delegation-026] actual admission and checkpoint fault cuts preserve exact durable claim and effect truth without replay or durable program counters (GAP-153)","status":"todo","reason":"reason not supplied"},{"file":"/Users/yuanxi/Workwork/vibe-fs/requirements/dispatch-protocol/tests/012.test.mjs","name":"WHAT[dispatch-protocol-012] real PhysicalAccepted handoff retains the whole atomic profile and only managed execution acquires exact capacity and creates execution facts (GAP-136)","status":"todo","reason":"reason not supplied"},{"file":"/Users/yuanxi/Workwork/vibe-fs/requirements/durable-events/tests/003.test.mjs","name":"WHAT[durable-events-003] canonical_event_bytes_are_stable_under_object_and_set_order","status":"skip","reason":"integration tier not enabled"},{"file":"/Users/yuanxi/Workwork/vibe-fs/requirements/durable-events/tests/003.test.mjs","name":"WHAT[durable-events-003] same_event_id_different_canonical_bytes_is_identity_collision","status":"skip","reason":"integration tier not enabled"},{"file":"/Users/yuanxi/Workwork/vibe-fs/requirements/durable-events/tests/003.test.mjs","name":"WHAT[durable-events-003] canonical_event_bytes_decode_to_the_same_plain_event","status":"skip","reason":"integration tier not enabled"},{"file":"/Users/yuanxi/Workwork/vibe-fs/requirements/durable-events/tests/003.test.mjs","name":"WHAT[durable-events-003] decode_rejects_noncanonical_key_and_set_order_without_reencoding_the_event","status":"skip","reason":"integration tier not enabled"},{"file":"/Users/yuanxi/Workwork/vibe-fs/requirements/durable-events/tests/003.test.mjs","name":"WHAT[durable-events-003] merge_by_identity_dedupes_equal_bytes_and_rejects_collisions","status":"skip","reason":"integration tier not enabled"},{"file":"/Users/yuanxi/Workwork/vibe-fs/requirements/dispatch-protocol/tests/010.test.mjs","name":"WHAT[dispatch-protocol-010] compiler rejects adding physical model authority to the opaque root","status":"skip","reason":"integration tier not enabled"},{"file":"/Users/yuanxi/Workwork/vibe-fs/requirements/durable-events/tests/020.test.mjs","name":"WHAT[durable-events-020] actual plugin load checks readability without replay repair or writes; first durable consumer activates once","status":"todo","reason":"reason not supplied"},{"file":"/Users/yuanxi/Workwork/vibe-fs/requirements/durable-events/tests/024.test.mjs","name":"WHAT[durable-events-024] actual semantic-cut caller requires injected fatal capability and refuses fatal before committed or unknown settlement","status":"todo","reason":"reason not supplied"},{"file":"/Users/yuanxi/Workwork/vibe-fs/requirements/durable-events/tests/024.test.mjs","name":"WHAT[durable-events-024] actual physical child persists bad fact and cut then reports and exits once; duplicate incident cannot execute again","status":"todo","reason":"reason not supplied"},{"file":"/Users/yuanxi/Workwork/vibe-fs/requirements/durable-events/tests/022.test.mjs","name":"WHAT[durable-events-022] each actual bounded locality compiles as one flat project and a reversed dependency is rejected","status":"skip","reason":"integration tier not enabled"},{"file":"/Users/yuanxi/Workwork/vibe-fs/requirements/durable-events/tests/022.test.mjs","name":"WHAT[durable-events-022] real Fable compiles the journal observation owner using its declared closure","status":"skip","reason":"integration tier not enabled"},{"file":"/Users/yuanxi/Workwork/vibe-fs/requirements/durable-events/tests/021.test.mjs","name":"WHAT[durable-events-021] the actual producing process exits after semantic cut and a distinct next process resumes from the reset Current","status":"todo","reason":"reason not supplied"},{"file":"/Users/yuanxi/Workwork/vibe-fs/requirements/effect-accounting/tests/001.test.mjs","name":"WHAT[effect-accounting-001] real negative compilation rejects confusing effect intent with physical confirmation","status":"skip","reason":"integration tier not enabled"},{"file":"/Users/yuanxi/Workwork/vibe-fs/requirements/durable-events/tests/025.test.mjs","name":"WHAT[durable-events-025] actual Prepared semantic cut prevents transaction file effects; Committed unknown is recovered without assuming not-written","status":"todo","reason":"reason not supplied"},{"file":"/Users/yuanxi/Workwork/vibe-fs/requirements/durable-events/tests/025.test.mjs","name":"WHAT[durable-events-025] durable typed rejection reaches its unique composition fatal owner through a required capability","status":"todo","reason":"reason not supplied"},{"file":"/Users/yuanxi/Workwork/vibe-fs/requirements/distribution/tests/005.test.mjs","name":"WHAT[distribution-005] GAP-210: clean and incremental production outputs have identical bytes for identical inputs","status":"todo","reason":"reason not supplied"},{"file":"/Users/yuanxi/Workwork/vibe-fs/requirements/durable-events/tests/023.test.mjs","name":"WHAT[durable-events-023] isolated compilation rejects physical-store authority in the codec closure","status":"skip","reason":"integration tier not enabled"},{"file":"/Users/yuanxi/Workwork/vibe-fs/requirements/durable-events/tests/023.test.mjs","name":"WHAT[durable-events-023] isolated compilation rejects aggregate authority in domain folds","status":"skip","reason":"integration tier not enabled"},{"file":"/Users/yuanxi/Workwork/vibe-fs/requirements/guidance-delivery/tests/002.test.mjs","name":"WHAT[guidance-delivery-002] GAP-116 actual rejected or unknown delivery append cannot report successful Full or advance Frontier","status":"todo","reason":"reason not supplied"},{"file":"/Users/yuanxi/Workwork/vibe-fs/requirements/durable-events/tests/009.test.mjs","name":"WHAT[durable-events-009] local_EventStore_never_reads_or_rewrites_any_legacy_layout","status":"skip","reason":"integration tier not enabled"},{"file":"/Users/yuanxi/Workwork/vibe-fs/requirements/durable-events/tests/009.test.mjs","name":"WHAT[durable-events-009] shock_cut_source_has_no_legacy_shape_detection_migration_or_reset","status":"skip","reason":"integration tier not enabled"},{"file":"/Users/yuanxi/Workwork/vibe-fs/requirements/guidance-delivery/tests/012.test.mjs","name":"WHAT[guidance-delivery-012] GAP-116 actual new occurrence reads each dynamic owner once and freezes concern consumption atomically; replay reads none","status":"todo","reason":"reason not supplied"},{"file":"/Users/yuanxi/Workwork/vibe-fs/requirements/effect-accounting/tests/008.test.mjs","name":"WHAT[effect-accounting-008] todowrite commits its compression checkpoint only after native execution succeeds","status":"skip","reason":"integration tier not enabled"},{"file":"/Users/yuanxi/Workwork/vibe-fs/requirements/effect-accounting/tests/008.test.mjs","name":"WHAT[effect-accounting-008] todowrite executor failure restores args but does not commit a compression checkpoint","status":"skip","reason":"integration tier not enabled"},{"file":"/Users/yuanxi/Workwork/vibe-fs/requirements/guidance-delivery/tests/009.test.mjs","name":"WHAT[guidance-delivery-009] GAP-116 actual durable delivery leaves authority roots and execution permissions unchanged","status":"todo","reason":"reason not supplied"},{"file":"/Users/yuanxi/Workwork/vibe-fs/requirements/guidance-delivery/tests/005.test.mjs","name":"WHAT[guidance-delivery-005] GAP-115 actual restoration preserves occurrence frontier without adding a first-delivery fact","status":"todo","reason":"reason not supplied"},{"file":"/Users/yuanxi/Workwork/vibe-fs/requirements/guidance-delivery/tests/008.test.mjs","name":"WHAT[guidance-delivery-008] Blogger composer takes detection source regardless of section vocabulary","status":"skip","reason":"integration tier not enabled"},{"file":"/Users/yuanxi/Workwork/vibe-fs/requirements/guidance-delivery/tests/008.test.mjs","name":"WHAT[guidance-delivery-008] complete Main Host projection never promotes Blogger history into interaction authority (GAP-116: full Host projection path pending — the resolver isolation test above covers the guidance text only)","status":"todo","reason":"reason not supplied"},{"file":"/Users/yuanxi/Workwork/vibe-fs/requirements/interaction-authority/tests/017.test.mjs","name":"WHAT[interaction-authority-017] dispatcher rejects a continuation whose target run is durably closed while its archived profile is still readable","status":"todo","reason":"reason not supplied"},{"file":"/Users/yuanxi/Workwork/vibe-fs/requirements/managed-session-lifecycle/tests/013.test.mjs","name":"WHAT[managed-session-lifecycle-013] actual restart re-enlists durable visible handles and a failed recovery commit blocks readiness (GAP-133)","status":"todo","reason":"reason not supplied"},{"file":"/Users/yuanxi/Workwork/vibe-fs/requirements/obligation-ledger/tests/001.test.mjs","name":"WHAT[obligation-ledger-001] plugin leaves native todo rows untouched","status":"skip","reason":"integration tier not enabled"},{"file":"/Users/yuanxi/Workwork/vibe-fs/requirements/obligation-ledger/tests/001.test.mjs","name":"WHAT[obligation-ledger-001] provider definition stays host-shaped with no retired planning fields","status":"skip","reason":"integration tier not enabled"},{"file":"/Users/yuanxi/Workwork/vibe-fs/requirements/obligation-ledger/tests/003.test.mjs","name":"WHAT[obligation-ledger-003] plugin keeps no second desired/applied todo projection beside the Host-native TodoTable","status":"todo","reason":"reason not supplied"},{"file":"/Users/yuanxi/Workwork/vibe-fs/requirements/obligation-ledger/tests/002.test.mjs","name":"WHAT[obligation-ledger-002] empty and duplicate native todo lists pass through unchanged","status":"skip","reason":"integration tier not enabled"},{"file":"/Users/yuanxi/Workwork/vibe-fs/requirements/obligation-ledger/tests/002.test.mjs","name":"WHAT[obligation-ledger-002] installed OpenCode native executor replaces only the current session TodoTable; an empty todowrite is a Host no-op","status":"skip","reason":"integration tier not enabled"},{"file":"/Users/yuanxi/Workwork/vibe-fs/requirements/obligation-ledger/tests/006.test.mjs","name":"WHAT[obligation-ledger-006] empty or completed todos never grant mutation capability quality acceptance or retirement","status":"todo","reason":"reason not supplied"},{"file":"/Users/yuanxi/Workwork/vibe-fs/requirements/obligation-ledger/tests/007.test.mjs","name":"WHAT[obligation-ledger-007] controlled legacy audit reading retains old accepted facts without activating gates prefix switching or Host writes","status":"todo","reason":"reason not supplied"},{"file":"/Users/yuanxi/Workwork/vibe-fs/requirements/obligation-ledger/tests/004.test.mjs","name":"WHAT[obligation-ledger-004] the completed-terminal checkpoint leaves every non-checkpoint projection slice untouched","status":"skip","reason":"integration tier not enabled"},{"file":"/Users/yuanxi/Workwork/vibe-fs/requirements/obligation-ledger/tests/005.test.mjs","name":"WHAT[obligation-ledger-005] no checkpoint before the exact completed terminal evidence","status":"skip","reason":"integration tier not enabled"},{"file":"/Users/yuanxi/Workwork/vibe-fs/requirements/obligation-ledger/tests/005.test.mjs","name":"WHAT[obligation-ledger-005] the exact completed terminal commits exactly one durable checkpoint","status":"skip","reason":"integration tier not enabled"},{"file":"/Users/yuanxi/Workwork/vibe-fs/requirements/obligation-ledger/tests/005.test.mjs","name":"WHAT[obligation-ledger-005] an error terminal closes the candidate without a checkpoint and without blocking another call","status":"skip","reason":"integration tier not enabled"},{"file":"/Users/yuanxi/Workwork/vibe-fs/requirements/obligation-ledger/tests/005.test.mjs","name":"WHAT[obligation-ledger-005] distinct sessions and calls never confuse checkpoint identities","status":"skip","reason":"integration tier not enabled"},{"file":"/Users/yuanxi/Workwork/vibe-fs/requirements/obligation-ledger/tests/005.test.mjs","name":"WHAT[obligation-ledger-005] concurrent duplicate terminals share one append outcome instead of an early success","status":"skip","reason":"integration tier not enabled"},{"file":"/Users/yuanxi/Workwork/vibe-fs/requirements/obligation-ledger/tests/005.test.mjs","name":"WHAT[obligation-ledger-005] concurrent duplicates of a successful terminal share the one append and commit exactly one fact","status":"skip","reason":"integration tier not enabled"},{"file":"/Users/yuanxi/Workwork/vibe-fs/requirements/obligation-ledger/tests/005.test.mjs","name":"WHAT[obligation-ledger-005] a WriteUnknown append outcome is never retried for the same call","status":"skip","reason":"integration tier not enabled"},{"file":"/Users/yuanxi/Workwork/vibe-fs/requirements/obligation-ledger/tests/005.test.mjs","name":"WHAT[obligation-ledger-005] a WriterUnavailable outcome releases the call so a retry reaches a fresh writer admission","status":"skip","reason":"integration tier not enabled"},{"file":"/Users/yuanxi/Workwork/vibe-fs/requirements/relay-assessment/tests/003.test.mjs","name":"WHAT[relay-assessment-003] actual assessment evidence digest includes only public text before the exact call","status":"todo","reason":"GAP-193: relay Surface supplies constant binding digests; actual narrative extraction and every identity axis require independent observations"},{"file":"/Users/yuanxi/Workwork/vibe-fs/requirements/relay-assessment/tests/005.test.mjs","name":"WHAT[relay-assessment-005] actual certificate binds every evidence field and immediately blocks workspace mutation","status":"todo","reason":"GAP-193: four exposed certificate fields do not prove full binding or actual mutation denial"},{"file":"/Users/yuanxi/Workwork/vibe-fs/requirements/relay-assessment/tests/009.test.mjs","name":"WHAT[relay-assessment-009] Manager independently investigates through its review-only tools or a read-only Engineer and treats implementer reports only as leads","status":"todo","reason":"reason not supplied"},{"file":"/Users/yuanxi/Workwork/vibe-fs/requirements/relay-assessment/tests/010.test.mjs","name":"WHAT[relay-assessment-010] actual DevOps workspace mutation invalidates previous verification and assessment evidence","status":"todo","reason":"GAP-193: manual invalidation does not start DevOps or observe a real workspace change"},{"file":"/Users/yuanxi/Workwork/vibe-fs/requirements/provider-attempt-recovery/tests/021.test.mjs","name":"WHAT[provider-attempt-recovery-021] actual ordinary and sync-delegate recovery combine exact durable LWR evidence and target settlement after licensing and before send (GAP-139)","status":"todo","reason":"reason not supplied"},{"file":"/Users/yuanxi/Workwork/vibe-fs/requirements/relay-context-projection/tests/003.test.mjs","name":"WHAT[relay-context-projection-003] complete provider serialization carries no private control identifiers secrets or synthetic workspace narrative","status":"todo","reason":"reason not supplied"},{"file":"/Users/yuanxi/Workwork/vibe-fs/requirements/relay-context-projection/tests/004.test.mjs","name":"WHAT[relay-context-projection-004] first and successor Managers independently investigate the actual inherited work and never fabricate predecessor evidence","status":"todo","reason":"reason not supplied"},{"file":"/Users/yuanxi/Workwork/vibe-fs/requirements/host-boundary/tests/033.test.mjs","name":"WHAT[host-boundary-033] installed Host drains a superseded Guard and answers the exact fresh human input","status":"skip","reason":"integration tier not enabled"},{"file":"/Users/yuanxi/Workwork/vibe-fs/requirements/host-boundary/tests/033.test.mjs","name":"WHAT[host-boundary-033] installed Host drains a held Guard before waiting for its only capacity slot","status":"skip","reason":"integration tier not enabled"},{"file":"/Users/yuanxi/Workwork/vibe-fs/requirements/managed-session-lifecycle/tests/018.test.mjs","name":"WHAT[managed-session-lifecycle-018] plugin shutdown waits for already admitted provider transforms and terminal callbacks without logical cancellation (GAP-133)","status":"todo","reason":"reason not supplied"},{"file":"/Users/yuanxi/Workwork/vibe-fs/requirements/relay-context-projection/tests/007.test.mjs","name":"WHAT[relay-context-projection-007] crash recovery and Accepted-certificate invalidation keep the committed retired request identity without filtering physical history","status":"todo","reason":"reason not supplied"},{"file":"/Users/yuanxi/Workwork/vibe-fs/requirements/relay-context-projection/tests/009.test.mjs","name":"WHAT[relay-context-projection-009] fixed DevOps execution facts and predecessor interactions reach the successor through their real owners without synthesized conclusions","status":"todo","reason":"reason not supplied"},{"file":"/Users/yuanxi/Workwork/vibe-fs/requirements/relay-retirement/tests/001.test.mjs","name":"WHAT[relay-retirement-001] ordinary assistant stop does not retire Manager and exceptional terminals are not forged suicide","status":"todo","reason":"GAP-197: requires actual Manager terminal workflow; removed test merely returned Retire for an empty array"},{"file":"/Users/yuanxi/Workwork/vibe-fs/requirements/relay-context-projection/tests/001.test.mjs","name":"WHAT[relay-context-projection-001] Host physical transcript and durable audit survive actual process restart without loss","status":"todo","reason":"reason not supplied"},{"file":"/Users/yuanxi/Workwork/vibe-fs/requirements/relay-retirement/tests/007.test.mjs","name":"WHAT[relay-retirement-007] real durable retirement is atomic across crash points and cleanup retry","status":"todo","reason":"GAP-197: pure fold transition does not persist a transaction or clear actual resource blockers"},{"file":"/Users/yuanxi/Workwork/vibe-fs/requirements/relay-retirement/tests/007.test.mjs","name":"WHAT[relay-retirement-007] retirement ends incumbent obligations without rewriting independent context-compression history","status":"todo","reason":"reason not supplied"},{"file":"/Users/yuanxi/Workwork/vibe-fs/requirements/relay-assessment/tests/008.test.mjs","name":"WHAT[relay-assessment-008] every pre-assessment role ledger and tool surface conceals later assignments and loop mechanics","status":"todo","reason":"GAP-193: actual accepted result selection is tested; all earlier surfaces require projection and semantic audit"},{"file":"/Users/yuanxi/Workwork/vibe-fs/requirements/relay-retirement/tests/009.test.mjs","name":"WHAT[relay-retirement-009] actual Continue transfers fixed DevOps work and processes while Accepted or exceptional termination physically closes them","status":"todo","reason":"reason not supplied"},{"file":"/Users/yuanxi/Workwork/vibe-fs/requirements/repository-programming/tests/006.test.mjs","name":"WHAT[repository-programming-006] pending async work and post-await computation terminate within the execution budget","status":"todo","reason":"reason not supplied"},{"file":"/Users/yuanxi/Workwork/vibe-fs/requirements/repository-programming/tests/006.test.mjs","name":"WHAT[repository-programming-006] memory exhaustion is contained without exhausting the Host process","status":"todo","reason":"reason not supplied"},{"file":"/Users/yuanxi/Workwork/vibe-fs/requirements/structured-workflow/tests/012.test.mjs","name":"WHAT[structured-workflow-012] Mac nested mounted output resets under immutable input and cleanup preserves the original callback failure","status":"skip","reason":"integration tier not enabled"},{"file":"/Users/yuanxi/Workwork/vibe-fs/requirements/relay-retirement/tests/004.test.mjs","name":"WHAT[relay-retirement-004] exact-incumbency freeze precedes recursive observation and never leaks into next incarnation of the same session","status":"todo","reason":"GAP-197: a sequential child blocker does not prove an admission race or same-session successor fence"},{"file":"/Users/yuanxi/Workwork/vibe-fs/requirements/relay-retirement/tests/002.test.mjs","name":"WHAT[relay-retirement-002] unmerged changes failed tests and open obligations do not independently block actual retirement","status":"todo","reason":"GAP-197: actual assessed dirty-workspace path is covered; remaining conditions require actual owned fixtures"},{"file":"/Users/yuanxi/Workwork/vibe-fs/requirements/relay-retirement/tests/003.test.mjs","name":"WHAT[relay-retirement-003] recursive descendants PTYs leases active tools and unobserved cancellation all block by current incumbent ownership","status":"todo","reason":"GAP-197: one actual Engineer child does not establish every ownership kind or recursive cancellation boundary"},{"file":"/Users/yuanxi/Workwork/vibe-fs/requirements/relay-context-projection/tests/008.test.mjs","name":"WHAT[relay-context-projection-008] every accepted physical authority revision is retained across restart and successor projection","status":"todo","reason":"reason not supplied"},{"file":"/Users/yuanxi/Workwork/vibe-fs/requirements/verification-system/tests/014.test.mjs","name":"WHAT[verification-system-014] Long Stroke 真实物理验收环境","status":"skip","reason":"release tier not enabled"},{"file":"/Users/yuanxi/Workwork/vibe-fs/requirements/relay-assessment/tests/002.test.mjs","name":"WHAT[relay-assessment-002] cross-incumbency replay of a retired review call is rejected","status":"todo","reason":"requires a real retirement-chain fixture to open the next incumbency before replaying the retired call; the fold-level AssessmentReplayToolCall gate is in place"},{"file":"/Users/yuanxi/Workwork/vibe-fs/requirements/structured-workflow/tests/012.test.mjs","name":"WHAT[structured-workflow-012] real Fable compiles a focused Controller change with its declared SessionHostPort contracts","status":"skip","reason":"integration tier not enabled"},{"file":"/Users/yuanxi/Workwork/vibe-fs/requirements/structured-workflow/tests/012.test.mjs","name":"WHAT[structured-workflow-012] compile-impact CLI compiles a focused production implementation change","status":"skip","reason":"integration tier not enabled"},{"file":"/Users/yuanxi/Workwork/vibe-fs/requirements/structured-workflow/tests/012.test.mjs","name":"WHAT[structured-workflow-012] switching focused closures in one output directory emits the newly selected module","status":"skip","reason":"integration tier not enabled"},{"file":"/Users/yuanxi/Workwork/vibe-fs/requirements/structured-workflow/tests/012.test.mjs","name":"WHAT[structured-workflow-012] compile-impact CLI emits fresh output into a scratch output dir and never writes a success manifest","status":"skip","reason":"integration tier not enabled"},{"file":"/Users/yuanxi/Workwork/vibe-fs/requirements/structured-workflow/tests/012.test.mjs","name":"WHAT[structured-workflow-012] compile-impact CLI re-emits reverse consumers for inline body changes","status":"skip","reason":"integration tier not enabled"},{"file":"/Users/yuanxi/Workwork/vibe-fs/requirements/structured-workflow/tests/012.test.mjs","name":"WHAT[structured-workflow-012] deleting a source purges its stale JS from dist","status":"skip","reason":"integration tier not enabled"},{"file":"/Users/yuanxi/Workwork/vibe-fs/requirements/structured-workflow/tests/012.test.mjs","name":"WHAT[structured-workflow-012] independent Fable checks enforce compile-shard input boundaries","status":"skip","reason":"integration tier not enabled"},{"file":"/Users/yuanxi/Workwork/vibe-fs/requirements/structured-workflow/tests/012.test.mjs","name":"WHAT[structured-workflow-012] build failure preserves prior valid manifest and does not delete it (integration: compiler failure)","status":"skip","reason":"integration tier not enabled"},{"file":"/Users/yuanxi/Workwork/vibe-fs/requirements/structured-workflow/tests/012.test.mjs","name":"WHAT[structured-workflow-012] flat closure compilation compiles transitive closure green and keeps unreferenced sources red","status":"skip","reason":"integration tier not enabled"},{"file":"/Users/yuanxi/Workwork/vibe-fs/requirements/relay-retirement/tests/008.test.mjs","name":"WHAT[relay-retirement-008] a controlled in-flight Host interrupt prevents successor dispatch until exact provider-step release and physical interruption complete","status":"todo","reason":"reason not supplied"},{"file":"/Users/yuanxi/Workwork/vibe-fs/requirements/verification-system/tests/016.test.mjs","name":"WHAT[verification-system-016] exact repository Git inputs install through a selected npm 11.12.1 bundle and real JavaScript consumers","status":"skip","reason":"integration tier not enabled"},{"file":"/Users/yuanxi/Workwork/vibe-fs/requirements/verification-system/tests/016.test.mjs","name":"WHAT[verification-system-016] a complete selected SDK archive resolves the captured repository global.json and reclaims its owned roots","status":"skip","reason":"integration tier not enabled"},{"file":"/Users/yuanxi/Workwork/vibe-fs/requirements/verification-system/tests/016.test.mjs","name":"WHAT[verification-system-016] the actual verification run binds its evidence to the same immutable candidate snapshot","status":"todo","reason":"reason not supplied"},{"file":"/Users/yuanxi/Workwork/vibe-fs/requirements/verification-system/tests/016.test.mjs","name":"WHAT[verification-system-016] a mutation restored within one step still invalidates the run","status":"todo","reason":"D2: fixed isolated inputs selected; current runner still uses mutable inputs and step-boundary hashes miss this counterexample"}],"leafDurations":[{"name":"WHAT[concern-routing-001] subscribe is idempotent per live owner and keeps id-to-concern immutable","ms":7.485375},{"name":"WHAT[concern-routing-001] generation identity cannot be reused for another owner, address or meaning","ms":8.55175},{"name":"WHAT[concern-routing-001] subscription remains isolated between real workspaces and conflicts do not overwrite durable owners (GAP-155)","ms":1.40075},{"name":"WHAT[attention-regulation-006] deferred projection stores natural-language work and consumes only named occurrences","ms":12.391333},{"name":"WHAT[concern-routing-001] subscribe rejects blank address fields without creating a mailbox","ms":3.508208},{"name":"WHAT[attention-regulation-006] GAP-118 actual dependency and capability isolation exclude a hidden scheduler or cognitive workflow engine","ms":3.292209},{"name":"WHAT[attention-regulation-001] enough accepts nonblank decisions without reading or appending attention state","ms":52.807333},{"name":"WHAT[attention-regulation-001] GAP-118 review prompt meaning and actual participant behavior at materially new evidence; no word scan proves cognitive stopping","ms":1.575},{"name":"WHAT[attention-regulation-003] actual defer tool persists trimmed work through its port before returning acceptance","ms":49.766583},{"name":"WHAT[attention-regulation-003] absent rejected and throwing durability cannot report successful defer","ms":9.279792},{"name":"WHAT[attention-regulation-003] blank work and missing occurrence identity do not touch durable state","ms":4.62525},{"name":"WHAT[concern-routing-007] audit actual routing entry points and dependency ownership for the minimal mailbox responsibility; absence of workflow vocabulary does not prove absence of such behavior (GAP-155)","ms":3.441666},{"name":"WHAT[crash-reconciliation-020] current role vocabulary includes DevOps and Engineer but excludes legacy Coder","ms":4.581583},{"name":"WHAT[crash-reconciliation-020] in-process physical terminals preserve an active child logical run and handle","ms":46.11275},{"name":"WHAT[crash-reconciliation-020] production load decision voids active child runs without creating a completion","ms":6.39575},{"name":"WHAT[crash-reconciliation-020] human roots and child runs without a durable handle are not selected for load settlement","ms":4.94475},{"name":"WHAT[crash-reconciliation-020] stale Blogger selection respects exact live flight and abandonment clears the same folded open request","ms":4.948375},{"name":"WHAT[crash-reconciliation-020] actual child settlement persists voids across journal reopen without a completion","ms":0.334834},{"name":"WHAT[crash-reconciliation-020] actual child settlement propagates unknown and unattempted append failures","ms":0.074125},{"name":"WHAT[crash-reconciliation-020] actual plugin activation durably settles orphan child and Blogger work before ordinary execution, preserves exact live flights, and refuses append failure (GAP-149)","ms":10.353},{"name":"WHAT[crash-reconciliation-020] a real interrupted run and PTY input are not replayed after restart while unique DevOps authority and durable model Persona binding are retained (GAP-149; GAP-129; GAP-132)","ms":14.871125},{"name":"WHAT[degeneration-guard-004] selector admits tracked source documents and excludes generated vendor fixture structured deleted and untracked paths","ms":483.09075},{"name":"WHAT[degeneration-guard-004] selected bytes are tracked before UTF-8 and generated-marker filtering","ms":2.935625},{"name":"WHAT[degeneration-guard-004] tracked input byte changes affect derived input digests without a numeric snapshot","ms":6.809125},{"name":"WHAT[degeneration-guard-004] parallel tokenization equals whole-stream tokenization across safe and unsafe newline candidates","ms":344.248958},{"name":"WHAT[degeneration-guard-004] worker failure rejects only after all spawned workers have terminated","ms":117.472666},{"name":"WHAT[degeneration-guard-004] current runtime envelope matches a fresh repository derivation and the self-consistent prior","ms":0.243291},{"name":"WHAT[degeneration-guard-004] actual build binds generator selector selected bytes and runtime traversal to one staged input (GAP-145)","ms":0.847958},{"name":"WHAT[delegation-001] every actual delegation entry specifies charge entitled office logical owner and bounded consequence rather than deriving them from persona labels (GAP-153)","ms":2.461625},{"name":"WHAT[delegation-002] DELEG_002_calling_name_preserves_office_authority","ms":6.082},{"name":"WHAT[attention-regulation-002] abandon accepts free text without approval fields or attention state writes","ms":43.392959},{"name":"WHAT[concern-routing-002] projection announcement coverage is per recipient, including the owner","ms":8.283833},{"name":"WHAT[concern-routing-006] retirement prevents old messages crossing into a same-concern replacement generation","ms":306.29775},{"name":"WHAT[concern-routing-003] publish fails closed for unknown and stale generations instead of retargeting","ms":299.157917},{"name":"WHAT[concern-routing-004] pure prepare is non-consuming and successful placement updates coverage","ms":270.633042},{"name":"WHAT[attention-regulation-004] actual port path deduplicates occurrence and does not resurrect consumed work","ms":36.922416},{"name":"WHAT[concern-routing-005] actual subscribe and publish retain both participants’ authority and cause no Host prompt or abort","ms":2483.654875},{"name":"WHAT[concern-routing-005] real message delivery preserves complete obligation and office projections, and recipients independently verify claimed facts (GAP-155)","ms":0.542458},{"name":"WHAT[concern-routing-003] actual publish accepts exact replay but rejects changed material under the same occurrence","ms":2549.00225},{"name":"WHAT[concern-routing-003] message projection distinguishes replay, conflicting material and distinct occurrences with identical text","ms":1.9145},{"name":"WHAT[concern-routing-003] real concurrent retirement between resolution and append rejects the stale generation without redirecting or losing accepted evidence (GAP-155)","ms":0.836375},{"name":"WHAT[delegation-004] the actual tool registry assigns distinct names to commission fork and resume and no name has conflicting contracts (GAP-153)","ms":3.417917},{"name":"WHAT[attention-regulation-005] actual celebrate appends deferred items at the tail once while regret and replay do not consume new work","ms":2725.559708},{"name":"WHAT[attention-regulation-002] actual abandon leaves authority work product and Host session intact","ms":2237.141292},{"name":"WHAT[attention-regulation-002] seed a real formal obligation and prove abandon leaves its complete ledger unchanged","ms":531.02375},{"name":"WHAT[delegation-003] FORK_TOOL_requires_calling_and_resume_rejects_calling","ms":157.6005},{"name":"WHAT[delegation-005] completed wire presents Byname and record without exposing supplied physical identities","ms":5.186667},{"name":"WHAT[delegation-005] all public schemas and success/failure returns exclude physical topology, including missing display-name paths (GAP-153)","ms":0.702333},{"name":"WHAT[crash-reconciliation-018] canonical load settlement voids the exact admitted child work and preserves its stable road for explicit new work","ms":681.110417},{"name":"WHAT[crash-reconciliation-018] CRASH_018_no_explicit_resume_command_is_registered","ms":1864.986916},{"name":"WHAT[crash-reconciliation-018] structural audit finds no retired explicit-resume source files","ms":6.442375},{"name":"WHAT[crash-reconciliation-018] a restarted plugin normalizes durable child runs before reuse without replaying tools or hiding their interrupted history (GAP-149)","ms":0.761459},{"name":"WHAT[concern-routing-004] actual plugin freezes an old Pair Hint and delivers new messages only in a later occurrence","ms":3186.355333},{"name":"WHAT[concern-routing-004] invalid delivery rejects the entire placement including otherwise-valid announcement coverage","ms":8.957875},{"name":"WHAT[concern-routing-004] failed or abandoned real placement leaves both coverages pending across journal reopen and crash (GAP-155)","ms":0.668833},{"name":"WHAT[delegation-003] FORK_TOOL_manager_resume_dispatches_to_bound_fixed_devops_directly","ms":331.935666},{"name":"WHAT[concern-routing-006] opening an owner incumbency preserves its already subscribed mailbox","ms":2616.642166},{"name":"WHAT[delegation-007] new sync invocations reject historical Coder and Inspector without creating or prompting a child","ms":336.044083},{"name":"WHAT[delegation-007] the Sphinx program invokes standard Engineer through an acyclic managed path with family-root placement and exact terminal identity, without extra DevOps authority (GAP-153)","ms":0.57375},{"name":"WHAT[delegation-006] actual accepted fork returns placement and resume reuses the same child without waiting for completion","ms":559.300958},{"name":"WHAT[delegation-006] actual resume preserves the complete execution and model binding through replacement and recovery (GAP-153; GAP-129)","ms":0.609709},{"name":"WHAT[delegation-003] explicit runtime reopen preserves the companion DevOps route for a new charge","ms":438.399792},{"name":"WHAT[delegation-008] actual batch sends once in supplied Host order despite reverse invocation arrival","ms":460.172125},{"name":"WHAT[delegation-008] the real Host tool-call collection fixes complete batch membership before invocation without using arrival timing (GAP-153)","ms":0.697084},{"name":"WHAT[delegation-013] renderer preserves entry order and distinguishes completed, failed and abandoned testimony","ms":9.883458},{"name":"WHAT[delegation-009] one active call blocks its own scope while another scope independently dispatches and completes","ms":519.484167},{"name":"WHAT[delegation-013] renderer rejects malformed completion carriers without a success wire","ms":0.665209},{"name":"WHAT[delegation-003] companion devops is preserved and not abandoned when parent session cancels child work","ms":324.772708},{"name":"WHAT[delegation-013] display window retains whole entries and signals remaining testimony in both languages","ms":27.531041},{"name":"WHAT[delegation-010] successive sync work reuses its child and requires a fresh managed assignment rather than an old completion","ms":474.381291},{"name":"WHAT[delegation-010] vocabulary keeps compatibility tiers inert and distinguishes active from historical role labels","ms":1.049209},{"name":"WHAT[delegation-010] actual routing uses effective system configuration and retained binding without accepting caller-selected model targets (GAP-153)","ms":0.72575},{"name":"WHAT[delegation-013] PTY interruption wire retains its observed output","ms":11.2975},{"name":"WHAT[delegation-013] display does not truncate the sole large entry supplied to the renderer","ms":4.275208},{"name":"WHAT[delegation-013] actual handle completion and retirement each take effect once","ms":4.541292},{"name":"WHAT[delegation-013] actual join queue enforces its global cap and drains the exact remainder once","ms":20.74625},{"name":"WHAT[delegation-013] real agent completion join enforces current ownership and durable CAS consumption across concurrent calls and restart (GAP-153)","ms":0.37025},{"name":"WHAT[delegation-017] consuming a real returned WorkRecord changes no caller authority obligation or global request direction (GAP-153)","ms":2.392125},{"name":"WHAT[delegation-014] commission renderer preserves supplied verdict order and renders no field DTO","ms":49.283417},{"name":"WHAT[delegation-014] actual commission entry wires job completion into the proven FIFO mailbox and durable result consumption (GAP-153)","ms":2.509125},{"name":"WHAT[delegation-014] commission verdict mailbox drains FIFO batches up to the global cap with exact remainder","ms":8.48175},{"name":"WHAT[delegation-014] commission verdict mailbox reports Empty when idle with no pending verdicts","ms":1.228833},{"name":"WHAT[delegation-019] en renderer keeps instructions separate from parsed background fields","ms":11.34325},{"name":"WHAT[delegation-019] en TOML-like hostile data cannot create instruction or assignment fields","ms":3.557917},{"name":"WHAT[delegation-019] en assignment shaped as TOML remains an instruction comment","ms":2.836708},{"name":"WHAT[delegation-019] zh-CN renderer keeps instructions separate from parsed background fields","ms":4.310041},{"name":"WHAT[delegation-019] zh-CN TOML-like hostile data cannot create instruction or assignment fields","ms":3.47275},{"name":"WHAT[delegation-020] legal adapter naming changes preserve actual delegation authority ownership and lifecycle observations (GAP-153)","ms":3.477833},{"name":"WHAT[delegation-019] zh-CN assignment shaped as TOML remains an instruction comment","ms":1.802125},{"name":"WHAT[delegation-019] absent and blank optional background fields do not manufacture content","ms":3.63475},{"name":"WHAT[delegation-019] actual fork first-prompt producers obtain the current durable parent record and preserve the typed instruction and data boundary end to end (GAP-153)","ms":3.142417},{"name":"WHAT[delegation-011] ordinary completion returns a WorkRecord without a separate return call or parent opening","ms":341.103917},{"name":"WHAT[delegation-021] attachment work record including hostile instructions remains a read-only background field","ms":8.136334},{"name":"WHAT[delegation-021] blank attachments are absent and a real attachment survives round trip","ms":4.066125},{"name":"WHAT[delegation-021] actual fork attaches only the designated peer history without cloning authority or transferring unfinished obligations (GAP-153)","ms":0.49175},{"name":"WHAT[delegation-022] estimate prose selects the whole advisory resource in each provider language","ms":7.475416},{"name":"WHAT[delegation-022] actual estimate projection deduplicates calls and saturates at zero","ms":2.790792},{"name":"WHAT[delegation-022] real tool execution remains allowed after estimate exhaustion and replacement resets the same durable estimate through reopen (GAP-153)","ms":0.328709},{"name":"WHAT[delegation-012] only the canonical call receives the WorkRecord and all siblings refer to it","ms":344.214334},{"name":"WHAT[concern-routing-006] the committed LifeCompleted Surface retires only its owner mailbox before returning","ms":673.932375},{"name":"WHAT[concern-routing-006] completing the actual owner life retires its mailbox before later publish","ms":849.204208},{"name":"WHAT[delegation-015] interrupted prose distinguishes user input, operator abort and deadline","ms":63.328875},{"name":"WHAT[delegation-003] parent cancel preserves the busy fixed DevOps work until its real terminal","ms":246.796708},{"name":"WHAT[delegation-015] spurious wake burst still delivers the actual queued completion exactly once","ms":101.488458},{"name":"WHAT[delegation-015] every interruption releases the wait while the child remains available for completion","ms":3.756958},{"name":"WHAT[attention-regulation-004] real plugin restart preserves each participant work and frozen consumption result","ms":3418.848042},{"name":"WHAT[attention-regulation-004] exact life closure then SessionId reuse never inherits old pending work","ms":917.5335},{"name":"WHAT[delegation-015] actual queue errors and competing waits release the single-flight lock","ms":12.940458},{"name":"WHAT[delegation-015] permit gate rejects missing journal without poisoning later ordinary join","ms":1.968375},{"name":"WHAT[delegation-015] real Host input and cancellation reach join without cancelling the agent or revoking its authority (GAP-153)","ms":0.767125},{"name":"WHAT[delegation-015] interrupted commission join leaves the job active and the next waiter receives its verdict once","ms":4.208875},{"name":"WHAT[delegation-015] a queued or racing commission verdict is consumed before reporting a join interruption","ms":2.025667},{"name":"WHAT[delegation-030] actual injected delegation invariant incidents preserve settlement before exactly one report and kill with no physical fallback (GAP-153)","ms":3.755042},{"name":"WHAT[delegation-003] the original fixed DevOps terminal callback survives parent cancel without another tool lookup","ms":410.383584},{"name":"WHAT[delegation-029] current recovery compile inventory and lexical audit exclude known foreign implementations","ms":140.509208},{"name":"WHAT[delegation-029] current PTY adapter inventory and lexical audit locate its delegation-owned capability","ms":53.678542},{"name":"WHAT[delegation-029] independently compiled workflow boundaries and real injected effects establish confinement beyond current source spellings (GAP-153)","ms":0.435583},{"name":"WHAT[delegation-028] Delegation contract excludes workflow Host PTY and recovery sources","ms":10.036458},{"name":"WHAT[delegation-028] current compile plans meet declared budgets and source-placement audit","ms":215.919792},{"name":"WHAT[delegation-028] each bounded locality actually compiles independently with only its declared transitive inputs (GAP-153)","ms":2.224875},{"name":"WHAT[delegation-028] delegation-029 boundary ignores locality kind labels entirely","ms":40.972084},{"name":"WHAT[delegation-003] scope detach after parent cancel releases the preserved fixed DevOps callback","ms":131.923125},{"name":"WHAT[delegation-023] transient failure follows the injected retry verdict before delivering success or exhaustion","ms":430.68225},{"name":"WHAT[delegation-023] actual shared recovery engine exhausts all applicable paths before the parent receives final failure (GAP-153)","ms":0.557084},{"name":"WHAT[dispatch-protocol-002] DP_002_submit_records_the_receipt_without_resolving_the_claim","ms":14.751375},{"name":"WHAT[delegation-025] late failure from a previous root cannot settle a reused sync call","ms":456.163083},{"name":"WHAT[delegation-025] future Host subscriber excludes old terminal and retains new execution identity","ms":2.767334},{"name":"WHAT[delegation-025] actual fork execution rejects late run-scoped success failure and abort while preserving legitimate session-wide failures (GAP-153)","ms":1.730084},{"name":"WHAT[dispatch-protocol-002] DP_002_abandon_removes_the_claim_and_leaves_the_active_run_alone","ms":9.249667},{"name":"WHAT[dispatch-protocol-002] DP_002_claim_records_payload_digest_and_participant","ms":3.981959},{"name":"WHAT[delegation-032] office capability projection denies cross-role dispatch while retaining each role’s own work","ms":4.885375},{"name":"WHAT[dispatch-protocol-002] PROMPT_011_RuntimeStarted_advances_a_workspace_watermark_not_every_session","ms":4.336292},{"name":"WHAT[delegation-032] SyncDelegate selects standard Engineer capabilities without DevOps authority","ms":1.326834},{"name":"WHAT[delegation-003] each new ordinary work is cancelled after the fixed road owner survives an earlier cancel","ms":336.796958},{"name":"WHAT[dispatch-protocol-002] HOST_004_stale_idle_repair_is_abandoned_at_the_final_physical_send_boundary","ms":158.988083},{"name":"WHAT[delegation-031] DELEG_031_committed_checkpoint_advances_frontier_and_delivers_work_record","ms":341.235083},{"name":"WHAT[dispatch-protocol-002] a journal that cannot persist the claim prevents the Host send and leaves no durable trace","ms":31.423375},{"name":"WHAT[dispatch-protocol-010] authority root public profile exposes identity without a model field","ms":17.982625},{"name":"WHAT[dispatch-protocol-010] PROMPT_006_unknown_authority_kind_fails_closed","ms":21.459625},{"name":"WHAT[delegation-027] root affinity also rejects old Failed without a prepared handoff","ms":489.347333},{"name":"WHAT[dispatch-protocol-002] the exact claim is already durable while the transport invocation is still in flight","ms":83.346875},{"name":"WHAT[delegation-031] a separate checkpoint after writer closure reports NotCommitted with the exact parent","ms":266.5365},{"name":"WHAT[dispatch-protocol-008] DP_008_unproven_outcome_stays_pending_never_resends","ms":223.780584},{"name":"WHAT[concern-routing-002] actual newly eligible peer receives address discovery once and never receives the owner’s message","ms":3020.980125},{"name":"WHAT[delegation-032] Manager fork refuses a non-engineer calling and dispatches nothing while engineer calling still dispatches","ms":503.832083},{"name":"WHAT[dispatch-protocol-002] production Manager idle dispatch (crash-reconciliation-006 compatibility) sends with the same road and fresh captured permit","ms":145.067875},{"name":"WHAT[dispatch-protocol-002] production Manager idle dispatch (crash-reconciliation-006 compatibility) abandons a captured permit revoked by Human physical ingress before SDK send","ms":118.948167},{"name":"WHAT[delegation-026] RESUME_synchronous_admission_with_async_work_and_join_isolation","ms":922.47925},{"name":"WHAT[dispatch-protocol-008] DP_008_snapshot_unreadable_is_no_proof_and_keeps_the_claim_pending","ms":94.321958},{"name":"WHAT[delegation-031] DELEG_031_checkpoint_probe_reports_typed_settlement_with_exact_identity","ms":60.393709},{"name":"WHAT[dispatch-protocol-008] DP_008_concurrent_exact_gate_nudges_share_one_claim_and_send","ms":57.952334},{"name":"WHAT[dispatch-protocol-008] repeated post-flight exact occasions send again only after durable Abandoned, never after Pending, Submitted or PhysicalAccepted (GAP-136)","ms":0.554375},{"name":"WHAT[dispatch-protocol-010] PROMPT_006_send_payload_carries_participant_and_no_model","ms":201.159459},{"name":"WHAT[delegation-026] FORK_TOOL_acceptance_unknown_never_claims_charge_was_not_placed","ms":94.250458},{"name":"WHAT[dispatch-protocol-010] DP_010_send_agent_owner_root_is_strictly_model_free","ms":93.517541},{"name":"WHAT[delegation-003] a parent cancellation episode rejects new ordinary ingress before physical placement","ms":461.911584},{"name":"WHAT[delegation-024] pre-join resume preserves both public join WorkRecords","ms":802.68475},{"name":"WHAT[delegation-024] FORK_TOOL_same_byname_reuse_dispatches_immediately_and_leaves_completion_to_join","ms":419.618917},{"name":"WHAT[delegation-024] reusable handoff advances one durable parent delta window at a time","ms":0.820792},{"name":"WHAT[delegation-024] reusable prompt carries the new charge and parent delta as data","ms":1.066375},{"name":"WHAT[delegation-024] bounded child result never widens to an earlier invocation","ms":1.598},{"name":"WHAT[delegation-027] root affinity also rejects old Aborted without a prepared handoff","ms":267.050208},{"name":"WHAT[delegation-027] an active road rejects a new charge and becomes reusable after completion before join consumption","ms":348.045875},{"name":"WHAT[delegation-026] FORK_TOOL_unconfirmed_dispatch_reports_uncertain_and_never_leaves_ghost_run_for_join","ms":190.897458},{"name":"WHAT[delegation-026] IDLE_ROAD_DEVOPS_COMPANION_does_not_block_join_with_hang","ms":72.26125},{"name":"WHAT[delegation-031] successive completed work reuses the child and never retreats the recorded frontier","ms":335.472833},{"name":"WHAT[delegation-031] actual sync and fork completion still deliver after NotCommitted or Unknown checkpoint, absorb duplicate terminals, re-read durable evidence without reexecution, and fuse only PhaseConflict (GAP-153)","ms":1.367292},{"name":"WHAT[delegation-026] RESTART_ADOPTED_IDLE_DEVOPS_does_not_block_join_with_hang","ms":90.124083},{"name":"WHAT[delegation-026] actual admission and checkpoint fault cuts preserve exact durable claim and effect truth without replay or durable program counters (GAP-153)","ms":2.357333},{"name":"WHAT[durable-events-001] append_only_prior_writer_bytes_are_a_strict_prefix_after_new_fact","ms":104.334583},{"name":"WHAT[dispatch-protocol-010] DP_010_send_without_session_agent_cache_succeeds","ms":70.145958},{"name":"WHAT[delegation-003] a failed in-flight cancellation cannot skip scope detach of the original fixed callback","ms":536.155708},{"name":"WHAT[delegation-003] a synchronous cancellation signal failure releases the episode for a later real cancellation","ms":188.971708},{"name":"WHAT[durable-events-001] append_commits_complete_canonical_line_then_updates_Current","ms":39.644667},{"name":"WHAT[durable-events-002] PERSIST_001_an_envelope_serializes_to_exactly_one_line","ms":50.899459},{"name":"WHAT[durable-events-002] EventType_is_exactly_JournalEnvelope","ms":1.048417},{"name":"WHAT[durable-events-002] encode_preserves_EventId","ms":4.107042},{"name":"WHAT[durable-events-002] encodeStreamId_scheme_is_stable_and_deterministic","ms":1.493708},{"name":"WHAT[durable-events-002] round_trip_preserves_fold_relevant_fields","ms":7.003125},{"name":"WHAT[durable-events-002] round_trip_fold_equates_with_journal_fold","ms":2.760792},{"name":"WHAT[durable-events-002] tryDecode_rejects_wrong_EventType","ms":0.607083},{"name":"WHAT[durable-events-002] workspace_child_process_streams_round_trip","ms":2.866166},{"name":"WHAT[durable-events-002] handle_completed_with_completion_fields_round_trips_canonically","ms":2.000041},{"name":"WHAT[durable-events-002] handle_completed_missing_completion_fields_is_rejected_without_decode_migration","ms":0.677},{"name":"WHAT[durable-events-002] malformed_completion_and_ownership_labels_fail_closed","ms":0.692625},{"name":"WHAT[durable-events-002] EXEC_HostTurnObserved_serializes_round_trip_with_provider_run","ms":1.101792},{"name":"WHAT[durable-events-002] EXEC_HostTurnObserved_serializes_round_trip_without_provider_run","ms":1.897542},{"name":"WHAT[durable-events-002] EXEC_HostTurnObserved_fold_is_noop_on_agent_projection","ms":1.502625},{"name":"WHAT[durable-events-002] EXEC_HostTurnObserved_identity_key_is_session_plus_provider_run","ms":0.602584},{"name":"WHAT[durable-events-002] Journal_codec_round_trip_preserves_fold_relevant_fields","ms":0.983458},{"name":"WHAT[durable-events-002] Journal_stream_owner_round_trips_all_public_stream_kinds","ms":0.936125},{"name":"WHAT[durable-events-002] fixture unified-store-schema-version.fs is RED for schema-version-in-store-context","ms":2.490458},{"name":"WHAT[durable-events-002] schemaVersion without store context is not flagged (host/authored allow)","ms":0.430583},{"name":"WHAT[dispatch-protocol-012] recovered turn binding restores durable participant and role when process-local role is absent","ms":195.34625},{"name":"WHAT[dispatch-protocol-010] managed manager assignments retain the accepted run and tool boundary across journal reopen","ms":215.919584},{"name":"WHAT[delegation-024] Engineer reuse sends parent delta waits for its own root and returns its own child delta","ms":334.009959},{"name":"WHAT[dispatch-protocol-012] DP_012_physical_acceptance_hands_exact_claim_identity_to_managed_execution","ms":118.332375},{"name":"WHAT[dispatch-protocol-012] DP_012_continuation_inherits_identity_from_profile_without_host_cache","ms":59.569084},{"name":"WHAT[dispatch-protocol-012] DP_012_ingress_missing_agent_remains_none_without_cache_synthesis","ms":1.948166},{"name":"WHAT[dispatch-protocol-012] real PhysicalAccepted handoff retains the whole atomic profile and only managed execution acquires exact capacity and creates execution facts (GAP-136)","ms":2.086},{"name":"WHAT[durable-events-003] PERSIST_001_serialization_is_deterministic_for_one_envelope","ms":100.8185},{"name":"WHAT[delegation-031] DELEG_031_stale_authority_completion_cannot_claim_a_new_call","ms":236.092458},{"name":"WHAT[durable-events-003] PERSIST_001_an_absent_provider_run_is_omitted_rather_than_written_null","ms":3.866917},{"name":"WHAT[durable-events-003] PERSIST_001_an_envelope_survives_a_round_trip_unchanged","ms":5.261084},{"name":"WHAT[durable-events-003] PERSIST_001_serialized_bytes_do_not_depend_on_the_writers_utc_offset","ms":1.558375},{"name":"WHAT[durable-events-003] PERSIST_001_parents_and_payload_refs_are_canonicalized_at_the_codec_boundary","ms":2.804125},{"name":"WHAT[durable-events-003] same_EventId_different_canonical_bytes_fail_closed","ms":1.370625},{"name":"WHAT[durable-events-003] same_EventId_same_canonical_bytes_dedupe_ok","ms":3.196333},{"name":"WHAT[durable-events-003] canonical_bytes_are_utf8_json_plus_single_LF_with_sorted_keys","ms":0.941584},{"name":"WHAT[durable-events-003] event payload keys follow Unicode code-point order without integer-key reordering","ms":1.605917},{"name":"WHAT[durable-events-003] distinct_EventIds_are_both_retained","ms":1.84775},{"name":"WHAT[durable-events-003] parents_are_accepted_and_canonicalized","ms":1.036708},{"name":"WHAT[durable-events-003] payloadRefs_are_accepted_and_canonicalized_without_RuntimePath_IO","ms":1.21},{"name":"WHAT[durable-events-003] canonical_identity_bytes_stable_under_section_5_0","ms":2.521125},{"name":"WHAT[durable-events-003] DURABLE_EVENTS_003_same_EventId_same_bytes_dedupes","ms":1.168042},{"name":"WHAT[durable-events-003] DURABLE_EVENTS_003_same_EventId_different_bytes_fail_closed","ms":0.958},{"name":"WHAT[durable-events-003] invalid UTF-8 bytes fail closed before canonical JSON decoding","ms":1.9165},{"name":"WHAT[durable-events-003] UTF-8 BOM bytes are rejected rather than stripped by the decoder","ms":3.053333},{"name":"WHAT[durable-events-003] PERSIST_001_runtime_started_pins_offset_on_serialize_and_deserialize","ms":2.405083},{"name":"WHAT[durable-events-003] PERSIST_001_handle_abandoned_pins_abandoned_at_offset","ms":2.435334},{"name":"WHAT[durable-events-003] Journal_codec_serializes_one_envelope_to_one_UTC_line","ms":0.700375},{"name":"WHAT[durable-events-003] MISC_canonical_json_sorts_keys_recursively","ms":0.264416},{"name":"WHAT[durable-events-003] canonical JSON orders numeric-looking and non-BMP keys by Unicode code point","ms":0.205292},{"name":"WHAT[durable-events-003] canonical JSON preserves JSON sparse-array null semantics","ms":0.482666},{"name":"WHAT[durable-events-003] MISC_canonical_json_equal_ignores_key_order","ms":0.317625},{"name":"WHAT[durable-events-003] MISC_without_keys_drops_named_fields_only","ms":0.848041},{"name":"WHAT[durable-events-003] canonical_event_bytes_are_stable_under_object_and_set_order","ms":0.043},{"name":"WHAT[durable-events-003] same_event_id_different_canonical_bytes_is_identity_collision","ms":0.020417},{"name":"WHAT[durable-events-003] canonical_event_bytes_decode_to_the_same_plain_event","ms":0.091541},{"name":"WHAT[durable-events-003] decode_rejects_noncanonical_key_and_set_order_without_reencoding_the_event","ms":0.022791},{"name":"WHAT[durable-events-003] merge_by_identity_dedupes_equal_bytes_and_rejects_collisions","ms":0.014458},{"name":"WHAT[delegation-031] DELEG_031_parent_supersede_leaves_no_orphan_completion_claim","ms":99.999625},{"name":"WHAT[dispatch-protocol-010] managed blogger assignments retain the accepted run and tool boundary across journal reopen","ms":149.510208},{"name":"WHAT[dispatch-protocol-010] synthetic send producers leave model selection to admission at the wire","ms":397.551209},{"name":"WHAT[dispatch-protocol-010] compiler rejects adding physical model authority to the opaque root","ms":0.122},{"name":"WHAT[delegation-031] DELEG_031_completed_and_delete_in_both_orders_settle_exactly_once","ms":293.352084},{"name":"WHAT[durable-events-007] PERSIST_005_malformed_json_is_an_error_value_not_an_exception","ms":183.698583},{"name":"WHAT[durable-events-007] append_rejects_missing_parent_without_writing_bytes","ms":24.683333},{"name":"WHAT[durable-events-006] duplicate_same_identity_is_idempotent_but_collision_is_rejected","ms":62.27175},{"name":"WHAT[durable-events-006] append_adds_one_local_line_and_Current_is_already_integrated","ms":133.073334},{"name":"WHAT[durable-events-007] append_rejects_cycle_in_one_batch_before_durability","ms":8.765},{"name":"WHAT[durable-events-007] append_rejects_unknown_event_type_fail_closed","ms":5.6335},{"name":"WHAT[durable-events-007] DURABLE_EVENTS_014_k_way_merge_rejects_missing_parent_fail_closed","ms":1.324875},{"name":"WHAT[durable-events-007] DURABLE_EVENTS_014_k_way_merge_rejects_backward_or_cyclic_writer_frontier","ms":1.020333},{"name":"WHAT[durable-events-007] DURABLE_EVENTS_007_unknown_authoritative_event_type_is_rejected_before_durability","ms":7.682792},{"name":"WHAT[durable-events-004] append_task_does_not_return_until_the_cross_process_store_lock_is_released","ms":50.992},{"name":"WHAT[durable-events-004] every incomplete canonical writer tail fails closed","ms":391.364},{"name":"WHAT[durable-events-007] DURABLE_EVENTS_014_missing_parent_fails_closed","ms":1.390916},{"name":"WHAT[durable-events-007] local writer boot rejects invalid UTF-8 without replacement decoding","ms":9.473291},{"name":"WHAT[durable-events-007] PERSIST_005_unparseable_json_is_a_decode_error_not_a_throw","ms":1.545584},{"name":"WHAT[durable-events-007] PERSIST_005_unknown_case_is_a_decode_error","ms":0.617041},{"name":"WHAT[durable-events-007] Fact_codec_distinguishes_current_and_malformed_lines","ms":4.348625},{"name":"WHAT[durable-events-007] Journal_codec_refuses_unknown_facts_and_streams","ms":0.715292},{"name":"WHAT[durable-events-008] DURABLE_EVENTS_008_concurrent_heads_remain_distinct_in_structural_Current","ms":33.264333},{"name":"WHAT[durable-events-008] DURABLE_EVENTS_008_resolution_naming_all_heads_collapses_structural_Current","ms":42.144333},{"name":"WHAT[durable-events-009] PERSIST_005_legacy_fallback_counters_and_model_ids_are_fatal","ms":141.353042},{"name":"WHAT[durable-events-009] PERSIST_005_replaced_fact_names_produce_the_migration_message_not_a_codec_error","ms":0.795459},{"name":"WHAT[durable-events-009] PERSIST_005_the_migration_message_tells_the_operator_what_to_do","ms":4.355084},{"name":"WHAT[durable-events-009] PERSIST_005_a_current_fact_is_not_mistaken_for_a_legacy_one","ms":2.327958},{"name":"WHAT[durable-events-009] PERSIST_005_modern_json_has_no_legacy_markers","ms":0.893459},{"name":"WHAT[durable-events-009] historical_unanchored_guideline_is_refused_without_rewrite","ms":0.680708},{"name":"WHAT[durable-events-009] Fact_codec_reports_migration_markers_as_data_errors","ms":0.260541},{"name":"WHAT[durable-events-009] fixture unified-store-dual-write.fs is RED for dual-write","ms":1.768417},{"name":"WHAT[durable-events-009] Journal-only or EventStore-only modules are not dual-write","ms":1.089667},{"name":"WHAT[durable-events-011] initial git ODB is empty","ms":11.806917},{"name":"WHAT[durable-events-010] SharedAgentJournal_boots_local_EventStore_and_leaves_retired_RuntimePath_ndjson_unread","ms":174.071083},{"name":"WHAT[durable-events-012] BlobWriter_uses_local_content_addressed_payloads_not_workspace_blobs_or_Git_ODB","ms":92.997917},{"name":"WHAT[durable-events-013] physical append failure leaves event and structural Current unchanged","ms":26.75025},{"name":"WHAT[durable-events-013] restart_replays_prior_writer_files_then_fresh_runtime_starts_LocalSeq_at_1","ms":154.151791},{"name":"WHAT[durable-events-013] boot_and_live_use_one_CanonicalIntegrator_program","ms":15.647833},{"name":"WHAT[durable-events-012] appended_fact_lifts_real_blob_digest_into_persisted_payload_refs","ms":163.047875},{"name":"WHAT[durable-events-005] one_writer_is_one_file_regardless_of_history_size","ms":938.587083},{"name":"WHAT[durable-events-014] PERSIST_001_ordering_is_by_local_seq_inside_a_runtime_and_by_time_across","ms":95.1565},{"name":"WHAT[durable-events-005] DURABLE_EVENTS_005_one_process_is_one_unbounded_writer_file_with_no_segments","ms":40.286916},{"name":"WHAT[durable-events-014] PERSIST_001_same_instant_across_runtimes_breaks_the_tie_by_runtime_id","ms":0.617584},{"name":"WHAT[durable-events-011] runtime append creates zero loose Git objects","ms":0.596917},{"name":"WHAT[durable-events-014] PERSIST_001_k_way_merge_is_a_total_order_regardless_of_input_order","ms":26.232917},{"name":"WHAT[durable-events-011] remote sync hook configuration and single writer file","ms":353.677083},{"name":"WHAT[durable-events-014] DURABLE_EVENTS_014_k_way_merge_is_deterministic_with_EventId_tiebreak","ms":2.25725},{"name":"WHAT[durable-events-011] runtime append creates zero Git objects and remote sync encodes single writer file as single Git blob","ms":464.9145},{"name":"WHAT[durable-events-005] DURABLE_EVENTS_005_each_process_writer_id_names_a_distinct_file_without_machine_identity","ms":57.252292},{"name":"WHAT[durable-events-013] journal_surface_does_not_mint_terminal_proof_from_forged_strings","ms":1.474292},{"name":"WHAT[durable-events-012] closure_fails_closed_when_a_real_content_address_is_missing","ms":111.290833},{"name":"WHAT[durable-events-014] DURABLE_EVENTS_014_k_way_merge_is_writer_enumeration_independent","ms":4.845666},{"name":"WHAT[durable-events-014] k-way merge does not re-sort every writer head for every event","ms":86.406042},{"name":"WHAT[durable-events-013] EXEC_journal_revision_advances_only_on_successful_fold","ms":131.514},{"name":"WHAT[durable-events-012] closure_lifts_a_content_addressed_digest_into_payload_refs","ms":123.15525},{"name":"WHAT[durable-events-013] EXEC_AwaitChangeFrom_after_append_returns_promptly","ms":79.119458},{"name":"WHAT[durable-events-012] closure_dedupes_a_matching_blob_ref_and_digest_pair","ms":84.185792},{"name":"WHAT[concern-routing-002] eligible participant kinds receive each live generation once, excluding ineligible roles","ms":2590.193333},{"name":"WHAT[concern-routing-002] new physical ingress after plugin reopen replays frozen history without repeating announcements","ms":1989.514583},{"name":"WHAT[durable-events-012] closure_ignores_non_content_addressed_placeholder_handles","ms":48.357083},{"name":"WHAT[durable-events-012] closure_is_empty_for_a_fact_without_blob_fields","ms":49.46225},{"name":"WHAT[durable-events-013] EXEC_AwaitChangeFrom_before_append_waits_then_completes","ms":88.341958},{"name":"WHAT[durable-events-013] EXEC_cancelled_revision_subscription_unregisters_without_a_fact","ms":48.65325},{"name":"WHAT[durable-events-013] PERSIST_008_both_directions_answer_from_one_map_without_a_scan","ms":18.548791},{"name":"WHAT[durable-events-015] PERSIST_010_companion_online_and_codec_replay_are_identical","ms":46.474584},{"name":"WHAT[durable-events-015] PERSIST_010_companion_facts_fold_into_the_owned_projection","ms":2.709},{"name":"WHAT[durable-events-015] HOST_008_duplicate_companion_link_to_a_different_child_fails_closed","ms":4.155625},{"name":"WHAT[durable-events-015] PERSIST_010_entry_and_squash_fold_into_the_blog_projection","ms":5.105292},{"name":"WHAT[durable-events-015] PERSIST_010_single_frame_squash_accepts_the_new_terminal_blob_digest","ms":1.839708},{"name":"WHAT[durable-events-015] CTX_012_rebase_folds_into_the_prefix_projection_only","ms":2.087},{"name":"WHAT[durable-events-015] PERSIST_010_a_stale_frame_epoch_fails_the_fold_closed","ms":1.687459},{"name":"WHAT[durable-events-015] CTX_012_a_replayed_rebase_is_absorbed_so_crash_recovery_is_idempotent","ms":1.660584},{"name":"WHAT[durable-events-015] CTX_011_a_not_new_candidate_is_absorbed_by_the_fold","ms":3.552291},{"name":"WHAT[durable-events-015] PERSIST_010_a_non_sequential_prefix_epoch_fails_the_fold_closed","ms":2.2215},{"name":"WHAT[durable-events-015] CTX_011_a_retreating_cutoff_fails_the_fold_closed","ms":1.955583},{"name":"WHAT[durable-events-015] HOST_006_reanchor_retires_the_prefix_and_zeroes_prefix_coverage_in_one_fact","ms":1.956042},{"name":"WHAT[durable-events-015] HOST_006_a_replayed_reanchor_leaves_rebuilt_coverage_alone","ms":1.611167},{"name":"WHAT[durable-events-015] HOST_006_coverage_and_probes_both_recover_after_a_reanchor","ms":1.097792},{"name":"WHAT[durable-events-015] PERSIST_010_context_recovery_facts_survive_NDJSON_and_still_fold","ms":7.792417},{"name":"WHAT[durable-events-013] canonical shape requires one-envelope rule and shared boot live program","ms":4.514458},{"name":"WHAT[durable-events-013] production CanonicalIntegrator has the shared one-envelope program shape","ms":65.524667},{"name":"WHAT[durable-events-017] append_path_has_no_Git_object_or_ref_capability","ms":24.110792},{"name":"WHAT[durable-events-016] durable fact vocabulary has no OpenCode infrastructure dependency","ms":164.902584},{"name":"WHAT[durable-events-016] Git_contract_exposes_canonical_store_ref","ms":0.327375},{"name":"WHAT[durable-events-016] scanner ids cover unified-store clean-break and history ownership rules","ms":0.638333},{"name":"WHAT[durable-events-016] fixture unified-store-feature-ref.fs is RED for feature-ref","ms":1.253958},{"name":"WHAT[durable-events-016] fixture unified-store-git-bypass.fs is RED for git-bypass","ms":1.37825},{"name":"WHAT[durable-events-016] canonical refs/wanxiang/store is allowed only under Persist/Git ownership","ms":12.578833},{"name":"WHAT[durable-events-016] owner remote-tracking store ref is allowed; other feature refs stay RED","ms":0.403291},{"name":"WHAT[durable-events-017] DURABLE_EVENTS_004_017_local_append_has_zero_Git_object_tree_ref_dependencies","ms":45.894375},{"name":"WHAT[durable-events-020] Journal boot creates no writer until the first business append","ms":89.9775},{"name":"WHAT[durable-events-020] workspace capability acquisition defers malformed-history rejection until actual consumption","ms":12.322042},{"name":"WHAT[durable-events-020] activated replay ignores the recognized legacy Journal fact without writing a cut","ms":23.88225},{"name":"WHAT[durable-events-020] actual plugin load checks readability without replay repair or writes; first durable consumer activates once","ms":0.82875},{"name":"WHAT[durable-events-024] actual semantic-cut caller requires injected fatal capability and refuses fatal before committed or unknown settlement","ms":16.861125},{"name":"WHAT[durable-events-024] actual physical child persists bad fact and cut then reports and exits once; duplicate incident cannot execute again","ms":5.514959},{"name":"WHAT[durable-events-021] low-level append persists bad fact and cut together; reopening a store replays the scoped reset","ms":61.341333},{"name":"WHAT[durable-events-022] EventStore contracts exclude physical and Strength runtime closure","ms":60.30975},{"name":"WHAT[durable-events-022] declared EventStore compile plans stay within source-count budgets","ms":105.410666},{"name":"WHAT[durable-events-022] each actual bounded locality compiles as one flat project and a reversed dependency is rejected","ms":0.062875},{"name":"WHAT[durable-events-022] real Fable compiles the journal observation owner using its declared closure","ms":0.036542},{"name":"WHAT[durable-events-021] the actual producing process exits after semantic cut and a distinct next process resumes from the reset Current","ms":0.541334},{"name":"WHAT[durable-events-021] an uncut historical Journal fault suppresses only its own journal stream","ms":23.573708},{"name":"WHAT[durable-events-023] canonical codec surface keeps encode decode UTF-8 identity and merge in one fail-closed protocol","ms":165.021959},{"name":"WHAT[durable-events-019] every registered business oracle changes its production Current","ms":206.6495},{"name":"WHAT[durable-events-019] removing one real hostProgram registration blocks its domain result","ms":49.181625},{"name":"WHAT[durable-events-019] feature history loops report exact path line and token","ms":18.633084},{"name":"WHAT[durable-events-019] diagnostic history fields do not turn unrelated graph collection into durable replay","ms":6.461541},{"name":"WHAT[durable-events-019] history merge detection binds collection and ordering to the same function","ms":29.035375},{"name":"WHAT[durable-events-019] overrides default members and constructor effects cannot merge business history","ms":8.308083},{"name":"WHAT[durable-events-019] a called local collection helper does not hide a history merge","ms":3.209291},{"name":"WHAT[durable-events-019] history merge follows transitive and mutually recursive named helpers","ms":2.746417},{"name":"WHAT[durable-events-019] history merge follows explicitly called helpers in same-file modules","ms":0.709333},{"name":"WHAT[durable-events-019] lambda parameters shadow helpers only inside their own expression","ms":2.881916},{"name":"WHAT[durable-events-019] a value parameter does not resolve to a same-named module helper","ms":4.73475},{"name":"WHAT[durable-events-018] HOOK_activation_ensure_installs_both_hooks_and_remote_fetch_refspec_without_running_sync","ms":421.234167},{"name":"WHAT[durable-events-019] unreferenced and shadowed helpers do not supply history collection","ms":3.185458},{"name":"WHAT[durable-events-019] history collection does not cross unrelated member boundaries","ms":1.660541},{"name":"WHAT[durable-events-019] feature-local NDJSON SQLite and private stores are forbidden","ms":1.315667},{"name":"WHAT[durable-events-019] durable file database and custom-store writer capabilities are owner-bound","ms":1.304458},{"name":"WHAT[durable-events-023] single-field family folds own their slice and declare no aggregate dependency","ms":69.571583},{"name":"WHAT[effect-accounting-001] actual worktree projection distinguishes intent and confirmation","ms":2.459041},{"name":"WHAT[durable-events-002] always-forbidden store version tokens are RED without extra context","ms":0.847458},{"name":"WHAT[effect-accounting-001] intent and confirmation round-trip through distinct production fact cases","ms":42.837125},{"name":"WHAT[effect-accounting-001] real negative compilation rejects confusing effect intent with physical confirmation","ms":0.101542},{"name":"WHAT[durable-events-023] prompt provider companion and context folds decide on their own slices while composition owns the aggregate write","ms":150.106917},{"name":"WHAT[durable-events-002] production scan keeps store context free of version tokens","ms":2293.166084},{"name":"WHAT[durable-events-002] documented non-store schemaVersion sites remain unflagged in production text","ms":62.221334},{"name":"WHAT[durable-events-025] conflicting Prepared identity returns StorageInvalid without appending a semantic cut","ms":103.238584},{"name":"WHAT[durable-events-025] actual Prepared semantic cut prevents transaction file effects; Committed unknown is recovered without assuming not-written","ms":1.061708},{"name":"WHAT[durable-events-025] durable typed rejection reaches its unique composition fatal owner through a required capability","ms":3.748292},{"name":"WHAT[distribution-005] assertBuildFresh succeeds on current repository build","ms":1243.060292},{"name":"WHAT[distribution-005] no-op mode preserves manifest and generation","ms":1441.435},{"name":"WHAT[distribution-005] manifest corruption causes assertBuildFresh to throw with code","ms":3.576667},{"name":"WHAT[distribution-005] missing or stale output entry causes assertBuildFresh to throw","ms":2.471417},{"name":"WHAT[distribution-005] release output reset physically removes stale artifacts","ms":5.648875},{"name":"WHAT[distribution-005] repository layout has one resources directory beside dist without a dist/resources copy","ms":1.972917},{"name":"WHAT[distribution-005] GAP-210: clean and incremental production outputs have identical bytes for identical inputs","ms":0.650417},{"name":"WHAT[durable-events-018] HOOK_shim_resolves_node_from_environment_not_installer_host_execPath","ms":253.820958},{"name":"WHAT[durable-events-018] HOOK_reference_transaction_and_pre_push_launch_the_same_independent_full_converge_runtime","ms":418.11325},{"name":"WHAT[durable-events-018] HOOK_classification_preserves_foreign_hooks","ms":0.910292},{"name":"WHAT[durable-events-018] HOOK_install_refreshes_owned_hook_but_never_overwrites_foreign_hook","ms":3.49175},{"name":"WHAT[durable-events-023] EXEC_port_members_read_journal_at_call_time","ms":207.466833},{"name":"WHAT[effect-accounting-003] physical send sees its exact intent already recoverable from the production journal","ms":260.81125},{"name":"WHAT[effect-accounting-003] a disposed journal handle prevents the physical send","ms":23.130542},{"name":"WHAT[durable-events-023] EXEC_one_commit_moves_every_related_view_together","ms":185.743417},{"name":"WHAT[effect-accounting-003] worktree creation is blocked when the WorktreeCreateRequested intent cannot be committed","ms":79.178334},{"name":"WHAT[effect-accounting-003] the worktree intent is durable before the physical creation and the confirmation follows it","ms":116.423458},{"name":"WHAT[durable-events-023] EXEC_revision_waiter_wakes_on_next_commit","ms":170.007041},{"name":"WHAT[guidance-delivery-001] a new occurrence of the same tip has its own first delivery","ms":180.653542},{"name":"WHAT[durable-events-023] EXEC_cancelled_waiter_releases_without_stealing_a_commit","ms":78.604125},{"name":"WHAT[durable-events-023] EXEC_unknown_append_poisons_and_is_never_confirmed","ms":75.444125},{"name":"WHAT[durable-events-023] isolated compilation rejects physical-store authority in the codec closure","ms":0.199958},{"name":"WHAT[durable-events-023] isolated compilation rejects aggregate authority in domain folds","ms":0.157208},{"name":"WHAT[guidance-delivery-003] repeated lookup in the same horizon returns only stable identity","ms":183.503625},{"name":"WHAT[guidance-delivery-003] identity-only fold cannot establish Full coverage","ms":0.68975},{"name":"WHAT[guidance-delivery-002] English first Full contains the entire authored Main body","ms":160.407792},{"name":"WHAT[guidance-delivery-002] SimplifiedChinese first Full contains the entire authored Main body","ms":54.45575},{"name":"WHAT[guidance-delivery-002] GAP-116 actual rejected or unknown delivery append cannot report successful Full or advance Frontier","ms":0.983875},{"name":"WHAT[durable-events-009] dual-write allowlist is empty (no parked bridges)","ms":0.737},{"name":"WHAT[durable-events-009] production scan has no dual-write residue","ms":2268.837875},{"name":"WHAT[durable-events-009] SharedAgentJournal_cache_hit_returns_same_instance_without_rereading_retired_path","ms":42.619875},{"name":"WHAT[durable-events-009] local_EventStore_never_reads_or_rewrites_any_legacy_layout","ms":0.055333},{"name":"WHAT[durable-events-009] shock_cut_source_has_no_legacy_shape_detection_migration_or_reset","ms":0.025916},{"name":"WHAT[guidance-delivery-004] disk reopen restores delivery decisions and keeps Main owners separate","ms":223.684125},{"name":"WHAT[guidance-delivery-012] actual composition preserves all provided dynamic fragments and omits absent ones","ms":3.20375},{"name":"WHAT[guidance-delivery-012] English estimate uses complete authored calibration with the current value","ms":3.336167},{"name":"WHAT[guidance-delivery-012] SimplifiedChinese estimate uses complete authored calibration with the current value","ms":0.933708},{"name":"WHAT[guidance-delivery-012] GAP-116 actual new occurrence reads each dynamic owner once and freezes concern consumption atomically; replay reads none","ms":2.649625},{"name":"WHAT[guidance-delivery-009] actual injection changes only the terminal tool output suffix","ms":10.598167},{"name":"WHAT[effect-accounting-008] todowrite commits its compression checkpoint only after native execution succeeds","ms":0.362875},{"name":"WHAT[guidance-delivery-005] real reanchor restores full text and subsequent lookup returns identity","ms":207.363125},{"name":"WHAT[effect-accounting-008] todowrite executor failure restores args but does not commit a compression checkpoint","ms":0.149625},{"name":"WHAT[guidance-delivery-009] GAP-116 actual durable delivery leaves authority roots and execution permissions unchanged","ms":2.803792},{"name":"WHAT[guidance-delivery-005] GAP-115 actual restoration preserves occurrence frontier without adding a first-delivery fact","ms":0.650917},{"name":"WHAT[effect-accounting-008] C5_materialize_opens_request_queryable_by_blogger","ms":712.807834},{"name":"WHAT[effect-accounting-008] C5_entry_commit_records_receipt_and_clears_open_request","ms":3.333667},{"name":"WHAT[effect-accounting-008] C5_same_provider_run_cannot_be_both_entry_and_squash","ms":16.478792},{"name":"WHAT[effect-accounting-008] C5_materialize_prompt_key_fill_in_after_send","ms":2.247959},{"name":"WHAT[effect-accounting-008] C5_materialize_prompt_key_cannot_rebind","ms":0.697458},{"name":"WHAT[effect-accounting-008] C5_duplicate_request_materialize_different_context_rejected","ms":2.876375},{"name":"WHAT[effect-accounting-008] C5_abandon_clears_open_request","ms":3.325833},{"name":"WHAT[guidance-delivery-006] Blogger resolves its linked Main and shares that delivery state","ms":180.491125},{"name":"WHAT[guidance-delivery-008] Blogger composer takes detection source regardless of section vocabulary","ms":0.939125},{"name":"WHAT[guidance-delivery-006] missing tip or missing rule returns no invented guidance","ms":36.218833},{"name":"WHAT[guidance-delivery-006] a tip without association cannot invent an owner","ms":23.5895},{"name":"WHAT[guidance-delivery-007] aliases give the same Full and Identity bytes from equal durable starting states","ms":220.281541},{"name":"WHAT[effect-accounting-008] C5_request_id_cannot_rebind_to_different_provider_run","ms":10.596041},{"name":"WHAT[guidance-delivery-008] real Main resolver uses remediation body rather than detection body","ms":164.401041},{"name":"WHAT[guidance-delivery-011] actual fold preserves order bytes and placement and rejects conflicting identities","ms":37.42375},{"name":"WHAT[guidance-delivery-011] actual durable replay freezes prior bytes while a new placement gets new material","ms":155.414917},{"name":"WHAT[guidance-delivery-008] previous tip retains its identity as low-trust data paired before its frame","ms":4.148709},{"name":"WHAT[guidance-delivery-008] Main guidance resolution keeps Blogger detection history out of the remediation body","ms":106.8565},{"name":"WHAT[guidance-delivery-008] complete Main Host projection never promotes Blogger history into interaction authority (GAP-116: full Host projection path pending — the resolver isolation test above covers the guidance text only)","ms":5.872416},{"name":"WHAT[interaction-authority-019] gate_nudge_is_exact_terminal_idempotent_and_unbounded_across_fresh_terminals","ms":209.3525},{"name":"WHAT[interaction-authority-019] repair claim does not turn an in-flight repair into exhaustion","ms":0.745917},{"name":"WHAT[interaction-authority-019] fresh invalid repair terminals re-open the gate reminder","ms":1.125},{"name":"WHAT[effect-accounting-008] Adapter Blogger Coordinator submits one receipt and recovers exact physical acceptance without resend","ms":369.013083},{"name":"WHAT[interaction-authority-017] real pure close removes previously accepted continuation lookup","ms":10.777125},{"name":"WHAT[interaction-authority-019] a currently-repairing attempt never completes as exhausted or failed repair","ms":4.564833},{"name":"WHAT[interaction-authority-017] dispatcher rejects a continuation with no active run at its target","ms":103.598792},{"name":"WHAT[interaction-authority-019] duplicate gate-nudge claim is AlreadyAdmitted — single physical send","ms":138.092917},{"name":"WHAT[interaction-authority-019] terminal evidence separates formal content tool activity and visible reasoning","ms":0.748334},{"name":"WHAT[interaction-authority-019] production classifier distinguishes stable terminal in-flight and content-damaged results","ms":2.256833},{"name":"WHAT[interaction-authority-019] current roles and historical classification distinguish actual tool work from a missing continuation","ms":1.790166},{"name":"WHAT[interaction-authority-017] dispatcher rejects a continuation whose supplied profile names another logical run","ms":38.1535},{"name":"WHAT[managed-chat-execution-006] terminal replay performs no acceptance or capacity effect","ms":208.214208},{"name":"WHAT[managed-chat-execution-006] same key terminal conflict","ms":23.557208},{"name":"WHAT[managed-chat-execution-006] Terminal directly after Accepted is rejected","ms":14.891375},{"name":"WHAT[managed-chat-execution-006] each terminal disposition is durable after provider start","ms":27.659083},{"name":"WHAT[managed-chat-execution-006] provider terminal before ProviderStarted rejects","ms":7.899791},{"name":"WHAT[managed-chat-execution-006] conflicting terminal rejects without a second write","ms":4.4035},{"name":"WHAT[managed-chat-execution-006] each uncertain Terminal append leaves projection provider-started","ms":7.057917},{"name":"WHAT[managed-chat-execution-006] exact successful Host terminals retain typed finish outcomes","ms":2.193},{"name":"WHAT[managed-chat-execution-006] exact cancel and interruption become closed typed terminal dispositions","ms":1.975625},{"name":"WHAT[managed-chat-execution-006] exact provider failure remains typed but awaits retry-owner disposition","ms":0.860166},{"name":"WHAT[interaction-authority-017] dispatcher rejects a continuation whose supplied profile names another authority root","ms":40.073166},{"name":"WHAT[interaction-authority-017] dispatcher delivers a continuation to a target that has an active run","ms":190.336625},{"name":"WHAT[interaction-authority-017] dispatcher rejects a continuation whose target run is durably closed while its archived profile is still readable","ms":0.498125},{"name":"WHAT[durable-events-016] git-bypass allowlist is empty; only Persist/Git ownership may invoke git","ms":0.181541},{"name":"WHAT[durable-events-016] production scan is GREEN under gate rules (empty git-bypass allowlist)","ms":2941.95625},{"name":"WHAT[managed-session-lifecycle-013] abandonment projection remains parent-visible until consumption","ms":492.877709},{"name":"WHAT[managed-session-lifecycle-013] retirement projection removes the handle from parent horizon","ms":6.315958},{"name":"WHAT[managed-session-lifecycle-013] active projection retains its child identity","ms":3.912584},{"name":"WHAT[managed-session-lifecycle-006] exact admission resumes the road without reviving its consumed work","ms":635.482084},{"name":"WHAT[managed-session-lifecycle-006] EXEC_009_agent_pty_and_manager_job_handles_are_separate_identities","ms":2.76375},{"name":"WHAT[managed-session-lifecycle-006] EXEC_005_the_views_partition_the_lifecycle_and_never_show_retired","ms":1.038959},{"name":"WHAT[managed-session-lifecycle-006] EXEC_009_a_retired_handle_answers_retired_forever","ms":1.012875},{"name":"WHAT[managed-session-lifecycle-006] EXEC_009_a_retired_id_is_distinguishable_from_one_that_never_existed","ms":0.871709},{"name":"WHAT[managed-session-lifecycle-006] EXEC_009_a_retired_child_session_is_still_recognised_as_a_child","ms":0.859084},{"name":"WHAT[managed-session-lifecycle-006] EXEC_009_linked_children_lists_every_child_ever_linked","ms":0.503792},{"name":"WHAT[managed-session-lifecycle-006] EXEC_009_the_three_facts_replay_into_the_terminal_state","ms":0.858625},{"name":"WHAT[managed-session-lifecycle-006] EXEC_001_fork_creates_a_child_run","ms":1.390208},{"name":"WHAT[managed-session-lifecycle-006] EXEC_007_nudge_is_fire_and_forget","ms":1.740833},{"name":"WHAT[managed-session-lifecycle-006] surface_refuses_unknown_role","ms":0.461083},{"name":"WHAT[managed-session-lifecycle-006] surface_refuses_unknown_completion_kind","ms":0.193209},{"name":"WHAT[managed-session-lifecycle-006] surface_refuses_unknown_abandon_reason","ms":0.302083},{"name":"WHAT[managed-session-lifecycle-006] surface_refuses_unknown_ownership","ms":0.301042},{"name":"WHAT[managed-session-lifecycle-006] surface_refuses_unknown_command_op","ms":0.806416},{"name":"WHAT[managed-session-lifecycle-006] EXEC_016_listable_handles_are_outstanding_for_manager","ms":0.597166},{"name":"WHAT[managed-session-lifecycle-006] THEOREM_join_blocked_while_handle_active","ms":0.508125},{"name":"WHAT[managed-session-lifecycle-006] THEOREM_projection_steps_enumerate_blocked_then_awakened_then_clear","ms":0.561959},{"name":"WHAT[managed-session-lifecycle-006] TPOL_sessionDead_false_without_journal","ms":0.279},{"name":"WHAT[managed-session-lifecycle-006] TPOL_outstanding_without_durable_work_is_role_closed","ms":0.722583},{"name":"WHAT[managed-session-lifecycle-006] replay cannot revive a retired Engineer handle","ms":0.604958},{"name":"WHAT[managed-session-lifecycle-006] replay cannot revive a retired DevOps handle","ms":0.75675},{"name":"WHAT[managed-session-lifecycle-013] actual restart re-enlists durable visible handles and a failed recovery commit blocks readiness (GAP-133)","ms":1.823583},{"name":"WHAT[managed-session-lifecycle-013] a stale-projection consumer is arbitrated by the durable consumption tombstone, not its own fold","ms":324.441166},{"name":"WHAT[managed-session-lifecycle-013] parent projection filters hidden handles before recovery selection","ms":0.73325},{"name":"WHAT[managed-session-lifecycle-013] session_recovery_contract_authorizes_family_without_physical_handle_leaks","ms":0.717042},{"name":"WHAT[durable-events-019] canonical integrator and exact physical or proof readers are allowed","ms":1.637208},{"name":"WHAT[durable-events-019] production tree has no feature history loop or private substrate","ms":2872.532667},{"name":"WHAT[managed-session-lifecycle-008] exact consume with before commit failure never releases an unconfirmed payload","ms":578.844333},{"name":"WHAT[managed-session-lifecycle-007] canonical A and B retain separate cells across late A and cold replay","ms":784.468083},{"name":"WHAT[managed-session-lifecycle-007] completed work remains single-assignment before consumption","ms":256.744583},{"name":"WHAT[managed-session-lifecycle-007] LOOP_optional_string_traversal_calls_extract_zero_for_None_once_for_Some_and_propagates_failure","ms":18.600292},{"name":"WHAT[managed-session-lifecycle-007] EXEC_004_the_first_completion_wins_and_later_ones_are_refused","ms":2.006583},{"name":"WHAT[managed-session-lifecycle-007] EXEC_004_each_completion_kind_survives_into_the_state","ms":8.274083},{"name":"WHAT[managed-session-lifecycle-007] EXEC_004_completing_an_unknown_handle_is_refused_by_name","ms":1.590584},{"name":"WHAT[managed-session-lifecycle-007] EXEC_009_completed_awaiting_join_carries_blob_refs","ms":0.958209},{"name":"WHAT[managed-session-lifecycle-007] EXEC_009_cancelled_completion_has_no_blob","ms":1.26775},{"name":"WHAT[managed-session-lifecycle-007] EXEC_009_fold_replays_completion_blob_refs","ms":1.754},{"name":"WHAT[managed-session-lifecycle-015] actual admissions and replay retain exact handle child participant binding","ms":649.910334},{"name":"WHAT[managed-session-lifecycle-015] a bare Root string is not work admission in the production fold","ms":1.048792},{"name":"WHAT[managed-session-lifecycle-015] a retired DevOps link is not permanent-loss proof for physical replacement","ms":0.688},{"name":"WHAT[managed-session-lifecycle-015] EXEC_009_only_an_agent_handle_answers_the_agent_question","ms":0.315},{"name":"WHAT[managed-session-lifecycle-015] EXEC_009_a_linked_handle_records_the_child_session_it_drives","ms":0.648792},{"name":"WHAT[managed-session-lifecycle-015] EXEC_009_replaying_the_exact_live_link_is_idempotent","ms":0.950916},{"name":"WHAT[managed-session-lifecycle-015] EXEC_009_one_durable_handle_cannot_be_rebound_to_another_child","ms":0.347791},{"name":"WHAT[managed-session-lifecycle-015] EXEC_009_a_completion_for_a_handle_that_was_never_linked_stops_the_replay","ms":0.342791},{"name":"WHAT[managed-session-lifecycle-015] EXEC_018_creation_order_follows_HandleLinked_fold_sequence","ms":0.52025},{"name":"WHAT[obligation-ledger-001] plugin leaves native todo rows untouched","ms":32.101458},{"name":"WHAT[obligation-ledger-001] provider definition stays host-shaped with no retired planning fields","ms":0.093417},{"name":"WHAT[managed-session-lifecycle-008] exact consume with after commit failure never releases an unconfirmed payload","ms":242.769542},{"name":"WHAT[managed-session-lifecycle-008] concurrent exact consumers deliver a work at most once","ms":298.510667},{"name":"WHAT[managed-session-lifecycle-008] EXEC_004_join_may_only_retire_a_handle_that_actually_completed","ms":2.295},{"name":"WHAT[managed-session-lifecycle-008] EXEC_009_a_replayed_completion_or_retirement_is_absorbed","ms":3.348541},{"name":"WHAT[managed-session-lifecycle-008] EXEC_004_a_retirement_without_a_completion_stops_the_replay","ms":0.629875},{"name":"WHAT[managed-session-lifecycle-008] fold_refuses_unknown_fact_case","ms":0.687},{"name":"WHAT[managed-session-lifecycle-008] retirement removes completed handle from all parent views","ms":1.806834},{"name":"WHAT[managed-session-lifecycle-007] EXEC_009_codec_migrates_0_5_1_handle_completed_missing_blob_fields","ms":1.232875},{"name":"WHAT[managed-session-lifecycle-007] every completion race preserves the first production winner","ms":191.1605},{"name":"WHAT[managed-session-lifecycle-007] THEOREM_handle_completed_causally_awakens_joinable","ms":0.220333},{"name":"WHAT[managed-session-lifecycle-007] folding linked and completed facts exposes a joinable handle","ms":0.300708},{"name":"WHAT[managed-session-lifecycle-007] replayed link cannot reopen the completed cell for a different winner","ms":0.396667},{"name":"WHAT[obligation-ledger-003] plugin keeps no second desired/applied todo projection beside the Host-native TodoTable","ms":3.0165},{"name":"WHAT[obligation-ledger-002] empty and duplicate native todo lists pass through unchanged","ms":0.401792},{"name":"WHAT[obligation-ledger-002] installed OpenCode native executor replaces only the current session TodoTable; an empty todowrite is a Host no-op","ms":0.047042},{"name":"WHAT[obligation-ledger-006] empty or completed todos never grant mutation capability quality acceptance or retirement","ms":4.594958},{"name":"WHAT[managed-session-lifecycle-015] TPOL_linked_child_keeps_exact_handle_and_target","ms":0.391375},{"name":"WHAT[obligation-ledger-007] the retired decoder currently returns explicit refusal instead of a usable legacy fact","ms":4.673333},{"name":"WHAT[obligation-ledger-007] controlled legacy audit reading retains old accepted facts without activating gates prefix switching or Host writes","ms":0.81775},{"name":"WHAT[managed-session-lifecycle-015] actual recovered fork uses its runtime Agent ID handle and rebinds the same physical child (GAP-133)","ms":455.692042},{"name":"WHAT[relay-assessment-001] review schema is eight required PERFECT/REVISE/N/A scores with optional note","ms":5.195834},{"name":"WHAT[relay-assessment-001] malformed scores are rejected without coercion","ms":16.258959},{"name":"WHAT[relay-assessment-001] valid payload preserves exact ratings and rejects only on REVISE","ms":3.591},{"name":"WHAT[obligation-ledger-004] TodoCheckpointCommitted preserves observable companion, trace, blog, prefix-epoch and terminal state and isolates checkpoint windows","ms":31.533084},{"name":"WHAT[obligation-ledger-004] the completed-terminal checkpoint leaves every non-checkpoint projection slice untouched","ms":0.083541},{"name":"WHAT[managed-chat-execution-006] ambiguous and deleted evidence fail closed","ms":0.564084},{"name":"WHAT[obligation-ledger-005] no checkpoint before the exact completed terminal evidence","ms":0.578417},{"name":"WHAT[obligation-ledger-005] the exact completed terminal commits exactly one durable checkpoint","ms":0.367416},{"name":"WHAT[obligation-ledger-005] an error terminal closes the candidate without a checkpoint and without blocking another call","ms":0.044292},{"name":"WHAT[obligation-ledger-005] distinct sessions and calls never confuse checkpoint identities","ms":0.0355},{"name":"WHAT[obligation-ledger-005] concurrent duplicate terminals share one append outcome instead of an early success","ms":0.094},{"name":"WHAT[obligation-ledger-005] concurrent duplicates of a successful terminal share the one append and commit exactly one fact","ms":0.031208},{"name":"WHAT[obligation-ledger-005] a WriteUnknown append outcome is never retried for the same call","ms":0.07775},{"name":"WHAT[obligation-ledger-005] a WriterUnavailable outcome releases the call so a retry reaches a fresh writer admission","ms":0.028125},{"name":"WHAT[relay-assessment-003] assessment fold rejects mismatched authority or incumbent","ms":3.76825},{"name":"WHAT[relay-assessment-003] actual assessment evidence digest includes only public text before the exact call","ms":0.513792},{"name":"WHAT[managed-session-lifecycle-008] EXEC_009_consume_abandoned_writes_HandleRetired_second_AlreadyRetired","ms":0.811125},{"name":"WHAT[managed-session-lifecycle-008] actual join withholds payload until retirement append confirms and survives each crash cut with one delivery (GAP-133)","ms":562.00225},{"name":"WHAT[relay-assessment-004] revise assessment fold enters WorkOwned without a certificate","ms":4.954917},{"name":"WHAT[managed-chat-execution-010] actual recovery Host cancellation settles one exact execution and preserves its neighbours","ms":204.848042},{"name":"WHAT[relay-assessment-005] no-revise assessment projects assessment snapshot and authority into a certificate","ms":5.121667},{"name":"WHAT[relay-assessment-005] actual certificate binds every evidence field and immediately blocks workspace mutation","ms":1.256834},{"name":"WHAT[managed-chat-execution-006] public Host terminal event waits for durable commit before exact capacity release under held and uncertain append (GAP-126)","ms":2096.363042},{"name":"WHAT[provider-attempt-recovery-021] explicit retain settlement preserves the exact failed target for one fresh admission","ms":7.296958},{"name":"WHAT[provider-attempt-recovery-021] retry preference is consumed once and does not pin future admissions","ms":2.739166},{"name":"WHAT[provider-attempt-recovery-021] explicit condemnation consumes an exact witness once and rotates to a healthy target","ms":6.503375},{"name":"WHAT[relay-assessment-009] Manager independently investigates through its review-only tools or a read-only Engineer and treats implementer reports only as leads","ms":3.746208},{"name":"WHAT[relay-assessment-002] second assessment in one iteration is rejected without overwriting the first","ms":132.883208},{"name":"WHAT[relay-assessment-010] explicit invalidation blocks old certificate retirement and allows a new assessment iteration","ms":3.825083},{"name":"WHAT[relay-assessment-010] actual DevOps workspace mutation invalidates previous verification and assessment evidence","ms":1.207709},{"name":"WHAT[provider-attempt-recovery-021] the_settlement_fact_is_the_durable_provider_retry_attempt_acceptance","ms":205.068834},{"name":"WHAT[provider-attempt-recovery-021] the_lwr_retry_payload_replaces_the_covered_prefix_with_the_work_record","ms":4.2595},{"name":"WHAT[provider-attempt-recovery-021] actual ordinary and sync-delegate recovery combine exact durable LWR evidence and target settlement after licensing and before send (GAP-139)","ms":2.215708},{"name":"WHAT[managed-session-lifecycle-018] actual tool runtime detach preserves durable Active child without physical abort","ms":365.758833},{"name":"WHAT[host-boundary-033] superseded accepted execution settles before late provider observations and preserves the new execution","ms":2106.247333},{"name":"WHAT[managed-session-lifecycle-018] real TurnAborted, retry, Fission and unknown stops preserve durable handles and permit re-enlist after process restart (GAP-133)","ms":1069.417667},{"name":"WHAT[managed-session-lifecycle-018] authorized owner cancellation durably abandons only its child and awaits the held Host abort","ms":305.636291},{"name":"WHAT[managed-chat-execution-010] public logical cancel and session delete enumerate every key and await durable terminal plus real capacity release, including held append (GAP-126)","ms":2070.419583},{"name":"WHAT[managed-chat-execution-010] actual Host session deletion settles every admitted key and preserves another session","ms":793.375916},{"name":"WHAT[relay-context-projection-003] complete provider serialization carries no private control identifiers secrets or synthetic workspace narrative","ms":2.668583},{"name":"WHAT[relay-context-projection-004] first and successor Managers independently investigate the actual inherited work and never fabricate predecessor evidence","ms":4.226583},{"name":"WHAT[managed-session-lifecycle-019] recovery interpreter requests exact reconciliation for held terminal resources","ms":3.582375},{"name":"WHAT[host-boundary-033] rejected Host abort fails and releases the exact accepted human successor without a retry","ms":764.264291},{"name":"WHAT[host-boundary-033] a queued successor granted during the old attempt drain yields to the later human input before projection","ms":827.945417},{"name":"WHAT[host-boundary-033] P2A_repeated_params_hooks_are_observations_without_durable_evidence","ms":1.679917},{"name":"WHAT[host-boundary-033] P2A_interleaved_messages_do_not_cross_validate","ms":1.394042},{"name":"WHAT[host-boundary-033] P2A_unmanaged_auxiliary_child_is_exempt_not_managed","ms":2.297667},{"name":"WHAT[host-boundary-033] P2A_params_hook_is_read_only_exact_lease_validation","ms":3.153542},{"name":"WHAT[host-boundary-033] P2A_provider_step_gate_reads_exact_lease_not_session_copy","ms":3.111375},{"name":"WHAT[host-boundary-033] P2A_multi_step_and_late_events_keep_exact_identities","ms":4.90225},{"name":"WHAT[host-boundary-033] installed Host drains a superseded Guard and answers the exact fresh human input","ms":0.717667},{"name":"WHAT[host-boundary-033] installed Host drains a held Guard before waiting for its only capacity slot","ms":0.152042},{"name":"WHAT[relay-assessment-002] cross-iteration replay of another iteration assessment is rejected","ms":2.204583},{"name":"WHAT[managed-session-lifecycle-019] actual session delete waits for every exact terminal commit and capacity release before completing (GAP-126)","ms":2258.614833},{"name":"WHAT[relay-assessment-006] perfect assessment fold rejects a second semantic assessment","ms":249.651834},{"name":"WHAT[relay-assessment-008] Road fold distinguishes repair and finish facts for subsequent instruction selection","ms":252.397542},{"name":"WHAT[managed-session-lifecycle-018] plugin shutdown waits for already admitted provider transforms and terminal callbacks without logical cancellation (GAP-133)","ms":0.647334},{"name":"WHAT[managed-session-lifecycle-018] actual plugin dispose detaches capacity without cancelling durable Accepted executions","ms":1624.920583},{"name":"WHAT[relay-assessment-007] assessment fold accepts the supplied submission snapshot and exact replay","ms":285.932459},{"name":"WHAT[relay-context-projection-007] crash recovery and Accepted-certificate invalidation keep the committed retired request identity without filtering physical history","ms":4.312292},{"name":"WHAT[relay-assessment-006] actual accepted revise assessment removes permission for a new review call","ms":2385.716125},{"name":"WHAT[relay-context-projection-009] fixed DevOps execution facts and predecessor interactions reach the successor through their real owners without synthesized conclusions","ms":3.819416},{"name":"WHAT[relay-assessment-007] actual review tool accepts a valid call after malformed input","ms":2394.585458},{"name":"WHAT[managed-session-lifecycle-019] actual logical cancel waits for every key settlement and exact capacity release (GAP-126)","ms":859.22},{"name":"WHAT[managed-session-lifecycle-019] uncertain terminal commit keeps cancel and delete fail closed without release (GAP-126)","ms":624.97175},{"name":"WHAT[relay-retirement-001] ordinary assistant stop does not retire Manager and exceptional terminals are not forged suicide","ms":7.937708},{"name":"WHAT[relay-context-projection-001] actual retirement owner then NarrativeTransform retain all physical history for its successor","ms":2672.29825},{"name":"WHAT[relay-context-projection-001] Host physical transcript and durable audit survive actual process restart without loss","ms":1.581958},{"name":"WHAT[relay-retirement-007] Continue retirement commits a closed Continue outcome with cut binding","ms":5.746375},{"name":"WHAT[relay-retirement-007] Accepted retirement commits a closed Accepted outcome with certificate binding","ms":1.236208},{"name":"WHAT[relay-retirement-007] Accepted with a stale different snapshot fails","ms":1.451292},{"name":"WHAT[relay-retirement-007] cleanup-blocked fold accepts a subsequent exact certificate retirement transaction","ms":2.459292},{"name":"WHAT[relay-retirement-007] real durable retirement is atomic across crash points and cleanup retry","ms":1.241417},{"name":"WHAT[relay-retirement-007] retirement ends incumbent obligations without rewriting independent context-compression history","ms":1.594167},{"name":"WHAT[relay-retirement-007] Accepted road cannot reopen new incumbency while certificate is valid","ms":4.220583},{"name":"WHAT[relay-context-projection-002] real cut rejects an old request but accepts the owner-issued successor identity","ms":2746.73925},{"name":"WHAT[relay-assessment-008] actual REVISE assessment selects exactly its current instruction resource","ms":2282.121167},{"name":"WHAT[relay-assessment-002] actual tool exact replay returns the accepted result","ms":2261.678584},{"name":"WHAT[relay-retirement-009] real scope tracking excludes fixed DevOps work from Manager retirement blockers","ms":266.037208},{"name":"WHAT[relay-context-projection-005] actual Continue dispatch stays in the same physical session and preserves the prior history","ms":2772.603291},{"name":"WHAT[relay-assessment-008] actual PERFECT assessment selects exactly its current instruction resource","ms":916.859791},{"name":"WHAT[relay-assessment-008] actual N/A assessment selects exactly its current instruction resource","ms":724.139125},{"name":"WHAT[relay-assessment-008] every pre-assessment role ledger and tool surface conceals later assignments and loop mechanics","ms":0.754708},{"name":"WHAT[relay-retirement-009] real scope tracking still blocks an incumbent Engineer and its PTY","ms":197.485875},{"name":"WHAT[relay-retirement-009] a PTY name containing devops does not change its actual Engineer ownership","ms":172.076125},{"name":"WHAT[relay-retirement-009] actual Continue transfers fixed DevOps work and processes while Accepted or exceptional termination physically closes them","ms":0.95125},{"name":"WHAT[repository-programming-006] JS011_sandbox_program_uses_bindings_end_to_end","ms":48.408208},{"name":"WHAT[repository-programming-006] JS011_program_runs_and_returns_json","ms":1.673},{"name":"WHAT[repository-programming-006] JS011_api_is_the_only_authority_in_the_context","ms":1.63775},{"name":"WHAT[repository-programming-006] JS054_1_sync_infinite_loop_is_killed_by_vm_timeout","ms":208.572708},{"name":"WHAT[repository-programming-006] JS054_1_async_deadline_proxy_aborts_api_calls_after_deadline","ms":11.871667},{"name":"WHAT[repository-programming-006] JS054_2_output_bound_rejects_oversized_results","ms":22.272},{"name":"WHAT[repository-programming-006] output budget measures UTF-8 bytes and accepts the exact boundary","ms":9.253583},{"name":"WHAT[repository-programming-006] pending async work and post-await computation terminate within the execution budget","ms":0.412333},{"name":"WHAT[repository-programming-006] memory exhaustion is contained without exhausting the Host process","ms":3.789208},{"name":"WHAT[repository-programming-011] JS010_circular_return_is_invalid_return_value","ms":231.749334},{"name":"WHAT[repository-programming-011] JS010_missing_return_is_invalid_return_value","ms":41.862667},{"name":"WHAT[repository-programming-011] JS010_explicit_undefined_is_invalid_return_value","ms":7.709625},{"name":"WHAT[repository-programming-011] JS010_function_is_invalid_return_value","ms":7.305917},{"name":"WHAT[repository-programming-011] JS010_symbol_is_invalid_return_value","ms":2.733334},{"name":"WHAT[repository-programming-011] JS010_array_null_is_invalid_return_value","ms":30.498291},{"name":"WHAT[repository-programming-011] JS010_mixed_object_array_is_invalid","ms":11.032709},{"name":"WHAT[repository-programming-012] JS008_012_bindings_rewrite_stages_without_touching_disk","ms":197.158792},{"name":"WHAT[repository-programming-012] JS009_012_bindings_write_leaves_disk_untouched","ms":4.477792},{"name":"WHAT[relay-context-projection-006] actual projection of the same committed facts is deterministic and adds no messages","ms":3128.20775},{"name":"WHAT[repository-programming-012] JS012_prepare_then_commit_updates_only_integrator_Current","ms":42.130125},{"name":"WHAT[repository-programming-012] JS012_workflow_with_store_persists_prepare_and_commit","ms":43.061417},{"name":"WHAT[verification-system-002] the registered Long Stroke entry exists","ms":6.143},{"name":"WHAT[verification-system-002] a missing sole Long Stroke entry fails closed","ms":3.6845},{"name":"WHAT[repository-programming-019] JS085_workflow_preflight_blocks_stale_rewrite_without_touching_disk","ms":25.291208},{"name":"WHAT[repository-programming-019] JS085_workflow_program_error_fails_without_commit","ms":39.609417},{"name":"WHAT[repository-programming-019] JS019_invalid_return_value_commits_nothing","ms":11.402125},{"name":"WHAT[relay-assessment-002] changed public narrative binding rejects replay without changing the accepted facts","ms":1223.724541},{"name":"WHAT[verification-system-004] module loadability verifier is red when a dist module fails to load","ms":13.870833},{"name":"WHAT[verification-system-004] parseConcurrency accepts unset, empty, and boolean values","ms":0.696792},{"name":"WHAT[verification-system-004] parseConcurrency treats false as 1 alias","ms":0.678},{"name":"WHAT[verification-system-004] parseConcurrency accepts positive integers","ms":0.725833},{"name":"WHAT[verification-system-004] parseConcurrency throws input error on non-positive, NaN, or non-integer","ms":2.627291},{"name":"WHAT[verification-system-004] assertConcurrency forwards to parseConcurrency","ms":3.388625},{"name":"WHAT[verification-system-004] integration entry coverage goes red for an unwired integration test","ms":2.360583},{"name":"WHAT[verification-system-004] integration entry coverage goes red for stale or duplicate wiring","ms":0.609},{"name":"WHAT[verification-system-004] integration entry coverage goes red when a child-owned test is not declared","ms":1.776875},{"name":"WHAT[verification-system-004] spec gate rejects duplicate CHATEXEC identifiers","ms":3.194416},{"name":"WHAT[verification-system-004] js-boundary-gate verifier is red on controlled A-D semantic debt","ms":35.2585},{"name":"WHAT[verification-system-004] boundary guard distinguishes environment keys from compiler-name lookups","ms":12.308125},{"name":"WHAT[structured-workflow-012] output reset clears children and preserves foreign linked input","ms":345.631333},{"name":"WHAT[structured-workflow-012] output reset rejects a linked root without replacing it or clearing foreign input","ms":2.814917},{"name":"WHAT[structured-workflow-012] output reset creates a missing directory and preserves invalid file and dangling-link roots","ms":6.384083},{"name":"WHAT[structured-workflow-012] Mac nested mounted output resets under immutable input and cleanup preserves the original callback failure","ms":0.1625},{"name":"WHAT[structured-workflow-012] changed .fs with unchanged .fsi triggers reverse-consumer recompile","ms":15.024875},{"name":"WHAT[structured-workflow-012] generated impact DAGs preserve change union signature monotonicity and canonical flat inputs","ms":49.633083},{"name":"WHAT[structured-workflow-012] disk inventory plans identically through the split stages","ms":7.151167},{"name":"WHAT[verification-system-003] isCountedSseEvent excludes server.heartbeat only","ms":31.0785},{"name":"WHAT[verification-system-003] normalizeEventCeilings rejects non-positive integers","ms":1.087958},{"name":"WHAT[verification-system-003] eventCeilingSetupProblems matches schema contract","ms":7.098458},{"name":"WHAT[verification-system-003] attachEventCeilings breaches maxSseEvents without counting heartbeats","ms":0.817542},{"name":"WHAT[verification-system-003] long-stroke.toml pins measured exact event ceilings","ms":22.876125},{"name":"WHAT[verification-system-003] Long Stroke keeps one Manager loop and two exact consecutive failures","ms":33.101042},{"name":"WHAT[verification-system-003] e2e case ceiling is zero — no cases/ channel","ms":6.027792},{"name":"WHAT[structured-workflow-012] implementation changes reach reverse consumers","ms":7.670417},{"name":"WHAT[verification-system-003] missing or empty cases/ is allowed (no throw)","ms":4.27775},{"name":"WHAT[verification-system-003] sole e2e entry declares unsimulatable physical contracts","ms":1.36975},{"name":"WHAT[verification-system-003] active-join user-message injection waits for physical ToolPart running","ms":1.548},{"name":"WHAT[verification-system-003] format-build-test does not repeat-until-pass","ms":0.801083},{"name":"WHAT[structured-workflow-012] signature-risky implementation changes independently reach reverse consumers across all syntax forms","ms":100.846292},{"name":"WHAT[structured-workflow-012] missing sibling fsi independently triggers signature risk and pulls reverse consumers","ms":3.942625},{"name":"WHAT[structured-workflow-012] comments and string literals containing Literal or inline do not trigger signature risk","ms":35.690333},{"name":"WHAT[relay-retirement-004] actual cleanup-blocked retirement keeps new work admission frozen","ms":2262.890709},{"name":"WHAT[relay-retirement-004] exact-incumbency freeze precedes recursive observation and never leaks into next incarnation of the same session","ms":1.28775},{"name":"WHAT[structured-workflow-012] incremental compile executes focused flat compile and records cache","ms":21.247833},{"name":"WHAT[structured-workflow-012] signature changes include every reverse consumer and exact forward union","ms":4.872541},{"name":"WHAT[relay-retirement-002] actual suicide refuses unassessed work then permits assessed REVISE with a dirty workspace","ms":2386.668292},{"name":"WHAT[structured-workflow-012] toolchain changes and oversized impact select one full flat build","ms":8.871625},{"name":"WHAT[relay-retirement-002] unmerged changes failed tests and open obligations do not independently block actual retirement","ms":4.424625},{"name":"WHAT[structured-workflow-012] materialized impact project has exact canonical inputs and zero ProjectReference","ms":7.504458},{"name":"WHAT[structured-workflow-012] multi-change union compiles each closure once","ms":8.1715},{"name":"WHAT[verification-system-006] event safety ceilings validate input and count actual non-heartbeat events","ms":5.139375},{"name":"WHAT[relay-retirement-003] an actual accepted unfinished Engineer child blocks retirement","ms":2500.527667},{"name":"WHAT[relay-retirement-003] recursive descendants PTYs leases active tools and unobserved cancellation all block by current incumbent ownership","ms":3.043625},{"name":"WHAT[relay-context-projection-008] an internal wake is retained as history but cannot become successor authority","ms":2745.918125},{"name":"WHAT[relay-context-projection-008] every accepted physical authority revision is retained across restart and successor projection","ms":0.942125},{"name":"WHAT[verification-system-009] missing e2e root fails closed, not green with zero files","ms":12.327833},{"name":"WHAT[verification-system-009] non-directory e2e root fails closed","ms":3.578042},{"name":"WHAT[verification-system-009] integration entry coverage accepts an exact reachable set","ms":1.552708},{"name":"WHAT[verification-system-009] integration entry coverage delegates the exact declared child-owned set","ms":0.848125},{"name":"WHAT[verification-system-009] discoverSuiteTests lists every package *.test.mjs and excludes the runner","ms":2.746917},{"name":"WHAT[verification-system-009] discoverSuiteTests auto-includes an added test and excludes non-test files","ms":1.873292},{"name":"WHAT[verification-system-009] discovery rejects a missing required suite directory","ms":0.732542},{"name":"WHAT[verification-system-006] diagnostics preserve the actual wait and monitored subject","ms":22.615959},{"name":"WHAT[verification-system-009] integration discovery ignores examples in strings and comments","ms":3.690417},{"name":"WHAT[verification-system-006] missing and corrupt wait snapshots disclose the diagnostic gap","ms":44.864292},{"name":"WHAT[verification-system-006] the initial silence window covers execution before its first progress","ms":4.472333},{"name":"WHAT[verification-system-006] continuing progress outlives a window and silence is measured from its last advance","ms":3.568083},{"name":"WHAT[verification-system-006] completed verdicts renew the window while repeated log traffic cannot","ms":4.499416},{"name":"WHAT[verification-system-006] scheduling events do not renew the silence window","ms":1.30875},{"name":"WHAT[verification-system-006] file waits distinguish queued, active and verdicts awaiting stream drain","ms":1.136083},{"name":"WHAT[verification-system-006] file lifecycle facts reject unknown entries and impossible transitions","ms":1.340666},{"name":"WHAT[verification-system-011] selectProductionModules excludes fable_modules so untested modules count at 0%","ms":22.082792},{"name":"WHAT[verification-system-011] verifyCoverageDenominator catches missing and extra files","ms":3.514667},{"name":"WHAT[verification-system-009] integration discovery selects real declarations and propagates malformed source","ms":5.759833},{"name":"WHAT[structured-workflow-012] project file changes select one full flat build","ms":6.212375},{"name":"WHAT[verification-system-007] explicit virtual time and cancellation replay the same causal trace","ms":25.944667},{"name":"WHAT[verification-system-010] frozen event budgets reject invalid limits and count only substantive SSE events","ms":12.096542},{"name":"WHAT[verification-system-010] exceeding an event budget fails instead of extending its limit","ms":0.725417},{"name":"WHAT[verification-system-010] the Long Stroke retains its existing acceptance event ceilings","ms":24.654917},{"name":"WHAT[verification-system-007] deterministic families preserve replay, restart, identity, and fence laws","ms":84.980125},{"name":"WHAT[verification-system-007] executes every valid identity/admission/capacity causal interleaving","ms":115.036958},{"name":"WHAT[verification-system-007] deterministic queue enumerates races explicitly","ms":0.417917},{"name":"WHAT[verification-system-005] import does not activate the rejected plugin entry","ms":831.780083},{"name":"WHAT[verification-system-012] the same detector rejects controlled line gates and permits ordinary measurements","ms":3.811333},{"name":"WHAT[verification-system-012] registered gates and npm entries contain no known mechanical line rule","ms":8.623},{"name":"WHAT[verification-system-007] completion source order is explicit","ms":0.897791},{"name":"WHAT[verification-system-011] coverage exclude globs are fixed: node_modules, fable_modules, tests, scripts","ms":2.035041},{"name":"WHAT[verification-system-008] assertBuildFresh succeeds on current repository build","ms":234.657667},{"name":"WHAT[verification-system-007] runTrace advances clock and appends durably","ms":137.559583},{"name":"WHAT[verification-system-008] no-op mode preserves manifest and generation","ms":91.610625},{"name":"WHAT[verification-system-007] recorded provider port replays in enqueued order","ms":1.271292},{"name":"WHAT[verification-system-007] journal release drains accepted append prefix and rejects later admission","ms":3.909875},{"name":"WHAT[verification-system-008] manifest corruption causes assertBuildFresh to throw with code","ms":2.95},{"name":"WHAT[verification-system-007] journal poison preserves the first physical failure and stops storage traffic","ms":2.000042},{"name":"WHAT[verification-system-008] missing or stale output entry causes assertBuildFresh to throw","ms":4.153834},{"name":"WHAT[verification-system-007] reconcile shutdown closes admission and waits for the running pass","ms":3.115625},{"name":"WHAT[verification-system-007] poisoned durable substrate rejects new reconcile admission","ms":0.59525},{"name":"WHAT[verification-system-008] changed .fs with unchanged .fsi triggers reverse-consumer recompile","ms":4.232333},{"name":"WHAT[verification-system-007] plugin scope drains reconcile and admitted Host work before disposal","ms":3.989875},{"name":"WHAT[verification-system-007] plugin scope preserves detached background failure instead of swallowing it","ms":1.545375},{"name":"WHAT[verification-system-008] untracked new production source fails compile-shard inventory","ms":4.033166},{"name":"WHAT[verification-system-015] E1: prose decoy does not register as domain fact case","ms":10.055},{"name":"WHAT[verification-system-015] E2: UTF-8 and trailing line chunking waits for complete line before committing","ms":5.730625},{"name":"WHAT[verification-system-015] E3: complete line with invalid JSON or identity collision fails closed","ms":3.821125},{"name":"WHAT[verification-system-015] E4: consumed prefix truncation fails closed","ms":4.388708},{"name":"WHAT[relay-assessment-002] same identity with changed input is a replay conflict and the accepted result stays","ms":1401.07925},{"name":"WHAT[verification-system-015] file identity replacement fails even when size and bytes are unchanged","ms":1.351458},{"name":"WHAT[verification-system-015] multi-writer interleaving, subscription and close semantics","ms":6.918833},{"name":"WHAT[verification-system-011] a workspace symlink preserves the production coverage denominator","ms":301.374833},{"name":"WHAT[verification-system-014] the Long Stroke entry satisfies the watchdog-feed guard","ms":2.697834},{"name":"WHAT[verification-system-014] matchInvestigationOutlookMarker correctly identifies outlook markers and never falls back to raw description","ms":2.512208},{"name":"WHAT[verification-system-014] the compiled Long Stroke scenario preserves its Manager and consecutive-failure cases","ms":26.517958},{"name":"WHAT[verification-system-014] Long Stroke 真实物理验收环境","ms":0.210917},{"name":"WHAT[verification-system-011] 1. 一份被测文件、一份未导入文件: 两者都在分母，未导入文件为零","ms":221.992292},{"name":"WHAT[verification-system-005] skip does not activate the rejected plugin entry","ms":764.139167},{"name":"WHAT[verification-system-011] 2. 未导入文件顶层抛错: 不执行该顶层代码，仍作为未覆盖文件出现","ms":257.056834},{"name":"WHAT[verification-system-006] real silence diagnostics identify active waits separately from queued files","ms":1276.877333},{"name":"WHAT[relay-assessment-002] same input under a new call id is already-submitted","ms":1146.747666},{"name":"WHAT[relay-assessment-002] cross-incumbency replay of a retired review call is rejected","ms":819.920875},{"name":"WHAT[verification-system-011] 3. 同名文件分处两个目录: 报表两条独立记录","ms":271.827958},{"name":"WHAT[verification-system-011] 4. 主测试与一个正常完成的子进程覆盖不同分支: 合并后的同一文件包含两条实际路径","ms":394.00725},{"name":"WHAT[verification-system-018] compiler evidence guard rejects direct FCS use and allows ordinary Fable compilation","ms":3.13425},{"name":"WHAT[verification-system-018] source and tooling contain no known compiler evidence entry points","ms":371.54925},{"name":"WHAT[relay-retirement-008] actual Accepted suicide returns without abort and the next transform stops the retired attempt","ms":2477.249542},{"name":"WHAT[verification-system-020] the property facility reproduces a bounded seeded input sequence","ms":6.944583},{"name":"WHAT[verification-system-020] a controlled false law reports a shrink path that replays its counterexample","ms":5.156708},{"name":"WHAT[verification-system-005] unused plugin fixtures defer production entry failures until activation","ms":2540.022292},{"name":"WHAT[verification-system-021] compact and verbose reports preserve outcomes and visible exclusions","ms":6.846083},{"name":"WHAT[verification-system-021] cancelled and TODO failures are not ordinary assertion verdicts","ms":1.497375},{"name":"WHAT[verification-system-021] conflicting final results cannot erase a previous failure","ms":1.554041},{"name":"WHAT[verification-system-021] equal names in different files or distinct subtests do not collapse","ms":1.017708},{"name":"WHAT[verification-system-021] a failing suite preserves its container failure without double counting leaves","ms":2.067042},{"name":"WHAT[verification-system-021] shared registration sources retain each entry ownership and repeated container verdicts count once","ms":1.254167},{"name":"WHAT[verification-system-011] 5. 测试断言失败: 命令失败，即使已写出报告","ms":288.109584},{"name":"WHAT[verification-system-021] the real concurrent runner keeps shared helper tests under their own entry files","ms":173.095125},{"name":"WHAT[verification-system-021] a leaf completion cannot stand for completion of its file","ms":0.929584},{"name":"WHAT[verification-system-021] stream error and clean end have distinct completion evidence","ms":1.385875},{"name":"WHAT[verification-system-011] 6. 内层 runner 在测试启动前崩溃: 明确 infrastructure error，不接受全零报告当成功","ms":456.845708},{"name":"WHAT[verification-system-021] a real inner runner completes all leaves before file completion and summary","ms":120.730459},{"name":"WHAT[verification-system-021] summary and clean exit cannot disguise missing file completion","ms":117.852708},{"name":"WHAT[structured-workflow-012] production impact-set ladder classifies fs fsi project and toolchain","ms":239.542833},{"name":"WHAT[structured-workflow-012] compile-impact CLI plan-only smoke matches the planner","ms":2419.210417},{"name":"WHAT[structured-workflow-012] obsolete recursive-graph compile probes stay deleted","ms":3.600375},{"name":"WHAT[structured-workflow-012] fixed owner impact corpus drives the production planner without becoming a verdict","ms":7.046375},{"name":"WHAT[structured-workflow-012] owner impact corpus rejects stable-case deletion and baseline drift","ms":0.8555},{"name":"WHAT[verification-system-011] 7. raw 数据为空、JSON 损坏或错误 run-id: 命令失败，不读取历史数据兜底","ms":39.290042},{"name":"WHAT[structured-workflow-012] baseline writer binds one clean exact commit and refuses overwrite","ms":4.636917},{"name":"WHAT[verification-system-021] aggregate drain cannot replace a planned file stream drain","ms":92.604708},{"name":"WHAT[structured-workflow-012] production focused closure carries upstream type-definition shards (CompanionHost regression)","ms":42.401625},{"name":"WHAT[structured-workflow-012] focused Controller compilation includes the exact ChatExecution contract used by SessionHostPort","ms":49.633375},{"name":"WHAT[structured-workflow-012] real Fable compiles a focused Controller change with its declared SessionHostPort contracts","ms":0.038708},{"name":"WHAT[structured-workflow-012] disk inventory matches the legacy plan and rejects unmapped added sources fail-closed","ms":6.281416},{"name":"WHAT[structured-workflow-012] inventory rejects bad topology inputs and planning rejects bad change inputs","ms":19.318292},{"name":"WHAT[structured-workflow-012] flat Fable projection planner produces exact closure and canonical aggregate order","ms":1.767208},{"name":"WHAT[structured-workflow-012] flat Fable projection materializes zero ProjectReference and isolated scratch props","ms":5.037959},{"name":"WHAT[structured-workflow-012] flat projection rejects missing or stale ProjectReference before compiler invocation","ms":4.285584},{"name":"WHAT[structured-workflow-012] flat Fable projection materialization escapes XML metacharacters, strips emitter identity, and binds source bytes into isolated fingerprints","ms":6.464875},{"name":"WHAT[structured-workflow-012] failure lifecycle prevents false-green warm cache and enforces success marker contract","ms":10.622375},{"name":"WHAT[structured-workflow-012] compile-impact CLI compiles a focused production implementation change","ms":0.13225},{"name":"WHAT[structured-workflow-012] switching focused closures in one output directory emits the newly selected module","ms":0.089125},{"name":"WHAT[structured-workflow-012] compile-impact CLI emits fresh output into a scratch output dir and never writes a success manifest","ms":0.025333},{"name":"WHAT[structured-workflow-012] compile-impact CLI re-emits reverse consumers for inline body changes","ms":0.01925},{"name":"WHAT[structured-workflow-012] deleting a source purges its stale JS from dist","ms":0.020666},{"name":"WHAT[structured-workflow-012] independent Fable checks enforce compile-shard input boundaries","ms":0.016375},{"name":"WHAT[structured-workflow-012] collectTrackedInputs includes compile-order global.json and build state scripts, and compile-order change triggers full plan","ms":5.687375},{"name":"WHAT[structured-workflow-012] compileIncremental enforces mandatory changedPaths and bypasses build-manifest read and write","ms":7.271125},{"name":"WHAT[structured-workflow-012] compileIncremental staging semantics protects outputDir from failure pollution","ms":16.191875},{"name":"WHAT[verification-system-021] a clean child exit without authoritative summary is inconclusive","ms":131.984583},{"name":"WHAT[verification-system-011] 8. 分母与 build receipt 对等 (source map / dist mismatch)","ms":259.62625},{"name":"WHAT[verification-system-011] 9. 测试运行期间生产文件被改写: INPUT_CHANGED，不授予本次报告当前性","ms":273.233209},{"name":"WHAT[verification-system-017] repository and package entries own distinct real integration suites","ms":1503.020459},{"name":"WHAT[verification-system-021] a tier exclusion identifies the missing execution tier","ms":155.30225},{"name":"WHAT[verification-system-021] a known TODO cannot authorize complete acceptance","ms":157.484042},{"name":"WHAT[structured-workflow-012] compileIncremental staging rebaseEmittedImports rebases escaping imports landing in targetDir while preserving normal and external imports","ms":22.788084},{"name":"WHAT[structured-workflow-012] build mode decisions: plain fs changes plan focused, non-fs inputs plan full, and plan matches run mode","ms":390.777},{"name":"WHAT[structured-workflow-012] build failure preserves prior valid manifest and does not delete it (unit: pre-compile failure)","ms":143.164416},{"name":"WHAT[structured-workflow-012] build failure preserves prior valid manifest and does not delete it (integration: compiler failure)","ms":0.073042},{"name":"WHAT[structured-workflow-012] flat closure compilation compiles transitive closure green and keeps unreferenced sources red","ms":0.020875},{"name":"WHAT[verification-system-016] the formal fixture captures an explicit complete npm package and actual selected Node binary","ms":2604.179125},{"name":"WHAT[verification-system-021] missing or unloadable planned files fail the real supervisor despite completed file wrappers","ms":403.48625},{"name":"WHAT[verification-system-006] synchronous work and microtasks deliver completed verdicts before the file ends","ms":2348.567042},{"name":"WHAT[verification-system-009] the actual repository discovery refuses missing or malformed suites with nonzero exit","ms":113.411583},{"name":"WHAT[verification-system-009] the real integration entry covers every discovered integration test","ms":3610.304125},{"name":"WHAT[verification-system-009] every ladder step target exists as a real file","ms":0.32125},{"name":"WHAT[relay-retirement-008] actual Continue starts one same-session successor whose transform retains the old physical history without another abort","ms":1453.601792},{"name":"WHAT[relay-retirement-008] physical prompt after Accepted suicide invalidates certificate and unblocks successor manager tools","ms":1875.137875},{"name":"WHAT[relay-retirement-008] a controlled in-flight Host interrupt prevents successor dispatch until exact provider-step release and physical interruption complete","ms":0.973916},{"name":"WHAT[verification-system-017] release adds one Long Stroke and package proof after a clean build","ms":430.731125},{"name":"WHAT[verification-system-005] activating the fixture still loads and creates the real plugin","ms":2006.9195},{"name":"WHAT[verification-system-005] reporter failure during consumption cannot strand the runner after source close","ms":2.87825},{"name":"WHAT[verification-system-005] reporter failure after source completion is reported and cannot produce a successful drain","ms":0.860291},{"name":"WHAT[verification-system-017] a failed stage stops the ladder without retry or a success result","ms":1048.42975},{"name":"WHAT[verification-system-017] daily verification executes each stage in order","ms":220.150417},{"name":"WHAT[verification-system-008] release output reset physically removes stale artifacts","ms":1.654416},{"name":"WHAT[verification-system-008] emitted dist modules pass linkage and dynamic loadability gate","ms":3822.775},{"name":"WHAT[verification-system-008] module loadability verifier is red when a dist module fails to load","ms":2.060042},{"name":"WHAT[verification-system-017] formal verification cannot inherit a narrowed test selection","ms":1.040625},{"name":"WHAT[verification-system-017] profiled verification reports the stages actually executed","ms":179.11675},{"name":"WHAT[verification-system-009] every wired gate path exists and checks set matches scripts/checks directory","ms":0.546917},{"name":"WHAT[verification-system-009] repository closure gates reject an unassigned production source and package member","ms":713.187083},{"name":"WHAT[verification-system-005] successful reporter drains every event before reporting completion","ms":2.664917},{"name":"WHAT[verification-system-005] the real CI verification step preserves failure and success exit codes","ms":1177.172625},{"name":"WHAT[verification-system-005] traversal errors are not masked (cause preserved)","ms":0.959417},{"name":"WHAT[verification-system-005] verify halts and marks subsequent steps not-run when format:check fails","ms":112.382292},{"name":"WHAT[verification-system-005] verify halts and marks subsequent steps not-run when check fails","ms":88.789334},{"name":"WHAT[verification-system-005] verify halts and marks subsequent steps not-run when build fails","ms":117.27975},{"name":"WHAT[verification-system-005] rejected, missing and throwing gates return failure","ms":2.204542},{"name":"WHAT[verification-system-005] waitAny fatal cancellation removes every registered waiter","ms":0.683958},{"name":"WHAT[verification-system-005] waitAny rejects an open or malformed alternative set","ms":0.345125},{"name":"WHAT[verification-system-005] walk throws on a missing root instead of returning an empty array","ms":0.442708},{"name":"WHAT[verification-system-005] walk throws on a non-directory root instead of returning [root]","ms":1.138584},{"name":"WHAT[verification-system-005] walk throws on a nested unreadable directory instead of silently skipping it","ms":1.122875},{"name":"WHAT[verification-system-005] walk rejects a symlink entry instead of following or skipping it","ms":0.967166},{"name":"WHAT[verification-system-005] walk rejects a symlink root instead of following it","ms":0.942083},{"name":"WHAT[verification-system-005] walk returns sorted matching paths on a normal tree","ms":1.386208},{"name":"WHAT[verification-system-005] walk preserves the SKIP directory set","ms":1.89375},{"name":"WHAT[verification-system-016] wrong selected tool archive digest publishes no candidate","ms":87.035292},{"name":"WHAT[verification-system-016] tool role paths reject aliases and npm entrypoints outside the selected npm package","ms":2561.131458},{"name":"WHAT[verification-system-006] transport scheduling cannot renew unfinished work or background noise","ms":3282.323041},{"name":"WHAT[verification-system-016] actual bundled Node and npm probes ignore hostile ambient HOME launchers and npm configuration","ms":2443.311625},{"name":"WHAT[verification-system-006] transport scheduling preserves after-hook failure verdicts","ms":2264.630667},{"name":"WHAT[verification-system-006] repeat observations of one causal state do not renew twice","ms":0.591417},{"name":"WHAT[verification-system-006] stop cancels monitoring and late signals cannot resurrect it","ms":0.345834},{"name":"WHAT[verification-system-006] changing the window does not invent new causal progress","ms":0.525667},{"name":"WHAT[verification-system-006] restoring the default window retains the original last-progress time","ms":0.74225},{"name":"WHAT[verification-system-006] failed diagnostic collection discloses its cause before exit","ms":0.555542},{"name":"WHAT[verification-system-006] hung diagnostic collection discloses missing information and cannot prevent exit","ms":0.397375},{"name":"WHAT[verification-system-006] successful diagnostic collection completes before a single exit","ms":0.322792},{"name":"WHAT[verification-system-006] a diagnostic output failure still terminates once and cannot restart monitoring","ms":0.275833},{"name":"WHAT[verification-system-006] consumed expectation observations preserve the matched physical attempt","ms":0.969041},{"name":"WHAT[verification-system-006] turn observations keep session identity and forget pre-restart cursors","ms":0.344917},{"name":"WHAT[verification-system-006] alternative progress waits resolve the observed branch and release siblings","ms":0.274833},{"name":"WHAT[verification-system-016] a missing declared npm library cannot be borrowed from the candidate parent directory by the actual npm CLI","ms":878.112667},{"name":"WHAT[verification-system-016] complete root npm dependencies cannot conceal a missing declared transitive production library","ms":843.961875},{"name":"WHAT[verification-system-016] a valid selected archive missing an npm required module fails the actual npm probe and reclaims its private resources","ms":2815.808375},{"name":"WHAT[verification-system-016] an internal symbolic Node entrypoint cannot stand in for the selected executable file","ms":796.857125},{"name":"WHAT[verification-system-016] a non-executable selected Node file cannot authorize a tool probe","ms":771.241333},{"name":"WHAT[verification-system-016] an actual npm CLI that adds an unselected file before reporting its real version cannot publish the original bundle identity","ms":2162.982125},{"name":"WHAT[verification-system-016] a held actual npm probe preserves Error cancellation and drains its process group","ms":2213.823792},{"name":"WHAT[verification-system-016] a held actual npm probe preserves null cancellation and drains its process group","ms":2171.27},{"name":"WHAT[verification-system-016] already aborted tool preparation preserves Error before reading a missing archive","ms":0.569791},{"name":"WHAT[verification-system-016] already aborted tool preparation preserves null before reading a missing archive","ms":0.227084},{"name":"WHAT[verification-system-016] selected Node and complete npm bundle preparation binds actual probes without borrowing ambient configuration","ms":20495.128958},{"name":"WHAT[verification-system-016] two actual locked registry packages preserve modes use the selected bundle layout and bind its complete identity after tools cleanup","ms":4354.107291},{"name":"WHAT[verification-system-016] npm tool archive rejects non-CLI library bytes changed during a real held install and reclaims unpublished dependencies","ms":3717.707625},{"name":"WHAT[verification-system-016] npm tool archive rejects new tool member changed during a real held install and reclaims unpublished dependencies","ms":3833.631958},{"name":"WHAT[verification-system-016] npm tool archive held install cancellation preserves Error and reclaims tools installation and dependencies","ms":3533.418333},{"name":"WHAT[verification-system-016] npm tool archive held install cancellation preserves null and reclaims tools installation and dependencies","ms":4475.229167},{"name":"WHAT[verification-system-016] npm tool archive rejects a mismatched actual Node version before registry execution","ms":3126.906708},{"name":"WHAT[verification-system-016] npm tool archive rejects a mismatched actual npm version before registry execution","ms":3087.477083},{"name":"WHAT[verification-system-016] npm tool archive already aborted preserves Error before reading missing source or archive","ms":156.630792},{"name":"WHAT[verification-system-016] npm tool archive already aborted preserves null before reading missing source or archive","ms":128.318},{"name":"WHAT[verification-system-016] npm tool archive installation owns selected complete tools and locked dependencies through publication","ms":26415.407958},{"name":"WHAT[verification-system-016] a missing selected SDK executable is not borrowed from ambient dotnet","ms":1.971209},{"name":"WHAT[verification-system-016] a changed SDK archive digest publishes no candidate","ms":0.398166},{"name":"WHAT[verification-system-016] early SDK cancellation preserves Error before reading missing inputs","ms":0.327208},{"name":"WHAT[verification-system-016] early SDK cancellation preserves null before reading missing inputs","ms":0.191291},{"name":"WHAT[verification-system-016] a failing actual executable probe does not publish its archive identity","ms":585.866375},{"name":"WHAT[verification-system-016] dotnet roles cannot use traversal or a symbolic executable alias","ms":5.151541},{"name":"WHAT[verification-system-016] a non-executable selected dotnet role cannot launch a probe","ms":2.522542},{"name":"WHAT[verification-system-016] an escaping SDK archive link cannot capture a foreign runtime","ms":2.827},{"name":"WHAT[verification-system-016] selected SDK archive failures reclaim private roots and preserve exact global.json bytes","ms":603.94475},{"name":"WHAT[verification-system-016] actual selected version must match the explicitly expected SDK","ms":577.07775},{"name":"WHAT[verification-system-016] a selected wrapper cannot borrow SDK Base Path or runtimes from a live installation","ms":995.572667},{"name":"WHAT[verification-system-016] SDK version and provenance come from the selected executable rather than its role name","ms":1574.696667},{"name":"WHAT[verification-system-016] held SDK probe preserves Error cancellation and drains its actual process group","ms":1391.343459},{"name":"WHAT[verification-system-016] held SDK probe preserves null cancellation and drains its actual process group","ms":606.277042},{"name":"WHAT[verification-system-016] exact repository Git inputs install through a selected npm 11.12.1 bundle and real JavaScript consumers","ms":0.053291},{"name":"WHAT[verification-system-016] a complete selected SDK archive resolves the captured repository global.json and reclaims its owned roots","ms":0.020042},{"name":"WHAT[verification-system-016] the actual verification run binds its evidence to the same immutable candidate snapshot","ms":0.333583},{"name":"WHAT[verification-system-016] npm installation uses the selected real CLI and two locked registry packages without lifecycle scripts or ambient launcher configuration","ms":1844.098333},{"name":"WHAT[verification-system-016] npm installation rejects real registry bytes that violate the selected lock integrity and reclaims all installation resources","ms":1857.467125},{"name":"WHAT[verification-system-016] npm installation fails through real npm ci when a required transitive package is missing from the lock inventory","ms":1845.209625},{"name":"WHAT[verification-system-016] npm installation refuses file:../foreign","ms":1.224042},{"name":"WHAT[verification-system-016] npm installation refuses git+https://example.invalid/foreign.git","ms":0.584375},{"name":"WHAT[verification-system-016] npm installation refuses link:../foreign","ms":0.514333},{"name":"WHAT[verification-system-016] npm installation refuses workspace:*","ms":0.630166},{"name":"WHAT[verification-system-016] npm installation refuses .","ms":0.7925},{"name":"WHAT[verification-system-016] npm installation refuses ..","ms":0.674458},{"name":"WHAT[verification-system-016] npm installation refuses foreign.tgz","ms":0.596},{"name":"WHAT[verification-system-016] npm installation refuses foreign.tar.gz","ms":0.433417},{"name":"WHAT[verification-system-016] npm installation refuses foreign.tar","ms":0.54375},{"name":"WHAT[verification-system-016] npm installation refuses file git link and workspace dependency authorities before making registry requests","ms":138.214167},{"name":"WHAT[verification-system-016] npm installation cancellation closes the actual held tarball request preserves its original reason and reclaims partial installation","ms":1657.703416},{"name":"WHAT[verification-system-016] npm installation null reason cancellation preserves the exact reason after a real tarball request starts","ms":2311.04475},{"name":"WHAT[verification-system-016] npm installation refuses source overrides with foreign dependency authority before launching npm","ms":140.04625},{"name":"WHAT[verification-system-016] npm installation refuses different registry origin","ms":1.974167},{"name":"WHAT[verification-system-016] npm installation refuses registry path prefix sibling","ms":0.637666},{"name":"WHAT[verification-system-016] npm installation refuses registry credentials","ms":0.331292},{"name":"WHAT[verification-system-016] npm installation refuses registry query","ms":0.307792},{"name":"WHAT[verification-system-016] npm installation refuses registry fragment","ms":0.314375},{"name":"WHAT[verification-system-016] npm installation refuses nonlocal plaintext registry","ms":0.428625},{"name":"WHAT[verification-system-016] npm installation refuses locked tarball credentials","ms":0.497375},{"name":"WHAT[verification-system-016] npm installation refuses locked tarball query","ms":0.405166},{"name":"WHAT[verification-system-016] npm installation refuses locked tarball fragment","ms":0.491833},{"name":"WHAT[verification-system-016] npm installation refuses linked lock member","ms":0.404},{"name":"WHAT[verification-system-016] npm installation refuses source workspaces","ms":0.833334},{"name":"WHAT[verification-system-016] npm installation refuses locked root workspaces","ms":0.558375},{"name":"WHAT[verification-system-016] npm installation refuses nested git override","ms":0.391542},{"name":"WHAT[verification-system-016] npm installation refuses link override","ms":0.340834},{"name":"WHAT[verification-system-016] npm installation refuses workspace override","ms":0.352916},{"name":"WHAT[verification-system-016] npm installation refuses local archive or directory override .","ms":0.341875},{"name":"WHAT[verification-system-016] npm installation refuses local archive or directory override ..","ms":0.310458},{"name":"WHAT[verification-system-016] npm installation refuses local archive or directory override foreign.tgz","ms":0.313917},{"name":"WHAT[verification-system-016] npm installation refuses local archive or directory override foreign.tar.gz","ms":0.311416},{"name":"WHAT[verification-system-016] npm installation refuses local archive or directory override foreign.tar","ms":0.313459},{"name":"WHAT[verification-system-016] npm installation rejects registry escapes linked lock entries and source workspace authority before network or allocation","ms":145.10925},{"name":"WHAT[verification-system-016] npm installation refuses Node byte identity mismatch","ms":63.24275},{"name":"WHAT[verification-system-016] npm installation refuses npm CLI byte identity mismatch","ms":62.051208},{"name":"WHAT[verification-system-016] npm installation refuses actual npm version mismatch","ms":1359.995541},{"name":"WHAT[verification-system-016] npm installation refuses declared package manager mismatch","ms":0.733125},{"name":"WHAT[verification-system-016] npm installation admits only the selected Node CLI hashes version and declared package manager","ms":1617.921292},{"name":"WHAT[verification-system-016] npm installation already aborted with Error","ms":1.592625},{"name":"WHAT[verification-system-016] npm installation already aborted with null","ms":0.317792},{"name":"WHAT[verification-system-016] npm installation already aborted admission preserves Error and null reasons before reading missing source files","ms":129.122458},{"name":"WHAT[verification-system-016] explicit dependency archive identity preserves complete bytes modes and internal links independently of its origin","ms":55.894833},{"name":"WHAT[verification-system-016] dependency preparation rejects an unselected archive and binds lockfile and executable bytes to identity","ms":29.131542},{"name":"WHAT[verification-system-016] dependency archives reject external dangling cyclic aliasing and special entries without publishing or escaping their owned root","ms":26.317666},{"name":"WHAT[verification-system-016] dependency preparation fully consumes compressed archives and refuses malformed or truncated input and linked lockfiles","ms":27.097042},{"name":"WHAT[verification-system-016] a selected Git tree preserves complete raw source bytes and its own corpus inventory despite later workspace and index edits","ms":291.160375},{"name":"WHAT[verification-system-016] sha1 source candidate identity is independent of location and binds executable mode","ms":530.427875},{"name":"WHAT[verification-system-016] sha256 source candidate identity is independent of location and binds executable mode","ms":600.097375},{"name":"WHAT[verification-system-016] source preparation ignores replacement refs and inherited Git repository redirection","ms":354.7305},{"name":"WHAT[verification-system-016] a tree topology that cannot be faithfully materialized fails and reclaims its partial source root","ms":165.100625},{"name":"WHAT[verification-system-016] source preparation rejects unsupported Git entry 120000 without publishing a candidate","ms":169.214209},{"name":"WHAT[verification-system-016] source preparation rejects unsupported Git entry 160000 without publishing a candidate","ms":221.014791},{"name":"WHAT[verification-system-016] missing selected blobs fail source preparation without falling back to working files","ms":156.527333},{"name":"WHAT[verification-system-016] source preparation rejects repositories that may implicitly fetch promised objects","ms":106.997083},{"name":"WHAT[verification-system-016] verification rejects an unsealed symbolic input at src before running stages","ms":24.222041},{"name":"WHAT[verification-system-016] verification rejects an unsealed symbolic input at .github before running stages","ms":24.119875},{"name":"WHAT[verification-system-016] verification rejects an unsealed symbolic input at package.json before running stages","ms":23.368417},{"name":"WHAT[verification-system-016] verification rejects an unsealed symbolic input at resources/linked.txt before running stages","ms":23.34025},{"name":"WHAT[verification-system-016] verification rejects an unsealed symbolic input at requirements/p/linked before running stages","ms":22.951083},{"name":"WHAT[verification-system-016] verification rejects an unsealed symbolic input at resources/obj before running stages","ms":25.580125},{"name":"WHAT[verification-system-016] output directory names do not exclude ordinary input files, while root output links stay outside the closure","ms":36.319917},{"name":"WHAT[verification-system-016] tracked corpus rejects a symbolic file outside ordinary input roots","ms":63.508292},{"name":"WHAT[verification-system-016] tracked corpus rejects a symbolic ancestor outside ordinary input roots","ms":62.838},{"name":"WHAT[verification-system-016] tracked corpus rejects a dangling symbolic file outside ordinary input roots","ms":67.8},{"name":"WHAT[verification-system-016] tracked corpus rejects a dangling symbolic ancestor outside ordinary input roots","ms":63.553583},{"name":"WHAT[verification-system-016] tracked corpus proposals contribute their actual content to verification inputs","ms":87.362958},{"name":"WHAT[verification-system-016] corpus tracking addition changes verification identity without changing file bytes","ms":95.44925},{"name":"WHAT[verification-system-016] corpus tracking removal changes verification identity without changing file bytes","ms":110.939708},{"name":"WHAT[verification-system-016] collectGeneratedInputs rejects failed Git corpus inventory","ms":40.709584},{"name":"WHAT[verification-system-016] collectVerificationInputs rejects failed Git corpus inventory","ms":41.307625},{"name":"WHAT[verification-system-016] failed Git corpus inventory stops verification before any stage starts","ms":38.41},{"name":"WHAT[verification-system-016] collectVerificationInputs collects expected relative paths and diff detects mutations","ms":100.610416},{"name":"WHAT[verification-system-016] verify detects mid-flight inputs change via runStep perturbation and halts with fail","ms":194.623458},{"name":"WHAT[verification-system-016] verify with isolated logDirectory creates run dir and latest link without touching repo root","ms":146.176083},{"name":"WHAT[verification-system-016] a detected step-boundary mutation prevents later steps","ms":64.848958},{"name":"WHAT[verification-system-016] a mutation restored within one step still invalidates the run","ms":117.165208}],"failures":[],"byFile":[{"file":"/Users/yuanxi/Workwork/vibe-fs/requirements/concern-routing/tests/001.test.mjs","testCount":4,"passed":3,"failed":0,"durationMs":20.946082999999998},{"file":"/Users/yuanxi/Workwork/vibe-fs/requirements/attention-regulation/tests/006.test.mjs","testCount":2,"passed":1,"failed":0,"durationMs":15.683542},{"file":"/Users/yuanxi/Workwork/vibe-fs/requirements/attention-regulation/tests/001.test.mjs","testCount":2,"passed":1,"failed":0,"durationMs":54.382333},{"file":"/Users/yuanxi/Workwork/vibe-fs/requirements/attention-regulation/tests/003.test.mjs","testCount":3,"passed":3,"failed":0,"durationMs":63.671625},{"file":"/Users/yuanxi/Workwork/vibe-fs/requirements/concern-routing/tests/007.test.mjs","testCount":1,"passed":0,"failed":0,"durationMs":3.441666},{"file":"/Users/yuanxi/Workwork/vibe-fs/requirements/crash-reconciliation/tests/020.test.mjs","testCount":9,"passed":5,"failed":0,"durationMs":92.61629199999999},{"file":"/Users/yuanxi/Workwork/vibe-fs/requirements/degeneration-guard/tests/004.test.mjs","testCount":7,"passed":5,"failed":0,"durationMs":955.648373},{"file":"/Users/yuanxi/Workwork/vibe-fs/requirements/delegation/tests/001.test.mjs","testCount":1,"passed":0,"failed":0,"durationMs":2.461625},{"file":"/Users/yuanxi/Workwork/vibe-fs/requirements/delegation/tests/002.test.mjs","testCount":1,"passed":1,"failed":0,"durationMs":6.082},{"file":"/Users/yuanxi/Workwork/vibe-fs/requirements/attention-regulation/tests/002.test.mjs","testCount":3,"passed":3,"failed":0,"durationMs":2811.5580009999994},{"file":"/Users/yuanxi/Workwork/vibe-fs/requirements/concern-routing/tests/002.test.mjs","testCount":4,"passed":4,"failed":0,"durationMs":7608.971874000001},{"file":"/Users/yuanxi/Workwork/vibe-fs/requirements/concern-routing/tests/006.test.mjs","testCount":4,"passed":3,"failed":0,"durationMs":4446.076499},{"file":"/Users/yuanxi/Workwork/vibe-fs/requirements/concern-routing/tests/003.test.mjs","testCount":4,"passed":3,"failed":0,"durationMs":2850.9110419999997},{"file":"/Users/yuanxi/Workwork/vibe-fs/requirements/concern-routing/tests/004.test.mjs","testCount":4,"passed":3,"failed":0,"durationMs":3466.615083},{"file":"/Users/yuanxi/Workwork/vibe-fs/requirements/attention-regulation/tests/004.test.mjs","testCount":3,"passed":3,"failed":0,"durationMs":4373.303958},{"file":"/Users/yuanxi/Workwork/vibe-fs/requirements/concern-routing/tests/005.test.mjs","testCount":2,"passed":1,"failed":0,"durationMs":2484.197333},{"file":"/Users/yuanxi/Workwork/vibe-fs/requirements/delegation/tests/004.test.mjs","testCount":1,"passed":0,"failed":0,"durationMs":3.417917},{"file":"/Users/yuanxi/Workwork/vibe-fs/requirements/attention-regulation/tests/005.test.mjs","testCount":1,"passed":1,"failed":0,"durationMs":2725.559708},{"file":"/Users/yuanxi/Workwork/vibe-fs/requirements/delegation/tests/003.test.mjs","testCount":11,"passed":11,"failed":0,"durationMs":3565.6480410000004},{"file":"/Users/yuanxi/Workwork/vibe-fs/requirements/delegation/tests/005.test.mjs","testCount":2,"passed":1,"failed":0,"durationMs":5.889},{"file":"/Users/yuanxi/Workwork/vibe-fs/requirements/crash-reconciliation/tests/018.test.mjs","testCount":4,"passed":3,"failed":0,"durationMs":2553.301167},{"file":"/Users/yuanxi/Workwork/vibe-fs/requirements/delegation/tests/007.test.mjs","testCount":2,"passed":1,"failed":0,"durationMs":336.617833},{"file":"/Users/yuanxi/Workwork/vibe-fs/requirements/delegation/tests/006.test.mjs","testCount":2,"passed":1,"failed":0,"durationMs":559.910667},{"file":"/Users/yuanxi/Workwork/vibe-fs/requirements/delegation/tests/008.test.mjs","testCount":2,"passed":1,"failed":0,"durationMs":460.869209},{"file":"/Users/yuanxi/Workwork/vibe-fs/requirements/delegation/tests/013.test.mjs","testCount":8,"passed":7,"failed":0,"durationMs":79.31020799999999},{"file":"/Users/yuanxi/Workwork/vibe-fs/requirements/delegation/tests/009.test.mjs","testCount":1,"passed":1,"failed":0,"durationMs":519.484167},{"file":"/Users/yuanxi/Workwork/vibe-fs/requirements/delegation/tests/010.test.mjs","testCount":3,"passed":2,"failed":0,"durationMs":476.15625},{"file":"/Users/yuanxi/Workwork/vibe-fs/requirements/delegation/tests/017.test.mjs","testCount":1,"passed":0,"failed":0,"durationMs":2.392125},{"file":"/Users/yuanxi/Workwork/vibe-fs/requirements/delegation/tests/014.test.mjs","testCount":4,"passed":3,"failed":0,"durationMs":61.503125},{"file":"/Users/yuanxi/Workwork/vibe-fs/requirements/delegation/tests/019.test.mjs","testCount":8,"passed":7,"failed":0,"durationMs":34.099958},{"file":"/Users/yuanxi/Workwork/vibe-fs/requirements/delegation/tests/020.test.mjs","testCount":1,"passed":0,"failed":0,"durationMs":3.477833},{"file":"/Users/yuanxi/Workwork/vibe-fs/requirements/delegation/tests/011.test.mjs","testCount":1,"passed":1,"failed":0,"durationMs":341.103917},{"file":"/Users/yuanxi/Workwork/vibe-fs/requirements/delegation/tests/021.test.mjs","testCount":3,"passed":2,"failed":0,"durationMs":12.694209},{"file":"/Users/yuanxi/Workwork/vibe-fs/requirements/delegation/tests/022.test.mjs","testCount":3,"passed":2,"failed":0,"durationMs":10.594917},{"file":"/Users/yuanxi/Workwork/vibe-fs/requirements/delegation/tests/012.test.mjs","testCount":1,"passed":1,"failed":0,"durationMs":344.214334},{"file":"/Users/yuanxi/Workwork/vibe-fs/requirements/delegation/tests/015.test.mjs","testCount":8,"passed":7,"failed":0,"durationMs":190.484791},{"file":"/Users/yuanxi/Workwork/vibe-fs/requirements/delegation/tests/030.test.mjs","testCount":1,"passed":0,"failed":0,"durationMs":3.755042},{"file":"/Users/yuanxi/Workwork/vibe-fs/requirements/delegation/tests/029.test.mjs","testCount":3,"passed":2,"failed":0,"durationMs":194.623333},{"file":"/Users/yuanxi/Workwork/vibe-fs/requirements/delegation/tests/028.test.mjs","testCount":4,"passed":3,"failed":0,"durationMs":269.153209},{"file":"/Users/yuanxi/Workwork/vibe-fs/requirements/delegation/tests/023.test.mjs","testCount":2,"passed":1,"failed":0,"durationMs":431.239334},{"file":"/Users/yuanxi/Workwork/vibe-fs/requirements/dispatch-protocol/tests/002.test.mjs","testCount":9,"passed":9,"failed":0,"durationMs":570.093668},{"file":"/Users/yuanxi/Workwork/vibe-fs/requirements/delegation/tests/025.test.mjs","testCount":3,"passed":2,"failed":0,"durationMs":460.66050099999995},{"file":"/Users/yuanxi/Workwork/vibe-fs/requirements/delegation/tests/032.test.mjs","testCount":3,"passed":3,"failed":0,"durationMs":510.044292},{"file":"/Users/yuanxi/Workwork/vibe-fs/requirements/delegation/tests/031.test.mjs","testCount":8,"passed":7,"failed":0,"durationMs":1634.449584},{"file":"/Users/yuanxi/Workwork/vibe-fs/requirements/dispatch-protocol/tests/010.test.mjs","testCount":9,"passed":8,"failed":0,"durationMs":1167.368209},{"file":"/Users/yuanxi/Workwork/vibe-fs/requirements/delegation/tests/027.test.mjs","testCount":3,"passed":3,"failed":0,"durationMs":1104.443416},{"file":"/Users/yuanxi/Workwork/vibe-fs/requirements/dispatch-protocol/tests/008.test.mjs","testCount":4,"passed":3,"failed":0,"durationMs":376.609251},{"file":"/Users/yuanxi/Workwork/vibe-fs/requirements/delegation/tests/026.test.mjs","testCount":6,"passed":5,"failed":0,"durationMs":1372.3698319999999},{"file":"/Users/yuanxi/Workwork/vibe-fs/requirements/delegation/tests/024.test.mjs","testCount":6,"passed":6,"failed":0,"durationMs":1559.7987930000002},{"file":"/Users/yuanxi/Workwork/vibe-fs/requirements/durable-events/tests/001.test.mjs","testCount":2,"passed":2,"failed":0,"durationMs":143.97924999999998},{"file":"/Users/yuanxi/Workwork/vibe-fs/requirements/durable-events/tests/002.test.mjs","testCount":22,"passed":22,"failed":0,"durationMs":2440.335501},{"file":"/Users/yuanxi/Workwork/vibe-fs/requirements/dispatch-protocol/tests/012.test.mjs","testCount":5,"passed":4,"failed":0,"durationMs":377.281875},{"file":"/Users/yuanxi/Workwork/vibe-fs/requirements/durable-events/tests/003.test.mjs","testCount":30,"passed":25,"failed":0,"durationMs":142.98595700000007},{"file":"/Users/yuanxi/Workwork/vibe-fs/requirements/durable-events/tests/007.test.mjs","testCount":13,"passed":13,"failed":0,"durationMs":250.899165},{"file":"/Users/yuanxi/Workwork/vibe-fs/requirements/durable-events/tests/006.test.mjs","testCount":2,"passed":2,"failed":0,"durationMs":195.34508399999999},{"file":"/Users/yuanxi/Workwork/vibe-fs/requirements/durable-events/tests/004.test.mjs","testCount":2,"passed":2,"failed":0,"durationMs":442.356},{"file":"/Users/yuanxi/Workwork/vibe-fs/requirements/durable-events/tests/008.test.mjs","testCount":2,"passed":2,"failed":0,"durationMs":75.40866600000001},{"file":"/Users/yuanxi/Workwork/vibe-fs/requirements/durable-events/tests/009.test.mjs","testCount":14,"passed":12,"failed":0,"durationMs":2465.800334},{"file":"/Users/yuanxi/Workwork/vibe-fs/requirements/durable-events/tests/011.test.mjs","testCount":4,"passed":4,"failed":0,"durationMs":830.995417},{"file":"/Users/yuanxi/Workwork/vibe-fs/requirements/durable-events/tests/010.test.mjs","testCount":1,"passed":1,"failed":0,"durationMs":174.071083},{"file":"/Users/yuanxi/Workwork/vibe-fs/requirements/durable-events/tests/012.test.mjs","testCount":7,"passed":7,"failed":0,"durationMs":672.4970000000001},{"file":"/Users/yuanxi/Workwork/vibe-fs/requirements/durable-events/tests/013.test.mjs","testCount":11,"passed":11,"failed":0,"durationMs":634.240748},{"file":"/Users/yuanxi/Workwork/vibe-fs/requirements/durable-events/tests/005.test.mjs","testCount":3,"passed":3,"failed":0,"durationMs":1036.126291},{"file":"/Users/yuanxi/Workwork/vibe-fs/requirements/durable-events/tests/014.test.mjs","testCount":6,"passed":6,"failed":0,"durationMs":215.515959},{"file":"/Users/yuanxi/Workwork/vibe-fs/requirements/durable-events/tests/015.test.mjs","testCount":15,"passed":15,"failed":0,"durationMs":85.90604400000001},{"file":"/Users/yuanxi/Workwork/vibe-fs/requirements/durable-events/tests/017.test.mjs","testCount":2,"passed":2,"failed":0,"durationMs":70.005167},{"file":"/Users/yuanxi/Workwork/vibe-fs/requirements/durable-events/tests/016.test.mjs","testCount":9,"passed":9,"failed":0,"durationMs":3123.6204150000003},{"file":"/Users/yuanxi/Workwork/vibe-fs/requirements/durable-events/tests/020.test.mjs","testCount":4,"passed":3,"failed":0,"durationMs":127.010542},{"file":"/Users/yuanxi/Workwork/vibe-fs/requirements/durable-events/tests/024.test.mjs","testCount":2,"passed":0,"failed":0,"durationMs":22.376084000000002},{"file":"/Users/yuanxi/Workwork/vibe-fs/requirements/durable-events/tests/021.test.mjs","testCount":3,"passed":2,"failed":0,"durationMs":85.456375},{"file":"/Users/yuanxi/Workwork/vibe-fs/requirements/durable-events/tests/022.test.mjs","testCount":4,"passed":2,"failed":0,"durationMs":165.819833},{"file":"/Users/yuanxi/Workwork/vibe-fs/requirements/durable-events/tests/023.test.mjs","testCount":10,"passed":8,"failed":0,"durationMs":1102.3231660000001},{"file":"/Users/yuanxi/Workwork/vibe-fs/requirements/durable-events/tests/019.test.mjs","testCount":17,"passed":17,"failed":0,"durationMs":3214.186914},{"file":"/Users/yuanxi/Workwork/vibe-fs/requirements/durable-events/tests/018.test.mjs","testCount":5,"passed":5,"failed":0,"durationMs":1097.570417},{"file":"/Users/yuanxi/Workwork/vibe-fs/requirements/effect-accounting/tests/001.test.mjs","testCount":3,"passed":2,"failed":0,"durationMs":45.397708},{"file":"/Users/yuanxi/Workwork/vibe-fs/requirements/durable-events/tests/025.test.mjs","testCount":3,"passed":1,"failed":0,"durationMs":108.048584},{"file":"/Users/yuanxi/Workwork/vibe-fs/requirements/distribution/tests/005.test.mjs","testCount":7,"passed":6,"failed":0,"durationMs":2698.8155849999994},{"file":"/Users/yuanxi/Workwork/vibe-fs/requirements/effect-accounting/tests/003.test.mjs","testCount":4,"passed":4,"failed":0,"durationMs":479.54358399999995},{"file":"/Users/yuanxi/Workwork/vibe-fs/requirements/guidance-delivery/tests/001.test.mjs","testCount":1,"passed":1,"failed":0,"durationMs":180.653542},{"file":"/Users/yuanxi/Workwork/vibe-fs/requirements/guidance-delivery/tests/003.test.mjs","testCount":2,"passed":2,"failed":0,"durationMs":184.193375},{"file":"/Users/yuanxi/Workwork/vibe-fs/requirements/guidance-delivery/tests/002.test.mjs","testCount":3,"passed":2,"failed":0,"durationMs":215.847417},{"file":"/Users/yuanxi/Workwork/vibe-fs/requirements/guidance-delivery/tests/004.test.mjs","testCount":1,"passed":1,"failed":0,"durationMs":223.684125},{"file":"/Users/yuanxi/Workwork/vibe-fs/requirements/guidance-delivery/tests/012.test.mjs","testCount":4,"passed":3,"failed":0,"durationMs":10.12325},{"file":"/Users/yuanxi/Workwork/vibe-fs/requirements/guidance-delivery/tests/009.test.mjs","testCount":2,"passed":1,"failed":0,"durationMs":13.401959},{"file":"/Users/yuanxi/Workwork/vibe-fs/requirements/effect-accounting/tests/008.test.mjs","testCount":11,"passed":9,"failed":0,"durationMs":1121.8895420000001},{"file":"/Users/yuanxi/Workwork/vibe-fs/requirements/guidance-delivery/tests/005.test.mjs","testCount":2,"passed":1,"failed":0,"durationMs":208.014042},{"file":"/Users/yuanxi/Workwork/vibe-fs/requirements/guidance-delivery/tests/006.test.mjs","testCount":3,"passed":3,"failed":0,"durationMs":240.29945800000002},{"file":"/Users/yuanxi/Workwork/vibe-fs/requirements/guidance-delivery/tests/008.test.mjs","testCount":5,"passed":3,"failed":0,"durationMs":282.217791},{"file":"/Users/yuanxi/Workwork/vibe-fs/requirements/guidance-delivery/tests/007.test.mjs","testCount":1,"passed":1,"failed":0,"durationMs":220.281541},{"file":"/Users/yuanxi/Workwork/vibe-fs/requirements/guidance-delivery/tests/011.test.mjs","testCount":2,"passed":2,"failed":0,"durationMs":192.838667},{"file":"/Users/yuanxi/Workwork/vibe-fs/requirements/interaction-authority/tests/019.test.mjs","testCount":8,"passed":8,"failed":0,"durationMs":358.6765},{"file":"/Users/yuanxi/Workwork/vibe-fs/requirements/interaction-authority/tests/017.test.mjs","testCount":6,"passed":5,"failed":0,"durationMs":383.437333},{"file":"/Users/yuanxi/Workwork/vibe-fs/requirements/managed-chat-execution/tests/006.test.mjs","testCount":12,"passed":12,"failed":0,"durationMs":2395.638999},{"file":"/Users/yuanxi/Workwork/vibe-fs/requirements/managed-session-lifecycle/tests/013.test.mjs","testCount":7,"passed":6,"failed":0,"durationMs":830.821292},{"file":"/Users/yuanxi/Workwork/vibe-fs/requirements/managed-session-lifecycle/tests/006.test.mjs","testCount":22,"passed":22,"failed":0,"durationMs":652.616293},{"file":"/Users/yuanxi/Workwork/vibe-fs/requirements/managed-session-lifecycle/tests/008.test.mjs","testCount":10,"passed":10,"failed":0,"durationMs":1691.705167},{"file":"/Users/yuanxi/Workwork/vibe-fs/requirements/managed-session-lifecycle/tests/007.test.mjs","testCount":14,"passed":14,"failed":0,"durationMs":1268.9752499999997},{"file":"/Users/yuanxi/Workwork/vibe-fs/requirements/managed-session-lifecycle/tests/015.test.mjs","testCount":11,"passed":11,"failed":0,"durationMs":1110.8560830000001},{"file":"/Users/yuanxi/Workwork/vibe-fs/requirements/obligation-ledger/tests/001.test.mjs","testCount":2,"passed":0,"failed":0,"durationMs":32.194875},{"file":"/Users/yuanxi/Workwork/vibe-fs/requirements/obligation-ledger/tests/003.test.mjs","testCount":1,"passed":0,"failed":0,"durationMs":3.0165},{"file":"/Users/yuanxi/Workwork/vibe-fs/requirements/obligation-ledger/tests/002.test.mjs","testCount":2,"passed":0,"failed":0,"durationMs":0.44883399999999996},{"file":"/Users/yuanxi/Workwork/vibe-fs/requirements/obligation-ledger/tests/006.test.mjs","testCount":1,"passed":0,"failed":0,"durationMs":4.594958},{"file":"/Users/yuanxi/Workwork/vibe-fs/requirements/obligation-ledger/tests/007.test.mjs","testCount":2,"passed":1,"failed":0,"durationMs":5.491083000000001},{"file":"/Users/yuanxi/Workwork/vibe-fs/requirements/relay-assessment/tests/001.test.mjs","testCount":3,"passed":3,"failed":0,"durationMs":25.045793000000003},{"file":"/Users/yuanxi/Workwork/vibe-fs/requirements/obligation-ledger/tests/004.test.mjs","testCount":2,"passed":1,"failed":0,"durationMs":31.616625},{"file":"/Users/yuanxi/Workwork/vibe-fs/requirements/obligation-ledger/tests/005.test.mjs","testCount":8,"passed":0,"failed":0,"durationMs":1.256708},{"file":"/Users/yuanxi/Workwork/vibe-fs/requirements/relay-assessment/tests/003.test.mjs","testCount":2,"passed":1,"failed":0,"durationMs":4.282042000000001},{"file":"/Users/yuanxi/Workwork/vibe-fs/requirements/relay-assessment/tests/004.test.mjs","testCount":1,"passed":1,"failed":0,"durationMs":4.954917},{"file":"/Users/yuanxi/Workwork/vibe-fs/requirements/managed-chat-execution/tests/010.test.mjs","testCount":3,"passed":3,"failed":0,"durationMs":3068.643541},{"file":"/Users/yuanxi/Workwork/vibe-fs/requirements/relay-assessment/tests/005.test.mjs","testCount":2,"passed":1,"failed":0,"durationMs":6.378501},{"file":"/Users/yuanxi/Workwork/vibe-fs/requirements/provider-attempt-recovery/tests/021.test.mjs","testCount":6,"passed":5,"failed":0,"durationMs":228.08354100000003},{"file":"/Users/yuanxi/Workwork/vibe-fs/requirements/relay-assessment/tests/009.test.mjs","testCount":1,"passed":0,"failed":0,"durationMs":3.746208},{"file":"/Users/yuanxi/Workwork/vibe-fs/requirements/relay-assessment/tests/002.test.mjs","testCount":7,"passed":6,"failed":0,"durationMs":6988.2387069999995},{"file":"/Users/yuanxi/Workwork/vibe-fs/requirements/relay-assessment/tests/010.test.mjs","testCount":2,"passed":1,"failed":0,"durationMs":5.032792},{"file":"/Users/yuanxi/Workwork/vibe-fs/requirements/managed-session-lifecycle/tests/018.test.mjs","testCount":5,"passed":4,"failed":0,"durationMs":3366.380708},{"file":"/Users/yuanxi/Workwork/vibe-fs/requirements/host-boundary/tests/033.test.mjs","testCount":11,"passed":9,"failed":0,"durationMs":3715.8655429999994},{"file":"/Users/yuanxi/Workwork/vibe-fs/requirements/relay-context-projection/tests/003.test.mjs","testCount":1,"passed":0,"failed":0,"durationMs":2.668583},{"file":"/Users/yuanxi/Workwork/vibe-fs/requirements/relay-context-projection/tests/004.test.mjs","testCount":1,"passed":0,"failed":0,"durationMs":4.226583},{"file":"/Users/yuanxi/Workwork/vibe-fs/requirements/managed-session-lifecycle/tests/019.test.mjs","testCount":4,"passed":4,"failed":0,"durationMs":3746.388958},{"file":"/Users/yuanxi/Workwork/vibe-fs/requirements/relay-assessment/tests/006.test.mjs","testCount":2,"passed":2,"failed":0,"durationMs":2635.367959},{"file":"/Users/yuanxi/Workwork/vibe-fs/requirements/relay-assessment/tests/008.test.mjs","testCount":5,"passed":4,"failed":0,"durationMs":4176.272333},{"file":"/Users/yuanxi/Workwork/vibe-fs/requirements/relay-assessment/tests/007.test.mjs","testCount":2,"passed":2,"failed":0,"durationMs":2680.517917},{"file":"/Users/yuanxi/Workwork/vibe-fs/requirements/relay-context-projection/tests/007.test.mjs","testCount":1,"passed":0,"failed":0,"durationMs":4.312292},{"file":"/Users/yuanxi/Workwork/vibe-fs/requirements/relay-context-projection/tests/009.test.mjs","testCount":1,"passed":0,"failed":0,"durationMs":3.819416},{"file":"/Users/yuanxi/Workwork/vibe-fs/requirements/relay-retirement/tests/001.test.mjs","testCount":1,"passed":0,"failed":0,"durationMs":7.937708},{"file":"/Users/yuanxi/Workwork/vibe-fs/requirements/relay-context-projection/tests/001.test.mjs","testCount":2,"passed":1,"failed":0,"durationMs":2673.880208},{"file":"/Users/yuanxi/Workwork/vibe-fs/requirements/relay-retirement/tests/007.test.mjs","testCount":7,"passed":5,"failed":0,"durationMs":17.949334},{"file":"/Users/yuanxi/Workwork/vibe-fs/requirements/relay-context-projection/tests/002.test.mjs","testCount":1,"passed":1,"failed":0,"durationMs":2746.73925},{"file":"/Users/yuanxi/Workwork/vibe-fs/requirements/relay-retirement/tests/009.test.mjs","testCount":4,"passed":3,"failed":0,"durationMs":636.550458},{"file":"/Users/yuanxi/Workwork/vibe-fs/requirements/relay-context-projection/tests/005.test.mjs","testCount":1,"passed":1,"failed":0,"durationMs":2772.603291},{"file":"/Users/yuanxi/Workwork/vibe-fs/requirements/repository-programming/tests/006.test.mjs","testCount":9,"passed":7,"failed":0,"durationMs":307.89045699999997},{"file":"/Users/yuanxi/Workwork/vibe-fs/requirements/repository-programming/tests/011.test.mjs","testCount":7,"passed":7,"failed":0,"durationMs":332.8918770000001},{"file":"/Users/yuanxi/Workwork/vibe-fs/requirements/repository-programming/tests/012.test.mjs","testCount":4,"passed":4,"failed":0,"durationMs":286.828126},{"file":"/Users/yuanxi/Workwork/vibe-fs/requirements/relay-context-projection/tests/006.test.mjs","testCount":1,"passed":1,"failed":0,"durationMs":3128.20775},{"file":"/Users/yuanxi/Workwork/vibe-fs/requirements/verification-system/tests/002.test.mjs","testCount":2,"passed":2,"failed":0,"durationMs":9.8275},{"file":"/Users/yuanxi/Workwork/vibe-fs/requirements/repository-programming/tests/019.test.mjs","testCount":3,"passed":3,"failed":0,"durationMs":76.30275},{"file":"/Users/yuanxi/Workwork/vibe-fs/requirements/verification-system/tests/004.test.mjs","testCount":12,"passed":12,"failed":0,"durationMs":77.494873},{"file":"/Users/yuanxi/Workwork/vibe-fs/requirements/structured-workflow/tests/012.test.mjs","testCount":47,"passed":37,"failed":0,"durationMs":4038.8525819999995},{"file":"/Users/yuanxi/Workwork/vibe-fs/requirements/verification-system/tests/003.test.mjs","testCount":11,"passed":11,"failed":0,"durationMs":110.08400000000002},{"file":"/Users/yuanxi/Workwork/vibe-fs/requirements/relay-retirement/tests/004.test.mjs","testCount":2,"passed":1,"failed":0,"durationMs":2264.1784589999997},{"file":"/Users/yuanxi/Workwork/vibe-fs/requirements/relay-retirement/tests/002.test.mjs","testCount":2,"passed":1,"failed":0,"durationMs":2391.092917},{"file":"/Users/yuanxi/Workwork/vibe-fs/requirements/verification-system/tests/006.test.mjs","testCount":24,"passed":24,"failed":0,"durationMs":9266.688541},{"file":"/Users/yuanxi/Workwork/vibe-fs/requirements/relay-retirement/tests/003.test.mjs","testCount":2,"passed":1,"failed":0,"durationMs":2503.5712919999996},{"file":"/Users/yuanxi/Workwork/vibe-fs/requirements/relay-context-projection/tests/008.test.mjs","testCount":2,"passed":1,"failed":0,"durationMs":2746.86025},{"file":"/Users/yuanxi/Workwork/vibe-fs/requirements/verification-system/tests/009.test.mjs","testCount":14,"passed":14,"failed":0,"durationMs":4470.880667},{"file":"/Users/yuanxi/Workwork/vibe-fs/requirements/verification-system/tests/011.test.mjs","testCount":13,"passed":13,"failed":0,"durationMs":2790.9964600000003},{"file":"/Users/yuanxi/Workwork/vibe-fs/requirements/verification-system/tests/007.test.mjs","testCount":13,"passed":13,"failed":0,"durationMs":381.26437500000003},{"file":"/Users/yuanxi/Workwork/vibe-fs/requirements/verification-system/tests/010.test.mjs","testCount":3,"passed":3,"failed":0,"durationMs":37.476876000000004},{"file":"/Users/yuanxi/Workwork/vibe-fs/requirements/verification-system/tests/005.test.mjs","testCount":22,"passed":22,"failed":0,"durationMs":7656.9749170000005},{"file":"/Users/yuanxi/Workwork/vibe-fs/requirements/verification-system/tests/012.test.mjs","testCount":2,"passed":2,"failed":0,"durationMs":12.434332999999999},{"file":"/Users/yuanxi/Workwork/vibe-fs/requirements/verification-system/tests/008.test.mjs","testCount":9,"passed":9,"failed":0,"durationMs":4168.127083},{"file":"/Users/yuanxi/Workwork/vibe-fs/requirements/verification-system/tests/015.test.mjs","testCount":6,"passed":6,"failed":0,"durationMs":32.265749},{"file":"/Users/yuanxi/Workwork/vibe-fs/requirements/verification-system/tests/014.test.mjs","testCount":4,"passed":3,"failed":0,"durationMs":31.938917},{"file":"/Users/yuanxi/Workwork/vibe-fs/requirements/verification-system/tests/018.test.mjs","testCount":2,"passed":2,"failed":0,"durationMs":374.6835},{"file":"/Users/yuanxi/Workwork/vibe-fs/requirements/relay-retirement/tests/008.test.mjs","testCount":4,"passed":3,"failed":0,"durationMs":5806.963124999999},{"file":"/Users/yuanxi/Workwork/vibe-fs/requirements/verification-system/tests/020.test.mjs","testCount":2,"passed":2,"failed":0,"durationMs":12.101291},{"file":"/Users/yuanxi/Workwork/vibe-fs/requirements/verification-system/tests/021.test.mjs","testCount":16,"passed":16,"failed":0,"durationMs":1369.0919999999999},{"file":"/Users/yuanxi/Workwork/vibe-fs/requirements/verification-system/tests/017.test.mjs","testCount":6,"passed":6,"failed":0,"durationMs":3382.489126},{"file":"/Users/yuanxi/Workwork/vibe-fs/requirements/verification-system/tests/016.test.mjs","testCount":122,"passed":118,"failed":0,"durationMs":117421.689368}],"wallMs":85907.234,"sumTestMs":300602.6508700002}}
