runner: scoped 使用 TESTS_MJS_FILES=11 files
runner: build is current (1796 sources, 883 artifacts)
runner: discovery OVERRIDDEN by TESTS_MJS_FILES (11 file(s))
runner: 11 test file(s), 5000ms verdict-silence window
runner: file lifecycle {"entryFile":"/Users/yuanxi/Workwork/vibe-fs/requirements/verification-system/tests/006.test.mjs","pid":99289,"parentPid":99260,"type":"runner:file-start","elapsedMs":163.8362500000003}
runner: file lifecycle {"entryFile":"/Users/yuanxi/Workwork/vibe-fs/requirements/verification-system/tests/010.test.mjs","pid":99289,"parentPid":99260,"type":"runner:file-start","elapsedMs":169.5167919999999}
runner: file lifecycle {"entryFile":"/Users/yuanxi/Workwork/vibe-fs/requirements/cognitive-environment/tests/015.test.mjs","pid":99289,"parentPid":99260,"type":"runner:file-start","elapsedMs":179.43904199999997}
runner: file lifecycle {"entryFile":"/Users/yuanxi/Workwork/vibe-fs/requirements/cognitive-environment/tests/016.test.mjs","pid":99289,"parentPid":99260,"type":"runner:file-start","elapsedMs":183.39479200000005}
runner: file lifecycle {"entryFile":"/Users/yuanxi/Workwork/vibe-fs/requirements/context-compression/tests/018.test.mjs","pid":99289,"parentPid":99260,"type":"runner:file-start","elapsedMs":193.58645800000022}
runner: file lifecycle {"entryFile":"/Users/yuanxi/Workwork/vibe-fs/requirements/durable-events/tests/017.test.mjs","pid":99289,"parentPid":99260,"type":"runner:file-start","elapsedMs":202.85325000000012}
runner: file lifecycle {"entryFile":"/Users/yuanxi/Workwork/vibe-fs/requirements/distribution/tests/005.test.mjs","pid":99289,"parentPid":99260,"type":"runner:file-start","elapsedMs":213.99562500000002}
runner: file lifecycle {"entryFile":"/Users/yuanxi/Workwork/vibe-fs/requirements/requirement-grounding/tests/006.test.mjs","pid":99289,"parentPid":99260,"type":"runner:file-start","elapsedMs":227.46070800000007}
runner: file lifecycle {"entryFile":"/Users/yuanxi/Workwork/vibe-fs/requirements/relay-assessment/tests/002.test.mjs","pid":99289,"parentPid":99260,"type":"runner:file-start","elapsedMs":257.3234580000003}
runner: file lifecycle {"entryFile":"/Users/yuanxi/Workwork/vibe-fs/requirements/host-boundary/tests/032.test.mjs","pid":99289,"parentPid":99260,"type":"runner:file-start","elapsedMs":271.36687500000016}
[verification-worker-cost] {"version":1,"phase":"pre-import","sequence":0,"entryFile":"/Users/yuanxi/Workwork/vibe-fs/requirements/verification-system/tests/006.test.mjs","pid":99290,"parentPid":99289,"monotonicMs":266.869209,"cpuUserMicros":116668,"cpuSystemMicros":25355}
[verification-worker-cost] {"version":1,"phase":"pre-import","sequence":0,"entryFile":"/Users/yuanxi/Workwork/vibe-fs/requirements/verification-system/tests/010.test.mjs","pid":99291,"parentPid":99289,"monotonicMs":255.240958,"cpuUserMicros":112643,"cpuSystemMicros":24089}
[verification-worker-cost] {"version":1,"phase":"pre-import","sequence":0,"entryFile":"/Users/yuanxi/Workwork/vibe-fs/requirements/context-compression/tests/018.test.mjs","pid":99294,"parentPid":99289,"monotonicMs":249.056292,"cpuUserMicros":105327,"cpuSystemMicros":22585}
[verification-worker-cost] {"version":1,"phase":"pre-import","sequence":0,"entryFile":"/Users/yuanxi/Workwork/vibe-fs/requirements/cognitive-environment/tests/016.test.mjs","pid":99293,"parentPid":99289,"monotonicMs":255.209916,"cpuUserMicros":105465,"cpuSystemMicros":24027}
[verification-worker-cost] {"version":1,"phase":"pre-import","sequence":0,"entryFile":"/Users/yuanxi/Workwork/vibe-fs/requirements/cognitive-environment/tests/015.test.mjs","pid":99292,"parentPid":99289,"monotonicMs":267.690209,"cpuUserMicros":111195,"cpuSystemMicros":25032}
[verification-test-start] {"pid":99293,"parentPid":99289,"entryFile":"/Users/yuanxi/Workwork/vibe-fs/requirements/cognitive-environment/tests/016.test.mjs","name":"WHAT[cognitive-environment-016] Pair Hint leaves micro-primitive behaviour to the tool resources","fullName":"WHAT[cognitive-environment-016] Pair Hint leaves micro-primitive behaviour to the tool resources"}
[verification-worker-cost] {"version":1,"phase":"pre-import","sequence":0,"entryFile":"/Users/yuanxi/Workwork/vibe-fs/requirements/distribution/tests/005.test.mjs","pid":99296,"parentPid":99289,"monotonicMs":285.256291,"cpuUserMicros":110609,"cpuSystemMicros":26489}
[verification-worker-cost] {"version":1,"phase":"pre-import","sequence":0,"entryFile":"/Users/yuanxi/Workwork/vibe-fs/requirements/durable-events/tests/017.test.mjs","pid":99295,"parentPid":99289,"monotonicMs":300.01675,"cpuUserMicros":117807,"cpuSystemMicros":26900}
[verification-worker-cost] {"version":1,"phase":"pre-import","sequence":0,"entryFile":"/Users/yuanxi/Workwork/vibe-fs/requirements/requirement-grounding/tests/006.test.mjs","pid":99297,"parentPid":99289,"monotonicMs":277.5905,"cpuUserMicros":108254,"cpuSystemMicros":26373}
[verification-worker-cost] {"version":1,"phase":"pre-import","sequence":0,"entryFile":"/Users/yuanxi/Workwork/vibe-fs/requirements/relay-assessment/tests/002.test.mjs","pid":99298,"parentPid":99289,"monotonicMs":275.474042,"cpuUserMicros":105670,"cpuSystemMicros":25465}
[verification-worker-cost] {"version":1,"phase":"exit","sequence":1,"entryFile":"/Users/yuanxi/Workwork/vibe-fs/requirements/cognitive-environment/tests/016.test.mjs","pid":99293,"parentPid":99289,"monotonicMs":395.059333,"cpuUserMicros":148792,"cpuSystemMicros":29805,"exitCode":0}
runner: file lifecycle {"entryFile":"/Users/yuanxi/Workwork/vibe-fs/requirements/cognitive-environment/tests/016.test.mjs","type":"runner:file-drained","elapsedMs":747.2100829999999}
runner: worker cost {"version":1,"entryFile":"/Users/yuanxi/Workwork/vibe-fs/requirements/cognitive-environment/tests/016.test.mjs","enabled":true,"pid":99293,"status":"complete","reason":null,"preImport":{"version":1,"phase":"pre-import","sequence":0,"entryFile":"/Users/yuanxi/Workwork/vibe-fs/requirements/cognitive-environment/tests/016.test.mjs","pid":99293,"parentPid":99289,"monotonicMs":255.209916,"cpuUserMicros":105465,"cpuSystemMicros":24027},"exit":{"version":1,"phase":"exit","sequence":1,"entryFile":"/Users/yuanxi/Workwork/vibe-fs/requirements/cognitive-environment/tests/016.test.mjs","pid":99293,"parentPid":99289,"monotonicMs":395.059333,"cpuUserMicros":148792,"cpuSystemMicros":29805,"exitCode":0},"interval":{"clockPid":99293,"wallMs":139.849417,"cpuUserMicros":43327,"cpuSystemMicros":5778}}
runner: file lifecycle {"entryFile":"/Users/yuanxi/Workwork/vibe-fs/requirements/structured-workflow/tests/012.test.mjs","pid":99289,"parentPid":99260,"type":"runner:file-start","elapsedMs":762.238542}
[verification-worker-cost] {"version":1,"phase":"pre-import","sequence":0,"entryFile":"/Users/yuanxi/Workwork/vibe-fs/requirements/host-boundary/tests/032.test.mjs","pid":99299,"parentPid":99289,"monotonicMs":324.611667,"cpuUserMicros":110957,"cpuSystemMicros":28722}
[verification-worker-cost] {"version":1,"phase":"pre-import","sequence":0,"entryFile":"/Users/yuanxi/Workwork/vibe-fs/requirements/structured-workflow/tests/012.test.mjs","pid":99300,"parentPid":99289,"monotonicMs":296.817875,"cpuUserMicros":111492,"cpuSystemMicros":27867}
[verification-test-start] {"pid":99294,"parentPid":99289,"entryFile":"/Users/yuanxi/Workwork/vibe-fs/requirements/context-compression/tests/018.test.mjs","name":"WHAT[context-compression-018] BLOGGER_RUNTIME_sealed_stays_sealed_cancel_wakes_waiter_and_release_clears_flight","fullName":"WHAT[context-compression-018] BLOGGER_RUNTIME_sealed_stays_sealed_cancel_wakes_waiter_and_release_clears_flight"}
[verification-test-start] {"pid":99300,"parentPid":99289,"entryFile":"/Users/yuanxi/Workwork/vibe-fs/requirements/structured-workflow/tests/012.test.mjs","name":"WHAT[structured-workflow-012] output reset clears children and preserves foreign linked input","fullName":"WHAT[structured-workflow-012] output reset clears children and preserves foreign linked input"}
[verification-test-start] {"pid":99295,"parentPid":99289,"entryFile":"/Users/yuanxi/Workwork/vibe-fs/requirements/durable-events/tests/017.test.mjs","name":"WHAT[durable-events-017] append_path_has_no_Git_object_or_ref_capability","fullName":"WHAT[durable-events-017] append_path_has_no_Git_object_or_ref_capability"}
[verification-test-start] {"pid":99298,"parentPid":99289,"entryFile":"/Users/yuanxi/Workwork/vibe-fs/requirements/relay-assessment/tests/002.test.mjs","name":"WHAT[relay-assessment-002] second assessment in one iteration is rejected without overwriting the first","fullName":"WHAT[relay-assessment-002] second assessment in one iteration is rejected without overwriting the first"}
[verification-test-start] {"pid":99296,"parentPid":99289,"entryFile":"/Users/yuanxi/Workwork/vibe-fs/requirements/distribution/tests/005.test.mjs","name":"WHAT[distribution-005] assertBuildFresh succeeds on current repository build","fullName":"WHAT[distribution-005] assertBuildFresh succeeds on current repository build"}
[verification-test-start] {"pid":99297,"parentPid":99289,"entryFile":"/Users/yuanxi/Workwork/vibe-fs/requirements/requirement-grounding/tests/006.test.mjs","name":"WHAT[requirement-grounding-006] an unclassified native read wrapper conservatively keeps the complete material eligible","fullName":"WHAT[requirement-grounding-006] an unclassified native read wrapper conservatively keeps the complete material eligible"}
[verification-test-start] {"pid":99291,"parentPid":99289,"entryFile":"/Users/yuanxi/Workwork/vibe-fs/requirements/verification-system/tests/010.test.mjs","name":"WHAT[verification-system-010] frozen event budgets reject invalid limits and count only substantive SSE events","fullName":"WHAT[verification-system-010] frozen event budgets reject invalid limits and count only substantive SSE events"}
[verification-test-start] {"pid":99295,"parentPid":99289,"entryFile":"/Users/yuanxi/Workwork/vibe-fs/requirements/durable-events/tests/017.test.mjs","name":"WHAT[durable-events-017] DURABLE_EVENTS_004_017_local_append_has_zero_Git_object_tree_ref_dependencies","fullName":"WHAT[durable-events-017] DURABLE_EVENTS_004_017_local_append_has_zero_Git_object_tree_ref_dependencies"}
[verification-test-start] {"pid":99291,"parentPid":99289,"entryFile":"/Users/yuanxi/Workwork/vibe-fs/requirements/verification-system/tests/010.test.mjs","name":"WHAT[verification-system-010] exceeding an event budget fails instead of extending its limit","fullName":"WHAT[verification-system-010] exceeding an event budget fails instead of extending its limit"}
[verification-test-start] {"pid":99291,"parentPid":99289,"entryFile":"/Users/yuanxi/Workwork/vibe-fs/requirements/verification-system/tests/010.test.mjs","name":"WHAT[verification-system-010] the Long Stroke retains its existing acceptance event ceilings","fullName":"WHAT[verification-system-010] the Long Stroke retains its existing acceptance event ceilings"}
[verification-test-start] {"pid":99295,"parentPid":99289,"entryFile":"/Users/yuanxi/Workwork/vibe-fs/requirements/durable-events/tests/017.test.mjs","name":"WHAT[durable-events-017] activated_append_records_no_historical_content_IO_with_8_facts_and_cold_replay","fullName":"WHAT[durable-events-017] activated_append_records_no_historical_content_IO_with_8_facts_and_cold_replay"}
[verification-worker-cost] {"version":1,"phase":"exit","sequence":1,"entryFile":"/Users/yuanxi/Workwork/vibe-fs/requirements/verification-system/tests/010.test.mjs","pid":99291,"parentPid":99289,"monotonicMs":2909.142,"cpuUserMicros":1071737,"cpuSystemMicros":209867,"exitCode":0}
runner: file lifecycle {"entryFile":"/Users/yuanxi/Workwork/vibe-fs/requirements/verification-system/tests/010.test.mjs","type":"runner:file-drained","elapsedMs":3170.964}
runner: worker cost {"version":1,"entryFile":"/Users/yuanxi/Workwork/vibe-fs/requirements/verification-system/tests/010.test.mjs","enabled":true,"pid":99291,"status":"complete","reason":null,"preImport":{"version":1,"phase":"pre-import","sequence":0,"entryFile":"/Users/yuanxi/Workwork/vibe-fs/requirements/verification-system/tests/010.test.mjs","pid":99291,"parentPid":99289,"monotonicMs":255.240958,"cpuUserMicros":112643,"cpuSystemMicros":24089},"exit":{"version":1,"phase":"exit","sequence":1,"entryFile":"/Users/yuanxi/Workwork/vibe-fs/requirements/verification-system/tests/010.test.mjs","pid":99291,"parentPid":99289,"monotonicMs":2909.142,"cpuUserMicros":1071737,"cpuSystemMicros":209867,"exitCode":0},"interval":{"clockPid":99291,"wallMs":2653.901042,"cpuUserMicros":959094,"cpuSystemMicros":185778}}
[verification-test-start] {"pid":99290,"parentPid":99289,"entryFile":"/Users/yuanxi/Workwork/vibe-fs/requirements/verification-system/tests/006.test.mjs","name":"WHAT[verification-system-006] silence termination reclaims an actual detached tool and its descendant while preserving the caller's foreign group","fullName":"WHAT[verification-system-006] silence termination reclaims an actual detached tool and its descendant while preserving the caller's foreign group"}
[verification-test-start] {"pid":99297,"parentPid":99289,"entryFile":"/Users/yuanxi/Workwork/vibe-fs/requirements/requirement-grounding/tests/006.test.mjs","name":"WHAT[requirement-grounding-006] deduplicates material content versions and re-grounds only the changed Markdown sibling","fullName":"WHAT[requirement-grounding-006] deduplicates material content versions and re-grounds only the changed Markdown sibling"}
[verification-test-start] {"pid":99292,"parentPid":99289,"entryFile":"/Users/yuanxi/Workwork/vibe-fs/requirements/cognitive-environment/tests/015.test.mjs","name":"WHAT[cognitive-environment-015] BLOGGER_CHRONICLE_TEXT_has_exact_bilingual_craft","fullName":"WHAT[cognitive-environment-015] BLOGGER_CHRONICLE_TEXT_has_exact_bilingual_craft"}
[verification-test-start] {"pid":99300,"parentPid":99289,"entryFile":"/Users/yuanxi/Workwork/vibe-fs/requirements/structured-workflow/tests/012.test.mjs","name":"WHAT[structured-workflow-012] output reset rejects a linked root without replacing it or clearing foreign input","fullName":"WHAT[structured-workflow-012] output reset rejects a linked root without replacing it or clearing foreign input"}
[verification-test-start] {"pid":99300,"parentPid":99289,"entryFile":"/Users/yuanxi/Workwork/vibe-fs/requirements/structured-workflow/tests/012.test.mjs","name":"WHAT[structured-workflow-012] output reset creates a missing directory and preserves invalid file and dangling-link roots","fullName":"WHAT[structured-workflow-012] output reset creates a missing directory and preserves invalid file and dangling-link roots"}
[verification-test-start] {"pid":99300,"parentPid":99289,"entryFile":"/Users/yuanxi/Workwork/vibe-fs/requirements/structured-workflow/tests/012.test.mjs","name":"WHAT[structured-workflow-012] changed .fs with unchanged .fsi triggers reverse-consumer recompile","fullName":"WHAT[structured-workflow-012] changed .fs with unchanged .fsi triggers reverse-consumer recompile"}
[verification-test-start] {"pid":99300,"parentPid":99289,"entryFile":"/Users/yuanxi/Workwork/vibe-fs/requirements/structured-workflow/tests/012.test.mjs","name":"WHAT[structured-workflow-012] generated impact DAGs preserve change union signature monotonicity and canonical flat inputs","fullName":"WHAT[structured-workflow-012] generated impact DAGs preserve change union signature monotonicity and canonical flat inputs"}
[verification-test-start] {"pid":99298,"parentPid":99289,"entryFile":"/Users/yuanxi/Workwork/vibe-fs/requirements/relay-assessment/tests/002.test.mjs","name":"WHAT[relay-assessment-002] cross-iteration replay of another iteration assessment is rejected","fullName":"WHAT[relay-assessment-002] cross-iteration replay of another iteration assessment is rejected"}
[verification-test-start] {"pid":99298,"parentPid":99289,"entryFile":"/Users/yuanxi/Workwork/vibe-fs/requirements/relay-assessment/tests/002.test.mjs","name":"WHAT[relay-assessment-002] actual tool exact replay returns the accepted result","fullName":"WHAT[relay-assessment-002] actual tool exact replay returns the accepted result"}
[verification-test-start] {"pid":99297,"parentPid":99289,"entryFile":"/Users/yuanxi/Workwork/vibe-fs/requirements/requirement-grounding/tests/006.test.mjs","name":"WHAT[requirement-grounding-006] reanchor_resets_horizon_coverage_so_the_same_digest_must_ground_again","fullName":"WHAT[requirement-grounding-006] reanchor_resets_horizon_coverage_so_the_same_digest_must_ground_again"}
[verification-test-start] {"pid":99292,"parentPid":99289,"entryFile":"/Users/yuanxi/Workwork/vibe-fs/requirements/cognitive-environment/tests/015.test.mjs","name":"WHAT[cognitive-environment-015] Blogger prose discipline rejects status-report wrappers and demands self-contained evidence","fullName":"WHAT[cognitive-environment-015] Blogger prose discipline rejects status-report wrappers and demands self-contained evidence"}
[verification-test-start] {"pid":99292,"parentPid":99289,"entryFile":"/Users/yuanxi/Workwork/vibe-fs/requirements/cognitive-environment/tests/015.test.mjs","name":"WHAT[cognitive-environment-015] BLOGGER_CHRONICLE_TEXT_is_companion_only_ephemeral_assistant_text_injection","fullName":"WHAT[cognitive-environment-015] BLOGGER_CHRONICLE_TEXT_is_companion_only_ephemeral_assistant_text_injection"}
[verification-test-start] {"pid":99292,"parentPid":99289,"entryFile":"/Users/yuanxi/Workwork/vibe-fs/requirements/cognitive-environment/tests/015.test.mjs","name":"WHAT[cognitive-environment-015] BLOGGER_CHRONICLE_TEXT_is_enabled_for_step_3_5_flash_model_prefix","fullName":"WHAT[cognitive-environment-015] BLOGGER_CHRONICLE_TEXT_is_enabled_for_step_3_5_flash_model_prefix"}
[verification-test-start] {"pid":99292,"parentPid":99289,"entryFile":"/Users/yuanxi/Workwork/vibe-fs/requirements/cognitive-environment/tests/015.test.mjs","name":"WHAT[cognitive-environment-015] BLOGGER_CHRONICLE_TEXT_is_the_last_semantic_injection_before_sanitize","fullName":"WHAT[cognitive-environment-015] BLOGGER_CHRONICLE_TEXT_is_the_last_semantic_injection_before_sanitize"}
[verification-test-start] {"pid":99292,"parentPid":99289,"entryFile":"/Users/yuanxi/Workwork/vibe-fs/requirements/cognitive-environment/tests/015.test.mjs","name":"WHAT[cognitive-environment-015] B1_whitelisted_model_prefix_injects_exactly_one_bilingual_hint_before_frontier_user","fullName":"WHAT[cognitive-environment-015] B1_whitelisted_model_prefix_injects_exactly_one_bilingual_hint_before_frontier_user"}
[verification-test-start] {"pid":99292,"parentPid":99289,"entryFile":"/Users/yuanxi/Workwork/vibe-fs/requirements/cognitive-environment/tests/015.test.mjs","name":"WHAT[cognitive-environment-015] B2_non_whitelisted_model_prefix_performs_zero_injection","fullName":"WHAT[cognitive-environment-015] B2_non_whitelisted_model_prefix_performs_zero_injection"}
[verification-test-start] {"pid":99300,"parentPid":99289,"entryFile":"/Users/yuanxi/Workwork/vibe-fs/requirements/structured-workflow/tests/012.test.mjs","name":"WHAT[structured-workflow-012] disk inventory plans identically through the split stages","fullName":"WHAT[structured-workflow-012] disk inventory plans identically through the split stages"}
[verification-test-start] {"pid":99292,"parentPid":99289,"entryFile":"/Users/yuanxi/Workwork/vibe-fs/requirements/cognitive-environment/tests/015.test.mjs","name":"WHAT[cognitive-environment-015] B3_existing_same_text_assistant_message_is_deduplicated_not_reinjected","fullName":"WHAT[cognitive-environment-015] B3_existing_same_text_assistant_message_is_deduplicated_not_reinjected"}
[verification-test-start] {"pid":99292,"parentPid":99289,"entryFile":"/Users/yuanxi/Workwork/vibe-fs/requirements/cognitive-environment/tests/015.test.mjs","name":"WHAT[cognitive-environment-015] B4_injection_writes_no_durable_persistence","fullName":"WHAT[cognitive-environment-015] B4_injection_writes_no_durable_persistence"}
[verification-test-start] {"pid":99292,"parentPid":99289,"entryFile":"/Users/yuanxi/Workwork/vibe-fs/requirements/cognitive-environment/tests/015.test.mjs","name":"WHAT[cognitive-environment-015] B5_language_binding_selects_the_matching_resource_leaf","fullName":"WHAT[cognitive-environment-015] B5_language_binding_selects_the_matching_resource_leaf"}
[verification-test-start] {"pid":99292,"parentPid":99289,"entryFile":"/Users/yuanxi/Workwork/vibe-fs/requirements/cognitive-environment/tests/015.test.mjs","name":"WHAT[cognitive-environment-015] B6_missing_physical_identity_cannot_borrow_the_session_model","fullName":"WHAT[cognitive-environment-015] B6_missing_physical_identity_cannot_borrow_the_session_model"}
[verification-test-start] {"pid":99300,"parentPid":99289,"entryFile":"/Users/yuanxi/Workwork/vibe-fs/requirements/structured-workflow/tests/012.test.mjs","name":"WHAT[structured-workflow-012] implementation changes reach reverse consumers","fullName":"WHAT[structured-workflow-012] implementation changes reach reverse consumers"}
[verification-test-start] {"pid":99292,"parentPid":99289,"entryFile":"/Users/yuanxi/Workwork/vibe-fs/requirements/cognitive-environment/tests/015.test.mjs","name":"WHAT[cognitive-environment-015] registered companion projection keeps the original execution model gate","fullName":"WHAT[cognitive-environment-015] registered companion projection keeps the original execution model gate"}
[verification-test-start] {"pid":99300,"parentPid":99289,"entryFile":"/Users/yuanxi/Workwork/vibe-fs/requirements/structured-workflow/tests/012.test.mjs","name":"WHAT[structured-workflow-012] signature-risky implementation changes independently reach reverse consumers across all syntax forms","fullName":"WHAT[structured-workflow-012] signature-risky implementation changes independently reach reverse consumers across all syntax forms"}
[verification-test-start] {"pid":99297,"parentPid":99289,"entryFile":"/Users/yuanxi/Workwork/vibe-fs/requirements/requirement-grounding/tests/006.test.mjs","name":"WHAT[requirement-grounding-006] a read returning old bytes does not mark the newer disk version visible","fullName":"WHAT[requirement-grounding-006] a read returning old bytes does not mark the newer disk version visible"}
[verification-test-start] {"pid":99294,"parentPid":99289,"entryFile":"/Users/yuanxi/Workwork/vibe-fs/requirements/context-compression/tests/018.test.mjs","name":"WHAT[context-compression-018] BLOGGER_RUNTIME_material_mailbox_waiter_first_delivers_directly","fullName":"WHAT[context-compression-018] BLOGGER_RUNTIME_material_mailbox_waiter_first_delivers_directly"}
[verification-test-start] {"pid":99294,"parentPid":99289,"entryFile":"/Users/yuanxi/Workwork/vibe-fs/requirements/context-compression/tests/018.test.mjs","name":"WHAT[context-compression-018] BLOGGER_RUNTIME_material_mailbox_material_first_stages_for_next_park","fullName":"WHAT[context-compression-018] BLOGGER_RUNTIME_material_mailbox_material_first_stages_for_next_park"}
[verification-test-start] {"pid":99294,"parentPid":99289,"entryFile":"/Users/yuanxi/Workwork/vibe-fs/requirements/context-compression/tests/018.test.mjs","name":"WHAT[context-compression-018] BLOGGER_RUNTIME_material_mailbox_newest_covers_supersedes_older_offer","fullName":"WHAT[context-compression-018] BLOGGER_RUNTIME_material_mailbox_newest_covers_supersedes_older_offer"}
[verification-test-start] {"pid":99294,"parentPid":99289,"entryFile":"/Users/yuanxi/Workwork/vibe-fs/requirements/context-compression/tests/018.test.mjs","name":"WHAT[context-compression-018] BLOGGER_RUNTIME_flight_lease_dispose_clears_exact_flight","fullName":"WHAT[context-compression-018] BLOGGER_RUNTIME_flight_lease_dispose_clears_exact_flight"}
[verification-test-start] {"pid":99294,"parentPid":99289,"entryFile":"/Users/yuanxi/Workwork/vibe-fs/requirements/context-compression/tests/018.test.mjs","name":"WHAT[context-compression-018] C0_blogger_lifecycle_authority_is_physical_ownership","fullName":"WHAT[context-compression-018] C0_blogger_lifecycle_authority_is_physical_ownership"}
[verification-test-start] {"pid":99297,"parentPid":99289,"entryFile":"/Users/yuanxi/Workwork/vibe-fs/requirements/requirement-grounding/tests/006.test.mjs","name":"WHAT[requirement-grounding-006] a partial returned read does not mark the complete disk material visible","fullName":"WHAT[requirement-grounding-006] a partial returned read does not mark the complete disk material visible"}
[verification-test-start] {"pid":99297,"parentPid":99289,"entryFile":"/Users/yuanxi/Workwork/vibe-fs/requirements/requirement-grounding/tests/006.test.mjs","name":"WHAT[requirement-grounding-006] a non-content native observation protocol input does not mint a successful read fact","fullName":"WHAT[requirement-grounding-006] a non-content native observation protocol input does not mint a successful read fact"}
[verification-test-start] {"pid":99297,"parentPid":99289,"entryFile":"/Users/yuanxi/Workwork/vibe-fs/requirements/requirement-grounding/tests/006.test.mjs","name":"WHAT[requirement-grounding-006] an actual program file-read failure cannot produce visible read facts","fullName":"WHAT[requirement-grounding-006] an actual program file-read failure cannot produce visible read facts"}
[verification-test-start] {"pid":99300,"parentPid":99289,"entryFile":"/Users/yuanxi/Workwork/vibe-fs/requirements/structured-workflow/tests/012.test.mjs","name":"WHAT[structured-workflow-012] missing sibling fsi independently triggers signature risk and pulls reverse consumers","fullName":"WHAT[structured-workflow-012] missing sibling fsi independently triggers signature risk and pulls reverse consumers"}
[verification-test-start] {"pid":99300,"parentPid":99289,"entryFile":"/Users/yuanxi/Workwork/vibe-fs/requirements/structured-workflow/tests/012.test.mjs","name":"WHAT[structured-workflow-012] comments and string literals containing Literal or inline do not trigger signature risk","fullName":"WHAT[structured-workflow-012] comments and string literals containing Literal or inline do not trigger signature risk"}
[verification-test-start] {"pid":99294,"parentPid":99289,"entryFile":"/Users/yuanxi/Workwork/vibe-fs/requirements/context-compression/tests/018.test.mjs","name":"WHAT[context-compression-018] C0_exact_flight_lease_is_the_only_busy_definition","fullName":"WHAT[context-compression-018] C0_exact_flight_lease_is_the_only_busy_definition"}
[verification-test-start] {"pid":99294,"parentPid":99289,"entryFile":"/Users/yuanxi/Workwork/vibe-fs/requirements/context-compression/tests/018.test.mjs","name":"WHAT[context-compression-018] C0_material_mailbox_and_flight_lease_are_separate_resources","fullName":"WHAT[context-compression-018] C0_material_mailbox_and_flight_lease_are_separate_resources"}
[verification-test-start] {"pid":99294,"parentPid":99289,"entryFile":"/Users/yuanxi/Workwork/vibe-fs/requirements/context-compression/tests/018.test.mjs","name":"WHAT[context-compression-018] C0_commit_uses_live_InFlight_only_not_open_heal","fullName":"WHAT[context-compression-018] C0_commit_uses_live_InFlight_only_not_open_heal"}
[verification-test-start] {"pid":99294,"parentPid":99289,"entryFile":"/Users/yuanxi/Workwork/vibe-fs/requirements/context-compression/tests/018.test.mjs","name":"WHAT[context-compression-018] C0_single_main_material_coordinator_entry","fullName":"WHAT[context-compression-018] C0_single_main_material_coordinator_entry"}
[verification-test-start] {"pid":99297,"parentPid":99289,"entryFile":"/Users/yuanxi/Workwork/vibe-fs/requirements/requirement-grounding/tests/006.test.mjs","name":"WHAT[requirement-grounding-006] a symlink replaced after the actual read preserves the read-time resolved path at observation","fullName":"WHAT[requirement-grounding-006] a symlink replaced after the actual read preserves the read-time resolved path at observation"}
[verification-test-start] {"pid":99297,"parentPid":99289,"entryFile":"/Users/yuanxi/Workwork/vibe-fs/requirements/requirement-grounding/tests/006.test.mjs","name":"WHAT[requirement-grounding-006] an actual file read through an outside-workspace symlink is denied without an observation","fullName":"WHAT[requirement-grounding-006] an actual file read through an outside-workspace symlink is denied without an observation"}
[verification-test-start] {"pid":99300,"parentPid":99289,"entryFile":"/Users/yuanxi/Workwork/vibe-fs/requirements/structured-workflow/tests/012.test.mjs","name":"WHAT[structured-workflow-012] incremental compile executes focused flat compile and records cache","fullName":"WHAT[structured-workflow-012] incremental compile executes focused flat compile and records cache"}
[verification-test-start] {"pid":99297,"parentPid":99289,"entryFile":"/Users/yuanxi/Workwork/vibe-fs/requirements/requirement-grounding/tests/006.test.mjs","name":"WHAT[requirement-grounding-006] registered program grep keeps scan freshness without claiming explicit visible file contents","fullName":"WHAT[requirement-grounding-006] registered program grep keeps scan freshness without claiming explicit visible file contents"}
[verification-test-start] {"pid":99300,"parentPid":99289,"entryFile":"/Users/yuanxi/Workwork/vibe-fs/requirements/structured-workflow/tests/012.test.mjs","name":"WHAT[structured-workflow-012] signature changes include every reverse consumer and exact forward union","fullName":"WHAT[structured-workflow-012] signature changes include every reverse consumer and exact forward union"}
[verification-test-start] {"pid":99300,"parentPid":99289,"entryFile":"/Users/yuanxi/Workwork/vibe-fs/requirements/structured-workflow/tests/012.test.mjs","name":"WHAT[structured-workflow-012] toolchain changes and oversized impact select one full flat build","fullName":"WHAT[structured-workflow-012] toolchain changes and oversized impact select one full flat build"}
[verification-test-start] {"pid":99300,"parentPid":99289,"entryFile":"/Users/yuanxi/Workwork/vibe-fs/requirements/structured-workflow/tests/012.test.mjs","name":"WHAT[structured-workflow-012] materialized impact project has exact canonical inputs and zero ProjectReference","fullName":"WHAT[structured-workflow-012] materialized impact project has exact canonical inputs and zero ProjectReference"}
[verification-test-start] {"pid":99300,"parentPid":99289,"entryFile":"/Users/yuanxi/Workwork/vibe-fs/requirements/structured-workflow/tests/012.test.mjs","name":"WHAT[structured-workflow-012] multi-change union compiles each closure once","fullName":"WHAT[structured-workflow-012] multi-change union compiles each closure once"}
[verification-test-start] {"pid":99294,"parentPid":99289,"entryFile":"/Users/yuanxi/Workwork/vibe-fs/requirements/context-compression/tests/018.test.mjs","name":"WHAT[context-compression-018] C0_no_BloggerNeedsReset_full_X_replay","fullName":"WHAT[context-compression-018] C0_no_BloggerNeedsReset_full_X_replay"}
[verification-test-start] {"pid":99300,"parentPid":99289,"entryFile":"/Users/yuanxi/Workwork/vibe-fs/requirements/structured-workflow/tests/012.test.mjs","name":"WHAT[structured-workflow-012] project file changes select one full flat build","fullName":"WHAT[structured-workflow-012] project file changes select one full flat build"}
[verification-test-start] {"pid":99300,"parentPid":99289,"entryFile":"/Users/yuanxi/Workwork/vibe-fs/requirements/structured-workflow/tests/012.test.mjs","name":"WHAT[structured-workflow-012] production impact-set ladder classifies fs fsi project and toolchain","fullName":"WHAT[structured-workflow-012] production impact-set ladder classifies fs fsi project and toolchain"}
[verification-test-start] {"pid":99294,"parentPid":99289,"entryFile":"/Users/yuanxi/Workwork/vibe-fs/requirements/context-compression/tests/018.test.mjs","name":"WHAT[context-compression-018] C0_first_request_does_not_extract_raw_user_toml","fullName":"WHAT[context-compression-018] C0_first_request_does_not_extract_raw_user_toml"}
[verification-test-start] {"pid":99294,"parentPid":99289,"entryFile":"/Users/yuanxi/Workwork/vibe-fs/requirements/context-compression/tests/018.test.mjs","name":"WHAT[context-compression-018] C0_squash_path_does_not_SubscribeTerminal","fullName":"WHAT[context-compression-018] C0_squash_path_does_not_SubscribeTerminal"}
[verification-test-start] {"pid":99294,"parentPid":99289,"entryFile":"/Users/yuanxi/Workwork/vibe-fs/requirements/context-compression/tests/018.test.mjs","name":"WHAT[context-compression-018] C0_squash_constructs_typed_BloggerRequestContext_Squash_in_production","fullName":"WHAT[context-compression-018] C0_squash_constructs_typed_BloggerRequestContext_Squash_in_production"}
[verification-test-start] {"pid":99290,"parentPid":99289,"entryFile":"/Users/yuanxi/Workwork/vibe-fs/requirements/verification-system/tests/006.test.mjs","name":"WHAT[verification-system-006] native freeze inspection failure preserves its original cause and drains known owned resources while retaining a foreign group","fullName":"WHAT[verification-system-006] native freeze inspection failure preserves its original cause and drains known owned resources while retaining a foreign group"}
[verification-test-start] {"pid":99299,"parentPid":99289,"entryFile":"/Users/yuanxi/Workwork/vibe-fs/requirements/host-boundary/tests/032.test.mjs","name":"WHAT[host-boundary-032] canary does not advance on a delayed idle from a previous physical turn","fullName":"WHAT[host-boundary-032] canary does not advance on a delayed idle from a previous physical turn"}

✖ failing tests:

test entry /Users/yuanxi/Workwork/vibe-fs/requirements/verification-system/tests/006.test.mjs
test at /Users/yuanxi/Workwork/vibe-fs/requirements/verification-system/tests/support/supervised-tool-reclamation-tests.mjs:51:3
✖ WHAT[verification-system-006] silence termination reclaims an actual detached tool and its descendant while preserving the caller's foreign group (4022.190ms)
  AssertionError [ERR_ASSERTION]: The caller did not record its caught failure
  runner: 1 test file(s), 1000ms verdict-silence window
  runner: file lifecycle {"entryFile":"/var/folders/g_/3ydzn7kx5lg9ylq8fd9p_13r0000gn/T/supervised-tool-reclamation-6CHysv/held.fixture.mjs","pid":99347,"parentPid":99309,"type":"runner:file-start","elapsedMs":433.279667}
  [verification-worker-cost] {"version":1,"phase":"pre-import","sequence":0,"entryFile":"/var/folders/g_/3ydzn7kx5lg9ylq8fd9p_13r0000gn/T/supervised-tool-reclamation-6CHysv/held.fixture.mjs","pid":99363,"parentPid":99347,"monotonicMs":225.32,"cpuUserMicros":114192,"cpuSystemMicros":30741}
  [verification-test-start] {"pid":99363,"parentPid":99347,"entryFile":"/var/folders/g_/3ydzn7kx5lg9ylq8fd9p_13r0000gn/T/supervised-tool-reclamation-6CHysv/held.fixture.mjs","name":"actual detached selected tool remains unfinished","fullName":"actual detached selected tool remains unfinished"}
  WATCHDOG: 'detached-tool-reclamation' silent for 1004ms (limit 1000ms); 0 blocking progress update(s), last progress: start lane=startup expectation=none
  WATCHDOG: background progress 71ms ago: test:stdout lane=/var/folders/g_/3ydzn7kx5lg9ylq8fd9p_13r0000gn/T/supervised-tool-reclamation-6CHysv/held.fixture.mjs (2 background update(s), none of them renewals)
  runner: 1 file(s) had not reported completion
  runner: file streams: 0 drained, 1 active, 0 queued
  runner: active file ../../../../var/folders/g_/3ydzn7kx5lg9ylq8fd9p_13r0000gn/T/supervised-tool-reclamation-6CHysv/held.fixture.mjs; waiting for stream drain; last verdict: none received
  runner: worker cost {"version":1,"entryFile":"/var/folders/g_/3ydzn7kx5lg9ylq8fd9p_13r0000gn/T/supervised-tool-reclamation-6CHysv/held.fixture.mjs","enabled":true,"pid":99363,"status":"missing","reason":"Exit observation not received","preImport":{"version":1,"phase":"pre-import","sequence":0,"entryFile":"/var/folders/g_/3ydzn7kx5lg9ylq8fd9p_13r0000gn/T/supervised-tool-reclamation-6CHysv/held.fixture.mjs","pid":99363,"parentPid":99347,"monotonicMs":225.32,"cpuUserMicros":114192,"cpuSystemMicros":30741},"exit":null,"interval":null}
  runner: verdict counts unavailable; no authoritative summary before the silence
  runner: Could not complete owned runner termination: Owned termination and remaining group observation failed
  runner: post-exit group verification/reclamation: pid=99347; elapsedMs=211.091; accepted=true
  
  runner: verdict counts unavailable; no authoritative summary; 0/1 planned file(s) completed
  file:///private/var/folders/g_/3ydzn7kx5lg9ylq8fd9p_13r0000gn/T/supervised-tool-reclamation-6CHysv/supervise.mjs:146
    throw new AggregateError([...(originalFailure ? [originalFailure.error] : []), ...cleanupErrors], 'Supervisor observation or foreign cleanup failed', { cause: originalFailure?.error })
          ^
  
  AggregateError: Supervisor observation or foreign cleanup failed
      at file:///private/var/folders/g_/3ydzn7kx5lg9ylq8fd9p_13r0000gn/T/supervised-tool-reclamation-6CHysv/supervise.mjs:146:9
      at process.processTicksAndRejections (node:internal/process/task_queues:103:5) {
    [cause]: Error: runner: supervised suite failed (exit 1)
        at fail (file:///Users/yuanxi/Workwork/vibe-fs/requirements/verification-system/tests/e2e/support/supervise-node-test.mjs:242:25)
        at superviseOwnedNodeTest (file:///Users/yuanxi/Workwork/vibe-fs/requirements/verification-system/tests/e2e/support/supervise-node-test.mjs:472:39)
        at async superviseNodeTest (file:///Users/yuanxi/Workwork/vibe-fs/requirements/verification-system/tests/e2e/support/supervise-node-test.mjs:219:14)
        at async file:///private/var/folders/g_/3ydzn7kx5lg9ylq8fd9p_13r0000gn/T/supervised-tool-reclamation-6CHysv/supervise.mjs:106:5 {
      exitCode: 1,
      [cause]: AggregateError: Owned termination and remaining group observation failed
          at failAfterObservedCleanup (file:///Users/yuanxi/Workwork/vibe-fs/requirements/verification-system/tests/e2e/support/supervise-node-test.mjs:142:11)
          at async file:///Users/yuanxi/Workwork/vibe-fs/requirements/verification-system/tests/e2e/support/supervise-node-test.mjs:311:9
          at async superviseOwnedNodeTest (file:///Users/yuanxi/Workwork/vibe-fs/requirements/verification-system/tests/e2e/support/supervise-node-test.mjs:446:29)
          at async superviseNodeTest (file:///Users/yuanxi/Workwork/vibe-fs/requirements/verification-system/tests/e2e/support/supervise-node-test.mjs:219:14)
          at async file:///private/var/folders/g_/3ydzn7kx5lg9ylq8fd9p_13r0000gn/T/supervised-tool-reclamation-6CHysv/supervise.mjs:106:5 {
        [cause]: <ref *1> Error: spawnSync ps ETIMEDOUT
            at Object.spawnSync (node:internal/child_process:1120:20)
            at spawnSync (node:child_process:902:24)
            at execFileSync (node:child_process:945:15)
            at inspectProcesses (file:///Users/yuanxi/Workwork/vibe-fs/requirements/verification-system/tests/e2e/support/supervise-node-test.mjs:76:10)
            at processRecords (file:///Users/yuanxi/Workwork/vibe-fs/requirements/verification-system/tests/e2e/support/supervise-node-test.mjs:82:18)
            at awaitObservedGroups (file:///Users/yuanxi/Workwork/vibe-fs/requirements/verification-system/tests/e2e/support/supervise-node-test.mjs:129:23)
            at async file:///Users/yuanxi/Workwork/vibe-fs/requirements/verification-system/tests/e2e/support/supervise-node-test.mjs:309:9
            at async superviseOwnedNodeTest (file:///Users/yuanxi/Workwork/vibe-fs/requirements/verification-system/tests/e2e/support/supervise-node-test.mjs:446:29)
            at async superviseNodeTest (file:///Users/yuanxi/Workwork/vibe-fs/requirements/verification-system/tests/e2e/support/supervise-node-test.mjs:219:14)
            at async file:///private/var/folders/g_/3ydzn7kx5lg9ylq8fd9p_13r0000gn/T/supervised-tool-reclamation-6CHysv/supervise.mjs:106:5 {
          errno: -60,
          code: 'ETIMEDOUT',
          syscall: 'spawnSync ps',
          path: 'ps',
          spawnargs: [ '-eo', 'pid=,ppid=,pgid=,stat=' ],
          error: [Circular *1],
          status: null,
          signal: 'SIGTERM',
          output: [ null, '', '' ],
          pid: 99423,
          stdout: '',
          stderr: ''
        },
        [errors]: [
          <ref *1> Error: spawnSync ps ETIMEDOUT
              at Object.spawnSync (node:internal/child_process:1120:20)
              at spawnSync (node:child_process:902:24)
              at execFileSync (node:child_process:945:15)
              at inspectProcesses (file:///Users/yuanxi/Workwork/vibe-fs/requirements/verification-system/tests/e2e/support/supervise-node-test.mjs:76:10)
              at processRecords (file:///Users/yuanxi/Workwork/vibe-fs/requirements/verification-system/tests/e2e/support/supervise-node-test.mjs:82:18)
              at awaitObservedGroups (file:///Users/yuanxi/Workwork/vibe-fs/requirements/verification-system/tests/e2e/support/supervise-node-test.mjs:129:23)
              at async file:///Users/yuanxi/Workwork/vibe-fs/requirements/verification-system/tests/e2e/support/supervise-node-test.mjs:309:9
              at async superviseOwnedNodeTest (file:///Users/yuanxi/Workwork/vibe-fs/requirements/verification-system/tests/e2e/support/supervise-node-test.mjs:446:29)
              at async superviseNodeTest (file:///Users/yuanxi/Workwork/vibe-fs/requirements/verification-system/tests/e2e/support/supervise-node-test.mjs:219:14)
              at async file:///private/var/folders/g_/3ydzn7kx5lg9ylq8fd9p_13r0000gn/T/supervised-tool-reclamation-6CHysv/supervise.mjs:106:5 {
            errno: -60,
            code: 'ETIMEDOUT',
            syscall: 'spawnSync ps',
            path: 'ps',
            spawnargs: [ '-eo', 'pid=,ppid=,pgid=,stat=' ],
            error: [Circular *1],
            status: null,
            signal: 'SIGTERM',
            output: [ null, '', '' ],
            pid: 99423,
            stdout: '',
            stderr: ''
          },
          Error: Owned termination observation deadline expired
              at processRecords (file:///Users/yuanxi/Workwork/vibe-fs/requirements/verification-system/tests/e2e/support/supervise-node-test.mjs:81:29)
              at awaitObservedGroups (file:///Users/yuanxi/Workwork/vibe-fs/requirements/verification-system/tests/e2e/support/supervise-node-test.mjs:129:23)
              at failAfterObservedCleanup (file:///Users/yuanxi/Workwork/vibe-fs/requirements/verification-system/tests/e2e/support/supervise-node-test.mjs:140:11)
              at file:///Users/yuanxi/Workwork/vibe-fs/requirements/verification-system/tests/e2e/support/supervise-node-test.mjs:311:15
              at async superviseOwnedNodeTest (file:///Users/yuanxi/Workwork/vibe-fs/requirements/verification-system/tests/e2e/support/supervise-node-test.mjs:446:29)
              at async superviseNodeTest (file:///Users/yuanxi/Workwork/vibe-fs/requirements/verification-system/tests/e2e/support/supervise-node-test.mjs:219:14)
              at async file:///private/var/folders/g_/3ydzn7kx5lg9ylq8fd9p_13r0000gn/T/supervised-tool-reclamation-6CHysv/supervise.mjs:106:5
        ]
      }
    },
    [errors]: [
      Error: runner: supervised suite failed (exit 1)
          at fail (file:///Users/yuanxi/Workwork/vibe-fs/requirements/verification-system/tests/e2e/support/supervise-node-test.mjs:242:25)
          at superviseOwnedNodeTest (file:///Users/yuanxi/Workwork/vibe-fs/requirements/verification-system/tests/e2e/support/supervise-node-test.mjs:472:39)
          at async superviseNodeTest (file:///Users/yuanxi/Workwork/vibe-fs/requirements/verification-system/tests/e2e/support/supervise-node-test.mjs:219:14)
          at async file:///private/var/folders/g_/3ydzn7kx5lg9ylq8fd9p_13r0000gn/T/supervised-tool-reclamation-6CHysv/supervise.mjs:106:5 {
        exitCode: 1,
        [cause]: AggregateError: Owned termination and remaining group observation failed
            at failAfterObservedCleanup (file:///Users/yuanxi/Workwork/vibe-fs/requirements/verification-system/tests/e2e/support/supervise-node-test.mjs:142:11)
            at async file:///Users/yuanxi/Workwork/vibe-fs/requirements/verification-system/tests/e2e/support/supervise-node-test.mjs:311:9
            at async superviseOwnedNodeTest (file:///Users/yuanxi/Workwork/vibe-fs/requirements/verification-system/tests/e2e/support/supervise-node-test.mjs:446:29)
            at async superviseNodeTest (file:///Users/yuanxi/Workwork/vibe-fs/requirements/verification-system/tests/e2e/support/supervise-node-test.mjs:219:14)
            at async file:///private/var/folders/g_/3ydzn7kx5lg9ylq8fd9p_13r0000gn/T/supervised-tool-reclamation-6CHysv/supervise.mjs:106:5 {
          [cause]: <ref *1> Error: spawnSync ps ETIMEDOUT
              at Object.spawnSync (node:internal/child_process:1120:20)
              at spawnSync (node:child_process:902:24)
              at execFileSync (node:child_process:945:15)
              at inspectProcesses (file:///Users/yuanxi/Workwork/vibe-fs/requirements/verification-system/tests/e2e/support/supervise-node-test.mjs:76:10)
              at processRecords (file:///Users/yuanxi/Workwork/vibe-fs/requirements/verification-system/tests/e2e/support/supervise-node-test.mjs:82:18)
              at awaitObservedGroups (file:///Users/yuanxi/Workwork/vibe-fs/requirements/verification-system/tests/e2e/support/supervise-node-test.mjs:129:23)
              at async file:///Users/yuanxi/Workwork/vibe-fs/requirements/verification-system/tests/e2e/support/supervise-node-test.mjs:309:9
              at async superviseOwnedNodeTest (file:///Users/yuanxi/Workwork/vibe-fs/requirements/verification-system/tests/e2e/support/supervise-node-test.mjs:446:29)
              at async superviseNodeTest (file:///Users/yuanxi/Workwork/vibe-fs/requirements/verification-system/tests/e2e/support/supervise-node-test.mjs:219:14)
              at async file:///private/var/folders/g_/3ydzn7kx5lg9ylq8fd9p_13r0000gn/T/supervised-tool-reclamation-6CHysv/supervise.mjs:106:5 {
            errno: -60,
            code: 'ETIMEDOUT',
            syscall: 'spawnSync ps',
            path: 'ps',
            spawnargs: [ '-eo', 'pid=,ppid=,pgid=,stat=' ],
            error: [Circular *1],
            status: null,
            signal: 'SIGTERM',
            output: [ null, '', '' ],
            pid: 99423,
            stdout: '',
            stderr: ''
          },
          [errors]: [
            <ref *1> Error: spawnSync ps ETIMEDOUT
                at Object.spawnSync (node:internal/child_process:1120:20)
                at spawnSync (node:child_process:902:24)
                at execFileSync (node:child_process:945:15)
                at inspectProcesses (file:///Users/yuanxi/Workwork/vibe-fs/requirements/verification-system/tests/e2e/support/supervise-node-test.mjs:76:10)
                at processRecords (file:///Users/yuanxi/Workwork/vibe-fs/requirements/verification-system/tests/e2e/support/supervise-node-test.mjs:82:18)
                at awaitObservedGroups (file:///Users/yuanxi/Workwork/vibe-fs/requirements/verification-system/tests/e2e/support/supervise-node-test.mjs:129:23)
                at async file:///Users/yuanxi/Workwork/vibe-fs/requirements/verification-system/tests/e2e/support/supervise-node-test.mjs:309:9
                at async superviseOwnedNodeTest (file:///Users/yuanxi/Workwork/vibe-fs/requirements/verification-system/tests/e2e/support/supervise-node-test.mjs:446:29)
                at async superviseNodeTest (file:///Users/yuanxi/Workwork/vibe-fs/requirements/verification-system/tests/e2e/support/supervise-node-test.mjs:219:14)
                at async file:///private/var/folders/g_/3ydzn7kx5lg9ylq8fd9p_13r0000gn/T/supervised-tool-reclamation-6CHysv/supervise.mjs:106:5 {
              errno: -60,
              code: 'ETIMEDOUT',
              syscall: 'spawnSync ps',
              path: 'ps',
              spawnargs: [Array],
              error: [Circular *1],
              status: null,
              signal: 'SIGTERM',
              output: [Array],
              pid: 99423,
              stdout: '',
              stderr: ''
            },
            Error: Owned termination observation deadline expired
                at processRecords (file:///Users/yuanxi/Workwork/vibe-fs/requirements/verification-system/tests/e2e/support/supervise-node-test.mjs:81:29)
                at awaitObservedGroups (file:///Users/yuanxi/Workwork/vibe-fs/requirements/verification-system/tests/e2e/support/supervise-node-test.mjs:129:23)
                at failAfterObservedCleanup (file:///Users/yuanxi/Workwork/vibe-fs/requirements/verification-system/tests/e2e/support/supervise-node-test.mjs:140:11)
                at file:///Users/yuanxi/Workwork/vibe-fs/requirements/verification-system/tests/e2e/support/supervise-node-test.mjs:311:15
                at async superviseOwnedNodeTest (file:///Users/yuanxi/Workwork/vibe-fs/requirements/verification-system/tests/e2e/support/supervise-node-test.mjs:446:29)
                at async superviseNodeTest (file:///Users/yuanxi/Workwork/vibe-fs/requirements/verification-system/tests/e2e/support/supervise-node-test.mjs:219:14)
                at async file:///private/var/folders/g_/3ydzn7kx5lg9ylq8fd9p_13r0000gn/T/supervised-tool-reclamation-6CHysv/supervise.mjs:106:5
          ]
        }
      },
      Error: ENOENT: no such file or directory, open '/var/folders/g_/3ydzn7kx5lg9ylq8fd9p_13r0000gn/T/supervised-tool-reclamation-6CHysv/tool-ownership.json'
          at Object.readFileSync (node:fs:440:20)
          at file:///private/var/folders/g_/3ydzn7kx5lg9ylq8fd9p_13r0000gn/T/supervised-tool-reclamation-6CHysv/supervise.mjs:112:32 {
        errno: -2,
        code: 'ENOENT',
        syscall: 'open',
        path: '/var/folders/g_/3ydzn7kx5lg9ylq8fd9p_13r0000gn/T/supervised-tool-reclamation-6CHysv/tool-ownership.json'
      }
    ]
  }
  
  Node.js v22.23.3
  
      at TestContext.<anonymous> (file:///Users/yuanxi/Workwork/vibe-fs/requirements/verification-system/tests/support/supervised-tool-reclamation-tests.mjs:252:14)
      at async Test.run (node:internal/test_runner/test:1054:7)
      at async startSubtestAfterBootstrap (node:internal/test_runner/harness:296:3)

[verification-test-start] {"pid":99299,"parentPid":99289,"entryFile":"/Users/yuanxi/Workwork/vibe-fs/requirements/host-boundary/tests/032.test.mjs","name":"WHAT[host-boundary-032] canary provider routes repeated requests by physical prompt and call history","fullName":"WHAT[host-boundary-032] canary provider routes repeated requests by physical prompt and call history"}
[verification-test-start] {"pid":99299,"parentPid":99289,"entryFile":"/Users/yuanxi/Workwork/vibe-fs/requirements/host-boundary/tests/032.test.mjs","name":"WHAT[host-boundary-032] C01_tool_definition_decorates_the_review_tool_with_contract_enum","fullName":"WHAT[host-boundary-032] C01_tool_definition_decorates_the_review_tool_with_contract_enum"}
[verification-test-start] {"pid":99294,"parentPid":99289,"entryFile":"/Users/yuanxi/Workwork/vibe-fs/requirements/context-compression/tests/018.test.mjs","name":"WHAT[context-compression-018] C0_park_only_after_KnownCommitted","fullName":"WHAT[context-compression-018] C0_park_only_after_KnownCommitted"}
[verification-test-start] {"pid":99294,"parentPid":99289,"entryFile":"/Users/yuanxi/Workwork/vibe-fs/requirements/context-compression/tests/018.test.mjs","name":"WHAT[context-compression-018] C0_commit_refreshes_durable_coverage_before_park","fullName":"WHAT[context-compression-018] C0_commit_refreshes_durable_coverage_before_park"}
[verification-test-start] {"pid":99294,"parentPid":99289,"entryFile":"/Users/yuanxi/Workwork/vibe-fs/requirements/context-compression/tests/018.test.mjs","name":"WHAT[context-compression-018] C0_caught_up_is_parked_not_completed_and_wake_rechecks_live_Current","fullName":"WHAT[context-compression-018] C0_caught_up_is_parked_not_completed_and_wake_rechecks_live_Current"}
[verification-test-start] {"pid":99294,"parentPid":99289,"entryFile":"/Users/yuanxi/Workwork/vibe-fs/requirements/context-compression/tests/018.test.mjs","name":"WHAT[context-compression-018] C0_adopted_blogger_motion_is_not_active_PENDING","fullName":"WHAT[context-compression-018] C0_adopted_blogger_motion_is_not_active_PENDING"}
[verification-test-start] {"pid":99294,"parentPid":99289,"entryFile":"/Users/yuanxi/Workwork/vibe-fs/requirements/context-compression/tests/018.test.mjs","name":"WHAT[context-compression-018] ENFORCER_047_idle_plus_material_starts","fullName":"WHAT[context-compression-018] ENFORCER_047_idle_plus_material_starts"}
[verification-test-start] {"pid":99294,"parentPid":99289,"entryFile":"/Users/yuanxi/Workwork/vibe-fs/requirements/context-compression/tests/018.test.mjs","name":"WHAT[context-compression-018] ENFORCER_047_inflight_plus_material_skips_without_queue","fullName":"WHAT[context-compression-018] ENFORCER_047_inflight_plus_material_skips_without_queue"}
[verification-test-start] {"pid":99294,"parentPid":99289,"entryFile":"/Users/yuanxi/Workwork/vibe-fs/requirements/context-compression/tests/018.test.mjs","name":"WHAT[context-compression-018] ENFORCER_047_open_producer_between_steps_stages_material","fullName":"WHAT[context-compression-018] ENFORCER_047_open_producer_between_steps_stages_material"}
[verification-test-start] {"pid":99294,"parentPid":99289,"entryFile":"/Users/yuanxi/Workwork/vibe-fs/requirements/context-compression/tests/018.test.mjs","name":"WHAT[context-compression-018] ENFORCER_047_cycle_commit_clears_flight","fullName":"WHAT[context-compression-018] ENFORCER_047_cycle_commit_clears_flight"}
[verification-test-start] {"pid":99294,"parentPid":99289,"entryFile":"/Users/yuanxi/Workwork/vibe-fs/requirements/context-compression/tests/018.test.mjs","name":"WHAT[context-compression-018] ENFORCER_047_idle_plus_parked_waiter_offers","fullName":"WHAT[context-compression-018] ENFORCER_047_idle_plus_parked_waiter_offers"}
[verification-test-start] {"pid":99294,"parentPid":99289,"entryFile":"/Users/yuanxi/Workwork/vibe-fs/requirements/context-compression/tests/018.test.mjs","name":"WHAT[context-compression-018] ENFORCER_047_clear_flight_is_idempotent","fullName":"WHAT[context-compression-018] ENFORCER_047_clear_flight_is_idempotent"}
[verification-test-start] {"pid":99294,"parentPid":99289,"entryFile":"/Users/yuanxi/Workwork/vibe-fs/requirements/context-compression/tests/018.test.mjs","name":"WHAT[context-compression-018] ENFORCER_047_clear_without_flight_is_idempotent","fullName":"WHAT[context-compression-018] ENFORCER_047_clear_without_flight_is_idempotent"}
[verification-test-start] {"pid":99294,"parentPid":99289,"entryFile":"/Users/yuanxi/Workwork/vibe-fs/requirements/context-compression/tests/018.test.mjs","name":"WHAT[context-compression-018] ENFORCER_047_squash_commit_clears_flight","fullName":"WHAT[context-compression-018] ENFORCER_047_squash_commit_clears_flight"}
[verification-test-start] {"pid":99294,"parentPid":99289,"entryFile":"/Users/yuanxi/Workwork/vibe-fs/requirements/context-compression/tests/018.test.mjs","name":"WHAT[context-compression-018] ENFORCER_047_session_delete_is_registry_removal_not_a_cell_state","fullName":"WHAT[context-compression-018] ENFORCER_047_session_delete_is_registry_removal_not_a_cell_state"}
[verification-test-start] {"pid":99294,"parentPid":99289,"entryFile":"/Users/yuanxi/Workwork/vibe-fs/requirements/context-compression/tests/018.test.mjs","name":"WHAT[context-compression-018] ENFORCER_047_two_inflight_contexts_cannot_coexist","fullName":"WHAT[context-compression-018] ENFORCER_047_two_inflight_contexts_cannot_coexist"}
[verification-test-start] {"pid":99294,"parentPid":99289,"entryFile":"/Users/yuanxi/Workwork/vibe-fs/requirements/context-compression/tests/018.test.mjs","name":"WHAT[context-compression-018] ENFORCER_047_waiter_offer_does_not_register_flight","fullName":"WHAT[context-compression-018] ENFORCER_047_waiter_offer_does_not_register_flight"}
[verification-test-start] {"pid":99294,"parentPid":99289,"entryFile":"/Users/yuanxi/Workwork/vibe-fs/requirements/context-compression/tests/018.test.mjs","name":"WHAT[context-compression-018] HANDLE_lifecycle_CompletedAwaitingJoin_and_Retired_seal_blogger","fullName":"WHAT[context-compression-018] HANDLE_lifecycle_CompletedAwaitingJoin_and_Retired_seal_blogger"}
[verification-test-start] {"pid":99294,"parentPid":99289,"entryFile":"/Users/yuanxi/Workwork/vibe-fs/requirements/context-compression/tests/018.test.mjs","name":"WHAT[context-compression-018] HANDLE_lifecycle_Abandoned_seals_blogger","fullName":"WHAT[context-compression-018] HANDLE_lifecycle_Abandoned_seals_blogger"}
[verification-test-start] {"pid":99294,"parentPid":99289,"entryFile":"/Users/yuanxi/Workwork/vibe-fs/requirements/context-compression/tests/018.test.mjs","name":"WHAT[context-compression-018] BLOGGER_RUNTIME_cell_has_no_sealed_mirror_durable_is_truth","fullName":"WHAT[context-compression-018] BLOGGER_RUNTIME_cell_has_no_sealed_mirror_durable_is_truth"}
[verification-test-start] {"pid":99294,"parentPid":99289,"entryFile":"/Users/yuanxi/Workwork/vibe-fs/requirements/context-compression/tests/018.test.mjs","name":"WHAT[context-compression-018] BLOGGER_RUNTIME_park_and_offer_material_mailbox","fullName":"WHAT[context-compression-018] BLOGGER_RUNTIME_park_and_offer_material_mailbox"}
[verification-test-start] {"pid":99294,"parentPid":99289,"entryFile":"/Users/yuanxi/Workwork/vibe-fs/requirements/context-compression/tests/018.test.mjs","name":"WHAT[context-compression-018] BLOGGER_RUNTIME_staged_offer_delivers_to_next_park","fullName":"WHAT[context-compression-018] BLOGGER_RUNTIME_staged_offer_delivers_to_next_park"}
[verification-test-start] {"pid":99294,"parentPid":99289,"entryFile":"/Users/yuanxi/Workwork/vibe-fs/requirements/context-compression/tests/018.test.mjs","name":"WHAT[context-compression-018] BLOGGER_RUNTIME_flight_lease_claim_and_release","fullName":"WHAT[context-compression-018] BLOGGER_RUNTIME_flight_lease_claim_and_release"}
[verification-test-start] {"pid":99294,"parentPid":99289,"entryFile":"/Users/yuanxi/Workwork/vibe-fs/requirements/context-compression/tests/018.test.mjs","name":"WHAT[context-compression-018] fresh binding without suppression history admits ordinary material","fullName":"WHAT[context-compression-018] fresh binding without suppression history admits ordinary material"}
[verification-test-start] {"pid":99300,"parentPid":99289,"entryFile":"/Users/yuanxi/Workwork/vibe-fs/requirements/structured-workflow/tests/012.test.mjs","name":"WHAT[structured-workflow-012] compile-impact CLI plan-only smoke matches the planner","fullName":"WHAT[structured-workflow-012] compile-impact CLI plan-only smoke matches the planner"}
[verification-test-start] {"pid":99295,"parentPid":99289,"entryFile":"/Users/yuanxi/Workwork/vibe-fs/requirements/durable-events/tests/017.test.mjs","name":"WHAT[durable-events-017] activated_append_records_no_historical_content_IO_with_128_facts_and_cold_replay","fullName":"WHAT[durable-events-017] activated_append_records_no_historical_content_IO_with_128_facts_and_cold_replay"}
[verification-test-start] {"pid":99290,"parentPid":99289,"entryFile":"/Users/yuanxi/Workwork/vibe-fs/requirements/verification-system/tests/006.test.mjs","name":"WHAT[verification-system-006] native drain inspection failure preserves its original cause and drains captured owned resources while retaining a foreign group","fullName":"WHAT[verification-system-006] native drain inspection failure preserves its original cause and drains captured owned resources while retaining a foreign group"}
test entry /Users/yuanxi/Workwork/vibe-fs/requirements/verification-system/tests/006.test.mjs
test at /Users/yuanxi/Workwork/vibe-fs/requirements/verification-system/tests/support/supervised-tool-reclamation-tests.mjs:51:3
✖ WHAT[verification-system-006] native freeze inspection failure preserves its original cause and drains known owned resources while retaining a foreign group (3207.705ms)
  AssertionError [ERR_ASSERTION]: The caller did not record its caught failure
  runner: 1 test file(s), 1000ms verdict-silence window
  runner: file lifecycle {"entryFile":"/var/folders/g_/3ydzn7kx5lg9ylq8fd9p_13r0000gn/T/supervised-tool-reclamation-FNBzZ1/held.fixture.mjs","pid":99524,"parentPid":99487,"type":"runner:file-start","elapsedMs":493.30054199999995}
  [verification-worker-cost] {"version":1,"phase":"pre-import","sequence":0,"entryFile":"/var/folders/g_/3ydzn7kx5lg9ylq8fd9p_13r0000gn/T/supervised-tool-reclamation-FNBzZ1/held.fixture.mjs","pid":99525,"parentPid":99524,"monotonicMs":395.231917,"cpuUserMicros":114394,"cpuSystemMicros":105309}
  WATCHDOG: 'detached-tool-reclamation' silent for 1005ms (limit 1000ms); 0 blocking progress update(s), last progress: start lane=startup expectation=none
  WATCHDOG: background progress 1ms ago: test:stdout lane=/var/folders/g_/3ydzn7kx5lg9ylq8fd9p_13r0000gn/T/supervised-tool-reclamation-FNBzZ1/held.fixture.mjs (1 background update(s), none of them renewals)
  runner: 1 file(s) had not reported completion
  runner: file streams: 0 drained, 1 active, 0 queued
  runner: active file ../../../../var/folders/g_/3ydzn7kx5lg9ylq8fd9p_13r0000gn/T/supervised-tool-reclamation-FNBzZ1/held.fixture.mjs; waiting for stream drain; last verdict: none received
  runner: worker cost {"version":1,"entryFile":"/var/folders/g_/3ydzn7kx5lg9ylq8fd9p_13r0000gn/T/supervised-tool-reclamation-FNBzZ1/held.fixture.mjs","enabled":true,"pid":99525,"status":"missing","reason":"Exit observation not received","preImport":{"version":1,"phase":"pre-import","sequence":0,"entryFile":"/var/folders/g_/3ydzn7kx5lg9ylq8fd9p_13r0000gn/T/supervised-tool-reclamation-FNBzZ1/held.fixture.mjs","pid":99525,"parentPid":99524,"monotonicMs":395.231917,"cpuUserMicros":114394,"cpuSystemMicros":105309},"exit":null,"interval":null}
  runner: verdict counts unavailable; no authoritative summary before the silence
  [verification-test-start] {"pid":99525,"parentPid":99524,"entryFile":"/var/folders/g_/3ydzn7kx5lg9ylq8fd9p_13r0000gn/T/supervised-tool-reclamation-FNBzZ1/held.fixture.mjs","name":"actual detached selected tool remains unfinished","fullName":"actual detached selected tool remains unfinished"}
  runner: Could not complete owned runner termination: ENOENT: no such file or directory, open '/var/folders/g_/3ydzn7kx5lg9ylq8fd9p_13r0000gn/T/supervised-tool-reclamation-FNBzZ1/tool-ownership.json'
  runner: post-exit group verification/reclamation: pid=99524; elapsedMs=304.364; accepted=true
  
  runner: verdict counts unavailable; no authoritative summary; 0/1 planned file(s) completed
  file:///private/var/folders/g_/3ydzn7kx5lg9ylq8fd9p_13r0000gn/T/supervised-tool-reclamation-FNBzZ1/supervise.mjs:146
    throw new AggregateError([...(originalFailure ? [originalFailure.error] : []), ...cleanupErrors], 'Supervisor observation or foreign cleanup failed', { cause: originalFailure?.error })
          ^
  
  AggregateError: Supervisor observation or foreign cleanup failed
      at file:///private/var/folders/g_/3ydzn7kx5lg9ylq8fd9p_13r0000gn/T/supervised-tool-reclamation-FNBzZ1/supervise.mjs:146:9
      at process.processTicksAndRejections (node:internal/process/task_queues:103:5) {
    [cause]: Error: runner: supervised suite failed (exit 1)
        at fail (file:///Users/yuanxi/Workwork/vibe-fs/requirements/verification-system/tests/e2e/support/supervise-node-test.mjs:242:25)
        at superviseOwnedNodeTest (file:///Users/yuanxi/Workwork/vibe-fs/requirements/verification-system/tests/e2e/support/supervise-node-test.mjs:472:39)
        at process.processTicksAndRejections (node:internal/process/task_queues:103:5)
        at async superviseNodeTest (file:///Users/yuanxi/Workwork/vibe-fs/requirements/verification-system/tests/e2e/support/supervise-node-test.mjs:219:14)
        at async file:///private/var/folders/g_/3ydzn7kx5lg9ylq8fd9p_13r0000gn/T/supervised-tool-reclamation-FNBzZ1/supervise.mjs:106:5 {
      exitCode: 1,
      [cause]: Error: ENOENT: no such file or directory, open '/var/folders/g_/3ydzn7kx5lg9ylq8fd9p_13r0000gn/T/supervised-tool-reclamation-FNBzZ1/tool-ownership.json'
          at Object.readFileSync (node:fs:440:20)
          at inspectProcessTree (file:///private/var/folders/g_/3ydzn7kx5lg9ylq8fd9p_13r0000gn/T/supervised-tool-reclamation-FNBzZ1/supervise.mjs:41:30)
          at processRecords (file:///Users/yuanxi/Workwork/vibe-fs/requirements/verification-system/tests/e2e/support/supervise-node-test.mjs:82:18)
          at captureFrozenDescendantGroups (file:///Users/yuanxi/Workwork/vibe-fs/requirements/verification-system/tests/e2e/support/supervise-node-test.mjs:109:34)
          at file:///Users/yuanxi/Workwork/vibe-fs/requirements/verification-system/tests/e2e/support/supervise-node-test.mjs:293:31
          at requestTermination (file:///Users/yuanxi/Workwork/vibe-fs/requirements/verification-system/tests/e2e/support/supervise-node-test.mjs:313:7)
          at Watchdog.terminate [as _terminate] (file:///Users/yuanxi/Workwork/vibe-fs/requirements/verification-system/tests/e2e/support/supervise-node-test.mjs:326:9)
          at Watchdog._fire (file:///Users/yuanxi/Workwork/vibe-fs/requirements/verification-system/tests/e2e/support/watchdog.js:113:10)
          at process.processTicksAndRejections (node:internal/process/task_queues:103:5) {
        errno: -2,
        code: 'ENOENT',
        syscall: 'open',
        path: '/var/folders/g_/3ydzn7kx5lg9ylq8fd9p_13r0000gn/T/supervised-tool-reclamation-FNBzZ1/tool-ownership.json'
      }
    },
    [errors]: [
      Error: runner: supervised suite failed (exit 1)
          at fail (file:///Users/yuanxi/Workwork/vibe-fs/requirements/verification-system/tests/e2e/support/supervise-node-test.mjs:242:25)
          at superviseOwnedNodeTest (file:///Users/yuanxi/Workwork/vibe-fs/requirements/verification-system/tests/e2e/support/supervise-node-test.mjs:472:39)
          at process.processTicksAndRejections (node:internal/process/task_queues:103:5)
          at async superviseNodeTest (file:///Users/yuanxi/Workwork/vibe-fs/requirements/verification-system/tests/e2e/support/supervise-node-test.mjs:219:14)
          at async file:///private/var/folders/g_/3ydzn7kx5lg9ylq8fd9p_13r0000gn/T/supervised-tool-reclamation-FNBzZ1/supervise.mjs:106:5 {
        exitCode: 1,
        [cause]: Error: ENOENT: no such file or directory, open '/var/folders/g_/3ydzn7kx5lg9ylq8fd9p_13r0000gn/T/supervised-tool-reclamation-FNBzZ1/tool-ownership.json'
            at Object.readFileSync (node:fs:440:20)
            at inspectProcessTree (file:///private/var/folders/g_/3ydzn7kx5lg9ylq8fd9p_13r0000gn/T/supervised-tool-reclamation-FNBzZ1/supervise.mjs:41:30)
            at processRecords (file:///Users/yuanxi/Workwork/vibe-fs/requirements/verification-system/tests/e2e/support/supervise-node-test.mjs:82:18)
            at captureFrozenDescendantGroups (file:///Users/yuanxi/Workwork/vibe-fs/requirements/verification-system/tests/e2e/support/supervise-node-test.mjs:109:34)
            at file:///Users/yuanxi/Workwork/vibe-fs/requirements/verification-system/tests/e2e/support/supervise-node-test.mjs:293:31
            at requestTermination (file:///Users/yuanxi/Workwork/vibe-fs/requirements/verification-system/tests/e2e/support/supervise-node-test.mjs:313:7)
            at Watchdog.terminate [as _terminate] (file:///Users/yuanxi/Workwork/vibe-fs/requirements/verification-system/tests/e2e/support/supervise-node-test.mjs:326:9)
            at Watchdog._fire (file:///Users/yuanxi/Workwork/vibe-fs/requirements/verification-system/tests/e2e/support/watchdog.js:113:10)
            at process.processTicksAndRejections (node:internal/process/task_queues:103:5) {
          errno: -2,
          code: 'ENOENT',
          syscall: 'open',
          path: '/var/folders/g_/3ydzn7kx5lg9ylq8fd9p_13r0000gn/T/supervised-tool-reclamation-FNBzZ1/tool-ownership.json'
        }
      },
      Error: ENOENT: no such file or directory, open '/var/folders/g_/3ydzn7kx5lg9ylq8fd9p_13r0000gn/T/supervised-tool-reclamation-FNBzZ1/tool-ownership.json'
          at Object.readFileSync (node:fs:440:20)
          at file:///private/var/folders/g_/3ydzn7kx5lg9ylq8fd9p_13r0000gn/T/supervised-tool-reclamation-FNBzZ1/supervise.mjs:112:32
          at process.processTicksAndRejections (node:internal/process/task_queues:103:5) {
        errno: -2,
        code: 'ENOENT',
        syscall: 'open',
        path: '/var/folders/g_/3ydzn7kx5lg9ylq8fd9p_13r0000gn/T/supervised-tool-reclamation-FNBzZ1/tool-ownership.json'
      }
    ]
  }
  
  Node.js v22.23.3
  
      at TestContext.<anonymous> (file:///Users/yuanxi/Workwork/vibe-fs/requirements/verification-system/tests/support/supervised-tool-reclamation-tests.mjs:252:14)
      at async Test.run (node:internal/test_runner/test:1054:7)
      at async Test.processPendingSubtests (node:internal/test_runner/test:744:7)

[verification-test-start] {"pid":99296,"parentPid":99289,"entryFile":"/Users/yuanxi/Workwork/vibe-fs/requirements/distribution/tests/005.test.mjs","name":"WHAT[distribution-005] no-op mode preserves manifest and generation","fullName":"WHAT[distribution-005] no-op mode preserves manifest and generation"}
[verification-test-start] {"pid":99290,"parentPid":99289,"entryFile":"/Users/yuanxi/Workwork/vibe-fs/requirements/verification-system/tests/006.test.mjs","name":"WHAT[verification-system-006] native double inspection failure preserves both original causes and reports incomplete owned cleanup","fullName":"WHAT[verification-system-006] native double inspection failure preserves both original causes and reports incomplete owned cleanup"}
test entry /Users/yuanxi/Workwork/vibe-fs/requirements/verification-system/tests/006.test.mjs
test at /Users/yuanxi/Workwork/vibe-fs/requirements/verification-system/tests/support/supervised-tool-reclamation-tests.mjs:51:3
✖ WHAT[verification-system-006] native drain inspection failure preserves its original cause and drains captured owned resources while retaining a foreign group (3442.213ms)
  AssertionError [ERR_ASSERTION]: The caller did not record its caught failure
  runner: 1 test file(s), 1000ms verdict-silence window
  runner: file lifecycle {"entryFile":"/var/folders/g_/3ydzn7kx5lg9ylq8fd9p_13r0000gn/T/supervised-tool-reclamation-3sSC25/held.fixture.mjs","pid":99615,"parentPid":99584,"type":"runner:file-start","elapsedMs":789.502166}
  WATCHDOG: 'detached-tool-reclamation' silent for 1009ms (limit 1000ms); 0 blocking progress update(s), last progress: start lane=startup expectation=none
  runner: 1 file(s) had not reported completion
  runner: file streams: 0 drained, 1 active, 0 queued
  runner: active file ../../../../var/folders/g_/3ydzn7kx5lg9ylq8fd9p_13r0000gn/T/supervised-tool-reclamation-3sSC25/held.fixture.mjs; waiting for stream drain; last verdict: none received
  runner: worker cost {"version":1,"entryFile":"/var/folders/g_/3ydzn7kx5lg9ylq8fd9p_13r0000gn/T/supervised-tool-reclamation-3sSC25/held.fixture.mjs","enabled":true,"pid":null,"status":"missing","reason":"Pre-import observation not received","preImport":null,"exit":null,"interval":null}
  runner: verdict counts unavailable; no authoritative summary before the silence
  runner: Could not complete owned runner termination: ENOENT: no such file or directory, open '/var/folders/g_/3ydzn7kx5lg9ylq8fd9p_13r0000gn/T/supervised-tool-reclamation-3sSC25/tool-ownership.json'
  runner: post-exit group verification/reclamation: pid=99615; elapsedMs=361.593; accepted=true
  
  runner: verdict counts unavailable; no authoritative summary; 0/1 planned file(s) completed
  file:///private/var/folders/g_/3ydzn7kx5lg9ylq8fd9p_13r0000gn/T/supervised-tool-reclamation-3sSC25/supervise.mjs:146
    throw new AggregateError([...(originalFailure ? [originalFailure.error] : []), ...cleanupErrors], 'Supervisor observation or foreign cleanup failed', { cause: originalFailure?.error })
          ^
  
  AggregateError: Supervisor observation or foreign cleanup failed
      at file:///private/var/folders/g_/3ydzn7kx5lg9ylq8fd9p_13r0000gn/T/supervised-tool-reclamation-3sSC25/supervise.mjs:146:9 {
    [cause]: Error: runner: supervised suite failed (exit 1)
        at fail (file:///Users/yuanxi/Workwork/vibe-fs/requirements/verification-system/tests/e2e/support/supervise-node-test.mjs:242:25)
        at superviseOwnedNodeTest (file:///Users/yuanxi/Workwork/vibe-fs/requirements/verification-system/tests/e2e/support/supervise-node-test.mjs:472:39)
        at process.processTicksAndRejections (node:internal/process/task_queues:103:5)
        at async superviseNodeTest (file:///Users/yuanxi/Workwork/vibe-fs/requirements/verification-system/tests/e2e/support/supervise-node-test.mjs:219:14)
        at async file:///private/var/folders/g_/3ydzn7kx5lg9ylq8fd9p_13r0000gn/T/supervised-tool-reclamation-3sSC25/supervise.mjs:106:5 {
      exitCode: 1,
      [cause]: Error: ENOENT: no such file or directory, open '/var/folders/g_/3ydzn7kx5lg9ylq8fd9p_13r0000gn/T/supervised-tool-reclamation-3sSC25/tool-ownership.json'
          at Object.readFileSync (node:fs:440:20)
          at inspectProcessTree (file:///private/var/folders/g_/3ydzn7kx5lg9ylq8fd9p_13r0000gn/T/supervised-tool-reclamation-3sSC25/supervise.mjs:41:30)
          at processRecords (file:///Users/yuanxi/Workwork/vibe-fs/requirements/verification-system/tests/e2e/support/supervise-node-test.mjs:82:18)
          at captureFrozenDescendantGroups (file:///Users/yuanxi/Workwork/vibe-fs/requirements/verification-system/tests/e2e/support/supervise-node-test.mjs:109:34)
          at file:///Users/yuanxi/Workwork/vibe-fs/requirements/verification-system/tests/e2e/support/supervise-node-test.mjs:293:31
          at requestTermination (file:///Users/yuanxi/Workwork/vibe-fs/requirements/verification-system/tests/e2e/support/supervise-node-test.mjs:313:7)
          at Watchdog.terminate [as _terminate] (file:///Users/yuanxi/Workwork/vibe-fs/requirements/verification-system/tests/e2e/support/supervise-node-test.mjs:326:9)
          at Watchdog._fire (file:///Users/yuanxi/Workwork/vibe-fs/requirements/verification-system/tests/e2e/support/watchdog.js:113:10)
          at process.processTicksAndRejections (node:internal/process/task_queues:103:5) {
        errno: -2,
        code: 'ENOENT',
        syscall: 'open',
        path: '/var/folders/g_/3ydzn7kx5lg9ylq8fd9p_13r0000gn/T/supervised-tool-reclamation-3sSC25/tool-ownership.json'
      }
    },
    [errors]: [
      Error: runner: supervised suite failed (exit 1)
          at fail (file:///Users/yuanxi/Workwork/vibe-fs/requirements/verification-system/tests/e2e/support/supervise-node-test.mjs:242:25)
          at superviseOwnedNodeTest (file:///Users/yuanxi/Workwork/vibe-fs/requirements/verification-system/tests/e2e/support/supervise-node-test.mjs:472:39)
          at process.processTicksAndRejections (node:internal/process/task_queues:103:5)
          at async superviseNodeTest (file:///Users/yuanxi/Workwork/vibe-fs/requirements/verification-system/tests/e2e/support/supervise-node-test.mjs:219:14)
          at async file:///private/var/folders/g_/3ydzn7kx5lg9ylq8fd9p_13r0000gn/T/supervised-tool-reclamation-3sSC25/supervise.mjs:106:5 {
        exitCode: 1,
        [cause]: Error: ENOENT: no such file or directory, open '/var/folders/g_/3ydzn7kx5lg9ylq8fd9p_13r0000gn/T/supervised-tool-reclamation-3sSC25/tool-ownership.json'
            at Object.readFileSync (node:fs:440:20)
            at inspectProcessTree (file:///private/var/folders/g_/3ydzn7kx5lg9ylq8fd9p_13r0000gn/T/supervised-tool-reclamation-3sSC25/supervise.mjs:41:30)
            at processRecords (file:///Users/yuanxi/Workwork/vibe-fs/requirements/verification-system/tests/e2e/support/supervise-node-test.mjs:82:18)
            at captureFrozenDescendantGroups (file:///Users/yuanxi/Workwork/vibe-fs/requirements/verification-system/tests/e2e/support/supervise-node-test.mjs:109:34)
            at file:///Users/yuanxi/Workwork/vibe-fs/requirements/verification-system/tests/e2e/support/supervise-node-test.mjs:293:31
            at requestTermination (file:///Users/yuanxi/Workwork/vibe-fs/requirements/verification-system/tests/e2e/support/supervise-node-test.mjs:313:7)
            at Watchdog.terminate [as _terminate] (file:///Users/yuanxi/Workwork/vibe-fs/requirements/verification-system/tests/e2e/support/supervise-node-test.mjs:326:9)
            at Watchdog._fire (file:///Users/yuanxi/Workwork/vibe-fs/requirements/verification-system/tests/e2e/support/watchdog.js:113:10)
            at process.processTicksAndRejections (node:internal/process/task_queues:103:5) {
          errno: -2,
          code: 'ENOENT',
          syscall: 'open',
          path: '/var/folders/g_/3ydzn7kx5lg9ylq8fd9p_13r0000gn/T/supervised-tool-reclamation-3sSC25/tool-ownership.json'
        }
      },
      Error: ENOENT: no such file or directory, open '/var/folders/g_/3ydzn7kx5lg9ylq8fd9p_13r0000gn/T/supervised-tool-reclamation-3sSC25/tool-ownership.json'
          at Object.readFileSync (node:fs:440:20)
          at file:///private/var/folders/g_/3ydzn7kx5lg9ylq8fd9p_13r0000gn/T/supervised-tool-reclamation-3sSC25/supervise.mjs:112:32
          at process.processTicksAndRejections (node:internal/process/task_queues:103:5) {
        errno: -2,
        code: 'ENOENT',
        syscall: 'open',
        path: '/var/folders/g_/3ydzn7kx5lg9ylq8fd9p_13r0000gn/T/supervised-tool-reclamation-3sSC25/tool-ownership.json'
      }
    ]
  }
  
  Node.js v22.23.3
  
      at TestContext.<anonymous> (file:///Users/yuanxi/Workwork/vibe-fs/requirements/verification-system/tests/support/supervised-tool-reclamation-tests.mjs:252:14)
      at process.processTicksAndRejections (node:internal/process/task_queues:103:5)
      at async Test.run (node:internal/test_runner/test:1054:7)
      at async Test.processPendingSubtests (node:internal/test_runner/test:744:7)

[verification-test-start] {"pid":99290,"parentPid":99289,"entryFile":"/Users/yuanxi/Workwork/vibe-fs/requirements/verification-system/tests/006.test.mjs","name":"WHAT[verification-system-006] owned tool monitoring preserves actual terminals and rejects missing control evidence","fullName":"WHAT[verification-system-006] owned tool monitoring preserves actual terminals and rejects missing control evidence"}
test entry /Users/yuanxi/Workwork/vibe-fs/requirements/verification-system/tests/006.test.mjs
test at /Users/yuanxi/Workwork/vibe-fs/requirements/verification-system/tests/support/supervised-tool-reclamation-tests.mjs:51:3
✖ WHAT[verification-system-006] native double inspection failure preserves both original causes and reports incomplete owned cleanup (3597.673ms)
  AssertionError [ERR_ASSERTION]: The caller did not record its caught failure
  runner: 1 test file(s), 1000ms verdict-silence window
  runner: file lifecycle {"entryFile":"/var/folders/g_/3ydzn7kx5lg9ylq8fd9p_13r0000gn/T/supervised-tool-reclamation-QR0Ade/held.fixture.mjs","pid":99790,"parentPid":99775,"type":"runner:file-start","elapsedMs":962.0571669999999}
  WATCHDOG: 'detached-tool-reclamation' silent for 1009ms (limit 1000ms); 0 blocking progress update(s), last progress: start lane=startup expectation=none
  runner: 1 file(s) had not reported completion
  runner: file streams: 0 drained, 1 active, 0 queued
  runner: active file ../../../../var/folders/g_/3ydzn7kx5lg9ylq8fd9p_13r0000gn/T/supervised-tool-reclamation-QR0Ade/held.fixture.mjs; waiting for stream drain; last verdict: none received
  runner: worker cost {"version":1,"entryFile":"/var/folders/g_/3ydzn7kx5lg9ylq8fd9p_13r0000gn/T/supervised-tool-reclamation-QR0Ade/held.fixture.mjs","enabled":true,"pid":null,"status":"missing","reason":"Pre-import observation not received","preImport":null,"exit":null,"interval":null}
  runner: verdict counts unavailable; no authoritative summary before the silence
  runner: Could not complete owned runner termination: ENOENT: no such file or directory, open '/var/folders/g_/3ydzn7kx5lg9ylq8fd9p_13r0000gn/T/supervised-tool-reclamation-QR0Ade/tool-ownership.json'
  runner: post-exit group verification/reclamation: pid=99790; elapsedMs=170.836; accepted=true
  
  runner: verdict counts unavailable; no authoritative summary; 0/1 planned file(s) completed
  file:///private/var/folders/g_/3ydzn7kx5lg9ylq8fd9p_13r0000gn/T/supervised-tool-reclamation-QR0Ade/supervise.mjs:146
    throw new AggregateError([...(originalFailure ? [originalFailure.error] : []), ...cleanupErrors], 'Supervisor observation or foreign cleanup failed', { cause: originalFailure?.error })
          ^
  
  AggregateError: Supervisor observation or foreign cleanup failed
      at file:///private/var/folders/g_/3ydzn7kx5lg9ylq8fd9p_13r0000gn/T/supervised-tool-reclamation-QR0Ade/supervise.mjs:146:9 {
    [cause]: Error: runner: supervised suite failed (exit 1)
        at fail (file:///Users/yuanxi/Workwork/vibe-fs/requirements/verification-system/tests/e2e/support/supervise-node-test.mjs:242:25)
        at superviseOwnedNodeTest (file:///Users/yuanxi/Workwork/vibe-fs/requirements/verification-system/tests/e2e/support/supervise-node-test.mjs:472:39)
        at process.processTicksAndRejections (node:internal/process/task_queues:103:5)
        at async superviseNodeTest (file:///Users/yuanxi/Workwork/vibe-fs/requirements/verification-system/tests/e2e/support/supervise-node-test.mjs:219:14)
        at async file:///private/var/folders/g_/3ydzn7kx5lg9ylq8fd9p_13r0000gn/T/supervised-tool-reclamation-QR0Ade/supervise.mjs:106:5 {
      exitCode: 1,
      [cause]: Error: ENOENT: no such file or directory, open '/var/folders/g_/3ydzn7kx5lg9ylq8fd9p_13r0000gn/T/supervised-tool-reclamation-QR0Ade/tool-ownership.json'
          at Object.readFileSync (node:fs:440:20)
          at inspectProcessTree (file:///private/var/folders/g_/3ydzn7kx5lg9ylq8fd9p_13r0000gn/T/supervised-tool-reclamation-QR0Ade/supervise.mjs:41:30)
          at processRecords (file:///Users/yuanxi/Workwork/vibe-fs/requirements/verification-system/tests/e2e/support/supervise-node-test.mjs:82:18)
          at captureFrozenDescendantGroups (file:///Users/yuanxi/Workwork/vibe-fs/requirements/verification-system/tests/e2e/support/supervise-node-test.mjs:109:34)
          at file:///Users/yuanxi/Workwork/vibe-fs/requirements/verification-system/tests/e2e/support/supervise-node-test.mjs:293:31
          at requestTermination (file:///Users/yuanxi/Workwork/vibe-fs/requirements/verification-system/tests/e2e/support/supervise-node-test.mjs:313:7)
          at Watchdog.terminate [as _terminate] (file:///Users/yuanxi/Workwork/vibe-fs/requirements/verification-system/tests/e2e/support/supervise-node-test.mjs:326:9)
          at Watchdog._fire (file:///Users/yuanxi/Workwork/vibe-fs/requirements/verification-system/tests/e2e/support/watchdog.js:113:10)
          at process.processTicksAndRejections (node:internal/process/task_queues:103:5) {
        errno: -2,
        code: 'ENOENT',
        syscall: 'open',
        path: '/var/folders/g_/3ydzn7kx5lg9ylq8fd9p_13r0000gn/T/supervised-tool-reclamation-QR0Ade/tool-ownership.json'
      }
    },
    [errors]: [
      Error: runner: supervised suite failed (exit 1)
          at fail (file:///Users/yuanxi/Workwork/vibe-fs/requirements/verification-system/tests/e2e/support/supervise-node-test.mjs:242:25)
          at superviseOwnedNodeTest (file:///Users/yuanxi/Workwork/vibe-fs/requirements/verification-system/tests/e2e/support/supervise-node-test.mjs:472:39)
          at process.processTicksAndRejections (node:internal/process/task_queues:103:5)
          at async superviseNodeTest (file:///Users/yuanxi/Workwork/vibe-fs/requirements/verification-system/tests/e2e/support/supervise-node-test.mjs:219:14)
          at async file:///private/var/folders/g_/3ydzn7kx5lg9ylq8fd9p_13r0000gn/T/supervised-tool-reclamation-QR0Ade/supervise.mjs:106:5 {
        exitCode: 1,
        [cause]: Error: ENOENT: no such file or directory, open '/var/folders/g_/3ydzn7kx5lg9ylq8fd9p_13r0000gn/T/supervised-tool-reclamation-QR0Ade/tool-ownership.json'
            at Object.readFileSync (node:fs:440:20)
            at inspectProcessTree (file:///private/var/folders/g_/3ydzn7kx5lg9ylq8fd9p_13r0000gn/T/supervised-tool-reclamation-QR0Ade/supervise.mjs:41:30)
            at processRecords (file:///Users/yuanxi/Workwork/vibe-fs/requirements/verification-system/tests/e2e/support/supervise-node-test.mjs:82:18)
            at captureFrozenDescendantGroups (file:///Users/yuanxi/Workwork/vibe-fs/requirements/verification-system/tests/e2e/support/supervise-node-test.mjs:109:34)
            at file:///Users/yuanxi/Workwork/vibe-fs/requirements/verification-system/tests/e2e/support/supervise-node-test.mjs:293:31
            at requestTermination (file:///Users/yuanxi/Workwork/vibe-fs/requirements/verification-system/tests/e2e/support/supervise-node-test.mjs:313:7)
            at Watchdog.terminate [as _terminate] (file:///Users/yuanxi/Workwork/vibe-fs/requirements/verification-system/tests/e2e/support/supervise-node-test.mjs:326:9)
            at Watchdog._fire (file:///Users/yuanxi/Workwork/vibe-fs/requirements/verification-system/tests/e2e/support/watchdog.js:113:10)
            at process.processTicksAndRejections (node:internal/process/task_queues:103:5) {
          errno: -2,
          code: 'ENOENT',
          syscall: 'open',
          path: '/var/folders/g_/3ydzn7kx5lg9ylq8fd9p_13r0000gn/T/supervised-tool-reclamation-QR0Ade/tool-ownership.json'
        }
      },
      Error: ENOENT: no such file or directory, open '/var/folders/g_/3ydzn7kx5lg9ylq8fd9p_13r0000gn/T/supervised-tool-reclamation-QR0Ade/tool-ownership.json'
          at Object.readFileSync (node:fs:440:20)
          at file:///private/var/folders/g_/3ydzn7kx5lg9ylq8fd9p_13r0000gn/T/supervised-tool-reclamation-QR0Ade/supervise.mjs:112:32
          at process.processTicksAndRejections (node:internal/process/task_queues:103:5) {
        errno: -2,
        code: 'ENOENT',
        syscall: 'open',
        path: '/var/folders/g_/3ydzn7kx5lg9ylq8fd9p_13r0000gn/T/supervised-tool-reclamation-QR0Ade/tool-ownership.json'
      }
    ]
  }
  
  Node.js v22.23.3
  
      at TestContext.<anonymous> (file:///Users/yuanxi/Workwork/vibe-fs/requirements/verification-system/tests/support/supervised-tool-reclamation-tests.mjs:252:14)
      at process.processTicksAndRejections (node:internal/process/task_queues:103:5)
      at async Test.run (node:internal/test_runner/test:1054:7)
      at async Test.processPendingSubtests (node:internal/test_runner/test:744:7)

[verification-test-start] {"pid":99290,"parentPid":99289,"entryFile":"/Users/yuanxi/Workwork/vibe-fs/requirements/verification-system/tests/006.test.mjs","name":"WHAT[verification-system-006] empty PATH preserves exact selected environment and actual independent process group","fullName":"WHAT[verification-system-006] owned tool monitoring preserves actual terminals and rejects missing control evidence > WHAT[verification-system-006] empty PATH preserves exact selected environment and actual independent process group"}
[verification-test-start] {"pid":99299,"parentPid":99289,"entryFile":"/Users/yuanxi/Workwork/vibe-fs/requirements/host-boundary/tests/032.test.mjs","name":"WHAT[host-boundary-032] C05_tool_execute_before_strips_contract_and_after_restores","fullName":"WHAT[host-boundary-032] C05_tool_execute_before_strips_contract_and_after_restores"}
[verification-worker-cost] {"version":1,"phase":"exit","sequence":1,"entryFile":"/Users/yuanxi/Workwork/vibe-fs/requirements/durable-events/tests/017.test.mjs","pid":99295,"parentPid":99289,"monotonicMs":18013.796875,"cpuUserMicros":1165619,"cpuSystemMicros":278601,"exitCode":0}
runner: file lifecycle {"entryFile":"/Users/yuanxi/Workwork/vibe-fs/requirements/durable-events/tests/017.test.mjs","type":"runner:file-drained","elapsedMs":18402.259041999998}
runner: worker cost {"version":1,"entryFile":"/Users/yuanxi/Workwork/vibe-fs/requirements/durable-events/tests/017.test.mjs","enabled":true,"pid":99295,"status":"complete","reason":null,"preImport":{"version":1,"phase":"pre-import","sequence":0,"entryFile":"/Users/yuanxi/Workwork/vibe-fs/requirements/durable-events/tests/017.test.mjs","pid":99295,"parentPid":99289,"monotonicMs":300.01675,"cpuUserMicros":117807,"cpuSystemMicros":26900},"exit":{"version":1,"phase":"exit","sequence":1,"entryFile":"/Users/yuanxi/Workwork/vibe-fs/requirements/durable-events/tests/017.test.mjs","pid":99295,"parentPid":99289,"monotonicMs":18013.796875,"cpuUserMicros":1165619,"cpuSystemMicros":278601,"exitCode":0},"interval":{"clockPid":99295,"wallMs":17713.780125,"cpuUserMicros":1047812,"cpuSystemMicros":251701}}
[verification-test-start] {"pid":99290,"parentPid":99289,"entryFile":"/Users/yuanxi/Workwork/vibe-fs/requirements/verification-system/tests/006.test.mjs","name":"WHAT[verification-system-006] a selected nonzero exit is preserved instead of the monitor exit","fullName":"WHAT[verification-system-006] owned tool monitoring preserves actual terminals and rejects missing control evidence > WHAT[verification-system-006] a selected nonzero exit is preserved instead of the monitor exit"}
[verification-test-start] {"pid":99290,"parentPid":99289,"entryFile":"/Users/yuanxi/Workwork/vibe-fs/requirements/verification-system/tests/006.test.mjs","name":"WHAT[verification-system-006] a selected process signal is preserved instead of the monitor exit","fullName":"WHAT[verification-system-006] owned tool monitoring preserves actual terminals and rejects missing control evidence > WHAT[verification-system-006] a selected process signal is preserved instead of the monitor exit"}
[verification-test-start] {"pid":99292,"parentPid":99289,"entryFile":"/Users/yuanxi/Workwork/vibe-fs/requirements/cognitive-environment/tests/015.test.mjs","name":"WHAT[cognitive-environment-015] durable marker oracle observes Git-private event bytes","fullName":"WHAT[cognitive-environment-015] durable marker oracle observes Git-private event bytes"}
[verification-test-start] {"pid":99292,"parentPid":99289,"entryFile":"/Users/yuanxi/Workwork/vibe-fs/requirements/cognitive-environment/tests/015.test.mjs","name":"WHAT[cognitive-environment-015] R1_registered_transform_injects_one_marker_and_writes_no_durable_history","fullName":"WHAT[cognitive-environment-015] R1_registered_transform_injects_one_marker_and_writes_no_durable_history"}
[verification-test-start] {"pid":99290,"parentPid":99289,"entryFile":"/Users/yuanxi/Workwork/vibe-fs/requirements/verification-system/tests/006.test.mjs","name":"WHAT[verification-system-006] a real selected executable spawn failure retains its OS cause","fullName":"WHAT[verification-system-006] owned tool monitoring preserves actual terminals and rejects missing control evidence > WHAT[verification-system-006] a real selected executable spawn failure retains its OS cause"}
[verification-test-start] {"pid":99290,"parentPid":99289,"entryFile":"/Users/yuanxi/Workwork/vibe-fs/requirements/verification-system/tests/006.test.mjs","name":"WHAT[verification-system-006] missing monitor terminal before selected spawn rejects acceptance","fullName":"WHAT[verification-system-006] owned tool monitoring preserves actual terminals and rejects missing control evidence > WHAT[verification-system-006] missing monitor terminal before selected spawn rejects acceptance"}
[verification-test-start] {"pid":99298,"parentPid":99289,"entryFile":"/Users/yuanxi/Workwork/vibe-fs/requirements/relay-assessment/tests/002.test.mjs","name":"WHAT[relay-assessment-002] changed public narrative binding rejects replay without changing the accepted facts","fullName":"WHAT[relay-assessment-002] changed public narrative binding rejects replay without changing the accepted facts"}
[verification-test-start] {"pid":99290,"parentPid":99289,"entryFile":"/Users/yuanxi/Workwork/vibe-fs/requirements/verification-system/tests/006.test.mjs","name":"WHAT[verification-system-006] malformed monitor terminal before selected spawn rejects acceptance","fullName":"WHAT[verification-system-006] owned tool monitoring preserves actual terminals and rejects missing control evidence > WHAT[verification-system-006] malformed monitor terminal before selected spawn rejects acceptance"}
[verification-test-start] {"pid":99290,"parentPid":99289,"entryFile":"/Users/yuanxi/Workwork/vibe-fs/requirements/verification-system/tests/006.test.mjs","name":"WHAT[verification-system-006] duplicate monitor terminal before selected spawn rejects acceptance","fullName":"WHAT[verification-system-006] owned tool monitoring preserves actual terminals and rejects missing control evidence > WHAT[verification-system-006] duplicate monitor terminal before selected spawn rejects acceptance"}
[verification-test-start] {"pid":99299,"parentPid":99289,"entryFile":"/Users/yuanxi/Workwork/vibe-fs/requirements/host-boundary/tests/032.test.mjs","name":"WHAT[host-boundary-032] C09_concurrent_tool_invocations_do_not_mix_contract_parameters","fullName":"WHAT[host-boundary-032] C09_concurrent_tool_invocations_do_not_mix_contract_parameters"}
[verification-test-start] {"pid":99290,"parentPid":99289,"entryFile":"/Users/yuanxi/Workwork/vibe-fs/requirements/verification-system/tests/006.test.mjs","name":"WHAT[verification-system-006] event safety ceilings validate input and count actual non-heartbeat events","fullName":"WHAT[verification-system-006] event safety ceilings validate input and count actual non-heartbeat events"}
[verification-test-start] {"pid":99290,"parentPid":99289,"entryFile":"/Users/yuanxi/Workwork/vibe-fs/requirements/verification-system/tests/006.test.mjs","name":"WHAT[verification-system-006] diagnostics preserve the actual wait and monitored subject","fullName":"WHAT[verification-system-006] diagnostics preserve the actual wait and monitored subject"}
[verification-test-start] {"pid":99290,"parentPid":99289,"entryFile":"/Users/yuanxi/Workwork/vibe-fs/requirements/verification-system/tests/006.test.mjs","name":"WHAT[verification-system-006] missing and corrupt wait snapshots disclose the diagnostic gap","fullName":"WHAT[verification-system-006] missing and corrupt wait snapshots disclose the diagnostic gap"}
[verification-test-start] {"pid":99290,"parentPid":99289,"entryFile":"/Users/yuanxi/Workwork/vibe-fs/requirements/verification-system/tests/006.test.mjs","name":"WHAT[verification-system-006] the initial silence window covers execution before its first progress","fullName":"WHAT[verification-system-006] the initial silence window covers execution before its first progress"}
[verification-test-start] {"pid":99290,"parentPid":99289,"entryFile":"/Users/yuanxi/Workwork/vibe-fs/requirements/verification-system/tests/006.test.mjs","name":"WHAT[verification-system-006] continuing progress outlives a window and silence is measured from its last advance","fullName":"WHAT[verification-system-006] continuing progress outlives a window and silence is measured from its last advance"}
[verification-test-start] {"pid":99290,"parentPid":99289,"entryFile":"/Users/yuanxi/Workwork/vibe-fs/requirements/verification-system/tests/006.test.mjs","name":"WHAT[verification-system-006] completed verdicts renew the window while repeated log traffic cannot","fullName":"WHAT[verification-system-006] completed verdicts renew the window while repeated log traffic cannot"}
[verification-test-start] {"pid":99290,"parentPid":99289,"entryFile":"/Users/yuanxi/Workwork/vibe-fs/requirements/verification-system/tests/006.test.mjs","name":"WHAT[verification-system-006] scheduling events do not renew the silence window","fullName":"WHAT[verification-system-006] scheduling events do not renew the silence window"}
[verification-test-start] {"pid":99290,"parentPid":99289,"entryFile":"/Users/yuanxi/Workwork/vibe-fs/requirements/verification-system/tests/006.test.mjs","name":"WHAT[verification-system-006] the real verdict transport records body entry with its actual parent test and process identity","fullName":"WHAT[verification-system-006] the real verdict transport records body entry with its actual parent test and process identity"}
[verification-test-start] {"pid":99297,"parentPid":99289,"entryFile":"/Users/yuanxi/Workwork/vibe-fs/requirements/requirement-grounding/tests/006.test.mjs","name":"WHAT[requirement-grounding-006] registered complete file reads preserve exact versions, deduplicate, replay, and reset after reanchor","fullName":"WHAT[requirement-grounding-006] registered complete file reads preserve exact versions, deduplicate, replay, and reset after reanchor"}
[verification-test-start] {"pid":99290,"parentPid":99289,"entryFile":"/Users/yuanxi/Workwork/vibe-fs/requirements/verification-system/tests/006.test.mjs","name":"WHAT[verification-system-006] worker cost observations identify two actual file processes and leave an unobserved exit missing","fullName":"WHAT[verification-system-006] worker cost observations identify two actual file processes and leave an unobserved exit missing"}
[verification-test-start] {"pid":99294,"parentPid":99289,"entryFile":"/Users/yuanxi/Workwork/vibe-fs/requirements/context-compression/tests/018.test.mjs","name":"WHAT[context-compression-018] COMPANION_018_first_turn_shape_is_false_when_historic_frames_or_tips_present","fullName":"WHAT[context-compression-018] COMPANION_018_first_turn_shape_is_false_when_historic_frames_or_tips_present"}
[verification-test-start] {"pid":99294,"parentPid":99289,"entryFile":"/Users/yuanxi/Workwork/vibe-fs/requirements/context-compression/tests/018.test.mjs","name":"WHAT[context-compression-018] ENFORCER_same_run_after_squash_rejected_as_known_not_committed","fullName":"WHAT[context-compression-018] ENFORCER_same_run_after_squash_rejected_as_known_not_committed"}
[verification-test-start] {"pid":99294,"parentPid":99289,"entryFile":"/Users/yuanxi/Workwork/vibe-fs/requirements/context-compression/tests/018.test.mjs","name":"WHAT[context-compression-018] ENFORCER_open_without_promptkey_binding_is_unexpected_end","fullName":"WHAT[context-compression-018] ENFORCER_open_without_promptkey_binding_is_unexpected_end"}
[verification-test-start] {"pid":99294,"parentPid":99289,"entryFile":"/Users/yuanxi/Workwork/vibe-fs/requirements/context-compression/tests/018.test.mjs","name":"WHAT[context-compression-018] ENFORCER_open_bound_promptkey_commits_and_clears_open","fullName":"WHAT[context-compression-018] ENFORCER_open_bound_promptkey_commits_and_clears_open"}
[verification-test-start] {"pid":99294,"parentPid":99289,"entryFile":"/Users/yuanxi/Workwork/vibe-fs/requirements/context-compression/tests/018.test.mjs","name":"WHAT[context-compression-018] ENFORCER_catchup_drains_next_window_after_idempotent_receipt","fullName":"WHAT[context-compression-018] ENFORCER_catchup_drains_next_window_after_idempotent_receipt"}
[verification-test-start] {"pid":99294,"parentPid":99289,"entryFile":"/Users/yuanxi/Workwork/vibe-fs/requirements/context-compression/tests/018.test.mjs","name":"WHAT[context-compression-018] ENFORCER_park_cancel_is_the_only_non_material_wake","fullName":"WHAT[context-compression-018] ENFORCER_park_cancel_is_the_only_non_material_wake"}
[verification-test-start] {"pid":99294,"parentPid":99289,"entryFile":"/Users/yuanxi/Workwork/vibe-fs/requirements/context-compression/tests/018.test.mjs","name":"WHAT[context-compression-018] ENFORCER_caught_up_park_absorbs_future_material_beyond_previous_head_without_frozen_frontier","fullName":"WHAT[context-compression-018] ENFORCER_caught_up_park_absorbs_future_material_beyond_previous_head_without_frozen_frontier"}
[verification-test-start] {"pid":99294,"parentPid":99289,"entryFile":"/Users/yuanxi/Workwork/vibe-fs/requirements/context-compression/tests/018.test.mjs","name":"WHAT[context-compression-018] ENFORCER_park_resumed_with_flight_projects_directly","fullName":"WHAT[context-compression-018] ENFORCER_park_resumed_with_flight_projects_directly"}
[verification-test-start] {"pid":99294,"parentPid":99289,"entryFile":"/Users/yuanxi/Workwork/vibe-fs/requirements/context-compression/tests/018.test.mjs","name":"WHAT[context-compression-018] ENFORCER_no_journal_projects_raw_messages","fullName":"WHAT[context-compression-018] ENFORCER_no_journal_projects_raw_messages"}
[verification-test-start] {"pid":99294,"parentPid":99289,"entryFile":"/Users/yuanxi/Workwork/vibe-fs/requirements/context-compression/tests/018.test.mjs","name":"WHAT[context-compression-018] ENFORCER_no_journal_empty_messages_is_empty_projection_fatal","fullName":"WHAT[context-compression-018] ENFORCER_no_journal_empty_messages_is_empty_projection_fatal"}
[verification-test-start] {"pid":99294,"parentPid":99289,"entryFile":"/Users/yuanxi/Workwork/vibe-fs/requirements/context-compression/tests/018.test.mjs","name":"WHAT[context-compression-018] ENFORCER_first_request_rebuilds_from_typed_context","fullName":"WHAT[context-compression-018] ENFORCER_first_request_rebuilds_from_typed_context"}
[verification-test-start] {"pid":99294,"parentPid":99289,"entryFile":"/Users/yuanxi/Workwork/vibe-fs/requirements/context-compression/tests/018.test.mjs","name":"WHAT[context-compression-018] ENFORCER_blog_tool_without_CurrentRequest_rejects_not_ok","fullName":"WHAT[context-compression-018] ENFORCER_blog_tool_without_CurrentRequest_rejects_not_ok"}
[verification-test-start] {"pid":99294,"parentPid":99289,"entryFile":"/Users/yuanxi/Workwork/vibe-fs/requirements/context-compression/tests/018.test.mjs","name":"WHAT[context-compression-018] ENFORCER_live_blog_without_CurrentRequest_and_without_open_is_fatal","fullName":"WHAT[context-compression-018] ENFORCER_live_blog_without_CurrentRequest_and_without_open_is_fatal"}
[verification-test-start] {"pid":99294,"parentPid":99289,"entryFile":"/Users/yuanxi/Workwork/vibe-fs/requirements/context-compression/tests/018.test.mjs","name":"WHAT[context-compression-018] ENFORCER_empty_delta_terminal_is_fatal","fullName":"WHAT[context-compression-018] ENFORCER_empty_delta_terminal_is_fatal"}
[verification-test-start] {"pid":99294,"parentPid":99289,"entryFile":"/Users/yuanxi/Workwork/vibe-fs/requirements/context-compression/tests/018.test.mjs","name":"WHAT[context-compression-018] ENFORCER_host_completed_blog_with_live_request_commits_and_advances_coverage","fullName":"WHAT[context-compression-018] ENFORCER_host_completed_blog_with_live_request_commits_and_advances_coverage"}
[verification-test-start] {"pid":99294,"parentPid":99289,"entryFile":"/Users/yuanxi/Workwork/vibe-fs/requirements/context-compression/tests/018.test.mjs","name":"WHAT[context-compression-018] ENFORCER_host_completed_blog_without_live_request_is_noop_not_commit","fullName":"WHAT[context-compression-018] ENFORCER_host_completed_blog_without_live_request_is_noop_not_commit"}
[verification-test-start] {"pid":99294,"parentPid":99289,"entryFile":"/Users/yuanxi/Workwork/vibe-fs/requirements/context-compression/tests/018.test.mjs","name":"WHAT[context-compression-018] ENFORCER_host_completed_blog_second_pass_same_run_is_idempotent","fullName":"WHAT[context-compression-018] ENFORCER_host_completed_blog_second_pass_same_run_is_idempotent"}
[verification-test-start] {"pid":99294,"parentPid":99289,"entryFile":"/Users/yuanxi/Workwork/vibe-fs/requirements/context-compression/tests/018.test.mjs","name":"WHAT[context-compression-018] ENFORCER_host_completed_blog_second_window_advances_coverage_not_resend","fullName":"WHAT[context-compression-018] ENFORCER_host_completed_blog_second_window_advances_coverage_not_resend"}
[verification-test-start] {"pid":99294,"parentPid":99289,"entryFile":"/Users/yuanxi/Workwork/vibe-fs/requirements/context-compression/tests/018.test.mjs","name":"WHAT[context-compression-018] ENFORCER_live_inflight_request_is_the_cycle_context","fullName":"WHAT[context-compression-018] ENFORCER_live_inflight_request_is_the_cycle_context"}
[verification-test-start] {"pid":99294,"parentPid":99289,"entryFile":"/Users/yuanxi/Workwork/vibe-fs/requirements/context-compression/tests/018.test.mjs","name":"WHAT[context-compression-018] ENFORCER_load_effective_frames_missing_association","fullName":"WHAT[context-compression-018] ENFORCER_load_effective_frames_missing_association"}
[verification-test-start] {"pid":99294,"parentPid":99289,"entryFile":"/Users/yuanxi/Workwork/vibe-fs/requirements/context-compression/tests/018.test.mjs","name":"WHAT[context-compression-018] ENFORCER_load_effective_frames_empty_ok","fullName":"WHAT[context-compression-018] ENFORCER_load_effective_frames_empty_ok"}
[verification-test-start] {"pid":99294,"parentPid":99289,"entryFile":"/Users/yuanxi/Workwork/vibe-fs/requirements/context-compression/tests/018.test.mjs","name":"WHAT[context-compression-018] ENFORCER_load_effective_frames_resolves_committed_frame","fullName":"WHAT[context-compression-018] ENFORCER_load_effective_frames_resolves_committed_frame"}
[verification-test-start] {"pid":99294,"parentPid":99289,"entryFile":"/Users/yuanxi/Workwork/vibe-fs/requirements/context-compression/tests/018.test.mjs","name":"WHAT[context-compression-018] ENFORCER_load_effective_frames_missing_blob_fails_closed","fullName":"WHAT[context-compression-018] ENFORCER_load_effective_frames_missing_blob_fails_closed"}
[verification-test-start] {"pid":99294,"parentPid":99289,"entryFile":"/Users/yuanxi/Workwork/vibe-fs/requirements/context-compression/tests/018.test.mjs","name":"WHAT[context-compression-018] ENFORCER_load_effective_frames_digest_mismatch_fails_closed","fullName":"WHAT[context-compression-018] ENFORCER_load_effective_frames_digest_mismatch_fails_closed"}
[verification-test-start] {"pid":99294,"parentPid":99289,"entryFile":"/Users/yuanxi/Workwork/vibe-fs/requirements/context-compression/tests/018.test.mjs","name":"WHAT[context-compression-018] ENFORCER_rebuild_falls_back_to_raw_when_frame_blob_lost","fullName":"WHAT[context-compression-018] ENFORCER_rebuild_falls_back_to_raw_when_frame_blob_lost"}
[verification-test-start] {"pid":99294,"parentPid":99289,"entryFile":"/Users/yuanxi/Workwork/vibe-fs/requirements/context-compression/tests/018.test.mjs","name":"WHAT[context-compression-018] ENFORCER_contribution_preserves_raw_identity","fullName":"WHAT[context-compression-018] ENFORCER_contribution_preserves_raw_identity"}
[verification-test-start] {"pid":99294,"parentPid":99289,"entryFile":"/Users/yuanxi/Workwork/vibe-fs/requirements/context-compression/tests/018.test.mjs","name":"WHAT[context-compression-018] ENFORCER_reload_main_context_from_open_materialization","fullName":"WHAT[context-compression-018] ENFORCER_reload_main_context_from_open_materialization"}
[verification-test-start] {"pid":99294,"parentPid":99289,"entryFile":"/Users/yuanxi/Workwork/vibe-fs/requirements/context-compression/tests/018.test.mjs","name":"WHAT[context-compression-018] ENFORCER_reload_squash_context_from_open_materialization","fullName":"WHAT[context-compression-018] ENFORCER_reload_squash_context_from_open_materialization"}
[verification-test-start] {"pid":99294,"parentPid":99289,"entryFile":"/Users/yuanxi/Workwork/vibe-fs/requirements/context-compression/tests/018.test.mjs","name":"WHAT[context-compression-018] ENFORCER_reload_defaults_when_blob_is_sparse","fullName":"WHAT[context-compression-018] ENFORCER_reload_defaults_when_blob_is_sparse"}
[verification-test-start] {"pid":99294,"parentPid":99289,"entryFile":"/Users/yuanxi/Workwork/vibe-fs/requirements/context-compression/tests/018.test.mjs","name":"WHAT[context-compression-018] ENFORCER_reload_parses_string_numbers_and_derives_delta_digest","fullName":"WHAT[context-compression-018] ENFORCER_reload_parses_string_numbers_and_derives_delta_digest"}
[verification-test-start] {"pid":99294,"parentPid":99289,"entryFile":"/Users/yuanxi/Workwork/vibe-fs/requirements/context-compression/tests/018.test.mjs","name":"WHAT[context-compression-018] ENFORCER_reload_derives_delta_digest_from_context_digest_when_toml_empty","fullName":"WHAT[context-compression-018] ENFORCER_reload_derives_delta_digest_from_context_digest_when_toml_empty"}
[verification-test-start] {"pid":99294,"parentPid":99289,"entryFile":"/Users/yuanxi/Workwork/vibe-fs/requirements/context-compression/tests/018.test.mjs","name":"WHAT[context-compression-018] ENFORCER_resolve_cycle_prefers_live_request_over_open","fullName":"WHAT[context-compression-018] ENFORCER_resolve_cycle_prefers_live_request_over_open"}
[verification-test-start] {"pid":99294,"parentPid":99289,"entryFile":"/Users/yuanxi/Workwork/vibe-fs/requirements/context-compression/tests/018.test.mjs","name":"WHAT[context-compression-018] ENFORCER_squash_frame_count_beyond_existing_frames_abandons","fullName":"WHAT[context-compression-018] ENFORCER_squash_frame_count_beyond_existing_frames_abandons"}
[verification-test-start] {"pid":99294,"parentPid":99289,"entryFile":"/Users/yuanxi/Workwork/vibe-fs/requirements/context-compression/tests/018.test.mjs","name":"WHAT[context-compression-018] ENFORCER_squash_frame_epoch_mismatch_abandons","fullName":"WHAT[context-compression-018] ENFORCER_squash_frame_epoch_mismatch_abandons"}
[verification-test-start] {"pid":99294,"parentPid":99289,"entryFile":"/Users/yuanxi/Workwork/vibe-fs/requirements/context-compression/tests/018.test.mjs","name":"WHAT[context-compression-018] ENFORCER_squash_frame_digests_mismatch_abandons","fullName":"WHAT[context-compression-018] ENFORCER_squash_frame_digests_mismatch_abandons"}
[verification-test-start] {"pid":99294,"parentPid":99289,"entryFile":"/Users/yuanxi/Workwork/vibe-fs/requirements/context-compression/tests/018.test.mjs","name":"WHAT[context-compression-018] ENFORCER_squash_other_blogger_session_abandons","fullName":"WHAT[context-compression-018] ENFORCER_squash_other_blogger_session_abandons"}
[verification-test-start] {"pid":99294,"parentPid":99289,"entryFile":"/Users/yuanxi/Workwork/vibe-fs/requirements/context-compression/tests/018.test.mjs","name":"WHAT[context-compression-018] ENFORCER_160_material_event_resumes_park_with_typed_context","fullName":"WHAT[context-compression-018] ENFORCER_160_material_event_resumes_park_with_typed_context"}
[verification-test-start] {"pid":99294,"parentPid":99289,"entryFile":"/Users/yuanxi/Workwork/vibe-fs/requirements/context-compression/tests/018.test.mjs","name":"WHAT[context-compression-018] ENFORCER_162_cancel_is_an_explicit_event","fullName":"WHAT[context-compression-018] ENFORCER_162_cancel_is_an_explicit_event"}
[verification-test-start] {"pid":99294,"parentPid":99289,"entryFile":"/Users/yuanxi/Workwork/vibe-fs/requirements/context-compression/tests/018.test.mjs","name":"WHAT[context-compression-018] ENFORCER_050_offer_first_is_delivered_by_the_next_await","fullName":"WHAT[context-compression-018] ENFORCER_050_offer_first_is_delivered_by_the_next_await"}
[verification-test-start] {"pid":99294,"parentPid":99289,"entryFile":"/Users/yuanxi/Workwork/vibe-fs/requirements/context-compression/tests/018.test.mjs","name":"WHAT[context-compression-018] ENFORCER_160_two_awaits_share_one_material_event","fullName":"WHAT[context-compression-018] ENFORCER_160_two_awaits_share_one_material_event"}
[verification-test-start] {"pid":99294,"parentPid":99289,"entryFile":"/Users/yuanxi/Workwork/vibe-fs/requirements/context-compression/tests/018.test.mjs","name":"WHAT[context-compression-018] ENFORCER_162_dispose_cancels_every_material_wait","fullName":"WHAT[context-compression-018] ENFORCER_162_dispose_cancels_every_material_wait"}
[verification-test-start] {"pid":99294,"parentPid":99289,"entryFile":"/Users/yuanxi/Workwork/vibe-fs/requirements/context-compression/tests/018.test.mjs","name":"WHAT[context-compression-018] ENFORCER_162_cancel_drops_staged_material_without_touching_flight","fullName":"WHAT[context-compression-018] ENFORCER_162_cancel_drops_staged_material_without_touching_flight"}
[verification-test-start] {"pid":99294,"parentPid":99289,"entryFile":"/Users/yuanxi/Workwork/vibe-fs/requirements/context-compression/tests/018.test.mjs","name":"WHAT[context-compression-018] ENFORCER_seal_cancels_wait_without_revoking_existing_flight","fullName":"WHAT[context-compression-018] ENFORCER_seal_cancels_wait_without_revoking_existing_flight"}
[verification-test-start] {"pid":99294,"parentPid":99289,"entryFile":"/Users/yuanxi/Workwork/vibe-fs/requirements/context-compression/tests/018.test.mjs","name":"WHAT[context-compression-018] ENFORCER_161_sessions_are_independent","fullName":"WHAT[context-compression-018] ENFORCER_161_sessions_are_independent"}
[verification-test-start] {"pid":99294,"parentPid":99289,"entryFile":"/Users/yuanxi/Workwork/vibe-fs/requirements/context-compression/tests/018.test.mjs","name":"WHAT[context-compression-018] ENFORCER_047_CurrentRequest_is_physical_flight_ownership","fullName":"WHAT[context-compression-018] ENFORCER_047_CurrentRequest_is_physical_flight_ownership"}
[verification-worker-cost] {"version":1,"phase":"exit","sequence":1,"entryFile":"/Users/yuanxi/Workwork/vibe-fs/requirements/context-compression/tests/018.test.mjs","pid":99294,"parentPid":99289,"monotonicMs":24443.219542,"cpuUserMicros":6900068,"cpuSystemMicros":2354969,"exitCode":0}
runner: file lifecycle {"entryFile":"/Users/yuanxi/Workwork/vibe-fs/requirements/context-compression/tests/018.test.mjs","type":"runner:file-drained","elapsedMs":24825.416875000003}
runner: worker cost {"version":1,"entryFile":"/Users/yuanxi/Workwork/vibe-fs/requirements/context-compression/tests/018.test.mjs","enabled":true,"pid":99294,"status":"complete","reason":null,"preImport":{"version":1,"phase":"pre-import","sequence":0,"entryFile":"/Users/yuanxi/Workwork/vibe-fs/requirements/context-compression/tests/018.test.mjs","pid":99294,"parentPid":99289,"monotonicMs":249.056292,"cpuUserMicros":105327,"cpuSystemMicros":22585},"exit":{"version":1,"phase":"exit","sequence":1,"entryFile":"/Users/yuanxi/Workwork/vibe-fs/requirements/context-compression/tests/018.test.mjs","pid":99294,"parentPid":99289,"monotonicMs":24443.219542,"cpuUserMicros":6900068,"cpuSystemMicros":2354969,"exitCode":0},"interval":{"clockPid":99294,"wallMs":24194.163249999998,"cpuUserMicros":6794741,"cpuSystemMicros":2332384}}
[verification-test-start] {"pid":99292,"parentPid":99289,"entryFile":"/Users/yuanxi/Workwork/vibe-fs/requirements/cognitive-environment/tests/015.test.mjs","name":"WHAT[cognitive-environment-015] R2_registered_transform_non_companion_session_injects_nothing","fullName":"WHAT[cognitive-environment-015] R2_registered_transform_non_companion_session_injects_nothing"}
[verification-test-start] {"pid":99290,"parentPid":99289,"entryFile":"/Users/yuanxi/Workwork/vibe-fs/requirements/verification-system/tests/006.test.mjs","name":"WHAT[verification-system-006] worker cost diagnostics preserve actual success and assertion failure with a closed exit sink","fullName":"WHAT[verification-system-006] worker cost diagnostics preserve actual success and assertion failure with a closed exit sink"}
[verification-test-start] {"pid":99299,"parentPid":99289,"entryFile":"/Users/yuanxi/Workwork/vibe-fs/requirements/host-boundary/tests/032.test.mjs","name":"WHAT[host-boundary-032] C02_definition_decoration_leaves_native_and_non_review_tools_unmodified","fullName":"WHAT[host-boundary-032] C02_definition_decoration_leaves_native_and_non_review_tools_unmodified"}
[verification-test-start] {"pid":99300,"parentPid":99289,"entryFile":"/Users/yuanxi/Workwork/vibe-fs/requirements/structured-workflow/tests/012.test.mjs","name":"WHAT[structured-workflow-012] obsolete recursive-graph compile probes stay deleted","fullName":"WHAT[structured-workflow-012] obsolete recursive-graph compile probes stay deleted"}
[verification-test-start] {"pid":99300,"parentPid":99289,"entryFile":"/Users/yuanxi/Workwork/vibe-fs/requirements/structured-workflow/tests/012.test.mjs","name":"WHAT[structured-workflow-012] fixed owner impact corpus drives the production planner without becoming a verdict","fullName":"WHAT[structured-workflow-012] fixed owner impact corpus drives the production planner without becoming a verdict"}
[verification-test-start] {"pid":99300,"parentPid":99289,"entryFile":"/Users/yuanxi/Workwork/vibe-fs/requirements/structured-workflow/tests/012.test.mjs","name":"WHAT[structured-workflow-012] owner impact corpus rejects stable-case deletion and baseline drift","fullName":"WHAT[structured-workflow-012] owner impact corpus rejects stable-case deletion and baseline drift"}
[verification-test-start] {"pid":99300,"parentPid":99289,"entryFile":"/Users/yuanxi/Workwork/vibe-fs/requirements/structured-workflow/tests/012.test.mjs","name":"WHAT[structured-workflow-012] baseline writer binds one clean exact commit and refuses overwrite","fullName":"WHAT[structured-workflow-012] baseline writer binds one clean exact commit and refuses overwrite"}
[verification-test-start] {"pid":99300,"parentPid":99289,"entryFile":"/Users/yuanxi/Workwork/vibe-fs/requirements/structured-workflow/tests/012.test.mjs","name":"WHAT[structured-workflow-012] production focused closure carries upstream type-definition shards (CompanionHost regression)","fullName":"WHAT[structured-workflow-012] production focused closure carries upstream type-definition shards (CompanionHost regression)"}
[verification-test-start] {"pid":99300,"parentPid":99289,"entryFile":"/Users/yuanxi/Workwork/vibe-fs/requirements/structured-workflow/tests/012.test.mjs","name":"WHAT[structured-workflow-012] focused Controller compilation includes the exact ChatExecution contract used by SessionHostPort","fullName":"WHAT[structured-workflow-012] focused Controller compilation includes the exact ChatExecution contract used by SessionHostPort"}
[verification-test-start] {"pid":99300,"parentPid":99289,"entryFile":"/Users/yuanxi/Workwork/vibe-fs/requirements/structured-workflow/tests/012.test.mjs","name":"WHAT[structured-workflow-012] disk inventory matches the legacy plan and rejects unmapped added sources fail-closed","fullName":"WHAT[structured-workflow-012] disk inventory matches the legacy plan and rejects unmapped added sources fail-closed"}
[verification-test-start] {"pid":99300,"parentPid":99289,"entryFile":"/Users/yuanxi/Workwork/vibe-fs/requirements/structured-workflow/tests/012.test.mjs","name":"WHAT[structured-workflow-012] inventory rejects bad topology inputs and planning rejects bad change inputs","fullName":"WHAT[structured-workflow-012] inventory rejects bad topology inputs and planning rejects bad change inputs"}
[36m[build][0m build up-to-date (no-op)
[verification-test-start] {"pid":99300,"parentPid":99289,"entryFile":"/Users/yuanxi/Workwork/vibe-fs/requirements/structured-workflow/tests/012.test.mjs","name":"WHAT[structured-workflow-012] flat Fable projection planner produces exact closure and canonical aggregate order","fullName":"WHAT[structured-workflow-012] flat Fable projection planner produces exact closure and canonical aggregate order"}
[verification-test-start] {"pid":99296,"parentPid":99289,"entryFile":"/Users/yuanxi/Workwork/vibe-fs/requirements/distribution/tests/005.test.mjs","name":"WHAT[distribution-005] manifest corruption causes assertBuildFresh to throw with code","fullName":"WHAT[distribution-005] manifest corruption causes assertBuildFresh to throw with code"}
[verification-test-start] {"pid":99300,"parentPid":99289,"entryFile":"/Users/yuanxi/Workwork/vibe-fs/requirements/structured-workflow/tests/012.test.mjs","name":"WHAT[structured-workflow-012] flat Fable projection materializes zero ProjectReference and isolated scratch props","fullName":"WHAT[structured-workflow-012] flat Fable projection materializes zero ProjectReference and isolated scratch props"}
[verification-test-start] {"pid":99296,"parentPid":99289,"entryFile":"/Users/yuanxi/Workwork/vibe-fs/requirements/distribution/tests/005.test.mjs","name":"WHAT[distribution-005] missing or stale output entry causes assertBuildFresh to throw","fullName":"WHAT[distribution-005] missing or stale output entry causes assertBuildFresh to throw"}
[verification-test-start] {"pid":99300,"parentPid":99289,"entryFile":"/Users/yuanxi/Workwork/vibe-fs/requirements/structured-workflow/tests/012.test.mjs","name":"WHAT[structured-workflow-012] flat projection rejects missing or stale ProjectReference before compiler invocation","fullName":"WHAT[structured-workflow-012] flat projection rejects missing or stale ProjectReference before compiler invocation"}
[verification-test-start] {"pid":99296,"parentPid":99289,"entryFile":"/Users/yuanxi/Workwork/vibe-fs/requirements/distribution/tests/005.test.mjs","name":"WHAT[distribution-005] release output reset physically removes stale artifacts","fullName":"WHAT[distribution-005] release output reset physically removes stale artifacts"}
[verification-test-start] {"pid":99300,"parentPid":99289,"entryFile":"/Users/yuanxi/Workwork/vibe-fs/requirements/structured-workflow/tests/012.test.mjs","name":"WHAT[structured-workflow-012] flat Fable projection materialization escapes XML metacharacters, strips emitter identity, and binds source bytes into isolated fingerprints","fullName":"WHAT[structured-workflow-012] flat Fable projection materialization escapes XML metacharacters, strips emitter identity, and binds source bytes into isolated fingerprints"}
[verification-test-start] {"pid":99296,"parentPid":99289,"entryFile":"/Users/yuanxi/Workwork/vibe-fs/requirements/distribution/tests/005.test.mjs","name":"WHAT[distribution-005] full rebuild staged swap clears orphans, restores prior dist on failure, and settles stale backups","fullName":"WHAT[distribution-005] full rebuild staged swap clears orphans, restores prior dist on failure, and settles stale backups"}
[verification-test-start] {"pid":99300,"parentPid":99289,"entryFile":"/Users/yuanxi/Workwork/vibe-fs/requirements/structured-workflow/tests/012.test.mjs","name":"WHAT[structured-workflow-012] failure lifecycle prevents false-green warm cache and enforces success marker contract","fullName":"WHAT[structured-workflow-012] failure lifecycle prevents false-green warm cache and enforces success marker contract"}
[verification-test-start] {"pid":99297,"parentPid":99289,"entryFile":"/Users/yuanxi/Workwork/vibe-fs/requirements/requirement-grounding/tests/006.test.mjs","name":"WHAT[requirement-grounding-006] historical material observations retain their original decode and horizon semantics","fullName":"WHAT[requirement-grounding-006] historical material observations retain their original decode and horizon semantics"}
[verification-test-start] {"pid":99300,"parentPid":99289,"entryFile":"/Users/yuanxi/Workwork/vibe-fs/requirements/structured-workflow/tests/012.test.mjs","name":"WHAT[structured-workflow-012] collectTrackedInputs includes compile-order global.json and build state scripts, and compile-order change triggers full plan","fullName":"WHAT[structured-workflow-012] collectTrackedInputs includes compile-order global.json and build state scripts, and compile-order change triggers full plan"}
[verification-test-start] {"pid":99300,"parentPid":99289,"entryFile":"/Users/yuanxi/Workwork/vibe-fs/requirements/structured-workflow/tests/012.test.mjs","name":"WHAT[structured-workflow-012] compileIncremental enforces mandatory changedPaths and bypasses build-manifest read and write","fullName":"WHAT[structured-workflow-012] compileIncremental enforces mandatory changedPaths and bypasses build-manifest read and write"}
[verification-test-start] {"pid":99300,"parentPid":99289,"entryFile":"/Users/yuanxi/Workwork/vibe-fs/requirements/structured-workflow/tests/012.test.mjs","name":"WHAT[structured-workflow-012] compileIncremental staging semantics protects outputDir from failure pollution","fullName":"WHAT[structured-workflow-012] compileIncremental staging semantics protects outputDir from failure pollution"}
[verification-test-start] {"pid":99300,"parentPid":99289,"entryFile":"/Users/yuanxi/Workwork/vibe-fs/requirements/structured-workflow/tests/012.test.mjs","name":"WHAT[structured-workflow-012] compileIncremental staging rebaseEmittedImports rebases escaping imports landing in targetDir while preserving normal and external imports","fullName":"WHAT[structured-workflow-012] compileIncremental staging rebaseEmittedImports rebases escaping imports landing in targetDir while preserving normal and external imports"}
[verification-worker-cost] {"version":1,"phase":"exit","sequence":1,"entryFile":"/Users/yuanxi/Workwork/vibe-fs/requirements/requirement-grounding/tests/006.test.mjs","pid":99297,"parentPid":99289,"monotonicMs":27603.062,"cpuUserMicros":8888943,"cpuSystemMicros":2206878,"exitCode":0}
[verification-test-start] {"pid":99300,"parentPid":99289,"entryFile":"/Users/yuanxi/Workwork/vibe-fs/requirements/structured-workflow/tests/012.test.mjs","name":"WHAT[structured-workflow-012] build mode decisions: plain fs changes plan focused, non-fs inputs plan full, and plan matches run mode","fullName":"WHAT[structured-workflow-012] build mode decisions: plain fs changes plan focused, non-fs inputs plan full, and plan matches run mode"}
runner: file lifecycle {"entryFile":"/Users/yuanxi/Workwork/vibe-fs/requirements/requirement-grounding/tests/006.test.mjs","type":"runner:file-drained","elapsedMs":28028.534333000003}
runner: worker cost {"version":1,"entryFile":"/Users/yuanxi/Workwork/vibe-fs/requirements/requirement-grounding/tests/006.test.mjs","enabled":true,"pid":99297,"status":"complete","reason":null,"preImport":{"version":1,"phase":"pre-import","sequence":0,"entryFile":"/Users/yuanxi/Workwork/vibe-fs/requirements/requirement-grounding/tests/006.test.mjs","pid":99297,"parentPid":99289,"monotonicMs":277.5905,"cpuUserMicros":108254,"cpuSystemMicros":26373},"exit":{"version":1,"phase":"exit","sequence":1,"entryFile":"/Users/yuanxi/Workwork/vibe-fs/requirements/requirement-grounding/tests/006.test.mjs","pid":99297,"parentPid":99289,"monotonicMs":27603.062,"cpuUserMicros":8888943,"cpuSystemMicros":2206878,"exitCode":0},"interval":{"clockPid":99297,"wallMs":27325.471500000003,"cpuUserMicros":8780689,"cpuSystemMicros":2180505}}
[verification-test-start] {"pid":99292,"parentPid":99289,"entryFile":"/Users/yuanxi/Workwork/vibe-fs/requirements/cognitive-environment/tests/015.test.mjs","name":"WHAT[cognitive-environment-015] R3_registered_transform_replays_same_occurrence_without_duplicate_markers","fullName":"WHAT[cognitive-environment-015] R3_registered_transform_replays_same_occurrence_without_duplicate_markers"}
[verification-test-start] {"pid":99299,"parentPid":99289,"entryFile":"/Users/yuanxi/Workwork/vibe-fs/requirements/host-boundary/tests/032.test.mjs","name":"WHAT[host-boundary-032] C03_decorating_same_definition_multiple_times_is_idempotent_without_duplicates","fullName":"WHAT[host-boundary-032] C03_decorating_same_definition_multiple_times_is_idempotent_without_duplicates"}
[verification-test-start] {"pid":99298,"parentPid":99289,"entryFile":"/Users/yuanxi/Workwork/vibe-fs/requirements/relay-assessment/tests/002.test.mjs","name":"WHAT[relay-assessment-002] same identity with changed input is a replay conflict and the accepted result stays","fullName":"WHAT[relay-assessment-002] same identity with changed input is a replay conflict and the accepted result stays"}
[verification-test-start] {"pid":99300,"parentPid":99289,"entryFile":"/Users/yuanxi/Workwork/vibe-fs/requirements/structured-workflow/tests/012.test.mjs","name":"WHAT[structured-workflow-012] build failure preserves prior valid manifest and does not delete it (unit: pre-compile failure)","fullName":"WHAT[structured-workflow-012] build failure preserves prior valid manifest and does not delete it (unit: pre-compile failure)"}
[verification-worker-cost] {"version":1,"phase":"exit","sequence":1,"entryFile":"/Users/yuanxi/Workwork/vibe-fs/requirements/structured-workflow/tests/012.test.mjs","pid":99300,"parentPid":99289,"monotonicMs":29146.120208,"cpuUserMicros":2706649,"cpuSystemMicros":2022531,"exitCode":0}
runner: file lifecycle {"entryFile":"/Users/yuanxi/Workwork/vibe-fs/requirements/structured-workflow/tests/012.test.mjs","type":"runner:file-drained","elapsedMs":30097.882791999997}
runner: worker cost {"version":1,"entryFile":"/Users/yuanxi/Workwork/vibe-fs/requirements/structured-workflow/tests/012.test.mjs","enabled":true,"pid":99300,"status":"complete","reason":null,"preImport":{"version":1,"phase":"pre-import","sequence":0,"entryFile":"/Users/yuanxi/Workwork/vibe-fs/requirements/structured-workflow/tests/012.test.mjs","pid":99300,"parentPid":99289,"monotonicMs":296.817875,"cpuUserMicros":111492,"cpuSystemMicros":27867},"exit":{"version":1,"phase":"exit","sequence":1,"entryFile":"/Users/yuanxi/Workwork/vibe-fs/requirements/structured-workflow/tests/012.test.mjs","pid":99300,"parentPid":99289,"monotonicMs":29146.120208,"cpuUserMicros":2706649,"cpuSystemMicros":2022531,"exitCode":0},"interval":{"clockPid":99300,"wallMs":28849.302333,"cpuUserMicros":2595157,"cpuSystemMicros":1994664}}
[verification-test-start] {"pid":99299,"parentPid":99289,"entryFile":"/Users/yuanxi/Workwork/vibe-fs/requirements/host-boundary/tests/032.test.mjs","name":"WHAT[host-boundary-032] C04_definitions_generated_before_and_after_review_are_canonically_identical","fullName":"WHAT[host-boundary-032] C04_definitions_generated_before_and_after_review_are_canonically_identical"}
[verification-test-start] {"pid":99292,"parentPid":99289,"entryFile":"/Users/yuanxi/Workwork/vibe-fs/requirements/cognitive-environment/tests/015.test.mjs","name":"WHAT[cognitive-environment-015] R4_registered_transform_followup_request_history_boundary","fullName":"WHAT[cognitive-environment-015] R4_registered_transform_followup_request_history_boundary"}
[verification-test-start] {"pid":99298,"parentPid":99289,"entryFile":"/Users/yuanxi/Workwork/vibe-fs/requirements/relay-assessment/tests/002.test.mjs","name":"WHAT[relay-assessment-002] same input under a new call id is already-submitted","fullName":"WHAT[relay-assessment-002] same input under a new call id is already-submitted"}
[36m[build][0m build up-to-date (no-op)
[verification-test-start] {"pid":99296,"parentPid":99289,"entryFile":"/Users/yuanxi/Workwork/vibe-fs/requirements/distribution/tests/005.test.mjs","name":"WHAT[distribution-005] staged recovery restores committed bytes after process exit with uncommitted partial output","fullName":"WHAT[distribution-005] staged recovery restores committed bytes after process exit with uncommitted partial output"}
[verification-test-start] {"pid":99299,"parentPid":99289,"entryFile":"/Users/yuanxi/Workwork/vibe-fs/requirements/host-boundary/tests/032.test.mjs","name":"WHAT[host-boundary-032] C06_missing_wrong_string_null_or_wrong_json_type_contract_not_rejected_by_plugin_and_restored","fullName":"WHAT[host-boundary-032] C06_missing_wrong_string_null_or_wrong_json_type_contract_not_rejected_by_plugin_and_restored"}
[verification-test-start] {"pid":99296,"parentPid":99289,"entryFile":"/Users/yuanxi/Workwork/vibe-fs/requirements/distribution/tests/005.test.mjs","name":"WHAT[distribution-005] staged recovery rejects unavailable manifest evidence and incomplete output identities","fullName":"WHAT[distribution-005] staged recovery rejects unavailable manifest evidence and incomplete output identities"}
[verification-test-start] {"pid":99296,"parentPid":99289,"entryFile":"/Users/yuanxi/Workwork/vibe-fs/requirements/distribution/tests/005.test.mjs","name":"WHAT[distribution-005] restores backup for missing manifest","fullName":"WHAT[distribution-005] staged recovery rejects unavailable manifest evidence and incomplete output identities > WHAT[distribution-005] restores backup for missing manifest"}
[verification-test-start] {"pid":99292,"parentPid":99289,"entryFile":"/Users/yuanxi/Workwork/vibe-fs/requirements/cognitive-environment/tests/015.test.mjs","name":"WHAT[cognitive-environment-015] R5_registered_transform_without_committed_lease_fails_closed_at_execution_admission","fullName":"WHAT[cognitive-environment-015] R5_registered_transform_without_committed_lease_fails_closed_at_execution_admission"}
[verification-test-start] {"pid":99296,"parentPid":99289,"entryFile":"/Users/yuanxi/Workwork/vibe-fs/requirements/distribution/tests/005.test.mjs","name":"WHAT[distribution-005] restores backup for corrupt manifest","fullName":"WHAT[distribution-005] staged recovery rejects unavailable manifest evidence and incomplete output identities > WHAT[distribution-005] restores backup for corrupt manifest"}
[verification-test-start] {"pid":99296,"parentPid":99289,"entryFile":"/Users/yuanxi/Workwork/vibe-fs/requirements/distribution/tests/005.test.mjs","name":"WHAT[distribution-005] restores backup for unsupported schema","fullName":"WHAT[distribution-005] staged recovery rejects unavailable manifest evidence and incomplete output identities > WHAT[distribution-005] restores backup for unsupported schema"}
[verification-test-start] {"pid":99296,"parentPid":99289,"entryFile":"/Users/yuanxi/Workwork/vibe-fs/requirements/distribution/tests/005.test.mjs","name":"WHAT[distribution-005] restores backup for empty outputs","fullName":"WHAT[distribution-005] staged recovery rejects unavailable manifest evidence and incomplete output identities > WHAT[distribution-005] restores backup for empty outputs"}
[verification-test-start] {"pid":99296,"parentPid":99289,"entryFile":"/Users/yuanxi/Workwork/vibe-fs/requirements/distribution/tests/005.test.mjs","name":"WHAT[distribution-005] restores backup for missing output","fullName":"WHAT[distribution-005] staged recovery rejects unavailable manifest evidence and incomplete output identities > WHAT[distribution-005] restores backup for missing output"}
[verification-test-start] {"pid":99296,"parentPid":99289,"entryFile":"/Users/yuanxi/Workwork/vibe-fs/requirements/distribution/tests/005.test.mjs","name":"WHAT[distribution-005] restores backup for extra output","fullName":"WHAT[distribution-005] staged recovery rejects unavailable manifest evidence and incomplete output identities > WHAT[distribution-005] restores backup for extra output"}
[verification-test-start] {"pid":99296,"parentPid":99289,"entryFile":"/Users/yuanxi/Workwork/vibe-fs/requirements/distribution/tests/005.test.mjs","name":"WHAT[distribution-005] restores backup for changed bytes","fullName":"WHAT[distribution-005] staged recovery rejects unavailable manifest evidence and incomplete output identities > WHAT[distribution-005] restores backup for changed bytes"}
[verification-test-start] {"pid":99296,"parentPid":99289,"entryFile":"/Users/yuanxi/Workwork/vibe-fs/requirements/distribution/tests/005.test.mjs","name":"WHAT[distribution-005] focused rebuild without compiler changes keeps dist intact","fullName":"WHAT[distribution-005] focused rebuild without compiler changes keeps dist intact"}
[verification-test-start] {"pid":99290,"parentPid":99289,"entryFile":"/Users/yuanxi/Workwork/vibe-fs/requirements/verification-system/tests/006.test.mjs","name":"WHAT[verification-system-006] continuing worker cost IPC cannot renew a pending file after invalid diagnostic evidence","fullName":"WHAT[verification-system-006] continuing worker cost IPC cannot renew a pending file after invalid diagnostic evidence"}
[verification-test-start] {"pid":99299,"parentPid":99289,"entryFile":"/Users/yuanxi/Workwork/vibe-fs/requirements/host-boundary/tests/032.test.mjs","name":"WHAT[host-boundary-032] C07_contract_undefined_versus_completely_missing_preserves_own_property_state","fullName":"WHAT[host-boundary-032] C07_contract_undefined_versus_completely_missing_preserves_own_property_state"}
[verification-test-start] {"pid":99290,"parentPid":99289,"entryFile":"/Users/yuanxi/Workwork/vibe-fs/requirements/verification-system/tests/006.test.mjs","name":"WHAT[verification-system-006] invalid worker cost IPC leaves actual runner verdicts and process cleanup unchanged","fullName":"WHAT[verification-system-006] invalid worker cost IPC leaves actual runner verdicts and process cleanup unchanged"}
[verification-test-start] {"pid":99292,"parentPid":99289,"entryFile":"/Users/yuanxi/Workwork/vibe-fs/requirements/cognitive-environment/tests/015.test.mjs","name":"WHAT[cognitive-environment-015] R6_registered_transform_non_whitelisted_model_injects_nothing","fullName":"WHAT[cognitive-environment-015] R6_registered_transform_non_whitelisted_model_injects_nothing"}
[verification-test-start] {"pid":99299,"parentPid":99289,"entryFile":"/Users/yuanxi/Workwork/vibe-fs/requirements/host-boundary/tests/032.test.mjs","name":"WHAT[host-boundary-032] C08_repeated_before_and_repeated_after_preserves_original_and_restores_idempotently","fullName":"WHAT[host-boundary-032] C08_repeated_before_and_repeated_after_preserves_original_and_restores_idempotently"}
[verification-test-start] {"pid":99290,"parentPid":99289,"entryFile":"/Users/yuanxi/Workwork/vibe-fs/requirements/verification-system/tests/006.test.mjs","name":"WHAT[verification-system-006] the worker cost collector rejects observations and invalid states presented as disabled","fullName":"WHAT[verification-system-006] the worker cost collector rejects observations and invalid states presented as disabled"}
[verification-test-start] {"pid":99290,"parentPid":99289,"entryFile":"/Users/yuanxi/Workwork/vibe-fs/requirements/verification-system/tests/006.test.mjs","name":"WHAT[verification-system-006] the worker cost collector preserves native cumulative units and only derives a same-process interval","fullName":"WHAT[verification-system-006] the worker cost collector preserves native cumulative units and only derives a same-process interval"}
[verification-test-start] {"pid":99290,"parentPid":99289,"entryFile":"/Users/yuanxi/Workwork/vibe-fs/requirements/verification-system/tests/006.test.mjs","name":"WHAT[verification-system-006] the worker cost collector invalidates forged, duplicate, reordered and wrongly attributed observations without a business verdict","fullName":"WHAT[verification-system-006] the worker cost collector invalidates forged, duplicate, reordered and wrongly attributed observations without a business verdict"}
[verification-test-start] {"pid":99290,"parentPid":99289,"entryFile":"/Users/yuanxi/Workwork/vibe-fs/requirements/verification-system/tests/006.test.mjs","name":"WHAT[verification-system-006] the worker cost collector bounds fragmented bytes and distinguishes disabled, missing and truncated observations","fullName":"WHAT[verification-system-006] the worker cost collector bounds fragmented bytes and distinguishes disabled, missing and truncated observations"}
[verification-test-start] {"pid":99290,"parentPid":99289,"entryFile":"/Users/yuanxi/Workwork/vibe-fs/requirements/verification-system/tests/006.test.mjs","name":"WHAT[verification-system-006] file waits distinguish queued, active and verdicts awaiting stream drain","fullName":"WHAT[verification-system-006] file waits distinguish queued, active and verdicts awaiting stream drain"}
[verification-test-start] {"pid":99290,"parentPid":99289,"entryFile":"/Users/yuanxi/Workwork/vibe-fs/requirements/verification-system/tests/006.test.mjs","name":"WHAT[verification-system-006] file lifecycle facts reject unknown entries and impossible transitions","fullName":"WHAT[verification-system-006] file lifecycle facts reject unknown entries and impossible transitions"}
[verification-test-start] {"pid":99290,"parentPid":99289,"entryFile":"/Users/yuanxi/Workwork/vibe-fs/requirements/verification-system/tests/006.test.mjs","name":"WHAT[verification-system-006] a pending runtime test start remains diagnostic evidence without becoming a verdict","fullName":"WHAT[verification-system-006] a pending runtime test start remains diagnostic evidence without becoming a verdict"}
[verification-test-start] {"pid":99290,"parentPid":99289,"entryFile":"/Users/yuanxi/Workwork/vibe-fs/requirements/verification-system/tests/006.test.mjs","name":"WHAT[verification-system-006] continuing body entry diagnostics cannot keep a genuinely pending test alive","fullName":"WHAT[verification-system-006] continuing body entry diagnostics cannot keep a genuinely pending test alive"}
[verification-test-start] {"pid":99298,"parentPid":99289,"entryFile":"/Users/yuanxi/Workwork/vibe-fs/requirements/relay-assessment/tests/002.test.mjs","name":"WHAT[relay-assessment-002] cross-incumbency replay of a retired review call is rejected","fullName":"WHAT[relay-assessment-002] cross-incumbency replay of a retired review call is rejected"}
[verification-test-start] {"pid":99290,"parentPid":99289,"entryFile":"/Users/yuanxi/Workwork/vibe-fs/requirements/verification-system/tests/006.test.mjs","name":"WHAT[verification-system-006] real tool diagnostics preserve stdout failure and complete cleanup without forwarding the control field","fullName":"WHAT[verification-system-006] real tool diagnostics preserve stdout failure and complete cleanup without forwarding the control field"}
test at /Users/yuanxi/Workwork/vibe-fs/requirements/verification-system/tests/006.test.mjs:662:1
✖ WHAT[verification-system-006] continuing body entry diagnostics cannot keep a genuinely pending test alive (1010.236ms)
  AssertionError [ERR_ASSERTION]: runner: 1 test file(s), 300ms verdict-silence window
  runner: file lifecycle {"entryFile":"/var/folders/g_/3ydzn7kx5lg9ylq8fd9p_13r0000gn/T/body-start-noise-81chBi/pending.test.mjs","pid":1918,"parentPid":1890,"type":"runner:file-start","elapsedMs":234.719208}
  WATCHDOG: 'body-start-noise' silent for 302ms (limit 300ms); 0 blocking progress update(s), last progress: start lane=startup expectation=none
  runner: 1 file(s) had not reported completion
  runner: file streams: 0 drained, 1 active, 0 queued
  runner: active file ../../../../var/folders/g_/3ydzn7kx5lg9ylq8fd9p_13r0000gn/T/body-start-noise-81chBi/pending.test.mjs; waiting for stream drain; last verdict: none received
  runner: worker cost {"version":1,"entryFile":"/var/folders/g_/3ydzn7kx5lg9ylq8fd9p_13r0000gn/T/body-start-noise-81chBi/pending.test.mjs","enabled":true,"pid":null,"status":"missing","reason":"Pre-import observation not received","preImport":null,"exit":null,"interval":null}
  runner: verdict counts unavailable; no authoritative summary before the silence
  [verification-worker-cost] {"version":1,"phase":"pre-import","sequence":0,"entryFile":"/var/folders/g_/3ydzn7kx5lg9ylq8fd9p_13r0000gn/T/body-start-noise-81chBi/pending.test.mjs","pid":1924,"parentPid":1918,"monotonicMs":130.303292,"cpuUserMicros":108277,"cpuSystemMicros":28144}
  [verification-test-start] {"pid":1924,"parentPid":1918,"entryFile":"/var/folders/g_/3ydzn7kx5lg9ylq8fd9p_13r0000gn/T/body-start-noise-81chBi/pending.test.mjs","name":"pending parent","fullName":"pending parent"}
  runner: post-exit group verification/reclamation: pid=1918; elapsedMs=145.596; accepted=true
  
  runner: verdict counts unavailable; no authoritative summary; 0/1 planned file(s) completed
  Error: runner: supervised suite failed (exit 1)
      at fail (file:///Users/yuanxi/Workwork/vibe-fs/requirements/verification-system/tests/e2e/support/supervise-node-test.mjs:242:25)
      at superviseOwnedNodeTest (file:///Users/yuanxi/Workwork/vibe-fs/requirements/verification-system/tests/e2e/support/supervise-node-test.mjs:472:39)
      at process.processTicksAndRejections (node:internal/process/task_queues:103:5)
      at async superviseNodeTest (file:///Users/yuanxi/Workwork/vibe-fs/requirements/verification-system/tests/e2e/support/supervise-node-test.mjs:219:14)
      at async file:///private/var/folders/g_/3ydzn7kx5lg9ylq8fd9p_13r0000gn/T/body-start-noise-81chBi/supervise.mjs:2:1 {
    exitCode: 1,
    [cause]: undefined
  }
  
      at TestContext.<anonymous> (file:///Users/yuanxi/Workwork/vibe-fs/requirements/verification-system/tests/006.test.mjs:690:12)
      at async Test.run (node:internal/test_runner/test:1054:7)
      at async Test.processPendingSubtests (node:internal/test_runner/test:744:7)

[verification-worker-cost] {"version":1,"phase":"exit","sequence":1,"entryFile":"/Users/yuanxi/Workwork/vibe-fs/requirements/cognitive-environment/tests/015.test.mjs","pid":99292,"parentPid":99289,"monotonicMs":37779.771167,"cpuUserMicros":12720495,"cpuSystemMicros":3053416,"exitCode":0}
runner: file lifecycle {"entryFile":"/Users/yuanxi/Workwork/vibe-fs/requirements/cognitive-environment/tests/015.test.mjs","type":"runner:file-drained","elapsedMs":38356.843708}
runner: worker cost {"version":1,"entryFile":"/Users/yuanxi/Workwork/vibe-fs/requirements/cognitive-environment/tests/015.test.mjs","enabled":true,"pid":99292,"status":"complete","reason":null,"preImport":{"version":1,"phase":"pre-import","sequence":0,"entryFile":"/Users/yuanxi/Workwork/vibe-fs/requirements/cognitive-environment/tests/015.test.mjs","pid":99292,"parentPid":99289,"monotonicMs":267.690209,"cpuUserMicros":111195,"cpuSystemMicros":25032},"exit":{"version":1,"phase":"exit","sequence":1,"entryFile":"/Users/yuanxi/Workwork/vibe-fs/requirements/cognitive-environment/tests/015.test.mjs","pid":99292,"parentPid":99289,"monotonicMs":37779.771167,"cpuUserMicros":12720495,"cpuSystemMicros":3053416,"exitCode":0},"interval":{"clockPid":99292,"wallMs":37512.080958,"cpuUserMicros":12609300,"cpuSystemMicros":3028384}}
[verification-test-start] {"pid":99299,"parentPid":99289,"entryFile":"/Users/yuanxi/Workwork/vibe-fs/requirements/host-boundary/tests/032.test.mjs","name":"WHAT[host-boundary-032] C10_model_submitted_pseudo_contract_fields_not_treated_as_private_record","fullName":"WHAT[host-boundary-032] C10_model_submitted_pseudo_contract_fields_not_treated_as_private_record"}
[verification-test-start] {"pid":99296,"parentPid":99289,"entryFile":"/Users/yuanxi/Workwork/vibe-fs/requirements/distribution/tests/005.test.mjs","name":"WHAT[distribution-005] repository layout has one resources directory beside dist without a dist/resources copy","fullName":"WHAT[distribution-005] repository layout has one resources directory beside dist without a dist/resources copy"}
[verification-test-start] {"pid":99296,"parentPid":99289,"entryFile":"/Users/yuanxi/Workwork/vibe-fs/requirements/distribution/tests/005.test.mjs","name":"WHAT[distribution-005] GAP-210: clean and incremental production outputs have identical bytes for identical inputs","fullName":"WHAT[distribution-005] GAP-210: clean and incremental production outputs have identical bytes for identical inputs"}
[verification-worker-cost] {"version":1,"phase":"exit","sequence":1,"entryFile":"/Users/yuanxi/Workwork/vibe-fs/requirements/distribution/tests/005.test.mjs","pid":99296,"parentPid":99289,"monotonicMs":38556.466583,"cpuUserMicros":3188322,"cpuSystemMicros":4609589,"exitCode":0}
runner: file lifecycle {"entryFile":"/Users/yuanxi/Workwork/vibe-fs/requirements/distribution/tests/005.test.mjs","type":"runner:file-drained","elapsedMs":38901.363958}
runner: worker cost {"version":1,"entryFile":"/Users/yuanxi/Workwork/vibe-fs/requirements/distribution/tests/005.test.mjs","enabled":true,"pid":99296,"status":"complete","reason":null,"preImport":{"version":1,"phase":"pre-import","sequence":0,"entryFile":"/Users/yuanxi/Workwork/vibe-fs/requirements/distribution/tests/005.test.mjs","pid":99296,"parentPid":99289,"monotonicMs":285.256291,"cpuUserMicros":110609,"cpuSystemMicros":26489},"exit":{"version":1,"phase":"exit","sequence":1,"entryFile":"/Users/yuanxi/Workwork/vibe-fs/requirements/distribution/tests/005.test.mjs","pid":99296,"parentPid":99289,"monotonicMs":38556.466583,"cpuUserMicros":3188322,"cpuSystemMicros":4609589,"exitCode":0},"interval":{"clockPid":99296,"wallMs":38271.210292,"cpuUserMicros":3077713,"cpuSystemMicros":4583100}}
[verification-test-start] {"pid":99299,"parentPid":99289,"entryFile":"/Users/yuanxi/Workwork/vibe-fs/requirements/host-boundary/tests/032.test.mjs","name":"WHAT[host-boundary-032] C11_reported_failure_after_callback_restores_contract_and_preserves_error","fullName":"WHAT[host-boundary-032] C11_reported_failure_after_callback_restores_contract_and_preserves_error"}
[verification-test-start] {"pid":99299,"parentPid":99289,"entryFile":"/Users/yuanxi/Workwork/vibe-fs/requirements/host-boundary/tests/032.test.mjs","name":"WHAT[host-boundary-032] C12_after_hook_returns_with_original_contract_restored","fullName":"WHAT[host-boundary-032] C12_after_hook_returns_with_original_contract_restored"}
{"operation":"journal-semantic-cut","result":"journal semantic cut at b4694bb614c740e5b42837f038ee58d2: fact 'semantic-cut' rejected: Journal fact 'Relay' rejected: AssessmentReplayToolCall"}
[verification-test-start] {"pid":99290,"parentPid":99289,"entryFile":"/Users/yuanxi/Workwork/vibe-fs/requirements/verification-system/tests/006.test.mjs","name":"WHAT[verification-system-006] real silence diagnostics identify active waits separately from queued files","fullName":"WHAT[verification-system-006] real silence diagnostics identify active waits separately from queued files"}
[verification-worker-cost] {"version":1,"phase":"exit","sequence":1,"entryFile":"/Users/yuanxi/Workwork/vibe-fs/requirements/relay-assessment/tests/002.test.mjs","pid":99298,"parentPid":99289,"monotonicMs":41409.919959,"cpuUserMicros":9597569,"cpuSystemMicros":2533356,"exitCode":0}
runner: file lifecycle {"entryFile":"/Users/yuanxi/Workwork/vibe-fs/requirements/relay-assessment/tests/002.test.mjs","type":"runner:file-drained","elapsedMs":41834.879125}
runner: worker cost {"version":1,"entryFile":"/Users/yuanxi/Workwork/vibe-fs/requirements/relay-assessment/tests/002.test.mjs","enabled":true,"pid":99298,"status":"complete","reason":null,"preImport":{"version":1,"phase":"pre-import","sequence":0,"entryFile":"/Users/yuanxi/Workwork/vibe-fs/requirements/relay-assessment/tests/002.test.mjs","pid":99298,"parentPid":99289,"monotonicMs":275.474042,"cpuUserMicros":105670,"cpuSystemMicros":25465},"exit":{"version":1,"phase":"exit","sequence":1,"entryFile":"/Users/yuanxi/Workwork/vibe-fs/requirements/relay-assessment/tests/002.test.mjs","pid":99298,"parentPid":99289,"monotonicMs":41409.919959,"cpuUserMicros":9597569,"cpuSystemMicros":2533356,"exitCode":0},"interval":{"clockPid":99298,"wallMs":41134.445917,"cpuUserMicros":9491899,"cpuSystemMicros":2507891}}
[verification-test-start] {"pid":99299,"parentPid":99289,"entryFile":"/Users/yuanxi/Workwork/vibe-fs/requirements/host-boundary/tests/032.test.mjs","name":"WHAT[host-boundary-032] C13_frozen_or_non_extensible_args_fails_atomically_without_file_access","fullName":"WHAT[host-boundary-032] C13_frozen_or_non_extensible_args_fails_atomically_without_file_access"}
[verification-test-start] {"pid":99299,"parentPid":99289,"entryFile":"/Users/yuanxi/Workwork/vibe-fs/requirements/host-boundary/tests/032.test.mjs","name":"WHAT[host-boundary-032] C14_direct_tool_execution_without_before_hook_performs_full_permission_check_without_missing_key_crash","fullName":"WHAT[host-boundary-032] C14_direct_tool_execution_without_before_hook_performs_full_permission_check_without_missing_key_crash"}
[verification-test-start] {"pid":99290,"parentPid":99289,"entryFile":"/Users/yuanxi/Workwork/vibe-fs/requirements/verification-system/tests/006.test.mjs","name":"WHAT[verification-system-006] silence failure reclaims its process group before the caller catches it and completes cleanup","fullName":"WHAT[verification-system-006] silence failure reclaims its process group before the caller catches it and completes cleanup"}
[verification-test-start] {"pid":99299,"parentPid":99289,"entryFile":"/Users/yuanxi/Workwork/vibe-fs/requirements/host-boundary/tests/032.test.mjs","name":"WHAT[host-boundary-032] C15_contract_position_first_middle_or_last_restores_without_property_drift","fullName":"WHAT[host-boundary-032] C15_contract_position_first_middle_or_last_restores_without_property_drift"}
[verification-test-start] {"pid":99290,"parentPid":99289,"entryFile":"/Users/yuanxi/Workwork/vibe-fs/requirements/verification-system/tests/006.test.mjs","name":"WHAT[verification-system-006] synchronous runner spawn failure preserves its cause and stops its watchdog","fullName":"WHAT[verification-system-006] synchronous runner spawn failure preserves its cause and stops its watchdog"}
[verification-test-start] {"pid":99299,"parentPid":99289,"entryFile":"/Users/yuanxi/Workwork/vibe-fs/requirements/host-boundary/tests/032.test.mjs","name":"WHAT[host-boundary-032] C16_upstream_validation_rejection_not_swallowed_and_local_missing_malformed_not_revalidated","fullName":"WHAT[host-boundary-032] C16_upstream_validation_rejection_not_swallowed_and_local_missing_malformed_not_revalidated"}
[verification-test-start] {"pid":99290,"parentPid":99289,"entryFile":"/Users/yuanxi/Workwork/vibe-fs/requirements/verification-system/tests/006.test.mjs","name":"WHAT[verification-system-006] suite HOME cleanup failure preserves the original failed verdict and rejects acceptance","fullName":"WHAT[verification-system-006] suite HOME cleanup failure preserves the original failed verdict and rejects acceptance"}
[verification-test-start] {"pid":99290,"parentPid":99289,"entryFile":"/Users/yuanxi/Workwork/vibe-fs/requirements/verification-system/tests/006.test.mjs","name":"WHAT[verification-system-006] standalone inner owns only its allocated HOME and always releases it","fullName":"WHAT[verification-system-006] standalone inner owns only its allocated HOME and always releases it"}
[verification-test-start] {"pid":99299,"parentPid":99289,"entryFile":"/Users/yuanxi/Workwork/vibe-fs/requirements/host-boundary/tests/032.test.mjs","name":"WHAT[host-boundary-032] C17_delegation_schema_adds_required_budget_and_optional_note_without_dropping_tool_contract","fullName":"WHAT[host-boundary-032] C17_delegation_schema_adds_required_budget_and_optional_note_without_dropping_tool_contract"}
[verification-test-start] {"pid":99299,"parentPid":99289,"entryFile":"/Users/yuanxi/Workwork/vibe-fs/requirements/host-boundary/tests/032.test.mjs","name":"WHAT[host-boundary-032] C18_budget_rejects_illegal_values_and_never_coerces_them","fullName":"WHAT[host-boundary-032] C18_budget_rejects_illegal_values_and_never_coerces_them"}
[verification-test-start] {"pid":99299,"parentPid":99289,"entryFile":"/Users/yuanxi/Workwork/vibe-fs/requirements/host-boundary/tests/032.test.mjs","name":"WHAT[host-boundary-032] C19_self_note_is_advisory_and_never_fails_the_call","fullName":"WHAT[host-boundary-032] C19_self_note_is_advisory_and_never_fails_the_call"}
[verification-test-start] {"pid":99299,"parentPid":99289,"entryFile":"/Users/yuanxi/Workwork/vibe-fs/requirements/host-boundary/tests/032.test.mjs","name":"WHAT[host-boundary-032] C20_delegation_decoration_is_idempotent_and_coexists_with_review_contract","fullName":"WHAT[host-boundary-032] C20_delegation_decoration_is_idempotent_and_coexists_with_review_contract"}
[verification-test-start] {"pid":99299,"parentPid":99289,"entryFile":"/Users/yuanxi/Workwork/vibe-fs/requirements/host-boundary/tests/032.test.mjs","name":"WHAT[host-boundary-032] C21_collaboration_prose_follows_language_binding_and_switches_cleanly","fullName":"WHAT[host-boundary-032] C21_collaboration_prose_follows_language_binding_and_switches_cleanly"}
[verification-test-start] {"pid":99299,"parentPid":99289,"entryFile":"/Users/yuanxi/Workwork/vibe-fs/requirements/host-boundary/tests/032.test.mjs","name":"WHAT[host-boundary-032] C22_conflicting_same_name_properties_and_bad_required_fail_loudly","fullName":"WHAT[host-boundary-032] C22_conflicting_same_name_properties_and_bad_required_fail_loudly"}
[verification-test-start] {"pid":99299,"parentPid":99289,"entryFile":"/Users/yuanxi/Workwork/vibe-fs/requirements/host-boundary/tests/032.test.mjs","name":"WHAT[host-boundary-032] C23_delegation_fields_stripped_from_business_view_but_preserved_as_evidence","fullName":"WHAT[host-boundary-032] C23_delegation_fields_stripped_from_business_view_but_preserved_as_evidence"}
[verification-test-start] {"pid":99290,"parentPid":99289,"entryFile":"/Users/yuanxi/Workwork/vibe-fs/requirements/verification-system/tests/006.test.mjs","name":"WHAT[verification-system-006] physical backstop diagnostics retain active verdicts and queued files while completed leaves continue advancing","fullName":"WHAT[verification-system-006] physical backstop diagnostics retain active verdicts and queued files while completed leaves continue advancing"}
[verification-test-start] {"pid":99299,"parentPid":99289,"entryFile":"/Users/yuanxi/Workwork/vibe-fs/requirements/host-boundary/tests/032.test.mjs","name":"WHAT[host-boundary-032] C24_review_contract_and_delegation_fields_coexist_without_crosstalk","fullName":"WHAT[host-boundary-032] C24_review_contract_and_delegation_fields_coexist_without_crosstalk"}
[verification-test-start] {"pid":99299,"parentPid":99289,"entryFile":"/Users/yuanxi/Workwork/vibe-fs/requirements/host-boundary/tests/032.test.mjs","name":"WHAT[host-boundary-032] C25_frozen_delegation_fields_fail_atomically_without_losing_evidence","fullName":"WHAT[host-boundary-032] C25_frozen_delegation_fields_fail_atomically_without_losing_evidence"}
[verification-test-start] {"pid":99290,"parentPid":99289,"entryFile":"/Users/yuanxi/Workwork/vibe-fs/requirements/verification-system/tests/006.test.mjs","name":"WHAT[verification-system-006] synchronous work and microtasks deliver completed verdicts before the file ends","fullName":"WHAT[verification-system-006] synchronous work and microtasks deliver completed verdicts before the file ends"}
test at /Users/yuanxi/Workwork/vibe-fs/requirements/verification-system/tests/006.test.mjs:987:1
✖ WHAT[verification-system-006] physical backstop diagnostics retain active verdicts and queued files while completed leaves continue advancing (1911.688ms)
  AssertionError [ERR_ASSERTION]: The input did not match the regular expression /last verdict: test:(?:pass|complete):bounded work 9$/. Input:
  
  'runner: active file ../../../../var/folders/g_/3ydzn7kx5lg9ylq8fd9p_13r0000gn/T/backstop-file-waits-6sfziB/finite-work.fixture.mjs; waiting for stream drain; last verdict: test:pass:bounded work 8'
  
      at TestContext.<anonymous> (file:///Users/yuanxi/Workwork/vibe-fs/requirements/verification-system/tests/006.test.mjs:1036:12)
      at process.processTicksAndRejections (node:internal/process/task_queues:103:5)
      at async Test.run (node:internal/test_runner/test:1054:7)
      at async Test.processPendingSubtests (node:internal/test_runner/test:744:7)

[verification-test-start] {"pid":99299,"parentPid":99289,"entryFile":"/Users/yuanxi/Workwork/vibe-fs/requirements/host-boundary/tests/032.test.mjs","name":"WHAT[host-boundary-032] C26_concurrent_delegation_restores_do_not_crosstalk","fullName":"WHAT[host-boundary-032] C26_concurrent_delegation_restores_do_not_crosstalk"}
[verification-test-start] {"pid":99299,"parentPid":99289,"entryFile":"/Users/yuanxi/Workwork/vibe-fs/requirements/host-boundary/tests/032.test.mjs","name":"WHAT[host-boundary-032] C27_business_tool_execution_never_receives_protocol_fields","fullName":"WHAT[host-boundary-032] C27_business_tool_execution_never_receives_protocol_fields"}
[verification-test-start] {"pid":99299,"parentPid":99289,"entryFile":"/Users/yuanxi/Workwork/vibe-fs/requirements/host-boundary/tests/032.test.mjs","name":"WHAT[host-boundary-032] C28_unconfigured_predictor_leaves_tool_definitions_undecorated","fullName":"WHAT[host-boundary-032] C28_unconfigured_predictor_leaves_tool_definitions_undecorated"}
[verification-test-start] {"pid":99290,"parentPid":99289,"entryFile":"/Users/yuanxi/Workwork/vibe-fs/requirements/verification-system/tests/006.test.mjs","name":"WHAT[verification-system-006] transport scheduling cannot renew unfinished work or background noise","fullName":"WHAT[verification-system-006] transport scheduling cannot renew unfinished work or background noise"}
[verification-test-start] {"pid":99299,"parentPid":99289,"entryFile":"/Users/yuanxi/Workwork/vibe-fs/requirements/host-boundary/tests/032.test.mjs","name":"WHAT[host-boundary-032] C29_configured_predictor_decorates_every_tool_through_the_definition_hook","fullName":"WHAT[host-boundary-032] C29_configured_predictor_decorates_every_tool_through_the_definition_hook"}
[verification-test-start] {"pid":99299,"parentPid":99289,"entryFile":"/Users/yuanxi/Workwork/vibe-fs/requirements/host-boundary/tests/032.test.mjs","name":"WHAT[host-boundary-032] C30_configured_decoration_through_hook_is_idempotent","fullName":"WHAT[host-boundary-032] C30_configured_decoration_through_hook_is_idempotent"}
[verification-test-start] {"pid":99299,"parentPid":99289,"entryFile":"/Users/yuanxi/Workwork/vibe-fs/requirements/host-boundary/tests/032.test.mjs","name":"WHAT[host-boundary-032] C31_invalid_predictor_configuration_fails_closed_without_publishing_partial_protocol","fullName":"WHAT[host-boundary-032] C31_invalid_predictor_configuration_fails_closed_without_publishing_partial_protocol"}
[verification-test-start] {"pid":99299,"parentPid":99289,"entryFile":"/Users/yuanxi/Workwork/vibe-fs/requirements/host-boundary/tests/032.test.mjs","name":"WHAT[host-boundary-032] C32_decoration_gate_shares_the_single_predictor_configuration_query","fullName":"WHAT[host-boundary-032] C32_decoration_gate_shares_the_single_predictor_configuration_query"}
[verification-test-start] {"pid":99290,"parentPid":99289,"entryFile":"/Users/yuanxi/Workwork/vibe-fs/requirements/verification-system/tests/006.test.mjs","name":"WHAT[verification-system-006] transport scheduling preserves after-hook failure verdicts","fullName":"WHAT[verification-system-006] transport scheduling preserves after-hook failure verdicts"}
[verification-test-start] {"pid":99299,"parentPid":99289,"entryFile":"/Users/yuanxi/Workwork/vibe-fs/requirements/host-boundary/tests/032.test.mjs","name":"WHAT[host-boundary-032] C33_gate_follows_configuration_changes_within_one_plugin_instance","fullName":"WHAT[host-boundary-032] C33_gate_follows_configuration_changes_within_one_plugin_instance"}
[verification-test-start] {"pid":99299,"parentPid":99289,"entryFile":"/Users/yuanxi/Workwork/vibe-fs/requirements/host-boundary/tests/032.test.mjs","name":"WHAT[host-boundary-032] C44_registered_hooks_restore_exact_argument_identity_values_and_key_order","fullName":"WHAT[host-boundary-032] C44_registered_hooks_restore_exact_argument_identity_values_and_key_order"}
[verification-test-start] {"pid":99299,"parentPid":99289,"entryFile":"/Users/yuanxi/Workwork/vibe-fs/requirements/host-boundary/tests/032.test.mjs","name":"WHAT[host-boundary-032] C45_unrestorable_delegation_key_order_is_rejected_before_any_argument_mutation","fullName":"WHAT[host-boundary-032] C45_unrestorable_delegation_key_order_is_rejected_before_any_argument_mutation"}
[verification-test-start] {"pid":99299,"parentPid":99289,"entryFile":"/Users/yuanxi/Workwork/vibe-fs/requirements/host-boundary/tests/032.test.mjs","name":"WHAT[host-boundary-032] C46_before_hide_failure_restores_the_already_hidden_review_contract","fullName":"WHAT[host-boundary-032] C46_before_hide_failure_restores_the_already_hidden_review_contract"}
[verification-test-start] {"pid":99290,"parentPid":99289,"entryFile":"/Users/yuanxi/Workwork/vibe-fs/requirements/verification-system/tests/006.test.mjs","name":"WHAT[verification-system-006] repeat observations of one causal state do not renew twice","fullName":"WHAT[verification-system-006] repeat observations of one causal state do not renew twice"}
[verification-test-start] {"pid":99290,"parentPid":99289,"entryFile":"/Users/yuanxi/Workwork/vibe-fs/requirements/verification-system/tests/006.test.mjs","name":"WHAT[verification-system-006] stop cancels monitoring and late signals cannot resurrect it","fullName":"WHAT[verification-system-006] stop cancels monitoring and late signals cannot resurrect it"}
[verification-test-start] {"pid":99290,"parentPid":99289,"entryFile":"/Users/yuanxi/Workwork/vibe-fs/requirements/verification-system/tests/006.test.mjs","name":"WHAT[verification-system-006] changing the window does not invent new causal progress","fullName":"WHAT[verification-system-006] changing the window does not invent new causal progress"}
[verification-test-start] {"pid":99290,"parentPid":99289,"entryFile":"/Users/yuanxi/Workwork/vibe-fs/requirements/verification-system/tests/006.test.mjs","name":"WHAT[verification-system-006] restoring the default window retains the original last-progress time","fullName":"WHAT[verification-system-006] restoring the default window retains the original last-progress time"}
[verification-test-start] {"pid":99290,"parentPid":99289,"entryFile":"/Users/yuanxi/Workwork/vibe-fs/requirements/verification-system/tests/006.test.mjs","name":"WHAT[verification-system-006] failed diagnostic collection discloses its cause before exit","fullName":"WHAT[verification-system-006] failed diagnostic collection discloses its cause before exit"}
[verification-test-start] {"pid":99290,"parentPid":99289,"entryFile":"/Users/yuanxi/Workwork/vibe-fs/requirements/verification-system/tests/006.test.mjs","name":"WHAT[verification-system-006] hung diagnostic collection discloses missing information and cannot prevent exit","fullName":"WHAT[verification-system-006] hung diagnostic collection discloses missing information and cannot prevent exit"}
[verification-test-start] {"pid":99290,"parentPid":99289,"entryFile":"/Users/yuanxi/Workwork/vibe-fs/requirements/verification-system/tests/006.test.mjs","name":"WHAT[verification-system-006] successful diagnostic collection completes before a single exit","fullName":"WHAT[verification-system-006] successful diagnostic collection completes before a single exit"}
[verification-test-start] {"pid":99290,"parentPid":99289,"entryFile":"/Users/yuanxi/Workwork/vibe-fs/requirements/verification-system/tests/006.test.mjs","name":"WHAT[verification-system-006] a diagnostic output failure still terminates once and cannot restart monitoring","fullName":"WHAT[verification-system-006] a diagnostic output failure still terminates once and cannot restart monitoring"}
[verification-test-start] {"pid":99290,"parentPid":99289,"entryFile":"/Users/yuanxi/Workwork/vibe-fs/requirements/verification-system/tests/006.test.mjs","name":"WHAT[verification-system-006] consumed expectation observations preserve the matched physical attempt","fullName":"WHAT[verification-system-006] consumed expectation observations preserve the matched physical attempt"}
[verification-test-start] {"pid":99290,"parentPid":99289,"entryFile":"/Users/yuanxi/Workwork/vibe-fs/requirements/verification-system/tests/006.test.mjs","name":"WHAT[verification-system-006] turn observations keep session identity and forget pre-restart cursors","fullName":"WHAT[verification-system-006] turn observations keep session identity and forget pre-restart cursors"}
[verification-test-start] {"pid":99290,"parentPid":99289,"entryFile":"/Users/yuanxi/Workwork/vibe-fs/requirements/verification-system/tests/006.test.mjs","name":"WHAT[verification-system-006] alternative progress waits resolve the observed branch and release siblings","fullName":"WHAT[verification-system-006] alternative progress waits resolve the observed branch and release siblings"}
[verification-worker-cost] {"version":1,"phase":"exit","sequence":1,"entryFile":"/Users/yuanxi/Workwork/vibe-fs/requirements/verification-system/tests/006.test.mjs","pid":99290,"parentPid":99289,"monotonicMs":59223.492042,"cpuUserMicros":1884999,"cpuSystemMicros":705914,"exitCode":1}
runner: file lifecycle {"entryFile":"/Users/yuanxi/Workwork/vibe-fs/requirements/verification-system/tests/006.test.mjs","type":"runner:file-drained","elapsedMs":59455.184375}
runner: worker cost {"version":1,"entryFile":"/Users/yuanxi/Workwork/vibe-fs/requirements/verification-system/tests/006.test.mjs","enabled":true,"pid":99290,"status":"complete","reason":null,"preImport":{"version":1,"phase":"pre-import","sequence":0,"entryFile":"/Users/yuanxi/Workwork/vibe-fs/requirements/verification-system/tests/006.test.mjs","pid":99290,"parentPid":99289,"monotonicMs":266.869209,"cpuUserMicros":116668,"cpuSystemMicros":25355},"exit":{"version":1,"phase":"exit","sequence":1,"entryFile":"/Users/yuanxi/Workwork/vibe-fs/requirements/verification-system/tests/006.test.mjs","pid":99290,"parentPid":99289,"monotonicMs":59223.492042,"cpuUserMicros":1884999,"cpuSystemMicros":705914,"exitCode":1},"interval":{"clockPid":99290,"wallMs":58956.622833,"cpuUserMicros":1768331,"cpuSystemMicros":680559}}
[verification-test-start] {"pid":99299,"parentPid":99289,"entryFile":"/Users/yuanxi/Workwork/vibe-fs/requirements/host-boundary/tests/032.test.mjs","name":"WHAT[host-boundary-032] installed Host executor throw path: after not invoked, durable error materialized, wire contract preserved (Host physical boundary contracted by the WHAT[019] executorThrow canary; narrow face: C44 in-memory restore absent on the throw path)","fullName":"WHAT[host-boundary-032] installed Host executor throw path: after not invoked, durable error materialized, wire contract preserved (Host physical boundary contracted by the WHAT[019] executorThrow canary; narrow face: C44 in-memory restore absent on the throw path)"}
[verification-test-start] {"pid":99299,"parentPid":99289,"entryFile":"/Users/yuanxi/Workwork/vibe-fs/requirements/host-boundary/tests/032.test.mjs","name":"WHAT[host-boundary-032] C47_interrupted_field_deletion_restores_arguments_and_rethrows_the_original_error","fullName":"WHAT[host-boundary-032] C47_interrupted_field_deletion_restores_arguments_and_rethrows_the_original_error"}
[verification-test-start] {"pid":99299,"parentPid":99289,"entryFile":"/Users/yuanxi/Workwork/vibe-fs/requirements/host-boundary/tests/032.test.mjs","name":"WHAT[host-boundary-032] C34_transform_restores_hidden_protocol_fields_into_persisted_history","fullName":"WHAT[host-boundary-032] C34_transform_restores_hidden_protocol_fields_into_persisted_history"}
[verification-test-start] {"pid":99299,"parentPid":99289,"entryFile":"/Users/yuanxi/Workwork/vibe-fs/requirements/host-boundary/tests/032.test.mjs","name":"WHAT[host-boundary-032] C35_unknown_tool_call_leaves_persisted_history_untouched","fullName":"WHAT[host-boundary-032] C35_unknown_tool_call_leaves_persisted_history_untouched"}
[verification-test-start] {"pid":99299,"parentPid":99289,"entryFile":"/Users/yuanxi/Workwork/vibe-fs/requirements/host-boundary/tests/032.test.mjs","name":"WHAT[host-boundary-032] C36_repeated_transforms_restore_once_and_stay_stable","fullName":"WHAT[host-boundary-032] C36_repeated_transforms_restore_once_and_stay_stable"}
[verification-test-start] {"pid":99299,"parentPid":99289,"entryFile":"/Users/yuanxi/Workwork/vibe-fs/requirements/host-boundary/tests/032.test.mjs","name":"WHAT[host-boundary-032] C37_tool_results_are_never_rewritten_by_the_restore","fullName":"WHAT[host-boundary-032] C37_tool_results_are_never_rewritten_by_the_restore"}
[verification-test-start] {"pid":99299,"parentPid":99289,"entryFile":"/Users/yuanxi/Workwork/vibe-fs/requirements/host-boundary/tests/032.test.mjs","name":"WHAT[host-boundary-032] C38_restore_only_touches_protocol_fields_never_business_arguments","fullName":"WHAT[host-boundary-032] C38_restore_only_touches_protocol_fields_never_business_arguments"}
[verification-test-start] {"pid":99299,"parentPid":99289,"entryFile":"/Users/yuanxi/Workwork/vibe-fs/requirements/host-boundary/tests/032.test.mjs","name":"WHAT[host-boundary-032] C39_legacy_delegate_readonly_rounds_rejected_by_tool_before_for_participating_tools","fullName":"WHAT[host-boundary-032] C39_legacy_delegate_readonly_rounds_rejected_by_tool_before_for_participating_tools"}
[verification-test-start] {"pid":99299,"parentPid":99289,"entryFile":"/Users/yuanxi/Workwork/vibe-fs/requirements/host-boundary/tests/032.test.mjs","name":"WHAT[host-boundary-032] C40_sanitize_snapshot_cross_narrowing_non_review_and_non_participating_negative_cases","fullName":"WHAT[host-boundary-032] C40_sanitize_snapshot_cross_narrowing_non_review_and_non_participating_negative_cases"}
[verification-test-start] {"pid":99299,"parentPid":99289,"entryFile":"/Users/yuanxi/Workwork/vibe-fs/requirements/host-boundary/tests/032.test.mjs","name":"WHAT[host-boundary-032] C41_unconfigured_predictor_no_interference_passthrough_and_no_vault","fullName":"WHAT[host-boundary-032] C41_unconfigured_predictor_no_interference_passthrough_and_no_vault"}
[verification-test-start] {"pid":99299,"parentPid":99289,"entryFile":"/Users/yuanxi/Workwork/vibe-fs/requirements/host-boundary/tests/032.test.mjs","name":"WHAT[host-boundary-032] C42_mid_flight_predictor_revocation_restores_parameters_from_snapshot","fullName":"WHAT[host-boundary-032] C42_mid_flight_predictor_revocation_restores_parameters_from_snapshot"}
[verification-test-start] {"pid":99299,"parentPid":99289,"entryFile":"/Users/yuanxi/Workwork/vibe-fs/requirements/host-boundary/tests/032.test.mjs","name":"WHAT[host-boundary-032] C43_participating_tool_missing_estimate_rejected_before_business_body","fullName":"WHAT[host-boundary-032] C43_participating_tool_missing_estimate_rejected_before_business_body"}
[verification-test-start] {"pid":99299,"parentPid":99289,"entryFile":"/Users/yuanxi/Workwork/vibe-fs/requirements/host-boundary/tests/032.test.mjs","name":"WHAT[host-boundary-032] C48_configured_before_repeats_only_for_the_same_hidden_arguments_and_call","fullName":"WHAT[host-boundary-032] C48_configured_before_repeats_only_for_the_same_hidden_arguments_and_call"}
[verification-test-start] {"pid":99299,"parentPid":99289,"entryFile":"/Users/yuanxi/Workwork/vibe-fs/requirements/host-boundary/tests/032.test.mjs","name":"WHAT[host-boundary-032] C49_hidden_arguments_do_not_exempt_other_call_identities_or_other_objects_from_validation","fullName":"WHAT[host-boundary-032] C49_hidden_arguments_do_not_exempt_other_call_identities_or_other_objects_from_validation"}
[verification-test-start] {"pid":99299,"parentPid":99289,"entryFile":"/Users/yuanxi/Workwork/vibe-fs/requirements/host-boundary/tests/032.test.mjs","name":"WHAT[host-boundary-032] C50_same_call_with_reintroduced_protocol_fields_is_not_a_hidden_repeat","fullName":"WHAT[host-boundary-032] C50_same_call_with_reintroduced_protocol_fields_is_not_a_hidden_repeat"}
[verification-test-start] {"pid":99299,"parentPid":99289,"entryFile":"/Users/yuanxi/Workwork/vibe-fs/requirements/host-boundary/tests/032.test.mjs","name":"WHAT[host-boundary-032] C51_missing_call_identity_does_not_grant_hidden_repeat_exemption","fullName":"WHAT[host-boundary-032] C51_missing_call_identity_does_not_grant_hidden_repeat_exemption"}
[verification-test-start] {"pid":99299,"parentPid":99289,"entryFile":"/Users/yuanxi/Workwork/vibe-fs/requirements/host-boundary/tests/032.test.mjs","name":"WHAT[host-boundary-032] C52_review_contract_reintroduced_on_the_same_call_is_not_a_hidden_repeat","fullName":"WHAT[host-boundary-032] C52_review_contract_reintroduced_on_the_same_call_is_not_a_hidden_repeat"}
[verification-test-start] {"pid":99299,"parentPid":99289,"entryFile":"/Users/yuanxi/Workwork/vibe-fs/requirements/host-boundary/tests/032.test.mjs","name":"WHAT[host-boundary-032] C53_concurrent_calls_sharing_arguments_have_only_one_hidden_owner","fullName":"WHAT[host-boundary-032] C53_concurrent_calls_sharing_arguments_have_only_one_hidden_owner"}
[verification-test-start] {"pid":99299,"parentPid":99289,"entryFile":"/Users/yuanxi/Workwork/vibe-fs/requirements/host-boundary/tests/032.test.mjs","name":"WHAT[host-boundary-032] C54_late_after_does_not_restore_new_owner_unconfigured_js-manager","fullName":"WHAT[host-boundary-032] C54_late_after_does_not_restore_new_owner_unconfigured_js-manager"}
[verification-test-start] {"pid":99299,"parentPid":99289,"entryFile":"/Users/yuanxi/Workwork/vibe-fs/requirements/host-boundary/tests/032.test.mjs","name":"WHAT[host-boundary-032] C54_late_after_does_not_restore_new_owner_configured_js-manager","fullName":"WHAT[host-boundary-032] C54_late_after_does_not_restore_new_owner_configured_js-manager"}
[verification-test-start] {"pid":99299,"parentPid":99289,"entryFile":"/Users/yuanxi/Workwork/vibe-fs/requirements/host-boundary/tests/032.test.mjs","name":"WHAT[host-boundary-032] C54_late_after_does_not_restore_new_owner_configured_read","fullName":"WHAT[host-boundary-032] C54_late_after_does_not_restore_new_owner_configured_read"}
[verification-test-start] {"pid":99299,"parentPid":99289,"entryFile":"/Users/yuanxi/Workwork/vibe-fs/requirements/host-boundary/tests/032.test.mjs","name":"WHAT[host-boundary-032] C55_business_getter_is_not_read_by_protocol_capture_join_estimated_readonly_rounds","fullName":"WHAT[host-boundary-032] C55_business_getter_is_not_read_by_protocol_capture_join_estimated_readonly_rounds"}
[verification-test-start] {"pid":99299,"parentPid":99289,"entryFile":"/Users/yuanxi/Workwork/vibe-fs/requirements/host-boundary/tests/032.test.mjs","name":"WHAT[host-boundary-032] C55_business_getter_is_not_read_by_protocol_capture_join_self_note","fullName":"WHAT[host-boundary-032] C55_business_getter_is_not_read_by_protocol_capture_join_self_note"}
[verification-test-start] {"pid":99299,"parentPid":99289,"entryFile":"/Users/yuanxi/Workwork/vibe-fs/requirements/host-boundary/tests/032.test.mjs","name":"WHAT[host-boundary-032] C55_business_getter_is_not_read_by_protocol_capture_read_contract","fullName":"WHAT[host-boundary-032] C55_business_getter_is_not_read_by_protocol_capture_read_contract"}
[verification-worker-cost] {"version":1,"phase":"exit","sequence":1,"entryFile":"/Users/yuanxi/Workwork/vibe-fs/requirements/host-boundary/tests/032.test.mjs","pid":99299,"parentPid":99289,"monotonicMs":83744.7285,"cpuUserMicros":36165751,"cpuSystemMicros":8563985,"exitCode":0}
runner: file lifecycle {"entryFile":"/Users/yuanxi/Workwork/vibe-fs/requirements/host-boundary/tests/032.test.mjs","type":"runner:file-drained","elapsedMs":84201.45241700001}
runner: worker cost {"version":1,"entryFile":"/Users/yuanxi/Workwork/vibe-fs/requirements/host-boundary/tests/032.test.mjs","enabled":true,"pid":99299,"status":"complete","reason":null,"preImport":{"version":1,"phase":"pre-import","sequence":0,"entryFile":"/Users/yuanxi/Workwork/vibe-fs/requirements/host-boundary/tests/032.test.mjs","pid":99299,"parentPid":99289,"monotonicMs":324.611667,"cpuUserMicros":110957,"cpuSystemMicros":28722},"exit":{"version":1,"phase":"exit","sequence":1,"entryFile":"/Users/yuanxi/Workwork/vibe-fs/requirements/host-boundary/tests/032.test.mjs","pid":99299,"parentPid":99289,"monotonicMs":83744.7285,"cpuUserMicros":36165751,"cpuSystemMicros":8563985,"exitCode":0},"interval":{"clockPid":99299,"wallMs":83420.116833,"cpuUserMicros":36054794,"cpuSystemMicros":8535263}}

[test-summary] 11 file(s), 289 passed, 6 failed, 14 skipped, 2 todo (84.06s wall, 340.19s test time)
  skip: /Users/yuanxi/Workwork/vibe-fs/requirements/structured-workflow/tests/012.test.mjs:WHAT[structured-workflow-012] Mac nested mounted output resets under immutable input and cleanup preserves the original callback failure — integration tier not enabled
  skip: /Users/yuanxi/Workwork/vibe-fs/requirements/cognitive-environment/tests/015.test.mjs:WHAT[cognitive-environment-015] installed Host delivers ephemeral Blogger hints in two actual provider requests — integration tier not enabled
  skip: /Users/yuanxi/Workwork/vibe-fs/requirements/cognitive-environment/tests/015.test.mjs:WHAT[cognitive-environment-015] a late actual provider callback failure cannot turn into a successful canary — integration tier not enabled
  skip: /Users/yuanxi/Workwork/vibe-fs/requirements/requirement-grounding/tests/006.test.mjs:WHAT[requirement-grounding-006] actual pinned native read output cannot honestly establish complete original file bytes — integration tier not enabled
  skip: /Users/yuanxi/Workwork/vibe-fs/requirements/structured-workflow/tests/012.test.mjs:WHAT[structured-workflow-012] real Fable compiles a focused Controller change with its declared SessionHostPort contracts — integration tier not enabled
  skip: /Users/yuanxi/Workwork/vibe-fs/requirements/structured-workflow/tests/012.test.mjs:WHAT[structured-workflow-012] compile-impact CLI compiles a focused production implementation change — integration tier not enabled
  skip: /Users/yuanxi/Workwork/vibe-fs/requirements/structured-workflow/tests/012.test.mjs:WHAT[structured-workflow-012] switching focused closures in one output directory emits the newly selected module — integration tier not enabled
  skip: /Users/yuanxi/Workwork/vibe-fs/requirements/structured-workflow/tests/012.test.mjs:WHAT[structured-workflow-012] compile-impact CLI emits fresh output into a scratch output dir and never writes a success manifest — integration tier not enabled
  skip: /Users/yuanxi/Workwork/vibe-fs/requirements/structured-workflow/tests/012.test.mjs:WHAT[structured-workflow-012] compile-impact CLI re-emits reverse consumers for inline body changes — integration tier not enabled
  skip: /Users/yuanxi/Workwork/vibe-fs/requirements/structured-workflow/tests/012.test.mjs:WHAT[structured-workflow-012] deleting a source purges its stale JS from dist — integration tier not enabled
  skip: /Users/yuanxi/Workwork/vibe-fs/requirements/structured-workflow/tests/012.test.mjs:WHAT[structured-workflow-012] independent Fable checks enforce compile-shard input boundaries — integration tier not enabled
  skip: /Users/yuanxi/Workwork/vibe-fs/requirements/structured-workflow/tests/012.test.mjs:WHAT[structured-workflow-012] build failure preserves prior valid manifest and does not delete it (integration: compiler failure) — integration tier not enabled
  skip: /Users/yuanxi/Workwork/vibe-fs/requirements/structured-workflow/tests/012.test.mjs:WHAT[structured-workflow-012] flat closure compilation compiles transitive closure green and keeps unreferenced sources red — integration tier not enabled
  todo: /Users/yuanxi/Workwork/vibe-fs/requirements/distribution/tests/005.test.mjs:WHAT[distribution-005] GAP-210: clean and incremental production outputs have identical bytes for identical inputs — reason not supplied
  todo: /Users/yuanxi/Workwork/vibe-fs/requirements/host-boundary/tests/032.test.mjs:WHAT[host-boundary-032] installed Host executor throw path: after not invoked, durable error materialized, wire contract preserved (Host physical boundary contracted by the WHAT[019] executorThrow canary; narrow face: C44 in-memory restore absent on the throw path) — reason not supplied
  skip: /Users/yuanxi/Workwork/vibe-fs/requirements/host-boundary/tests/032.test.mjs:WHAT[host-boundary-032] canary_manager_review_tools_contract_observed_on_real_host — integration tier not enabled
runner: post-exit group verification/reclamation: pid=99289; elapsedMs=73.668; accepted=true
runner: 311 test(s), 340.2s of test time; max 17577ms, p90 3158ms, median 45ms
runner:   17577ms  WHAT[structured-workflow-012] compile-impact CLI plan-only smoke matches the planner
runner:   17499ms  WHAT[relay-assessment-002] actual tool exact replay returns the accepted result
runner:   16438ms  WHAT[requirement-grounding-006] registered program grep keeps scan freshness without claiming explicit visible file contents
runner:   16267ms  WHAT[cognitive-environment-015] registered companion projection keeps the original execution model gate
runner:   16178ms  WHAT[context-compression-018] fresh binding without suppression history admits ordinary material

runner: 289 passed, 6 failed; 11/11 planned file(s) completed
Error: runner: supervised suite failed (exit 1)
    at fail (file:///Users/yuanxi/Workwork/vibe-fs/requirements/verification-system/tests/e2e/support/supervise-node-test.mjs:242:25)
    at superviseOwnedNodeTest (file:///Users/yuanxi/Workwork/vibe-fs/requirements/verification-system/tests/e2e/support/supervise-node-test.mjs:470:19)
    at process.processTicksAndRejections (node:internal/process/task_queues:103:5)
    at async superviseNodeTest (file:///Users/yuanxi/Workwork/vibe-fs/requirements/verification-system/tests/e2e/support/supervise-node-test.mjs:219:14)
    at async file:///Users/yuanxi/Workwork/vibe-fs/requirements/verification-system/tests/run.mjs:94:1 {
  exitCode: 1,
  [cause]: undefined
}
