check	Set up job	﻿2026-10-05T13:28:30.3111719Z Current runner version: '2.337.0'
check	Set up job	2026-10-05T13:28:30.3129367Z ##[group]Runner Image Provisioner
check	Set up job	2026-10-05T13:28:30.3129905Z Hosted Compute Agent
check	Set up job	2026-10-05T13:28:30.3130316Z Version: 20260901.588
check	Set up job	2026-10-05T13:28:30.3130738Z Commit: f88ec8081b781fac6c440065ac7ff9e710ce3d0b
check	Set up job	2026-10-05T13:28:30.3131486Z Build Date: 2026-09-01T19:56:44Z
check	Set up job	2026-10-05T13:28:30.3131930Z Worker ID: {597d0686-a1b6-4749-b32c-09fa22699545}
check	Set up job	2026-10-05T13:28:30.3132345Z Azure Region: westus2
check	Set up job	2026-10-05T13:28:30.3132676Z ##[endgroup]
check	Set up job	2026-10-05T13:28:30.3133594Z ##[group]Operating System
check	Set up job	2026-10-05T13:28:30.3133950Z Ubuntu
check	Set up job	2026-10-05T13:28:30.3134305Z 24.04.5
check	Set up job	2026-10-05T13:28:30.3134617Z LTS
check	Set up job	2026-10-05T13:28:30.3134915Z ##[endgroup]
check	Set up job	2026-10-05T13:28:30.3135319Z ##[group]Runner Image
check	Set up job	2026-10-05T13:28:30.3135668Z Image: ubuntu-24.04
check	Set up job	2026-10-05T13:28:30.3136031Z Version: 20260927.320.1
check	Set up job	2026-10-05T13:28:30.3136650Z Included Software: https://github.com/actions/runner-images/blob/ubuntu24/20260927.320/images/ubuntu/Ubuntu2404-Readme.md
check	Set up job	2026-10-05T13:28:30.3137702Z Image Release: https://github.com/actions/runner-images/releases/tag/ubuntu24%2F20260927.320
check	Set up job	2026-10-05T13:28:30.3138251Z ##[endgroup]
check	Set up job	2026-10-05T13:28:30.3138986Z ##[group]GITHUB_TOKEN Permissions
check	Set up job	2026-10-05T13:28:30.3140239Z Contents: read
check	Set up job	2026-10-05T13:28:30.3140659Z Metadata: read
check	Set up job	2026-10-05T13:28:30.3141207Z Packages: read
check	Set up job	2026-10-05T13:28:30.3141529Z ##[endgroup]
check	Set up job	2026-10-05T13:28:30.3142880Z Secret source: None
check	Set up job	2026-10-05T13:28:30.3143430Z Cache mode: write
check	Set up job	2026-10-05T13:28:30.3143914Z Prepare workflow directory
check	Set up job	2026-10-05T13:28:30.3349329Z Prepare all required actions
check	Set up job	2026-10-05T13:28:30.3380268Z Getting action download info
check	Set up job	2026-10-05T13:28:30.7108492Z Download action repository 'actions/checkout@v4' (SHA:11d5960a326750d5838078e36cf38b85af677262)
check	Set up job	2026-10-05T13:28:30.8284930Z Download action repository 'actions/setup-node@v4' (SHA:49933ea5288caeca8642d1e84afbd3f7d6820020)
check	Set up job	2026-10-05T13:28:30.9485986Z Download action repository 'actions/setup-dotnet@v4' (SHA:67a3573c9a986a3f9c594539f4ab511d57bb3ce9)
check	Set up job	2026-10-05T13:28:31.1969771Z Download action repository 'actions/upload-artifact@v4' (SHA:ea165f8d65b6e75b540449e92b4886f43607fa02)
check	Set up job	2026-10-05T13:28:31.3971459Z Complete job name: check
check	Run actions/checkout@v4	﻿2026-10-05T13:28:31.4516267Z ##[group]Run actions/checkout@v4
check	Run actions/checkout@v4	2026-10-05T13:28:31.4517010Z with:
check	Run actions/checkout@v4	2026-10-05T13:28:31.4517540Z   repository: PamelaSprin47685ghall/vibe-fs
check	Run actions/checkout@v4	2026-10-05T13:28:31.4523115Z   token: ***
check	Run actions/checkout@v4	2026-10-05T13:28:31.4523600Z   ssh-strict: true
check	Run actions/checkout@v4	2026-10-05T13:28:31.4524090Z   ssh-user: git
check	Run actions/checkout@v4	2026-10-05T13:28:31.4524594Z   persist-credentials: true
check	Run actions/checkout@v4	2026-10-05T13:28:31.4525152Z   clean: true
check	Run actions/checkout@v4	2026-10-05T13:28:31.4525661Z   sparse-checkout-cone-mode: true
check	Run actions/checkout@v4	2026-10-05T13:28:31.4526261Z   fetch-depth: 1
check	Run actions/checkout@v4	2026-10-05T13:28:31.4526757Z   fetch-tags: false
check	Run actions/checkout@v4	2026-10-05T13:28:31.4527251Z   show-progress: true
check	Run actions/checkout@v4	2026-10-05T13:28:31.4527751Z   lfs: false
check	Run actions/checkout@v4	2026-10-05T13:28:31.4528214Z   submodules: false
check	Run actions/checkout@v4	2026-10-05T13:28:31.4528745Z   set-safe-directory: true
check	Run actions/checkout@v4	2026-10-05T13:28:31.4529324Z   allow-unsafe-pr-checkout: false
check	Run actions/checkout@v4	2026-10-05T13:28:31.4530027Z ##[endgroup]
check	Run actions/checkout@v4	2026-10-05T13:28:31.5180684Z Syncing repository: PamelaSprin47685ghall/vibe-fs
check	Run actions/checkout@v4	2026-10-05T13:28:31.5182825Z ##[group]Getting Git version info
check	Run actions/checkout@v4	2026-10-05T13:28:31.5183704Z Working directory is '/home/runner/work/vibe-fs/vibe-fs'
check	Run actions/checkout@v4	2026-10-05T13:28:31.5184977Z [command]/usr/bin/git version
check	Run actions/checkout@v4	2026-10-05T13:28:31.5242776Z git version 2.55.0
check	Run actions/checkout@v4	2026-10-05T13:28:31.5264058Z ##[endgroup]
check	Run actions/checkout@v4	2026-10-05T13:28:31.5279902Z Temporarily overriding HOME='/home/runner/work/_temp/fa819875-3aa6-46b1-9df2-3802c632d10b' before making global git config changes
check	Run actions/checkout@v4	2026-10-05T13:28:31.5282524Z Adding repository directory to the temporary git global config as a safe directory
check	Run actions/checkout@v4	2026-10-05T13:28:31.5284498Z [command]/usr/bin/git config --global --add safe.directory /home/runner/work/vibe-fs/vibe-fs
check	Run actions/checkout@v4	2026-10-05T13:28:31.5327920Z Deleting the contents of '/home/runner/work/vibe-fs/vibe-fs'
check	Run actions/checkout@v4	2026-10-05T13:28:31.5331016Z ##[group]Initializing the repository
check	Run actions/checkout@v4	2026-10-05T13:28:31.5333662Z [command]/usr/bin/git init /home/runner/work/vibe-fs/vibe-fs
check	Run actions/checkout@v4	2026-10-05T13:28:31.5443804Z hint: Using 'master' as the name for the initial branch. This default branch name
check	Run actions/checkout@v4	2026-10-05T13:28:31.5445682Z hint: will change to "main" in Git 3.0. To configure the initial branch name
check	Run actions/checkout@v4	2026-10-05T13:28:31.5447518Z hint: to use in all of your new repositories, which will suppress this warning,
check	Run actions/checkout@v4	2026-10-05T13:28:31.5448933Z hint: call:
check	Run actions/checkout@v4	2026-10-05T13:28:31.5449902Z hint:
check	Run actions/checkout@v4	2026-10-05T13:28:31.5450775Z hint: 	git config --global init.defaultBranch <name>
check	Run actions/checkout@v4	2026-10-05T13:28:31.5451959Z hint:
check	Run actions/checkout@v4	2026-10-05T13:28:31.5452946Z hint: Names commonly chosen instead of 'master' are 'main', 'trunk' and
check	Run actions/checkout@v4	2026-10-05T13:28:31.5454594Z hint: 'development'. The just-created branch can be renamed via this command:
check	Run actions/checkout@v4	2026-10-05T13:28:31.5455892Z hint:
check	Run actions/checkout@v4	2026-10-05T13:28:31.5456586Z hint: 	git branch -m <name>
check	Run actions/checkout@v4	2026-10-05T13:28:31.5457365Z hint:
check	Run actions/checkout@v4	2026-10-05T13:28:31.5458098Z hint: Disable this message with "git config set advice.defaultBranchName false"
check	Run actions/checkout@v4	2026-10-05T13:28:31.5459644Z Initialized empty Git repository in /home/runner/work/vibe-fs/vibe-fs/.git/
check	Run actions/checkout@v4	2026-10-05T13:28:31.5463653Z [command]/usr/bin/git remote add origin https://github.com/PamelaSprin47685ghall/vibe-fs
check	Run actions/checkout@v4	2026-10-05T13:28:31.5501083Z ##[endgroup]
check	Run actions/checkout@v4	2026-10-05T13:28:31.5502417Z ##[group]Disabling automatic garbage collection
check	Run actions/checkout@v4	2026-10-05T13:28:31.5503728Z [command]/usr/bin/git config --local gc.auto 0
check	Run actions/checkout@v4	2026-10-05T13:28:31.5535512Z ##[endgroup]
check	Run actions/checkout@v4	2026-10-05T13:28:31.5536336Z ##[group]Setting up auth
check	Run actions/checkout@v4	2026-10-05T13:28:31.5541355Z [command]/usr/bin/git config --local --name-only --get-regexp core\.sshCommand
check	Run actions/checkout@v4	2026-10-05T13:28:31.5573191Z [command]/usr/bin/git submodule foreach --recursive sh -c "git config --local --name-only --get-regexp 'core\.sshCommand' && git config --local --unset-all 'core.sshCommand' || :"
check	Run actions/checkout@v4	2026-10-05T13:28:31.5879050Z [command]/usr/bin/git config --local --name-only --get-regexp http\.https\:\/\/github\.com\/\.extraheader
check	Run actions/checkout@v4	2026-10-05T13:28:31.5908388Z [command]/usr/bin/git submodule foreach --recursive sh -c "git config --local --name-only --get-regexp 'http\.https\:\/\/github\.com\/\.extraheader' && git config --local --unset-all 'http.https://github.com/.extraheader' || :"
check	Run actions/checkout@v4	2026-10-05T13:28:31.6079904Z [command]/usr/bin/git config --local --name-only --get-regexp ^includeIf\.gitdir:
check	Run actions/checkout@v4	2026-10-05T13:28:31.6107692Z [command]/usr/bin/git submodule foreach --recursive git config --local --show-origin --name-only --get-regexp remote.origin.url
check	Run actions/checkout@v4	2026-10-05T13:28:31.6281003Z [command]/usr/bin/git config --local http.https://github.com/.extraheader AUTHORIZATION: basic ***
check	Run actions/checkout@v4	2026-10-05T13:28:31.6313125Z ##[endgroup]
check	Run actions/checkout@v4	2026-10-05T13:28:31.6314085Z ##[group]Fetching the repository
check	Run actions/checkout@v4	2026-10-05T13:28:31.6319229Z [command]/usr/bin/git -c protocol.version=2 fetch --no-tags --prune --no-recurse-submodules --depth=1 origin +557b629cf234dcc627b574c42d6fa46b727eada0:refs/remotes/pull/53/merge
check	Run actions/checkout@v4	2026-10-05T13:28:33.5625314Z From https://github.com/PamelaSprin47685ghall/vibe-fs
check	Run actions/checkout@v4	2026-10-05T13:28:33.5626061Z  * [new ref]         557b629cf234dcc627b574c42d6fa46b727eada0 -> pull/53/merge
check	Run actions/checkout@v4	2026-10-05T13:28:33.5657336Z ##[endgroup]
check	Run actions/checkout@v4	2026-10-05T13:28:33.5657809Z ##[group]Determining the checkout info
check	Run actions/checkout@v4	2026-10-05T13:28:33.5658249Z ##[endgroup]
check	Run actions/checkout@v4	2026-10-05T13:28:33.5658575Z [command]/usr/bin/git sparse-checkout disable
check	Run actions/checkout@v4	2026-10-05T13:28:33.5722512Z [command]/usr/bin/git config --local --unset-all extensions.worktreeConfig
check	Run actions/checkout@v4	2026-10-05T13:28:33.5775487Z ##[group]Checking out the ref
check	Run actions/checkout@v4	2026-10-05T13:28:33.5778378Z [command]/usr/bin/git checkout --progress --force refs/remotes/pull/53/merge
check	Run actions/checkout@v4	2026-10-05T13:28:33.8260799Z Note: switching to 'refs/remotes/pull/53/merge'.
check	Run actions/checkout@v4	2026-10-05T13:28:33.8262555Z 
check	Run actions/checkout@v4	2026-10-05T13:28:33.8262764Z You are in 'detached HEAD' state. You can look around, make experimental
check	Run actions/checkout@v4	2026-10-05T13:28:33.8263233Z changes and commit them, and you can discard any commits you make in this
check	Run actions/checkout@v4	2026-10-05T13:28:33.8263648Z state without impacting any branches by switching back to a branch.
check	Run actions/checkout@v4	2026-10-05T13:28:33.8263896Z 
check	Run actions/checkout@v4	2026-10-05T13:28:33.8264094Z If you want to create a new branch to retain commits you create, you may
check	Run actions/checkout@v4	2026-10-05T13:28:33.8264985Z do so (now or later) by using -c with the switch command. Example:
check	Run actions/checkout@v4	2026-10-05T13:28:33.8265209Z 
check	Run actions/checkout@v4	2026-10-05T13:28:33.8265303Z   git switch -c <new-branch-name>
check	Run actions/checkout@v4	2026-10-05T13:28:33.8265489Z 
check	Run actions/checkout@v4	2026-10-05T13:28:33.8265613Z Or undo this operation with:
check	Run actions/checkout@v4	2026-10-05T13:28:33.8265759Z 
check	Run actions/checkout@v4	2026-10-05T13:28:33.8265841Z   git switch -
check	Run actions/checkout@v4	2026-10-05T13:28:33.8266026Z 
check	Run actions/checkout@v4	2026-10-05T13:28:33.8266205Z Turn off this advice by setting config variable advice.detachedHead to false
check	Run actions/checkout@v4	2026-10-05T13:28:33.8266458Z 
check	Run actions/checkout@v4	2026-10-05T13:28:33.8266736Z HEAD is now at 557b629 Merge 45e4137e4fd58c9788f160246401d562dc0e5d29 into e7a60a76927672d435a8c418ca199b0eed073ace
check	Run actions/checkout@v4	2026-10-05T13:28:33.8278629Z ##[endgroup]
check	Run actions/checkout@v4	2026-10-05T13:28:33.8319485Z [command]/usr/bin/git log -1 --format=%H
check	Run actions/checkout@v4	2026-10-05T13:28:33.8341241Z 557b629cf234dcc627b574c42d6fa46b727eada0
check	Run actions/setup-node@v4	﻿2026-10-05T13:28:33.8535427Z ##[group]Run actions/setup-node@v4
check	Run actions/setup-node@v4	2026-10-05T13:28:33.8535599Z with:
check	Run actions/setup-node@v4	2026-10-05T13:28:33.8535735Z   node-version: 22
check	Run actions/setup-node@v4	2026-10-05T13:28:33.8535858Z   cache: npm
check	Run actions/setup-node@v4	2026-10-05T13:28:33.8535975Z   always-auth: false
check	Run actions/setup-node@v4	2026-10-05T13:28:33.8536101Z   check-latest: false
check	Run actions/setup-node@v4	2026-10-05T13:28:33.8537556Z   token: ***
check	Run actions/setup-node@v4	2026-10-05T13:28:33.8537699Z ##[endgroup]
check	Run actions/setup-node@v4	2026-10-05T13:28:33.9434637Z Found in cache @ /opt/hostedtoolcache/node/22.23.3/x64
check	Run actions/setup-node@v4	2026-10-05T13:28:33.9437717Z (node:2101) [DEP0040] DeprecationWarning: The `punycode` module is deprecated. Please use a userland alternative instead.
check	Run actions/setup-node@v4	2026-10-05T13:28:33.9438211Z (Use `node --trace-deprecation ...` to show where the warning was created)
check	Run actions/setup-node@v4	2026-10-05T13:28:33.9439784Z ##[group]Environment details
check	Run actions/setup-node@v4	2026-10-05T13:28:34.2526380Z node: v22.23.3
check	Run actions/setup-node@v4	2026-10-05T13:28:34.2526696Z npm: 10.9.9
check	Run actions/setup-node@v4	2026-10-05T13:28:34.2526875Z yarn: 1.22.22
check	Run actions/setup-node@v4	2026-10-05T13:28:34.2527500Z ##[endgroup]
check	Run actions/setup-node@v4	2026-10-05T13:28:34.2541325Z [command]/opt/hostedtoolcache/node/22.23.3/x64/bin/npm config get cache
check	Run actions/setup-node@v4	2026-10-05T13:28:34.3294231Z /home/runner/.npm
check	Run actions/setup-node@v4	2026-10-05T13:28:34.5938248Z npm cache is not found
check	Run actions/setup-dotnet@v4	﻿2026-10-05T13:28:34.6073631Z ##[group]Run actions/setup-dotnet@v4
check	Run actions/setup-dotnet@v4	2026-10-05T13:28:34.6073804Z with:
check	Run actions/setup-dotnet@v4	2026-10-05T13:28:34.6073926Z   global-json-file: global.json
check	Run actions/setup-dotnet@v4	2026-10-05T13:28:34.6074063Z   cache: false
check	Run actions/setup-dotnet@v4	2026-10-05T13:28:34.6074178Z ##[endgroup]
check	Run actions/setup-dotnet@v4	2026-10-05T13:28:34.7014323Z (node:2144) [DEP0040] DeprecationWarning: The `punycode` module is deprecated. Please use a userland alternative instead.
check	Run actions/setup-dotnet@v4	2026-10-05T13:28:34.7014870Z (Use `node --trace-deprecation ...` to show where the warning was created)
check	Run actions/setup-dotnet@v4	2026-10-05T13:28:34.7023971Z [command]/home/runner/work/_actions/actions/setup-dotnet/v4/externals/install-dotnet.sh --skip-non-versioned-files --runtime dotnet --channel LTS
check	Run actions/setup-dotnet@v4	2026-10-05T13:28:34.9201075Z dotnet-install: .NET Core Runtime with version '10.0.12' is already installed.
check	Run actions/setup-dotnet@v4	2026-10-05T13:28:34.9223036Z [command]/home/runner/work/_actions/actions/setup-dotnet/v4/externals/install-dotnet.sh --skip-non-versioned-files --channel 10.0
check	Run actions/setup-dotnet@v4	2026-10-05T13:28:35.1432384Z dotnet-install: .NET Core SDK with version '10.0.401' is already installed.
check	Run npm ci	﻿2026-10-05T13:28:35.1538774Z ##[group]Run npm ci
check	Run npm ci	2026-10-05T13:28:35.1538956Z ^[[36;1mnpm ci^[[0m
check	Run npm ci	2026-10-05T13:28:35.1779592Z shell: /usr/bin/bash -e {0}
check	Run npm ci	2026-10-05T13:28:35.1779768Z env:
check	Run npm ci	2026-10-05T13:28:35.1779886Z   DOTNET_ROOT: /usr/share/dotnet
check	Run npm ci	2026-10-05T13:28:35.1780031Z ##[endgroup]
check	Run npm ci	2026-10-05T13:28:37.1286349Z npm warn deprecated glob@10.5.0: Old versions of glob are not supported, and contain widely publicized security vulnerabilities, which have been fixed in the current version. Please update. Support for old versions may be purchased (at exorbitant rates) by contacting i@izs.me
check	Run npm ci	2026-10-05T13:28:39.7349367Z 
check	Run npm ci	2026-10-05T13:28:39.7350149Z added 236 packages, and audited 237 packages in 5s
check	Run npm ci	2026-10-05T13:28:39.7350358Z 
check	Run npm ci	2026-10-05T13:28:39.7350469Z 63 packages are looking for funding
check	Run npm ci	2026-10-05T13:28:39.7350664Z   run `npm fund` for details
check	Run npm ci	2026-10-05T13:28:39.7415484Z 
check	Run npm ci	2026-10-05T13:28:39.7416136Z 10 vulnerabilities (3 moderate, 7 high)
check	Run npm ci	2026-10-05T13:28:39.7416389Z 
check	Run npm ci	2026-10-05T13:28:39.7416975Z To address issues that do not require attention, run:
check	Run npm ci	2026-10-05T13:28:39.7417360Z   npm audit fix
check	Run npm ci	2026-10-05T13:28:39.7417481Z 
check	Run npm ci	2026-10-05T13:28:39.7417678Z Some issues need review, and may require choosing
check	Run npm ci	2026-10-05T13:28:39.7417996Z a different dependency.
check	Run npm ci	2026-10-05T13:28:39.7418132Z 
check	Run npm ci	2026-10-05T13:28:39.7418253Z Run `npm audit` for details.
check	Run dotnet tool restore	﻿2026-10-05T13:28:39.7925507Z ##[group]Run dotnet tool restore
check	Run dotnet tool restore	2026-10-05T13:28:39.7925707Z ^[[36;1mdotnet tool restore^[[0m
check	Run dotnet tool restore	2026-10-05T13:28:39.7979142Z shell: /usr/bin/bash -e {0}
check	Run dotnet tool restore	2026-10-05T13:28:39.7979281Z env:
check	Run dotnet tool restore	2026-10-05T13:28:39.7979396Z   DOTNET_ROOT: /usr/share/dotnet
check	Run dotnet tool restore	2026-10-05T13:28:39.7979534Z ##[endgroup]
check	Run dotnet tool restore	2026-10-05T13:28:43.8563068Z Tool 'fantomas' (version '6.3.0') was restored. Available commands: fantomas
check	Run dotnet tool restore	2026-10-05T13:28:43.8563768Z Tool 'fable' (version '5.13.0') was restored. Available commands: fable
check	Run dotnet tool restore	2026-10-05T13:28:43.8568350Z 
check	Run dotnet tool restore	2026-10-05T13:28:43.8571771Z A newer version of tool 'fantomas' is available (version '8.0.7'). Consider updating your manifest file.
check	Run dotnet tool restore	2026-10-05T13:28:43.8572569Z A newer version of tool 'fable' is available (version '5.19.0'). Consider updating your manifest file.
check	Run dotnet tool restore	2026-10-05T13:28:43.8572891Z 
check	Run dotnet tool restore	2026-10-05T13:28:43.8573000Z Restore was successful.
check	Run verification	﻿2026-10-05T13:28:43.8716688Z ##[group]Run set -x
check	Run verification	2026-10-05T13:28:43.8716873Z ^[[36;1mset -x^[[0m
check	Run verification	2026-10-05T13:28:43.8717017Z ^[[36;1mif node scripts/verify.mjs --release; then^[[0m
check	Run verification	2026-10-05T13:28:43.8717186Z ^[[36;1m  exit 0^[[0m
check	Run verification	2026-10-05T13:28:43.8717298Z ^[[36;1melse^[[0m
check	Run verification	2026-10-05T13:28:43.8717406Z ^[[36;1m  CODE=$?^[[0m
check	Run verification	2026-10-05T13:28:43.8717557Z ^[[36;1m  echo "::error::verify:release exited with $CODE"^[[0m
check	Run verification	2026-10-05T13:28:43.8717835Z ^[[36;1m  find .fable-build/verify-logs/ -type f -name "*.log" | sort | while read -r file; do^[[0m
check	Run verification	2026-10-05T13:28:43.8718131Z ^[[36;1m    echo "::error file=$file::$(head -n 1 "$file") | $(tail -n 1 "$file")"^[[0m
check	Run verification	2026-10-05T13:28:43.8718332Z ^[[36;1m  done^[[0m
check	Run verification	2026-10-05T13:28:43.8718443Z ^[[36;1m  exit $CODE^[[0m
check	Run verification	2026-10-05T13:28:43.8718572Z ^[[36;1mfi^[[0m
check	Run verification	2026-10-05T13:28:43.8771679Z shell: /usr/bin/bash -e {0}
check	Run verification	2026-10-05T13:28:43.8771825Z env:
check	Run verification	2026-10-05T13:28:43.8771941Z   DOTNET_ROOT: /usr/share/dotnet
check	Run verification	2026-10-05T13:28:43.8772083Z   NODE_TEST_CONCURRENCY: 2
check	Run verification	2026-10-05T13:28:43.8772221Z   UNIT_VERDICT_SILENCE_MS: 30000
check	Run verification	2026-10-05T13:28:43.8772387Z ##[endgroup]
check	Run verification	2026-10-05T13:28:43.8839683Z + node scripts/verify.mjs --release
check	Run verification	2026-10-05T13:28:44.2047319Z 
check	Run verification	2026-10-05T13:28:44.2048191Z === verify: release  inputs=663e2c98760e6b99 ===
check	Run verification	2026-10-05T13:28:44.3301535Z Analyzing
check	Run verification	2026-10-05T13:28:45.3310493Z   0% [0 / 1] [1 running] format:check
check	Run verification	2026-10-05T13:28:51.7880120Z   format:check   OK  7.6s
check	Run verification	2026-10-05T13:28:52.1488293Z Analyzing
check	Run verification	2026-10-05T13:28:53.1500056Z   0% [0 / 1] [1 running] check
check	Run verification	2026-10-05T13:28:55.7902702Z shard-edge-audit (report-only): 518 finding(s) [high=92 medium=3 low=423]
check	Run verification	2026-10-05T13:28:55.7911985Z   Set SHARD_EDGE_AUDIT_STRICT=1 to make this gate fail. Findings:
check	Run verification	2026-10-05T13:28:55.7920251Z   [low] src/Wanxiangshu/Wanxiangshu.Owner.action-affordance.opencode-tools-executortoolsurface.fsproj -> Wanxiangshu.Owner.behavior-diagnosis.enforcer-continuation.fsproj: type-name 'Context' (src/Wanxiangshu/OpenCode/Tools/ChronicleTool.fsi:3, src/Wanxiangshu/OpenCode/Tools/ChronicleTool.fs:4)
check	Run verification	2026-10-05T13:28:55.7922680Z   [high] src/Wanxiangshu/Wanxiangshu.Owner.action-affordance.opencode-tools-executortoolsurface.fsproj -> Wanxiangshu.Owner.action-affordance.opencode-tools-statictools.fsproj: module-prefix 'StaticTools' (src/Wanxiangshu/OpenCode/Tools/AssumeTool.fs:25)
check	Run verification	2026-10-05T13:28:55.7924930Z   [low] src/Wanxiangshu/Wanxiangshu.Owner.action-affordance.opencode-tools-statictools.fsproj -> Wanxiangshu.Owner.change-integration.git-integrationgate.fsproj: type-name 'Orchestrator' (src/Wanxiangshu/OpenCode/Tools/StaticTools.fs:153, src/Wanxiangshu/OpenCode/Tools/StaticTools.fs:154, src/Wanxiangshu/OpenCode/Tools/StaticTools.fs:155)
check	Run verification	2026-10-05T13:28:55.7927000Z   [low] src/Wanxiangshu/Wanxiangshu.Owner.action-affordance.persistence-runtime-path.fsproj -> Wanxiangshu.Owner.opencode-plugin.plugin-composition.fsproj: type-name 'Host' (src/Wanxiangshu/Persistence/Journal/RuntimePath.fs:6)
check	Run verification	2026-10-05T13:28:55.7929516Z   [low] src/Wanxiangshu/Wanxiangshu.Owner.behavior-diagnosis.enforcer-codec.fsproj -> Wanxiangshu.Owner.behavior-diagnosis.enforcer-continuation.fsproj: type-name 'Context' (src/Wanxiangshu/Enforcer/Cycle/Commit.fsi:18, src/Wanxiangshu/Enforcer/Cycle/Commit.fsi:26, src/Wanxiangshu/Enforcer/Cycle/Commit.fs:6)
check	Run verification	2026-10-05T13:28:55.7931909Z   [high] src/Wanxiangshu/Wanxiangshu.Owner.behavior-diagnosis.enforcer-codec.fsproj -> Wanxiangshu.Owner.durable-composition.composition-durable-contextfact.fsproj: module-prefix 'ContextFact' (src/Wanxiangshu/Enforcer/Cycle/Commit.fs:188, src/Wanxiangshu/Enforcer/Cycle/Commit.fs:330)
check	Run verification	2026-10-05T13:28:55.7934268Z   [low] src/Wanxiangshu/Wanxiangshu.Owner.behavior-diagnosis.enforcer-codec.fsproj -> Wanxiangshu.Owner.knowledge-reuse.repository-knowledge-casebook-model.fsproj: type-name 'Entry' (src/Wanxiangshu/Enforcer/ObservationSurface.fs:49, src/Wanxiangshu/Enforcer/ObservationSurface.fs:66, src/Wanxiangshu/Enforcer/ObservationSurface.fs:281)
check	Run verification	2026-10-05T13:28:55.7936732Z   [low] src/Wanxiangshu/Wanxiangshu.Owner.behavior-diagnosis.enforcer-codec.fsproj -> Wanxiangshu.Owner.epistemic-reasoning.sphinx-v2-core.fsproj: type-name 'ObservationProjection' (src/Wanxiangshu/Enforcer/ObservationSurface.fs:303, src/Wanxiangshu/Enforcer/ObservationSurface.fs:308)
check	Run verification	2026-10-05T13:28:55.7938869Z   [low] src/Wanxiangshu/Wanxiangshu.Owner.behavior-diagnosis.enforcer-codec.fsproj -> Wanxiangshu.Owner.dispatch-protocol.dispatch-runtime.fsproj: type-name 'Runtime' (src/Wanxiangshu/Enforcer/Cycle/Commit.fs:10)
check	Run verification	2026-10-05T13:28:55.7951700Z   [low] src/Wanxiangshu/Wanxiangshu.Owner.behavior-diagnosis.enforcer-continuation.fsproj -> Wanxiangshu.Owner.epistemic-reasoning.sphinx-v2-core.fsproj: type-name 'Attempt' (src/Wanxiangshu/Enforcer/Cycle/Recovery.fs:17, src/Wanxiangshu/Enforcer/Continuation.fs:17)
check	Run verification	2026-10-05T13:28:55.7953960Z   [low] src/Wanxiangshu/Wanxiangshu.Owner.behavior-diagnosis.enforcer-continuation.fsproj -> Wanxiangshu.Owner.opencode-plugin.plugin-composition.fsproj: type-name 'Host' (src/Wanxiangshu/Enforcer/Cycle/Recovery.fs:15, src/Wanxiangshu/Enforcer/Continuation.fs:15, src/Wanxiangshu/Enforcer/BlogSurface.fs:15)
check	Run verification	2026-10-05T13:28:55.7956171Z   [low] src/Wanxiangshu/Wanxiangshu.Owner.behavior-diagnosis.enforcer-projection.fsproj -> Wanxiangshu.Owner.context-compression.context-companion-companionfactfold.fsproj: static-member 'Companion' (src/Wanxiangshu/Enforcer/Observation.fsi:3, src/Wanxiangshu/Enforcer/Observation.fs:3)
check	Run verification	2026-10-05T13:28:55.7958295Z   [low] src/Wanxiangshu/Wanxiangshu.Owner.behavior-diagnosis.enforcer-projection.fsproj -> Wanxiangshu.Owner.context-compression.context-companion-companionfactfold.fsproj: type-name 'Companion' (src/Wanxiangshu/Enforcer/Observation.fsi:3, src/Wanxiangshu/Enforcer/Observation.fs:3)
check	Run verification	2026-10-05T13:28:55.7960315Z   [low] src/Wanxiangshu/Wanxiangshu.Owner.behavior-diagnosis.enforcer-projection.fsproj -> Wanxiangshu.Owner.behavior-diagnosis.enforcer-continuation.fsproj: type-name 'Context' (src/Wanxiangshu/Enforcer/Observation.fsi:3, src/Wanxiangshu/Enforcer/Observation.fs:3)
check	Run verification	2026-10-05T13:28:55.7962372Z   [low] src/Wanxiangshu/Wanxiangshu.Owner.behavior-diagnosis.enforcer-projection.fsproj -> Wanxiangshu.Owner.epistemic-reasoning.sphinx-v2-core.fsproj: type-name 'ObservationProjection' (src/Wanxiangshu/Enforcer/Observation.fsi:7, src/Wanxiangshu/Enforcer/Observation.fs:15)
check	Run verification	2026-10-05T13:28:55.7964562Z   [low] src/Wanxiangshu/Wanxiangshu.Owner.behavior-diagnosis.enforcer-repair.fsproj -> Wanxiangshu.Owner.context-compression.context-companion-companionfactfold.fsproj: static-member 'Companion' (src/Wanxiangshu/Enforcer/Repair.fsi:11, src/Wanxiangshu/Enforcer/Repair.fs:4, src/Wanxiangshu/Enforcer/Cycle/BloggerProbe.fsi:45)
check	Run verification	2026-10-05T13:28:55.7966968Z   [low] src/Wanxiangshu/Wanxiangshu.Owner.behavior-diagnosis.enforcer-repair.fsproj -> Wanxiangshu.Owner.context-compression.context-companion-companionfactfold.fsproj: type-name 'Companion' (src/Wanxiangshu/Enforcer/Repair.fsi:11, src/Wanxiangshu/Enforcer/Repair.fs:4, src/Wanxiangshu/Enforcer/Cycle/BloggerProbe.fsi:45)
check	Run verification	2026-10-05T13:28:55.7969380Z   [low] src/Wanxiangshu/Wanxiangshu.Owner.behavior-diagnosis.enforcer-repair.fsproj -> Wanxiangshu.Owner.behavior-diagnosis.enforcer-continuation.fsproj: type-name 'Context' (src/Wanxiangshu/Enforcer/Repair.fsi:11, src/Wanxiangshu/Enforcer/Repair.fs:4, src/Wanxiangshu/Enforcer/Cycle/BloggerProbe.fsi:45)
check	Run verification	2026-10-05T13:28:55.7971864Z   [low] src/Wanxiangshu/Wanxiangshu.Owner.behavior-diagnosis.enforcer-repair.fsproj -> Wanxiangshu.Owner.interaction-authority.interaction-authority-projection-queries.fsproj: type-name 'DispatchStatus' (src/Wanxiangshu/Enforcer/Cycle/BloggerProbe.fs:147, src/Wanxiangshu/Enforcer/Cycle/BloggerProbe.fs:148, src/Wanxiangshu/Enforcer/Cycle/BloggerProbe.fs:149)
check	Run verification	2026-10-05T13:28:55.7973874Z   [low] src/Wanxiangshu/Wanxiangshu.Owner.behavior-diagnosis.enforcer-repair.fsproj -> Wanxiangshu.Owner.opencode-plugin.plugin-composition.fsproj: type-name 'Host' (src/Wanxiangshu/Enforcer/Repair.fs:8)
check	Run verification	2026-10-05T13:28:55.7976066Z   [high] src/Wanxiangshu/Wanxiangshu.Owner.behavior-diagnosis.enforcer-repair.fsproj -> Wanxiangshu.Owner.interaction-authority.interaction-authority-projection-queries.fsproj: module-prefix 'PromptAuthorityProjectionQueries' (src/Wanxiangshu/Enforcer/Cycle/BloggerProbe.fs:33, src/Wanxiangshu/Enforcer/Cycle/BloggerProbe.fs:120, src/Wanxiangshu/Enforcer/Cycle/BloggerProbe.fs:121)
check	Run verification	2026-10-05T13:28:55.7978338Z   [low] src/Wanxiangshu/Wanxiangshu.Owner.behavior-diagnosis.enforcer-repair.fsproj -> Wanxiangshu.Owner.dispatch-protocol.dispatch-runtime.fsproj: static-member 'Runtime' (src/Wanxiangshu/Enforcer/Repair.fsi:11)
check	Run verification	2026-10-05T13:28:55.7980175Z   [low] src/Wanxiangshu/Wanxiangshu.Owner.behavior-diagnosis.enforcer-repair.fsproj -> Wanxiangshu.Owner.dispatch-protocol.dispatch-runtime.fsproj: type-name 'Runtime' (src/Wanxiangshu/Enforcer/Repair.fsi:11, src/Wanxiangshu/Enforcer/Repair.fs:4, src/Wanxiangshu/Enforcer/Cycle/BloggerProbe.fs:5)
check	Run verification	2026-10-05T13:28:55.7982823Z   [low] src/Wanxiangshu/Wanxiangshu.Owner.capability-enforcement.opencode-host-managedagentconfig.fsproj -> Wanxiangshu.Owner.behavior-diagnosis.enforcer-continuation.fsproj: type-name 'Context' (src/Wanxiangshu/OpenCode/Host/ManagedAgentConfig.fs:8, src/Wanxiangshu/OpenCode/Host/ManagedAgentConfig.fs:9, src/Wanxiangshu/OpenCode/Host/ManagedAgentConfig.fs:10)
check	Run verification	2026-10-05T13:28:55.7985942Z   [low] src/Wanxiangshu/Wanxiangshu.Owner.capability-enforcement.opencode-host-managedagentconfig.fsproj -> Wanxiangshu.Owner.opencode-plugin.plugin-composition.fsproj: type-name 'Host' (src/Wanxiangshu/OpenCode/Host/ManagedAgentConfig.fs:19, src/Wanxiangshu/OpenCode/Tools/ToolRegistry.fsi:10, src/Wanxiangshu/OpenCode/Tools/ToolRegistry.fs:17)
check	Run verification	2026-10-05T13:28:55.7988065Z   [low] src/Wanxiangshu/Wanxiangshu.Owner.capability-enforcement.opencode-host-managedagentconfig.fsproj -> Wanxiangshu.Owner.opencode-plugin.plugin-composition.fsproj: static-member 'Host' (src/Wanxiangshu/OpenCode/Tools/ToolRegistry.fs:17)
check	Run verification	2026-10-05T13:28:55.7990355Z   [low] src/Wanxiangshu/Wanxiangshu.Owner.causal-wait.execution-session-wait-proof-surface.fsproj -> Wanxiangshu.Owner.process-execution.process-processrequest.fsproj: type-name 'PtyId' (src/Wanxiangshu/Execution/Session/Wait/Surface.fs:353, src/Wanxiangshu/Execution/Session/Wait/Surface.fs:359, src/Wanxiangshu/Execution/Session/Wait/Surface.fs:367)
check	Run verification	2026-10-05T13:28:55.7993104Z   [low] src/Wanxiangshu/Wanxiangshu.Owner.causal-wait.execution-session-wait-proof-surface.fsproj -> Wanxiangshu.Owner.dispatch-protocol.dispatch-runtime.fsproj: static-member 'Runtime' (src/Wanxiangshu/Execution/Session/Wait/Surface.fs:237, src/Wanxiangshu/Execution/Session/Wait/Surface.fs:241, src/Wanxiangshu/Execution/Session/Wait/Surface.fs:271)
check	Run verification	2026-10-05T13:28:55.7995588Z   [low] src/Wanxiangshu/Wanxiangshu.Owner.causal-wait.execution-session-wait-proof-surface.fsproj -> Wanxiangshu.Owner.dispatch-protocol.dispatch-runtime.fsproj: type-name 'Runtime' (src/Wanxiangshu/Execution/Session/Wait/Surface.fs:16, src/Wanxiangshu/Execution/Session/Wait/Surface.fs:237, src/Wanxiangshu/Execution/Session/Wait/Surface.fs:241)
check	Run verification	2026-10-05T13:28:55.7998218Z   [low] src/Wanxiangshu/Wanxiangshu.Owner.causal-wait.execution-session-wait-proof-surface.fsproj -> Wanxiangshu.Owner.epistemic-reasoning.sphinx-v2-integration.fsproj: type-name 'RuntimeHandle' (src/Wanxiangshu/Execution/Session/Wait/Surface.fs:15, src/Wanxiangshu/Execution/Session/Wait/Surface.fs:211, src/Wanxiangshu/Execution/Session/Wait/Surface.fs:236)
check	Run verification	2026-10-05T13:28:55.8000462Z   [low] src/Wanxiangshu/Wanxiangshu.Owner.change-integration.change-fact.fsproj -> Wanxiangshu.Owner.change-integration.git-integrationgate.fsproj: type-name 'Orchestrator' (src/Wanxiangshu/Change/Fact.fs:9, src/Wanxiangshu/Change/Fact.fs:12, src/Wanxiangshu/Change/Fact.fs:15)
check	Run verification	2026-10-05T13:28:55.8003035Z   [low] src/Wanxiangshu/Wanxiangshu.Owner.change-integration.change-orchestrator-port-adapter.fsproj -> Wanxiangshu.Owner.change-integration.git-integrationgate.fsproj: type-name 'Orchestrator' (src/Wanxiangshu/Change/Orchestrator/OrchestratorJournalAdapter.fs:14, src/Wanxiangshu/Change/Orchestrator/OrchestratorJournalAdapter.fs:17, src/Wanxiangshu/Change/Orchestrator/OrchestratorJournalAdapter.fs:22)
check	Run verification	2026-10-05T13:28:55.8005550Z   [low] src/Wanxiangshu/Wanxiangshu.Owner.change-integration.git-integrationgate.fsproj -> Wanxiangshu.Owner.behavior-diagnosis.enforcer-continuation.fsproj: type-name 'Context' (src/Wanxiangshu/Change/Host/Types.fsi:12, src/Wanxiangshu/Change/Host/Types.fs:12)
check	Run verification	2026-10-05T13:28:55.8007556Z   [low] src/Wanxiangshu/Wanxiangshu.Owner.change-integration.git-integrationgate.fsproj -> Wanxiangshu.Owner.opencode-plugin.plugin-composition.fsproj: type-name 'Host' (src/Wanxiangshu/Git/IntegrationGate.fs:8, src/Wanxiangshu/Change/Program.fs:9, src/Wanxiangshu/Change/Host/GitAdapter.fsi:1)
check	Run verification	2026-10-05T13:28:55.8009704Z   [low] src/Wanxiangshu/Wanxiangshu.Owner.change-integration.git-integrationgate.fsproj -> Wanxiangshu.Owner.opencode-plugin.plugin-composition.fsproj: static-member 'Host' (src/Wanxiangshu/Change/Host/Surface.fs:373, src/Wanxiangshu/Change/Host/Surface.fs:376, src/Wanxiangshu/Change/Host/Surface.fs:382)
check	Run verification	2026-10-05T13:28:55.8016783Z   [medium] src/Wanxiangshu/Wanxiangshu.Owner.change-integration.git-integrationgate.fsproj -> Wanxiangshu.Owner.action-affordance.opencode-tools-executortoolsurface.fsproj, Wanxiangshu.Owner.attention-regulation.interaction-attention-fold.fsproj, Wanxiangshu.Owner.capability-enforcement.opencode-host-managedagentconfig.fsproj, Wanxiangshu.Owner.concern-routing.interaction-concern-fold.fsproj, Wanxiangshu.Owner.delegation.execution-delegation-hostturnobservedsurface.fsproj, Wanxiangshu.Owner.institutional-learning.enforcer-institutionallearning-fold.fsproj, Wanxiangshu.Owner.interaction.opencode-tools-filemutationtools.fsproj, Wanxiangshu.Owner.intra-participant-parallelism.execution-fission-opencode-host.fsproj, Wanxiangshu.Owner.knowledge-reuse.opencode-tools-bookkeepertool.fsproj, Wanxiangshu.Owner.knowledge-reuse.opencode-tools-fetchtool.fsproj, Wanxiangshu.Owner.participant-horizon.execution-session-opencode-horizontool.fsproj, Wanxiangshu.Owner.process-execution.opencode-tools-ptytool.fsproj, Wanxiangshu.Owner.relay-assessment.mission-relay-reviewtool.fsproj, Wanxiangshu.Owner.relay-retirement.mission-relay-suicidetool.fsproj, Wanxiangshu.Owner.repository-programming.repository-programming-js-capability.fsproj: module-prefix 'Path' (src/Wanxiangshu/Git/IntegrationGate.fs:46, src/Wanxiangshu/Git/IntegrationGate.fs:46, src/Wanxiangshu/Change/Runtime.fs:113)
check	Run verification	2026-10-05T13:28:55.8023458Z   [low] src/Wanxiangshu/Wanxiangshu.Owner.cognitive-environment.resources-promptresources.fsproj -> Wanxiangshu.Owner.change-integration.git-integrationgate.fsproj: type-name 'Orchestrator' (src/Wanxiangshu/Resources/PromptResources.fs:11, src/Wanxiangshu/Resources/PromptResources.fs:89)
check	Run verification	2026-10-05T13:28:55.8025412Z   [low] src/Wanxiangshu/Wanxiangshu.Owner.cognitive-environment.resources-promptsurface.fsproj -> Wanxiangshu.Owner.change-integration.git-integrationgate.fsproj: type-name 'Orchestrator' (src/Wanxiangshu/Resources/PromptSurface.fs:89)
check	Run verification	2026-10-05T13:28:55.8027598Z   [low] src/Wanxiangshu/Wanxiangshu.Owner.context-compression.companion-host-blogger.fsproj -> Wanxiangshu.Owner.epistemic-reasoning.sphinx-v2-core.fsproj: type-name 'Attempt' (src/Wanxiangshu/Context/Companion/HostBlogger.fs:8, src/Wanxiangshu/Context/Companion/HostBlogger.fs:34, src/Wanxiangshu/Context/Companion/JournalPort.fs:8)
check	Run verification	2026-10-05T13:28:55.8029982Z   [low] src/Wanxiangshu/Wanxiangshu.Owner.context-compression.companion-host-blogger.fsproj -> Wanxiangshu.Owner.behavior-diagnosis.enforcer-continuation.fsproj: type-name 'Context' (src/Wanxiangshu/Context/Companion/HostBlogger.fsi:1, src/Wanxiangshu/Context/Companion/HostBlogger.fsi:4, src/Wanxiangshu/Context/Companion/HostBlogger.fs:1)
check	Run verification	2026-10-05T13:28:55.8032676Z   [high] src/Wanxiangshu/Wanxiangshu.Owner.context-compression.companion-host-blogger.fsproj -> Wanxiangshu.Owner.epistemic-reasoning.sphinx-v2-core.fsproj: module-prefix 'Context' (src/Wanxiangshu/Context/Companion/Blogger/Runtime/Coordinator.fs:157, src/Wanxiangshu/Context/Companion/Blogger/Runtime/Coordinator.fs:159, src/Wanxiangshu/Context/Companion/Blogger/Runtime/Coordinator.fs:177)
check	Run verification	2026-10-05T13:28:55.8035330Z   [low] src/Wanxiangshu/Wanxiangshu.Owner.context-compression.companion-host-blogger.fsproj -> Wanxiangshu.Owner.opencode-plugin.plugin-composition.fsproj: type-name 'Host' (src/Wanxiangshu/Context/Companion/HostBlogger.fs:29, src/Wanxiangshu/Context/Companion/HostBlogger.fs:38, src/Wanxiangshu/Context/Companion/JournalPort.fs:20)
check	Run verification	2026-10-05T13:28:55.8037747Z   [low] src/Wanxiangshu/Wanxiangshu.Owner.context-compression.context-companion-companionfactfold.fsproj -> Wanxiangshu.Owner.behavior-diagnosis.enforcer-continuation.fsproj: type-name 'Context' (src/Wanxiangshu/Context/Companion/Model.fsi:1, src/Wanxiangshu/Context/Companion/Model.fsi:4, src/Wanxiangshu/Context/Companion/Model.fsi:5)
check	Run verification	2026-10-05T13:28:55.8040371Z   [low] src/Wanxiangshu/Wanxiangshu.Owner.context-compression.context-companion-fact.fsproj -> Wanxiangshu.Owner.epistemic-reasoning.sphinx-v2-core.fsproj: type-name 'Attempt' (src/Wanxiangshu/Participant/Provider/Attempt/TerminalValidity.fsi:1, src/Wanxiangshu/Participant/Provider/Attempt/TerminalValidity.fs:1, src/Wanxiangshu/Context/Companion/Blogger/Runtime/CycleProjection.fsi:6)
check	Run verification	2026-10-05T13:28:55.8043174Z   [low] src/Wanxiangshu/Wanxiangshu.Owner.context-compression.context-companion-fact.fsproj -> Wanxiangshu.Owner.context-compression.context-companion-companionfactfold.fsproj: static-member 'Companion' (src/Wanxiangshu/Context/Companion/Blogger/Toml.fsi:1, src/Wanxiangshu/Context/Companion/Blogger/Toml.fs:1, src/Wanxiangshu/Context/Companion/Blogger/ItemWire.fsi:1)
check	Run verification	2026-10-05T13:28:55.8045929Z   [low] src/Wanxiangshu/Wanxiangshu.Owner.context-compression.context-companion-fact.fsproj -> Wanxiangshu.Owner.context-compression.context-companion-companionfactfold.fsproj: type-name 'Companion' (src/Wanxiangshu/Context/Companion/Blogger/Toml.fsi:1, src/Wanxiangshu/Context/Companion/Blogger/Toml.fs:1, src/Wanxiangshu/Context/Companion/Blogger/ItemWire.fsi:1)
check	Run verification	2026-10-05T13:28:55.8048468Z   [low] src/Wanxiangshu/Wanxiangshu.Owner.context-compression.context-companion-fact.fsproj -> Wanxiangshu.Owner.behavior-diagnosis.enforcer-continuation.fsproj: type-name 'Context' (src/Wanxiangshu/Context/Companion/Blogger/Toml.fsi:1, src/Wanxiangshu/Context/Companion/Blogger/Toml.fs:1, src/Wanxiangshu/Context/Companion/Blogger/ItemWire.fsi:1)
check	Run verification	2026-10-05T13:28:55.8050905Z   [low] src/Wanxiangshu/Wanxiangshu.Owner.context-compression.context-companion-fact.fsproj -> Wanxiangshu.Owner.knowledge-reuse.repository-knowledge-casebook-model.fsproj: type-name 'Entry' (src/Wanxiangshu/Context/Companion/Blogger/Projection.fsi:8, src/Wanxiangshu/Context/Companion/Blogger/Projection.fs:15)
check	Run verification	2026-10-05T13:28:55.8053200Z   [low] src/Wanxiangshu/Wanxiangshu.Owner.context-compression.context-companion-fact.fsproj -> Wanxiangshu.Owner.opencode-plugin.plugin-composition.fsproj: type-name 'Host' (src/Wanxiangshu/Host/CompactionPolicy.fsi:1, src/Wanxiangshu/Host/CompactionPolicy.fs:1, src/Wanxiangshu/Context/Companion/Blogger/Request.fs:5)
check	Run verification	2026-10-05T13:28:55.8055603Z   [low] src/Wanxiangshu/Wanxiangshu.Owner.context-compression.context-companion-fact.fsproj -> Wanxiangshu.Owner.dispatch-protocol.dispatch-runtime.fsproj: type-name 'Runtime' (src/Wanxiangshu/Context/Companion/Blogger/Runtime/CycleProjection.fsi:1, src/Wanxiangshu/Context/Companion/Blogger/Runtime/CycleProjection.fs:1)
check	Run verification	2026-10-05T13:28:55.8057955Z   [low] src/Wanxiangshu/Wanxiangshu.Owner.context-compression.context-companion-fact.fsproj -> Wanxiangshu.Owner.action-affordance.runtime.fsproj: type-name 'Tool' (src/Wanxiangshu/Context/Companion/Blogger/ItemWire.fsi:7, src/Wanxiangshu/Context/Companion/Blogger/ItemWire.fs:14, src/Wanxiangshu/Context/Companion/Blogger/ItemWire.fs:47)
check	Run verification	2026-10-05T13:28:55.8060666Z   [high] src/Wanxiangshu/Wanxiangshu.Owner.context-compression.context-companion-fact.fsproj -> Wanxiangshu.Owner.provider-language.participant-provider-language.fsproj, Wanxiangshu.Owner.provider-language.participant-provider-languagesurface.fsproj, Wanxiangshu.Owner.runtime-platform.language.fsproj: open 'Wanxiangshu.Participant.Provider' (src/Wanxiangshu/Context/Companion/Builder.fs:6)
check	Run verification	2026-10-05T13:28:55.8063901Z   [high] src/Wanxiangshu/Wanxiangshu.Owner.context-compression.context-companion-fact.fsproj -> Wanxiangshu.Owner.provider-language.participant-provider-language.fsproj, Wanxiangshu.Owner.provider-language.participant-provider-languagesurface.fsproj, Wanxiangshu.Owner.runtime-platform.language.fsproj: qualified 'Wanxiangshu.Participant.Provider' (src/Wanxiangshu/Context/Companion/Builder.fs:6)
check	Run verification	2026-10-05T13:28:55.8066488Z   [low] src/Wanxiangshu/Wanxiangshu.Owner.context-compression.context-companion-facts.fsproj -> Wanxiangshu.Owner.context-compression.context-companion-companionfactfold.fsproj: type-name 'Companion' (src/Wanxiangshu/Context/Companion/Facts.fsi:1, src/Wanxiangshu/Context/Companion/Facts.fs:1)
check	Run verification	2026-10-05T13:28:55.8068593Z   [low] src/Wanxiangshu/Wanxiangshu.Owner.context-compression.context-companion-facts.fsproj -> Wanxiangshu.Owner.behavior-diagnosis.enforcer-continuation.fsproj: type-name 'Context' (src/Wanxiangshu/Context/Companion/Facts.fsi:1, src/Wanxiangshu/Context/Companion/Facts.fs:1)
check	Run verification	2026-10-05T13:28:55.8070788Z   [low] src/Wanxiangshu/Wanxiangshu.Owner.context-compression.context-companion-fold.fsproj -> Wanxiangshu.Owner.context-compression.context-companion-companionfactfold.fsproj: type-name 'Companion' (src/Wanxiangshu/Context/Companion/CompanionFactFold.fsi:1, src/Wanxiangshu/Context/Companion/CompanionFactFold.fs:1)
check	Run verification	2026-10-05T13:28:55.8073325Z   [low] src/Wanxiangshu/Wanxiangshu.Owner.context-compression.context-companion-fold.fsproj -> Wanxiangshu.Owner.behavior-diagnosis.enforcer-continuation.fsproj: type-name 'Context' (src/Wanxiangshu/Context/Companion/CompanionFactFold.fsi:1, src/Wanxiangshu/Context/Companion/CompanionFactFold.fsi:3, src/Wanxiangshu/Context/Companion/CompanionFactFold.fs:1)
check	Run verification	2026-10-05T13:28:55.8075785Z   [low] src/Wanxiangshu/Wanxiangshu.Owner.context-compression.context-companion-foldsurface.fsproj -> Wanxiangshu.Owner.epistemic-reasoning.sphinx-v2-core.fsproj: type-name 'Attempt' (src/Wanxiangshu/Context/Companion/Blogger/OpenCode/PluginScope.fs:25, src/Wanxiangshu/Context/Companion/Blogger/OpenCode/PluginScope.fs:38)
check	Run verification	2026-10-05T13:28:55.8078404Z   [low] src/Wanxiangshu/Wanxiangshu.Owner.context-compression.context-companion-foldsurface.fsproj -> Wanxiangshu.Owner.behavior-diagnosis.enforcer-continuation.fsproj: type-name 'Context' (src/Wanxiangshu/Context/Companion/Blogger/OpenCode/PluginScope.fsi:1, src/Wanxiangshu/Context/Companion/Blogger/OpenCode/PluginScope.fsi:6, src/Wanxiangshu/Context/Companion/Blogger/OpenCode/PluginScope.fsi:7)
check	Run verification	2026-10-05T13:28:55.8081281Z   [high] src/Wanxiangshu/Wanxiangshu.Owner.context-compression.context-companion-foldsurface.fsproj -> Wanxiangshu.Owner.speculative-investigation.strength-event-vocabulary-contract.fsproj: module-prefix 'Delegation' (src/Wanxiangshu/Context/Companion/Blogger/OpenCode/PluginScope.fs:15, src/Wanxiangshu/Context/Companion/Blogger/OpenCode/PluginScope.fs:30)
check	Run verification	2026-10-05T13:28:55.8083834Z   [low] src/Wanxiangshu/Wanxiangshu.Owner.context-compression.context-companion-foldsurface.fsproj -> Wanxiangshu.Owner.opencode-plugin.plugin-composition.fsproj: type-name 'Host' (src/Wanxiangshu/Context/Companion/Blogger/OpenCode/PluginScope.fs:20, src/Wanxiangshu/Context/Companion/Blogger/MainContext.fs:11)
check	Run verification	2026-10-05T13:28:55.8086240Z   [low] src/Wanxiangshu/Wanxiangshu.Owner.context-compression.context-companion-runtimesurface.fsproj -> Wanxiangshu.Owner.behavior-diagnosis.enforcer-continuation.fsproj: type-name 'Context' (src/Wanxiangshu/Context/Companion/Transform.fsi:1, src/Wanxiangshu/Context/Companion/Transform.fsi:5, src/Wanxiangshu/Context/Companion/Transform.fsi:6)
check	Run verification	2026-10-05T13:28:55.8088795Z   [low] src/Wanxiangshu/Wanxiangshu.Owner.context-compression.context-companion-runtimesurface.fsproj -> Wanxiangshu.Owner.opencode-plugin.plugin-composition.fsproj: type-name 'Host' (src/Wanxiangshu/OpenCode/Host/HostCompactionGate.fsi:5, src/Wanxiangshu/OpenCode/Host/HostCompactionGate.fs:11, src/Wanxiangshu/OpenCode/Host/HostCompactionObserver.fsi:5)
check	Run verification	2026-10-05T13:28:55.8091339Z   [low] src/Wanxiangshu/Wanxiangshu.Owner.context-compression.runtime.fsproj -> Wanxiangshu.Owner.epistemic-reasoning.sphinx-v2-core.fsproj: type-name 'Attempt' (src/Wanxiangshu/Context/Companion/FoldSurface.fs:22, src/Wanxiangshu/Context/Companion/CompressionSurface.fs:13)
check	Run verification	2026-10-05T13:28:55.8093120Z   [high] src/Wanxiangshu/Wanxiangshu.Owner.context-compression.runtime.fsproj -> Wanxiangshu.Owner.epistemic-reasoning.sphinx-v2-core.fsproj: module-prefix 'Budget' (src/Wanxiangshu/Context/Companion/FoldSurface.fs:338)
check	Run verification	2026-10-05T13:28:55.8095183Z   [low] src/Wanxiangshu/Wanxiangshu.Owner.context-compression.runtime.fsproj -> Wanxiangshu.Owner.behavior-diagnosis.enforcer-continuation.fsproj: type-name 'Context' (src/Wanxiangshu/Context/Companion/Blogger/TomlSurface.fsi:1, src/Wanxiangshu/Context/Companion/Blogger/TomlSurface.fs:1, src/Wanxiangshu/Context/Companion/Blogger/DeltaSurface.fsi:1)
check	Run verification	2026-10-05T13:28:55.8097717Z   [low] src/Wanxiangshu/Wanxiangshu.Owner.context-compression.runtime.fsproj -> Wanxiangshu.Owner.knowledge-reuse.repository-knowledge-casebook-model.fsproj: type-name 'Entry' (src/Wanxiangshu/Context/Companion/Blogger/FrameSurface.fs:30, src/Wanxiangshu/Context/Companion/Blogger/FrameSurface.fs:43, src/Wanxiangshu/Context/Companion/Blogger/FrameSurface.fs:149)
check	Run verification	2026-10-05T13:28:55.8100221Z   [low] src/Wanxiangshu/Wanxiangshu.Owner.context-compression.runtime.fsproj -> Wanxiangshu.Owner.opencode-plugin.plugin-composition.fsproj: type-name 'Host' (src/Wanxiangshu/Host/Contract/CompactionPolicySurface.fsi:1, src/Wanxiangshu/Host/Contract/CompactionPolicySurface.fs:1, src/Wanxiangshu/Host/Contract/CompactionPolicySurface.fs:4)
check	Run verification	2026-10-05T13:28:55.8102489Z   [low] src/Wanxiangshu/Wanxiangshu.Owner.context-compression.runtime.fsproj -> Wanxiangshu.Owner.opencode-plugin.plugin-composition.fsproj: static-member 'Host' (src/Wanxiangshu/Context/Companion/FoldSurface.fs:18, src/Wanxiangshu/Context/Companion/FoldSurface.fs:19)
check	Run verification	2026-10-05T13:28:55.8104317Z   [low] src/Wanxiangshu/Wanxiangshu.Owner.context-compression.runtime.fsproj -> Wanxiangshu.Owner.change-integration.git-integrationgate.fsproj: type-name 'ManagerJob' (src/Wanxiangshu/Context/Companion/FoldSurface.fs:314)
check	Run verification	2026-10-05T13:28:55.8106440Z   [high] src/Wanxiangshu/Wanxiangshu.Owner.context-compression.runtime.fsproj -> Wanxiangshu.Owner.epistemic-reasoning.sphinx-v2-core.fsproj: module-prefix 'Profile' (src/Wanxiangshu/Context/Companion/CompressionSurface.fs:198, src/Wanxiangshu/Context/Companion/CompressionSurface.fs:206, src/Wanxiangshu/Context/Companion/CompressionSurface.fs:207)
check	Run verification	2026-10-05T13:28:55.8108880Z   [low] src/Wanxiangshu/Wanxiangshu.Owner.context-compression.runtime.fsproj -> Wanxiangshu.Owner.action-affordance.runtime.fsproj: type-name 'Tool' (src/Wanxiangshu/Context/Companion/Blogger/TomlSurface.fsi:17, src/Wanxiangshu/Context/Companion/Blogger/TomlSurface.fs:17, src/Wanxiangshu/Context/Companion/Blogger/TomlSurface.fs:36)
check	Run verification	2026-10-05T13:28:55.8111190Z   [low] src/Wanxiangshu/Wanxiangshu.Owner.degeneration-guard.execution-session-loopdetector.fsproj -> Wanxiangshu.Owner.dispatch-protocol.foundation-llm-facing.fsproj: type-name 'Field' (src/Wanxiangshu/Execution/Session/LoopDetectorSurface.fs:79)
check	Run verification	2026-10-05T13:28:55.8113470Z   [low] src/Wanxiangshu/Wanxiangshu.Owner.delegation.delegation-host-adapter.fsproj -> Wanxiangshu.Owner.epistemic-reasoning.sphinx-v2-core.fsproj: type-name 'Attempt' (src/Wanxiangshu/Execution/Delegation/SyncDelegate/Runtime.fsi:14, src/Wanxiangshu/Execution/Delegation/SyncDelegate/Runtime.fs:10, src/Wanxiangshu/Execution/Delegation/SyncDelegate/Runtime.fs:32)
check	Run verification	2026-10-05T13:28:55.8116260Z   [low] src/Wanxiangshu/Wanxiangshu.Owner.delegation.delegation-host-adapter.fsproj -> Wanxiangshu.Owner.context-compression.context-companion-companionfactfold.fsproj: static-member 'Companion' (src/Wanxiangshu/Execution/Delegation/SyncDelegate/Runtime.fs:3, src/Wanxiangshu/Execution/Delegation/SyncDelegate/Runtime.fs:19, src/Wanxiangshu/Execution/Delegation/Fork/Host/PendingRun.fs:4)
check	Run verification	2026-10-05T13:28:55.8119200Z   [low] src/Wanxiangshu/Wanxiangshu.Owner.delegation.delegation-host-adapter.fsproj -> Wanxiangshu.Owner.context-compression.context-companion-companionfactfold.fsproj: type-name 'Companion' (src/Wanxiangshu/Execution/Delegation/SyncDelegate/Runtime.fs:3, src/Wanxiangshu/Execution/Delegation/SyncDelegate/Runtime.fs:18, src/Wanxiangshu/Execution/Delegation/SyncDelegate/Runtime.fs:19)
check	Run verification	2026-10-05T13:28:55.8122026Z   [low] src/Wanxiangshu/Wanxiangshu.Owner.delegation.delegation-host-adapter.fsproj -> Wanxiangshu.Owner.behavior-diagnosis.enforcer-continuation.fsproj: type-name 'Context' (src/Wanxiangshu/Execution/Delegation/SyncDelegate/Runtime.fsi:6, src/Wanxiangshu/Execution/Delegation/SyncDelegate/Runtime.fs:3, src/Wanxiangshu/Execution/Delegation/SyncDelegate/Runtime.fs:18)
check	Run verification	2026-10-05T13:28:55.8124797Z   [high] src/Wanxiangshu/Wanxiangshu.Owner.delegation.delegation-host-adapter.fsproj -> Wanxiangshu.Owner.speculative-investigation.strength-event-vocabulary-contract.fsproj: module-prefix 'Delegation' (src/Wanxiangshu/Execution/Delegation/SyncDelegate/Runtime.fsi:1, src/Wanxiangshu/Execution/Delegation/SyncDelegate/Runtime.fs:1, src/Wanxiangshu/Execution/Delegation/SyncDelegate/Runtime.fs:23)
check	Run verification	2026-10-05T13:28:55.8127565Z   [low] src/Wanxiangshu/Wanxiangshu.Owner.delegation.delegation-host-adapter.fsproj -> Wanxiangshu.Owner.opencode-plugin.plugin-composition.fsproj: type-name 'Host' (src/Wanxiangshu/Execution/Delegation/SyncDelegate/Runtime.fs:27, src/Wanxiangshu/Execution/Delegation/SyncDelegate/Runtime.fs:35, src/Wanxiangshu/Execution/Delegation/Fork/Host/PendingRun.fsi:1)
check	Run verification	2026-10-05T13:28:55.8130232Z   [high] src/Wanxiangshu/Wanxiangshu.Owner.delegation.delegation-joinguard-port.fsproj -> Wanxiangshu.Owner.speculative-investigation.strength-event-vocabulary-contract.fsproj: module-prefix 'Delegation' (src/Wanxiangshu/Execution/Delegation/Fork/OpenCode/HostJoinGuardJournalPort.fsi:1, src/Wanxiangshu/Execution/Delegation/Fork/OpenCode/HostJoinGuardJournalPort.fs:1)
check	Run verification	2026-10-05T13:28:55.8133019Z   [high] src/Wanxiangshu/Wanxiangshu.Owner.delegation.delegation-linkage-projection.fsproj -> Wanxiangshu.Owner.epistemic-reasoning.sphinx-v2-core.fsproj: module-prefix 'Work' (src/Wanxiangshu/Execution/Delegation/LinkageProjection.fs:469, src/Wanxiangshu/Execution/Delegation/LinkageProjection.fs:583, src/Wanxiangshu/Execution/Delegation/LinkageProjection.fs:592)
check	Run verification	2026-10-05T13:28:55.8135501Z   [high] src/Wanxiangshu/Wanxiangshu.Owner.delegation.delegation-pty-adapter.fsproj -> Wanxiangshu.Owner.speculative-investigation.strength-event-vocabulary-contract.fsproj: module-prefix 'Delegation' (src/Wanxiangshu/Execution/Delegation/Fork/Host/Pty.fsi:1, src/Wanxiangshu/Execution/Delegation/Fork/Host/Pty.fs:1)
check	Run verification	2026-10-05T13:28:55.8137908Z   [low] src/Wanxiangshu/Wanxiangshu.Owner.delegation.delegation-pty-adapter.fsproj -> Wanxiangshu.Owner.opencode-plugin.plugin-composition.fsproj: type-name 'Host' (src/Wanxiangshu/Execution/Delegation/Fork/Host/Pty.fsi:1, src/Wanxiangshu/Execution/Delegation/Fork/Host/Pty.fs:1)
check	Run verification	2026-10-05T13:28:55.8140417Z   [high] src/Wanxiangshu/Wanxiangshu.Owner.delegation.delegation-recovery-runtime.fsproj -> Wanxiangshu.Owner.speculative-investigation.strength-event-vocabulary-contract.fsproj: module-prefix 'Delegation' (src/Wanxiangshu/Execution/Delegation/Fork/ChildRecovery.fsi:1, src/Wanxiangshu/Execution/Delegation/Fork/ChildRecovery.fs:1, src/Wanxiangshu/Execution/Delegation/Handle/CompletionCodec.fsi:1)
check	Run verification	2026-10-05T13:28:55.8143397Z   [high] src/Wanxiangshu/Wanxiangshu.Owner.delegation.delegation-sync-runtime.fsproj -> Wanxiangshu.Owner.speculative-investigation.strength-event-vocabulary-contract.fsproj: module-prefix 'Delegation' (src/Wanxiangshu/Execution/Delegation/SyncDelegate/Wait.fsi:1, src/Wanxiangshu/Execution/Delegation/SyncDelegate/Wait.fs:1, src/Wanxiangshu/Execution/Delegation/SyncDelegate/Store.fsi:1)
check	Run verification	2026-10-05T13:28:55.8145827Z   [low] src/Wanxiangshu/Wanxiangshu.Owner.delegation.execution-delegation-fact.fsproj -> Wanxiangshu.Owner.process-execution.process-processrequest.fsproj: type-name 'Command' (src/Wanxiangshu/Execution/Delegation/Fork/Model.fsi:37, src/Wanxiangshu/Execution/Delegation/Fork/Model.fs:50)
check	Run verification	2026-10-05T13:28:55.8147964Z   [low] src/Wanxiangshu/Wanxiangshu.Owner.delegation.execution-delegation-fact.fsproj -> Wanxiangshu.Owner.behavior-diagnosis.enforcer-continuation.fsproj: type-name 'Context' (src/Wanxiangshu/Execution/Delegation/Handoff.fsi:4, src/Wanxiangshu/Execution/Delegation/Handoff.fs:6)
check	Run verification	2026-10-05T13:28:55.8150149Z   [high] src/Wanxiangshu/Wanxiangshu.Owner.delegation.execution-delegation-fact.fsproj -> Wanxiangshu.Owner.speculative-investigation.strength-event-vocabulary-contract.fsproj: module-prefix 'Delegation' (src/Wanxiangshu/Execution/Delegation/Fork/Model.fsi:1, src/Wanxiangshu/Execution/Delegation/Fork/Model.fs:1)
check	Run verification	2026-10-05T13:28:55.8152430Z   [low] src/Wanxiangshu/Wanxiangshu.Owner.delegation.execution-delegation-fact.fsproj -> Wanxiangshu.Owner.process-execution.process-processrequest.fsproj: type-name 'PtyId' (src/Wanxiangshu/Execution/Delegation/Fork/Model.fsi:35, src/Wanxiangshu/Execution/Delegation/Fork/Model.fs:48)
check	Run verification	2026-10-05T13:28:55.8154741Z   [low] src/Wanxiangshu/Wanxiangshu.Owner.delegation.execution-delegation-fork-runtime.fsproj -> Wanxiangshu.Owner.epistemic-reasoning.sphinx-v2-core.fsproj: type-name 'Assignment' (src/Wanxiangshu/Execution/Delegation/Fork/Payload.fsi:6, src/Wanxiangshu/Execution/Delegation/Fork/Payload.fs:16, src/Wanxiangshu/Execution/Delegation/Fork/Payload.fs:58)
check	Run verification	2026-10-05T13:28:55.8156878Z   [low] src/Wanxiangshu/Wanxiangshu.Owner.delegation.execution-delegation-fork-runtime.fsproj -> Wanxiangshu.Owner.epistemic-reasoning.sphinx-v2-core.fsproj: static-member 'Assignment' (src/Wanxiangshu/Execution/Delegation/Fork/Payload.fs:58)
check	Run verification	2026-10-05T13:28:55.8159242Z   [high] src/Wanxiangshu/Wanxiangshu.Owner.delegation.execution-delegation-fork-runtime.fsproj -> Wanxiangshu.Owner.speculative-investigation.strength-event-vocabulary-contract.fsproj: module-prefix 'Delegation' (src/Wanxiangshu/Execution/Delegation/Fork/Payload.fsi:1, src/Wanxiangshu/Execution/Delegation/Fork/Payload.fs:1, src/Wanxiangshu/Execution/Delegation/Fork/RuntimeContract.fsi:1)
check	Run verification	2026-10-05T13:28:55.8161617Z   [low] src/Wanxiangshu/Wanxiangshu.Owner.delegation.execution-delegation-fork-runtime.fsproj -> Wanxiangshu.Owner.process-execution.process-processrequest.fsproj: type-name 'PtyId' (src/Wanxiangshu/Execution/Delegation/Fork/Runtime.fs:260)
check	Run verification	2026-10-05T13:28:55.8163856Z   [low] src/Wanxiangshu/Wanxiangshu.Owner.delegation.execution-delegation-hostturnobservedsurface.fsproj -> Wanxiangshu.Owner.opencode-plugin.plugin-composition.fsproj: type-name 'Host' (src/Wanxiangshu/Execution/Delegation/Join.fsi:5, src/Wanxiangshu/Execution/Delegation/Join.fs:8, src/Wanxiangshu/Execution/Delegation/Fork/OpenCode/JoinResultRenderer.fs:9)
check	Run verification	2026-10-05T13:28:55.8166134Z   [low] src/Wanxiangshu/Wanxiangshu.Owner.delegation.execution-delegation-ledger.fsproj -> Wanxiangshu.Owner.behavior-diagnosis.enforcer-continuation.fsproj: type-name 'Context' (src/Wanxiangshu/Execution/Delegation/HandoffLedger.fs:6)
check	Run verification	2026-10-05T13:28:55.8168578Z   [high] src/Wanxiangshu/Wanxiangshu.Owner.delegation.execution-delegation-syncdelegate-model.fsproj -> Wanxiangshu.Owner.speculative-investigation.strength-event-vocabulary-contract.fsproj: module-prefix 'Delegation' (src/Wanxiangshu/Execution/Delegation/SyncDelegate/Model.fsi:1, src/Wanxiangshu/Execution/Delegation/SyncDelegate/Model.fs:1, src/Wanxiangshu/Execution/Delegation/HandoffIdentity.fsi:3)
check	Run verification	2026-10-05T13:28:55.8171486Z   [low] src/Wanxiangshu/Wanxiangshu.Owner.delegation.execution-delegation-syncdelegate-model.fsproj -> Wanxiangshu.Owner.process-execution.process-processrequest.fsproj: type-name 'PtyId' (src/Wanxiangshu/Execution/Session/AgentCompletion.fsi:31, src/Wanxiangshu/Execution/Session/AgentCompletion.fsi:36, src/Wanxiangshu/Execution/Session/AgentCompletion.fsi:43)
check	Run verification	2026-10-05T13:28:55.8174187Z   [high] src/Wanxiangshu/Wanxiangshu.Owner.delegation.join-attempt-registry.fsproj -> Wanxiangshu.Owner.speculative-investigation.strength-event-vocabulary-contract.fsproj: module-prefix 'Delegation' (src/Wanxiangshu/Execution/Delegation/Handle/JoinInterruptRegistry.fsi:1, src/Wanxiangshu/Execution/Delegation/Handle/JoinInterruptRegistry.fs:1)
check	Run verification	2026-10-05T13:28:55.8176934Z   [low] src/Wanxiangshu/Wanxiangshu.Owner.delegation.join-attempt-registry.fsproj -> Wanxiangshu.Owner.dispatch-protocol.foundation-llm-facing.fsproj: type-name 'Value' (src/Wanxiangshu/Execution/Delegation/Handle/JoinInterruptRegistry.fs:83, src/Wanxiangshu/Execution/Delegation/Handle/JoinInterruptRegistry.fs:85)
check	Run verification	2026-10-05T13:28:55.8179489Z   [low] src/Wanxiangshu/Wanxiangshu.Owner.delegation.runtime.fsproj -> Wanxiangshu.Owner.behavior-diagnosis.enforcer-continuation.fsproj: type-name 'Context' (src/Wanxiangshu/Execution/Delegation/HandoffSurface.fs:3, src/Wanxiangshu/Execution/Delegation/Fork/OpenCode/ToolSurface.fs:8, src/Wanxiangshu/Execution/Delegation/SyncDelegate/Surface.fs:10)
check	Run verification	2026-10-05T13:28:55.8182153Z   [low] src/Wanxiangshu/Wanxiangshu.Owner.delegation.runtime.fsproj -> Wanxiangshu.Owner.opencode-plugin.plugin-composition.fsproj: type-name 'Host' (src/Wanxiangshu/Execution/Delegation/Fork/Host/Restart.fsi:1, src/Wanxiangshu/Execution/Delegation/Fork/Host/Restart.fs:1, src/Wanxiangshu/Execution/Delegation/Fork/Host/JoinSurface.fsi:1)
check	Run verification	2026-10-05T13:28:55.8184988Z   [high] src/Wanxiangshu/Wanxiangshu.Owner.delegation.runtime.fsproj -> Wanxiangshu.Owner.process-execution.opencode-tools-ptytool.fsproj: module-prefix 'Run' (src/Wanxiangshu/Execution/Delegation/Fork/Host/HostForkRunLifecycleSurface.fs:70, src/Wanxiangshu/Execution/Delegation/Fork/Host/HostForkRunLifecycleSurface.fs:73, src/Wanxiangshu/Execution/Delegation/Fork/Host/HostForkRunLifecycleSurface.fs:75)
check	Run verification	2026-10-05T13:28:55.8188083Z   [low] src/Wanxiangshu/Wanxiangshu.Owner.dispatch-protocol.chat-admission-transaction.fsproj -> Wanxiangshu.Owner.behavior-diagnosis.enforcer-continuation.fsproj: type-name 'Context' (src/Wanxiangshu/OpenCode/Host/ChatAdmission/ProviderLifecycle.fs:7, src/Wanxiangshu/OpenCode/Host/ChatAdmission/ProviderLifecycle.fs:8, src/Wanxiangshu/OpenCode/Host/ChatAdmission/TransactionSurface.fs:8)
check	Run verification	2026-10-05T13:28:55.8191051Z   [low] src/Wanxiangshu/Wanxiangshu.Owner.dispatch-protocol.composition-turn-observation-port.fsproj -> Wanxiangshu.Owner.context-compression.context-companion-companionfactfold.fsproj: static-member 'Companion' (src/Wanxiangshu/Composition/Turn/TurnObservationPort.fsi:3, src/Wanxiangshu/Composition/Turn/TurnObservationPort.fs:3)
check	Run verification	2026-10-05T13:28:55.8193711Z   [low] src/Wanxiangshu/Wanxiangshu.Owner.dispatch-protocol.composition-turn-observation-port.fsproj -> Wanxiangshu.Owner.context-compression.context-companion-companionfactfold.fsproj: type-name 'Companion' (src/Wanxiangshu/Composition/Turn/TurnObservationPort.fsi:3, src/Wanxiangshu/Composition/Turn/TurnObservationPort.fs:3)
check	Run verification	2026-10-05T13:28:55.8196408Z   [low] src/Wanxiangshu/Wanxiangshu.Owner.dispatch-protocol.composition-turn-observation-port.fsproj -> Wanxiangshu.Owner.behavior-diagnosis.enforcer-continuation.fsproj: type-name 'Context' (src/Wanxiangshu/Composition/Turn/TurnObservationPort.fsi:3, src/Wanxiangshu/Composition/Turn/TurnObservationPort.fs:3)
check	Run verification	2026-10-05T13:28:55.8199255Z   [low] src/Wanxiangshu/Wanxiangshu.Owner.dispatch-protocol.composition-turn-reconcilesurface.fsproj -> Wanxiangshu.Owner.host-boundary.host-root-workspace-contract.fsproj: type-name 'IRootWorkspaceReader' (src/Wanxiangshu/Interaction/Dispatch/DispatchSurface.fsi:14, src/Wanxiangshu/Interaction/Dispatch/DispatchSurface.fs:93, src/Wanxiangshu/Interaction/Dispatch/DispatchSurface.fs:94)
check	Run verification	2026-10-05T13:28:55.8202471Z   [low] src/Wanxiangshu/Wanxiangshu.Owner.dispatch-protocol.composition-turn-recovery-workflow.fsproj -> Wanxiangshu.Owner.behavior-diagnosis.enforcer-continuation.fsproj: type-name 'Context' (src/Wanxiangshu/Participant/Provider/Attempt/Fallback/Workflow.fsi:5, src/Wanxiangshu/Participant/Provider/Attempt/Fallback/Workflow.fs:6, src/Wanxiangshu/Participant/Provider/Attempt/Fallback/Workflow.fs:7)
check	Run verification	2026-10-05T13:28:55.8205929Z   [low] src/Wanxiangshu/Wanxiangshu.Owner.dispatch-protocol.composition-turn-recovery-workflow.fsproj -> Wanxiangshu.Owner.provider-attempt-recovery.participant-provider-attempt-failure.fsproj: type-name 'ProviderFailureEvidence' (src/Wanxiangshu/Participant/Provider/Attempt/Fallback/Workflow.fs:678, src/Wanxiangshu/Participant/Provider/Attempt/Fallback/Workflow.fs:692, src/Wanxiangshu/Participant/Provider/Attempt/Fallback/Workflow.fs:821)
check	Run verification	2026-10-05T13:28:55.8209134Z   [low] src/Wanxiangshu/Wanxiangshu.Owner.dispatch-protocol.composition-turn-scheduler.fsproj -> Wanxiangshu.Owner.opencode-plugin.plugin-composition.fsproj: type-name 'Host' (src/Wanxiangshu/Composition/Turn/Scheduler.fsi:8, src/Wanxiangshu/Composition/Turn/Scheduler.fsi:9, src/Wanxiangshu/Composition/Turn/Scheduler.fs:11)
check	Run verification	2026-10-05T13:28:55.8212107Z   [low] src/Wanxiangshu/Wanxiangshu.Owner.dispatch-protocol.dispatch-attempt-planner.fsproj -> Wanxiangshu.Owner.epistemic-reasoning.sphinx-v2-core.fsproj: type-name 'Attempt' (src/Wanxiangshu/Participant/Provider/Attempt/Planner.fsi:1, src/Wanxiangshu/Participant/Provider/Attempt/Planner.fsi:6, src/Wanxiangshu/Participant/Provider/Attempt/Planner.fs:1)
check	Run verification	2026-10-05T13:28:55.8214666Z   [low] src/Wanxiangshu/Wanxiangshu.Owner.dispatch-protocol.dispatch-attempt-planner.fsproj -> Wanxiangshu.Owner.behavior-diagnosis.enforcer-continuation.fsproj: type-name 'Context' (src/Wanxiangshu/Participant/Provider/Attempt/Planner.fsi:3, src/Wanxiangshu/Participant/Provider/Attempt/Planner.fs:4)
check	Run verification	2026-10-05T13:28:55.8217565Z   [low] src/Wanxiangshu/Wanxiangshu.Owner.dispatch-protocol.dispatch-attempt-planner.fsproj -> Wanxiangshu.Owner.prefix-stability.mission-obligation-todo-prefixepoch.fsproj: type-name 'NoCandidateReason' (src/Wanxiangshu/Participant/Provider/Attempt/Planner.fsi:11, src/Wanxiangshu/Participant/Provider/Attempt/Planner.fsi:20, src/Wanxiangshu/Participant/Provider/Attempt/Planner.fsi:33)
check	Run verification	2026-10-05T13:28:55.8220398Z   [low] src/Wanxiangshu/Wanxiangshu.Owner.dispatch-protocol.dispatch-attempt-planner.fsproj -> Wanxiangshu.Owner.prefix-stability.mission-obligation-todo-prefixepoch.fsproj: static-member 'NoCandidateReason' (src/Wanxiangshu/Participant/Provider/Attempt/Planner.fs:112)
check	Run verification	2026-10-05T13:28:55.8222893Z   [low] src/Wanxiangshu/Wanxiangshu.Owner.dispatch-protocol.dispatch-attempt-planner.fsproj -> Wanxiangshu.Owner.session-ontology.execution-session-syncdelegaterole.fsproj: type-name 'Origin' (src/Wanxiangshu/Participant/Provider/Attempt/Planner.fsi:16, src/Wanxiangshu/Participant/Provider/Attempt/Planner.fs:42, src/Wanxiangshu/Participant/Provider/Attempt/Planner.fs:88)
check	Run verification	2026-10-05T13:28:55.8225203Z   [high] src/Wanxiangshu/Wanxiangshu.Owner.dispatch-protocol.dispatch-attempt-planner.fsproj -> Wanxiangshu.Owner.epistemic-reasoning.sphinx-v2-core.fsproj: module-prefix 'Profile' (src/Wanxiangshu/Participant/Provider/Attempt/Planner.fs:151)
check	Run verification	2026-10-05T13:28:55.8227326Z   [low] src/Wanxiangshu/Wanxiangshu.Owner.dispatch-protocol.dispatch-attempt-surface.fsproj -> Wanxiangshu.Owner.epistemic-reasoning.sphinx-v2-core.fsproj: type-name 'Attempt' (src/Wanxiangshu/Participant/Provider/Attempt/PlannerSurface.fsi:1, src/Wanxiangshu/Participant/Provider/Attempt/PlannerSurface.fs:1)
check	Run verification	2026-10-05T13:28:55.8229342Z   [low] src/Wanxiangshu/Wanxiangshu.Owner.dispatch-protocol.dispatch-attempt-surface.fsproj -> Wanxiangshu.Owner.behavior-diagnosis.enforcer-continuation.fsproj: type-name 'Context' (src/Wanxiangshu/Participant/Provider/Attempt/PlannerSurface.fs:4)
check	Run verification	2026-10-05T13:28:55.8231358Z   [low] src/Wanxiangshu/Wanxiangshu.Owner.dispatch-protocol.dispatch-attempt-surface.fsproj -> Wanxiangshu.Owner.prefix-stability.mission-obligation-todo-prefixepoch.fsproj: static-member 'NoCandidateReason' (src/Wanxiangshu/Participant/Provider/Attempt/PlannerSurface.fs:90)
check	Run verification	2026-10-05T13:28:55.8233479Z   [low] src/Wanxiangshu/Wanxiangshu.Owner.dispatch-protocol.dispatch-attempt-surface.fsproj -> Wanxiangshu.Owner.prefix-stability.mission-obligation-todo-prefixepoch.fsproj: type-name 'NoCandidateReason' (src/Wanxiangshu/Participant/Provider/Attempt/PlannerSurface.fs:90)
check	Run verification	2026-10-05T13:28:55.8235393Z   [low] src/Wanxiangshu/Wanxiangshu.Owner.dispatch-protocol.dispatch-runtime.fsproj -> Wanxiangshu.Owner.epistemic-reasoning.sphinx-v2-core.fsproj: type-name 'Attempt' (src/Wanxiangshu/Interaction/Dispatch/Send.fs:14)
check	Run verification	2026-10-05T13:28:55.8237573Z   [low] src/Wanxiangshu/Wanxiangshu.Owner.dispatch-protocol.dispatch-runtime.fsproj -> Wanxiangshu.Owner.managed-chat-execution.execution-session-chatexecution-fact.fsproj: type-name 'ChatAdmissionIntent' (src/Wanxiangshu/Interaction/Dispatch/Dispatcher.fsi:53, src/Wanxiangshu/Interaction/Dispatch/Dispatcher.fs:271, src/Wanxiangshu/Interaction/Dispatch/Dispatcher.fs:281)
check	Run verification	2026-10-05T13:28:55.8240126Z   [high] src/Wanxiangshu/Wanxiangshu.Owner.dispatch-protocol.dispatch-runtime.fsproj -> Wanxiangshu.Owner.speculative-investigation.strength-event-vocabulary-contract.fsproj: module-prefix 'Delegation' (src/Wanxiangshu/Interaction/Dispatch/JournalPort.fsi:21, src/Wanxiangshu/Interaction/Dispatch/JournalPort.fs:20)
check	Run verification	2026-10-05T13:28:55.8242521Z   [low] src/Wanxiangshu/Wanxiangshu.Owner.dispatch-protocol.dispatch-runtime.fsproj -> Wanxiangshu.Owner.opencode-plugin.plugin-composition.fsproj: type-name 'Host' (src/Wanxiangshu/Interaction/Dispatch/Dispatcher.fs:13, src/Wanxiangshu/Interaction/Dispatch/Send.fs:4, src/Wanxiangshu/Interaction/Dispatch/Send.fs:10)
check	Run verification	2026-10-05T13:28:55.8245346Z   [high] src/Wanxiangshu/Wanxiangshu.Owner.dispatch-protocol.dispatch-runtime.fsproj -> Wanxiangshu.Owner.provider-language.participant-provider-language.fsproj, Wanxiangshu.Owner.provider-language.participant-provider-languagesurface.fsproj, Wanxiangshu.Owner.runtime-platform.language.fsproj: open 'Wanxiangshu.Participant.Provider' (src/Wanxiangshu/Interaction/Dispatch/Dispatcher.fs:15, src/Wanxiangshu/Interaction/Dispatch/Send.fs:13)
check	Run verification	2026-10-05T13:28:55.8248737Z   [high] src/Wanxiangshu/Wanxiangshu.Owner.dispatch-protocol.dispatch-runtime.fsproj -> Wanxiangshu.Owner.provider-language.participant-provider-language.fsproj, Wanxiangshu.Owner.provider-language.participant-provider-languagesurface.fsproj, Wanxiangshu.Owner.runtime-platform.language.fsproj: qualified 'Wanxiangshu.Participant.Provider' (src/Wanxiangshu/Interaction/Dispatch/Dispatcher.fs:15, src/Wanxiangshu/Interaction/Dispatch/Send.fs:13)
check	Run verification	2026-10-05T13:28:55.8251872Z   [low] src/Wanxiangshu/Wanxiangshu.Owner.dispatch-protocol.execution-session-recovery-model.fsproj -> Wanxiangshu.Owner.context-compression.context-companion-companionfactfold.fsproj: type-name 'Companion' (src/Wanxiangshu/Execution/Session/Recovery/Model.fsi:29, src/Wanxiangshu/Execution/Session/Recovery/Model.fs:44, src/Wanxiangshu/Execution/Session/Recovery/Model.fs:62)
check	Run verification	2026-10-05T13:28:55.8254543Z   [low] src/Wanxiangshu/Wanxiangshu.Owner.dispatch-protocol.execution-session-recovery-model.fsproj -> Wanxiangshu.Owner.change-integration.git-integrationgate.fsproj: type-name 'ManagerJob' (src/Wanxiangshu/Execution/Session/Recovery/Model.fsi:31, src/Wanxiangshu/Execution/Session/Recovery/Model.fs:46, src/Wanxiangshu/Execution/Session/Recovery/Model.fs:64)
check	Run verification	2026-10-05T13:28:55.8256985Z   [low] src/Wanxiangshu/Wanxiangshu.Owner.dispatch-protocol.execution-session-recovery-model.fsproj -> Wanxiangshu.Owner.host-boundary.host-opencode-types.fsproj: type-name 'OpencodeModel' (src/Wanxiangshu/Composition/Turn/Observation.fsi:18, src/Wanxiangshu/Composition/Turn/Observation.fs:31)
check	Run verification	2026-10-05T13:28:55.8259126Z   [low] src/Wanxiangshu/Wanxiangshu.Owner.dispatch-protocol.execution-session-recovery-model.fsproj -> Wanxiangshu.Owner.participant-identity.participant-persona.fsproj: type-name 'Persona' (src/Wanxiangshu/Composition/Turn/Program.fs:8, src/Wanxiangshu/Composition/Turn/Observation.fs:5)
check	Run verification	2026-10-05T13:28:55.8261513Z   [low] src/Wanxiangshu/Wanxiangshu.Owner.dispatch-protocol.execution-session-recovery-model.fsproj -> Wanxiangshu.Owner.epistemic-reasoning.sphinx-v2-core.fsproj: type-name 'SnapshotError' (src/Wanxiangshu/Composition/Turn/Program.fsi:51, src/Wanxiangshu/Composition/Turn/Program.fs:88, src/Wanxiangshu/Composition/Turn/Program.fs:211)
check	Run verification	2026-10-05T13:28:55.8264250Z   [high] src/Wanxiangshu/Wanxiangshu.Owner.dispatch-protocol.execution-session-recovery-model.fsproj -> Wanxiangshu.Owner.office-capability.foundation-officecapability.fsproj, Wanxiangshu.Owner.participant-identity.participant-persona.fsproj: open 'Wanxiangshu.Participant.Persona' (src/Wanxiangshu/Composition/Turn/Program.fs:8, src/Wanxiangshu/Composition/Turn/Observation.fs:5)
check	Run verification	2026-10-05T13:28:55.8267146Z   [high] src/Wanxiangshu/Wanxiangshu.Owner.dispatch-protocol.execution-session-recovery-model.fsproj -> Wanxiangshu.Owner.office-capability.foundation-officecapability.fsproj, Wanxiangshu.Owner.participant-identity.participant-persona.fsproj: qualified 'Wanxiangshu.Participant.Persona' (src/Wanxiangshu/Composition/Turn/Program.fs:8, src/Wanxiangshu/Composition/Turn/Observation.fs:5)
check	Run verification	2026-10-05T13:28:55.8270198Z   [high] src/Wanxiangshu/Wanxiangshu.Owner.dispatch-protocol.execution-session-recovery-model.fsproj -> Wanxiangshu.Owner.provider-language.participant-provider-language.fsproj, Wanxiangshu.Owner.provider-language.participant-provider-languagesurface.fsproj, Wanxiangshu.Owner.runtime-platform.language.fsproj: open 'Wanxiangshu.Participant.Provider' (src/Wanxiangshu/Composition/Turn/Program.fs:9)
check	Run verification	2026-10-05T13:28:55.8273404Z   [high] src/Wanxiangshu/Wanxiangshu.Owner.dispatch-protocol.execution-session-recovery-model.fsproj -> Wanxiangshu.Owner.provider-language.participant-provider-language.fsproj, Wanxiangshu.Owner.provider-language.participant-provider-languagesurface.fsproj, Wanxiangshu.Owner.runtime-platform.language.fsproj: qualified 'Wanxiangshu.Participant.Provider' (src/Wanxiangshu/Composition/Turn/Program.fs:9)
check	Run verification	2026-10-05T13:28:55.8276081Z   [low] src/Wanxiangshu/Wanxiangshu.Owner.dispatch-protocol.foundation-identity.fsproj -> Wanxiangshu.Owner.change-integration.git-integrationgate.fsproj: type-name 'ManagerJob' (src/Wanxiangshu/Foundation/Identity.fsi:45, src/Wanxiangshu/Foundation/Identity.fs:185, src/Wanxiangshu/Foundation/Identity.fs:348)
check	Run verification	2026-10-05T13:28:55.8322975Z   check          OK  3.8s
check	Run verification	2026-10-05T13:29:50.2215488Z   build          OK  54.1s
check	Run verification	2026-10-05T13:29:50.9048688Z runner: build is current (1798 sources, 884 artifacts)
check	Run verification	2026-10-05T13:29:50.9109219Z runner: 820 test file(s), 30000ms verdict-silence window
check	Run verification	2026-10-05T13:29:50.9457577Z runner: file lifecycle {"entryFile":"/home/runner/work/vibe-fs/vibe-fs/requirements/action-affordance/tests/001.test.mjs","pid":2832,"parentPid":2823,"type":"runner:file-start","elapsedMs":29.296590999999978}
check	Run verification	2026-10-05T13:29:50.9481976Z runner: file lifecycle {"entryFile":"/home/runner/work/vibe-fs/vibe-fs/requirements/action-affordance/tests/002.test.mjs","pid":2832,"parentPid":2823,"type":"runner:file-start","elapsedMs":31.91653500000001}
check	Run verification	2026-10-05T13:29:50.9912092Z runner: file lifecycle {"entryFile":"/home/runner/work/vibe-fs/vibe-fs/requirements/action-affordance/tests/002.test.mjs","type":"runner:file-drained","elapsedMs":73.978364}
check	Run verification	2026-10-05T13:29:50.9925812Z runner: file lifecycle {"entryFile":"/home/runner/work/vibe-fs/vibe-fs/requirements/action-affordance/tests/003.test.mjs","pid":2832,"parentPid":2823,"type":"runner:file-start","elapsedMs":76.34670999999997}
check	Run verification	2026-10-05T13:29:51.0282752Z runner: file lifecycle {"entryFile":"/home/runner/work/vibe-fs/vibe-fs/requirements/action-affordance/tests/003.test.mjs","type":"runner:file-drained","elapsedMs":111.40235999999999}
check	Run verification	2026-10-05T13:29:51.0302529Z runner: file lifecycle {"entryFile":"/home/runner/work/vibe-fs/vibe-fs/requirements/action-affordance/tests/004.test.mjs","pid":2832,"parentPid":2823,"type":"runner:file-start","elapsedMs":113.53329000000002}
check	Run verification	2026-10-05T13:29:51.0677545Z runner: file lifecycle {"entryFile":"/home/runner/work/vibe-fs/vibe-fs/requirements/action-affordance/tests/004.test.mjs","type":"runner:file-drained","elapsedMs":150.59185499999995}
check	Run verification	2026-10-05T13:29:51.0691504Z runner: file lifecycle {"entryFile":"/home/runner/work/vibe-fs/vibe-fs/requirements/action-affordance/tests/005.test.mjs","pid":2832,"parentPid":2823,"type":"runner:file-start","elapsedMs":152.80130300000002}
check	Run verification	2026-10-05T13:29:51.1027478Z runner: file lifecycle {"entryFile":"/home/runner/work/vibe-fs/vibe-fs/requirements/action-affordance/tests/005.test.mjs","type":"runner:file-drained","elapsedMs":186.37446100000005}
check	Run verification	2026-10-05T13:29:51.1046303Z runner: file lifecycle {"entryFile":"/home/runner/work/vibe-fs/vibe-fs/requirements/action-affordance/tests/006.test.mjs","pid":2832,"parentPid":2823,"type":"runner:file-start","elapsedMs":188.38897500000002}
check	Run verification	2026-10-05T13:29:51.1425635Z runner: file lifecycle {"entryFile":"/home/runner/work/vibe-fs/vibe-fs/requirements/action-affordance/tests/006.test.mjs","type":"runner:file-drained","elapsedMs":226.22362900000002}
check	Run verification	2026-10-05T13:29:51.1455439Z runner: file lifecycle {"entryFile":"/home/runner/work/vibe-fs/vibe-fs/requirements/action-affordance/tests/007.test.mjs","pid":2832,"parentPid":2823,"type":"runner:file-start","elapsedMs":229.22221299999995}
check	Run verification	2026-10-05T13:29:51.1872945Z runner: file lifecycle {"entryFile":"/home/runner/work/vibe-fs/vibe-fs/requirements/action-affordance/tests/001.test.mjs","type":"runner:file-drained","elapsedMs":269.958778}
check	Run verification	2026-10-05T13:29:51.1883338Z runner: file lifecycle {"entryFile":"/home/runner/work/vibe-fs/vibe-fs/requirements/action-affordance/tests/008.test.mjs","pid":2832,"parentPid":2823,"type":"runner:file-start","elapsedMs":272.01594500000004}
check	Run verification	2026-10-05T13:29:51.2284834Z runner: file lifecycle {"entryFile":"/home/runner/work/vibe-fs/vibe-fs/requirements/action-affordance/tests/008.test.mjs","type":"runner:file-drained","elapsedMs":312.118726}
check	Run verification	2026-10-05T13:29:51.2307003Z runner: file lifecycle {"entryFile":"/home/runner/work/vibe-fs/vibe-fs/requirements/action-affordance/tests/009.test.mjs","pid":2832,"parentPid":2823,"type":"runner:file-start","elapsedMs":314.37514300000004}
check	Run verification	2026-10-05T13:29:51.2546104Z runner: file lifecycle {"entryFile":"/home/runner/work/vibe-fs/vibe-fs/requirements/action-affordance/tests/007.test.mjs","type":"runner:file-drained","elapsedMs":338.234135}
check	Run verification	2026-10-05T13:29:51.2559738Z runner: file lifecycle {"entryFile":"/home/runner/work/vibe-fs/vibe-fs/requirements/action-affordance/tests/010.test.mjs","pid":2832,"parentPid":2823,"type":"runner:file-start","elapsedMs":339.70172499999995}
check	Run verification	2026-10-05T13:29:51.2983089Z runner: file lifecycle {"entryFile":"/home/runner/work/vibe-fs/vibe-fs/requirements/action-affordance/tests/010.test.mjs","type":"runner:file-drained","elapsedMs":378.01525}
check	Run verification	2026-10-05T13:29:51.3002800Z runner: file lifecycle {"entryFile":"/home/runner/work/vibe-fs/vibe-fs/requirements/action-affordance/tests/011.test.mjs","pid":2832,"parentPid":2823,"type":"runner:file-start","elapsedMs":382.775198}
check	Run verification	2026-10-05T13:29:51.3361866Z runner: file lifecycle {"entryFile":"/home/runner/work/vibe-fs/vibe-fs/requirements/action-affordance/tests/011.test.mjs","type":"runner:file-drained","elapsedMs":419.83713900000004}
check	Run verification	2026-10-05T13:29:51.3389653Z runner: file lifecycle {"entryFile":"/home/runner/work/vibe-fs/vibe-fs/requirements/action-affordance/tests/012.test.mjs","pid":2832,"parentPid":2823,"type":"runner:file-start","elapsedMs":422.64778099999995}
check	Run verification	2026-10-05T13:29:51.3832814Z runner: file lifecycle {"entryFile":"/home/runner/work/vibe-fs/vibe-fs/requirements/action-affordance/tests/012.test.mjs","type":"runner:file-drained","elapsedMs":465.224586}
check	Run verification	2026-10-05T13:29:51.3837100Z runner: file lifecycle {"entryFile":"/home/runner/work/vibe-fs/vibe-fs/requirements/action-affordance/tests/013.test.mjs","pid":2832,"parentPid":2823,"type":"runner:file-start","elapsedMs":466.831565}
check	Run verification	2026-10-05T13:29:51.4186076Z runner: file lifecycle {"entryFile":"/home/runner/work/vibe-fs/vibe-fs/requirements/action-affordance/tests/013.test.mjs","type":"runner:file-drained","elapsedMs":502.23175499999996}
check	Run verification	2026-10-05T13:29:51.4203148Z runner: file lifecycle {"entryFile":"/home/runner/work/vibe-fs/vibe-fs/requirements/action-affordance/tests/014.test.mjs","pid":2832,"parentPid":2823,"type":"runner:file-start","elapsedMs":504.007088}
check	Run verification	2026-10-05T13:29:51.4808792Z runner: file lifecycle {"entryFile":"/home/runner/work/vibe-fs/vibe-fs/requirements/action-affordance/tests/009.test.mjs","type":"runner:file-drained","elapsedMs":564.522332}
check	Run verification	2026-10-05T13:29:51.4825291Z runner: file lifecycle {"entryFile":"/home/runner/work/vibe-fs/vibe-fs/requirements/action-affordance/tests/015.test.mjs","pid":2832,"parentPid":2823,"type":"runner:file-start","elapsedMs":566.3545790000001}
check	Run verification	2026-10-05T13:29:51.6683232Z runner: file lifecycle {"entryFile":"/home/runner/work/vibe-fs/vibe-fs/requirements/action-affordance/tests/014.test.mjs","type":"runner:file-drained","elapsedMs":751.0590559999998}
check	Run verification	2026-10-05T13:29:51.6693955Z runner: file lifecycle {"entryFile":"/home/runner/work/vibe-fs/vibe-fs/requirements/attention-regulation/tests/001.test.mjs","pid":2832,"parentPid":2823,"type":"runner:file-start","elapsedMs":753.0641659999999}
check	Run verification	2026-10-05T13:29:51.7137853Z runner: file lifecycle {"entryFile":"/home/runner/work/vibe-fs/vibe-fs/requirements/action-affordance/tests/015.test.mjs","type":"runner:file-drained","elapsedMs":797.4550809999998}
check	Run verification	2026-10-05T13:29:51.7158551Z runner: file lifecycle {"entryFile":"/home/runner/work/vibe-fs/vibe-fs/requirements/attention-regulation/tests/002.test.mjs","pid":2832,"parentPid":2823,"type":"runner:file-start","elapsedMs":799.5392789999999}
check	Run verification	2026-10-05T13:29:51.7936465Z runner: file lifecycle {"entryFile":"/home/runner/work/vibe-fs/vibe-fs/requirements/attention-regulation/tests/001.test.mjs","type":"runner:file-drained","elapsedMs":877.19471}
check	Run verification	2026-10-05T13:29:51.7952818Z runner: file lifecycle {"entryFile":"/home/runner/work/vibe-fs/vibe-fs/requirements/attention-regulation/tests/003.test.mjs","pid":2832,"parentPid":2823,"type":"runner:file-start","elapsedMs":878.9969429999999}
check	Run verification	2026-10-05T13:29:51.9270661Z runner: file lifecycle {"entryFile":"/home/runner/work/vibe-fs/vibe-fs/requirements/attention-regulation/tests/003.test.mjs","type":"runner:file-drained","elapsedMs":1010.054848}
check	Run verification	2026-10-05T13:29:51.9282915Z runner: file lifecycle {"entryFile":"/home/runner/work/vibe-fs/vibe-fs/requirements/attention-regulation/tests/004.test.mjs","pid":2832,"parentPid":2823,"type":"runner:file-start","elapsedMs":1012.0004569999999}
check	Run verification	2026-10-05T13:29:53.0330694Z runner: file lifecycle {"entryFile":"/home/runner/work/vibe-fs/vibe-fs/requirements/attention-regulation/tests/002.test.mjs","type":"runner:file-drained","elapsedMs":2116.419842}
check	Run verification	2026-10-05T13:29:53.0357466Z runner: file lifecycle {"entryFile":"/home/runner/work/vibe-fs/vibe-fs/requirements/attention-regulation/tests/005.test.mjs","pid":2832,"parentPid":2823,"type":"runner:file-start","elapsedMs":2119.214159}
check	Run verification	2026-10-05T13:29:53.8764387Z runner: file lifecycle {"entryFile":"/home/runner/work/vibe-fs/vibe-fs/requirements/attention-regulation/tests/004.test.mjs","type":"runner:file-drained","elapsedMs":2959.3767709999997}
check	Run verification	2026-10-05T13:29:53.8793733Z runner: file lifecycle {"entryFile":"/home/runner/work/vibe-fs/vibe-fs/requirements/attention-regulation/tests/006.test.mjs","pid":2832,"parentPid":2823,"type":"runner:file-start","elapsedMs":2962.5980919999997}
check	Run verification	2026-10-05T13:29:53.9443115Z runner: file lifecycle {"entryFile":"/home/runner/work/vibe-fs/vibe-fs/requirements/attention-regulation/tests/006.test.mjs","type":"runner:file-drained","elapsedMs":3027.618047}
check	Run verification	2026-10-05T13:29:53.9462517Z runner: file lifecycle {"entryFile":"/home/runner/work/vibe-fs/vibe-fs/requirements/behavior-diagnosis/tests/001.test.mjs","pid":2832,"parentPid":2823,"type":"runner:file-start","elapsedMs":3029.803568}
check	Run verification	2026-10-05T13:29:54.0840199Z runner: file lifecycle {"entryFile":"/home/runner/work/vibe-fs/vibe-fs/requirements/behavior-diagnosis/tests/001.test.mjs","type":"runner:file-drained","elapsedMs":3167.258895}
check	Run verification	2026-10-05T13:29:54.0862806Z runner: file lifecycle {"entryFile":"/home/runner/work/vibe-fs/vibe-fs/requirements/behavior-diagnosis/tests/002.test.mjs","pid":2832,"parentPid":2823,"type":"runner:file-start","elapsedMs":3169.788533}
check	Run verification	2026-10-05T13:29:54.1317100Z runner: file lifecycle {"entryFile":"/home/runner/work/vibe-fs/vibe-fs/requirements/behavior-diagnosis/tests/002.test.mjs","type":"runner:file-drained","elapsedMs":3215.360168}
check	Run verification	2026-10-05T13:29:54.1334912Z runner: file lifecycle {"entryFile":"/home/runner/work/vibe-fs/vibe-fs/requirements/behavior-diagnosis/tests/003.test.mjs","pid":2832,"parentPid":2823,"type":"runner:file-start","elapsedMs":3217.201619}
check	Run verification	2026-10-05T13:29:54.2651832Z runner: file lifecycle {"entryFile":"/home/runner/work/vibe-fs/vibe-fs/requirements/behavior-diagnosis/tests/003.test.mjs","type":"runner:file-drained","elapsedMs":3348.131612}
check	Run verification	2026-10-05T13:29:54.2682622Z runner: file lifecycle {"entryFile":"/home/runner/work/vibe-fs/vibe-fs/requirements/behavior-diagnosis/tests/004.test.mjs","pid":2832,"parentPid":2823,"type":"runner:file-start","elapsedMs":3349.972253}
check	Run verification	2026-10-05T13:29:54.3200692Z runner: file lifecycle {"entryFile":"/home/runner/work/vibe-fs/vibe-fs/requirements/attention-regulation/tests/005.test.mjs","type":"runner:file-drained","elapsedMs":3403.6569719999998}
check	Run verification	2026-10-05T13:29:54.3248867Z runner: file lifecycle {"entryFile":"/home/runner/work/vibe-fs/vibe-fs/requirements/behavior-diagnosis/tests/005.test.mjs","pid":2832,"parentPid":2823,"type":"runner:file-start","elapsedMs":3406.891562}
check	Run verification	2026-10-05T13:29:54.4077375Z runner: file lifecycle {"entryFile":"/home/runner/work/vibe-fs/vibe-fs/requirements/behavior-diagnosis/tests/005.test.mjs","type":"runner:file-drained","elapsedMs":3489.773372}
check	Run verification	2026-10-05T13:29:54.4125538Z runner: file lifecycle {"entryFile":"/home/runner/work/vibe-fs/vibe-fs/requirements/behavior-diagnosis/tests/006.test.mjs","pid":2832,"parentPid":2823,"type":"runner:file-start","elapsedMs":3496.222902}
check	Run verification	2026-10-05T13:29:54.4661371Z runner: file lifecycle {"entryFile":"/home/runner/work/vibe-fs/vibe-fs/requirements/behavior-diagnosis/tests/004.test.mjs","type":"runner:file-drained","elapsedMs":3549.815532}
check	Run verification	2026-10-05T13:29:54.4679852Z runner: file lifecycle {"entryFile":"/home/runner/work/vibe-fs/vibe-fs/requirements/behavior-diagnosis/tests/007.test.mjs","pid":2832,"parentPid":2823,"type":"runner:file-start","elapsedMs":3551.757276}
check	Run verification	2026-10-05T13:29:54.6240403Z runner: file lifecycle {"entryFile":"/home/runner/work/vibe-fs/vibe-fs/requirements/behavior-diagnosis/tests/007.test.mjs","type":"runner:file-drained","elapsedMs":3707.6476289999996}
check	Run verification	2026-10-05T13:29:54.6260361Z runner: file lifecycle {"entryFile":"/home/runner/work/vibe-fs/vibe-fs/requirements/behavior-diagnosis/tests/008.test.mjs","pid":2832,"parentPid":2823,"type":"runner:file-start","elapsedMs":3709.722042}
check	Run verification	2026-10-05T13:29:54.8921087Z runner: file lifecycle {"entryFile":"/home/runner/work/vibe-fs/vibe-fs/requirements/behavior-diagnosis/tests/008.test.mjs","type":"runner:file-drained","elapsedMs":3975.801269}
check	Run verification	2026-10-05T13:29:54.8938646Z runner: file lifecycle {"entryFile":"/home/runner/work/vibe-fs/vibe-fs/requirements/behavior-diagnosis/tests/009.test.mjs","pid":2832,"parentPid":2823,"type":"runner:file-start","elapsedMs":3977.625936}
check	Run verification	2026-10-05T13:29:55.7322379Z runner: file lifecycle {"entryFile":"/home/runner/work/vibe-fs/vibe-fs/requirements/behavior-diagnosis/tests/009.test.mjs","type":"runner:file-drained","elapsedMs":4815.789859}
check	Run verification	2026-10-05T13:29:55.7339111Z runner: file lifecycle {"entryFile":"/home/runner/work/vibe-fs/vibe-fs/requirements/behavior-diagnosis/tests/010.test.mjs","pid":2832,"parentPid":2823,"type":"runner:file-start","elapsedMs":4817.661205}
check	Run verification	2026-10-05T13:29:55.7429568Z runner: file lifecycle {"entryFile":"/home/runner/work/vibe-fs/vibe-fs/requirements/behavior-diagnosis/tests/006.test.mjs","type":"runner:file-drained","elapsedMs":4826.7907620000005}
check	Run verification	2026-10-05T13:29:55.7446870Z runner: file lifecycle {"entryFile":"/home/runner/work/vibe-fs/vibe-fs/requirements/behavior-diagnosis/tests/011.test.mjs","pid":2832,"parentPid":2823,"type":"runner:file-start","elapsedMs":4828.487302}
check	Run verification	2026-10-05T13:29:55.8417209Z runner: file lifecycle {"entryFile":"/home/runner/work/vibe-fs/vibe-fs/requirements/behavior-diagnosis/tests/011.test.mjs","type":"runner:file-drained","elapsedMs":4925.2934000000005}
check	Run verification	2026-10-05T13:29:55.8433811Z runner: file lifecycle {"entryFile":"/home/runner/work/vibe-fs/vibe-fs/requirements/behavior-diagnosis/tests/012.test.mjs","pid":2832,"parentPid":2823,"type":"runner:file-start","elapsedMs":4927.068756000001}
check	Run verification	2026-10-05T13:29:55.9739941Z runner: file lifecycle {"entryFile":"/home/runner/work/vibe-fs/vibe-fs/requirements/behavior-diagnosis/tests/010.test.mjs","type":"runner:file-drained","elapsedMs":5057.608501000001}
check	Run verification	2026-10-05T13:29:55.9759693Z runner: file lifecycle {"entryFile":"/home/runner/work/vibe-fs/vibe-fs/requirements/behavior-diagnosis/tests/013.test.mjs","pid":2832,"parentPid":2823,"type":"runner:file-start","elapsedMs":5059.620914}
check	Run verification	2026-10-05T13:29:56.0580294Z runner: file lifecycle {"entryFile":"/home/runner/work/vibe-fs/vibe-fs/requirements/behavior-diagnosis/tests/012.test.mjs","type":"runner:file-drained","elapsedMs":5141.643869}
check	Run verification	2026-10-05T13:29:56.0598002Z runner: file lifecycle {"entryFile":"/home/runner/work/vibe-fs/vibe-fs/requirements/behavior-diagnosis/tests/014.test.mjs","pid":2832,"parentPid":2823,"type":"runner:file-start","elapsedMs":5143.527483000001}
check	Run verification	2026-10-05T13:29:56.1817074Z runner: file lifecycle {"entryFile":"/home/runner/work/vibe-fs/vibe-fs/requirements/behavior-diagnosis/tests/013.test.mjs","type":"runner:file-drained","elapsedMs":5265.294143}
check	Run verification	2026-10-05T13:29:56.1835495Z runner: file lifecycle {"entryFile":"/home/runner/work/vibe-fs/vibe-fs/requirements/behavior-diagnosis/tests/015.test.mjs","pid":2832,"parentPid":2823,"type":"runner:file-start","elapsedMs":5267.300736}
check	Run verification	2026-10-05T13:29:56.2810585Z runner: file lifecycle {"entryFile":"/home/runner/work/vibe-fs/vibe-fs/requirements/behavior-diagnosis/tests/014.test.mjs","type":"runner:file-drained","elapsedMs":5364.789001}
check	Run verification	2026-10-05T13:29:56.2832307Z runner: file lifecycle {"entryFile":"/home/runner/work/vibe-fs/vibe-fs/requirements/behavior-diagnosis/tests/016.test.mjs","pid":2832,"parentPid":2823,"type":"runner:file-start","elapsedMs":5366.961867}
check	Run verification	2026-10-05T13:29:56.2874929Z runner: file lifecycle {"entryFile":"/home/runner/work/vibe-fs/vibe-fs/requirements/behavior-diagnosis/tests/015.test.mjs","type":"runner:file-drained","elapsedMs":5371.308363}
check	Run verification	2026-10-05T13:29:56.2891519Z runner: file lifecycle {"entryFile":"/home/runner/work/vibe-fs/vibe-fs/requirements/behavior-diagnosis/tests/017.test.mjs","pid":2832,"parentPid":2823,"type":"runner:file-start","elapsedMs":5372.947319000001}
check	Run verification	2026-10-05T13:29:56.6092997Z runner: file lifecycle {"entryFile":"/home/runner/work/vibe-fs/vibe-fs/requirements/behavior-diagnosis/tests/016.test.mjs","type":"runner:file-drained","elapsedMs":5692.524853000001}
check	Run verification	2026-10-05T13:29:56.6112882Z runner: file lifecycle {"entryFile":"/home/runner/work/vibe-fs/vibe-fs/requirements/behavior-diagnosis/tests/018.test.mjs","pid":2832,"parentPid":2823,"type":"runner:file-start","elapsedMs":5694.461104}
check	Run verification	2026-10-05T13:29:58.1315404Z runner: file lifecycle {"entryFile":"/home/runner/work/vibe-fs/vibe-fs/requirements/behavior-diagnosis/tests/018.test.mjs","type":"runner:file-drained","elapsedMs":7214.528505}
check	Run verification	2026-10-05T13:29:58.1333399Z runner: file lifecycle {"entryFile":"/home/runner/work/vibe-fs/vibe-fs/requirements/behavior-diagnosis/tests/019.test.mjs","pid":2832,"parentPid":2823,"type":"runner:file-start","elapsedMs":7216.4055450000005}
check	Run verification	2026-10-05T13:29:58.1713170Z runner: file lifecycle {"entryFile":"/home/runner/work/vibe-fs/vibe-fs/requirements/behavior-diagnosis/tests/019.test.mjs","type":"runner:file-drained","elapsedMs":7254.937186}
check	Run verification	2026-10-05T13:29:58.1729473Z runner: file lifecycle {"entryFile":"/home/runner/work/vibe-fs/vibe-fs/requirements/capability-enforcement/tests/001.test.mjs","pid":2832,"parentPid":2823,"type":"runner:file-start","elapsedMs":7256.731570000001}
check	Run verification	2026-10-05T13:29:58.2483342Z runner: file lifecycle {"entryFile":"/home/runner/work/vibe-fs/vibe-fs/requirements/capability-enforcement/tests/001.test.mjs","type":"runner:file-drained","elapsedMs":7331.817642}
check	Run verification	2026-10-05T13:29:58.2500693Z runner: file lifecycle {"entryFile":"/home/runner/work/vibe-fs/vibe-fs/requirements/capability-enforcement/tests/002.test.mjs","pid":2832,"parentPid":2823,"type":"runner:file-start","elapsedMs":7333.827432}
check	Run verification	2026-10-05T13:29:59.2468736Z runner: file lifecycle {"entryFile":"/home/runner/work/vibe-fs/vibe-fs/requirements/capability-enforcement/tests/002.test.mjs","type":"runner:file-drained","elapsedMs":8330.571310000001}
check	Run verification	2026-10-05T13:29:59.2489565Z runner: file lifecycle {"entryFile":"/home/runner/work/vibe-fs/vibe-fs/requirements/capability-enforcement/tests/003.test.mjs","pid":2832,"parentPid":2823,"type":"runner:file-start","elapsedMs":8332.669672}
check	Run verification	2026-10-05T13:29:59.3254314Z runner: file lifecycle {"entryFile":"/home/runner/work/vibe-fs/vibe-fs/requirements/capability-enforcement/tests/003.test.mjs","type":"runner:file-drained","elapsedMs":8409.023264000001}
check	Run verification	2026-10-05T13:29:59.3275356Z runner: file lifecycle {"entryFile":"/home/runner/work/vibe-fs/vibe-fs/requirements/capability-enforcement/tests/004.test.mjs","pid":2832,"parentPid":2823,"type":"runner:file-start","elapsedMs":8411.231803}
check	Run verification	2026-10-05T13:29:59.4027645Z runner: file lifecycle {"entryFile":"/home/runner/work/vibe-fs/vibe-fs/requirements/capability-enforcement/tests/004.test.mjs","type":"runner:file-drained","elapsedMs":8486.450454}
check	Run verification	2026-10-05T13:29:59.4047673Z runner: file lifecycle {"entryFile":"/home/runner/work/vibe-fs/vibe-fs/requirements/capability-enforcement/tests/005.test.mjs","pid":2832,"parentPid":2823,"type":"runner:file-start","elapsedMs":8488.47077}
check	Run verification	2026-10-05T13:29:59.5493801Z runner: file lifecycle {"entryFile":"/home/runner/work/vibe-fs/vibe-fs/requirements/capability-enforcement/tests/005.test.mjs","type":"runner:file-drained","elapsedMs":8632.990483}
check	Run verification	2026-10-05T13:29:59.5510616Z runner: file lifecycle {"entryFile":"/home/runner/work/vibe-fs/vibe-fs/requirements/capability-enforcement/tests/006.test.mjs","pid":2832,"parentPid":2823,"type":"runner:file-start","elapsedMs":8634.829855}
check	Run verification	2026-10-05T13:30:01.3257778Z runner: file lifecycle {"entryFile":"/home/runner/work/vibe-fs/vibe-fs/requirements/behavior-diagnosis/tests/017.test.mjs","type":"runner:file-drained","elapsedMs":10409.413964000001}
check	Run verification	2026-10-05T13:30:01.3279686Z runner: file lifecycle {"entryFile":"/home/runner/work/vibe-fs/vibe-fs/requirements/capability-enforcement/tests/007.test.mjs","pid":2832,"parentPid":2823,"type":"runner:file-start","elapsedMs":10411.677527}
check	Run verification	2026-10-05T13:30:01.6437727Z runner: file lifecycle {"entryFile":"/home/runner/work/vibe-fs/vibe-fs/requirements/capability-enforcement/tests/006.test.mjs","type":"runner:file-drained","elapsedMs":10726.687989}
check	Run verification	2026-10-05T13:30:01.6463371Z runner: file lifecycle {"entryFile":"/home/runner/work/vibe-fs/vibe-fs/requirements/capability-enforcement/tests/009.test.mjs","pid":2832,"parentPid":2823,"type":"runner:file-start","elapsedMs":10729.027045}
check	Run verification	2026-10-05T13:30:01.7693442Z runner: file lifecycle {"entryFile":"/home/runner/work/vibe-fs/vibe-fs/requirements/capability-enforcement/tests/007.test.mjs","type":"runner:file-drained","elapsedMs":10852.071647}
check	Run verification	2026-10-05T13:30:01.7705883Z runner: file lifecycle {"entryFile":"/home/runner/work/vibe-fs/vibe-fs/requirements/capability-enforcement/tests/010.test.mjs","pid":2832,"parentPid":2823,"type":"runner:file-start","elapsedMs":10854.365545}
check	Run verification	2026-10-05T13:30:02.8765538Z runner: file lifecycle {"entryFile":"/home/runner/work/vibe-fs/vibe-fs/requirements/capability-enforcement/tests/009.test.mjs","type":"runner:file-drained","elapsedMs":11960.003375}
check	Run verification	2026-10-05T13:30:02.8847268Z runner: file lifecycle {"entryFile":"/home/runner/work/vibe-fs/vibe-fs/requirements/capability-enforcement/tests/011.test.mjs","pid":2832,"parentPid":2823,"type":"runner:file-start","elapsedMs":11963.475057}
check	Run verification	2026-10-05T13:30:03.5989938Z runner: file lifecycle {"entryFile":"/home/runner/work/vibe-fs/vibe-fs/requirements/capability-enforcement/tests/010.test.mjs","type":"runner:file-drained","elapsedMs":12682.622018}
check	Run verification	2026-10-05T13:30:03.6009555Z runner: file lifecycle {"entryFile":"/home/runner/work/vibe-fs/vibe-fs/requirements/capability-enforcement/tests/012.test.mjs","pid":2832,"parentPid":2823,"type":"runner:file-start","elapsedMs":12684.66696}
check	Run verification	2026-10-05T13:30:03.9392804Z runner: file lifecycle {"entryFile":"/home/runner/work/vibe-fs/vibe-fs/requirements/capability-enforcement/tests/012.test.mjs","type":"runner:file-drained","elapsedMs":13021.909647}
check	Run verification	2026-10-05T13:30:03.9406415Z runner: file lifecycle {"entryFile":"/home/runner/work/vibe-fs/vibe-fs/requirements/capability-enforcement/tests/013.test.mjs","pid":2832,"parentPid":2823,"type":"runner:file-start","elapsedMs":13024.349691000001}
check	Run verification	2026-10-05T13:30:04.0004194Z runner: file lifecycle {"entryFile":"/home/runner/work/vibe-fs/vibe-fs/requirements/capability-enforcement/tests/013.test.mjs","type":"runner:file-drained","elapsedMs":13084.044385000001}
check	Run verification	2026-10-05T13:30:04.0024889Z runner: file lifecycle {"entryFile":"/home/runner/work/vibe-fs/vibe-fs/requirements/capability-enforcement/tests/014.test.mjs","pid":2832,"parentPid":2823,"type":"runner:file-start","elapsedMs":13086.055626000001}
check	Run verification	2026-10-05T13:30:04.0375413Z runner: file lifecycle {"entryFile":"/home/runner/work/vibe-fs/vibe-fs/requirements/capability-enforcement/tests/014.test.mjs","type":"runner:file-drained","elapsedMs":13120.185809}
check	Run verification	2026-10-05T13:30:04.0398029Z runner: file lifecycle {"entryFile":"/home/runner/work/vibe-fs/vibe-fs/requirements/capability-enforcement/tests/015.test.mjs","pid":2832,"parentPid":2823,"type":"runner:file-start","elapsedMs":13122.489408000001}
check	Run verification	2026-10-05T13:30:04.1083426Z runner: file lifecycle {"entryFile":"/home/runner/work/vibe-fs/vibe-fs/requirements/capability-enforcement/tests/011.test.mjs","type":"runner:file-drained","elapsedMs":13191.189096}
check	Run verification	2026-10-05T13:30:04.1099352Z runner: file lifecycle {"entryFile":"/home/runner/work/vibe-fs/vibe-fs/requirements/capability-enforcement/tests/016.test.mjs","pid":2832,"parentPid":2823,"type":"runner:file-start","elapsedMs":13193.60949}
check	Run verification	2026-10-05T13:30:04.1347652Z runner: file lifecycle {"entryFile":"/home/runner/work/vibe-fs/vibe-fs/requirements/capability-enforcement/tests/015.test.mjs","type":"runner:file-drained","elapsedMs":13218.475792000001}
check	Run verification	2026-10-05T13:30:04.1373701Z runner: file lifecycle {"entryFile":"/home/runner/work/vibe-fs/vibe-fs/requirements/capability-enforcement/tests/017.test.mjs","pid":2832,"parentPid":2823,"type":"runner:file-start","elapsedMs":13220.601625000001}
check	Run verification	2026-10-05T13:30:04.2008002Z runner: file lifecycle {"entryFile":"/home/runner/work/vibe-fs/vibe-fs/requirements/capability-enforcement/tests/017.test.mjs","type":"runner:file-drained","elapsedMs":13284.469495000001}
check	Run verification	2026-10-05T13:30:04.2033622Z runner: file lifecycle {"entryFile":"/home/runner/work/vibe-fs/vibe-fs/requirements/capability-enforcement/tests/018.test.mjs","pid":2832,"parentPid":2823,"type":"runner:file-start","elapsedMs":13285.92472}
check	Run verification	2026-10-05T13:30:04.2137660Z runner: file lifecycle {"entryFile":"/home/runner/work/vibe-fs/vibe-fs/requirements/capability-enforcement/tests/016.test.mjs","type":"runner:file-drained","elapsedMs":13296.798681}
check	Run verification	2026-10-05T13:30:04.2159232Z runner: file lifecycle {"entryFile":"/home/runner/work/vibe-fs/vibe-fs/requirements/capability-enforcement/tests/019.test.mjs","pid":2832,"parentPid":2823,"type":"runner:file-start","elapsedMs":13298.482639}
check	Run verification	2026-10-05T13:30:04.2646756Z runner: file lifecycle {"entryFile":"/home/runner/work/vibe-fs/vibe-fs/requirements/capability-enforcement/tests/018.test.mjs","type":"runner:file-drained","elapsedMs":13348.411077}
check	Run verification	2026-10-05T13:30:04.2683046Z runner: file lifecycle {"entryFile":"/home/runner/work/vibe-fs/vibe-fs/requirements/capability-enforcement/tests/020.test.mjs","pid":2832,"parentPid":2823,"type":"runner:file-start","elapsedMs":13350.431351000001}
check	Run verification	2026-10-05T13:30:04.3152141Z runner: file lifecycle {"entryFile":"/home/runner/work/vibe-fs/vibe-fs/requirements/capability-enforcement/tests/020.test.mjs","type":"runner:file-drained","elapsedMs":13398.793647}
check	Run verification	2026-10-05T13:30:04.3174142Z runner: file lifecycle {"entryFile":"/home/runner/work/vibe-fs/vibe-fs/requirements/capability-enforcement/tests/021.test.mjs","pid":2832,"parentPid":2823,"type":"runner:file-start","elapsedMs":13400.984998}
check	Run verification	2026-10-05T13:30:04.3475494Z capability-019-producer: 1 test file(s), 30000ms verdict-silence window
check	Run verification	2026-10-05T13:30:04.3856659Z capability-019-producer: file lifecycle {"entryFile":"/home/runner/work/vibe-fs/vibe-fs/requirements/capability-enforcement/tests/support/process-capability.fixture.mjs","pid":3329,"parentPid":3307,"type":"runner:file-start","elapsedMs":38.739486}
check	Run verification	2026-10-05T13:30:04.5203344Z capability-019-producer: file lifecycle {"entryFile":"/home/runner/work/vibe-fs/vibe-fs/requirements/capability-enforcement/tests/support/process-capability.fixture.mjs","type":"runner:file-drained","elapsedMs":172.371972}
check	Run verification	2026-10-05T13:30:04.5208052Z 
check	Run verification	2026-10-05T13:30:04.5208787Z [test-summary] 1 file(s), 1 passed, 0 failed (0.14s wall, 0.02s test time)
check	Run verification	2026-10-05T13:30:04.5334927Z capability-019-producer: post-exit group verification/reclamation: pid=3329; elapsedMs=9.283; accepted=true
check	Run verification	2026-10-05T13:30:04.5336090Z capability-019-producer: 1 test(s), 0.0s of test time; max 20ms, p90 20ms, median 20ms
check	Run verification	2026-10-05T13:30:04.5336592Z 
check	Run verification	2026-10-05T13:30:04.5337305Z capability-019-producer: 1 passed, 0 failed; 1/1 planned file(s) completed
check	Run verification	2026-10-05T13:30:04.5350562Z capability-019-successor: 1 test file(s), 30000ms verdict-silence window
check	Run verification	2026-10-05T13:30:04.5753505Z capability-019-successor: file lifecycle {"entryFile":"/home/runner/work/vibe-fs/vibe-fs/requirements/capability-enforcement/tests/support/process-capability.fixture.mjs","pid":3344,"parentPid":3307,"type":"runner:file-start","elapsedMs":38.809461}
check	Run verification	2026-10-05T13:30:04.7540019Z capability-019-successor: file lifecycle {"entryFile":"/home/runner/work/vibe-fs/vibe-fs/requirements/capability-enforcement/tests/support/process-capability.fixture.mjs","type":"runner:file-drained","elapsedMs":217.362275}
check	Run verification	2026-10-05T13:30:04.7541850Z 
check	Run verification	2026-10-05T13:30:04.7542462Z [test-summary] 1 file(s), 1 passed, 0 failed (0.18s wall, 0.02s test time)
check	Run verification	2026-10-05T13:30:04.7692566Z capability-019-successor: post-exit group verification/reclamation: pid=3344; elapsedMs=8.556; accepted=true
check	Run verification	2026-10-05T13:30:04.7693493Z capability-019-successor: 1 test(s), 0.0s of test time; max 20ms, p90 20ms, median 20ms
check	Run verification	2026-10-05T13:30:04.7694015Z 
check	Run verification	2026-10-05T13:30:04.7694409Z capability-019-successor: 1 passed, 0 failed; 1/1 planned file(s) completed
check	Run verification	2026-10-05T13:30:04.7854642Z runner: file lifecycle {"entryFile":"/home/runner/work/vibe-fs/vibe-fs/requirements/capability-enforcement/tests/019.test.mjs","type":"runner:file-drained","elapsedMs":13868.087160000001}
check	Run verification	2026-10-05T13:30:04.7898081Z runner: file lifecycle {"entryFile":"/home/runner/work/vibe-fs/vibe-fs/requirements/capability-enforcement/tests/023.test.mjs","pid":2832,"parentPid":2823,"type":"runner:file-start","elapsedMs":13872.747609}
check	Run verification	2026-10-05T13:30:05.1220738Z runner: file lifecycle {"entryFile":"/home/runner/work/vibe-fs/vibe-fs/requirements/capability-enforcement/tests/023.test.mjs","type":"runner:file-drained","elapsedMs":14205.750732}
check	Run verification	2026-10-05T13:30:05.1253127Z runner: file lifecycle {"entryFile":"/home/runner/work/vibe-fs/vibe-fs/requirements/capability-enforcement/tests/024.test.mjs","pid":2832,"parentPid":2823,"type":"runner:file-start","elapsedMs":14208.23351}
check	Run verification	2026-10-05T13:30:06.2856644Z runner: file lifecycle {"entryFile":"/home/runner/work/vibe-fs/vibe-fs/requirements/capability-enforcement/tests/024.test.mjs","type":"runner:file-drained","elapsedMs":15368.822699}
check	Run verification	2026-10-05T13:30:06.2881317Z runner: file lifecycle {"entryFile":"/home/runner/work/vibe-fs/vibe-fs/requirements/capability-enforcement/tests/025.test.mjs","pid":2832,"parentPid":2823,"type":"runner:file-start","elapsedMs":15371.719249}
check	Run verification	2026-10-05T13:30:06.7785050Z 
check	Run verification	2026-10-05T13:30:06.7786010Z ✖ failing tests:
check	Run verification	2026-10-05T13:30:06.7786221Z 
check	Run verification	2026-10-05T13:30:06.7786806Z test entry /home/runner/work/vibe-fs/vibe-fs/requirements/capability-enforcement/tests/025.test.mjs
check	Run verification	2026-10-05T13:30:06.7787811Z test at /home/runner/work/vibe-fs/vibe-fs/requirements/capability-enforcement/tests/support/manager-programming.mjs:306:1
check	Run verification	2026-10-05T13:30:06.7789214Z ✖ WHAT[capability-enforcement-025] J11_observation_records_only_successful_distinct_reads (5.529ms)
check	Run verification	2026-10-05T13:30:06.7789847Z   AssertionError [ERR_ASSERTION]: Expected values to be strictly deep-equal:
check	Run verification	2026-10-05T13:30:06.7790230Z   + actual - expected
check	Run verification	2026-10-05T13:30:06.7790432Z   
check	Run verification	2026-10-05T13:30:06.7790605Z     [
check	Run verification	2026-10-05T13:30:06.7790776Z   +   {
check	Run verification	2026-10-05T13:30:06.7791196Z   +     path: '/tmp/wxs-j11-ethRpp/read1.txt',
check	Run verification	2026-10-05T13:30:06.7791495Z   +     resultBytes: 'content1'
check	Run verification	2026-10-05T13:30:06.7791729Z   +   },
check	Run verification	2026-10-05T13:30:06.7791918Z   +   {
check	Run verification	2026-10-05T13:30:06.7792154Z   +     path: '/tmp/wxs-j11-ethRpp/read2.txt',
check	Run verification	2026-10-05T13:30:06.7792440Z   +     resultBytes: 'content2'
check	Run verification	2026-10-05T13:30:06.7792669Z   +   }
check	Run verification	2026-10-05T13:30:06.7792845Z   -   'read1.txt',
check	Run verification	2026-10-05T13:30:06.7793069Z   -   'read2.txt'
check	Run verification	2026-10-05T13:30:06.7793256Z     ]
check	Run verification	2026-10-05T13:30:06.7793419Z   
check	Run verification	2026-10-05T13:30:06.7794078Z       at TestContext.<anonymous> (file:///home/runner/work/vibe-fs/vibe-fs/requirements/capability-enforcement/tests/support/manager-programming.mjs:340:12)
check	Run verification	2026-10-05T13:30:06.7794811Z       at async Test.run (node:internal/test_runner/test:1054:7)
check	Run verification	2026-10-05T13:30:06.7795292Z       at async Test.processPendingSubtests (node:internal/test_runner/test:744:7)
check	Run verification	2026-10-05T13:30:06.7795586Z 
check	Run verification	2026-10-05T13:30:08.3034505Z runner: file lifecycle {"entryFile":"/home/runner/work/vibe-fs/vibe-fs/requirements/capability-enforcement/tests/025.test.mjs","type":"runner:file-drained","elapsedMs":17387.02721}
check	Run verification	2026-10-05T13:30:08.3053858Z runner: file lifecycle {"entryFile":"/home/runner/work/vibe-fs/vibe-fs/requirements/capability-enforcement/tests/026.test.mjs","pid":2832,"parentPid":2823,"type":"runner:file-start","elapsedMs":17389.01909}
check	Run verification	2026-10-05T13:30:09.2411339Z runner: file lifecycle {"entryFile":"/home/runner/work/vibe-fs/vibe-fs/requirements/capability-enforcement/tests/026.test.mjs","type":"runner:file-drained","elapsedMs":18324.753455000002}
check	Run verification	2026-10-05T13:30:09.2430413Z runner: file lifecycle {"entryFile":"/home/runner/work/vibe-fs/vibe-fs/requirements/causal-wait/tests/001.test.mjs","pid":2832,"parentPid":2823,"type":"runner:file-start","elapsedMs":18326.804294}
check	Run verification	2026-10-05T13:30:09.3193497Z runner: file lifecycle {"entryFile":"/home/runner/work/vibe-fs/vibe-fs/requirements/causal-wait/tests/001.test.mjs","type":"runner:file-drained","elapsedMs":18402.016752}
check	Run verification	2026-10-05T13:30:09.3206471Z runner: file lifecycle {"entryFile":"/home/runner/work/vibe-fs/vibe-fs/requirements/causal-wait/tests/002.test.mjs","pid":2832,"parentPid":2823,"type":"runner:file-start","elapsedMs":18404.279791}
check	Run verification	2026-10-05T13:30:09.4042084Z runner: file lifecycle {"entryFile":"/home/runner/work/vibe-fs/vibe-fs/requirements/causal-wait/tests/002.test.mjs","type":"runner:file-drained","elapsedMs":18487.040638}
check	Run verification	2026-10-05T13:30:09.4054508Z runner: file lifecycle {"entryFile":"/home/runner/work/vibe-fs/vibe-fs/requirements/causal-wait/tests/003.test.mjs","pid":2832,"parentPid":2823,"type":"runner:file-start","elapsedMs":18489.235974}
check	Run verification	2026-10-05T13:30:09.7599828Z runner: file lifecycle {"entryFile":"/home/runner/work/vibe-fs/vibe-fs/requirements/causal-wait/tests/003.test.mjs","type":"runner:file-drained","elapsedMs":18843.606538}
check	Run verification	2026-10-05T13:30:09.7620185Z runner: file lifecycle {"entryFile":"/home/runner/work/vibe-fs/vibe-fs/requirements/causal-wait/tests/004.test.mjs","pid":2832,"parentPid":2823,"type":"runner:file-start","elapsedMs":18845.694473}
check	Run verification	2026-10-05T13:30:09.8373034Z runner: file lifecycle {"entryFile":"/home/runner/work/vibe-fs/vibe-fs/requirements/causal-wait/tests/004.test.mjs","type":"runner:file-drained","elapsedMs":18920.736365}
check	Run verification	2026-10-05T13:30:09.8416438Z runner: file lifecycle {"entryFile":"/home/runner/work/vibe-fs/vibe-fs/requirements/causal-wait/tests/005.test.mjs","pid":2832,"parentPid":2823,"type":"runner:file-start","elapsedMs":18923.074346}
check	Run verification	2026-10-05T13:30:09.8813426Z runner: file lifecycle {"entryFile":"/home/runner/work/vibe-fs/vibe-fs/requirements/capability-enforcement/tests/021.test.mjs","type":"runner:file-drained","elapsedMs":18964.942775}
check	Run verification	2026-10-05T13:30:09.8834513Z runner: file lifecycle {"entryFile":"/home/runner/work/vibe-fs/vibe-fs/requirements/causal-wait/tests/006.test.mjs","pid":2832,"parentPid":2823,"type":"runner:file-start","elapsedMs":18967.178563}
check	Run verification	2026-10-05T13:30:10.0159056Z runner: file lifecycle {"entryFile":"/home/runner/work/vibe-fs/vibe-fs/requirements/causal-wait/tests/006.test.mjs","type":"runner:file-drained","elapsedMs":19099.602028}
check	Run verification	2026-10-05T13:30:10.0179004Z runner: file lifecycle {"entryFile":"/home/runner/work/vibe-fs/vibe-fs/requirements/causal-wait/tests/007.test.mjs","pid":2832,"parentPid":2823,"type":"runner:file-start","elapsedMs":19101.622771000002}
check	Run verification	2026-10-05T13:30:10.0319450Z runner: file lifecycle {"entryFile":"/home/runner/work/vibe-fs/vibe-fs/requirements/causal-wait/tests/005.test.mjs","type":"runner:file-drained","elapsedMs":19115.573783}
check	Run verification	2026-10-05T13:30:10.0343752Z runner: file lifecycle {"entryFile":"/home/runner/work/vibe-fs/vibe-fs/requirements/causal-wait/tests/008.test.mjs","pid":2832,"parentPid":2823,"type":"runner:file-start","elapsedMs":19117.467285}
check	Run verification	2026-10-05T13:30:10.1201639Z runner: file lifecycle {"entryFile":"/home/runner/work/vibe-fs/vibe-fs/requirements/causal-wait/tests/007.test.mjs","type":"runner:file-drained","elapsedMs":19202.941449}
check	Run verification	2026-10-05T13:30:10.1223794Z runner: file lifecycle {"entryFile":"/home/runner/work/vibe-fs/vibe-fs/requirements/causal-wait/tests/009.test.mjs","pid":2832,"parentPid":2823,"type":"runner:file-start","elapsedMs":19205.114031}
check	Run verification	2026-10-05T13:30:10.2276044Z runner: file lifecycle {"entryFile":"/home/runner/work/vibe-fs/vibe-fs/requirements/causal-wait/tests/008.test.mjs","type":"runner:file-drained","elapsedMs":19311.10168}
check	Run verification	2026-10-05T13:30:10.2297831Z runner: file lifecycle {"entryFile":"/home/runner/work/vibe-fs/vibe-fs/requirements/change-integration/tests/001.test.mjs","pid":2832,"parentPid":2823,"type":"runner:file-start","elapsedMs":19313.526543}
check	Run verification	2026-10-05T13:30:10.2572231Z runner: file lifecycle {"entryFile":"/home/runner/work/vibe-fs/vibe-fs/requirements/causal-wait/tests/009.test.mjs","type":"runner:file-drained","elapsedMs":19340.280358}
check	Run verification	2026-10-05T13:30:10.2586378Z runner: file lifecycle {"entryFile":"/home/runner/work/vibe-fs/vibe-fs/requirements/change-integration/tests/002.test.mjs","pid":2832,"parentPid":2823,"type":"runner:file-start","elapsedMs":19342.374442}
check	Run verification	2026-10-05T13:30:10.4088091Z runner: file lifecycle {"entryFile":"/home/runner/work/vibe-fs/vibe-fs/requirements/change-integration/tests/001.test.mjs","type":"runner:file-drained","elapsedMs":19492.471545}
check	Run verification	2026-10-05T13:30:10.4116846Z runner: file lifecycle {"entryFile":"/home/runner/work/vibe-fs/vibe-fs/requirements/change-integration/tests/003.test.mjs","pid":2832,"parentPid":2823,"type":"runner:file-start","elapsedMs":19495.21676}
check	Run verification	2026-10-05T13:30:10.5354824Z runner: file lifecycle {"entryFile":"/home/runner/work/vibe-fs/vibe-fs/requirements/change-integration/tests/002.test.mjs","type":"runner:file-drained","elapsedMs":19619.092971000002}
check	Run verification	2026-10-05T13:30:10.5376452Z runner: file lifecycle {"entryFile":"/home/runner/work/vibe-fs/vibe-fs/requirements/change-integration/tests/004.test.mjs","pid":2832,"parentPid":2823,"type":"runner:file-start","elapsedMs":19621.335239}
check	Run verification	2026-10-05T13:30:10.6920748Z runner: file lifecycle {"entryFile":"/home/runner/work/vibe-fs/vibe-fs/requirements/change-integration/tests/003.test.mjs","type":"runner:file-drained","elapsedMs":19775.816986}
check	Run verification	2026-10-05T13:30:10.6953387Z runner: file lifecycle {"entryFile":"/home/runner/work/vibe-fs/vibe-fs/requirements/change-integration/tests/005.test.mjs","pid":2832,"parentPid":2823,"type":"runner:file-start","elapsedMs":19778.280947}
check	Run verification	2026-10-05T13:30:10.9557864Z runner: file lifecycle {"entryFile":"/home/runner/work/vibe-fs/vibe-fs/requirements/change-integration/tests/005.test.mjs","type":"runner:file-drained","elapsedMs":20035.235551}
check	Run verification	2026-10-05T13:30:10.9560150Z runner: file lifecycle {"entryFile":"/home/runner/work/vibe-fs/vibe-fs/requirements/change-integration/tests/006.test.mjs","pid":2832,"parentPid":2823,"type":"runner:file-start","elapsedMs":20039.21169}
check	Run verification	2026-10-05T13:30:11.1116511Z runner: file lifecycle {"entryFile":"/home/runner/work/vibe-fs/vibe-fs/requirements/change-integration/tests/006.test.mjs","type":"runner:file-drained","elapsedMs":20195.353438000002}
check	Run verification	2026-10-05T13:30:11.1134619Z runner: file lifecycle {"entryFile":"/home/runner/work/vibe-fs/vibe-fs/requirements/change-integration/tests/007.test.mjs","pid":2832,"parentPid":2823,"type":"runner:file-start","elapsedMs":20197.215142}
check	Run verification	2026-10-05T13:30:11.1674880Z runner: file lifecycle {"entryFile":"/home/runner/work/vibe-fs/vibe-fs/requirements/change-integration/tests/004.test.mjs","type":"runner:file-drained","elapsedMs":20251.003694}
check	Run verification	2026-10-05T13:30:11.1694539Z runner: file lifecycle {"entryFile":"/home/runner/work/vibe-fs/vibe-fs/requirements/change-integration/tests/008.test.mjs","pid":2832,"parentPid":2823,"type":"runner:file-start","elapsedMs":20253.075343}
check	Run verification	2026-10-05T13:30:11.2937182Z runner: file lifecycle {"entryFile":"/home/runner/work/vibe-fs/vibe-fs/requirements/change-integration/tests/007.test.mjs","type":"runner:file-drained","elapsedMs":20377.351148}
check	Run verification	2026-10-05T13:30:11.2954908Z runner: file lifecycle {"entryFile":"/home/runner/work/vibe-fs/vibe-fs/requirements/change-integration/tests/009.test.mjs","pid":2832,"parentPid":2823,"type":"runner:file-start","elapsedMs":20379.25868}
check	Run verification	2026-10-05T13:30:11.4550152Z runner: file lifecycle {"entryFile":"/home/runner/work/vibe-fs/vibe-fs/requirements/change-integration/tests/008.test.mjs","type":"runner:file-drained","elapsedMs":20538.523231}
check	Run verification	2026-10-05T13:30:11.4569488Z runner: file lifecycle {"entryFile":"/home/runner/work/vibe-fs/vibe-fs/requirements/change-integration/tests/011.test.mjs","pid":2832,"parentPid":2823,"type":"runner:file-start","elapsedMs":20540.702153000002}
check	Run verification	2026-10-05T13:30:11.4605083Z runner: file lifecycle {"entryFile":"/home/runner/work/vibe-fs/vibe-fs/requirements/change-integration/tests/009.test.mjs","type":"runner:file-drained","elapsedMs":20543.370251}
check	Run verification	2026-10-05T13:30:11.4618167Z runner: file lifecycle {"entryFile":"/home/runner/work/vibe-fs/vibe-fs/requirements/change-integration/tests/013.test.mjs","pid":2832,"parentPid":2823,"type":"runner:file-start","elapsedMs":20545.581312000002}
check	Run verification	2026-10-05T13:30:11.4944271Z runner: file lifecycle {"entryFile":"/home/runner/work/vibe-fs/vibe-fs/requirements/change-integration/tests/011.test.mjs","type":"runner:file-drained","elapsedMs":20577.957914}
check	Run verification	2026-10-05T13:30:11.4952244Z runner: file lifecycle {"entryFile":"/home/runner/work/vibe-fs/vibe-fs/requirements/change-integration/tests/014.test.mjs","pid":2832,"parentPid":2823,"type":"runner:file-start","elapsedMs":20578.976489}
check	Run verification	2026-10-05T13:30:11.6296390Z runner: file lifecycle {"entryFile":"/home/runner/work/vibe-fs/vibe-fs/requirements/change-integration/tests/013.test.mjs","type":"runner:file-drained","elapsedMs":20713.255749}
check	Run verification	2026-10-05T13:30:11.6312691Z runner: file lifecycle {"entryFile":"/home/runner/work/vibe-fs/vibe-fs/requirements/change-integration/tests/015.test.mjs","pid":2832,"parentPid":2823,"type":"runner:file-start","elapsedMs":20713.769543000002}
check	Run verification	2026-10-05T13:30:11.6616832Z runner: file lifecycle {"entryFile":"/home/runner/work/vibe-fs/vibe-fs/requirements/change-integration/tests/014.test.mjs","type":"runner:file-drained","elapsedMs":20745.271149}
check	Run verification	2026-10-05T13:30:11.6644931Z runner: file lifecycle {"entryFile":"/home/runner/work/vibe-fs/vibe-fs/requirements/change-integration/tests/017.test.mjs","pid":2832,"parentPid":2823,"type":"runner:file-start","elapsedMs":20748.251657}
check	Run verification	2026-10-05T13:30:11.7000633Z runner: file lifecycle {"entryFile":"/home/runner/work/vibe-fs/vibe-fs/requirements/change-integration/tests/017.test.mjs","type":"runner:file-drained","elapsedMs":20782.121478}
check	Run verification	2026-10-05T13:30:11.7005199Z runner: file lifecycle {"entryFile":"/home/runner/work/vibe-fs/vibe-fs/requirements/cognitive-environment/tests/001.test.mjs","pid":2832,"parentPid":2823,"type":"runner:file-start","elapsedMs":20784.270965}
check	Run verification	2026-10-05T13:30:11.7481187Z runner: file lifecycle {"entryFile":"/home/runner/work/vibe-fs/vibe-fs/requirements/cognitive-environment/tests/001.test.mjs","type":"runner:file-drained","elapsedMs":20831.653043000002}
check	Run verification	2026-10-05T13:30:11.7498325Z runner: file lifecycle {"entryFile":"/home/runner/work/vibe-fs/vibe-fs/requirements/cognitive-environment/tests/002.test.mjs","pid":2832,"parentPid":2823,"type":"runner:file-start","elapsedMs":20833.545192}
check	Run verification	2026-10-05T13:30:11.7882039Z runner: file lifecycle {"entryFile":"/home/runner/work/vibe-fs/vibe-fs/requirements/cognitive-environment/tests/002.test.mjs","type":"runner:file-drained","elapsedMs":20871.84264}
check	Run verification	2026-10-05T13:30:11.7914367Z runner: file lifecycle {"entryFile":"/home/runner/work/vibe-fs/vibe-fs/requirements/cognitive-environment/tests/003.test.mjs","pid":2832,"parentPid":2823,"type":"runner:file-start","elapsedMs":20874.318499}
check	Run verification	2026-10-05T13:30:11.7916095Z runner: file lifecycle {"entryFile":"/home/runner/work/vibe-fs/vibe-fs/requirements/change-integration/tests/015.test.mjs","type":"runner:file-drained","elapsedMs":20875.007085}
check	Run verification	2026-10-05T13:30:11.7932069Z runner: file lifecycle {"entryFile":"/home/runner/work/vibe-fs/vibe-fs/requirements/cognitive-environment/tests/004.test.mjs","pid":2832,"parentPid":2823,"type":"runner:file-start","elapsedMs":20876.852695}
check	Run verification	2026-10-05T13:30:11.8287069Z runner: file lifecycle {"entryFile":"/home/runner/work/vibe-fs/vibe-fs/requirements/cognitive-environment/tests/004.test.mjs","type":"runner:file-drained","elapsedMs":20912.364468}
check	Run verification	2026-10-05T13:30:11.8310647Z runner: file lifecycle {"entryFile":"/home/runner/work/vibe-fs/vibe-fs/requirements/cognitive-environment/tests/005.test.mjs","pid":2832,"parentPid":2823,"type":"runner:file-start","elapsedMs":20914.75637}
check	Run verification	2026-10-05T13:30:11.8803983Z runner: file lifecycle {"entryFile":"/home/runner/work/vibe-fs/vibe-fs/requirements/cognitive-environment/tests/003.test.mjs","type":"runner:file-drained","elapsedMs":20963.37596}
check	Run verification	2026-10-05T13:30:11.8823115Z runner: file lifecycle {"entryFile":"/home/runner/work/vibe-fs/vibe-fs/requirements/cognitive-environment/tests/006.test.mjs","pid":2832,"parentPid":2823,"type":"runner:file-start","elapsedMs":20965.937869}
check	Run verification	2026-10-05T13:30:11.9190266Z runner: file lifecycle {"entryFile":"/home/runner/work/vibe-fs/vibe-fs/requirements/cognitive-environment/tests/005.test.mjs","type":"runner:file-drained","elapsedMs":21002.693876}
check	Run verification	2026-10-05T13:30:11.9208983Z runner: file lifecycle {"entryFile":"/home/runner/work/vibe-fs/vibe-fs/requirements/cognitive-environment/tests/007.test.mjs","pid":2832,"parentPid":2823,"type":"runner:file-start","elapsedMs":21004.695771}
check	Run verification	2026-10-05T13:30:11.9215201Z runner: file lifecycle {"entryFile":"/home/runner/work/vibe-fs/vibe-fs/requirements/cognitive-environment/tests/006.test.mjs","type":"runner:file-drained","elapsedMs":21005.405929}
check	Run verification	2026-10-05T13:30:11.9234502Z runner: file lifecycle {"entryFile":"/home/runner/work/vibe-fs/vibe-fs/requirements/cognitive-environment/tests/008.test.mjs","pid":2832,"parentPid":2823,"type":"runner:file-start","elapsedMs":21007.216295000002}
check	Run verification	2026-10-05T13:30:11.9586275Z runner: file lifecycle {"entryFile":"/home/runner/work/vibe-fs/vibe-fs/requirements/cognitive-environment/tests/007.test.mjs","type":"runner:file-drained","elapsedMs":21042.317602}
check	Run verification	2026-10-05T13:30:11.9604597Z runner: file lifecycle {"entryFile":"/home/runner/work/vibe-fs/vibe-fs/requirements/cognitive-environment/tests/009.test.mjs","pid":2832,"parentPid":2823,"type":"runner:file-start","elapsedMs":21044.246496}
check	Run verification	2026-10-05T13:30:11.9623166Z runner: file lifecycle {"entryFile":"/home/runner/work/vibe-fs/vibe-fs/requirements/cognitive-environment/tests/008.test.mjs","type":"runner:file-drained","elapsedMs":21044.786769000002}
check	Run verification	2026-10-05T13:30:11.9633955Z runner: file lifecycle {"entryFile":"/home/runner/work/vibe-fs/vibe-fs/requirements/cognitive-environment/tests/010.test.mjs","pid":2832,"parentPid":2823,"type":"runner:file-start","elapsedMs":21047.194514}
check	Run verification	2026-10-05T13:30:11.9970076Z runner: file lifecycle {"entryFile":"/home/runner/work/vibe-fs/vibe-fs/requirements/cognitive-environment/tests/009.test.mjs","type":"runner:file-drained","elapsedMs":21080.714319}
check	Run verification	2026-10-05T13:30:11.9990421Z runner: file lifecycle {"entryFile":"/home/runner/work/vibe-fs/vibe-fs/requirements/cognitive-environment/tests/011.test.mjs","pid":2832,"parentPid":2823,"type":"runner:file-start","elapsedMs":21082.770304}
check	Run verification	2026-10-05T13:30:11.9995234Z runner: file lifecycle {"entryFile":"/home/runner/work/vibe-fs/vibe-fs/requirements/cognitive-environment/tests/010.test.mjs","type":"runner:file-drained","elapsedMs":21083.385832}
check	Run verification	2026-10-05T13:30:12.0013240Z runner: file lifecycle {"entryFile":"/home/runner/work/vibe-fs/vibe-fs/requirements/cognitive-environment/tests/012.test.mjs","pid":2832,"parentPid":2823,"type":"runner:file-start","elapsedMs":21085.034424}
check	Run verification	2026-10-05T13:30:12.0346867Z runner: file lifecycle {"entryFile":"/home/runner/work/vibe-fs/vibe-fs/requirements/cognitive-environment/tests/011.test.mjs","type":"runner:file-drained","elapsedMs":21118.306956}
check	Run verification	2026-10-05T13:30:12.0377321Z runner: file lifecycle {"entryFile":"/home/runner/work/vibe-fs/vibe-fs/requirements/cognitive-environment/tests/013.test.mjs","pid":2832,"parentPid":2823,"type":"runner:file-start","elapsedMs":21121.190117000002}
check	Run verification	2026-10-05T13:30:12.0711312Z runner: file lifecycle {"entryFile":"/home/runner/work/vibe-fs/vibe-fs/requirements/cognitive-environment/tests/012.test.mjs","type":"runner:file-drained","elapsedMs":21154.767889}
check	Run verification	2026-10-05T13:30:12.0731810Z runner: file lifecycle {"entryFile":"/home/runner/work/vibe-fs/vibe-fs/requirements/cognitive-environment/tests/015.test.mjs","pid":2832,"parentPid":2823,"type":"runner:file-start","elapsedMs":21156.851687000002}
check	Run verification	2026-10-05T13:30:12.0753442Z runner: file lifecycle {"entryFile":"/home/runner/work/vibe-fs/vibe-fs/requirements/cognitive-environment/tests/013.test.mjs","type":"runner:file-drained","elapsedMs":21159.128615}
check	Run verification	2026-10-05T13:30:12.0772566Z runner: file lifecycle {"entryFile":"/home/runner/work/vibe-fs/vibe-fs/requirements/cognitive-environment/tests/016.test.mjs","pid":2832,"parentPid":2823,"type":"runner:file-start","elapsedMs":21160.955246}
check	Run verification	2026-10-05T13:30:12.1131041Z runner: file lifecycle {"entryFile":"/home/runner/work/vibe-fs/vibe-fs/requirements/cognitive-environment/tests/016.test.mjs","type":"runner:file-drained","elapsedMs":21196.714151}
check	Run verification	2026-10-05T13:30:12.1149599Z runner: file lifecycle {"entryFile":"/home/runner/work/vibe-fs/vibe-fs/requirements/cognitive-workspace/tests/001.test.mjs","pid":2832,"parentPid":2823,"type":"runner:file-start","elapsedMs":21198.683998}
check	Run verification	2026-10-05T13:30:12.1514422Z runner: file lifecycle {"entryFile":"/home/runner/work/vibe-fs/vibe-fs/requirements/cognitive-workspace/tests/001.test.mjs","type":"runner:file-drained","elapsedMs":21234.786491}
check	Run verification	2026-10-05T13:30:12.1523704Z runner: file lifecycle {"entryFile":"/home/runner/work/vibe-fs/vibe-fs/requirements/cognitive-workspace/tests/002.test.mjs","pid":2832,"parentPid":2823,"type":"runner:file-start","elapsedMs":21235.158431}
check	Run verification	2026-10-05T13:30:12.1944193Z runner: file lifecycle {"entryFile":"/home/runner/work/vibe-fs/vibe-fs/requirements/cognitive-workspace/tests/002.test.mjs","type":"runner:file-drained","elapsedMs":21278.009125}
check	Run verification	2026-10-05T13:30:12.1973028Z runner: file lifecycle {"entryFile":"/home/runner/work/vibe-fs/vibe-fs/requirements/cognitive-workspace/tests/003.test.mjs","pid":2832,"parentPid":2823,"type":"runner:file-start","elapsedMs":21280.008055000002}
check	Run verification	2026-10-05T13:30:12.2343710Z runner: file lifecycle {"entryFile":"/home/runner/work/vibe-fs/vibe-fs/requirements/cognitive-workspace/tests/003.test.mjs","type":"runner:file-drained","elapsedMs":21317.212838}
check	Run verification	2026-10-05T13:30:12.2365030Z runner: file lifecycle {"entryFile":"/home/runner/work/vibe-fs/vibe-fs/requirements/cognitive-workspace/tests/004.test.mjs","pid":2832,"parentPid":2823,"type":"runner:file-start","elapsedMs":21319.182164}
check	Run verification	2026-10-05T13:30:12.2731329Z runner: file lifecycle {"entryFile":"/home/runner/work/vibe-fs/vibe-fs/requirements/cognitive-workspace/tests/004.test.mjs","type":"runner:file-drained","elapsedMs":21356.722883000002}
check	Run verification	2026-10-05T13:30:12.2753033Z runner: file lifecycle {"entryFile":"/home/runner/work/vibe-fs/vibe-fs/requirements/cognitive-workspace/tests/005.test.mjs","pid":2832,"parentPid":2823,"type":"runner:file-start","elapsedMs":21358.97903}
check	Run verification	2026-10-05T13:30:12.3142252Z runner: file lifecycle {"entryFile":"/home/runner/work/vibe-fs/vibe-fs/requirements/cognitive-workspace/tests/005.test.mjs","type":"runner:file-drained","elapsedMs":21397.866547}
check	Run verification	2026-10-05T13:30:12.3183136Z runner: file lifecycle {"entryFile":"/home/runner/work/vibe-fs/vibe-fs/requirements/cognitive-workspace/tests/006.test.mjs","pid":2832,"parentPid":2823,"type":"runner:file-start","elapsedMs":21400.055393}
check	Run verification	2026-10-05T13:30:12.3622828Z runner: file lifecycle {"entryFile":"/home/runner/work/vibe-fs/vibe-fs/requirements/cognitive-workspace/tests/006.test.mjs","type":"runner:file-drained","elapsedMs":21444.397863000002}
check	Run verification	2026-10-05T13:30:12.3652678Z runner: file lifecycle {"entryFile":"/home/runner/work/vibe-fs/vibe-fs/requirements/cognitive-workspace/tests/007.test.mjs","pid":2832,"parentPid":2823,"type":"runner:file-start","elapsedMs":21444.902503}
check	Run verification	2026-10-05T13:30:12.4041407Z runner: file lifecycle {"entryFile":"/home/runner/work/vibe-fs/vibe-fs/requirements/cognitive-workspace/tests/007.test.mjs","type":"runner:file-drained","elapsedMs":21487.821601}
check	Run verification	2026-10-05T13:30:12.4063161Z runner: file lifecycle {"entryFile":"/home/runner/work/vibe-fs/vibe-fs/requirements/cognitive-workspace/tests/008.test.mjs","pid":2832,"parentPid":2823,"type":"runner:file-start","elapsedMs":21489.685067000002}
check	Run verification	2026-10-05T13:30:12.4502306Z runner: file lifecycle {"entryFile":"/home/runner/work/vibe-fs/vibe-fs/requirements/cognitive-workspace/tests/008.test.mjs","type":"runner:file-drained","elapsedMs":21533.74997}
check	Run verification	2026-10-05T13:30:12.4524143Z runner: file lifecycle {"entryFile":"/home/runner/work/vibe-fs/vibe-fs/requirements/cognitive-workspace/tests/009.test.mjs","pid":2832,"parentPid":2823,"type":"runner:file-start","elapsedMs":21535.751194}
check	Run verification	2026-10-05T13:30:12.4960035Z runner: file lifecycle {"entryFile":"/home/runner/work/vibe-fs/vibe-fs/requirements/cognitive-workspace/tests/009.test.mjs","type":"runner:file-drained","elapsedMs":21578.893477}
check	Run verification	2026-10-05T13:30:12.4971819Z runner: file lifecycle {"entryFile":"/home/runner/work/vibe-fs/vibe-fs/requirements/cognitive-workspace/tests/010.test.mjs","pid":2832,"parentPid":2823,"type":"runner:file-start","elapsedMs":21580.934571}
check	Run verification	2026-10-05T13:30:12.5342435Z runner: file lifecycle {"entryFile":"/home/runner/work/vibe-fs/vibe-fs/requirements/cognitive-workspace/tests/010.test.mjs","type":"runner:file-drained","elapsedMs":21617.866783}
check	Run verification	2026-10-05T13:30:12.5362538Z runner: file lifecycle {"entryFile":"/home/runner/work/vibe-fs/vibe-fs/requirements/concern-routing/tests/001.test.mjs","pid":2832,"parentPid":2823,"type":"runner:file-start","elapsedMs":21619.772273}
check	Run verification	2026-10-05T13:30:12.6006892Z runner: file lifecycle {"entryFile":"/home/runner/work/vibe-fs/vibe-fs/requirements/concern-routing/tests/001.test.mjs","type":"runner:file-drained","elapsedMs":21684.349412}
check	Run verification	2026-10-05T13:30:12.6027826Z runner: file lifecycle {"entryFile":"/home/runner/work/vibe-fs/vibe-fs/requirements/concern-routing/tests/002.test.mjs","pid":2832,"parentPid":2823,"type":"runner:file-start","elapsedMs":21686.516246}
check	Run verification	2026-10-05T13:30:15.7456256Z runner: file lifecycle {"entryFile":"/home/runner/work/vibe-fs/vibe-fs/requirements/concern-routing/tests/002.test.mjs","type":"runner:file-drained","elapsedMs":24829.304454}
check	Run verification	2026-10-05T13:30:15.7474832Z runner: file lifecycle {"entryFile":"/home/runner/work/vibe-fs/vibe-fs/requirements/concern-routing/tests/003.test.mjs","pid":2832,"parentPid":2823,"type":"runner:file-start","elapsedMs":24831.237975}
check	Run verification	2026-10-05T13:30:15.8388478Z runner: file lifecycle {"entryFile":"/home/runner/work/vibe-fs/vibe-fs/requirements/cognitive-environment/tests/015.test.mjs","type":"runner:file-drained","elapsedMs":24922.51462}
check	Run verification	2026-10-05T13:30:15.8406845Z runner: file lifecycle {"entryFile":"/home/runner/work/vibe-fs/vibe-fs/requirements/concern-routing/tests/004.test.mjs","pid":2832,"parentPid":2823,"type":"runner:file-start","elapsedMs":24924.414672}
check	Run verification	2026-10-05T13:30:16.8978888Z runner: file lifecycle {"entryFile":"/home/runner/work/vibe-fs/vibe-fs/requirements/concern-routing/tests/003.test.mjs","type":"runner:file-drained","elapsedMs":25980.740406}
check	Run verification	2026-10-05T13:30:16.8998986Z runner: file lifecycle {"entryFile":"/home/runner/work/vibe-fs/vibe-fs/requirements/concern-routing/tests/005.test.mjs","pid":2832,"parentPid":2823,"type":"runner:file-start","elapsedMs":25983.60574}
check	Run verification	2026-10-05T13:30:17.2300051Z runner: file lifecycle {"entryFile":"/home/runner/work/vibe-fs/vibe-fs/requirements/concern-routing/tests/004.test.mjs","type":"runner:file-drained","elapsedMs":26313.556761}
check	Run verification	2026-10-05T13:30:17.2329050Z runner: file lifecycle {"entryFile":"/home/runner/work/vibe-fs/vibe-fs/requirements/concern-routing/tests/006.test.mjs","pid":2832,"parentPid":2823,"type":"runner:file-start","elapsedMs":26316.557349}
check	Run verification	2026-10-05T13:30:18.0928553Z runner: file lifecycle {"entryFile":"/home/runner/work/vibe-fs/vibe-fs/requirements/concern-routing/tests/005.test.mjs","type":"runner:file-drained","elapsedMs":27176.397506}
check	Run verification	2026-10-05T13:30:18.0944961Z runner: file lifecycle {"entryFile":"/home/runner/work/vibe-fs/vibe-fs/requirements/concern-routing/tests/007.test.mjs","pid":2832,"parentPid":2823,"type":"runner:file-start","elapsedMs":27178.262214000002}
check	Run verification	2026-10-05T13:30:18.1321571Z runner: file lifecycle {"entryFile":"/home/runner/work/vibe-fs/vibe-fs/requirements/concern-routing/tests/007.test.mjs","type":"runner:file-drained","elapsedMs":27215.77478}
check	Run verification	2026-10-05T13:30:18.1341119Z runner: file lifecycle {"entryFile":"/home/runner/work/vibe-fs/vibe-fs/requirements/context-compression/tests/001.test.mjs","pid":2832,"parentPid":2823,"type":"runner:file-start","elapsedMs":27217.754571}
check	Run verification	2026-10-05T13:30:18.1834354Z runner: file lifecycle {"entryFile":"/home/runner/work/vibe-fs/vibe-fs/requirements/context-compression/tests/001.test.mjs","type":"runner:file-drained","elapsedMs":27266.375365}
check	Run verification	2026-10-05T13:30:18.1851635Z runner: file lifecycle {"entryFile":"/home/runner/work/vibe-fs/vibe-fs/requirements/context-compression/tests/002.test.mjs","pid":2832,"parentPid":2823,"type":"runner:file-start","elapsedMs":27268.79664}
check	Run verification	2026-10-05T13:30:18.4702808Z runner: file lifecycle {"entryFile":"/home/runner/work/vibe-fs/vibe-fs/requirements/context-compression/tests/002.test.mjs","type":"runner:file-drained","elapsedMs":27553.870004}
check	Run verification	2026-10-05T13:30:18.4719932Z runner: file lifecycle {"entryFile":"/home/runner/work/vibe-fs/vibe-fs/requirements/context-compression/tests/003.test.mjs","pid":2832,"parentPid":2823,"type":"runner:file-start","elapsedMs":27555.704246}
check	Run verification	2026-10-05T13:30:18.8933094Z runner: file lifecycle {"entryFile":"/home/runner/work/vibe-fs/vibe-fs/requirements/context-compression/tests/003.test.mjs","type":"runner:file-drained","elapsedMs":27976.39367}
check	Run verification	2026-10-05T13:30:18.8947332Z runner: file lifecycle {"entryFile":"/home/runner/work/vibe-fs/vibe-fs/requirements/context-compression/tests/004.test.mjs","pid":2832,"parentPid":2823,"type":"runner:file-start","elapsedMs":27978.535715}
check	Run verification	2026-10-05T13:30:18.9779394Z runner: file lifecycle {"entryFile":"/home/runner/work/vibe-fs/vibe-fs/requirements/concern-routing/tests/006.test.mjs","type":"runner:file-drained","elapsedMs":28061.644491}
check	Run verification	2026-10-05T13:30:18.9803152Z runner: file lifecycle {"entryFile":"/home/runner/work/vibe-fs/vibe-fs/requirements/context-compression/tests/005.test.mjs","pid":2832,"parentPid":2823,"type":"runner:file-start","elapsedMs":28063.677212}
check	Run verification	2026-10-05T13:30:18.9807649Z runner: file lifecycle {"entryFile":"/home/runner/work/vibe-fs/vibe-fs/requirements/context-compression/tests/004.test.mjs","type":"runner:file-drained","elapsedMs":28064.568823}
check	Run verification	2026-10-05T13:30:18.9825141Z runner: file lifecycle {"entryFile":"/home/runner/work/vibe-fs/vibe-fs/requirements/context-compression/tests/006.test.mjs","pid":2832,"parentPid":2823,"type":"runner:file-start","elapsedMs":28066.309685}
check	Run verification	2026-10-05T13:30:19.2073450Z runner: file lifecycle {"entryFile":"/home/runner/work/vibe-fs/vibe-fs/requirements/context-compression/tests/005.test.mjs","type":"runner:file-drained","elapsedMs":28290.461053}
check	Run verification	2026-10-05T13:30:19.2088281Z runner: file lifecycle {"entryFile":"/home/runner/work/vibe-fs/vibe-fs/requirements/context-compression/tests/007.test.mjs","pid":2832,"parentPid":2823,"type":"runner:file-start","elapsedMs":28292.584049}
check	Run verification	2026-10-05T13:30:19.2185196Z runner: file lifecycle {"entryFile":"/home/runner/work/vibe-fs/vibe-fs/requirements/context-compression/tests/006.test.mjs","type":"runner:file-drained","elapsedMs":28301.412233}
check	Run verification	2026-10-05T13:30:19.2196105Z runner: file lifecycle {"entryFile":"/home/runner/work/vibe-fs/vibe-fs/requirements/context-compression/tests/008.test.mjs","pid":2832,"parentPid":2823,"type":"runner:file-start","elapsedMs":28303.380677}
check	Run verification	2026-10-05T13:30:19.4615753Z runner: file lifecycle {"entryFile":"/home/runner/work/vibe-fs/vibe-fs/requirements/context-compression/tests/007.test.mjs","type":"runner:file-drained","elapsedMs":28544.963211000002}
check	Run verification	2026-10-05T13:30:19.4632543Z runner: file lifecycle {"entryFile":"/home/runner/work/vibe-fs/vibe-fs/requirements/context-compression/tests/009.test.mjs","pid":2832,"parentPid":2823,"type":"runner:file-start","elapsedMs":28546.892827}
check	Run verification	2026-10-05T13:30:19.4891900Z runner: file lifecycle {"entryFile":"/home/runner/work/vibe-fs/vibe-fs/requirements/context-compression/tests/008.test.mjs","type":"runner:file-drained","elapsedMs":28572.042618}
check	Run verification	2026-10-05T13:30:19.4913355Z runner: file lifecycle {"entryFile":"/home/runner/work/vibe-fs/vibe-fs/requirements/context-compression/tests/010.test.mjs","pid":2832,"parentPid":2823,"type":"runner:file-start","elapsedMs":28574.124753}
check	Run verification	2026-10-05T13:30:19.6037981Z runner: file lifecycle {"entryFile":"/home/runner/work/vibe-fs/vibe-fs/requirements/context-compression/tests/010.test.mjs","type":"runner:file-drained","elapsedMs":28687.42492}
check	Run verification	2026-10-05T13:30:19.6057375Z runner: file lifecycle {"entryFile":"/home/runner/work/vibe-fs/vibe-fs/requirements/context-compression/tests/011.test.mjs","pid":2832,"parentPid":2823,"type":"runner:file-start","elapsedMs":28689.404}
check	Run verification	2026-10-05T13:30:19.7053019Z runner: file lifecycle {"entryFile":"/home/runner/work/vibe-fs/vibe-fs/requirements/context-compression/tests/009.test.mjs","type":"runner:file-drained","elapsedMs":28786.968971000002}
check	Run verification	2026-10-05T13:30:19.7083724Z runner: file lifecycle {"entryFile":"/home/runner/work/vibe-fs/vibe-fs/requirements/context-compression/tests/012.test.mjs","pid":2832,"parentPid":2823,"type":"runner:file-start","elapsedMs":28792.061011}
check	Run verification	2026-10-05T13:30:19.7909620Z runner: file lifecycle {"entryFile":"/home/runner/work/vibe-fs/vibe-fs/requirements/context-compression/tests/011.test.mjs","type":"runner:file-drained","elapsedMs":28874.614117}
check	Run verification	2026-10-05T13:30:19.7962092Z runner: file lifecycle {"entryFile":"/home/runner/work/vibe-fs/vibe-fs/requirements/context-compression/tests/013.test.mjs","pid":2832,"parentPid":2823,"type":"runner:file-start","elapsedMs":28876.5883}
check	Run verification	2026-10-05T13:30:19.8850010Z runner: file lifecycle {"entryFile":"/home/runner/work/vibe-fs/vibe-fs/requirements/context-compression/tests/013.test.mjs","type":"runner:file-drained","elapsedMs":28968.725843}
check	Run verification	2026-10-05T13:30:19.8874514Z runner: file lifecycle {"entryFile":"/home/runner/work/vibe-fs/vibe-fs/requirements/context-compression/tests/014.test.mjs","pid":2832,"parentPid":2823,"type":"runner:file-start","elapsedMs":28971.243654}
check	Run verification	2026-10-05T13:30:19.8918653Z runner: file lifecycle {"entryFile":"/home/runner/work/vibe-fs/vibe-fs/requirements/context-compression/tests/012.test.mjs","type":"runner:file-drained","elapsedMs":28975.664333}
check	Run verification	2026-10-05T13:30:19.8942892Z runner: file lifecycle {"entryFile":"/home/runner/work/vibe-fs/vibe-fs/requirements/context-compression/tests/015.test.mjs","pid":2832,"parentPid":2823,"type":"runner:file-start","elapsedMs":28977.427729}
check	Run verification	2026-10-05T13:30:19.9582275Z runner: file lifecycle {"entryFile":"/home/runner/work/vibe-fs/vibe-fs/requirements/context-compression/tests/015.test.mjs","type":"runner:file-drained","elapsedMs":29041.944558}
check	Run verification	2026-10-05T13:30:19.9632862Z runner: file lifecycle {"entryFile":"/home/runner/work/vibe-fs/vibe-fs/requirements/context-compression/tests/016.test.mjs","pid":2832,"parentPid":2823,"type":"runner:file-start","elapsedMs":29044.166996}
check	Run verification	2026-10-05T13:30:20.0029233Z runner: file lifecycle {"entryFile":"/home/runner/work/vibe-fs/vibe-fs/requirements/context-compression/tests/014.test.mjs","type":"runner:file-drained","elapsedMs":29086.251205}
check	Run verification	2026-10-05T13:30:20.0040031Z runner: file lifecycle {"entryFile":"/home/runner/work/vibe-fs/vibe-fs/requirements/context-compression/tests/017.test.mjs","pid":2832,"parentPid":2823,"type":"runner:file-start","elapsedMs":29087.821711}
check	Run verification	2026-10-05T13:30:20.1637499Z runner: file lifecycle {"entryFile":"/home/runner/work/vibe-fs/vibe-fs/requirements/context-compression/tests/017.test.mjs","type":"runner:file-drained","elapsedMs":29247.454057}
check	Run verification	2026-10-05T13:30:20.1659666Z runner: file lifecycle {"entryFile":"/home/runner/work/vibe-fs/vibe-fs/requirements/context-compression/tests/018.test.mjs","pid":2832,"parentPid":2823,"type":"runner:file-start","elapsedMs":29249.708312}
check	Run verification	2026-10-05T13:30:20.1731182Z runner: file lifecycle {"entryFile":"/home/runner/work/vibe-fs/vibe-fs/requirements/context-compression/tests/016.test.mjs","type":"runner:file-drained","elapsedMs":29256.872043}
check	Run verification	2026-10-05T13:30:20.1754042Z runner: file lifecycle {"entryFile":"/home/runner/work/vibe-fs/vibe-fs/requirements/context-compression/tests/019.test.mjs","pid":2832,"parentPid":2823,"type":"runner:file-start","elapsedMs":29258.653726}
check	Run verification	2026-10-05T13:30:20.6569953Z runner: file lifecycle {"entryFile":"/home/runner/work/vibe-fs/vibe-fs/requirements/context-compression/tests/019.test.mjs","type":"runner:file-drained","elapsedMs":29740.678999}
check	Run verification	2026-10-05T13:30:20.6591585Z runner: file lifecycle {"entryFile":"/home/runner/work/vibe-fs/vibe-fs/requirements/context-compression/tests/020.test.mjs","pid":2832,"parentPid":2823,"type":"runner:file-start","elapsedMs":29742.689367}
check	Run verification	2026-10-05T13:30:20.8090551Z runner: file lifecycle {"entryFile":"/home/runner/work/vibe-fs/vibe-fs/requirements/context-compression/tests/020.test.mjs","type":"runner:file-drained","elapsedMs":29892.68665}
check	Run verification	2026-10-05T13:30:20.8107621Z runner: file lifecycle {"entryFile":"/home/runner/work/vibe-fs/vibe-fs/requirements/context-compression/tests/021.test.mjs","pid":2832,"parentPid":2823,"type":"runner:file-start","elapsedMs":29894.51861}
check	Run verification	2026-10-05T13:30:21.0312795Z runner: file lifecycle {"entryFile":"/home/runner/work/vibe-fs/vibe-fs/requirements/context-compression/tests/021.test.mjs","type":"runner:file-drained","elapsedMs":30113.342173}
check	Run verification	2026-10-05T13:30:21.0333130Z runner: file lifecycle {"entryFile":"/home/runner/work/vibe-fs/vibe-fs/requirements/context-compression/tests/022.test.mjs","pid":2832,"parentPid":2823,"type":"runner:file-start","elapsedMs":30115.426813000002}
check	Run verification	2026-10-05T13:30:21.2582857Z runner: file lifecycle {"entryFile":"/home/runner/work/vibe-fs/vibe-fs/requirements/context-compression/tests/022.test.mjs","type":"runner:file-drained","elapsedMs":30339.528216}
check	Run verification	2026-10-05T13:30:21.2604991Z runner: file lifecycle {"entryFile":"/home/runner/work/vibe-fs/vibe-fs/requirements/context-compression/tests/023.test.mjs","pid":2832,"parentPid":2823,"type":"runner:file-start","elapsedMs":30344.227815000002}
check	Run verification	2026-10-05T13:30:21.3672751Z runner: file lifecycle {"entryFile":"/home/runner/work/vibe-fs/vibe-fs/requirements/context-compression/tests/023.test.mjs","type":"runner:file-drained","elapsedMs":30449.54534}
check	Run verification	2026-10-05T13:30:21.3682512Z runner: file lifecycle {"entryFile":"/home/runner/work/vibe-fs/vibe-fs/requirements/context-compression/tests/024.test.mjs","pid":2832,"parentPid":2823,"type":"runner:file-start","elapsedMs":30451.70348}
check	Run verification	2026-10-05T13:30:21.6598590Z runner: file lifecycle {"entryFile":"/home/runner/work/vibe-fs/vibe-fs/requirements/context-compression/tests/018.test.mjs","type":"runner:file-drained","elapsedMs":30743.49347}
check	Run verification	2026-10-05T13:30:21.6664767Z runner: file lifecycle {"entryFile":"/home/runner/work/vibe-fs/vibe-fs/requirements/context-compression/tests/025.test.mjs","pid":2832,"parentPid":2823,"type":"runner:file-start","elapsedMs":30747.742389}
check	Run verification	2026-10-05T13:30:21.8913918Z runner: file lifecycle {"entryFile":"/home/runner/work/vibe-fs/vibe-fs/requirements/context-compression/tests/025.test.mjs","type":"runner:file-drained","elapsedMs":30975.117403}
check	Run verification	2026-10-05T13:30:21.8937366Z runner: file lifecycle {"entryFile":"/home/runner/work/vibe-fs/vibe-fs/requirements/context-compression/tests/026.test.mjs","pid":2832,"parentPid":2823,"type":"runner:file-start","elapsedMs":30977.453142000002}
check	Run verification	2026-10-05T13:30:22.3416131Z runner: file lifecycle {"entryFile":"/home/runner/work/vibe-fs/vibe-fs/requirements/context-compression/tests/026.test.mjs","type":"runner:file-drained","elapsedMs":31425.167542}
check	Run verification	2026-10-05T13:30:22.3432476Z runner: file lifecycle {"entryFile":"/home/runner/work/vibe-fs/vibe-fs/requirements/context-compression/tests/027.test.mjs","pid":2832,"parentPid":2823,"type":"runner:file-start","elapsedMs":31427.051549}
check	Run verification	2026-10-05T13:30:22.6468013Z runner: file lifecycle {"entryFile":"/home/runner/work/vibe-fs/vibe-fs/requirements/context-compression/tests/027.test.mjs","type":"runner:file-drained","elapsedMs":31730.419458}
check	Run verification	2026-10-05T13:30:22.6486481Z runner: file lifecycle {"entryFile":"/home/runner/work/vibe-fs/vibe-fs/requirements/context-compression/tests/028.test.mjs","pid":2832,"parentPid":2823,"type":"runner:file-start","elapsedMs":31732.380442}
check	Run verification	2026-10-05T13:30:22.7270529Z runner: file lifecycle {"entryFile":"/home/runner/work/vibe-fs/vibe-fs/requirements/context-compression/tests/028.test.mjs","type":"runner:file-drained","elapsedMs":31810.62641}
check	Run verification	2026-10-05T13:30:22.7287772Z runner: file lifecycle {"entryFile":"/home/runner/work/vibe-fs/vibe-fs/requirements/context-compression/tests/029.test.mjs","pid":2832,"parentPid":2823,"type":"runner:file-start","elapsedMs":31812.556357}
check	Run verification	2026-10-05T13:30:22.8823398Z runner: file lifecycle {"entryFile":"/home/runner/work/vibe-fs/vibe-fs/requirements/context-compression/tests/029.test.mjs","type":"runner:file-drained","elapsedMs":31965.995375}
check	Run verification	2026-10-05T13:30:22.8840515Z runner: file lifecycle {"entryFile":"/home/runner/work/vibe-fs/vibe-fs/requirements/context-compression/tests/030.test.mjs","pid":2832,"parentPid":2823,"type":"runner:file-start","elapsedMs":31967.874225}
check	Run verification	2026-10-05T13:30:23.0306627Z runner: file lifecycle {"entryFile":"/home/runner/work/vibe-fs/vibe-fs/requirements/context-compression/tests/030.test.mjs","type":"runner:file-drained","elapsedMs":32114.246679}
check	Run verification	2026-10-05T13:30:23.0325067Z runner: file lifecycle {"entryFile":"/home/runner/work/vibe-fs/vibe-fs/requirements/crash-reconciliation/tests/001.test.mjs","pid":2832,"parentPid":2823,"type":"runner:file-start","elapsedMs":32116.17943}
check	Run verification	2026-10-05T13:30:23.0913666Z runner: file lifecycle {"entryFile":"/home/runner/work/vibe-fs/vibe-fs/requirements/crash-reconciliation/tests/001.test.mjs","type":"runner:file-drained","elapsedMs":32175.087050000002}
check	Run verification	2026-10-05T13:30:23.0935348Z runner: file lifecycle {"entryFile":"/home/runner/work/vibe-fs/vibe-fs/requirements/crash-reconciliation/tests/002.test.mjs","pid":2832,"parentPid":2823,"type":"runner:file-start","elapsedMs":32177.348456}
check	Run verification	2026-10-05T13:30:23.1662364Z runner: file lifecycle {"entryFile":"/home/runner/work/vibe-fs/vibe-fs/requirements/crash-reconciliation/tests/002.test.mjs","type":"runner:file-drained","elapsedMs":32249.800136}
check	Run verification	2026-10-05T13:30:23.1688879Z runner: file lifecycle {"entryFile":"/home/runner/work/vibe-fs/vibe-fs/requirements/crash-reconciliation/tests/003.test.mjs","pid":2832,"parentPid":2823,"type":"runner:file-start","elapsedMs":32251.911827}
check	Run verification	2026-10-05T13:30:23.2499262Z runner: file lifecycle {"entryFile":"/home/runner/work/vibe-fs/vibe-fs/requirements/crash-reconciliation/tests/003.test.mjs","type":"runner:file-drained","elapsedMs":32333.630717000004}
check	Run verification	2026-10-05T13:30:23.2521451Z runner: file lifecycle {"entryFile":"/home/runner/work/vibe-fs/vibe-fs/requirements/crash-reconciliation/tests/004.test.mjs","pid":2832,"parentPid":2823,"type":"runner:file-start","elapsedMs":32335.910350000002}
check	Run verification	2026-10-05T13:30:23.2895505Z runner: file lifecycle {"entryFile":"/home/runner/work/vibe-fs/vibe-fs/requirements/crash-reconciliation/tests/004.test.mjs","type":"runner:file-drained","elapsedMs":32373.164303}
check	Run verification	2026-10-05T13:30:23.2918704Z runner: file lifecycle {"entryFile":"/home/runner/work/vibe-fs/vibe-fs/requirements/crash-reconciliation/tests/005.test.mjs","pid":2832,"parentPid":2823,"type":"runner:file-start","elapsedMs":32375.476596999997}
check	Run verification	2026-10-05T13:30:23.3547110Z runner: file lifecycle {"entryFile":"/home/runner/work/vibe-fs/vibe-fs/requirements/crash-reconciliation/tests/005.test.mjs","type":"runner:file-drained","elapsedMs":32437.806931000003}
check	Run verification	2026-10-05T13:30:23.3560075Z runner: file lifecycle {"entryFile":"/home/runner/work/vibe-fs/vibe-fs/requirements/crash-reconciliation/tests/006.test.mjs","pid":2832,"parentPid":2823,"type":"runner:file-start","elapsedMs":32439.767966000003}
check	Run verification	2026-10-05T13:30:23.4282732Z runner: file lifecycle {"entryFile":"/home/runner/work/vibe-fs/vibe-fs/requirements/crash-reconciliation/tests/006.test.mjs","type":"runner:file-drained","elapsedMs":32511.968568}
check	Run verification	2026-10-05T13:30:23.4301360Z runner: file lifecycle {"entryFile":"/home/runner/work/vibe-fs/vibe-fs/requirements/crash-reconciliation/tests/007.test.mjs","pid":2832,"parentPid":2823,"type":"runner:file-start","elapsedMs":32513.903793}
check	Run verification	2026-10-05T13:30:23.5098796Z runner: file lifecycle {"entryFile":"/home/runner/work/vibe-fs/vibe-fs/requirements/crash-reconciliation/tests/007.test.mjs","type":"runner:file-drained","elapsedMs":32592.798218}
check	Run verification	2026-10-05T13:30:23.5110325Z runner: file lifecycle {"entryFile":"/home/runner/work/vibe-fs/vibe-fs/requirements/crash-reconciliation/tests/008.test.mjs","pid":2832,"parentPid":2823,"type":"runner:file-start","elapsedMs":32594.854826}
check	Run verification	2026-10-05T13:30:23.5753375Z runner: file lifecycle {"entryFile":"/home/runner/work/vibe-fs/vibe-fs/requirements/crash-reconciliation/tests/008.test.mjs","type":"runner:file-drained","elapsedMs":32658.196304}
check	Run verification	2026-10-05T13:30:23.5763548Z runner: file lifecycle {"entryFile":"/home/runner/work/vibe-fs/vibe-fs/requirements/crash-reconciliation/tests/009.test.mjs","pid":2832,"parentPid":2823,"type":"runner:file-start","elapsedMs":32660.035384}
check	Run verification	2026-10-05T13:30:23.7742929Z runner: file lifecycle {"entryFile":"/home/runner/work/vibe-fs/vibe-fs/requirements/crash-reconciliation/tests/009.test.mjs","type":"runner:file-drained","elapsedMs":32857.791474}
check	Run verification	2026-10-05T13:30:23.7764678Z runner: file lifecycle {"entryFile":"/home/runner/work/vibe-fs/vibe-fs/requirements/crash-reconciliation/tests/010.test.mjs","pid":2832,"parentPid":2823,"type":"runner:file-start","elapsedMs":32860.073080999995}
check	Run verification	2026-10-05T13:30:23.8493205Z runner: file lifecycle {"entryFile":"/home/runner/work/vibe-fs/vibe-fs/requirements/crash-reconciliation/tests/010.test.mjs","type":"runner:file-drained","elapsedMs":32932.769630999996}
check	Run verification	2026-10-05T13:30:23.8512253Z runner: file lifecycle {"entryFile":"/home/runner/work/vibe-fs/vibe-fs/requirements/crash-reconciliation/tests/011.test.mjs","pid":2832,"parentPid":2823,"type":"runner:file-start","elapsedMs":32934.833279}
check	Run verification	2026-10-05T13:30:23.9146470Z runner: file lifecycle {"entryFile":"/home/runner/work/vibe-fs/vibe-fs/requirements/crash-reconciliation/tests/011.test.mjs","type":"runner:file-drained","elapsedMs":32998.341408}
check	Run verification	2026-10-05T13:30:23.9173193Z runner: file lifecycle {"entryFile":"/home/runner/work/vibe-fs/vibe-fs/requirements/crash-reconciliation/tests/012.test.mjs","pid":2832,"parentPid":2823,"type":"runner:file-start","elapsedMs":33001.037049}
check	Run verification	2026-10-05T13:30:23.9793388Z runner: file lifecycle {"entryFile":"/home/runner/work/vibe-fs/vibe-fs/requirements/crash-reconciliation/tests/012.test.mjs","type":"runner:file-drained","elapsedMs":33062.99497299999}
check	Run verification	2026-10-05T13:30:23.9813825Z runner: file lifecycle {"entryFile":"/home/runner/work/vibe-fs/vibe-fs/requirements/crash-reconciliation/tests/013.test.mjs","pid":2832,"parentPid":2823,"type":"runner:file-start","elapsedMs":33065.10821599999}
check	Run verification	2026-10-05T13:30:24.0392753Z runner: file lifecycle {"entryFile":"/home/runner/work/vibe-fs/vibe-fs/requirements/crash-reconciliation/tests/013.test.mjs","type":"runner:file-drained","elapsedMs":33122.792293}
check	Run verification	2026-10-05T13:30:24.0412214Z runner: file lifecycle {"entryFile":"/home/runner/work/vibe-fs/vibe-fs/requirements/crash-reconciliation/tests/014.test.mjs","pid":2832,"parentPid":2823,"type":"runner:file-start","elapsedMs":33124.940877999994}
check	Run verification	2026-10-05T13:30:24.1074376Z runner: file lifecycle {"entryFile":"/home/runner/work/vibe-fs/vibe-fs/requirements/crash-reconciliation/tests/014.test.mjs","type":"runner:file-drained","elapsedMs":33190.235489}
check	Run verification	2026-10-05T13:30:24.1084892Z runner: file lifecycle {"entryFile":"/home/runner/work/vibe-fs/vibe-fs/requirements/crash-reconciliation/tests/015.test.mjs","pid":2832,"parentPid":2823,"type":"runner:file-start","elapsedMs":33192.302662999995}
check	Run verification	2026-10-05T13:30:31.0652728Z runner: file lifecycle {"entryFile":"/home/runner/work/vibe-fs/vibe-fs/requirements/context-compression/tests/024.test.mjs","type":"runner:file-drained","elapsedMs":40149.004907999995}
check	Run verification	2026-10-05T13:30:31.0671396Z runner: file lifecycle {"entryFile":"/home/runner/work/vibe-fs/vibe-fs/requirements/crash-reconciliation/tests/016.test.mjs","pid":2832,"parentPid":2823,"type":"runner:file-start","elapsedMs":40150.904209}
check	Run verification	2026-10-05T13:30:31.1388534Z runner: file lifecycle {"entryFile":"/home/runner/work/vibe-fs/vibe-fs/requirements/crash-reconciliation/tests/016.test.mjs","type":"runner:file-drained","elapsedMs":40222.575825}
check	Run verification	2026-10-05T13:30:31.1406310Z runner: file lifecycle {"entryFile":"/home/runner/work/vibe-fs/vibe-fs/requirements/crash-reconciliation/tests/017.test.mjs","pid":2832,"parentPid":2823,"type":"runner:file-start","elapsedMs":40224.39387299999}
check	Run verification	2026-10-05T13:30:31.1715125Z runner: file lifecycle {"entryFile":"/home/runner/work/vibe-fs/vibe-fs/requirements/crash-reconciliation/tests/017.test.mjs","type":"runner:file-drained","elapsedMs":40255.166606}
check	Run verification	2026-10-05T13:30:31.1733502Z runner: file lifecycle {"entryFile":"/home/runner/work/vibe-fs/vibe-fs/requirements/crash-reconciliation/tests/018.test.mjs","pid":2832,"parentPid":2823,"type":"runner:file-start","elapsedMs":40257.084294}
check	Run verification	2026-10-05T13:30:32.2177764Z runner: file lifecycle {"entryFile":"/home/runner/work/vibe-fs/vibe-fs/requirements/crash-reconciliation/tests/018.test.mjs","type":"runner:file-drained","elapsedMs":41301.251675}
check	Run verification	2026-10-05T13:30:32.2206524Z runner: file lifecycle {"entryFile":"/home/runner/work/vibe-fs/vibe-fs/requirements/crash-reconciliation/tests/019.test.mjs","pid":2832,"parentPid":2823,"type":"runner:file-start","elapsedMs":41304.230521}
check	Run verification	2026-10-05T13:30:32.2570722Z runner: file lifecycle {"entryFile":"/home/runner/work/vibe-fs/vibe-fs/requirements/crash-reconciliation/tests/019.test.mjs","type":"runner:file-drained","elapsedMs":41340.728566}
check	Run verification	2026-10-05T13:30:32.2588631Z runner: file lifecycle {"entryFile":"/home/runner/work/vibe-fs/vibe-fs/requirements/crash-reconciliation/tests/020.test.mjs","pid":2832,"parentPid":2823,"type":"runner:file-start","elapsedMs":41342.667827}
check	Run verification	2026-10-05T13:30:32.4572460Z runner: file lifecycle {"entryFile":"/home/runner/work/vibe-fs/vibe-fs/requirements/crash-reconciliation/tests/020.test.mjs","type":"runner:file-drained","elapsedMs":41540.96036}
check	Run verification	2026-10-05T13:30:32.4591423Z runner: file lifecycle {"entryFile":"/home/runner/work/vibe-fs/vibe-fs/requirements/crash-reconciliation/tests/021.test.mjs","pid":2832,"parentPid":2823,"type":"runner:file-start","elapsedMs":41542.868995}
check	Run verification	2026-10-05T13:30:32.6175375Z runner: file lifecycle {"entryFile":"/home/runner/work/vibe-fs/vibe-fs/requirements/crash-reconciliation/tests/021.test.mjs","type":"runner:file-drained","elapsedMs":41701.26016799999}
check	Run verification	2026-10-05T13:30:32.6191807Z runner: file lifecycle {"entryFile":"/home/runner/work/vibe-fs/vibe-fs/requirements/degeneration-guard/tests/001.test.mjs","pid":2832,"parentPid":2823,"type":"runner:file-start","elapsedMs":41702.978315}
check	Run verification	2026-10-05T13:30:32.7924519Z runner: file lifecycle {"entryFile":"/home/runner/work/vibe-fs/vibe-fs/requirements/degeneration-guard/tests/001.test.mjs","type":"runner:file-drained","elapsedMs":41876.068625}
check	Run verification	2026-10-05T13:30:32.7941260Z runner: file lifecycle {"entryFile":"/home/runner/work/vibe-fs/vibe-fs/requirements/degeneration-guard/tests/002.test.mjs","pid":2832,"parentPid":2823,"type":"runner:file-start","elapsedMs":41877.88654299999}
check	Run verification	2026-10-05T13:30:32.9618218Z runner: file lifecycle {"entryFile":"/home/runner/work/vibe-fs/vibe-fs/requirements/degeneration-guard/tests/002.test.mjs","type":"runner:file-drained","elapsedMs":42045.524112}
check	Run verification	2026-10-05T13:30:32.9633820Z runner: file lifecycle {"entryFile":"/home/runner/work/vibe-fs/vibe-fs/requirements/degeneration-guard/tests/003.test.mjs","pid":2832,"parentPid":2823,"type":"runner:file-start","elapsedMs":42047.263101}
check	Run verification	2026-10-05T13:30:33.1403110Z runner: file lifecycle {"entryFile":"/home/runner/work/vibe-fs/vibe-fs/requirements/degeneration-guard/tests/003.test.mjs","type":"runner:file-drained","elapsedMs":42223.974583999996}
check	Run verification	2026-10-05T13:30:33.1420952Z runner: file lifecycle {"entryFile":"/home/runner/work/vibe-fs/vibe-fs/requirements/degeneration-guard/tests/004.test.mjs","pid":2832,"parentPid":2823,"type":"runner:file-start","elapsedMs":42225.840223}
check	Run verification	2026-10-05T13:30:33.5592202Z runner: file lifecycle {"entryFile":"/home/runner/work/vibe-fs/vibe-fs/requirements/degeneration-guard/tests/004.test.mjs","type":"runner:file-drained","elapsedMs":42642.949961}
check	Run verification	2026-10-05T13:30:33.5609160Z runner: file lifecycle {"entryFile":"/home/runner/work/vibe-fs/vibe-fs/requirements/degeneration-guard/tests/005.test.mjs","pid":2832,"parentPid":2823,"type":"runner:file-start","elapsedMs":42644.721057999996}
check	Run verification	2026-10-05T13:30:33.7208995Z runner: file lifecycle {"entryFile":"/home/runner/work/vibe-fs/vibe-fs/requirements/degeneration-guard/tests/005.test.mjs","type":"runner:file-drained","elapsedMs":42804.587533}
check	Run verification	2026-10-05T13:30:33.7224681Z runner: file lifecycle {"entryFile":"/home/runner/work/vibe-fs/vibe-fs/requirements/degeneration-guard/tests/006.test.mjs","pid":2832,"parentPid":2823,"type":"runner:file-start","elapsedMs":42806.271249}
check	Run verification	2026-10-05T13:30:33.8961199Z runner: file lifecycle {"entryFile":"/home/runner/work/vibe-fs/vibe-fs/requirements/degeneration-guard/tests/006.test.mjs","type":"runner:file-drained","elapsedMs":42979.837183999996}
check	Run verification	2026-10-05T13:30:33.8977962Z runner: file lifecycle {"entryFile":"/home/runner/work/vibe-fs/vibe-fs/requirements/degeneration-guard/tests/007.test.mjs","pid":2832,"parentPid":2823,"type":"runner:file-start","elapsedMs":42981.594570999994}
check	Run verification	2026-10-05T13:30:34.0868467Z runner: file lifecycle {"entryFile":"/home/runner/work/vibe-fs/vibe-fs/requirements/degeneration-guard/tests/007.test.mjs","type":"runner:file-drained","elapsedMs":43170.501891}
check	Run verification	2026-10-05T13:30:34.0887889Z runner: file lifecycle {"entryFile":"/home/runner/work/vibe-fs/vibe-fs/requirements/degeneration-guard/tests/008.test.mjs","pid":2832,"parentPid":2823,"type":"runner:file-start","elapsedMs":43172.611337999995}
check	Run verification	2026-10-05T13:30:34.2598808Z runner: file lifecycle {"entryFile":"/home/runner/work/vibe-fs/vibe-fs/requirements/degeneration-guard/tests/008.test.mjs","type":"runner:file-drained","elapsedMs":43343.554724999995}
check	Run verification	2026-10-05T13:30:34.2615255Z runner: file lifecycle {"entryFile":"/home/runner/work/vibe-fs/vibe-fs/requirements/degeneration-guard/tests/009.test.mjs","pid":2832,"parentPid":2823,"type":"runner:file-start","elapsedMs":43345.325209999995}
check	Run verification	2026-10-05T13:30:34.4477134Z runner: file lifecycle {"entryFile":"/home/runner/work/vibe-fs/vibe-fs/requirements/degeneration-guard/tests/009.test.mjs","type":"runner:file-drained","elapsedMs":43531.458002}
check	Run verification	2026-10-05T13:30:34.4494507Z runner: file lifecycle {"entryFile":"/home/runner/work/vibe-fs/vibe-fs/requirements/degeneration-guard/tests/010.test.mjs","pid":2832,"parentPid":2823,"type":"runner:file-start","elapsedMs":43533.262489999994}
check	Run verification	2026-10-05T13:30:34.5942327Z runner: file lifecycle {"entryFile":"/home/runner/work/vibe-fs/vibe-fs/requirements/crash-reconciliation/tests/015.test.mjs","type":"runner:file-drained","elapsedMs":43677.916235}
check	Run verification	2026-10-05T13:30:34.5963041Z runner: file lifecycle {"entryFile":"/home/runner/work/vibe-fs/vibe-fs/requirements/degeneration-guard/tests/011.test.mjs","pid":2832,"parentPid":2823,"type":"runner:file-start","elapsedMs":43680.00915699999}
check	Run verification	2026-10-05T13:30:34.6184246Z runner: file lifecycle {"entryFile":"/home/runner/work/vibe-fs/vibe-fs/requirements/degeneration-guard/tests/010.test.mjs","type":"runner:file-drained","elapsedMs":43702.091703}
check	Run verification	2026-10-05T13:30:34.6211784Z runner: file lifecycle {"entryFile":"/home/runner/work/vibe-fs/vibe-fs/requirements/degeneration-guard/tests/012.test.mjs","pid":2832,"parentPid":2823,"type":"runner:file-start","elapsedMs":43704.852780999994}
check	Run verification	2026-10-05T13:30:34.6627932Z runner: file lifecycle {"entryFile":"/home/runner/work/vibe-fs/vibe-fs/requirements/degeneration-guard/tests/012.test.mjs","type":"runner:file-drained","elapsedMs":43743.273872}
check	Run verification	2026-10-05T13:30:34.6642876Z runner: file lifecycle {"entryFile":"/home/runner/work/vibe-fs/vibe-fs/requirements/degeneration-guard/tests/013.test.mjs","pid":2832,"parentPid":2823,"type":"runner:file-start","elapsedMs":43746.522293999995}
check	Run verification	2026-10-05T13:30:34.6768579Z runner: file lifecycle {"entryFile":"/home/runner/work/vibe-fs/vibe-fs/requirements/degeneration-guard/tests/011.test.mjs","type":"runner:file-drained","elapsedMs":43760.543979999995}
check	Run verification	2026-10-05T13:30:34.6795165Z runner: file lifecycle {"entryFile":"/home/runner/work/vibe-fs/vibe-fs/requirements/delegation/tests/001.test.mjs","pid":2832,"parentPid":2823,"type":"runner:file-start","elapsedMs":43763.197395999996}
check	Run verification	2026-10-05T13:30:34.7127788Z runner: file lifecycle {"entryFile":"/home/runner/work/vibe-fs/vibe-fs/requirements/delegation/tests/001.test.mjs","type":"runner:file-drained","elapsedMs":43795.291019}
check	Run verification	2026-10-05T13:30:34.7139184Z runner: file lifecycle {"entryFile":"/home/runner/work/vibe-fs/vibe-fs/requirements/delegation/tests/002.test.mjs","pid":2832,"parentPid":2823,"type":"runner:file-start","elapsedMs":43797.656251}
check	Run verification	2026-10-05T13:30:34.7823818Z runner: file lifecycle {"entryFile":"/home/runner/work/vibe-fs/vibe-fs/requirements/delegation/tests/002.test.mjs","type":"runner:file-drained","elapsedMs":43865.866193999995}
check	Run verification	2026-10-05T13:30:34.7832420Z runner: file lifecycle {"entryFile":"/home/runner/work/vibe-fs/vibe-fs/requirements/delegation/tests/003.test.mjs","pid":2832,"parentPid":2823,"type":"runner:file-start","elapsedMs":43866.997246}
check	Run verification	2026-10-05T13:30:34.8977410Z runner: file lifecycle {"entryFile":"/home/runner/work/vibe-fs/vibe-fs/requirements/degeneration-guard/tests/013.test.mjs","type":"runner:file-drained","elapsedMs":43981.332662999994}
check	Run verification	2026-10-05T13:30:34.8996343Z runner: file lifecycle {"entryFile":"/home/runner/work/vibe-fs/vibe-fs/requirements/delegation/tests/004.test.mjs","pid":2832,"parentPid":2823,"type":"runner:file-start","elapsedMs":43983.399614999995}
check	Run verification	2026-10-05T13:30:34.9354103Z runner: file lifecycle {"entryFile":"/home/runner/work/vibe-fs/vibe-fs/requirements/delegation/tests/004.test.mjs","type":"runner:file-drained","elapsedMs":44017.252757999995}
check	Run verification	2026-10-05T13:30:34.9361190Z runner: file lifecycle {"entryFile":"/home/runner/work/vibe-fs/vibe-fs/requirements/delegation/tests/005.test.mjs","pid":2832,"parentPid":2823,"type":"runner:file-start","elapsedMs":44019.931210999996}
check	Run verification	2026-10-05T13:30:35.1478214Z runner: file lifecycle {"entryFile":"/home/runner/work/vibe-fs/vibe-fs/requirements/delegation/tests/005.test.mjs","type":"runner:file-drained","elapsedMs":44231.448271999994}
check	Run verification	2026-10-05T13:30:35.1512721Z runner: file lifecycle {"entryFile":"/home/runner/work/vibe-fs/vibe-fs/requirements/delegation/tests/006.test.mjs","pid":2832,"parentPid":2823,"type":"runner:file-start","elapsedMs":44233.470356}
check	Run verification	2026-10-05T13:30:35.6924335Z runner: file lifecycle {"entryFile":"/home/runner/work/vibe-fs/vibe-fs/requirements/delegation/tests/006.test.mjs","type":"runner:file-drained","elapsedMs":44774.740692}
check	Run verification	2026-10-05T13:30:35.6934191Z runner: file lifecycle {"entryFile":"/home/runner/work/vibe-fs/vibe-fs/requirements/delegation/tests/007.test.mjs","pid":2832,"parentPid":2823,"type":"runner:file-start","elapsedMs":44777.193956999996}
check	Run verification	2026-10-05T13:30:36.1590452Z runner: file lifecycle {"entryFile":"/home/runner/work/vibe-fs/vibe-fs/requirements/delegation/tests/007.test.mjs","type":"runner:file-drained","elapsedMs":45242.656309}
check	Run verification	2026-10-05T13:30:36.1611439Z runner: file lifecycle {"entryFile":"/home/runner/work/vibe-fs/vibe-fs/requirements/delegation/tests/008.test.mjs","pid":2832,"parentPid":2823,"type":"runner:file-start","elapsedMs":45244.866738}
check	Run verification	2026-10-05T13:30:36.6235270Z runner: file lifecycle {"entryFile":"/home/runner/work/vibe-fs/vibe-fs/requirements/delegation/tests/008.test.mjs","type":"runner:file-drained","elapsedMs":45707.166506999994}
check	Run verification	2026-10-05T13:30:36.6257403Z runner: file lifecycle {"entryFile":"/home/runner/work/vibe-fs/vibe-fs/requirements/delegation/tests/009.test.mjs","pid":2832,"parentPid":2823,"type":"runner:file-start","elapsedMs":45709.352619}
check	Run verification	2026-10-05T13:30:36.7453717Z runner: file lifecycle {"entryFile":"/home/runner/work/vibe-fs/vibe-fs/requirements/delegation/tests/003.test.mjs","type":"runner:file-drained","elapsedMs":45828.867834}
check	Run verification	2026-10-05T13:30:36.7497290Z runner: file lifecycle {"entryFile":"/home/runner/work/vibe-fs/vibe-fs/requirements/delegation/tests/010.test.mjs","pid":2832,"parentPid":2823,"type":"runner:file-start","elapsedMs":45833.364816999994}
check	Run verification	2026-10-05T13:30:37.2053598Z runner: file lifecycle {"entryFile":"/home/runner/work/vibe-fs/vibe-fs/requirements/delegation/tests/009.test.mjs","type":"runner:file-drained","elapsedMs":46288.32737399999}
check	Run verification	2026-10-05T13:30:37.2066572Z runner: file lifecycle {"entryFile":"/home/runner/work/vibe-fs/vibe-fs/requirements/delegation/tests/011.test.mjs","pid":2832,"parentPid":2823,"type":"runner:file-start","elapsedMs":46290.425323999996}
check	Run verification	2026-10-05T13:30:37.3016465Z runner: file lifecycle {"entryFile":"/home/runner/work/vibe-fs/vibe-fs/requirements/delegation/tests/010.test.mjs","type":"runner:file-drained","elapsedMs":46385.28058599999}
check	Run verification	2026-10-05T13:30:37.3045050Z runner: file lifecycle {"entryFile":"/home/runner/work/vibe-fs/vibe-fs/requirements/delegation/tests/012.test.mjs","pid":2832,"parentPid":2823,"type":"runner:file-start","elapsedMs":46388.22227699999}
check	Run verification	2026-10-05T13:30:37.7569439Z runner: file lifecycle {"entryFile":"/home/runner/work/vibe-fs/vibe-fs/requirements/delegation/tests/011.test.mjs","type":"runner:file-drained","elapsedMs":46839.326171999994}
check	Run verification	2026-10-05T13:30:37.7572491Z runner: file lifecycle {"entryFile":"/home/runner/work/vibe-fs/vibe-fs/requirements/delegation/tests/013.test.mjs","pid":2832,"parentPid":2823,"type":"runner:file-start","elapsedMs":46840.574531}
check	Run verification	2026-10-05T13:30:37.8127810Z runner: file lifecycle {"entryFile":"/home/runner/work/vibe-fs/vibe-fs/requirements/delegation/tests/012.test.mjs","type":"runner:file-drained","elapsedMs":46895.863298}
check	Run verification	2026-10-05T13:30:37.8166483Z runner: file lifecycle {"entryFile":"/home/runner/work/vibe-fs/vibe-fs/requirements/delegation/tests/014.test.mjs","pid":2832,"parentPid":2823,"type":"runner:file-start","elapsedMs":46898.080959}
check	Run verification	2026-10-05T13:30:37.9762509Z runner: file lifecycle {"entryFile":"/home/runner/work/vibe-fs/vibe-fs/requirements/delegation/tests/013.test.mjs","type":"runner:file-drained","elapsedMs":47059.897766999995}
check	Run verification	2026-10-05T13:30:37.9785196Z runner: file lifecycle {"entryFile":"/home/runner/work/vibe-fs/vibe-fs/requirements/delegation/tests/015.test.mjs","pid":2832,"parentPid":2823,"type":"runner:file-start","elapsedMs":47062.258752999995}
check	Run verification	2026-10-05T13:30:38.0468069Z runner: file lifecycle {"entryFile":"/home/runner/work/vibe-fs/vibe-fs/requirements/delegation/tests/014.test.mjs","type":"runner:file-drained","elapsedMs":47130.402422}
check	Run verification	2026-10-05T13:30:38.0487220Z runner: file lifecycle {"entryFile":"/home/runner/work/vibe-fs/vibe-fs/requirements/delegation/tests/017.test.mjs","pid":2832,"parentPid":2823,"type":"runner:file-start","elapsedMs":47132.41343099999}
check	Run verification	2026-10-05T13:30:38.0839430Z runner: file lifecycle {"entryFile":"/home/runner/work/vibe-fs/vibe-fs/requirements/delegation/tests/017.test.mjs","type":"runner:file-drained","elapsedMs":47167.664396}
check	Run verification	2026-10-05T13:30:38.0864831Z runner: file lifecycle {"entryFile":"/home/runner/work/vibe-fs/vibe-fs/requirements/delegation/tests/019.test.mjs","pid":2832,"parentPid":2823,"type":"runner:file-start","elapsedMs":47170.24909}
check	Run verification	2026-10-05T13:30:38.1872364Z runner: file lifecycle {"entryFile":"/home/runner/work/vibe-fs/vibe-fs/requirements/delegation/tests/019.test.mjs","type":"runner:file-drained","elapsedMs":47269.32644999999}
check	Run verification	2026-10-05T13:30:38.1882870Z runner: file lifecycle {"entryFile":"/home/runner/work/vibe-fs/vibe-fs/requirements/delegation/tests/020.test.mjs","pid":2832,"parentPid":2823,"type":"runner:file-start","elapsedMs":47272.017013}
check	Run verification	2026-10-05T13:30:38.2261056Z runner: file lifecycle {"entryFile":"/home/runner/work/vibe-fs/vibe-fs/requirements/delegation/tests/020.test.mjs","type":"runner:file-drained","elapsedMs":47309.75898}
check	Run verification	2026-10-05T13:30:38.2293725Z runner: file lifecycle {"entryFile":"/home/runner/work/vibe-fs/vibe-fs/requirements/delegation/tests/021.test.mjs","pid":2832,"parentPid":2823,"type":"runner:file-start","elapsedMs":47312.602302}
check	Run verification	2026-10-05T13:30:38.2844433Z runner: file lifecycle {"entryFile":"/home/runner/work/vibe-fs/vibe-fs/requirements/delegation/tests/015.test.mjs","type":"runner:file-drained","elapsedMs":47367.99189}
check	Run verification	2026-10-05T13:30:38.2864242Z runner: file lifecycle {"entryFile":"/home/runner/work/vibe-fs/vibe-fs/requirements/delegation/tests/022.test.mjs","pid":2832,"parentPid":2823,"type":"runner:file-start","elapsedMs":47370.20232}
check	Run verification	2026-10-05T13:30:38.3166726Z runner: file lifecycle {"entryFile":"/home/runner/work/vibe-fs/vibe-fs/requirements/delegation/tests/021.test.mjs","type":"runner:file-drained","elapsedMs":47400.201714999996}
check	Run verification	2026-10-05T13:30:38.3204470Z runner: file lifecycle {"entryFile":"/home/runner/work/vibe-fs/vibe-fs/requirements/delegation/tests/023.test.mjs","pid":2832,"parentPid":2823,"type":"runner:file-start","elapsedMs":47404.204574999996}
check	Run verification	2026-10-05T13:30:38.3501865Z runner: file lifecycle {"entryFile":"/home/runner/work/vibe-fs/vibe-fs/requirements/delegation/tests/022.test.mjs","type":"runner:file-drained","elapsedMs":47433.754182}
check	Run verification	2026-10-05T13:30:38.3521271Z runner: file lifecycle {"entryFile":"/home/runner/work/vibe-fs/vibe-fs/requirements/delegation/tests/024.test.mjs","pid":2832,"parentPid":2823,"type":"runner:file-start","elapsedMs":47435.85757}
check	Run verification	2026-10-05T13:30:38.8942264Z runner: file lifecycle {"entryFile":"/home/runner/work/vibe-fs/vibe-fs/requirements/delegation/tests/023.test.mjs","type":"runner:file-drained","elapsedMs":47977.212031999996}
check	Run verification	2026-10-05T13:30:38.8956942Z runner: file lifecycle {"entryFile":"/home/runner/work/vibe-fs/vibe-fs/requirements/delegation/tests/025.test.mjs","pid":2832,"parentPid":2823,"type":"runner:file-start","elapsedMs":47979.453829}
check	Run verification	2026-10-05T13:30:39.3793870Z runner: file lifecycle {"entryFile":"/home/runner/work/vibe-fs/vibe-fs/requirements/delegation/tests/024.test.mjs","type":"runner:file-drained","elapsedMs":48463.006078}
check	Run verification	2026-10-05T13:30:39.3815512Z runner: file lifecycle {"entryFile":"/home/runner/work/vibe-fs/vibe-fs/requirements/delegation/tests/026.test.mjs","pid":2832,"parentPid":2823,"type":"runner:file-start","elapsedMs":48465.094702999995}
check	Run verification	2026-10-05T13:30:39.4254932Z runner: file lifecycle {"entryFile":"/home/runner/work/vibe-fs/vibe-fs/requirements/delegation/tests/025.test.mjs","type":"runner:file-drained","elapsedMs":48508.094189999996}
check	Run verification	2026-10-05T13:30:39.4264389Z runner: file lifecycle {"entryFile":"/home/runner/work/vibe-fs/vibe-fs/requirements/delegation/tests/027.test.mjs","pid":2832,"parentPid":2823,"type":"runner:file-start","elapsedMs":48510.238207999995}
check	Run verification	2026-10-05T13:30:40.2268002Z runner: file lifecycle {"entryFile":"/home/runner/work/vibe-fs/vibe-fs/requirements/delegation/tests/027.test.mjs","type":"runner:file-drained","elapsedMs":49310.44620699999}
check	Run verification	2026-10-05T13:30:40.2286752Z runner: file lifecycle {"entryFile":"/home/runner/work/vibe-fs/vibe-fs/requirements/delegation/tests/028.test.mjs","pid":2832,"parentPid":2823,"type":"runner:file-start","elapsedMs":49312.425137}
check	Run verification	2026-10-05T13:30:40.4218601Z runner: file lifecycle {"entryFile":"/home/runner/work/vibe-fs/vibe-fs/requirements/delegation/tests/028.test.mjs","type":"runner:file-drained","elapsedMs":49505.540758999996}
check	Run verification	2026-10-05T13:30:40.4236507Z runner: file lifecycle {"entryFile":"/home/runner/work/vibe-fs/vibe-fs/requirements/delegation/tests/029.test.mjs","pid":2832,"parentPid":2823,"type":"runner:file-start","elapsedMs":49507.414912}
check	Run verification	2026-10-05T13:30:40.5368744Z runner: file lifecycle {"entryFile":"/home/runner/work/vibe-fs/vibe-fs/requirements/delegation/tests/029.test.mjs","type":"runner:file-drained","elapsedMs":49620.556485999994}
check	Run verification	2026-10-05T13:30:40.5385958Z runner: file lifecycle {"entryFile":"/home/runner/work/vibe-fs/vibe-fs/requirements/delegation/tests/030.test.mjs","pid":2832,"parentPid":2823,"type":"runner:file-start","elapsedMs":49622.385962}
check	Run verification	2026-10-05T13:30:40.5715845Z runner: file lifecycle {"entryFile":"/home/runner/work/vibe-fs/vibe-fs/requirements/delegation/tests/030.test.mjs","type":"runner:file-drained","elapsedMs":49655.36790999999}
check	Run verification	2026-10-05T13:30:40.5733098Z runner: file lifecycle {"entryFile":"/home/runner/work/vibe-fs/vibe-fs/requirements/delegation/tests/031.test.mjs","pid":2832,"parentPid":2823,"type":"runner:file-start","elapsedMs":49657.105977}
check	Run verification	2026-10-05T13:30:41.3059483Z runner: file lifecycle {"entryFile":"/home/runner/work/vibe-fs/vibe-fs/requirements/delegation/tests/031.test.mjs","type":"runner:file-drained","elapsedMs":50389.621205999996}
check	Run verification	2026-10-05T13:30:41.3076823Z runner: file lifecycle {"entryFile":"/home/runner/work/vibe-fs/vibe-fs/requirements/delegation/tests/032.test.mjs","pid":2832,"parentPid":2823,"type":"runner:file-start","elapsedMs":50391.473326}
check	Run verification	2026-10-05T13:30:41.7086896Z runner: file lifecycle {"entryFile":"/home/runner/work/vibe-fs/vibe-fs/requirements/delegation/tests/032.test.mjs","type":"runner:file-drained","elapsedMs":50792.425912}
check	Run verification	2026-10-05T13:30:41.7103597Z runner: file lifecycle {"entryFile":"/home/runner/work/vibe-fs/vibe-fs/requirements/dispatch-protocol/tests/001.test.mjs","pid":2832,"parentPid":2823,"type":"runner:file-start","elapsedMs":50794.160435}
check	Run verification	2026-10-05T13:30:41.8873561Z runner: file lifecycle {"entryFile":"/home/runner/work/vibe-fs/vibe-fs/requirements/delegation/tests/026.test.mjs","type":"runner:file-drained","elapsedMs":50969.513502999995}
check	Run verification	2026-10-05T13:30:41.8884635Z runner: file lifecycle {"entryFile":"/home/runner/work/vibe-fs/vibe-fs/requirements/dispatch-protocol/tests/002.test.mjs","pid":2832,"parentPid":2823,"type":"runner:file-start","elapsedMs":50972.20454599999}
check	Run verification	2026-10-05T13:30:42.0205412Z runner: file lifecycle {"entryFile":"/home/runner/work/vibe-fs/vibe-fs/requirements/dispatch-protocol/tests/001.test.mjs","type":"runner:file-drained","elapsedMs":51104.193789}
check	Run verification	2026-10-05T13:30:42.0232530Z runner: file lifecycle {"entryFile":"/home/runner/work/vibe-fs/vibe-fs/requirements/dispatch-protocol/tests/003.test.mjs","pid":2832,"parentPid":2823,"type":"runner:file-start","elapsedMs":51106.016565}
check	Run verification	2026-10-05T13:30:42.3769803Z runner: file lifecycle {"entryFile":"/home/runner/work/vibe-fs/vibe-fs/requirements/dispatch-protocol/tests/002.test.mjs","type":"runner:file-drained","elapsedMs":51460.631247}
check	Run verification	2026-10-05T13:30:42.3791676Z runner: file lifecycle {"entryFile":"/home/runner/work/vibe-fs/vibe-fs/requirements/dispatch-protocol/tests/004.test.mjs","pid":2832,"parentPid":2823,"type":"runner:file-start","elapsedMs":51462.880483999994}
check	Run verification	2026-10-05T13:30:42.3949172Z runner: file lifecycle {"entryFile":"/home/runner/work/vibe-fs/vibe-fs/requirements/dispatch-protocol/tests/003.test.mjs","type":"runner:file-drained","elapsedMs":51478.644269}
check	Run verification	2026-10-05T13:30:42.3967479Z runner: file lifecycle {"entryFile":"/home/runner/work/vibe-fs/vibe-fs/requirements/dispatch-protocol/tests/005.test.mjs","pid":2832,"parentPid":2823,"type":"runner:file-start","elapsedMs":51480.495186}
check	Run verification	2026-10-05T13:30:42.6564718Z runner: file lifecycle {"entryFile":"/home/runner/work/vibe-fs/vibe-fs/requirements/dispatch-protocol/tests/005.test.mjs","type":"runner:file-drained","elapsedMs":51738.938003999996}
check	Run verification	2026-10-05T13:30:42.6593477Z runner: file lifecycle {"entryFile":"/home/runner/work/vibe-fs/vibe-fs/requirements/dispatch-protocol/tests/006.test.mjs","pid":2832,"parentPid":2823,"type":"runner:file-start","elapsedMs":51741.534434999994}
check	Run verification	2026-10-05T13:30:42.7469785Z runner: file lifecycle {"entryFile":"/home/runner/work/vibe-fs/vibe-fs/requirements/dispatch-protocol/tests/004.test.mjs","type":"runner:file-drained","elapsedMs":51830.577002}
check	Run verification	2026-10-05T13:30:42.7534016Z runner: file lifecycle {"entryFile":"/home/runner/work/vibe-fs/vibe-fs/requirements/dispatch-protocol/tests/007.test.mjs","pid":2832,"parentPid":2823,"type":"runner:file-start","elapsedMs":51836.441445}
check	Run verification	2026-10-05T13:30:42.8614422Z runner: file lifecycle {"entryFile":"/home/runner/work/vibe-fs/vibe-fs/requirements/dispatch-protocol/tests/006.test.mjs","type":"runner:file-drained","elapsedMs":51945.08324199999}
check	Run verification	2026-10-05T13:30:42.8636692Z runner: file lifecycle {"entryFile":"/home/runner/work/vibe-fs/vibe-fs/requirements/dispatch-protocol/tests/008.test.mjs","pid":2832,"parentPid":2823,"type":"runner:file-start","elapsedMs":51947.427593}
check	Run verification	2026-10-05T13:30:43.2693492Z runner: file lifecycle {"entryFile":"/home/runner/work/vibe-fs/vibe-fs/requirements/dispatch-protocol/tests/008.test.mjs","type":"runner:file-drained","elapsedMs":52352.931735}
check	Run verification	2026-10-05T13:30:43.2715623Z runner: file lifecycle {"entryFile":"/home/runner/work/vibe-fs/vibe-fs/requirements/dispatch-protocol/tests/009.test.mjs","pid":2832,"parentPid":2823,"type":"runner:file-start","elapsedMs":52355.176845999995}
check	Run verification	2026-10-05T13:30:43.2938784Z runner: file lifecycle {"entryFile":"/home/runner/work/vibe-fs/vibe-fs/requirements/dispatch-protocol/tests/007.test.mjs","type":"runner:file-drained","elapsedMs":52377.364624999995}
check	Run verification	2026-10-05T13:30:43.2957489Z runner: file lifecycle {"entryFile":"/home/runner/work/vibe-fs/vibe-fs/requirements/dispatch-protocol/tests/010.test.mjs","pid":2832,"parentPid":2823,"type":"runner:file-start","elapsedMs":52379.449446}
check	Run verification	2026-10-05T13:30:43.8533876Z runner: file lifecycle {"entryFile":"/home/runner/work/vibe-fs/vibe-fs/requirements/dispatch-protocol/tests/009.test.mjs","type":"runner:file-drained","elapsedMs":52937.02417}
check	Run verification	2026-10-05T13:30:43.8555914Z runner: file lifecycle {"entryFile":"/home/runner/work/vibe-fs/vibe-fs/requirements/dispatch-protocol/tests/011.test.mjs","pid":2832,"parentPid":2823,"type":"runner:file-start","elapsedMs":52939.344464999995}
check	Run verification	2026-10-05T13:30:44.0887586Z runner: file lifecycle {"entryFile":"/home/runner/work/vibe-fs/vibe-fs/requirements/dispatch-protocol/tests/010.test.mjs","type":"runner:file-drained","elapsedMs":53171.631411999995}
check	Run verification	2026-10-05T13:30:44.0899210Z runner: file lifecycle {"entryFile":"/home/runner/work/vibe-fs/vibe-fs/requirements/dispatch-protocol/tests/012.test.mjs","pid":2832,"parentPid":2823,"type":"runner:file-start","elapsedMs":53173.685256}
check	Run verification	2026-10-05T13:30:44.2077078Z runner: file lifecycle {"entryFile":"/home/runner/work/vibe-fs/vibe-fs/requirements/dispatch-protocol/tests/011.test.mjs","type":"runner:file-drained","elapsedMs":53291.389279999996}
check	Run verification	2026-10-05T13:30:44.2104418Z runner: file lifecycle {"entryFile":"/home/runner/work/vibe-fs/vibe-fs/requirements/dispatch-protocol/tests/013.test.mjs","pid":2832,"parentPid":2823,"type":"runner:file-start","elapsedMs":53294.213212999995}
check	Run verification	2026-10-05T13:30:44.5568990Z runner: file lifecycle {"entryFile":"/home/runner/work/vibe-fs/vibe-fs/requirements/dispatch-protocol/tests/012.test.mjs","type":"runner:file-drained","elapsedMs":53640.615329}
check	Run verification	2026-10-05T13:30:44.5592109Z runner: file lifecycle {"entryFile":"/home/runner/work/vibe-fs/vibe-fs/requirements/dispatch-protocol/tests/014.test.mjs","pid":2832,"parentPid":2823,"type":"runner:file-start","elapsedMs":53642.938548}
check	Run verification	2026-10-05T13:30:44.5682180Z runner: file lifecycle {"entryFile":"/home/runner/work/vibe-fs/vibe-fs/requirements/dispatch-protocol/tests/013.test.mjs","type":"runner:file-drained","elapsedMs":53651.920635999995}
check	Run verification	2026-10-05T13:30:44.5704197Z runner: file lifecycle {"entryFile":"/home/runner/work/vibe-fs/vibe-fs/requirements/dispatch-protocol/tests/015.test.mjs","pid":2832,"parentPid":2823,"type":"runner:file-start","elapsedMs":53654.045395999994}
check	Run verification	2026-10-05T13:30:44.5957044Z runner: file lifecycle {"entryFile":"/home/runner/work/vibe-fs/vibe-fs/requirements/dispatch-protocol/tests/014.test.mjs","type":"runner:file-drained","elapsedMs":53679.362045999995}
check	Run verification	2026-10-05T13:30:44.5976475Z runner: file lifecycle {"entryFile":"/home/runner/work/vibe-fs/vibe-fs/requirements/distribution/tests/001.test.mjs","pid":2832,"parentPid":2823,"type":"runner:file-start","elapsedMs":53681.406525}
check	Run verification	2026-10-05T13:30:44.7074698Z runner: file lifecycle {"entryFile":"/home/runner/work/vibe-fs/vibe-fs/requirements/distribution/tests/001.test.mjs","type":"runner:file-drained","elapsedMs":53790.955676}
check	Run verification	2026-10-05T13:30:44.7094411Z runner: file lifecycle {"entryFile":"/home/runner/work/vibe-fs/vibe-fs/requirements/distribution/tests/002.test.mjs","pid":2832,"parentPid":2823,"type":"runner:file-start","elapsedMs":53793.067066999996}
check	Run verification	2026-10-05T13:30:45.2996585Z runner: file lifecycle {"entryFile":"/home/runner/work/vibe-fs/vibe-fs/requirements/distribution/tests/002.test.mjs","type":"runner:file-drained","elapsedMs":54383.323412}
check	Run verification	2026-10-05T13:30:45.3054780Z runner: file lifecycle {"entryFile":"/home/runner/work/vibe-fs/vibe-fs/requirements/distribution/tests/003.test.mjs","pid":2832,"parentPid":2823,"type":"runner:file-start","elapsedMs":54387.275935}
check	Run verification	2026-10-05T13:30:45.9653305Z runner: file lifecycle {"entryFile":"/home/runner/work/vibe-fs/vibe-fs/requirements/distribution/tests/003.test.mjs","type":"runner:file-drained","elapsedMs":55047.318345}
check	Run verification	2026-10-05T13:30:45.9666966Z runner: file lifecycle {"entryFile":"/home/runner/work/vibe-fs/vibe-fs/requirements/distribution/tests/004.test.mjs","pid":2832,"parentPid":2823,"type":"runner:file-start","elapsedMs":55049.554002}
check	Run verification	2026-10-05T13:30:45.9735357Z runner: file lifecycle {"entryFile":"/home/runner/work/vibe-fs/vibe-fs/requirements/dispatch-protocol/tests/015.test.mjs","type":"runner:file-drained","elapsedMs":55056.400745}
check	Run verification	2026-10-05T13:30:45.9760466Z runner: file lifecycle {"entryFile":"/home/runner/work/vibe-fs/vibe-fs/requirements/distribution/tests/005.test.mjs","pid":2832,"parentPid":2823,"type":"runner:file-start","elapsedMs":55059.21913899999}
check	Run verification	2026-10-05T13:30:46.0113547Z runner: file lifecycle {"entryFile":"/home/runner/work/vibe-fs/vibe-fs/requirements/distribution/tests/004.test.mjs","type":"runner:file-drained","elapsedMs":55094.826828}
check	Run verification	2026-10-05T13:30:46.0134938Z runner: file lifecycle {"entryFile":"/home/runner/work/vibe-fs/vibe-fs/requirements/distribution/tests/006.test.mjs","pid":2832,"parentPid":2823,"type":"runner:file-start","elapsedMs":55097.201884999995}
check	Run verification	2026-10-05T13:30:46.1241547Z runner: file lifecycle {"entryFile":"/home/runner/work/vibe-fs/vibe-fs/requirements/distribution/tests/006.test.mjs","type":"runner:file-drained","elapsedMs":55207.776120999995}
check	Run verification	2026-10-05T13:30:46.1268894Z runner: file lifecycle {"entryFile":"/home/runner/work/vibe-fs/vibe-fs/requirements/distribution/tests/007.test.mjs","pid":2832,"parentPid":2823,"type":"runner:file-start","elapsedMs":55210.594215}
check	Run verification	2026-10-05T13:30:47.1776365Z runner: file lifecycle {"entryFile":"/home/runner/work/vibe-fs/vibe-fs/requirements/distribution/tests/005.test.mjs","type":"runner:file-drained","elapsedMs":56260.245526}
check	Run verification	2026-10-05T13:30:47.1786890Z runner: file lifecycle {"entryFile":"/home/runner/work/vibe-fs/vibe-fs/requirements/distribution/tests/008.test.mjs","pid":2832,"parentPid":2823,"type":"runner:file-start","elapsedMs":56262.437237}
check	Run verification	2026-10-05T13:30:47.2374532Z runner: file lifecycle {"entryFile":"/home/runner/work/vibe-fs/vibe-fs/requirements/distribution/tests/008.test.mjs","type":"runner:file-drained","elapsedMs":56321.057043999994}
check	Run verification	2026-10-05T13:30:47.2398870Z runner: file lifecycle {"entryFile":"/home/runner/work/vibe-fs/vibe-fs/requirements/distribution/tests/009.test.mjs","pid":2832,"parentPid":2823,"type":"runner:file-start","elapsedMs":56323.634595999996}
check	Run verification	2026-10-05T13:30:47.3113366Z runner: file lifecycle {"entryFile":"/home/runner/work/vibe-fs/vibe-fs/requirements/distribution/tests/009.test.mjs","type":"runner:file-drained","elapsedMs":56394.996784999996}
check	Run verification	2026-10-05T13:30:47.3135662Z runner: file lifecycle {"entryFile":"/home/runner/work/vibe-fs/vibe-fs/requirements/distribution/tests/010.test.mjs","pid":2832,"parentPid":2823,"type":"runner:file-start","elapsedMs":56397.307364}
check	Run verification	2026-10-05T13:30:47.4302674Z runner: file lifecycle {"entryFile":"/home/runner/work/vibe-fs/vibe-fs/requirements/distribution/tests/010.test.mjs","type":"runner:file-drained","elapsedMs":56513.835067}
check	Run verification	2026-10-05T13:30:47.4342852Z runner: file lifecycle {"entryFile":"/home/runner/work/vibe-fs/vibe-fs/requirements/durable-convergence/tests/001.test.mjs","pid":2832,"parentPid":2823,"type":"runner:file-start","elapsedMs":56515.976271}
check	Run verification	2026-10-05T13:30:47.5974214Z runner: file lifecycle {"entryFile":"/home/runner/work/vibe-fs/vibe-fs/requirements/durable-convergence/tests/001.test.mjs","type":"runner:file-drained","elapsedMs":56681.115717999994}
check	Run verification	2026-10-05T13:30:47.5996423Z runner: file lifecycle {"entryFile":"/home/runner/work/vibe-fs/vibe-fs/requirements/durable-convergence/tests/002.test.mjs","pid":2832,"parentPid":2823,"type":"runner:file-start","elapsedMs":56683.353047}
check	Run verification	2026-10-05T13:30:48.0903228Z runner: file lifecycle {"entryFile":"/home/runner/work/vibe-fs/vibe-fs/requirements/durable-convergence/tests/002.test.mjs","type":"runner:file-drained","elapsedMs":57173.807781999996}
check	Run verification	2026-10-05T13:30:48.0922282Z runner: file lifecycle {"entryFile":"/home/runner/work/vibe-fs/vibe-fs/requirements/durable-convergence/tests/003.test.mjs","pid":2832,"parentPid":2823,"type":"runner:file-start","elapsedMs":57175.946313}
check	Run verification	2026-10-05T13:30:48.4190979Z runner: file lifecycle {"entryFile":"/home/runner/work/vibe-fs/vibe-fs/requirements/durable-convergence/tests/003.test.mjs","type":"runner:file-drained","elapsedMs":57502.712113999994}
check	Run verification	2026-10-05T13:30:48.4222480Z runner: file lifecycle {"entryFile":"/home/runner/work/vibe-fs/vibe-fs/requirements/durable-convergence/tests/004.test.mjs","pid":2832,"parentPid":2823,"type":"runner:file-start","elapsedMs":57504.84009}
check	Run verification	2026-10-05T13:30:48.6022069Z runner: file lifecycle {"entryFile":"/home/runner/work/vibe-fs/vibe-fs/requirements/durable-convergence/tests/004.test.mjs","type":"runner:file-drained","elapsedMs":57685.807134999995}
check	Run verification	2026-10-05T13:30:48.6042849Z runner: file lifecycle {"entryFile":"/home/runner/work/vibe-fs/vibe-fs/requirements/durable-convergence/tests/005.test.mjs","pid":2832,"parentPid":2823,"type":"runner:file-start","elapsedMs":57687.996121}
check	Run verification	2026-10-05T13:30:48.6975436Z runner: file lifecycle {"entryFile":"/home/runner/work/vibe-fs/vibe-fs/requirements/distribution/tests/007.test.mjs","type":"runner:file-drained","elapsedMs":57781.13658}
check	Run verification	2026-10-05T13:30:48.6993894Z runner: file lifecycle {"entryFile":"/home/runner/work/vibe-fs/vibe-fs/requirements/durable-convergence/tests/006.test.mjs","pid":2832,"parentPid":2823,"type":"runner:file-start","elapsedMs":57783.180358}
check	Run verification	2026-10-05T13:30:48.7864106Z runner: file lifecycle {"entryFile":"/home/runner/work/vibe-fs/vibe-fs/requirements/durable-convergence/tests/005.test.mjs","type":"runner:file-drained","elapsedMs":57870.050693}
check	Run verification	2026-10-05T13:30:48.7890589Z runner: file lifecycle {"entryFile":"/home/runner/work/vibe-fs/vibe-fs/requirements/durable-convergence/tests/007.test.mjs","pid":2832,"parentPid":2823,"type":"runner:file-start","elapsedMs":57872.676108}
check	Run verification	2026-10-05T13:30:48.8903090Z runner: file lifecycle {"entryFile":"/home/runner/work/vibe-fs/vibe-fs/requirements/durable-convergence/tests/006.test.mjs","type":"runner:file-drained","elapsedMs":57973.911007999995}
check	Run verification	2026-10-05T13:30:48.8921806Z runner: file lifecycle {"entryFile":"/home/runner/work/vibe-fs/vibe-fs/requirements/durable-convergence/tests/008.test.mjs","pid":2832,"parentPid":2823,"type":"runner:file-start","elapsedMs":57975.936759}
check	Run verification	2026-10-05T13:30:49.0516975Z runner: file lifecycle {"entryFile":"/home/runner/work/vibe-fs/vibe-fs/requirements/durable-convergence/tests/007.test.mjs","type":"runner:file-drained","elapsedMs":58135.391313}
check	Run verification	2026-10-05T13:30:49.0541711Z runner: file lifecycle {"entryFile":"/home/runner/work/vibe-fs/vibe-fs/requirements/durable-convergence/tests/009.test.mjs","pid":2832,"parentPid":2823,"type":"runner:file-start","elapsedMs":58137.929315999994}
check	Run verification	2026-10-05T13:30:49.2645031Z runner: file lifecycle {"entryFile":"/home/runner/work/vibe-fs/vibe-fs/requirements/durable-convergence/tests/008.test.mjs","type":"runner:file-drained","elapsedMs":58347.851049}
check	Run verification	2026-10-05T13:30:49.2673248Z runner: file lifecycle {"entryFile":"/home/runner/work/vibe-fs/vibe-fs/requirements/durable-convergence/tests/010.test.mjs","pid":2832,"parentPid":2823,"type":"runner:file-start","elapsedMs":58350.093946999994}
check	Run verification	2026-10-05T13:30:49.3127617Z runner: file lifecycle {"entryFile":"/home/runner/work/vibe-fs/vibe-fs/requirements/durable-convergence/tests/009.test.mjs","type":"runner:file-drained","elapsedMs":58396.272647}
check	Run verification	2026-10-05T13:30:49.3153493Z runner: file lifecycle {"entryFile":"/home/runner/work/vibe-fs/vibe-fs/requirements/durable-convergence/tests/011.test.mjs","pid":2832,"parentPid":2823,"type":"runner:file-start","elapsedMs":58399.102137999995}
check	Run verification	2026-10-05T13:30:49.6133343Z runner: file lifecycle {"entryFile":"/home/runner/work/vibe-fs/vibe-fs/requirements/durable-convergence/tests/010.test.mjs","type":"runner:file-drained","elapsedMs":58696.81264}
check	Run verification	2026-10-05T13:30:49.6150668Z runner: file lifecycle {"entryFile":"/home/runner/work/vibe-fs/vibe-fs/requirements/durable-events/tests/001.test.mjs","pid":2832,"parentPid":2823,"type":"runner:file-start","elapsedMs":58698.774605}
check	Run verification	2026-10-05T13:30:49.8357308Z runner: file lifecycle {"entryFile":"/home/runner/work/vibe-fs/vibe-fs/requirements/durable-convergence/tests/011.test.mjs","type":"runner:file-drained","elapsedMs":58919.359767999995}
check	Run verification	2026-10-05T13:30:49.8377233Z runner: file lifecycle {"entryFile":"/home/runner/work/vibe-fs/vibe-fs/requirements/durable-events/tests/002.test.mjs","pid":2832,"parentPid":2823,"type":"runner:file-start","elapsedMs":58921.407853}
check	Run verification	2026-10-05T13:30:49.8385476Z runner: file lifecycle {"entryFile":"/home/runner/work/vibe-fs/vibe-fs/requirements/durable-events/tests/001.test.mjs","type":"runner:file-drained","elapsedMs":58922.107907}
check	Run verification	2026-10-05T13:30:49.8401586Z runner: file lifecycle {"entryFile":"/home/runner/work/vibe-fs/vibe-fs/requirements/durable-events/tests/003.test.mjs","pid":2832,"parentPid":2823,"type":"runner:file-start","elapsedMs":58923.916621}
check	Run verification	2026-10-05T13:30:50.0693310Z runner: file lifecycle {"entryFile":"/home/runner/work/vibe-fs/vibe-fs/requirements/durable-events/tests/003.test.mjs","type":"runner:file-drained","elapsedMs":59150.295431}
check	Run verification	2026-10-05T13:30:50.0733050Z runner: file lifecycle {"entryFile":"/home/runner/work/vibe-fs/vibe-fs/requirements/durable-events/tests/004.test.mjs","pid":2832,"parentPid":2823,"type":"runner:file-start","elapsedMs":59152.511238}
check	Run verification	2026-10-05T13:30:50.4606944Z runner: file lifecycle {"entryFile":"/home/runner/work/vibe-fs/vibe-fs/requirements/durable-events/tests/004.test.mjs","type":"runner:file-drained","elapsedMs":59544.338037999994}
check	Run verification	2026-10-05T13:30:50.4627409Z runner: file lifecycle {"entryFile":"/home/runner/work/vibe-fs/vibe-fs/requirements/durable-events/tests/005.test.mjs","pid":2832,"parentPid":2823,"type":"runner:file-start","elapsedMs":59546.437089}
check	Run verification	2026-10-05T13:30:50.7904009Z runner: file lifecycle {"entryFile":"/home/runner/work/vibe-fs/vibe-fs/requirements/durable-events/tests/005.test.mjs","type":"runner:file-drained","elapsedMs":59873.820082}
check	Run verification	2026-10-05T13:30:50.7933003Z runner: file lifecycle {"entryFile":"/home/runner/work/vibe-fs/vibe-fs/requirements/durable-events/tests/006.test.mjs","pid":2832,"parentPid":2823,"type":"runner:file-start","elapsedMs":59876.088106999996}
check	Run verification	2026-10-05T13:30:51.0574408Z runner: file lifecycle {"entryFile":"/home/runner/work/vibe-fs/vibe-fs/requirements/durable-events/tests/006.test.mjs","type":"runner:file-drained","elapsedMs":60140.749003}
check	Run verification	2026-10-05T13:30:51.0591253Z runner: file lifecycle {"entryFile":"/home/runner/work/vibe-fs/vibe-fs/requirements/durable-events/tests/007.test.mjs","pid":2832,"parentPid":2823,"type":"runner:file-start","elapsedMs":60142.827442999995}
check	Run verification	2026-10-05T13:30:51.2648838Z runner: file lifecycle {"entryFile":"/home/runner/work/vibe-fs/vibe-fs/requirements/durable-events/tests/007.test.mjs","type":"runner:file-drained","elapsedMs":60348.594358999995}
check	Run verification	2026-10-05T13:30:51.2666846Z runner: file lifecycle {"entryFile":"/home/runner/work/vibe-fs/vibe-fs/requirements/durable-events/tests/008.test.mjs","pid":2832,"parentPid":2823,"type":"runner:file-start","elapsedMs":60350.542233}
check	Run verification	2026-10-05T13:30:51.2674787Z runner: file lifecycle {"entryFile":"/home/runner/work/vibe-fs/vibe-fs/requirements/durable-events/tests/002.test.mjs","type":"runner:file-drained","elapsedMs":60351.35026}
check	Run verification	2026-10-05T13:30:51.2703078Z runner: file lifecycle {"entryFile":"/home/runner/work/vibe-fs/vibe-fs/requirements/durable-events/tests/009.test.mjs","pid":2832,"parentPid":2823,"type":"runner:file-start","elapsedMs":60353.166496}
check	Run verification	2026-10-05T13:30:51.4517187Z runner: file lifecycle {"entryFile":"/home/runner/work/vibe-fs/vibe-fs/requirements/durable-events/tests/008.test.mjs","type":"runner:file-drained","elapsedMs":60533.30854699999}
check	Run verification	2026-10-05T13:30:51.4530379Z runner: file lifecycle {"entryFile":"/home/runner/work/vibe-fs/vibe-fs/requirements/durable-events/tests/010.test.mjs","pid":2832,"parentPid":2823,"type":"runner:file-start","elapsedMs":60535.647939999995}
check	Run verification	2026-10-05T13:30:51.7053342Z runner: file lifecycle {"entryFile":"/home/runner/work/vibe-fs/vibe-fs/requirements/durable-events/tests/010.test.mjs","type":"runner:file-drained","elapsedMs":60788.973586}
check	Run verification	2026-10-05T13:30:51.7072782Z runner: file lifecycle {"entryFile":"/home/runner/work/vibe-fs/vibe-fs/requirements/durable-events/tests/011.test.mjs","pid":2832,"parentPid":2823,"type":"runner:file-start","elapsedMs":60791.019118}
check	Run verification	2026-10-05T13:30:51.9061659Z runner: file lifecycle {"entryFile":"/home/runner/work/vibe-fs/vibe-fs/requirements/durable-events/tests/011.test.mjs","type":"runner:file-drained","elapsedMs":60989.786003999994}
check	Run verification	2026-10-05T13:30:51.9079116Z runner: file lifecycle {"entryFile":"/home/runner/work/vibe-fs/vibe-fs/requirements/durable-events/tests/012.test.mjs","pid":2832,"parentPid":2823,"type":"runner:file-start","elapsedMs":60991.621739999995}
check	Run verification	2026-10-05T13:30:52.2330071Z runner: file lifecycle {"entryFile":"/home/runner/work/vibe-fs/vibe-fs/requirements/durable-events/tests/012.test.mjs","type":"runner:file-drained","elapsedMs":61316.586651}
check	Run verification	2026-10-05T13:30:52.2347246Z runner: file lifecycle {"entryFile":"/home/runner/work/vibe-fs/vibe-fs/requirements/durable-events/tests/013.test.mjs","pid":2832,"parentPid":2823,"type":"runner:file-start","elapsedMs":61318.506021999994}
check	Run verification	2026-10-05T13:30:52.6685424Z runner: file lifecycle {"entryFile":"/home/runner/work/vibe-fs/vibe-fs/requirements/durable-events/tests/013.test.mjs","type":"runner:file-drained","elapsedMs":61752.106332999996}
check	Run verification	2026-10-05T13:30:52.6703052Z runner: file lifecycle {"entryFile":"/home/runner/work/vibe-fs/vibe-fs/requirements/durable-events/tests/014.test.mjs","pid":2832,"parentPid":2823,"type":"runner:file-start","elapsedMs":61754.083021}
check	Run verification	2026-10-05T13:30:52.7274623Z runner: file lifecycle {"entryFile":"/home/runner/work/vibe-fs/vibe-fs/requirements/durable-events/tests/009.test.mjs","type":"runner:file-drained","elapsedMs":61810.480904}
check	Run verification	2026-10-05T13:30:52.7301727Z runner: file lifecycle {"entryFile":"/home/runner/work/vibe-fs/vibe-fs/requirements/durable-events/tests/015.test.mjs","pid":2832,"parentPid":2823,"type":"runner:file-start","elapsedMs":61813.910009}
check	Run verification	2026-10-05T13:30:52.9275593Z runner: file lifecycle {"entryFile":"/home/runner/work/vibe-fs/vibe-fs/requirements/durable-events/tests/015.test.mjs","type":"runner:file-drained","elapsedMs":62011.123937}
check	Run verification	2026-10-05T13:30:52.9393030Z runner: file lifecycle {"entryFile":"/home/runner/work/vibe-fs/vibe-fs/requirements/durable-events/tests/016.test.mjs","pid":2832,"parentPid":2823,"type":"runner:file-start","elapsedMs":62017.220069999996}
check	Run verification	2026-10-05T13:30:52.9923873Z runner: file lifecycle {"entryFile":"/home/runner/work/vibe-fs/vibe-fs/requirements/durable-events/tests/014.test.mjs","type":"runner:file-drained","elapsedMs":62075.99972}
check	Run verification	2026-10-05T13:30:52.9943320Z runner: file lifecycle {"entryFile":"/home/runner/work/vibe-fs/vibe-fs/requirements/durable-events/tests/017.test.mjs","pid":2832,"parentPid":2823,"type":"runner:file-start","elapsedMs":62077.94478}
check	Run verification	2026-10-05T13:30:53.1866623Z runner: file lifecycle {"entryFile":"/home/runner/work/vibe-fs/vibe-fs/requirements/durable-events/tests/017.test.mjs","type":"runner:file-drained","elapsedMs":62270.315642999994}
check	Run verification	2026-10-05T13:30:53.1890585Z runner: file lifecycle {"entryFile":"/home/runner/work/vibe-fs/vibe-fs/requirements/durable-events/tests/018.test.mjs","pid":2832,"parentPid":2823,"type":"runner:file-start","elapsedMs":62270.571918999995}
check	Run verification	2026-10-05T13:30:53.5093892Z runner: file lifecycle {"entryFile":"/home/runner/work/vibe-fs/vibe-fs/requirements/durable-events/tests/018.test.mjs","type":"runner:file-drained","elapsedMs":62592.207915}
check	Run verification	2026-10-05T13:30:53.5113426Z runner: file lifecycle {"entryFile":"/home/runner/work/vibe-fs/vibe-fs/requirements/durable-events/tests/019.test.mjs","pid":2832,"parentPid":2823,"type":"runner:file-start","elapsedMs":62594.433597999996}
check	Run verification	2026-10-05T13:30:54.3324566Z runner: file lifecycle {"entryFile":"/home/runner/work/vibe-fs/vibe-fs/requirements/durable-events/tests/016.test.mjs","type":"runner:file-drained","elapsedMs":63416.116747}
check	Run verification	2026-10-05T13:30:54.3347877Z runner: file lifecycle {"entryFile":"/home/runner/work/vibe-fs/vibe-fs/requirements/durable-events/tests/020.test.mjs","pid":2832,"parentPid":2823,"type":"runner:file-start","elapsedMs":63418.457803}
check	Run verification	2026-10-05T13:30:54.5764736Z runner: file lifecycle {"entryFile":"/home/runner/work/vibe-fs/vibe-fs/requirements/durable-events/tests/020.test.mjs","type":"runner:file-drained","elapsedMs":63660.026773}
check	Run verification	2026-10-05T13:30:54.5783717Z runner: file lifecycle {"entryFile":"/home/runner/work/vibe-fs/vibe-fs/requirements/durable-events/tests/021.test.mjs","pid":2832,"parentPid":2823,"type":"runner:file-start","elapsedMs":63662.100517}
check	Run verification	2026-10-05T13:30:54.7701276Z runner: file lifecycle {"entryFile":"/home/runner/work/vibe-fs/vibe-fs/requirements/durable-events/tests/021.test.mjs","type":"runner:file-drained","elapsedMs":63853.800799}
check	Run verification	2026-10-05T13:30:54.7728731Z runner: file lifecycle {"entryFile":"/home/runner/work/vibe-fs/vibe-fs/requirements/durable-events/tests/022.test.mjs","pid":2832,"parentPid":2823,"type":"runner:file-start","elapsedMs":63856.070848999996}
check	Run verification	2026-10-05T13:30:54.9567142Z runner: file lifecycle {"entryFile":"/home/runner/work/vibe-fs/vibe-fs/requirements/durable-events/tests/022.test.mjs","type":"runner:file-drained","elapsedMs":64039.51856}
check	Run verification	2026-10-05T13:30:54.9584552Z runner: file lifecycle {"entryFile":"/home/runner/work/vibe-fs/vibe-fs/requirements/durable-events/tests/023.test.mjs","pid":2832,"parentPid":2823,"type":"runner:file-start","elapsedMs":64041.441647}
check	Run verification	2026-10-05T13:30:55.0191484Z runner: file lifecycle {"entryFile":"/home/runner/work/vibe-fs/vibe-fs/requirements/durable-events/tests/019.test.mjs","type":"runner:file-drained","elapsedMs":64102.763206999996}
check	Run verification	2026-10-05T13:30:55.0225001Z runner: file lifecycle {"entryFile":"/home/runner/work/vibe-fs/vibe-fs/requirements/durable-events/tests/024.test.mjs","pid":2832,"parentPid":2823,"type":"runner:file-start","elapsedMs":64106.184389999995}
check	Run verification	2026-10-05T13:30:55.0701062Z runner: file lifecycle {"entryFile":"/home/runner/work/vibe-fs/vibe-fs/requirements/durable-events/tests/024.test.mjs","type":"runner:file-drained","elapsedMs":64153.748246999996}
check	Run verification	2026-10-05T13:30:55.0734745Z runner: file lifecycle {"entryFile":"/home/runner/work/vibe-fs/vibe-fs/requirements/durable-events/tests/025.test.mjs","pid":2832,"parentPid":2823,"type":"runner:file-start","elapsedMs":64155.627828}
check	Run verification	2026-10-05T13:30:55.3578607Z runner: file lifecycle {"entryFile":"/home/runner/work/vibe-fs/vibe-fs/requirements/durable-events/tests/025.test.mjs","type":"runner:file-drained","elapsedMs":64441.533813999995}
check	Run verification	2026-10-05T13:30:55.3598908Z runner: file lifecycle {"entryFile":"/home/runner/work/vibe-fs/vibe-fs/requirements/effect-accounting/tests/001.test.mjs","pid":2832,"parentPid":2823,"type":"runner:file-start","elapsedMs":64443.622651}
check	Run verification	2026-10-05T13:30:55.5065860Z runner: file lifecycle {"entryFile":"/home/runner/work/vibe-fs/vibe-fs/requirements/durable-events/tests/023.test.mjs","type":"runner:file-drained","elapsedMs":64589.803345}
check	Run verification	2026-10-05T13:30:55.5094496Z runner: file lifecycle {"entryFile":"/home/runner/work/vibe-fs/vibe-fs/requirements/effect-accounting/tests/002.test.mjs","pid":2832,"parentPid":2823,"type":"runner:file-start","elapsedMs":64592.105163}
check	Run verification	2026-10-05T13:30:55.5157841Z runner: file lifecycle {"entryFile":"/home/runner/work/vibe-fs/vibe-fs/requirements/effect-accounting/tests/001.test.mjs","type":"runner:file-drained","elapsedMs":64599.510426999994}
check	Run verification	2026-10-05T13:30:55.5176837Z runner: file lifecycle {"entryFile":"/home/runner/work/vibe-fs/vibe-fs/requirements/effect-accounting/tests/003.test.mjs","pid":2832,"parentPid":2823,"type":"runner:file-start","elapsedMs":64601.475416999994}
check	Run verification	2026-10-05T13:30:55.6759250Z runner: file lifecycle {"entryFile":"/home/runner/work/vibe-fs/vibe-fs/requirements/effect-accounting/tests/002.test.mjs","type":"runner:file-drained","elapsedMs":64759.56408}
check	Run verification	2026-10-05T13:30:55.6782861Z runner: file lifecycle {"entryFile":"/home/runner/work/vibe-fs/vibe-fs/requirements/effect-accounting/tests/004.test.mjs","pid":2832,"parentPid":2823,"type":"runner:file-start","elapsedMs":64761.961741}
check	Run verification	2026-10-05T13:30:55.8646773Z runner: file lifecycle {"entryFile":"/home/runner/work/vibe-fs/vibe-fs/requirements/effect-accounting/tests/004.test.mjs","type":"runner:file-drained","elapsedMs":64947.738249999995}
check	Run verification	2026-10-05T13:30:55.8689341Z runner: file lifecycle {"entryFile":"/home/runner/work/vibe-fs/vibe-fs/requirements/effect-accounting/tests/005.test.mjs","pid":2832,"parentPid":2823,"type":"runner:file-start","elapsedMs":64952.594836}
check	Run verification	2026-10-05T13:30:55.8832251Z fatal: not a git repository (or any of the parent directories): .git
check	Run verification	2026-10-05T13:30:55.9047155Z fatal: not a git repository (or any of the parent directories): .git
check	Run verification	2026-10-05T13:30:55.9457126Z runner: file lifecycle {"entryFile":"/home/runner/work/vibe-fs/vibe-fs/requirements/effect-accounting/tests/003.test.mjs","type":"runner:file-drained","elapsedMs":65027.948191999996}
check	Run verification	2026-10-05T13:30:55.9458365Z runner: file lifecycle {"entryFile":"/home/runner/work/vibe-fs/vibe-fs/requirements/effect-accounting/tests/006.test.mjs","pid":2832,"parentPid":2823,"type":"runner:file-start","elapsedMs":65029.548452999996}
check	Run verification	2026-10-05T13:30:56.1877044Z runner: file lifecycle {"entryFile":"/home/runner/work/vibe-fs/vibe-fs/requirements/effect-accounting/tests/005.test.mjs","type":"runner:file-drained","elapsedMs":65271.356524}
check	Run verification	2026-10-05T13:30:56.1929769Z runner: file lifecycle {"entryFile":"/home/runner/work/vibe-fs/vibe-fs/requirements/effect-accounting/tests/007.test.mjs","pid":2832,"parentPid":2823,"type":"runner:file-start","elapsedMs":65276.18193199999}
check	Run verification	2026-10-05T13:30:56.2869230Z runner: file lifecycle {"entryFile":"/home/runner/work/vibe-fs/vibe-fs/requirements/effect-accounting/tests/006.test.mjs","type":"runner:file-drained","elapsedMs":65370.512493999995}
check	Run verification	2026-10-05T13:30:56.2888719Z runner: file lifecycle {"entryFile":"/home/runner/work/vibe-fs/vibe-fs/requirements/effect-accounting/tests/008.test.mjs","pid":2832,"parentPid":2823,"type":"runner:file-start","elapsedMs":65372.61951799999}
check	Run verification	2026-10-05T13:30:56.3954838Z runner: file lifecycle {"entryFile":"/home/runner/work/vibe-fs/vibe-fs/requirements/effect-accounting/tests/007.test.mjs","type":"runner:file-drained","elapsedMs":65479.24161499999}
check	Run verification	2026-10-05T13:30:56.3978399Z runner: file lifecycle {"entryFile":"/home/runner/work/vibe-fs/vibe-fs/requirements/effect-accounting/tests/010.test.mjs","pid":2832,"parentPid":2823,"type":"runner:file-start","elapsedMs":65481.58166899999}
check	Run verification	2026-10-05T13:30:56.4886782Z runner: file lifecycle {"entryFile":"/home/runner/work/vibe-fs/vibe-fs/requirements/effect-accounting/tests/010.test.mjs","type":"runner:file-drained","elapsedMs":65572.24853299999}
check	Run verification	2026-10-05T13:30:56.4904547Z runner: file lifecycle {"entryFile":"/home/runner/work/vibe-fs/vibe-fs/requirements/effect-accounting/tests/012.test.mjs","pid":2832,"parentPid":2823,"type":"runner:file-start","elapsedMs":65574.196778}
check	Run verification	2026-10-05T13:30:56.6485405Z runner: file lifecycle {"entryFile":"/home/runner/work/vibe-fs/vibe-fs/requirements/effect-accounting/tests/012.test.mjs","type":"runner:file-drained","elapsedMs":65732.180041}
check	Run verification	2026-10-05T13:30:56.6513678Z runner: file lifecycle {"entryFile":"/home/runner/work/vibe-fs/vibe-fs/requirements/execution-failure-policy/tests/001.test.mjs","pid":2832,"parentPid":2823,"type":"runner:file-start","elapsedMs":65734.33572799999}
check	Run verification	2026-10-05T13:30:56.7175102Z runner: file lifecycle {"entryFile":"/home/runner/work/vibe-fs/vibe-fs/requirements/execution-failure-policy/tests/001.test.mjs","type":"runner:file-drained","elapsedMs":65800.31974199999}
check	Run verification	2026-10-05T13:30:56.7194167Z runner: file lifecycle {"entryFile":"/home/runner/work/vibe-fs/vibe-fs/requirements/execution-failure-policy/tests/002.test.mjs","pid":2832,"parentPid":2823,"type":"runner:file-start","elapsedMs":65802.273434}
check	Run verification	2026-10-05T13:30:57.0111475Z runner: file lifecycle {"entryFile":"/home/runner/work/vibe-fs/vibe-fs/requirements/effect-accounting/tests/008.test.mjs","type":"runner:file-drained","elapsedMs":66094.76525099999}
check	Run verification	2026-10-05T13:30:57.0162819Z runner: file lifecycle {"entryFile":"/home/runner/work/vibe-fs/vibe-fs/requirements/execution-failure-policy/tests/003.test.mjs","pid":2832,"parentPid":2823,"type":"runner:file-start","elapsedMs":66099.210838}
check	Run verification	2026-10-05T13:30:57.2650514Z runner: file lifecycle {"entryFile":"/home/runner/work/vibe-fs/vibe-fs/requirements/execution-failure-policy/tests/002.test.mjs","type":"runner:file-drained","elapsedMs":66348.606087}
check	Run verification	2026-10-05T13:30:57.2678226Z runner: file lifecycle {"entryFile":"/home/runner/work/vibe-fs/vibe-fs/requirements/execution-failure-policy/tests/004.test.mjs","pid":2832,"parentPid":2823,"type":"runner:file-start","elapsedMs":66351.519686}
check	Run verification	2026-10-05T13:30:57.3574893Z runner: file lifecycle {"entryFile":"/home/runner/work/vibe-fs/vibe-fs/requirements/execution-failure-policy/tests/004.test.mjs","type":"runner:file-drained","elapsedMs":66440.375552}
check	Run verification	2026-10-05T13:30:57.3586211Z runner: file lifecycle {"entryFile":"/home/runner/work/vibe-fs/vibe-fs/requirements/execution-failure-policy/tests/005.test.mjs","pid":2832,"parentPid":2823,"type":"runner:file-start","elapsedMs":66442.405119}
check	Run verification	2026-10-05T13:30:57.4283919Z runner: file lifecycle {"entryFile":"/home/runner/work/vibe-fs/vibe-fs/requirements/execution-failure-policy/tests/005.test.mjs","type":"runner:file-drained","elapsedMs":66511.932729}
check	Run verification	2026-10-05T13:30:57.4304408Z runner: file lifecycle {"entryFile":"/home/runner/work/vibe-fs/vibe-fs/requirements/execution-failure-policy/tests/006.test.mjs","pid":2832,"parentPid":2823,"type":"runner:file-start","elapsedMs":66514.178302}
check	Run verification	2026-10-05T13:30:57.5231193Z runner: file lifecycle {"entryFile":"/home/runner/work/vibe-fs/vibe-fs/requirements/execution-failure-policy/tests/003.test.mjs","type":"runner:file-drained","elapsedMs":66606.710825}
check	Run verification	2026-10-05T13:30:57.5267939Z runner: file lifecycle {"entryFile":"/home/runner/work/vibe-fs/vibe-fs/requirements/execution-failure-policy/tests/007.test.mjs","pid":2832,"parentPid":2823,"type":"runner:file-start","elapsedMs":66609.254287}
check	Run verification	2026-10-05T13:30:57.7055301Z runner: file lifecycle {"entryFile":"/home/runner/work/vibe-fs/vibe-fs/requirements/execution-failure-policy/tests/007.test.mjs","type":"runner:file-drained","elapsedMs":66789.127935}
check	Run verification	2026-10-05T13:30:57.7083509Z runner: file lifecycle {"entryFile":"/home/runner/work/vibe-fs/vibe-fs/requirements/execution-failure-policy/tests/008.test.mjs","pid":2832,"parentPid":2823,"type":"runner:file-start","elapsedMs":66791.109039}
check	Run verification	2026-10-05T13:30:57.8874662Z runner: file lifecycle {"entryFile":"/home/runner/work/vibe-fs/vibe-fs/requirements/execution-failure-policy/tests/008.test.mjs","type":"runner:file-drained","elapsedMs":66970.917598}
check	Run verification	2026-10-05T13:30:57.8902902Z runner: file lifecycle {"entryFile":"/home/runner/work/vibe-fs/vibe-fs/requirements/execution-failure-policy/tests/009.test.mjs","pid":2832,"parentPid":2823,"type":"runner:file-start","elapsedMs":66973.249149}
check	Run verification	2026-10-05T13:30:57.9437121Z runner: file lifecycle {"entryFile":"/home/runner/work/vibe-fs/vibe-fs/requirements/execution-failure-policy/tests/006.test.mjs","type":"runner:file-drained","elapsedMs":67027.312186}
check	Run verification	2026-10-05T13:30:57.9447683Z runner: file lifecycle {"entryFile":"/home/runner/work/vibe-fs/vibe-fs/requirements/execution-failure-policy/tests/010.test.mjs","pid":2832,"parentPid":2823,"type":"runner:file-start","elapsedMs":67028.497432}
check	Run verification	2026-10-05T13:30:57.9560373Z runner: file lifecycle {"entryFile":"/home/runner/work/vibe-fs/vibe-fs/requirements/execution-failure-policy/tests/009.test.mjs","type":"runner:file-drained","elapsedMs":67039.621147}
check	Run verification	2026-10-05T13:30:57.9585221Z runner: file lifecycle {"entryFile":"/home/runner/work/vibe-fs/vibe-fs/requirements/execution-failure-policy/tests/011.test.mjs","pid":2832,"parentPid":2823,"type":"runner:file-start","elapsedMs":67042.228615}
check	Run verification	2026-10-05T13:30:58.4862980Z runner: file lifecycle {"entryFile":"/home/runner/work/vibe-fs/vibe-fs/requirements/execution-failure-policy/tests/011.test.mjs","type":"runner:file-drained","elapsedMs":67566.70608599999}
check	Run verification	2026-10-05T13:30:58.4898973Z runner: file lifecycle {"entryFile":"/home/runner/work/vibe-fs/vibe-fs/requirements/execution-failure-policy/tests/012.test.mjs","pid":2832,"parentPid":2823,"type":"runner:file-start","elapsedMs":67572.24245599999}
check	Run verification	2026-10-05T13:30:58.5473131Z runner: file lifecycle {"entryFile":"/home/runner/work/vibe-fs/vibe-fs/requirements/execution-failure-policy/tests/010.test.mjs","type":"runner:file-drained","elapsedMs":67630.928996}
check	Run verification	2026-10-05T13:30:58.5497341Z runner: file lifecycle {"entryFile":"/home/runner/work/vibe-fs/vibe-fs/requirements/execution-failure-policy/tests/013.test.mjs","pid":2832,"parentPid":2823,"type":"runner:file-start","elapsedMs":67633.39472099999}
check	Run verification	2026-10-05T13:30:58.6188079Z runner: file lifecycle {"entryFile":"/home/runner/work/vibe-fs/vibe-fs/requirements/execution-failure-policy/tests/013.test.mjs","type":"runner:file-drained","elapsedMs":67702.046553}
check	Run verification	2026-10-05T13:30:58.6210292Z runner: file lifecycle {"entryFile":"/home/runner/work/vibe-fs/vibe-fs/requirements/execution-failure-policy/tests/014.test.mjs","pid":2832,"parentPid":2823,"type":"runner:file-start","elapsedMs":67704.736305}
check	Run verification	2026-10-05T13:30:58.6732635Z runner: file lifecycle {"entryFile":"/home/runner/work/vibe-fs/vibe-fs/requirements/execution-failure-policy/tests/014.test.mjs","type":"runner:file-drained","elapsedMs":67756.945628}
check	Run verification	2026-10-05T13:30:58.6753321Z runner: file lifecycle {"entryFile":"/home/runner/work/vibe-fs/vibe-fs/requirements/execution-model-routing/tests/001.test.mjs","pid":2832,"parentPid":2823,"type":"runner:file-start","elapsedMs":67758.876697}
check	Run verification	2026-10-05T13:30:58.6833607Z runner: file lifecycle {"entryFile":"/home/runner/work/vibe-fs/vibe-fs/requirements/execution-failure-policy/tests/012.test.mjs","type":"runner:file-drained","elapsedMs":67766.403285}
check	Run verification	2026-10-05T13:30:58.6854272Z runner: file lifecycle {"entryFile":"/home/runner/work/vibe-fs/vibe-fs/requirements/execution-model-routing/tests/002.test.mjs","pid":2832,"parentPid":2823,"type":"runner:file-start","elapsedMs":67768.43322199999}
check	Run verification	2026-10-05T13:30:58.7727030Z runner: file lifecycle {"entryFile":"/home/runner/work/vibe-fs/vibe-fs/requirements/execution-model-routing/tests/001.test.mjs","type":"runner:file-drained","elapsedMs":67856.34901199999}
check	Run verification	2026-10-05T13:30:58.7748581Z runner: file lifecycle {"entryFile":"/home/runner/work/vibe-fs/vibe-fs/requirements/execution-model-routing/tests/003.test.mjs","pid":2832,"parentPid":2823,"type":"runner:file-start","elapsedMs":67858.51516499999}
check	Run verification	2026-10-05T13:30:58.8106129Z runner: file lifecycle {"entryFile":"/home/runner/work/vibe-fs/vibe-fs/requirements/execution-model-routing/tests/002.test.mjs","type":"runner:file-drained","elapsedMs":67893.880666}
check	Run verification	2026-10-05T13:30:58.8119636Z runner: file lifecycle {"entryFile":"/home/runner/work/vibe-fs/vibe-fs/requirements/execution-model-routing/tests/004.test.mjs","pid":2832,"parentPid":2823,"type":"runner:file-start","elapsedMs":67895.647587}
check	Run verification	2026-10-05T13:30:58.9243258Z runner: file lifecycle {"entryFile":"/home/runner/work/vibe-fs/vibe-fs/requirements/execution-model-routing/tests/004.test.mjs","type":"runner:file-drained","elapsedMs":68007.735739}
check	Run verification	2026-10-05T13:30:58.9284130Z runner: file lifecycle {"entryFile":"/home/runner/work/vibe-fs/vibe-fs/requirements/execution-model-routing/tests/005.test.mjs","pid":2832,"parentPid":2823,"type":"runner:file-start","elapsedMs":68011.121128}
check	Run verification	2026-10-05T13:30:59.0325803Z runner: file lifecycle {"entryFile":"/home/runner/work/vibe-fs/vibe-fs/requirements/execution-model-routing/tests/005.test.mjs","type":"runner:file-drained","elapsedMs":68116.221013}
check	Run verification	2026-10-05T13:30:59.0334296Z runner: file lifecycle {"entryFile":"/home/runner/work/vibe-fs/vibe-fs/requirements/execution-model-routing/tests/006.test.mjs","pid":2832,"parentPid":2823,"type":"runner:file-start","elapsedMs":68117.207858}
check	Run verification	2026-10-05T13:30:59.1410718Z runner: file lifecycle {"entryFile":"/home/runner/work/vibe-fs/vibe-fs/requirements/execution-model-routing/tests/006.test.mjs","type":"runner:file-drained","elapsedMs":68224.794619}
check	Run verification	2026-10-05T13:30:59.1435351Z runner: file lifecycle {"entryFile":"/home/runner/work/vibe-fs/vibe-fs/requirements/execution-model-routing/tests/007.test.mjs","pid":2832,"parentPid":2823,"type":"runner:file-start","elapsedMs":68227.29313199999}
check	Run verification	2026-10-05T13:30:59.2355510Z runner: file lifecycle {"entryFile":"/home/runner/work/vibe-fs/vibe-fs/requirements/execution-model-routing/tests/007.test.mjs","type":"runner:file-drained","elapsedMs":68319.205863}
check	Run verification	2026-10-05T13:30:59.2383898Z runner: file lifecycle {"entryFile":"/home/runner/work/vibe-fs/vibe-fs/requirements/execution-model-routing/tests/008.test.mjs","pid":2832,"parentPid":2823,"type":"runner:file-start","elapsedMs":68321.134047}
check	Run verification	2026-10-05T13:31:00.2645487Z runner: file lifecycle {"entryFile":"/home/runner/work/vibe-fs/vibe-fs/requirements/execution-model-routing/tests/008.test.mjs","type":"runner:file-drained","elapsedMs":69347.364191}
check	Run verification	2026-10-05T13:31:00.2682892Z runner: file lifecycle {"entryFile":"/home/runner/work/vibe-fs/vibe-fs/requirements/execution-model-routing/tests/009.test.mjs","pid":2832,"parentPid":2823,"type":"runner:file-start","elapsedMs":69351.118357}
check	Run verification	2026-10-05T13:31:01.3159616Z runner: file lifecycle {"entryFile":"/home/runner/work/vibe-fs/vibe-fs/requirements/execution-model-routing/tests/003.test.mjs","type":"runner:file-drained","elapsedMs":70399.276741}
check	Run verification	2026-10-05T13:31:01.3234609Z runner: file lifecycle {"entryFile":"/home/runner/work/vibe-fs/vibe-fs/requirements/execution-model-routing/tests/010.test.mjs","pid":2832,"parentPid":2823,"type":"runner:file-start","elapsedMs":70404.339157}
check	Run verification	2026-10-05T13:31:01.6676740Z runner: file lifecycle {"entryFile":"/home/runner/work/vibe-fs/vibe-fs/requirements/execution-model-routing/tests/009.test.mjs","type":"runner:file-drained","elapsedMs":70751.325266}
check	Run verification	2026-10-05T13:31:01.6706215Z runner: file lifecycle {"entryFile":"/home/runner/work/vibe-fs/vibe-fs/requirements/execution-model-routing/tests/011.test.mjs","pid":2832,"parentPid":2823,"type":"runner:file-start","elapsedMs":70754.334939}
check	Run verification	2026-10-05T13:31:01.7109425Z runner: file lifecycle {"entryFile":"/home/runner/work/vibe-fs/vibe-fs/requirements/execution-model-routing/tests/011.test.mjs","type":"runner:file-drained","elapsedMs":70794.574306}
check	Run verification	2026-10-05T13:31:01.7128988Z runner: file lifecycle {"entryFile":"/home/runner/work/vibe-fs/vibe-fs/requirements/execution-model-routing/tests/012.test.mjs","pid":2832,"parentPid":2823,"type":"runner:file-start","elapsedMs":70796.614699}
check	Run verification	2026-10-05T13:31:01.8265511Z runner: file lifecycle {"entryFile":"/home/runner/work/vibe-fs/vibe-fs/requirements/execution-model-routing/tests/012.test.mjs","type":"runner:file-drained","elapsedMs":70910.211451}
check	Run verification	2026-10-05T13:31:01.8294236Z runner: file lifecycle {"entryFile":"/home/runner/work/vibe-fs/vibe-fs/requirements/execution-model-routing/tests/013.test.mjs","pid":2832,"parentPid":2823,"type":"runner:file-start","elapsedMs":70913.19793}
check	Run verification	2026-10-05T13:31:01.9271028Z runner: file lifecycle {"entryFile":"/home/runner/work/vibe-fs/vibe-fs/requirements/execution-model-routing/tests/013.test.mjs","type":"runner:file-drained","elapsedMs":71010.767479}
check	Run verification	2026-10-05T13:31:01.9294510Z runner: file lifecycle {"entryFile":"/home/runner/work/vibe-fs/vibe-fs/requirements/execution-model-routing/tests/014.test.mjs","pid":2832,"parentPid":2823,"type":"runner:file-start","elapsedMs":71013.227996}
check	Run verification	2026-10-05T13:31:02.0421169Z runner: file lifecycle {"entryFile":"/home/runner/work/vibe-fs/vibe-fs/requirements/execution-model-routing/tests/010.test.mjs","type":"runner:file-drained","elapsedMs":71125.780564}
check	Run verification	2026-10-05T13:31:02.0443068Z runner: file lifecycle {"entryFile":"/home/runner/work/vibe-fs/vibe-fs/requirements/execution-model-routing/tests/015.test.mjs","pid":2832,"parentPid":2823,"type":"runner:file-start","elapsedMs":71127.927478}
check	Run verification	2026-10-05T13:31:02.1624036Z runner: file lifecycle {"entryFile":"/home/runner/work/vibe-fs/vibe-fs/requirements/execution-model-routing/tests/015.test.mjs","type":"runner:file-drained","elapsedMs":71246.01690799999}
check	Run verification	2026-10-05T13:31:02.1660803Z runner: file lifecycle {"entryFile":"/home/runner/work/vibe-fs/vibe-fs/requirements/execution-model-routing/tests/016.test.mjs","pid":2832,"parentPid":2823,"type":"runner:file-start","elapsedMs":71249.411882}
check	Run verification	2026-10-05T13:31:02.2082615Z runner: file lifecycle {"entryFile":"/home/runner/work/vibe-fs/vibe-fs/requirements/execution-model-routing/tests/016.test.mjs","type":"runner:file-drained","elapsedMs":71291.21846999999}
check	Run verification	2026-10-05T13:31:02.2099989Z runner: file lifecycle {"entryFile":"/home/runner/work/vibe-fs/vibe-fs/requirements/execution-model-routing/tests/017.test.mjs","pid":2832,"parentPid":2823,"type":"runner:file-start","elapsedMs":71293.724575}
check	Run verification	2026-10-05T13:31:02.3200174Z runner: file lifecycle {"entryFile":"/home/runner/work/vibe-fs/vibe-fs/requirements/execution-model-routing/tests/017.test.mjs","type":"runner:file-drained","elapsedMs":71401.889635}
check	Run verification	2026-10-05T13:31:02.3231803Z runner: file lifecycle {"entryFile":"/home/runner/work/vibe-fs/vibe-fs/requirements/execution-model-routing/tests/018.test.mjs","pid":2832,"parentPid":2823,"type":"runner:file-start","elapsedMs":71404.555931}
check	Run verification	2026-10-05T13:31:02.4073444Z runner: file lifecycle {"entryFile":"/home/runner/work/vibe-fs/vibe-fs/requirements/execution-model-routing/tests/018.test.mjs","type":"runner:file-drained","elapsedMs":71490.929724}
check	Run verification	2026-10-05T13:31:02.4107130Z runner: file lifecycle {"entryFile":"/home/runner/work/vibe-fs/vibe-fs/requirements/execution-model-routing/tests/019.test.mjs","pid":2832,"parentPid":2823,"type":"runner:file-start","elapsedMs":71494.33206}
check	Run verification	2026-10-05T13:31:02.5233704Z runner: file lifecycle {"entryFile":"/home/runner/work/vibe-fs/vibe-fs/requirements/execution-model-routing/tests/019.test.mjs","type":"runner:file-drained","elapsedMs":71606.209091}
check	Run verification	2026-10-05T13:31:02.5247623Z runner: file lifecycle {"entryFile":"/home/runner/work/vibe-fs/vibe-fs/requirements/execution-model-routing/tests/020.test.mjs","pid":2832,"parentPid":2823,"type":"runner:file-start","elapsedMs":71608.433933}
check	Run verification	2026-10-05T13:31:02.6379187Z runner: file lifecycle {"entryFile":"/home/runner/work/vibe-fs/vibe-fs/requirements/execution-model-routing/tests/020.test.mjs","type":"runner:file-drained","elapsedMs":71721.57865299999}
check	Run verification	2026-10-05T13:31:02.6431971Z runner: file lifecycle {"entryFile":"/home/runner/work/vibe-fs/vibe-fs/requirements/feature-ablation/tests/001.test.mjs","pid":2832,"parentPid":2823,"type":"runner:file-start","elapsedMs":71724.833837}
check	Run verification	2026-10-05T13:31:03.2773203Z runner: file lifecycle {"entryFile":"/home/runner/work/vibe-fs/vibe-fs/requirements/feature-ablation/tests/001.test.mjs","type":"runner:file-drained","elapsedMs":72360.99197399999}
check	Run verification	2026-10-05T13:31:03.2802603Z runner: file lifecycle {"entryFile":"/home/runner/work/vibe-fs/vibe-fs/requirements/feature-ablation/tests/002.test.mjs","pid":2832,"parentPid":2823,"type":"runner:file-start","elapsedMs":72363.640684}
check	Run verification	2026-10-05T13:31:03.5363278Z runner: file lifecycle {"entryFile":"/home/runner/work/vibe-fs/vibe-fs/requirements/feature-ablation/tests/002.test.mjs","type":"runner:file-drained","elapsedMs":72619.132507}
check	Run verification	2026-10-05T13:31:03.5377116Z runner: file lifecycle {"entryFile":"/home/runner/work/vibe-fs/vibe-fs/requirements/feature-ablation/tests/003.test.mjs","pid":2832,"parentPid":2823,"type":"runner:file-start","elapsedMs":72621.38806499999}
check	Run verification	2026-10-05T13:31:04.0003252Z runner: file lifecycle {"entryFile":"/home/runner/work/vibe-fs/vibe-fs/requirements/feature-ablation/tests/003.test.mjs","type":"runner:file-drained","elapsedMs":73081.682371}
check	Run verification	2026-10-05T13:31:04.0013169Z runner: file lifecycle {"entryFile":"/home/runner/work/vibe-fs/vibe-fs/requirements/feature-ablation/tests/004.test.mjs","pid":2832,"parentPid":2823,"type":"runner:file-start","elapsedMs":73083.675704}
check	Run verification	2026-10-05T13:31:04.4794080Z runner: file lifecycle {"entryFile":"/home/runner/work/vibe-fs/vibe-fs/requirements/feature-ablation/tests/004.test.mjs","type":"runner:file-drained","elapsedMs":73562.99842399999}
check	Run verification	2026-10-05T13:31:04.4811565Z runner: file lifecycle {"entryFile":"/home/runner/work/vibe-fs/vibe-fs/requirements/guidance-delivery/tests/001.test.mjs","pid":2832,"parentPid":2823,"type":"runner:file-start","elapsedMs":73564.957876}
check	Run verification	2026-10-05T13:31:04.8127097Z runner: file lifecycle {"entryFile":"/home/runner/work/vibe-fs/vibe-fs/requirements/guidance-delivery/tests/001.test.mjs","type":"runner:file-drained","elapsedMs":73896.342894}
check	Run verification	2026-10-05T13:31:04.8146788Z runner: file lifecycle {"entryFile":"/home/runner/work/vibe-fs/vibe-fs/requirements/guidance-delivery/tests/002.test.mjs","pid":2832,"parentPid":2823,"type":"runner:file-start","elapsedMs":73898.392892}
check	Run verification	2026-10-05T13:31:04.8279758Z runner: file lifecycle {"entryFile":"/home/runner/work/vibe-fs/vibe-fs/requirements/execution-model-routing/tests/014.test.mjs","type":"runner:file-drained","elapsedMs":73911.65760399999}
check	Run verification	2026-10-05T13:31:04.8299066Z runner: file lifecycle {"entryFile":"/home/runner/work/vibe-fs/vibe-fs/requirements/guidance-delivery/tests/003.test.mjs","pid":2832,"parentPid":2823,"type":"runner:file-start","elapsedMs":73913.611898}
check	Run verification	2026-10-05T13:31:05.1912396Z runner: file lifecycle {"entryFile":"/home/runner/work/vibe-fs/vibe-fs/requirements/guidance-delivery/tests/002.test.mjs","type":"runner:file-drained","elapsedMs":74274.910057}
check	Run verification	2026-10-05T13:31:05.1939155Z runner: file lifecycle {"entryFile":"/home/runner/work/vibe-fs/vibe-fs/requirements/guidance-delivery/tests/004.test.mjs","pid":2832,"parentPid":2823,"type":"runner:file-start","elapsedMs":74277.60933199999}
check	Run verification	2026-10-05T13:31:05.2066149Z runner: file lifecycle {"entryFile":"/home/runner/work/vibe-fs/vibe-fs/requirements/guidance-delivery/tests/003.test.mjs","type":"runner:file-drained","elapsedMs":74290.331737}
check	Run verification	2026-10-05T13:31:05.2093479Z runner: file lifecycle {"entryFile":"/home/runner/work/vibe-fs/vibe-fs/requirements/guidance-delivery/tests/005.test.mjs","pid":2832,"parentPid":2823,"type":"runner:file-start","elapsedMs":74292.09982999999}
check	Run verification	2026-10-05T13:31:05.5869833Z runner: file lifecycle {"entryFile":"/home/runner/work/vibe-fs/vibe-fs/requirements/guidance-delivery/tests/004.test.mjs","type":"runner:file-drained","elapsedMs":74670.210295}
check	Run verification	2026-10-05T13:31:05.5903333Z runner: file lifecycle {"entryFile":"/home/runner/work/vibe-fs/vibe-fs/requirements/guidance-delivery/tests/006.test.mjs","pid":2832,"parentPid":2823,"type":"runner:file-start","elapsedMs":74673.20591799999}
check	Run verification	2026-10-05T13:31:05.5976279Z runner: file lifecycle {"entryFile":"/home/runner/work/vibe-fs/vibe-fs/requirements/guidance-delivery/tests/005.test.mjs","type":"runner:file-drained","elapsedMs":74681.309765}
check	Run verification	2026-10-05T13:31:05.5996517Z runner: file lifecycle {"entryFile":"/home/runner/work/vibe-fs/vibe-fs/requirements/guidance-delivery/tests/007.test.mjs","pid":2832,"parentPid":2823,"type":"runner:file-start","elapsedMs":74683.422789}
check	Run verification	2026-10-05T13:31:05.9849085Z runner: file lifecycle {"entryFile":"/home/runner/work/vibe-fs/vibe-fs/requirements/guidance-delivery/tests/006.test.mjs","type":"runner:file-drained","elapsedMs":75068.459437}
check	Run verification	2026-10-05T13:31:05.9872687Z runner: file lifecycle {"entryFile":"/home/runner/work/vibe-fs/vibe-fs/requirements/guidance-delivery/tests/008.test.mjs","pid":2832,"parentPid":2823,"type":"runner:file-start","elapsedMs":75070.634003}
check	Run verification	2026-10-05T13:31:06.0053138Z runner: file lifecycle {"entryFile":"/home/runner/work/vibe-fs/vibe-fs/requirements/guidance-delivery/tests/007.test.mjs","type":"runner:file-drained","elapsedMs":75088.823924}
check	Run verification	2026-10-05T13:31:06.0072902Z runner: file lifecycle {"entryFile":"/home/runner/work/vibe-fs/vibe-fs/requirements/guidance-delivery/tests/009.test.mjs","pid":2832,"parentPid":2823,"type":"runner:file-start","elapsedMs":75090.99171}
check	Run verification	2026-10-05T13:31:06.1928708Z runner: file lifecycle {"entryFile":"/home/runner/work/vibe-fs/vibe-fs/requirements/guidance-delivery/tests/009.test.mjs","type":"runner:file-drained","elapsedMs":75274.313135}
check	Run verification	2026-10-05T13:31:06.1930634Z runner: file lifecycle {"entryFile":"/home/runner/work/vibe-fs/vibe-fs/requirements/guidance-delivery/tests/011.test.mjs","pid":2832,"parentPid":2823,"type":"runner:file-start","elapsedMs":75276.550756}
check	Run verification	2026-10-05T13:31:06.3655047Z runner: file lifecycle {"entryFile":"/home/runner/work/vibe-fs/vibe-fs/requirements/guidance-delivery/tests/008.test.mjs","type":"runner:file-drained","elapsedMs":75449.122156}
check	Run verification	2026-10-05T13:31:06.3675441Z runner: file lifecycle {"entryFile":"/home/runner/work/vibe-fs/vibe-fs/requirements/guidance-delivery/tests/012.test.mjs","pid":2832,"parentPid":2823,"type":"runner:file-start","elapsedMs":75451.34120899999}
check	Run verification	2026-10-05T13:31:06.4492525Z runner: file lifecycle {"entryFile":"/home/runner/work/vibe-fs/vibe-fs/requirements/guidance-delivery/tests/012.test.mjs","type":"runner:file-drained","elapsedMs":75530.07207}
check	Run verification	2026-10-05T13:31:06.4523304Z runner: file lifecycle {"entryFile":"/home/runner/work/vibe-fs/vibe-fs/requirements/host-boundary/tests/001.test.mjs","pid":2832,"parentPid":2823,"type":"runner:file-start","elapsedMs":75533.598793}
check	Run verification	2026-10-05T13:31:06.5079950Z runner: file lifecycle {"entryFile":"/home/runner/work/vibe-fs/vibe-fs/requirements/guidance-delivery/tests/011.test.mjs","type":"runner:file-drained","elapsedMs":75591.64280999999}
check	Run verification	2026-10-05T13:31:06.5100279Z runner: file lifecycle {"entryFile":"/home/runner/work/vibe-fs/vibe-fs/requirements/host-boundary/tests/002.test.mjs","pid":2832,"parentPid":2823,"type":"runner:file-start","elapsedMs":75593.705557}
check	Run verification	2026-10-05T13:31:06.5603349Z runner: file lifecycle {"entryFile":"/home/runner/work/vibe-fs/vibe-fs/requirements/host-boundary/tests/001.test.mjs","type":"runner:file-drained","elapsedMs":75643.980661}
check	Run verification	2026-10-05T13:31:06.5630572Z runner: file lifecycle {"entryFile":"/home/runner/work/vibe-fs/vibe-fs/requirements/host-boundary/tests/003.test.mjs","pid":2832,"parentPid":2823,"type":"runner:file-start","elapsedMs":75646.60580599999}
check	Run verification	2026-10-05T13:31:06.5888163Z runner: file lifecycle {"entryFile":"/home/runner/work/vibe-fs/vibe-fs/requirements/host-boundary/tests/002.test.mjs","type":"runner:file-drained","elapsedMs":75672.54624299999}
check	Run verification	2026-10-05T13:31:06.5910462Z runner: file lifecycle {"entryFile":"/home/runner/work/vibe-fs/vibe-fs/requirements/host-boundary/tests/004.test.mjs","pid":2832,"parentPid":2823,"type":"runner:file-start","elapsedMs":75674.838595}
check	Run verification	2026-10-05T13:31:06.6783321Z runner: file lifecycle {"entryFile":"/home/runner/work/vibe-fs/vibe-fs/requirements/host-boundary/tests/004.test.mjs","type":"runner:file-drained","elapsedMs":75761.71719}
check	Run verification	2026-10-05T13:31:06.6799009Z runner: file lifecycle {"entryFile":"/home/runner/work/vibe-fs/vibe-fs/requirements/host-boundary/tests/005.test.mjs","pid":2832,"parentPid":2823,"type":"runner:file-start","elapsedMs":75763.69477799999}
check	Run verification	2026-10-05T13:31:06.8149265Z runner: file lifecycle {"entryFile":"/home/runner/work/vibe-fs/vibe-fs/requirements/host-boundary/tests/005.test.mjs","type":"runner:file-drained","elapsedMs":75898.66011}
check	Run verification	2026-10-05T13:31:06.8173365Z runner: file lifecycle {"entryFile":"/home/runner/work/vibe-fs/vibe-fs/requirements/host-boundary/tests/006.test.mjs","pid":2832,"parentPid":2823,"type":"runner:file-start","elapsedMs":75900.94669499999}
check	Run verification	2026-10-05T13:31:07.0121142Z runner: file lifecycle {"entryFile":"/home/runner/work/vibe-fs/vibe-fs/requirements/host-boundary/tests/006.test.mjs","type":"runner:file-drained","elapsedMs":76095.83645599999}
check	Run verification	2026-10-05T13:31:07.0143095Z runner: file lifecycle {"entryFile":"/home/runner/work/vibe-fs/vibe-fs/requirements/host-boundary/tests/007.test.mjs","pid":2832,"parentPid":2823,"type":"runner:file-start","elapsedMs":76098.028538}
check	Run verification	2026-10-05T13:31:07.0762972Z runner: file lifecycle {"entryFile":"/home/runner/work/vibe-fs/vibe-fs/requirements/host-boundary/tests/007.test.mjs","type":"runner:file-drained","elapsedMs":76159.929445}
check	Run verification	2026-10-05T13:31:07.0782180Z runner: file lifecycle {"entryFile":"/home/runner/work/vibe-fs/vibe-fs/requirements/host-boundary/tests/008.test.mjs","pid":2832,"parentPid":2823,"type":"runner:file-start","elapsedMs":76161.984401}
check	Run verification	2026-10-05T13:31:07.2469014Z runner: file lifecycle {"entryFile":"/home/runner/work/vibe-fs/vibe-fs/requirements/host-boundary/tests/008.test.mjs","type":"runner:file-drained","elapsedMs":76330.552472}
check	Run verification	2026-10-05T13:31:07.2486457Z runner: file lifecycle {"entryFile":"/home/runner/work/vibe-fs/vibe-fs/requirements/host-boundary/tests/009.test.mjs","pid":2832,"parentPid":2823,"type":"runner:file-start","elapsedMs":76332.44780699999}
check	Run verification	2026-10-05T13:31:07.3252651Z runner: file lifecycle {"entryFile":"/home/runner/work/vibe-fs/vibe-fs/requirements/host-boundary/tests/009.test.mjs","type":"runner:file-drained","elapsedMs":76408.879944}
check	Run verification	2026-10-05T13:31:07.3273174Z runner: file lifecycle {"entryFile":"/home/runner/work/vibe-fs/vibe-fs/requirements/host-boundary/tests/010.test.mjs","pid":2832,"parentPid":2823,"type":"runner:file-start","elapsedMs":76410.785725}
check	Run verification	2026-10-05T13:31:07.3823762Z runner: file lifecycle {"entryFile":"/home/runner/work/vibe-fs/vibe-fs/requirements/host-boundary/tests/010.test.mjs","type":"runner:file-drained","elapsedMs":76465.881461}
check	Run verification	2026-10-05T13:31:07.3854344Z runner: file lifecycle {"entryFile":"/home/runner/work/vibe-fs/vibe-fs/requirements/host-boundary/tests/011.test.mjs","pid":2832,"parentPid":2823,"type":"runner:file-start","elapsedMs":76468.60502399999}
check	Run verification	2026-10-05T13:31:07.4828739Z runner: file lifecycle {"entryFile":"/home/runner/work/vibe-fs/vibe-fs/requirements/host-boundary/tests/011.test.mjs","type":"runner:file-drained","elapsedMs":76566.547133}
check	Run verification	2026-10-05T13:31:07.4847478Z runner: file lifecycle {"entryFile":"/home/runner/work/vibe-fs/vibe-fs/requirements/host-boundary/tests/012.test.mjs","pid":2832,"parentPid":2823,"type":"runner:file-start","elapsedMs":76568.536}
check	Run verification	2026-10-05T13:31:07.5443578Z runner: file lifecycle {"entryFile":"/home/runner/work/vibe-fs/vibe-fs/requirements/host-boundary/tests/012.test.mjs","type":"runner:file-drained","elapsedMs":76628.067338}
check	Run verification	2026-10-05T13:31:07.5466386Z runner: file lifecycle {"entryFile":"/home/runner/work/vibe-fs/vibe-fs/requirements/host-boundary/tests/013.test.mjs","pid":2832,"parentPid":2823,"type":"runner:file-start","elapsedMs":76630.410968}
check	Run verification	2026-10-05T13:31:07.6112851Z runner: file lifecycle {"entryFile":"/home/runner/work/vibe-fs/vibe-fs/requirements/host-boundary/tests/003.test.mjs","type":"runner:file-drained","elapsedMs":76694.363145}
check	Run verification	2026-10-05T13:31:07.6147299Z runner: file lifecycle {"entryFile":"/home/runner/work/vibe-fs/vibe-fs/requirements/host-boundary/tests/014.test.mjs","pid":2832,"parentPid":2823,"type":"runner:file-start","elapsedMs":76696.927408}
check	Run verification	2026-10-05T13:31:08.1381536Z runner: file lifecycle {"entryFile":"/home/runner/work/vibe-fs/vibe-fs/requirements/host-boundary/tests/014.test.mjs","type":"runner:file-drained","elapsedMs":77221.817392}
check	Run verification	2026-10-05T13:31:08.1399380Z runner: file lifecycle {"entryFile":"/home/runner/work/vibe-fs/vibe-fs/requirements/host-boundary/tests/015.test.mjs","pid":2832,"parentPid":2823,"type":"runner:file-start","elapsedMs":77223.73587199999}
check	Run verification	2026-10-05T13:31:08.2363312Z runner: file lifecycle {"entryFile":"/home/runner/work/vibe-fs/vibe-fs/requirements/host-boundary/tests/015.test.mjs","type":"runner:file-drained","elapsedMs":77319.04253199999}
check	Run verification	2026-10-05T13:31:08.2373401Z runner: file lifecycle {"entryFile":"/home/runner/work/vibe-fs/vibe-fs/requirements/host-boundary/tests/016.test.mjs","pid":2832,"parentPid":2823,"type":"runner:file-start","elapsedMs":77320.99569299999}
check	Run verification	2026-10-05T13:31:08.3355861Z runner: file lifecycle {"entryFile":"/home/runner/work/vibe-fs/vibe-fs/requirements/host-boundary/tests/016.test.mjs","type":"runner:file-drained","elapsedMs":77419.292546}
check	Run verification	2026-10-05T13:31:08.3372877Z runner: file lifecycle {"entryFile":"/home/runner/work/vibe-fs/vibe-fs/requirements/host-boundary/tests/017.test.mjs","pid":2832,"parentPid":2823,"type":"runner:file-start","elapsedMs":77421.115752}
check	Run verification	2026-10-05T13:31:08.4362983Z runner: file lifecycle {"entryFile":"/home/runner/work/vibe-fs/vibe-fs/requirements/host-boundary/tests/017.test.mjs","type":"runner:file-drained","elapsedMs":77519.047345}
check	Run verification	2026-10-05T13:31:08.4383475Z runner: file lifecycle {"entryFile":"/home/runner/work/vibe-fs/vibe-fs/requirements/host-boundary/tests/018.test.mjs","pid":2832,"parentPid":2823,"type":"runner:file-start","elapsedMs":77521.569374}
check	Run verification	2026-10-05T13:31:08.4848769Z runner: file lifecycle {"entryFile":"/home/runner/work/vibe-fs/vibe-fs/requirements/host-boundary/tests/018.test.mjs","type":"runner:file-drained","elapsedMs":77568.533601}
check	Run verification	2026-10-05T13:31:08.4875193Z runner: file lifecycle {"entryFile":"/home/runner/work/vibe-fs/vibe-fs/requirements/host-boundary/tests/019.test.mjs","pid":2832,"parentPid":2823,"type":"runner:file-start","elapsedMs":77571.287699}
check	Run verification	2026-10-05T13:31:08.6716784Z runner: file lifecycle {"entryFile":"/home/runner/work/vibe-fs/vibe-fs/requirements/host-boundary/tests/013.test.mjs","type":"runner:file-drained","elapsedMs":77755.305614}
check	Run verification	2026-10-05T13:31:08.6791701Z runner: file lifecycle {"entryFile":"/home/runner/work/vibe-fs/vibe-fs/requirements/host-boundary/tests/020.test.mjs","pid":2832,"parentPid":2823,"type":"runner:file-start","elapsedMs":77762.830517}
check	Run verification	2026-10-05T13:31:08.8403176Z runner: file lifecycle {"entryFile":"/home/runner/work/vibe-fs/vibe-fs/requirements/host-boundary/tests/020.test.mjs","type":"runner:file-drained","elapsedMs":77924.023554}
check	Run verification	2026-10-05T13:31:08.8453886Z runner: file lifecycle {"entryFile":"/home/runner/work/vibe-fs/vibe-fs/requirements/host-boundary/tests/021.test.mjs","pid":2832,"parentPid":2823,"type":"runner:file-start","elapsedMs":77926.116747}
check	Run verification	2026-10-05T13:31:08.9906790Z runner: file lifecycle {"entryFile":"/home/runner/work/vibe-fs/vibe-fs/requirements/host-boundary/tests/021.test.mjs","type":"runner:file-drained","elapsedMs":78074.352047}
check	Run verification	2026-10-05T13:31:08.9925791Z runner: file lifecycle {"entryFile":"/home/runner/work/vibe-fs/vibe-fs/requirements/host-boundary/tests/022.test.mjs","pid":2832,"parentPid":2823,"type":"runner:file-start","elapsedMs":78076.377457}
check	Run verification	2026-10-05T13:31:09.0277616Z runner: file lifecycle {"entryFile":"/home/runner/work/vibe-fs/vibe-fs/requirements/host-boundary/tests/019.test.mjs","type":"runner:file-drained","elapsedMs":78111.398215}
check	Run verification	2026-10-05T13:31:09.0297704Z runner: file lifecycle {"entryFile":"/home/runner/work/vibe-fs/vibe-fs/requirements/host-boundary/tests/023.test.mjs","pid":2832,"parentPid":2823,"type":"runner:file-start","elapsedMs":78113.474242}
check	Run verification	2026-10-05T13:31:09.5211968Z runner: file lifecycle {"entryFile":"/home/runner/work/vibe-fs/vibe-fs/requirements/host-boundary/tests/022.test.mjs","type":"runner:file-drained","elapsedMs":78604.842322}
check	Run verification	2026-10-05T13:31:09.5230610Z runner: file lifecycle {"entryFile":"/home/runner/work/vibe-fs/vibe-fs/requirements/host-boundary/tests/024.test.mjs","pid":2832,"parentPid":2823,"type":"runner:file-start","elapsedMs":78606.840742}
check	Run verification	2026-10-05T13:31:09.6012970Z runner: file lifecycle {"entryFile":"/home/runner/work/vibe-fs/vibe-fs/requirements/host-boundary/tests/024.test.mjs","type":"runner:file-drained","elapsedMs":78684.894145}
check	Run verification	2026-10-05T13:31:09.6062995Z runner: file lifecycle {"entryFile":"/home/runner/work/vibe-fs/vibe-fs/requirements/host-boundary/tests/025.test.mjs","pid":2832,"parentPid":2823,"type":"runner:file-start","elapsedMs":78688.259194}
check	Run verification	2026-10-05T13:31:09.7212159Z runner: file lifecycle {"entryFile":"/home/runner/work/vibe-fs/vibe-fs/requirements/host-boundary/tests/025.test.mjs","type":"runner:file-drained","elapsedMs":78804.804001}
check	Run verification	2026-10-05T13:31:09.7233735Z runner: file lifecycle {"entryFile":"/home/runner/work/vibe-fs/vibe-fs/requirements/host-boundary/tests/026.test.mjs","pid":2832,"parentPid":2823,"type":"runner:file-start","elapsedMs":78806.81498}
check	Run verification	2026-10-05T13:31:09.9494632Z runner: file lifecycle {"entryFile":"/home/runner/work/vibe-fs/vibe-fs/requirements/host-boundary/tests/026.test.mjs","type":"runner:file-drained","elapsedMs":79032.66604299999}
check	Run verification	2026-10-05T13:31:09.9516212Z runner: file lifecycle {"entryFile":"/home/runner/work/vibe-fs/vibe-fs/requirements/host-boundary/tests/027.test.mjs","pid":2832,"parentPid":2823,"type":"runner:file-start","elapsedMs":79035.380121}
check	Run verification	2026-10-05T13:31:10.0698233Z runner: file lifecycle {"entryFile":"/home/runner/work/vibe-fs/vibe-fs/requirements/host-boundary/tests/027.test.mjs","type":"runner:file-drained","elapsedMs":79153.408684}
check	Run verification	2026-10-05T13:31:10.0725069Z runner: file lifecycle {"entryFile":"/home/runner/work/vibe-fs/vibe-fs/requirements/host-boundary/tests/028.test.mjs","pid":2832,"parentPid":2823,"type":"runner:file-start","elapsedMs":79156.131005}
check	Run verification	2026-10-05T13:31:10.2703608Z runner: file lifecycle {"entryFile":"/home/runner/work/vibe-fs/vibe-fs/requirements/host-boundary/tests/028.test.mjs","type":"runner:file-drained","elapsedMs":79353.73600399999}
check	Run verification	2026-10-05T13:31:10.2722993Z runner: file lifecycle {"entryFile":"/home/runner/work/vibe-fs/vibe-fs/requirements/host-boundary/tests/029.test.mjs","pid":2832,"parentPid":2823,"type":"runner:file-start","elapsedMs":79355.929377}
check	Run verification	2026-10-05T13:31:10.8891751Z runner: file lifecycle {"entryFile":"/home/runner/work/vibe-fs/vibe-fs/requirements/host-boundary/tests/029.test.mjs","type":"runner:file-drained","elapsedMs":79971.556495}
check	Run verification	2026-10-05T13:31:10.8907615Z runner: file lifecycle {"entryFile":"/home/runner/work/vibe-fs/vibe-fs/requirements/host-boundary/tests/030.test.mjs","pid":2832,"parentPid":2823,"type":"runner:file-start","elapsedMs":79974.54067}
check	Run verification	2026-10-05T13:31:11.0472861Z runner: file lifecycle {"entryFile":"/home/runner/work/vibe-fs/vibe-fs/requirements/host-boundary/tests/030.test.mjs","type":"runner:file-drained","elapsedMs":80130.610569}
check	Run verification	2026-10-05T13:31:11.0490707Z runner: file lifecycle {"entryFile":"/home/runner/work/vibe-fs/vibe-fs/requirements/host-boundary/tests/031.test.mjs","pid":2832,"parentPid":2823,"type":"runner:file-start","elapsedMs":80132.767067}
check	Run verification	2026-10-05T13:31:11.2195313Z runner: file lifecycle {"entryFile":"/home/runner/work/vibe-fs/vibe-fs/requirements/host-boundary/tests/031.test.mjs","type":"runner:file-drained","elapsedMs":80301.914475}
check	Run verification	2026-10-05T13:31:11.2219115Z runner: file lifecycle {"entryFile":"/home/runner/work/vibe-fs/vibe-fs/requirements/host-boundary/tests/032.test.mjs","pid":2832,"parentPid":2823,"type":"runner:file-start","elapsedMs":80305.685635}
check	Run verification	2026-10-05T13:31:11.9922884Z runner: file lifecycle {"entryFile":"/home/runner/work/vibe-fs/vibe-fs/requirements/host-boundary/tests/023.test.mjs","type":"runner:file-drained","elapsedMs":81075.97140699999}
check	Run verification	2026-10-05T13:31:11.9942054Z runner: file lifecycle {"entryFile":"/home/runner/work/vibe-fs/vibe-fs/requirements/host-boundary/tests/033.test.mjs","pid":2832,"parentPid":2823,"type":"runner:file-start","elapsedMs":81077.948685}
check	Run verification	2026-10-05T13:31:13.3897749Z {"operation":"plugin-hook-chat-message-failed","result":"Managed chat admission failed: TransactionFailed (LeaseHandoffFailed (external input supersession failed to drain the old Host attempt: Host rejected session abort: { message = \"controlled SDK abort rejection\" }, TerminalCommitted (Settled Applied)))"}
check	Run verification	2026-10-05T13:31:13.6845144Z runner: file lifecycle {"entryFile":"/home/runner/work/vibe-fs/vibe-fs/requirements/host-boundary/tests/033.test.mjs","type":"runner:file-drained","elapsedMs":82767.707312}
check	Run verification	2026-10-05T13:31:13.6863318Z runner: file lifecycle {"entryFile":"/home/runner/work/vibe-fs/vibe-fs/requirements/host-provider-failure-ownership/tests/001.test.mjs","pid":2832,"parentPid":2823,"type":"runner:file-start","elapsedMs":82769.833244}
check	Run verification	2026-10-05T13:31:15.0194600Z runner: file lifecycle {"entryFile":"/home/runner/work/vibe-fs/vibe-fs/requirements/host-provider-failure-ownership/tests/001.test.mjs","type":"runner:file-drained","elapsedMs":84103.03619299999}
check	Run verification	2026-10-05T13:31:15.0265644Z runner: file lifecycle {"entryFile":"/home/runner/work/vibe-fs/vibe-fs/requirements/host-provider-failure-ownership/tests/002.test.mjs","pid":2832,"parentPid":2823,"type":"runner:file-start","elapsedMs":84108.55772}
check	Run verification	2026-10-05T13:31:15.0693478Z runner: file lifecycle {"entryFile":"/home/runner/work/vibe-fs/vibe-fs/requirements/host-provider-failure-ownership/tests/002.test.mjs","type":"runner:file-drained","elapsedMs":84152.96204}
check	Run verification	2026-10-05T13:31:15.0713377Z runner: file lifecycle {"entryFile":"/home/runner/work/vibe-fs/vibe-fs/requirements/host-provider-failure-ownership/tests/003.test.mjs","pid":2832,"parentPid":2823,"type":"runner:file-start","elapsedMs":84155.18025199999}
check	Run verification	2026-10-05T13:31:15.1511487Z runner: file lifecycle {"entryFile":"/home/runner/work/vibe-fs/vibe-fs/requirements/host-provider-failure-ownership/tests/003.test.mjs","type":"runner:file-drained","elapsedMs":84234.8039}
check	Run verification	2026-10-05T13:31:15.1587205Z runner: file lifecycle {"entryFile":"/home/runner/work/vibe-fs/vibe-fs/requirements/host-provider-failure-ownership/tests/004.test.mjs","pid":2832,"parentPid":2823,"type":"runner:file-start","elapsedMs":84240.230062}
check	Run verification	2026-10-05T13:31:16.2503241Z {"operation":"managed-agent-config-invalid","result":"Legacy agent name 'coder' is present in opencode.json."}
check	Run verification	2026-10-05T13:31:16.2937898Z runner: file lifecycle {"entryFile":"/home/runner/work/vibe-fs/vibe-fs/requirements/host-provider-failure-ownership/tests/004.test.mjs","type":"runner:file-drained","elapsedMs":85376.618829}
check	Run verification	2026-10-05T13:31:16.2975063Z runner: file lifecycle {"entryFile":"/home/runner/work/vibe-fs/vibe-fs/requirements/host-provider-failure-ownership/tests/005.test.mjs","pid":2832,"parentPid":2823,"type":"runner:file-start","elapsedMs":85379.96599299999}
check	Run verification	2026-10-05T13:31:16.4084086Z runner: file lifecycle {"entryFile":"/home/runner/work/vibe-fs/vibe-fs/requirements/host-provider-failure-ownership/tests/005.test.mjs","type":"runner:file-drained","elapsedMs":85490.757199}
check	Run verification	2026-10-05T13:31:16.4095940Z runner: file lifecycle {"entryFile":"/home/runner/work/vibe-fs/vibe-fs/requirements/host-provider-failure-ownership/tests/006.test.mjs","pid":2832,"parentPid":2823,"type":"runner:file-start","elapsedMs":85493.291898}
check	Run verification	2026-10-05T13:31:16.4753160Z runner: file lifecycle {"entryFile":"/home/runner/work/vibe-fs/vibe-fs/requirements/host-provider-failure-ownership/tests/006.test.mjs","type":"runner:file-drained","elapsedMs":85556.500094}
check	Run verification	2026-10-05T13:31:16.4762513Z runner: file lifecycle {"entryFile":"/home/runner/work/vibe-fs/vibe-fs/requirements/host-provider-failure-ownership/tests/007.test.mjs","pid":2832,"parentPid":2823,"type":"runner:file-start","elapsedMs":85558.479376}
check	Run verification	2026-10-05T13:31:16.5096010Z runner: file lifecycle {"entryFile":"/home/runner/work/vibe-fs/vibe-fs/requirements/host-provider-failure-ownership/tests/007.test.mjs","type":"runner:file-drained","elapsedMs":85593.263722}
check	Run verification	2026-10-05T13:31:16.5118553Z runner: file lifecycle {"entryFile":"/home/runner/work/vibe-fs/vibe-fs/requirements/institutional-learning/tests/001.test.mjs","pid":2832,"parentPid":2823,"type":"runner:file-start","elapsedMs":85595.614685}
check	Run verification	2026-10-05T13:31:17.6392131Z runner: file lifecycle {"entryFile":"/home/runner/work/vibe-fs/vibe-fs/requirements/institutional-learning/tests/001.test.mjs","type":"runner:file-drained","elapsedMs":86722.809107}
check	Run verification	2026-10-05T13:31:17.6412993Z runner: file lifecycle {"entryFile":"/home/runner/work/vibe-fs/vibe-fs/requirements/institutional-learning/tests/002.test.mjs","pid":2832,"parentPid":2823,"type":"runner:file-start","elapsedMs":86724.777684}
check	Run verification	2026-10-05T13:31:17.7103295Z runner: file lifecycle {"entryFile":"/home/runner/work/vibe-fs/vibe-fs/requirements/institutional-learning/tests/002.test.mjs","type":"runner:file-drained","elapsedMs":86793.936456}
check	Run verification	2026-10-05T13:31:17.7134848Z runner: file lifecycle {"entryFile":"/home/runner/work/vibe-fs/vibe-fs/requirements/institutional-learning/tests/003.test.mjs","pid":2832,"parentPid":2823,"type":"runner:file-start","elapsedMs":86796.188259}
check	Run verification	2026-10-05T13:31:18.8703438Z runner: file lifecycle {"entryFile":"/home/runner/work/vibe-fs/vibe-fs/requirements/institutional-learning/tests/003.test.mjs","type":"runner:file-drained","elapsedMs":87953.315095}
check	Run verification	2026-10-05T13:31:18.8725963Z runner: file lifecycle {"entryFile":"/home/runner/work/vibe-fs/vibe-fs/requirements/institutional-learning/tests/004.test.mjs","pid":2832,"parentPid":2823,"type":"runner:file-start","elapsedMs":87956.235627}
check	Run verification	2026-10-05T13:31:20.0057849Z runner: file lifecycle {"entryFile":"/home/runner/work/vibe-fs/vibe-fs/requirements/institutional-learning/tests/004.test.mjs","type":"runner:file-drained","elapsedMs":89089.21790999999}
check	Run verification	2026-10-05T13:31:20.0084895Z runner: file lifecycle {"entryFile":"/home/runner/work/vibe-fs/vibe-fs/requirements/institutional-learning/tests/005.test.mjs","pid":2832,"parentPid":2823,"type":"runner:file-start","elapsedMs":89090.695076}
check	Run verification	2026-10-05T13:31:20.0710659Z runner: file lifecycle {"entryFile":"/home/runner/work/vibe-fs/vibe-fs/requirements/institutional-learning/tests/005.test.mjs","type":"runner:file-drained","elapsedMs":89154.73918199999}
check	Run verification	2026-10-05T13:31:20.0734926Z runner: file lifecycle {"entryFile":"/home/runner/work/vibe-fs/vibe-fs/requirements/institutional-learning/tests/006.test.mjs","pid":2832,"parentPid":2823,"type":"runner:file-start","elapsedMs":89157.29388099999}
check	Run verification	2026-10-05T13:31:21.0783338Z runner: file lifecycle {"entryFile":"/home/runner/work/vibe-fs/vibe-fs/requirements/host-boundary/tests/032.test.mjs","type":"runner:file-drained","elapsedMs":90161.946701}
check	Run verification	2026-10-05T13:31:21.0815221Z runner: file lifecycle {"entryFile":"/home/runner/work/vibe-fs/vibe-fs/requirements/institutional-learning/tests/007.test.mjs","pid":2832,"parentPid":2823,"type":"runner:file-start","elapsedMs":90165.21872199999}
check	Run verification	2026-10-05T13:31:21.3932415Z runner: file lifecycle {"entryFile":"/home/runner/work/vibe-fs/vibe-fs/requirements/institutional-learning/tests/006.test.mjs","type":"runner:file-drained","elapsedMs":90476.823516}
check	Run verification	2026-10-05T13:31:21.4013746Z runner: file lifecycle {"entryFile":"/home/runner/work/vibe-fs/vibe-fs/requirements/institutional-learning/tests/008.test.mjs","pid":2832,"parentPid":2823,"type":"runner:file-start","elapsedMs":90480.29695999999}
check	Run verification	2026-10-05T13:31:22.2682253Z runner: file lifecycle {"entryFile":"/home/runner/work/vibe-fs/vibe-fs/requirements/institutional-learning/tests/007.test.mjs","type":"runner:file-drained","elapsedMs":91351.775645}
check	Run verification	2026-10-05T13:31:22.2704077Z runner: file lifecycle {"entryFile":"/home/runner/work/vibe-fs/vibe-fs/requirements/interaction-authority/tests/001.test.mjs","pid":2832,"parentPid":2823,"type":"runner:file-start","elapsedMs":91354.172777}
check	Run verification	2026-10-05T13:31:22.6498850Z runner: file lifecycle {"entryFile":"/home/runner/work/vibe-fs/vibe-fs/requirements/interaction-authority/tests/001.test.mjs","type":"runner:file-drained","elapsedMs":91733.577426}
check	Run verification	2026-10-05T13:31:22.6530259Z runner: file lifecycle {"entryFile":"/home/runner/work/vibe-fs/vibe-fs/requirements/interaction-authority/tests/002.test.mjs","pid":2832,"parentPid":2823,"type":"runner:file-start","elapsedMs":91736.71226}
check	Run verification	2026-10-05T13:31:22.7780333Z runner: file lifecycle {"entryFile":"/home/runner/work/vibe-fs/vibe-fs/requirements/institutional-learning/tests/008.test.mjs","type":"runner:file-drained","elapsedMs":91860.76543}
check	Run verification	2026-10-05T13:31:22.7825611Z runner: file lifecycle {"entryFile":"/home/runner/work/vibe-fs/vibe-fs/requirements/interaction-authority/tests/003.test.mjs","pid":2832,"parentPid":2823,"type":"runner:file-start","elapsedMs":91866.167701}
check	Run verification	2026-10-05T13:31:23.0201630Z runner: file lifecycle {"entryFile":"/home/runner/work/vibe-fs/vibe-fs/requirements/interaction-authority/tests/002.test.mjs","type":"runner:file-drained","elapsedMs":92103.242168}
check	Run verification	2026-10-05T13:31:23.0212422Z runner: file lifecycle {"entryFile":"/home/runner/work/vibe-fs/vibe-fs/requirements/interaction-authority/tests/004.test.mjs","pid":2832,"parentPid":2823,"type":"runner:file-start","elapsedMs":92103.912148}
check	Run verification	2026-10-05T13:31:23.2370209Z runner: file lifecycle {"entryFile":"/home/runner/work/vibe-fs/vibe-fs/requirements/interaction-authority/tests/004.test.mjs","type":"runner:file-drained","elapsedMs":92320.691113}
check	Run verification	2026-10-05T13:31:23.2389438Z runner: file lifecycle {"entryFile":"/home/runner/work/vibe-fs/vibe-fs/requirements/interaction-authority/tests/005.test.mjs","pid":2832,"parentPid":2823,"type":"runner:file-start","elapsedMs":92322.697116}
check	Run verification	2026-10-05T13:31:23.2501382Z runner: file lifecycle {"entryFile":"/home/runner/work/vibe-fs/vibe-fs/requirements/interaction-authority/tests/003.test.mjs","type":"runner:file-drained","elapsedMs":92333.057518}
check	Run verification	2026-10-05T13:31:23.2513081Z runner: file lifecycle {"entryFile":"/home/runner/work/vibe-fs/vibe-fs/requirements/interaction-authority/tests/006.test.mjs","pid":2832,"parentPid":2823,"type":"runner:file-start","elapsedMs":92335.062399}
check	Run verification	2026-10-05T13:31:23.4399159Z runner: file lifecycle {"entryFile":"/home/runner/work/vibe-fs/vibe-fs/requirements/interaction-authority/tests/006.test.mjs","type":"runner:file-drained","elapsedMs":92520.498886}
check	Run verification	2026-10-05T13:31:23.4432636Z runner: file lifecycle {"entryFile":"/home/runner/work/vibe-fs/vibe-fs/requirements/interaction-authority/tests/007.test.mjs","pid":2832,"parentPid":2823,"type":"runner:file-start","elapsedMs":92523.70845199999}
check	Run verification	2026-10-05T13:31:23.5339668Z runner: file lifecycle {"entryFile":"/home/runner/work/vibe-fs/vibe-fs/requirements/interaction-authority/tests/007.test.mjs","type":"runner:file-drained","elapsedMs":92617.620054}
check	Run verification	2026-10-05T13:31:23.5373422Z runner: file lifecycle {"entryFile":"/home/runner/work/vibe-fs/vibe-fs/requirements/interaction-authority/tests/008.test.mjs","pid":2832,"parentPid":2823,"type":"runner:file-start","elapsedMs":92619.60455399999}
check	Run verification	2026-10-05T13:31:23.6161063Z runner: file lifecycle {"entryFile":"/home/runner/work/vibe-fs/vibe-fs/requirements/interaction-authority/tests/005.test.mjs","type":"runner:file-drained","elapsedMs":92699.72566499999}
check	Run verification	2026-10-05T13:31:23.6180406Z runner: file lifecycle {"entryFile":"/home/runner/work/vibe-fs/vibe-fs/requirements/interaction-authority/tests/009.test.mjs","pid":2832,"parentPid":2823,"type":"runner:file-start","elapsedMs":92701.805539}
check	Run verification	2026-10-05T13:31:23.6477152Z runner: file lifecycle {"entryFile":"/home/runner/work/vibe-fs/vibe-fs/requirements/interaction-authority/tests/008.test.mjs","type":"runner:file-drained","elapsedMs":92731.482317}
check	Run verification	2026-10-05T13:31:23.6497264Z runner: file lifecycle {"entryFile":"/home/runner/work/vibe-fs/vibe-fs/requirements/interaction-authority/tests/010.test.mjs","pid":2832,"parentPid":2823,"type":"runner:file-start","elapsedMs":92733.518736}
check	Run verification	2026-10-05T13:31:23.6965423Z runner: file lifecycle {"entryFile":"/home/runner/work/vibe-fs/vibe-fs/requirements/interaction-authority/tests/009.test.mjs","type":"runner:file-drained","elapsedMs":92779.202014}
check	Run verification	2026-10-05T13:31:23.6975619Z runner: file lifecycle {"entryFile":"/home/runner/work/vibe-fs/vibe-fs/requirements/interaction-authority/tests/011.test.mjs","pid":2832,"parentPid":2823,"type":"runner:file-start","elapsedMs":92781.321859}
check	Run verification	2026-10-05T13:31:23.7152177Z runner: file lifecycle {"entryFile":"/home/runner/work/vibe-fs/vibe-fs/requirements/interaction-authority/tests/010.test.mjs","type":"runner:file-drained","elapsedMs":92798.82334}
check	Run verification	2026-10-05T13:31:23.7172216Z runner: file lifecycle {"entryFile":"/home/runner/work/vibe-fs/vibe-fs/requirements/interaction-authority/tests/012.test.mjs","pid":2832,"parentPid":2823,"type":"runner:file-start","elapsedMs":92800.922685}
check	Run verification	2026-10-05T13:31:23.7795930Z runner: file lifecycle {"entryFile":"/home/runner/work/vibe-fs/vibe-fs/requirements/interaction-authority/tests/012.test.mjs","type":"runner:file-drained","elapsedMs":92863.31245499999}
check	Run verification	2026-10-05T13:31:23.7842537Z runner: file lifecycle {"entryFile":"/home/runner/work/vibe-fs/vibe-fs/requirements/interaction-authority/tests/013.test.mjs","pid":2832,"parentPid":2823,"type":"runner:file-start","elapsedMs":92865.694596}
check	Run verification	2026-10-05T13:31:23.9563867Z runner: file lifecycle {"entryFile":"/home/runner/work/vibe-fs/vibe-fs/requirements/interaction-authority/tests/013.test.mjs","type":"runner:file-drained","elapsedMs":93039.984468}
check	Run verification	2026-10-05T13:31:23.9587250Z runner: file lifecycle {"entryFile":"/home/runner/work/vibe-fs/vibe-fs/requirements/interaction-authority/tests/014.test.mjs","pid":2832,"parentPid":2823,"type":"runner:file-start","elapsedMs":93042.486019}
check	Run verification	2026-10-05T13:31:24.0210027Z runner: file lifecycle {"entryFile":"/home/runner/work/vibe-fs/vibe-fs/requirements/interaction-authority/tests/014.test.mjs","type":"runner:file-drained","elapsedMs":93104.69763699999}
check	Run verification	2026-10-05T13:31:24.0243009Z runner: file lifecycle {"entryFile":"/home/runner/work/vibe-fs/vibe-fs/requirements/interaction-authority/tests/015.test.mjs","pid":2832,"parentPid":2823,"type":"runner:file-start","elapsedMs":93106.716992}
check	Run verification	2026-10-05T13:31:24.3204362Z runner: file lifecycle {"entryFile":"/home/runner/work/vibe-fs/vibe-fs/requirements/interaction-authority/tests/015.test.mjs","type":"runner:file-drained","elapsedMs":93403.133516}
check	Run verification	2026-10-05T13:31:24.3215628Z runner: file lifecycle {"entryFile":"/home/runner/work/vibe-fs/vibe-fs/requirements/interaction-authority/tests/016.test.mjs","pid":2832,"parentPid":2823,"type":"runner:file-start","elapsedMs":93405.39332399999}
check	Run verification	2026-10-05T13:31:24.4064502Z runner: file lifecycle {"entryFile":"/home/runner/work/vibe-fs/vibe-fs/requirements/interaction-authority/tests/016.test.mjs","type":"runner:file-drained","elapsedMs":93490.044815}
check	Run verification	2026-10-05T13:31:24.4088253Z runner: file lifecycle {"entryFile":"/home/runner/work/vibe-fs/vibe-fs/requirements/interaction-authority/tests/017.test.mjs","pid":2832,"parentPid":2823,"type":"runner:file-start","elapsedMs":93492.537613}
check	Run verification	2026-10-05T13:31:24.8523238Z runner: file lifecycle {"entryFile":"/home/runner/work/vibe-fs/vibe-fs/requirements/interaction-authority/tests/017.test.mjs","type":"runner:file-drained","elapsedMs":93935.93973099999}
check	Run verification	2026-10-05T13:31:24.8552924Z runner: file lifecycle {"entryFile":"/home/runner/work/vibe-fs/vibe-fs/requirements/interaction-authority/tests/018.test.mjs","pid":2832,"parentPid":2823,"type":"runner:file-start","elapsedMs":93938.69131}
check	Run verification	2026-10-05T13:31:24.9298269Z runner: file lifecycle {"entryFile":"/home/runner/work/vibe-fs/vibe-fs/requirements/interaction-authority/tests/018.test.mjs","type":"runner:file-drained","elapsedMs":94013.009821}
check	Run verification	2026-10-05T13:31:24.9317937Z runner: file lifecycle {"entryFile":"/home/runner/work/vibe-fs/vibe-fs/requirements/interaction-authority/tests/019.test.mjs","pid":2832,"parentPid":2823,"type":"runner:file-start","elapsedMs":94015.51591999999}
check	Run verification	2026-10-05T13:31:25.2498674Z runner: file lifecycle {"entryFile":"/home/runner/work/vibe-fs/vibe-fs/requirements/interaction-authority/tests/019.test.mjs","type":"runner:file-drained","elapsedMs":94333.563818}
check	Run verification	2026-10-05T13:31:25.2521622Z runner: file lifecycle {"entryFile":"/home/runner/work/vibe-fs/vibe-fs/requirements/interaction-authority/tests/020.test.mjs","pid":2832,"parentPid":2823,"type":"runner:file-start","elapsedMs":94335.911549}
check	Run verification	2026-10-05T13:31:25.2951313Z runner: file lifecycle {"entryFile":"/home/runner/work/vibe-fs/vibe-fs/requirements/interaction-authority/tests/020.test.mjs","type":"runner:file-drained","elapsedMs":94378.793503}
check	Run verification	2026-10-05T13:31:25.3002555Z runner: file lifecycle {"entryFile":"/home/runner/work/vibe-fs/vibe-fs/requirements/interaction-authority/tests/021.test.mjs","pid":2832,"parentPid":2823,"type":"runner:file-start","elapsedMs":94380.83432}
check	Run verification	2026-10-05T13:31:25.5412876Z runner: file lifecycle {"entryFile":"/home/runner/work/vibe-fs/vibe-fs/requirements/interaction-authority/tests/011.test.mjs","type":"runner:file-drained","elapsedMs":94624.319658}
check	Run verification	2026-10-05T13:31:25.5432456Z runner: file lifecycle {"entryFile":"/home/runner/work/vibe-fs/vibe-fs/requirements/interaction-authority/tests/022.test.mjs","pid":2832,"parentPid":2823,"type":"runner:file-start","elapsedMs":94624.896207}
check	Run verification	2026-10-05T13:31:25.5873361Z runner: file lifecycle {"entryFile":"/home/runner/work/vibe-fs/vibe-fs/requirements/interaction-authority/tests/021.test.mjs","type":"runner:file-drained","elapsedMs":94671.03319999999}
check	Run verification	2026-10-05T13:31:25.5895445Z runner: file lifecycle {"entryFile":"/home/runner/work/vibe-fs/vibe-fs/requirements/interaction-authority/tests/023.test.mjs","pid":2832,"parentPid":2823,"type":"runner:file-start","elapsedMs":94673.305425}
check	Run verification	2026-10-05T13:31:25.6170083Z runner: file lifecycle {"entryFile":"/home/runner/work/vibe-fs/vibe-fs/requirements/interaction-authority/tests/022.test.mjs","type":"runner:file-drained","elapsedMs":94700.712677}
check	Run verification	2026-10-05T13:31:25.6215093Z runner: file lifecycle {"entryFile":"/home/runner/work/vibe-fs/vibe-fs/requirements/intra-participant-parallelism/tests/001.test.mjs","pid":2832,"parentPid":2823,"type":"runner:file-start","elapsedMs":94705.203949}
check	Run verification	2026-10-05T13:31:25.6527065Z runner: file lifecycle {"entryFile":"/home/runner/work/vibe-fs/vibe-fs/requirements/intra-participant-parallelism/tests/001.test.mjs","type":"runner:file-drained","elapsedMs":94736.464862}
check	Run verification	2026-10-05T13:31:25.6552812Z runner: file lifecycle {"entryFile":"/home/runner/work/vibe-fs/vibe-fs/requirements/intra-participant-parallelism/tests/002.test.mjs","pid":2832,"parentPid":2823,"type":"runner:file-start","elapsedMs":94738.792732}
check	Run verification	2026-10-05T13:31:25.6607495Z runner: file lifecycle {"entryFile":"/home/runner/work/vibe-fs/vibe-fs/requirements/interaction-authority/tests/023.test.mjs","type":"runner:file-drained","elapsedMs":94744.535771}
check	Run verification	2026-10-05T13:31:25.6626679Z runner: file lifecycle {"entryFile":"/home/runner/work/vibe-fs/vibe-fs/requirements/intra-participant-parallelism/tests/003.test.mjs","pid":2832,"parentPid":2823,"type":"runner:file-start","elapsedMs":94746.43637699999}
check	Run verification	2026-10-05T13:31:25.7218283Z runner: file lifecycle {"entryFile":"/home/runner/work/vibe-fs/vibe-fs/requirements/intra-participant-parallelism/tests/002.test.mjs","type":"runner:file-drained","elapsedMs":94805.520559}
check	Run verification	2026-10-05T13:31:25.7239628Z runner: file lifecycle {"entryFile":"/home/runner/work/vibe-fs/vibe-fs/requirements/intra-participant-parallelism/tests/004.test.mjs","pid":2832,"parentPid":2823,"type":"runner:file-start","elapsedMs":94807.49715899999}
check	Run verification	2026-10-05T13:31:25.7338205Z runner: file lifecycle {"entryFile":"/home/runner/work/vibe-fs/vibe-fs/requirements/intra-participant-parallelism/tests/003.test.mjs","type":"runner:file-drained","elapsedMs":94817.532479}
check	Run verification	2026-10-05T13:31:25.7363089Z runner: file lifecycle {"entryFile":"/home/runner/work/vibe-fs/vibe-fs/requirements/intra-participant-parallelism/tests/005.test.mjs","pid":2832,"parentPid":2823,"type":"runner:file-start","elapsedMs":94819.683223}
check	Run verification	2026-10-05T13:31:25.8073415Z runner: file lifecycle {"entryFile":"/home/runner/work/vibe-fs/vibe-fs/requirements/intra-participant-parallelism/tests/004.test.mjs","type":"runner:file-drained","elapsedMs":94889.984848}
check	Run verification	2026-10-05T13:31:25.8103471Z runner: file lifecycle {"entryFile":"/home/runner/work/vibe-fs/vibe-fs/requirements/intra-participant-parallelism/tests/006.test.mjs","pid":2832,"parentPid":2823,"type":"runner:file-start","elapsedMs":94893.22125799999}
check	Run verification	2026-10-05T13:31:25.8192989Z runner: file lifecycle {"entryFile":"/home/runner/work/vibe-fs/vibe-fs/requirements/intra-participant-parallelism/tests/005.test.mjs","type":"runner:file-drained","elapsedMs":94902.550153}
check	Run verification	2026-10-05T13:31:25.8210311Z runner: file lifecycle {"entryFile":"/home/runner/work/vibe-fs/vibe-fs/requirements/intra-participant-parallelism/tests/007.test.mjs","pid":2832,"parentPid":2823,"type":"runner:file-start","elapsedMs":94904.781017}
check	Run verification	2026-10-05T13:31:25.8753644Z runner: file lifecycle {"entryFile":"/home/runner/work/vibe-fs/vibe-fs/requirements/intra-participant-parallelism/tests/006.test.mjs","type":"runner:file-drained","elapsedMs":94959.100766}
check	Run verification	2026-10-05T13:31:25.8783124Z runner: file lifecycle {"entryFile":"/home/runner/work/vibe-fs/vibe-fs/requirements/intra-participant-parallelism/tests/008.test.mjs","pid":2832,"parentPid":2823,"type":"runner:file-start","elapsedMs":94961.458841}
check	Run verification	2026-10-05T13:31:25.8855123Z runner: file lifecycle {"entryFile":"/home/runner/work/vibe-fs/vibe-fs/requirements/intra-participant-parallelism/tests/007.test.mjs","type":"runner:file-drained","elapsedMs":94969.273063}
check	Run verification	2026-10-05T13:31:25.8873093Z runner: file lifecycle {"entryFile":"/home/runner/work/vibe-fs/vibe-fs/requirements/intra-participant-parallelism/tests/009.test.mjs","pid":2832,"parentPid":2823,"type":"runner:file-start","elapsedMs":94971.097434}
check	Run verification	2026-10-05T13:31:25.9414764Z runner: file lifecycle {"entryFile":"/home/runner/work/vibe-fs/vibe-fs/requirements/intra-participant-parallelism/tests/008.test.mjs","type":"runner:file-drained","elapsedMs":95025.224092}
check	Run verification	2026-10-05T13:31:25.9440136Z runner: file lifecycle {"entryFile":"/home/runner/work/vibe-fs/vibe-fs/requirements/intra-participant-parallelism/tests/010.test.mjs","pid":2832,"parentPid":2823,"type":"runner:file-start","elapsedMs":95027.744482}
check	Run verification	2026-10-05T13:31:25.9908495Z runner: file lifecycle {"entryFile":"/home/runner/work/vibe-fs/vibe-fs/requirements/intra-participant-parallelism/tests/010.test.mjs","type":"runner:file-drained","elapsedMs":95074.527237}
check	Run verification	2026-10-05T13:31:25.9927519Z runner: file lifecycle {"entryFile":"/home/runner/work/vibe-fs/vibe-fs/requirements/intra-participant-parallelism/tests/011.test.mjs","pid":2832,"parentPid":2823,"type":"runner:file-start","elapsedMs":95076.522726}
check	Run verification	2026-10-05T13:31:26.0853909Z runner: file lifecycle {"entryFile":"/home/runner/work/vibe-fs/vibe-fs/requirements/intra-participant-parallelism/tests/011.test.mjs","type":"runner:file-drained","elapsedMs":95168.93660999999}
check	Run verification	2026-10-05T13:31:26.0888489Z runner: file lifecycle {"entryFile":"/home/runner/work/vibe-fs/vibe-fs/requirements/intra-participant-parallelism/tests/012.test.mjs","pid":2832,"parentPid":2823,"type":"runner:file-start","elapsedMs":95172.573704}
check	Run verification	2026-10-05T13:31:26.1151891Z runner: file lifecycle {"entryFile":"/home/runner/work/vibe-fs/vibe-fs/requirements/intra-participant-parallelism/tests/009.test.mjs","type":"runner:file-drained","elapsedMs":95198.845234}
check	Run verification	2026-10-05T13:31:26.1170270Z runner: file lifecycle {"entryFile":"/home/runner/work/vibe-fs/vibe-fs/requirements/intra-participant-parallelism/tests/013.test.mjs","pid":2832,"parentPid":2823,"type":"runner:file-start","elapsedMs":95200.770097}
check	Run verification	2026-10-05T13:31:26.4218455Z runner: file lifecycle {"entryFile":"/home/runner/work/vibe-fs/vibe-fs/requirements/intra-participant-parallelism/tests/012.test.mjs","type":"runner:file-drained","elapsedMs":95505.52979}
check	Run verification	2026-10-05T13:31:26.4242006Z runner: file lifecycle {"entryFile":"/home/runner/work/vibe-fs/vibe-fs/requirements/intra-participant-parallelism/tests/014.test.mjs","pid":2832,"parentPid":2823,"type":"runner:file-start","elapsedMs":95507.951621}
check	Run verification	2026-10-05T13:31:26.5160175Z runner: file lifecycle {"entryFile":"/home/runner/work/vibe-fs/vibe-fs/requirements/intra-participant-parallelism/tests/014.test.mjs","type":"runner:file-drained","elapsedMs":95599.743338}
check	Run verification	2026-10-05T13:31:26.5183332Z runner: file lifecycle {"entryFile":"/home/runner/work/vibe-fs/vibe-fs/requirements/intra-participant-parallelism/tests/015.test.mjs","pid":2832,"parentPid":2823,"type":"runner:file-start","elapsedMs":95602.000562}
check	Run verification	2026-10-05T13:31:26.5826679Z runner: file lifecycle {"entryFile":"/home/runner/work/vibe-fs/vibe-fs/requirements/intra-participant-parallelism/tests/015.test.mjs","type":"runner:file-drained","elapsedMs":95666.429242}
check	Run verification	2026-10-05T13:31:26.5855458Z runner: file lifecycle {"entryFile":"/home/runner/work/vibe-fs/vibe-fs/requirements/intra-participant-parallelism/tests/017.test.mjs","pid":2832,"parentPid":2823,"type":"runner:file-start","elapsedMs":95668.949012}
check	Run verification	2026-10-05T13:31:27.7434176Z runner: file lifecycle {"entryFile":"/home/runner/work/vibe-fs/vibe-fs/requirements/intra-participant-parallelism/tests/013.test.mjs","type":"runner:file-drained","elapsedMs":96826.309742}
check	Run verification	2026-10-05T13:31:27.7437397Z runner: file lifecycle {"entryFile":"/home/runner/work/vibe-fs/vibe-fs/requirements/js-semantic-surface/tests/001.test.mjs","pid":2832,"parentPid":2823,"type":"runner:file-start","elapsedMs":96827.592867}
check	Run verification	2026-10-05T13:31:27.8787638Z runner: file lifecycle {"entryFile":"/home/runner/work/vibe-fs/vibe-fs/requirements/js-semantic-surface/tests/001.test.mjs","type":"runner:file-drained","elapsedMs":96961.687865}
check	Run verification	2026-10-05T13:31:27.8824924Z runner: file lifecycle {"entryFile":"/home/runner/work/vibe-fs/vibe-fs/requirements/js-semantic-surface/tests/002.test.mjs","pid":2832,"parentPid":2823,"type":"runner:file-start","elapsedMs":96965.529597}
check	Run verification	2026-10-05T13:31:27.9477492Z runner: file lifecycle {"entryFile":"/home/runner/work/vibe-fs/vibe-fs/requirements/intra-participant-parallelism/tests/017.test.mjs","type":"runner:file-drained","elapsedMs":97031.275153}
check	Run verification	2026-10-05T13:31:27.9499533Z runner: file lifecycle {"entryFile":"/home/runner/work/vibe-fs/vibe-fs/requirements/js-semantic-surface/tests/003.test.mjs","pid":2832,"parentPid":2823,"type":"runner:file-start","elapsedMs":97033.672007}
check	Run verification	2026-10-05T13:31:29.3683342Z js-boundary-gate: 1 violation(s) across 1 file(s)
check	Run verification	2026-10-05T13:31:29.3684252Z   ../../../../../tmp/js-surface-qjZ6Bh/requirements/consumer/tests/support/api.mjs:1 [deep-dist-import] import * as api from '../../../../dist/Internal/Unregistered.js'
check	Run verification	2026-10-05T13:31:29.3865288Z runner: file lifecycle {"entryFile":"/home/runner/work/vibe-fs/vibe-fs/requirements/js-semantic-surface/tests/002.test.mjs","type":"runner:file-drained","elapsedMs":98470.20464299999}
check	Run verification	2026-10-05T13:31:29.3887175Z runner: file lifecycle {"entryFile":"/home/runner/work/vibe-fs/vibe-fs/requirements/js-semantic-surface/tests/004.test.mjs","pid":2832,"parentPid":2823,"type":"runner:file-start","elapsedMs":98472.489137}
check	Run verification	2026-10-05T13:31:29.4232577Z js-surface-manifest: 1 violation(s)
check	Run verification	2026-10-05T13:31:29.4233164Z   Owner/Surface.js: law owner-099 is absent from requirements/owner/WHAT.md
check	Run verification	2026-10-05T13:31:29.4456768Z runner: file lifecycle {"entryFile":"/home/runner/work/vibe-fs/vibe-fs/requirements/js-semantic-surface/tests/004.test.mjs","type":"runner:file-drained","elapsedMs":98529.398771}
check	Run verification	2026-10-05T13:31:29.4476021Z runner: file lifecycle {"entryFile":"/home/runner/work/vibe-fs/vibe-fs/requirements/js-semantic-surface/tests/005.test.mjs","pid":2832,"parentPid":2823,"type":"runner:file-start","elapsedMs":98531.38117}
check	Run verification	2026-10-05T13:31:29.4607243Z runner: file lifecycle {"entryFile":"/home/runner/work/vibe-fs/vibe-fs/requirements/js-semantic-surface/tests/003.test.mjs","type":"runner:file-drained","elapsedMs":98544.48260399999}
check	Run verification	2026-10-05T13:31:29.4634168Z runner: file lifecycle {"entryFile":"/home/runner/work/vibe-fs/vibe-fs/requirements/js-semantic-surface/tests/006.test.mjs","pid":2832,"parentPid":2823,"type":"runner:file-start","elapsedMs":98547.198448}
check	Run verification	2026-10-05T13:31:29.4862255Z runner: file lifecycle {"entryFile":"/home/runner/work/vibe-fs/vibe-fs/requirements/js-semantic-surface/tests/005.test.mjs","type":"runner:file-drained","elapsedMs":98569.919796}
check	Run verification	2026-10-05T13:31:29.4885050Z runner: file lifecycle {"entryFile":"/home/runner/work/vibe-fs/vibe-fs/requirements/knowledge-reuse/tests/001.test.mjs","pid":2832,"parentPid":2823,"type":"runner:file-start","elapsedMs":98572.283339}
check	Run verification	2026-10-05T13:31:29.7774424Z runner: file lifecycle {"entryFile":"/home/runner/work/vibe-fs/vibe-fs/requirements/knowledge-reuse/tests/001.test.mjs","type":"runner:file-drained","elapsedMs":98856.613534}
check	Run verification	2026-10-05T13:31:29.7802515Z runner: file lifecycle {"entryFile":"/home/runner/work/vibe-fs/vibe-fs/requirements/knowledge-reuse/tests/002.test.mjs","pid":2832,"parentPid":2823,"type":"runner:file-start","elapsedMs":98861.256968}
check	Run verification	2026-10-05T13:31:30.0574255Z runner: file lifecycle {"entryFile":"/home/runner/work/vibe-fs/vibe-fs/requirements/knowledge-reuse/tests/002.test.mjs","type":"runner:file-drained","elapsedMs":99139.805377}
check	Run verification	2026-10-05T13:31:30.0590519Z runner: file lifecycle {"entryFile":"/home/runner/work/vibe-fs/vibe-fs/requirements/knowledge-reuse/tests/003.test.mjs","pid":2832,"parentPid":2823,"type":"runner:file-start","elapsedMs":99142.83753399999}
check	Run verification	2026-10-05T13:31:30.1424298Z runner: file lifecycle {"entryFile":"/home/runner/work/vibe-fs/vibe-fs/requirements/knowledge-reuse/tests/003.test.mjs","type":"runner:file-drained","elapsedMs":99225.261227}
check	Run verification	2026-10-05T13:31:30.1437213Z runner: file lifecycle {"entryFile":"/home/runner/work/vibe-fs/vibe-fs/requirements/knowledge-reuse/tests/004.test.mjs","pid":2832,"parentPid":2823,"type":"runner:file-start","elapsedMs":99227.56462599999}
check	Run verification	2026-10-05T13:31:30.4231024Z runner: file lifecycle {"entryFile":"/home/runner/work/vibe-fs/vibe-fs/requirements/knowledge-reuse/tests/004.test.mjs","type":"runner:file-drained","elapsedMs":99506.723544}
check	Run verification	2026-10-05T13:31:30.4273194Z runner: file lifecycle {"entryFile":"/home/runner/work/vibe-fs/vibe-fs/requirements/knowledge-reuse/tests/005.test.mjs","pid":2832,"parentPid":2823,"type":"runner:file-start","elapsedMs":99509.806919}
check	Run verification	2026-10-05T13:31:31.1321778Z runner: file lifecycle {"entryFile":"/home/runner/work/vibe-fs/vibe-fs/requirements/knowledge-reuse/tests/005.test.mjs","type":"runner:file-drained","elapsedMs":100215.833082}
check	Run verification	2026-10-05T13:31:31.1342644Z runner: file lifecycle {"entryFile":"/home/runner/work/vibe-fs/vibe-fs/requirements/knowledge-reuse/tests/006.test.mjs","pid":2832,"parentPid":2823,"type":"runner:file-start","elapsedMs":100218.000737}
check	Run verification	2026-10-05T13:31:31.4666934Z runner: file lifecycle {"entryFile":"/home/runner/work/vibe-fs/vibe-fs/requirements/knowledge-reuse/tests/006.test.mjs","type":"runner:file-drained","elapsedMs":100550.425028}
check	Run verification	2026-10-05T13:31:31.4689545Z runner: file lifecycle {"entryFile":"/home/runner/work/vibe-fs/vibe-fs/requirements/knowledge-reuse/tests/007.test.mjs","pid":2832,"parentPid":2823,"type":"runner:file-start","elapsedMs":100552.739544}
check	Run verification	2026-10-05T13:31:31.6723343Z runner: file lifecycle {"entryFile":"/home/runner/work/vibe-fs/vibe-fs/requirements/knowledge-reuse/tests/007.test.mjs","type":"runner:file-drained","elapsedMs":100755.991626}
check	Run verification	2026-10-05T13:31:31.6742987Z runner: file lifecycle {"entryFile":"/home/runner/work/vibe-fs/vibe-fs/requirements/knowledge-reuse/tests/008.test.mjs","pid":2832,"parentPid":2823,"type":"runner:file-start","elapsedMs":100758.000481}
check	Run verification	2026-10-05T13:31:31.8891796Z runner: file lifecycle {"entryFile":"/home/runner/work/vibe-fs/vibe-fs/requirements/knowledge-reuse/tests/008.test.mjs","type":"runner:file-drained","elapsedMs":100971.93849}
check	Run verification	2026-10-05T13:31:31.8922855Z runner: file lifecycle {"entryFile":"/home/runner/work/vibe-fs/vibe-fs/requirements/knowledge-reuse/tests/009.test.mjs","pid":2832,"parentPid":2823,"type":"runner:file-start","elapsedMs":100974.17209}
check	Run verification	2026-10-05T13:31:32.0953281Z runner: file lifecycle {"entryFile":"/home/runner/work/vibe-fs/vibe-fs/requirements/knowledge-reuse/tests/009.test.mjs","type":"runner:file-drained","elapsedMs":101178.62635199999}
check	Run verification	2026-10-05T13:31:32.0969423Z runner: file lifecycle {"entryFile":"/home/runner/work/vibe-fs/vibe-fs/requirements/knowledge-reuse/tests/010.test.mjs","pid":2832,"parentPid":2823,"type":"runner:file-start","elapsedMs":101180.682515}
check	Run verification	2026-10-05T13:31:32.3100098Z js-module-linkage: FAILED — 2 violation(s)
check	Run verification	2026-10-05T13:31:32.3106884Z   consumer.js: failed to load emitted module: Unexpected token '='
check	Run verification	2026-10-05T13:31:32.3110023Z   consumer.js: invalid emitted ESM: <source>: Unexpected token (1:13)
check	Run verification	2026-10-05T13:31:32.3169412Z js-module-linkage: FAILED — 1 violation(s)
check	Run verification	2026-10-05T13:31:32.3171458Z   broken.js: failed to load emitted module: initialization failed
check	Run verification	2026-10-05T13:31:32.3842707Z runner: file lifecycle {"entryFile":"/home/runner/work/vibe-fs/vibe-fs/requirements/js-semantic-surface/tests/006.test.mjs","type":"runner:file-drained","elapsedMs":101467.771309}
check	Run verification	2026-10-05T13:31:32.3858637Z runner: file lifecycle {"entryFile":"/home/runner/work/vibe-fs/vibe-fs/requirements/knowledge-reuse/tests/011.test.mjs","pid":2832,"parentPid":2823,"type":"runner:file-start","elapsedMs":101469.661783}
check	Run verification	2026-10-05T13:31:32.6805799Z runner: file lifecycle {"entryFile":"/home/runner/work/vibe-fs/vibe-fs/requirements/knowledge-reuse/tests/011.test.mjs","type":"runner:file-drained","elapsedMs":101763.244004}
check	Run verification	2026-10-05T13:31:32.6816919Z runner: file lifecycle {"entryFile":"/home/runner/work/vibe-fs/vibe-fs/requirements/knowledge-reuse/tests/012.test.mjs","pid":2832,"parentPid":2823,"type":"runner:file-start","elapsedMs":101765.497623}
check	Run verification	2026-10-05T13:31:32.9047282Z runner: file lifecycle {"entryFile":"/home/runner/work/vibe-fs/vibe-fs/requirements/knowledge-reuse/tests/012.test.mjs","type":"runner:file-drained","elapsedMs":101988.470687}
check	Run verification	2026-10-05T13:31:32.9067042Z runner: file lifecycle {"entryFile":"/home/runner/work/vibe-fs/vibe-fs/requirements/knowledge-reuse/tests/013.test.mjs","pid":2832,"parentPid":2823,"type":"runner:file-start","elapsedMs":101990.501894}
check	Run verification	2026-10-05T13:31:32.9403142Z runner: file lifecycle {"entryFile":"/home/runner/work/vibe-fs/vibe-fs/requirements/knowledge-reuse/tests/013.test.mjs","type":"runner:file-drained","elapsedMs":102024.01501999999}
check	Run verification	2026-10-05T13:31:32.9422939Z runner: file lifecycle {"entryFile":"/home/runner/work/vibe-fs/vibe-fs/requirements/knowledge-reuse/tests/014.test.mjs","pid":2832,"parentPid":2823,"type":"runner:file-start","elapsedMs":102025.778364}
check	Run verification	2026-10-05T13:31:32.9561082Z runner: file lifecycle {"entryFile":"/home/runner/work/vibe-fs/vibe-fs/requirements/knowledge-reuse/tests/010.test.mjs","type":"runner:file-drained","elapsedMs":102039.824197}
check	Run verification	2026-10-05T13:31:32.9582472Z runner: file lifecycle {"entryFile":"/home/runner/work/vibe-fs/vibe-fs/requirements/knowledge-reuse/tests/015.test.mjs","pid":2832,"parentPid":2823,"type":"runner:file-start","elapsedMs":102042.026941}
check	Run verification	2026-10-05T13:31:33.0268190Z runner: file lifecycle {"entryFile":"/home/runner/work/vibe-fs/vibe-fs/requirements/knowledge-reuse/tests/014.test.mjs","type":"runner:file-drained","elapsedMs":102110.551181}
check	Run verification	2026-10-05T13:31:33.0312816Z runner: file lifecycle {"entryFile":"/home/runner/work/vibe-fs/vibe-fs/requirements/knowledge-reuse/tests/016.test.mjs","pid":2832,"parentPid":2823,"type":"runner:file-start","elapsedMs":102113.602006}
check	Run verification	2026-10-05T13:31:33.2893369Z runner: file lifecycle {"entryFile":"/home/runner/work/vibe-fs/vibe-fs/requirements/knowledge-reuse/tests/015.test.mjs","type":"runner:file-drained","elapsedMs":102373.039653}
check	Run verification	2026-10-05T13:31:33.2922588Z runner: file lifecycle {"entryFile":"/home/runner/work/vibe-fs/vibe-fs/requirements/managed-chat-execution/tests/001.test.mjs","pid":2832,"parentPid":2823,"type":"runner:file-start","elapsedMs":102375.199322}
check	Run verification	2026-10-05T13:31:33.4080161Z runner: file lifecycle {"entryFile":"/home/runner/work/vibe-fs/vibe-fs/requirements/knowledge-reuse/tests/016.test.mjs","type":"runner:file-drained","elapsedMs":102491.642201}
check	Run verification	2026-10-05T13:31:33.4101053Z runner: file lifecycle {"entryFile":"/home/runner/work/vibe-fs/vibe-fs/requirements/managed-chat-execution/tests/002.test.mjs","pid":2832,"parentPid":2823,"type":"runner:file-start","elapsedMs":102493.84634599999}
check	Run verification	2026-10-05T13:31:33.4923025Z runner: file lifecycle {"entryFile":"/home/runner/work/vibe-fs/vibe-fs/requirements/managed-chat-execution/tests/001.test.mjs","type":"runner:file-drained","elapsedMs":102576.005013}
check	Run verification	2026-10-05T13:31:33.4947423Z runner: file lifecycle {"entryFile":"/home/runner/work/vibe-fs/vibe-fs/requirements/managed-chat-execution/tests/003.test.mjs","pid":2832,"parentPid":2823,"type":"runner:file-start","elapsedMs":102578.519284}
check	Run verification	2026-10-05T13:31:33.6411903Z runner: file lifecycle {"entryFile":"/home/runner/work/vibe-fs/vibe-fs/requirements/managed-chat-execution/tests/002.test.mjs","type":"runner:file-drained","elapsedMs":102724.821681}
check	Run verification	2026-10-05T13:31:33.6433384Z runner: file lifecycle {"entryFile":"/home/runner/work/vibe-fs/vibe-fs/requirements/managed-chat-execution/tests/004.test.mjs","pid":2832,"parentPid":2823,"type":"runner:file-start","elapsedMs":102727.075831}
check	Run verification	2026-10-05T13:31:33.9220622Z runner: file lifecycle {"entryFile":"/home/runner/work/vibe-fs/vibe-fs/requirements/managed-chat-execution/tests/004.test.mjs","type":"runner:file-drained","elapsedMs":103005.75586399999}
check	Run verification	2026-10-05T13:31:33.9242715Z runner: file lifecycle {"entryFile":"/home/runner/work/vibe-fs/vibe-fs/requirements/managed-chat-execution/tests/005.test.mjs","pid":2832,"parentPid":2823,"type":"runner:file-start","elapsedMs":103007.80059}
check	Run verification	2026-10-05T13:31:35.1801481Z runner: file lifecycle {"entryFile":"/home/runner/work/vibe-fs/vibe-fs/requirements/managed-chat-execution/tests/003.test.mjs","type":"runner:file-drained","elapsedMs":104263.713087}
check	Run verification	2026-10-05T13:31:35.1820047Z runner: file lifecycle {"entryFile":"/home/runner/work/vibe-fs/vibe-fs/requirements/managed-chat-execution/tests/006.test.mjs","pid":2832,"parentPid":2823,"type":"runner:file-start","elapsedMs":104265.720106}
check	Run verification	2026-10-05T13:31:35.7466691Z runner: file lifecycle {"entryFile":"/home/runner/work/vibe-fs/vibe-fs/requirements/managed-chat-execution/tests/005.test.mjs","type":"runner:file-drained","elapsedMs":104830.324782}
check	Run verification	2026-10-05T13:31:35.7492750Z runner: file lifecycle {"entryFile":"/home/runner/work/vibe-fs/vibe-fs/requirements/managed-chat-execution/tests/007.test.mjs","pid":2832,"parentPid":2823,"type":"runner:file-start","elapsedMs":104832.952079}
check	Run verification	2026-10-05T13:31:35.9813164Z runner: file lifecycle {"entryFile":"/home/runner/work/vibe-fs/vibe-fs/requirements/managed-chat-execution/tests/007.test.mjs","type":"runner:file-drained","elapsedMs":105063.65192799999}
check	Run verification	2026-10-05T13:31:35.9832502Z runner: file lifecycle {"entryFile":"/home/runner/work/vibe-fs/vibe-fs/requirements/managed-chat-execution/tests/008.test.mjs","pid":2832,"parentPid":2823,"type":"runner:file-start","elapsedMs":105066.202099}
check	Run verification	2026-10-05T13:31:36.0192903Z fatal: not a git repository (or any of the parent directories): .git
check	Run verification	2026-10-05T13:31:36.0230041Z fatal: not a git repository (or any of the parent directories): .git
check	Run verification	2026-10-05T13:31:36.0245410Z runner: file lifecycle {"entryFile":"/home/runner/work/vibe-fs/vibe-fs/requirements/managed-chat-execution/tests/008.test.mjs","type":"runner:file-drained","elapsedMs":105108.344329}
check	Run verification	2026-10-05T13:31:36.0273696Z runner: file lifecycle {"entryFile":"/home/runner/work/vibe-fs/vibe-fs/requirements/managed-chat-execution/tests/009.test.mjs","pid":2832,"parentPid":2823,"type":"runner:file-start","elapsedMs":105110.384152}
check	Run verification	2026-10-05T13:31:36.0292371Z fatal: not a git repository (or any of the parent directories): .git
check	Run verification	2026-10-05T13:31:36.0334083Z fatal: not a git repository (or any of the parent directories): .git
check	Run verification	2026-10-05T13:31:36.0382906Z fatal: not a git repository (or any of the parent directories): .git
check	Run verification	2026-10-05T13:31:36.0697443Z fatal: not a git repository (or any of the parent directories): .git
check	Run verification	2026-10-05T13:31:36.1622982Z runner: file lifecycle {"entryFile":"/home/runner/work/vibe-fs/vibe-fs/requirements/managed-chat-execution/tests/009.test.mjs","type":"runner:file-drained","elapsedMs":105240.343304}
check	Run verification	2026-10-05T13:31:36.1679410Z runner: file lifecycle {"entryFile":"/home/runner/work/vibe-fs/vibe-fs/requirements/managed-chat-execution/tests/010.test.mjs","pid":2832,"parentPid":2823,"type":"runner:file-start","elapsedMs":105249.228796}
check	Run verification	2026-10-05T13:31:36.4204671Z runner: file lifecycle {"entryFile":"/home/runner/work/vibe-fs/vibe-fs/requirements/managed-chat-execution/tests/006.test.mjs","type":"runner:file-drained","elapsedMs":105503.589329}
check	Run verification	2026-10-05T13:31:36.4242813Z runner: file lifecycle {"entryFile":"/home/runner/work/vibe-fs/vibe-fs/requirements/managed-chat-execution/tests/011.test.mjs","pid":2832,"parentPid":2823,"type":"runner:file-start","elapsedMs":105506.22760299999}
check	Run verification	2026-10-05T13:31:36.8339107Z runner: file lifecycle {"entryFile":"/home/runner/work/vibe-fs/vibe-fs/requirements/managed-chat-execution/tests/011.test.mjs","type":"runner:file-drained","elapsedMs":105917.582768}
check	Run verification	2026-10-05T13:31:36.8363094Z runner: file lifecycle {"entryFile":"/home/runner/work/vibe-fs/vibe-fs/requirements/managed-chat-execution/tests/012.test.mjs","pid":2832,"parentPid":2823,"type":"runner:file-start","elapsedMs":105919.66252}
check	Run verification	2026-10-05T13:31:37.1677499Z fatal: not a git repository (or any of the parent directories): .git
check	Run verification	2026-10-05T13:31:37.1718222Z fatal: not a git repository (or any of the parent directories): .git
check	Run verification	2026-10-05T13:31:37.1764276Z fatal: not a git repository (or any of the parent directories): .git
check	Run verification	2026-10-05T13:31:37.1852698Z fatal: not a git repository (or any of the parent directories): .git
check	Run verification	2026-10-05T13:31:37.2032454Z fatal: not a git repository (or any of the parent directories): .git
check	Run verification	2026-10-05T13:31:37.2348900Z fatal: not a git repository (or any of the parent directories): .git
check	Run verification	2026-10-05T13:31:37.2539638Z runner: file lifecycle {"entryFile":"/home/runner/work/vibe-fs/vibe-fs/requirements/managed-chat-execution/tests/012.test.mjs","type":"runner:file-drained","elapsedMs":106337.690144}
check	Run verification	2026-10-05T13:31:37.2567729Z runner: file lifecycle {"entryFile":"/home/runner/work/vibe-fs/vibe-fs/requirements/managed-chat-execution/tests/013.test.mjs","pid":2832,"parentPid":2823,"type":"runner:file-start","elapsedMs":106340.481198}
check	Run verification	2026-10-05T13:31:37.6733537Z runner: file lifecycle {"entryFile":"/home/runner/work/vibe-fs/vibe-fs/requirements/managed-chat-execution/tests/013.test.mjs","type":"runner:file-drained","elapsedMs":106757.042212}
check	Run verification	2026-10-05T13:31:37.6761438Z runner: file lifecycle {"entryFile":"/home/runner/work/vibe-fs/vibe-fs/requirements/managed-chat-execution/tests/014.test.mjs","pid":2832,"parentPid":2823,"type":"runner:file-start","elapsedMs":106759.75687099999}
check	Run verification	2026-10-05T13:31:37.8281641Z runner: file lifecycle {"entryFile":"/home/runner/work/vibe-fs/vibe-fs/requirements/managed-chat-execution/tests/010.test.mjs","type":"runner:file-drained","elapsedMs":106911.259781}
check	Run verification	2026-10-05T13:31:37.8304625Z runner: file lifecycle {"entryFile":"/home/runner/work/vibe-fs/vibe-fs/requirements/managed-session-lifecycle/tests/001.test.mjs","pid":2832,"parentPid":2823,"type":"runner:file-start","elapsedMs":106914.10498599999}
check	Run verification	2026-10-05T13:31:37.9133101Z runner: file lifecycle {"entryFile":"/home/runner/work/vibe-fs/vibe-fs/requirements/managed-chat-execution/tests/014.test.mjs","type":"runner:file-drained","elapsedMs":106996.842878}
check	Run verification	2026-10-05T13:31:37.9155431Z runner: file lifecycle {"entryFile":"/home/runner/work/vibe-fs/vibe-fs/requirements/managed-session-lifecycle/tests/002.test.mjs","pid":2832,"parentPid":2823,"type":"runner:file-start","elapsedMs":106999.16608699999}
check	Run verification	2026-10-05T13:31:37.9204710Z runner: file lifecycle {"entryFile":"/home/runner/work/vibe-fs/vibe-fs/requirements/managed-session-lifecycle/tests/001.test.mjs","type":"runner:file-drained","elapsedMs":107004.288913}
check	Run verification	2026-10-05T13:31:37.9221873Z runner: file lifecycle {"entryFile":"/home/runner/work/vibe-fs/vibe-fs/requirements/managed-session-lifecycle/tests/003.test.mjs","pid":2832,"parentPid":2823,"type":"runner:file-start","elapsedMs":107006.022424}
check	Run verification	2026-10-05T13:31:37.9786244Z runner: file lifecycle {"entryFile":"/home/runner/work/vibe-fs/vibe-fs/requirements/managed-session-lifecycle/tests/002.test.mjs","type":"runner:file-drained","elapsedMs":107062.381656}
check	Run verification	2026-10-05T13:31:37.9812393Z runner: file lifecycle {"entryFile":"/home/runner/work/vibe-fs/vibe-fs/requirements/managed-session-lifecycle/tests/004.test.mjs","pid":2832,"parentPid":2823,"type":"runner:file-start","elapsedMs":107064.765266}
check	Run verification	2026-10-05T13:31:37.9874709Z runner: file lifecycle {"entryFile":"/home/runner/work/vibe-fs/vibe-fs/requirements/managed-session-lifecycle/tests/003.test.mjs","type":"runner:file-drained","elapsedMs":107070.45143999999}
check	Run verification	2026-10-05T13:31:37.9893137Z runner: file lifecycle {"entryFile":"/home/runner/work/vibe-fs/vibe-fs/requirements/managed-session-lifecycle/tests/005.test.mjs","pid":2832,"parentPid":2823,"type":"runner:file-start","elapsedMs":107072.263339}
check	Run verification	2026-10-05T13:31:38.0647948Z runner: file lifecycle {"entryFile":"/home/runner/work/vibe-fs/vibe-fs/requirements/managed-session-lifecycle/tests/005.test.mjs","type":"runner:file-drained","elapsedMs":107148.457335}
check	Run verification	2026-10-05T13:31:38.0666755Z runner: file lifecycle {"entryFile":"/home/runner/work/vibe-fs/vibe-fs/requirements/managed-session-lifecycle/tests/006.test.mjs","pid":2832,"parentPid":2823,"type":"runner:file-start","elapsedMs":107150.429345}
check	Run verification	2026-10-05T13:31:38.5892229Z runner: file lifecycle {"entryFile":"/home/runner/work/vibe-fs/vibe-fs/requirements/managed-session-lifecycle/tests/004.test.mjs","type":"runner:file-drained","elapsedMs":107672.81327099999}
check	Run verification	2026-10-05T13:31:38.5917138Z runner: file lifecycle {"entryFile":"/home/runner/work/vibe-fs/vibe-fs/requirements/managed-session-lifecycle/tests/007.test.mjs","pid":2832,"parentPid":2823,"type":"runner:file-start","elapsedMs":107675.458545}
check	Run verification	2026-10-05T13:31:38.6843770Z runner: file lifecycle {"entryFile":"/home/runner/work/vibe-fs/vibe-fs/requirements/managed-session-lifecycle/tests/006.test.mjs","type":"runner:file-drained","elapsedMs":107767.871369}
check	Run verification	2026-10-05T13:31:38.6872642Z runner: file lifecycle {"entryFile":"/home/runner/work/vibe-fs/vibe-fs/requirements/managed-session-lifecycle/tests/008.test.mjs","pid":2832,"parentPid":2823,"type":"runner:file-start","elapsedMs":107770.37531}
check	Run verification	2026-10-05T13:31:39.4304482Z runner: file lifecycle {"entryFile":"/home/runner/work/vibe-fs/vibe-fs/requirements/managed-session-lifecycle/tests/007.test.mjs","type":"runner:file-drained","elapsedMs":108513.220894}
check	Run verification	2026-10-05T13:31:39.4314069Z runner: file lifecycle {"entryFile":"/home/runner/work/vibe-fs/vibe-fs/requirements/managed-session-lifecycle/tests/009.test.mjs","pid":2832,"parentPid":2823,"type":"runner:file-start","elapsedMs":108515.056809}
check	Run verification	2026-10-05T13:31:39.6613012Z runner: file lifecycle {"entryFile":"/home/runner/work/vibe-fs/vibe-fs/requirements/managed-session-lifecycle/tests/008.test.mjs","type":"runner:file-drained","elapsedMs":108744.96513499999}
check	Run verification	2026-10-05T13:31:39.6630411Z runner: file lifecycle {"entryFile":"/home/runner/work/vibe-fs/vibe-fs/requirements/managed-session-lifecycle/tests/010.test.mjs","pid":2832,"parentPid":2823,"type":"runner:file-start","elapsedMs":108746.82941199999}
check	Run verification	2026-10-05T13:31:39.7323936Z runner: file lifecycle {"entryFile":"/home/runner/work/vibe-fs/vibe-fs/requirements/managed-session-lifecycle/tests/010.test.mjs","type":"runner:file-drained","elapsedMs":108816.139291}
check	Run verification	2026-10-05T13:31:39.7353578Z runner: file lifecycle {"entryFile":"/home/runner/work/vibe-fs/vibe-fs/requirements/managed-session-lifecycle/tests/011.test.mjs","pid":2832,"parentPid":2823,"type":"runner:file-start","elapsedMs":108819.00022999999}
check	Run verification	2026-10-05T13:31:39.8128842Z runner: file lifecycle {"entryFile":"/home/runner/work/vibe-fs/vibe-fs/requirements/managed-session-lifecycle/tests/011.test.mjs","type":"runner:file-drained","elapsedMs":108896.631431}
check	Run verification	2026-10-05T13:31:39.8150240Z runner: file lifecycle {"entryFile":"/home/runner/work/vibe-fs/vibe-fs/requirements/managed-session-lifecycle/tests/012.test.mjs","pid":2832,"parentPid":2823,"type":"runner:file-start","elapsedMs":108898.79444}
check	Run verification	2026-10-05T13:31:40.0579627Z runner: file lifecycle {"entryFile":"/home/runner/work/vibe-fs/vibe-fs/requirements/managed-session-lifecycle/tests/012.test.mjs","type":"runner:file-drained","elapsedMs":109141.63298}
check	Run verification	2026-10-05T13:31:40.0597370Z runner: file lifecycle {"entryFile":"/home/runner/work/vibe-fs/vibe-fs/requirements/managed-session-lifecycle/tests/013.test.mjs","pid":2832,"parentPid":2823,"type":"runner:file-start","elapsedMs":109143.539773}
check	Run verification	2026-10-05T13:31:40.0602554Z runner: file lifecycle {"entryFile":"/home/runner/work/vibe-fs/vibe-fs/requirements/managed-session-lifecycle/tests/009.test.mjs","type":"runner:file-drained","elapsedMs":109144.130534}
check	Run verification	2026-10-05T13:31:40.0620060Z runner: file lifecycle {"entryFile":"/home/runner/work/vibe-fs/vibe-fs/requirements/managed-session-lifecycle/tests/014.test.mjs","pid":2832,"parentPid":2823,"type":"runner:file-start","elapsedMs":109145.824857}
check	Run verification	2026-10-05T13:31:40.5843635Z runner: file lifecycle {"entryFile":"/home/runner/work/vibe-fs/vibe-fs/requirements/managed-session-lifecycle/tests/014.test.mjs","type":"runner:file-drained","elapsedMs":109667.486471}
check	Run verification	2026-10-05T13:31:40.5858660Z runner: file lifecycle {"entryFile":"/home/runner/work/vibe-fs/vibe-fs/requirements/managed-session-lifecycle/tests/015.test.mjs","pid":2832,"parentPid":2823,"type":"runner:file-start","elapsedMs":109669.59254499999}
check	Run verification	2026-10-05T13:31:40.6645985Z runner: file lifecycle {"entryFile":"/home/runner/work/vibe-fs/vibe-fs/requirements/managed-session-lifecycle/tests/013.test.mjs","type":"runner:file-drained","elapsedMs":109746.437812}
check	Run verification	2026-10-05T13:31:40.6653349Z runner: file lifecycle {"entryFile":"/home/runner/work/vibe-fs/vibe-fs/requirements/managed-session-lifecycle/tests/016.test.mjs","pid":2832,"parentPid":2823,"type":"runner:file-start","elapsedMs":109749.15841199999}
check	Run verification	2026-10-05T13:31:40.7592931Z runner: file lifecycle {"entryFile":"/home/runner/work/vibe-fs/vibe-fs/requirements/managed-session-lifecycle/tests/016.test.mjs","type":"runner:file-drained","elapsedMs":109843.02200299999}
check	Run verification	2026-10-05T13:31:40.7602349Z runner: file lifecycle {"entryFile":"/home/runner/work/vibe-fs/vibe-fs/requirements/managed-session-lifecycle/tests/017.test.mjs","pid":2832,"parentPid":2823,"type":"runner:file-start","elapsedMs":109844.01552}
check	Run verification	2026-10-05T13:31:40.8980367Z runner: file lifecycle {"entryFile":"/home/runner/work/vibe-fs/vibe-fs/requirements/managed-session-lifecycle/tests/017.test.mjs","type":"runner:file-drained","elapsedMs":109979.42879199999}
check	Run verification	2026-10-05T13:31:40.9013446Z runner: file lifecycle {"entryFile":"/home/runner/work/vibe-fs/vibe-fs/requirements/managed-session-lifecycle/tests/018.test.mjs","pid":2832,"parentPid":2823,"type":"runner:file-start","elapsedMs":109984.616149}
check	Run verification	2026-10-05T13:31:41.3536036Z runner: file lifecycle {"entryFile":"/home/runner/work/vibe-fs/vibe-fs/requirements/managed-session-lifecycle/tests/015.test.mjs","type":"runner:file-drained","elapsedMs":110436.916183}
check	Run verification	2026-10-05T13:31:41.3713114Z runner: file lifecycle {"entryFile":"/home/runner/work/vibe-fs/vibe-fs/requirements/managed-session-lifecycle/tests/019.test.mjs","pid":2832,"parentPid":2823,"type":"runner:file-start","elapsedMs":110446.27083899999}
check	Run verification	2026-10-05T13:31:42.1586545Z fatal: not a git repository (or any of the parent directories): .git
check	Run verification	2026-10-05T13:31:42.1611182Z fatal: not a git repository (or any of the parent directories): .git
check	Run verification	2026-10-05T13:31:42.1660426Z fatal: not a git repository (or any of the parent directories): .git
check	Run verification	2026-10-05T13:31:42.1703612Z fatal: not a git repository (or any of the parent directories): .git
check	Run verification	2026-10-05T13:31:42.1748503Z fatal: not a git repository (or any of the parent directories): .git
check	Run verification	2026-10-05T13:31:42.2114660Z fatal: not a git repository (or any of the parent directories): .git
check	Run verification	2026-10-05T13:31:42.5567261Z fatal: not a git repository (or any of the parent directories): .git
check	Run verification	2026-10-05T13:31:42.5607158Z fatal: not a git repository (or any of the parent directories): .git
check	Run verification	2026-10-05T13:31:42.5648670Z fatal: not a git repository (or any of the parent directories): .git
check	Run verification	2026-10-05T13:31:42.5688324Z fatal: not a git repository (or any of the parent directories): .git
check	Run verification	2026-10-05T13:31:42.5743537Z fatal: not a git repository (or any of the parent directories): .git
check	Run verification	2026-10-05T13:31:42.5787882Z fatal: not a git repository (or any of the parent directories): .git
check	Run verification	2026-10-05T13:31:42.6644046Z runner: file lifecycle {"entryFile":"/home/runner/work/vibe-fs/vibe-fs/requirements/managed-session-lifecycle/tests/018.test.mjs","type":"runner:file-drained","elapsedMs":111748.00605499999}
check	Run verification	2026-10-05T13:31:42.6683687Z runner: file lifecycle {"entryFile":"/home/runner/work/vibe-fs/vibe-fs/requirements/managed-session-lifecycle/tests/020.test.mjs","pid":2832,"parentPid":2823,"type":"runner:file-start","elapsedMs":111751.998592}
check	Run verification	2026-10-05T13:31:42.8268313Z fatal: not a git repository (or any of the parent directories): .git
check	Run verification	2026-10-05T13:31:42.8305030Z fatal: not a git repository (or any of the parent directories): .git
check	Run verification	2026-10-05T13:31:42.8343177Z fatal: not a git repository (or any of the parent directories): .git
check	Run verification	2026-10-05T13:31:42.8379807Z fatal: not a git repository (or any of the parent directories): .git
check	Run verification	2026-10-05T13:31:42.8420316Z fatal: not a git repository (or any of the parent directories): .git
check	Run verification	2026-10-05T13:31:42.8458316Z fatal: not a git repository (or any of the parent directories): .git
check	Run verification	2026-10-05T13:31:43.0536233Z runner: file lifecycle {"entryFile":"/home/runner/work/vibe-fs/vibe-fs/requirements/managed-session-lifecycle/tests/019.test.mjs","type":"runner:file-drained","elapsedMs":112137.280207}
check	Run verification	2026-10-05T13:31:43.0564401Z runner: file lifecycle {"entryFile":"/home/runner/work/vibe-fs/vibe-fs/requirements/managed-session-lifecycle/tests/021.test.mjs","pid":2832,"parentPid":2823,"type":"runner:file-start","elapsedMs":112140.206336}
check	Run verification	2026-10-05T13:31:43.1016002Z runner: file lifecycle {"entryFile":"/home/runner/work/vibe-fs/vibe-fs/requirements/managed-session-lifecycle/tests/021.test.mjs","type":"runner:file-drained","elapsedMs":112185.246155}
check	Run verification	2026-10-05T13:31:43.1034933Z runner: file lifecycle {"entryFile":"/home/runner/work/vibe-fs/vibe-fs/requirements/managed-session-lifecycle/tests/022.test.mjs","pid":2832,"parentPid":2823,"type":"runner:file-start","elapsedMs":112187.29179799999}
check	Run verification	2026-10-05T13:31:43.3555826Z runner: file lifecycle {"entryFile":"/home/runner/work/vibe-fs/vibe-fs/requirements/managed-session-lifecycle/tests/022.test.mjs","type":"runner:file-drained","elapsedMs":112439.263851}
check	Run verification	2026-10-05T13:31:43.3583989Z runner: file lifecycle {"entryFile":"/home/runner/work/vibe-fs/vibe-fs/requirements/managed-session-lifecycle/tests/023.test.mjs","pid":2832,"parentPid":2823,"type":"runner:file-start","elapsedMs":112441.08851999999}
check	Run verification	2026-10-05T13:31:43.4151582Z runner: file lifecycle {"entryFile":"/home/runner/work/vibe-fs/vibe-fs/requirements/managed-session-lifecycle/tests/023.test.mjs","type":"runner:file-drained","elapsedMs":112498.904052}
check	Run verification	2026-10-05T13:31:43.4173120Z runner: file lifecycle {"entryFile":"/home/runner/work/vibe-fs/vibe-fs/requirements/managed-session-lifecycle/tests/024.test.mjs","pid":2832,"parentPid":2823,"type":"runner:file-start","elapsedMs":112501.069465}
check	Run verification	2026-10-05T13:31:43.4858170Z runner: file lifecycle {"entryFile":"/home/runner/work/vibe-fs/vibe-fs/requirements/managed-session-lifecycle/tests/024.test.mjs","type":"runner:file-drained","elapsedMs":112569.55718799999}
check	Run verification	2026-10-05T13:31:43.4880332Z runner: file lifecycle {"entryFile":"/home/runner/work/vibe-fs/vibe-fs/requirements/managed-session-lifecycle/tests/025.test.mjs","pid":2832,"parentPid":2823,"type":"runner:file-start","elapsedMs":112571.798205}
check	Run verification	2026-10-05T13:31:44.1513494Z runner: file lifecycle {"entryFile":"/home/runner/work/vibe-fs/vibe-fs/requirements/managed-session-lifecycle/tests/025.test.mjs","type":"runner:file-drained","elapsedMs":113232.822222}
check	Run verification	2026-10-05T13:31:44.1542704Z runner: file lifecycle {"entryFile":"/home/runner/work/vibe-fs/vibe-fs/requirements/obligation-ledger/tests/001.test.mjs","pid":2832,"parentPid":2823,"type":"runner:file-start","elapsedMs":113234.450296}
check	Run verification	2026-10-05T13:31:44.2502704Z runner: file lifecycle {"entryFile":"/home/runner/work/vibe-fs/vibe-fs/requirements/managed-session-lifecycle/tests/020.test.mjs","type":"runner:file-drained","elapsedMs":113333.130926}
check	Run verification	2026-10-05T13:31:44.2517410Z runner: file lifecycle {"entryFile":"/home/runner/work/vibe-fs/vibe-fs/requirements/obligation-ledger/tests/002.test.mjs","pid":2832,"parentPid":2823,"type":"runner:file-start","elapsedMs":113335.509209}
check	Run verification	2026-10-05T13:31:44.4218367Z runner: file lifecycle {"entryFile":"/home/runner/work/vibe-fs/vibe-fs/requirements/obligation-ledger/tests/001.test.mjs","type":"runner:file-drained","elapsedMs":113505.501809}
check	Run verification	2026-10-05T13:31:44.4237986Z runner: file lifecycle {"entryFile":"/home/runner/work/vibe-fs/vibe-fs/requirements/obligation-ledger/tests/003.test.mjs","pid":2832,"parentPid":2823,"type":"runner:file-start","elapsedMs":113507.56455699999}
check	Run verification	2026-10-05T13:31:44.4683908Z runner: file lifecycle {"entryFile":"/home/runner/work/vibe-fs/vibe-fs/requirements/obligation-ledger/tests/003.test.mjs","type":"runner:file-drained","elapsedMs":113551.248585}
check	Run verification	2026-10-05T13:31:44.4699369Z runner: file lifecycle {"entryFile":"/home/runner/work/vibe-fs/vibe-fs/requirements/obligation-ledger/tests/004.test.mjs","pid":2832,"parentPid":2823,"type":"runner:file-start","elapsedMs":113553.672026}
check	Run verification	2026-10-05T13:31:44.5055553Z runner: file lifecycle {"entryFile":"/home/runner/work/vibe-fs/vibe-fs/requirements/obligation-ledger/tests/002.test.mjs","type":"runner:file-drained","elapsedMs":113589.220223}
check	Run verification	2026-10-05T13:31:44.5083204Z runner: file lifecycle {"entryFile":"/home/runner/work/vibe-fs/vibe-fs/requirements/obligation-ledger/tests/005.test.mjs","pid":2832,"parentPid":2823,"type":"runner:file-start","elapsedMs":113591.44172}
check	Run verification	2026-10-05T13:31:44.7385626Z runner: file lifecycle {"entryFile":"/home/runner/work/vibe-fs/vibe-fs/requirements/obligation-ledger/tests/004.test.mjs","type":"runner:file-drained","elapsedMs":113821.677029}
check	Run verification	2026-10-05T13:31:44.7403238Z runner: file lifecycle {"entryFile":"/home/runner/work/vibe-fs/vibe-fs/requirements/obligation-ledger/tests/006.test.mjs","pid":2832,"parentPid":2823,"type":"runner:file-start","elapsedMs":113824.056514}
check	Run verification	2026-10-05T13:31:44.7672379Z runner: file lifecycle {"entryFile":"/home/runner/work/vibe-fs/vibe-fs/requirements/obligation-ledger/tests/005.test.mjs","type":"runner:file-drained","elapsedMs":113850.919985}
check	Run verification	2026-10-05T13:31:44.7694083Z runner: file lifecycle {"entryFile":"/home/runner/work/vibe-fs/vibe-fs/requirements/obligation-ledger/tests/007.test.mjs","pid":2832,"parentPid":2823,"type":"runner:file-start","elapsedMs":113853.20597}
check	Run verification	2026-10-05T13:31:44.7736732Z runner: file lifecycle {"entryFile":"/home/runner/work/vibe-fs/vibe-fs/requirements/obligation-ledger/tests/006.test.mjs","type":"runner:file-drained","elapsedMs":113857.514612}
check	Run verification	2026-10-05T13:31:44.7756542Z runner: file lifecycle {"entryFile":"/home/runner/work/vibe-fs/vibe-fs/requirements/office-capability/tests/001.test.mjs","pid":2832,"parentPid":2823,"type":"runner:file-start","elapsedMs":113859.460744}
check	Run verification	2026-10-05T13:31:44.8058812Z runner: file lifecycle {"entryFile":"/home/runner/work/vibe-fs/vibe-fs/requirements/obligation-ledger/tests/007.test.mjs","type":"runner:file-drained","elapsedMs":113889.61877}
check	Run verification	2026-10-05T13:31:44.8078730Z runner: file lifecycle {"entryFile":"/home/runner/work/vibe-fs/vibe-fs/requirements/office-capability/tests/003.test.mjs","pid":2832,"parentPid":2823,"type":"runner:file-start","elapsedMs":113891.684663}
check	Run verification	2026-10-05T13:31:44.8084627Z runner: file lifecycle {"entryFile":"/home/runner/work/vibe-fs/vibe-fs/requirements/office-capability/tests/001.test.mjs","type":"runner:file-drained","elapsedMs":113892.35419099999}
check	Run verification	2026-10-05T13:31:44.8101129Z runner: file lifecycle {"entryFile":"/home/runner/work/vibe-fs/vibe-fs/requirements/office-capability/tests/004.test.mjs","pid":2832,"parentPid":2823,"type":"runner:file-start","elapsedMs":113893.96692199999}
check	Run verification	2026-10-05T13:31:44.8426779Z runner: file lifecycle {"entryFile":"/home/runner/work/vibe-fs/vibe-fs/requirements/office-capability/tests/004.test.mjs","type":"runner:file-drained","elapsedMs":113926.379543}
check	Run verification	2026-10-05T13:31:44.8446192Z runner: file lifecycle {"entryFile":"/home/runner/work/vibe-fs/vibe-fs/requirements/office-capability/tests/005.test.mjs","pid":2832,"parentPid":2823,"type":"runner:file-start","elapsedMs":113928.412057}
check	Run verification	2026-10-05T13:31:44.8628806Z runner: file lifecycle {"entryFile":"/home/runner/work/vibe-fs/vibe-fs/requirements/office-capability/tests/003.test.mjs","type":"runner:file-drained","elapsedMs":113945.714679}
check	Run verification	2026-10-05T13:31:44.8653805Z runner: file lifecycle {"entryFile":"/home/runner/work/vibe-fs/vibe-fs/requirements/office-capability/tests/006.test.mjs","pid":2832,"parentPid":2823,"type":"runner:file-start","elapsedMs":113947.64014999999}
check	Run verification	2026-10-05T13:31:44.8789095Z runner: file lifecycle {"entryFile":"/home/runner/work/vibe-fs/vibe-fs/requirements/office-capability/tests/005.test.mjs","type":"runner:file-drained","elapsedMs":113962.623869}
check	Run verification	2026-10-05T13:31:44.8808457Z runner: file lifecycle {"entryFile":"/home/runner/work/vibe-fs/vibe-fs/requirements/office-capability/tests/007.test.mjs","pid":2832,"parentPid":2823,"type":"runner:file-start","elapsedMs":113964.643543}
check	Run verification	2026-10-05T13:31:44.9010122Z runner: file lifecycle {"entryFile":"/home/runner/work/vibe-fs/vibe-fs/requirements/office-capability/tests/006.test.mjs","type":"runner:file-drained","elapsedMs":113984.745484}
check	Run verification	2026-10-05T13:31:44.9032885Z runner: file lifecycle {"entryFile":"/home/runner/work/vibe-fs/vibe-fs/requirements/office-capability/tests/011.test.mjs","pid":2832,"parentPid":2823,"type":"runner:file-start","elapsedMs":113986.50787}
check	Run verification	2026-10-05T13:31:44.9368487Z runner: file lifecycle {"entryFile":"/home/runner/work/vibe-fs/vibe-fs/requirements/office-capability/tests/011.test.mjs","type":"runner:file-drained","elapsedMs":114019.196027}
check	Run verification	2026-10-05T13:31:44.9373956Z runner: file lifecycle {"entryFile":"/home/runner/work/vibe-fs/vibe-fs/requirements/office-capability/tests/012.test.mjs","pid":2832,"parentPid":2823,"type":"runner:file-start","elapsedMs":114021.231174}
check	Run verification	2026-10-05T13:31:44.9675983Z runner: file lifecycle {"entryFile":"/home/runner/work/vibe-fs/vibe-fs/requirements/office-capability/tests/007.test.mjs","type":"runner:file-drained","elapsedMs":114051.320515}
check	Run verification	2026-10-05T13:31:44.9689699Z runner: file lifecycle {"entryFile":"/home/runner/work/vibe-fs/vibe-fs/requirements/office-capability/tests/015.test.mjs","pid":2832,"parentPid":2823,"type":"runner:file-start","elapsedMs":114052.80303899999}
check	Run verification	2026-10-05T13:31:44.9942640Z runner: file lifecycle {"entryFile":"/home/runner/work/vibe-fs/vibe-fs/requirements/office-capability/tests/012.test.mjs","type":"runner:file-drained","elapsedMs":114077.926918}
check	Run verification	2026-10-05T13:31:44.9963692Z runner: file lifecycle {"entryFile":"/home/runner/work/vibe-fs/vibe-fs/requirements/office-capability/tests/016.test.mjs","pid":2832,"parentPid":2823,"type":"runner:file-start","elapsedMs":114079.923257}
check	Run verification	2026-10-05T13:31:45.0259444Z runner: file lifecycle {"entryFile":"/home/runner/work/vibe-fs/vibe-fs/requirements/office-capability/tests/015.test.mjs","type":"runner:file-drained","elapsedMs":114109.613857}
check	Run verification	2026-10-05T13:31:45.0277677Z runner: file lifecycle {"entryFile":"/home/runner/work/vibe-fs/vibe-fs/requirements/office-capability/tests/017.test.mjs","pid":2832,"parentPid":2823,"type":"runner:file-start","elapsedMs":114111.55499199999}
check	Run verification	2026-10-05T13:31:45.0522824Z runner: file lifecycle {"entryFile":"/home/runner/work/vibe-fs/vibe-fs/requirements/office-capability/tests/016.test.mjs","type":"runner:file-drained","elapsedMs":114135.72796799999}
check	Run verification	2026-10-05T13:31:45.0544240Z runner: file lifecycle {"entryFile":"/home/runner/work/vibe-fs/vibe-fs/requirements/office-capability/tests/018.test.mjs","pid":2832,"parentPid":2823,"type":"runner:file-start","elapsedMs":114138.129817}
check	Run verification	2026-10-05T13:31:45.0831254Z runner: file lifecycle {"entryFile":"/home/runner/work/vibe-fs/vibe-fs/requirements/office-capability/tests/017.test.mjs","type":"runner:file-drained","elapsedMs":114165.647163}
check	Run verification	2026-10-05T13:31:45.0859432Z runner: file lifecycle {"entryFile":"/home/runner/work/vibe-fs/vibe-fs/requirements/participant-horizon/tests/001.test.mjs","pid":2832,"parentPid":2823,"type":"runner:file-start","elapsedMs":114167.957454}
check	Run verification	2026-10-05T13:31:45.1117166Z runner: file lifecycle {"entryFile":"/home/runner/work/vibe-fs/vibe-fs/requirements/office-capability/tests/018.test.mjs","type":"runner:file-drained","elapsedMs":114195.454749}
check	Run verification	2026-10-05T13:31:45.1150353Z runner: file lifecycle {"entryFile":"/home/runner/work/vibe-fs/vibe-fs/requirements/participant-horizon/tests/002.test.mjs","pid":2832,"parentPid":2823,"type":"runner:file-start","elapsedMs":114198.239625}
check	Run verification	2026-10-05T13:31:45.1193743Z runner: file lifecycle {"entryFile":"/home/runner/work/vibe-fs/vibe-fs/requirements/participant-horizon/tests/001.test.mjs","type":"runner:file-drained","elapsedMs":114203.160611}
check	Run verification	2026-10-05T13:31:45.1219859Z runner: file lifecycle {"entryFile":"/home/runner/work/vibe-fs/vibe-fs/requirements/participant-horizon/tests/003.test.mjs","pid":2832,"parentPid":2823,"type":"runner:file-start","elapsedMs":114205.762832}
check	Run verification	2026-10-05T13:31:45.1653927Z runner: file lifecycle {"entryFile":"/home/runner/work/vibe-fs/vibe-fs/requirements/participant-horizon/tests/002.test.mjs","type":"runner:file-drained","elapsedMs":114249.071103}
check	Run verification	2026-10-05T13:31:45.1674970Z runner: file lifecycle {"entryFile":"/home/runner/work/vibe-fs/vibe-fs/requirements/participant-horizon/tests/004.test.mjs","pid":2832,"parentPid":2823,"type":"runner:file-start","elapsedMs":114251.24703099999}
check	Run verification	2026-10-05T13:31:45.2108674Z runner: file lifecycle {"entryFile":"/home/runner/work/vibe-fs/vibe-fs/requirements/participant-horizon/tests/004.test.mjs","type":"runner:file-drained","elapsedMs":114294.554351}
check	Run verification	2026-10-05T13:31:45.2130783Z runner: file lifecycle {"entryFile":"/home/runner/work/vibe-fs/vibe-fs/requirements/participant-horizon/tests/005.test.mjs","pid":2832,"parentPid":2823,"type":"runner:file-start","elapsedMs":114296.878073}
check	Run verification	2026-10-05T13:31:45.3145295Z runner: file lifecycle {"entryFile":"/home/runner/work/vibe-fs/vibe-fs/requirements/participant-horizon/tests/003.test.mjs","type":"runner:file-drained","elapsedMs":114397.81182799999}
check	Run verification	2026-10-05T13:31:45.3162414Z runner: file lifecycle {"entryFile":"/home/runner/work/vibe-fs/vibe-fs/requirements/participant-horizon/tests/006.test.mjs","pid":2832,"parentPid":2823,"type":"runner:file-start","elapsedMs":114399.985373}
check	Run verification	2026-10-05T13:31:45.3530527Z runner: file lifecycle {"entryFile":"/home/runner/work/vibe-fs/vibe-fs/requirements/participant-horizon/tests/006.test.mjs","type":"runner:file-drained","elapsedMs":114435.96186499999}
check	Run verification	2026-10-05T13:31:45.3542407Z runner: file lifecycle {"entryFile":"/home/runner/work/vibe-fs/vibe-fs/requirements/participant-horizon/tests/007.test.mjs","pid":2832,"parentPid":2823,"type":"runner:file-start","elapsedMs":114437.967538}
check	Run verification	2026-10-05T13:31:45.3900170Z runner: file lifecycle {"entryFile":"/home/runner/work/vibe-fs/vibe-fs/requirements/participant-horizon/tests/007.test.mjs","type":"runner:file-drained","elapsedMs":114473.722947}
check	Run verification	2026-10-05T13:31:45.3917242Z runner: file lifecycle {"entryFile":"/home/runner/work/vibe-fs/vibe-fs/requirements/participant-horizon/tests/008.test.mjs","pid":2832,"parentPid":2823,"type":"runner:file-start","elapsedMs":114475.51646}
check	Run verification	2026-10-05T13:31:45.3922314Z runner: file lifecycle {"entryFile":"/home/runner/work/vibe-fs/vibe-fs/requirements/participant-horizon/tests/005.test.mjs","type":"runner:file-drained","elapsedMs":114476.097746}
check	Run verification	2026-10-05T13:31:45.3942638Z runner: file lifecycle {"entryFile":"/home/runner/work/vibe-fs/vibe-fs/requirements/participant-horizon/tests/009.test.mjs","pid":2832,"parentPid":2823,"type":"runner:file-start","elapsedMs":114477.72188299999}
check	Run verification	2026-10-05T13:31:45.4241035Z runner: file lifecycle {"entryFile":"/home/runner/work/vibe-fs/vibe-fs/requirements/participant-horizon/tests/008.test.mjs","type":"runner:file-drained","elapsedMs":114507.73455899999}
check	Run verification	2026-10-05T13:31:45.4260448Z runner: file lifecycle {"entryFile":"/home/runner/work/vibe-fs/vibe-fs/requirements/participant-horizon/tests/010.test.mjs","pid":2832,"parentPid":2823,"type":"runner:file-start","elapsedMs":114509.789685}
check	Run verification	2026-10-05T13:31:45.8775868Z runner: file lifecycle {"entryFile":"/home/runner/work/vibe-fs/vibe-fs/requirements/participant-horizon/tests/009.test.mjs","type":"runner:file-drained","elapsedMs":114959.304813}
check	Run verification	2026-10-05T13:31:45.8802675Z runner: file lifecycle {"entryFile":"/home/runner/work/vibe-fs/vibe-fs/requirements/participant-horizon/tests/011.test.mjs","pid":2832,"parentPid":2823,"type":"runner:file-start","elapsedMs":114961.61571499999}
check	Run verification	2026-10-05T13:31:45.9306250Z runner: file lifecycle {"entryFile":"/home/runner/work/vibe-fs/vibe-fs/requirements/participant-horizon/tests/010.test.mjs","type":"runner:file-drained","elapsedMs":115014.300315}
check	Run verification	2026-10-05T13:31:45.9326889Z runner: file lifecycle {"entryFile":"/home/runner/work/vibe-fs/vibe-fs/requirements/participant-horizon/tests/012.test.mjs","pid":2832,"parentPid":2823,"type":"runner:file-start","elapsedMs":115016.445687}
check	Run verification	2026-10-05T13:31:46.0150229Z runner: file lifecycle {"entryFile":"/home/runner/work/vibe-fs/vibe-fs/requirements/participant-horizon/tests/012.test.mjs","type":"runner:file-drained","elapsedMs":115098.65529899999}
check	Run verification	2026-10-05T13:31:46.0172118Z runner: file lifecycle {"entryFile":"/home/runner/work/vibe-fs/vibe-fs/requirements/participant-horizon/tests/013.test.mjs","pid":2832,"parentPid":2823,"type":"runner:file-start","elapsedMs":115100.943026}
check	Run verification	2026-10-05T13:31:46.1695700Z runner: file lifecycle {"entryFile":"/home/runner/work/vibe-fs/vibe-fs/requirements/participant-horizon/tests/013.test.mjs","type":"runner:file-drained","elapsedMs":115249.327444}
check	Run verification	2026-10-05T13:31:46.1713105Z runner: file lifecycle {"entryFile":"/home/runner/work/vibe-fs/vibe-fs/requirements/participant-horizon/tests/014.test.mjs","pid":2832,"parentPid":2823,"type":"runner:file-start","elapsedMs":115253.281682}
check	Run verification	2026-10-05T13:31:46.2097634Z runner: file lifecycle {"entryFile":"/home/runner/work/vibe-fs/vibe-fs/requirements/participant-horizon/tests/014.test.mjs","type":"runner:file-drained","elapsedMs":115293.50847}
check	Run verification	2026-10-05T13:31:46.2122255Z runner: file lifecycle {"entryFile":"/home/runner/work/vibe-fs/vibe-fs/requirements/participant-horizon/tests/015.test.mjs","pid":2832,"parentPid":2823,"type":"runner:file-start","elapsedMs":115295.892823}
check	Run verification	2026-10-05T13:31:46.2888930Z runner: file lifecycle {"entryFile":"/home/runner/work/vibe-fs/vibe-fs/requirements/participant-horizon/tests/015.test.mjs","type":"runner:file-drained","elapsedMs":115372.610577}
check	Run verification	2026-10-05T13:31:46.2932972Z runner: file lifecycle {"entryFile":"/home/runner/work/vibe-fs/vibe-fs/requirements/participant-identity/tests/001.test.mjs","pid":2832,"parentPid":2823,"type":"runner:file-start","elapsedMs":115375.099278}
check	Run verification	2026-10-05T13:31:46.3734356Z runner: file lifecycle {"entryFile":"/home/runner/work/vibe-fs/vibe-fs/requirements/participant-horizon/tests/011.test.mjs","type":"runner:file-drained","elapsedMs":115455.810971}
check	Run verification	2026-10-05T13:31:46.3762484Z runner: file lifecycle {"entryFile":"/home/runner/work/vibe-fs/vibe-fs/requirements/participant-identity/tests/002.test.mjs","pid":2832,"parentPid":2823,"type":"runner:file-start","elapsedMs":115458.518341}
check	Run verification	2026-10-05T13:31:46.4041876Z runner: file lifecycle {"entryFile":"/home/runner/work/vibe-fs/vibe-fs/requirements/participant-identity/tests/001.test.mjs","type":"runner:file-drained","elapsedMs":115486.90097}
check	Run verification	2026-10-05T13:31:46.4051382Z runner: file lifecycle {"entryFile":"/home/runner/work/vibe-fs/vibe-fs/requirements/participant-identity/tests/003.test.mjs","pid":2832,"parentPid":2823,"type":"runner:file-start","elapsedMs":115488.907995}
check	Run verification	2026-10-05T13:31:46.4655354Z runner: file lifecycle {"entryFile":"/home/runner/work/vibe-fs/vibe-fs/requirements/participant-identity/tests/003.test.mjs","type":"runner:file-drained","elapsedMs":115548.24090199999}
check	Run verification	2026-10-05T13:31:46.4666059Z runner: file lifecycle {"entryFile":"/home/runner/work/vibe-fs/vibe-fs/requirements/participant-identity/tests/004.test.mjs","pid":2832,"parentPid":2823,"type":"runner:file-start","elapsedMs":115550.41176399999}
check	Run verification	2026-10-05T13:31:46.7532769Z runner: file lifecycle {"entryFile":"/home/runner/work/vibe-fs/vibe-fs/requirements/participant-identity/tests/004.test.mjs","type":"runner:file-drained","elapsedMs":115836.911836}
check	Run verification	2026-10-05T13:31:46.7551018Z runner: file lifecycle {"entryFile":"/home/runner/work/vibe-fs/vibe-fs/requirements/participant-identity/tests/005.test.mjs","pid":2832,"parentPid":2823,"type":"runner:file-start","elapsedMs":115838.886552}
check	Run verification	2026-10-05T13:31:46.8056333Z runner: file lifecycle {"entryFile":"/home/runner/work/vibe-fs/vibe-fs/requirements/participant-identity/tests/002.test.mjs","type":"runner:file-drained","elapsedMs":115889.11691299999}
check	Run verification	2026-10-05T13:31:46.8076530Z runner: file lifecycle {"entryFile":"/home/runner/work/vibe-fs/vibe-fs/requirements/participant-identity/tests/007.test.mjs","pid":2832,"parentPid":2823,"type":"runner:file-start","elapsedMs":115891.48043499999}
check	Run verification	2026-10-05T13:31:46.8353424Z runner: file lifecycle {"entryFile":"/home/runner/work/vibe-fs/vibe-fs/requirements/participant-identity/tests/005.test.mjs","type":"runner:file-drained","elapsedMs":115918.515724}
check	Run verification	2026-10-05T13:31:46.8393590Z runner: file lifecycle {"entryFile":"/home/runner/work/vibe-fs/vibe-fs/requirements/participant-identity/tests/008.test.mjs","pid":2832,"parentPid":2823,"type":"runner:file-start","elapsedMs":115920.737241}
check	Run verification	2026-10-05T13:31:46.8646104Z runner: file lifecycle {"entryFile":"/home/runner/work/vibe-fs/vibe-fs/requirements/participant-identity/tests/007.test.mjs","type":"runner:file-drained","elapsedMs":115948.304462}
check	Run verification	2026-10-05T13:31:46.8672991Z runner: file lifecycle {"entryFile":"/home/runner/work/vibe-fs/vibe-fs/requirements/participant-identity/tests/009.test.mjs","pid":2832,"parentPid":2823,"type":"runner:file-start","elapsedMs":115950.768726}
check	Run verification	2026-10-05T13:31:47.9506638Z runner: file lifecycle {"entryFile":"/home/runner/work/vibe-fs/vibe-fs/requirements/participant-identity/tests/008.test.mjs","type":"runner:file-drained","elapsedMs":117034.326516}
check	Run verification	2026-10-05T13:31:47.9532512Z runner: file lifecycle {"entryFile":"/home/runner/work/vibe-fs/vibe-fs/requirements/participant-identity/tests/010.test.mjs","pid":2832,"parentPid":2823,"type":"runner:file-start","elapsedMs":117037.005983}
check	Run verification	2026-10-05T13:31:48.0300538Z runner: file lifecycle {"entryFile":"/home/runner/work/vibe-fs/vibe-fs/requirements/participant-identity/tests/010.test.mjs","type":"runner:file-drained","elapsedMs":117113.70698999999}
check	Run verification	2026-10-05T13:31:48.0333109Z runner: file lifecycle {"entryFile":"/home/runner/work/vibe-fs/vibe-fs/requirements/prefix-stability/tests/001.test.mjs","pid":2832,"parentPid":2823,"type":"runner:file-start","elapsedMs":117117.005601}
check	Run verification	2026-10-05T13:31:48.4367632Z runner: file lifecycle {"entryFile":"/home/runner/work/vibe-fs/vibe-fs/requirements/participant-identity/tests/009.test.mjs","type":"runner:file-drained","elapsedMs":117519.539848}
check	Run verification	2026-10-05T13:31:48.4380230Z runner: file lifecycle {"entryFile":"/home/runner/work/vibe-fs/vibe-fs/requirements/prefix-stability/tests/002.test.mjs","pid":2832,"parentPid":2823,"type":"runner:file-start","elapsedMs":117521.82079499999}
check	Run verification	2026-10-05T13:31:48.5376234Z runner: file lifecycle {"entryFile":"/home/runner/work/vibe-fs/vibe-fs/requirements/prefix-stability/tests/002.test.mjs","type":"runner:file-drained","elapsedMs":117621.37183999999}
check	Run verification	2026-10-05T13:31:48.5398213Z runner: file lifecycle {"entryFile":"/home/runner/work/vibe-fs/vibe-fs/requirements/prefix-stability/tests/003.test.mjs","pid":2832,"parentPid":2823,"type":"runner:file-start","elapsedMs":117623.609322}
check	Run verification	2026-10-05T13:31:49.2816033Z runner: file lifecycle {"entryFile":"/home/runner/work/vibe-fs/vibe-fs/requirements/prefix-stability/tests/001.test.mjs","type":"runner:file-drained","elapsedMs":118364.16915999999}
check	Run verification	2026-10-05T13:31:49.2817624Z runner: file lifecycle {"entryFile":"/home/runner/work/vibe-fs/vibe-fs/requirements/prefix-stability/tests/004.test.mjs","pid":2832,"parentPid":2823,"type":"runner:file-start","elapsedMs":118365.260194}
check	Run verification	2026-10-05T13:31:49.3464629Z runner: file lifecycle {"entryFile":"/home/runner/work/vibe-fs/vibe-fs/requirements/prefix-stability/tests/004.test.mjs","type":"runner:file-drained","elapsedMs":118430.15978999999}
check	Run verification	2026-10-05T13:31:49.3509874Z runner: file lifecycle {"entryFile":"/home/runner/work/vibe-fs/vibe-fs/requirements/prefix-stability/tests/005.test.mjs","pid":2832,"parentPid":2823,"type":"runner:file-start","elapsedMs":118432.65299599999}
check	Run verification	2026-10-05T13:31:49.4286626Z runner: file lifecycle {"entryFile":"/home/runner/work/vibe-fs/vibe-fs/requirements/prefix-stability/tests/005.test.mjs","type":"runner:file-drained","elapsedMs":118512.349697}
check	Run verification	2026-10-05T13:31:49.4319824Z runner: file lifecycle {"entryFile":"/home/runner/work/vibe-fs/vibe-fs/requirements/prefix-stability/tests/006.test.mjs","pid":2832,"parentPid":2823,"type":"runner:file-start","elapsedMs":118514.836023}
check	Run verification	2026-10-05T13:31:49.6009265Z runner: file lifecycle {"entryFile":"/home/runner/work/vibe-fs/vibe-fs/requirements/prefix-stability/tests/006.test.mjs","type":"runner:file-drained","elapsedMs":118684.656926}
check	Run verification	2026-10-05T13:31:49.6033148Z runner: file lifecycle {"entryFile":"/home/runner/work/vibe-fs/vibe-fs/requirements/prefix-stability/tests/007.test.mjs","pid":2832,"parentPid":2823,"type":"runner:file-start","elapsedMs":118686.928569}
check	Run verification	2026-10-05T13:31:49.9702262Z runner: file lifecycle {"entryFile":"/home/runner/work/vibe-fs/vibe-fs/requirements/prefix-stability/tests/007.test.mjs","type":"runner:file-drained","elapsedMs":119053.762005}
check	Run verification	2026-10-05T13:31:49.9727605Z runner: file lifecycle {"entryFile":"/home/runner/work/vibe-fs/vibe-fs/requirements/prefix-stability/tests/008.test.mjs","pid":2832,"parentPid":2823,"type":"runner:file-start","elapsedMs":119056.577047}
check	Run verification	2026-10-05T13:31:50.0713828Z runner: file lifecycle {"entryFile":"/home/runner/work/vibe-fs/vibe-fs/requirements/prefix-stability/tests/008.test.mjs","type":"runner:file-drained","elapsedMs":119154.928105}
check	Run verification	2026-10-05T13:31:50.0756746Z runner: file lifecycle {"entryFile":"/home/runner/work/vibe-fs/vibe-fs/requirements/prefix-stability/tests/009.test.mjs","pid":2832,"parentPid":2823,"type":"runner:file-start","elapsedMs":119158.581199}
check	Run verification	2026-10-05T13:31:50.2745630Z runner: file lifecycle {"entryFile":"/home/runner/work/vibe-fs/vibe-fs/requirements/prefix-stability/tests/009.test.mjs","type":"runner:file-drained","elapsedMs":119358.23564299999}
check	Run verification	2026-10-05T13:31:50.2773527Z runner: file lifecycle {"entryFile":"/home/runner/work/vibe-fs/vibe-fs/requirements/prefix-stability/tests/010.test.mjs","pid":2832,"parentPid":2823,"type":"runner:file-start","elapsedMs":119360.774638}
check	Run verification	2026-10-05T13:31:50.7645376Z runner: file lifecycle {"entryFile":"/home/runner/work/vibe-fs/vibe-fs/requirements/prefix-stability/tests/010.test.mjs","type":"runner:file-drained","elapsedMs":119848.288287}
check	Run verification	2026-10-05T13:31:50.7664797Z runner: file lifecycle {"entryFile":"/home/runner/work/vibe-fs/vibe-fs/requirements/prefix-stability/tests/011.test.mjs","pid":2832,"parentPid":2823,"type":"runner:file-start","elapsedMs":119850.105455}
check	Run verification	2026-10-05T13:31:50.7988522Z runner: file lifecycle {"entryFile":"/home/runner/work/vibe-fs/vibe-fs/requirements/prefix-stability/tests/011.test.mjs","type":"runner:file-drained","elapsedMs":119882.554596}
check	Run verification	2026-10-05T13:31:50.8006288Z runner: file lifecycle {"entryFile":"/home/runner/work/vibe-fs/vibe-fs/requirements/prefix-stability/tests/012.test.mjs","pid":2832,"parentPid":2823,"type":"runner:file-start","elapsedMs":119884.459816}
check	Run verification	2026-10-05T13:31:52.9880425Z runner: file lifecycle {"entryFile":"/home/runner/work/vibe-fs/vibe-fs/requirements/prefix-stability/tests/003.test.mjs","type":"runner:file-drained","elapsedMs":122071.711429}
check	Run verification	2026-10-05T13:31:52.9907674Z runner: file lifecycle {"entryFile":"/home/runner/work/vibe-fs/vibe-fs/requirements/prefix-stability/tests/013.test.mjs","pid":2832,"parentPid":2823,"type":"runner:file-start","elapsedMs":122074.490336}
check	Run verification	2026-10-05T13:31:53.0808321Z runner: file lifecycle {"entryFile":"/home/runner/work/vibe-fs/vibe-fs/requirements/prefix-stability/tests/013.test.mjs","type":"runner:file-drained","elapsedMs":122164.426425}
check	Run verification	2026-10-05T13:31:53.0829645Z runner: file lifecycle {"entryFile":"/home/runner/work/vibe-fs/vibe-fs/requirements/prefix-stability/tests/014.test.mjs","pid":2832,"parentPid":2823,"type":"runner:file-start","elapsedMs":122166.69386099999}
check	Run verification	2026-10-05T13:31:53.3977229Z runner: file lifecycle {"entryFile":"/home/runner/work/vibe-fs/vibe-fs/requirements/prefix-stability/tests/014.test.mjs","type":"runner:file-drained","elapsedMs":122481.48193899999}
check	Run verification	2026-10-05T13:31:53.4012811Z runner: file lifecycle {"entryFile":"/home/runner/work/vibe-fs/vibe-fs/requirements/prefix-stability/tests/015.test.mjs","pid":2832,"parentPid":2823,"type":"runner:file-start","elapsedMs":122483.334971}
check	Run verification	2026-10-05T13:31:53.6127111Z runner: file lifecycle {"entryFile":"/home/runner/work/vibe-fs/vibe-fs/requirements/prefix-stability/tests/015.test.mjs","type":"runner:file-drained","elapsedMs":122695.529509}
check	Run verification	2026-10-05T13:31:53.6140155Z runner: file lifecycle {"entryFile":"/home/runner/work/vibe-fs/vibe-fs/requirements/process-execution/tests/001.test.mjs","pid":2832,"parentPid":2823,"type":"runner:file-start","elapsedMs":122697.768493}
check	Run verification	2026-10-05T13:31:53.7377928Z runner: file lifecycle {"entryFile":"/home/runner/work/vibe-fs/vibe-fs/requirements/process-execution/tests/001.test.mjs","type":"runner:file-drained","elapsedMs":122821.55079899999}
check	Run verification	2026-10-05T13:31:53.7407891Z runner: file lifecycle {"entryFile":"/home/runner/work/vibe-fs/vibe-fs/requirements/process-execution/tests/002.test.mjs","pid":2832,"parentPid":2823,"type":"runner:file-start","elapsedMs":122824.532832}
check	Run verification	2026-10-05T13:31:55.8280739Z runner: file lifecycle {"entryFile":"/home/runner/work/vibe-fs/vibe-fs/requirements/process-execution/tests/002.test.mjs","type":"runner:file-drained","elapsedMs":124911.45297}
check	Run verification	2026-10-05T13:31:55.8282939Z runner: file lifecycle {"entryFile":"/home/runner/work/vibe-fs/vibe-fs/requirements/process-execution/tests/003.test.mjs","pid":2832,"parentPid":2823,"type":"runner:file-start","elapsedMs":124911.53252}
check	Run verification	2026-10-05T13:31:55.9575107Z runner: file lifecycle {"entryFile":"/home/runner/work/vibe-fs/vibe-fs/requirements/process-execution/tests/003.test.mjs","type":"runner:file-drained","elapsedMs":125041.19133}
check	Run verification	2026-10-05T13:31:55.9603788Z runner: file lifecycle {"entryFile":"/home/runner/work/vibe-fs/vibe-fs/requirements/process-execution/tests/004.test.mjs","pid":2832,"parentPid":2823,"type":"runner:file-start","elapsedMs":125043.32760199999}
check	Run verification	2026-10-05T13:31:56.0808854Z runner: file lifecycle {"entryFile":"/home/runner/work/vibe-fs/vibe-fs/requirements/prefix-stability/tests/012.test.mjs","type":"runner:file-drained","elapsedMs":125164.63776}
check	Run verification	2026-10-05T13:31:56.0826735Z runner: file lifecycle {"entryFile":"/home/runner/work/vibe-fs/vibe-fs/requirements/process-execution/tests/005.test.mjs","pid":2832,"parentPid":2823,"type":"runner:file-start","elapsedMs":125166.493259}
check	Run verification	2026-10-05T13:31:56.3111507Z runner: file lifecycle {"entryFile":"/home/runner/work/vibe-fs/vibe-fs/requirements/process-execution/tests/005.test.mjs","type":"runner:file-drained","elapsedMs":125394.847814}
check	Run verification	2026-10-05T13:31:56.3129543Z runner: file lifecycle {"entryFile":"/home/runner/work/vibe-fs/vibe-fs/requirements/process-execution/tests/006.test.mjs","pid":2832,"parentPid":2823,"type":"runner:file-start","elapsedMs":125396.754879}
check	Run verification	2026-10-05T13:31:57.1953050Z runner: file lifecycle {"entryFile":"/home/runner/work/vibe-fs/vibe-fs/requirements/process-execution/tests/004.test.mjs","type":"runner:file-drained","elapsedMs":126278.958514}
check	Run verification	2026-10-05T13:31:57.1970486Z runner: file lifecycle {"entryFile":"/home/runner/work/vibe-fs/vibe-fs/requirements/process-execution/tests/007.test.mjs","pid":2832,"parentPid":2823,"type":"runner:file-start","elapsedMs":126280.897118}
check	Run verification	2026-10-05T13:31:57.3463082Z runner: file lifecycle {"entryFile":"/home/runner/work/vibe-fs/vibe-fs/requirements/process-execution/tests/007.test.mjs","type":"runner:file-drained","elapsedMs":126429.981584}
check	Run verification	2026-10-05T13:31:57.3481339Z runner: file lifecycle {"entryFile":"/home/runner/work/vibe-fs/vibe-fs/requirements/process-execution/tests/008.test.mjs","pid":2832,"parentPid":2823,"type":"runner:file-start","elapsedMs":126431.88845}
check	Run verification	2026-10-05T13:31:57.4082449Z runner: file lifecycle {"entryFile":"/home/runner/work/vibe-fs/vibe-fs/requirements/process-execution/tests/008.test.mjs","type":"runner:file-drained","elapsedMs":126491.859864}
check	Run verification	2026-10-05T13:31:57.4103215Z runner: file lifecycle {"entryFile":"/home/runner/work/vibe-fs/vibe-fs/requirements/process-execution/tests/009.test.mjs","pid":2832,"parentPid":2823,"type":"runner:file-start","elapsedMs":126494.050968}
check	Run verification	2026-10-05T13:31:57.4980978Z runner: file lifecycle {"entryFile":"/home/runner/work/vibe-fs/vibe-fs/requirements/process-execution/tests/009.test.mjs","type":"runner:file-drained","elapsedMs":126581.75891199999}
check	Run verification	2026-10-05T13:31:57.4998526Z runner: file lifecycle {"entryFile":"/home/runner/work/vibe-fs/vibe-fs/requirements/process-execution/tests/010.test.mjs","pid":2832,"parentPid":2823,"type":"runner:file-start","elapsedMs":126583.67889699999}
check	Run verification	2026-10-05T13:31:57.7462175Z runner: file lifecycle {"entryFile":"/home/runner/work/vibe-fs/vibe-fs/requirements/process-execution/tests/010.test.mjs","type":"runner:file-drained","elapsedMs":126829.87202499999}
check	Run verification	2026-10-05T13:31:57.7483734Z runner: file lifecycle {"entryFile":"/home/runner/work/vibe-fs/vibe-fs/requirements/process-execution/tests/011.test.mjs","pid":2832,"parentPid":2823,"type":"runner:file-start","elapsedMs":126832.15646}
check	Run verification	2026-10-05T13:31:58.0239063Z runner: file lifecycle {"entryFile":"/home/runner/work/vibe-fs/vibe-fs/requirements/process-execution/tests/011.test.mjs","type":"runner:file-drained","elapsedMs":127107.604658}
check	Run verification	2026-10-05T13:31:58.0258823Z runner: file lifecycle {"entryFile":"/home/runner/work/vibe-fs/vibe-fs/requirements/process-execution/tests/012.test.mjs","pid":2832,"parentPid":2823,"type":"runner:file-start","elapsedMs":127109.692797}
check	Run verification	2026-10-05T13:31:58.1015599Z runner: file lifecycle {"entryFile":"/home/runner/work/vibe-fs/vibe-fs/requirements/process-execution/tests/012.test.mjs","type":"runner:file-drained","elapsedMs":127185.271708}
check	Run verification	2026-10-05T13:31:58.1034066Z runner: file lifecycle {"entryFile":"/home/runner/work/vibe-fs/vibe-fs/requirements/process-execution/tests/013.test.mjs","pid":2832,"parentPid":2823,"type":"runner:file-start","elapsedMs":127187.232815}
check	Run verification	2026-10-05T13:31:58.3817881Z runner: file lifecycle {"entryFile":"/home/runner/work/vibe-fs/vibe-fs/requirements/process-execution/tests/013.test.mjs","type":"runner:file-drained","elapsedMs":127465.450699}
check	Run verification	2026-10-05T13:31:58.3844054Z runner: file lifecycle {"entryFile":"/home/runner/work/vibe-fs/vibe-fs/requirements/process-execution/tests/014.test.mjs","pid":2832,"parentPid":2823,"type":"runner:file-start","elapsedMs":127467.94267799999}
check	Run verification	2026-10-05T13:31:58.4359763Z runner: file lifecycle {"entryFile":"/home/runner/work/vibe-fs/vibe-fs/requirements/process-execution/tests/006.test.mjs","type":"runner:file-drained","elapsedMs":127518.396578}
check	Run verification	2026-10-05T13:31:58.4373947Z runner: file lifecycle {"entryFile":"/home/runner/work/vibe-fs/vibe-fs/requirements/process-execution/tests/015.test.mjs","pid":2832,"parentPid":2823,"type":"runner:file-start","elapsedMs":127521.194538}
check	Run verification	2026-10-05T13:31:58.6955217Z runner: file lifecycle {"entryFile":"/home/runner/work/vibe-fs/vibe-fs/requirements/process-execution/tests/014.test.mjs","type":"runner:file-drained","elapsedMs":127779.216264}
check	Run verification	2026-10-05T13:31:58.6977527Z runner: file lifecycle {"entryFile":"/home/runner/work/vibe-fs/vibe-fs/requirements/process-execution/tests/016.test.mjs","pid":2832,"parentPid":2823,"type":"runner:file-start","elapsedMs":127781.586289}
check	Run verification	2026-10-05T13:31:58.7954211Z runner: file lifecycle {"entryFile":"/home/runner/work/vibe-fs/vibe-fs/requirements/process-execution/tests/016.test.mjs","type":"runner:file-drained","elapsedMs":127879.197277}
check	Run verification	2026-10-05T13:31:58.7974282Z runner: file lifecycle {"entryFile":"/home/runner/work/vibe-fs/vibe-fs/requirements/provider-attempt-recovery/tests/001.test.mjs","pid":2832,"parentPid":2823,"type":"runner:file-start","elapsedMs":127881.204344}
check	Run verification	2026-10-05T13:31:58.9470389Z runner: file lifecycle {"entryFile":"/home/runner/work/vibe-fs/vibe-fs/requirements/process-execution/tests/015.test.mjs","type":"runner:file-drained","elapsedMs":128030.685709}
check	Run verification	2026-10-05T13:31:58.9481295Z runner: file lifecycle {"entryFile":"/home/runner/work/vibe-fs/vibe-fs/requirements/provider-attempt-recovery/tests/002.test.mjs","pid":2832,"parentPid":2823,"type":"runner:file-start","elapsedMs":128031.899159}
check	Run verification	2026-10-05T13:31:59.0442453Z runner: file lifecycle {"entryFile":"/home/runner/work/vibe-fs/vibe-fs/requirements/provider-attempt-recovery/tests/001.test.mjs","type":"runner:file-drained","elapsedMs":128127.892918}
check	Run verification	2026-10-05T13:31:59.0465265Z runner: file lifecycle {"entryFile":"/home/runner/work/vibe-fs/vibe-fs/requirements/provider-attempt-recovery/tests/003.test.mjs","pid":2832,"parentPid":2823,"type":"runner:file-start","elapsedMs":128130.28091999999}
check	Run verification	2026-10-05T13:31:59.1942937Z runner: file lifecycle {"entryFile":"/home/runner/work/vibe-fs/vibe-fs/requirements/provider-attempt-recovery/tests/002.test.mjs","type":"runner:file-drained","elapsedMs":128275.474769}
check	Run verification	2026-10-05T13:31:59.1972829Z runner: file lifecycle {"entryFile":"/home/runner/work/vibe-fs/vibe-fs/requirements/provider-attempt-recovery/tests/004.test.mjs","pid":2832,"parentPid":2823,"type":"runner:file-start","elapsedMs":128280.593608}
check	Run verification	2026-10-05T13:31:59.4894095Z runner: file lifecycle {"entryFile":"/home/runner/work/vibe-fs/vibe-fs/requirements/provider-attempt-recovery/tests/003.test.mjs","type":"runner:file-drained","elapsedMs":128573.039391}
check	Run verification	2026-10-05T13:31:59.4932039Z runner: file lifecycle {"entryFile":"/home/runner/work/vibe-fs/vibe-fs/requirements/provider-attempt-recovery/tests/005.test.mjs","pid":2832,"parentPid":2823,"type":"runner:file-start","elapsedMs":128576.795195}
check	Run verification	2026-10-05T13:31:59.5941408Z runner: file lifecycle {"entryFile":"/home/runner/work/vibe-fs/vibe-fs/requirements/provider-attempt-recovery/tests/004.test.mjs","type":"runner:file-drained","elapsedMs":128677.02953}
check	Run verification	2026-10-05T13:31:59.5957519Z runner: file lifecycle {"entryFile":"/home/runner/work/vibe-fs/vibe-fs/requirements/provider-attempt-recovery/tests/006.test.mjs","pid":2832,"parentPid":2823,"type":"runner:file-start","elapsedMs":128679.527176}
check	Run verification	2026-10-05T13:31:59.6715841Z runner: file lifecycle {"entryFile":"/home/runner/work/vibe-fs/vibe-fs/requirements/provider-attempt-recovery/tests/006.test.mjs","type":"runner:file-drained","elapsedMs":128755.259219}
check	Run verification	2026-10-05T13:31:59.6735086Z runner: file lifecycle {"entryFile":"/home/runner/work/vibe-fs/vibe-fs/requirements/provider-attempt-recovery/tests/007.test.mjs","pid":2832,"parentPid":2823,"type":"runner:file-start","elapsedMs":128757.239366}
check	Run verification	2026-10-05T13:31:59.9465434Z runner: file lifecycle {"entryFile":"/home/runner/work/vibe-fs/vibe-fs/requirements/provider-attempt-recovery/tests/007.test.mjs","type":"runner:file-drained","elapsedMs":129029.323779}
check	Run verification	2026-10-05T13:31:59.9475639Z runner: file lifecycle {"entryFile":"/home/runner/work/vibe-fs/vibe-fs/requirements/provider-attempt-recovery/tests/008.test.mjs","pid":2832,"parentPid":2823,"type":"runner:file-start","elapsedMs":129031.358088}
check	Run verification	2026-10-05T13:31:59.9566961Z runner: file lifecycle {"entryFile":"/home/runner/work/vibe-fs/vibe-fs/requirements/provider-attempt-recovery/tests/005.test.mjs","type":"runner:file-drained","elapsedMs":129040.48030499999}
check	Run verification	2026-10-05T13:31:59.9583200Z runner: file lifecycle {"entryFile":"/home/runner/work/vibe-fs/vibe-fs/requirements/provider-attempt-recovery/tests/009.test.mjs","pid":2832,"parentPid":2823,"type":"runner:file-start","elapsedMs":129042.080088}
check	Run verification	2026-10-05T13:32:00.0574054Z runner: file lifecycle {"entryFile":"/home/runner/work/vibe-fs/vibe-fs/requirements/provider-attempt-recovery/tests/008.test.mjs","type":"runner:file-drained","elapsedMs":129140.27625899999}
check	Run verification	2026-10-05T13:32:00.0575561Z runner: file lifecycle {"entryFile":"/home/runner/work/vibe-fs/vibe-fs/requirements/provider-attempt-recovery/tests/010.test.mjs","pid":2832,"parentPid":2823,"type":"runner:file-start","elapsedMs":129140.842012}
check	Run verification	2026-10-05T13:32:00.1461189Z runner: file lifecycle {"entryFile":"/home/runner/work/vibe-fs/vibe-fs/requirements/provider-attempt-recovery/tests/010.test.mjs","type":"runner:file-drained","elapsedMs":129229.768083}
check	Run verification	2026-10-05T13:32:00.1479552Z runner: file lifecycle {"entryFile":"/home/runner/work/vibe-fs/vibe-fs/requirements/provider-attempt-recovery/tests/011.test.mjs","pid":2832,"parentPid":2823,"type":"runner:file-start","elapsedMs":129231.749772}
check	Run verification	2026-10-05T13:32:00.1863713Z runner: file lifecycle {"entryFile":"/home/runner/work/vibe-fs/vibe-fs/requirements/provider-attempt-recovery/tests/009.test.mjs","type":"runner:file-drained","elapsedMs":129270.025446}
check	Run verification	2026-10-05T13:32:00.1904747Z runner: file lifecycle {"entryFile":"/home/runner/work/vibe-fs/vibe-fs/requirements/provider-attempt-recovery/tests/012.test.mjs","pid":2832,"parentPid":2823,"type":"runner:file-start","elapsedMs":129273.19777}
check	Run verification	2026-10-05T13:32:00.3393425Z runner: file lifecycle {"entryFile":"/home/runner/work/vibe-fs/vibe-fs/requirements/provider-attempt-recovery/tests/012.test.mjs","type":"runner:file-drained","elapsedMs":129423.018366}
check	Run verification	2026-10-05T13:32:00.3416623Z runner: file lifecycle {"entryFile":"/home/runner/work/vibe-fs/vibe-fs/requirements/provider-attempt-recovery/tests/013.test.mjs","pid":2832,"parentPid":2823,"type":"runner:file-start","elapsedMs":129425.40127}
check	Run verification	2026-10-05T13:32:00.4058263Z runner: file lifecycle {"entryFile":"/home/runner/work/vibe-fs/vibe-fs/requirements/provider-attempt-recovery/tests/013.test.mjs","type":"runner:file-drained","elapsedMs":129489.591456}
check	Run verification	2026-10-05T13:32:00.4094465Z runner: file lifecycle {"entryFile":"/home/runner/work/vibe-fs/vibe-fs/requirements/provider-attempt-recovery/tests/014.test.mjs","pid":2832,"parentPid":2823,"type":"runner:file-start","elapsedMs":129492.011957}
check	Run verification	2026-10-05T13:32:00.4229904Z runner: file lifecycle {"entryFile":"/home/runner/work/vibe-fs/vibe-fs/requirements/provider-attempt-recovery/tests/011.test.mjs","type":"runner:file-drained","elapsedMs":129506.672226}
check	Run verification	2026-10-05T13:32:00.4254010Z runner: file lifecycle {"entryFile":"/home/runner/work/vibe-fs/vibe-fs/requirements/provider-attempt-recovery/tests/015.test.mjs","pid":2832,"parentPid":2823,"type":"runner:file-start","elapsedMs":129509.047438}
check	Run verification	2026-10-05T13:32:00.6917036Z runner: file lifecycle {"entryFile":"/home/runner/work/vibe-fs/vibe-fs/requirements/provider-attempt-recovery/tests/015.test.mjs","type":"runner:file-drained","elapsedMs":129775.423033}
check	Run verification	2026-10-05T13:32:00.6948338Z runner: file lifecycle {"entryFile":"/home/runner/work/vibe-fs/vibe-fs/requirements/provider-attempt-recovery/tests/016.test.mjs","pid":2832,"parentPid":2823,"type":"runner:file-start","elapsedMs":129778.098478}
check	Run verification	2026-10-05T13:32:00.7494109Z runner: file lifecycle {"entryFile":"/home/runner/work/vibe-fs/vibe-fs/requirements/provider-attempt-recovery/tests/014.test.mjs","type":"runner:file-drained","elapsedMs":129832.437097}
check	Run verification	2026-10-05T13:32:00.7508824Z runner: file lifecycle {"entryFile":"/home/runner/work/vibe-fs/vibe-fs/requirements/provider-attempt-recovery/tests/017.test.mjs","pid":2832,"parentPid":2823,"type":"runner:file-start","elapsedMs":129834.651516}
check	Run verification	2026-10-05T13:32:00.7883325Z runner: file lifecycle {"entryFile":"/home/runner/work/vibe-fs/vibe-fs/requirements/provider-attempt-recovery/tests/016.test.mjs","type":"runner:file-drained","elapsedMs":129871.958359}
check	Run verification	2026-10-05T13:32:00.7933103Z runner: file lifecycle {"entryFile":"/home/runner/work/vibe-fs/vibe-fs/requirements/provider-attempt-recovery/tests/018.test.mjs","pid":2832,"parentPid":2823,"type":"runner:file-start","elapsedMs":129874.070515}
check	Run verification	2026-10-05T13:32:00.8326654Z runner: file lifecycle {"entryFile":"/home/runner/work/vibe-fs/vibe-fs/requirements/provider-attempt-recovery/tests/018.test.mjs","type":"runner:file-drained","elapsedMs":129915.319753}
check	Run verification	2026-10-05T13:32:00.8353424Z runner: file lifecycle {"entryFile":"/home/runner/work/vibe-fs/vibe-fs/requirements/provider-attempt-recovery/tests/019.test.mjs","pid":2832,"parentPid":2823,"type":"runner:file-start","elapsedMs":129917.52114299999}
check	Run verification	2026-10-05T13:32:00.8372840Z runner: file lifecycle {"entryFile":"/home/runner/work/vibe-fs/vibe-fs/requirements/provider-attempt-recovery/tests/017.test.mjs","type":"runner:file-drained","elapsedMs":129920.67405799999}
check	Run verification	2026-10-05T13:32:00.8402517Z runner: file lifecycle {"entryFile":"/home/runner/work/vibe-fs/vibe-fs/requirements/provider-attempt-recovery/tests/020.test.mjs","pid":2832,"parentPid":2823,"type":"runner:file-start","elapsedMs":129923.219847}
check	Run verification	2026-10-05T13:32:01.1082647Z runner: file lifecycle {"entryFile":"/home/runner/work/vibe-fs/vibe-fs/requirements/provider-attempt-recovery/tests/020.test.mjs","type":"runner:file-drained","elapsedMs":130191.021213}
check	Run verification	2026-10-05T13:32:01.1097737Z runner: file lifecycle {"entryFile":"/home/runner/work/vibe-fs/vibe-fs/requirements/provider-attempt-recovery/tests/021.test.mjs","pid":2832,"parentPid":2823,"type":"runner:file-start","elapsedMs":130193.332188}
check	Run verification	2026-10-05T13:32:01.1362102Z runner: file lifecycle {"entryFile":"/home/runner/work/vibe-fs/vibe-fs/requirements/provider-attempt-recovery/tests/019.test.mjs","type":"runner:file-drained","elapsedMs":130218.92198}
check	Run verification	2026-10-05T13:32:01.1383836Z runner: file lifecycle {"entryFile":"/home/runner/work/vibe-fs/vibe-fs/requirements/provider-attempt-recovery/tests/022.test.mjs","pid":2832,"parentPid":2823,"type":"runner:file-start","elapsedMs":130221.24286}
check	Run verification	2026-10-05T13:32:01.1983790Z runner: file lifecycle {"entryFile":"/home/runner/work/vibe-fs/vibe-fs/requirements/provider-attempt-recovery/tests/022.test.mjs","type":"runner:file-drained","elapsedMs":130282.00773}
check	Run verification	2026-10-05T13:32:01.2006679Z runner: file lifecycle {"entryFile":"/home/runner/work/vibe-fs/vibe-fs/requirements/provider-attempt-recovery/tests/023.test.mjs","pid":2832,"parentPid":2823,"type":"runner:file-start","elapsedMs":130284.407439}
check	Run verification	2026-10-05T13:32:01.5292853Z runner: file lifecycle {"entryFile":"/home/runner/work/vibe-fs/vibe-fs/requirements/provider-attempt-recovery/tests/021.test.mjs","type":"runner:file-drained","elapsedMs":130612.707023}
check	Run verification	2026-10-05T13:32:01.5344110Z runner: file lifecycle {"entryFile":"/home/runner/work/vibe-fs/vibe-fs/requirements/provider-language/tests/001.test.mjs","pid":2832,"parentPid":2823,"type":"runner:file-start","elapsedMs":130618.058203}
check	Run verification	2026-10-05T13:32:01.6215721Z runner: file lifecycle {"entryFile":"/home/runner/work/vibe-fs/vibe-fs/requirements/provider-language/tests/001.test.mjs","type":"runner:file-drained","elapsedMs":130705.28847599999}
check	Run verification	2026-10-05T13:32:01.6235530Z runner: file lifecycle {"entryFile":"/home/runner/work/vibe-fs/vibe-fs/requirements/provider-language/tests/002.test.mjs","pid":2832,"parentPid":2823,"type":"runner:file-start","elapsedMs":130707.386951}
check	Run verification	2026-10-05T13:32:01.6244343Z runner: file lifecycle {"entryFile":"/home/runner/work/vibe-fs/vibe-fs/requirements/provider-attempt-recovery/tests/023.test.mjs","type":"runner:file-drained","elapsedMs":130708.25641199999}
check	Run verification	2026-10-05T13:32:01.6266080Z runner: file lifecycle {"entryFile":"/home/runner/work/vibe-fs/vibe-fs/requirements/provider-language/tests/003.test.mjs","pid":2832,"parentPid":2823,"type":"runner:file-start","elapsedMs":130710.40774699999}
check	Run verification	2026-10-05T13:32:01.7178829Z runner: file lifecycle {"entryFile":"/home/runner/work/vibe-fs/vibe-fs/requirements/provider-language/tests/003.test.mjs","type":"runner:file-drained","elapsedMs":130801.53103099999}
check	Run verification	2026-10-05T13:32:01.7198740Z runner: file lifecycle {"entryFile":"/home/runner/work/vibe-fs/vibe-fs/requirements/provider-language/tests/004.test.mjs","pid":2832,"parentPid":2823,"type":"runner:file-start","elapsedMs":130803.68410799999}
check	Run verification	2026-10-05T13:32:01.7207013Z runner: file lifecycle {"entryFile":"/home/runner/work/vibe-fs/vibe-fs/requirements/provider-language/tests/002.test.mjs","type":"runner:file-drained","elapsedMs":130804.57331899999}
check	Run verification	2026-10-05T13:32:01.7232847Z runner: file lifecycle {"entryFile":"/home/runner/work/vibe-fs/vibe-fs/requirements/provider-language/tests/005.test.mjs","pid":2832,"parentPid":2823,"type":"runner:file-start","elapsedMs":130806.498142}
check	Run verification	2026-10-05T13:32:01.8154403Z runner: file lifecycle {"entryFile":"/home/runner/work/vibe-fs/vibe-fs/requirements/provider-language/tests/004.test.mjs","type":"runner:file-drained","elapsedMs":130898.17218699999}
check	Run verification	2026-10-05T13:32:01.8165708Z runner: file lifecycle {"entryFile":"/home/runner/work/vibe-fs/vibe-fs/requirements/provider-language/tests/006.test.mjs","pid":2832,"parentPid":2823,"type":"runner:file-start","elapsedMs":130900.41543}
check	Run verification	2026-10-05T13:32:01.8608737Z runner: file lifecycle {"entryFile":"/home/runner/work/vibe-fs/vibe-fs/requirements/provider-language/tests/005.test.mjs","type":"runner:file-drained","elapsedMs":130944.20175499999}
check	Run verification	2026-10-05T13:32:01.8627510Z runner: file lifecycle {"entryFile":"/home/runner/work/vibe-fs/vibe-fs/requirements/provider-language/tests/007.test.mjs","pid":2832,"parentPid":2823,"type":"runner:file-start","elapsedMs":130946.48734200001}
check	Run verification	2026-10-05T13:32:01.9078504Z runner: file lifecycle {"entryFile":"/home/runner/work/vibe-fs/vibe-fs/requirements/provider-language/tests/006.test.mjs","type":"runner:file-drained","elapsedMs":130991.46340099999}
check	Run verification	2026-10-05T13:32:01.9099079Z runner: file lifecycle {"entryFile":"/home/runner/work/vibe-fs/vibe-fs/requirements/provider-language/tests/008.test.mjs","pid":2832,"parentPid":2823,"type":"runner:file-start","elapsedMs":130993.65640800001}
check	Run verification	2026-10-05T13:32:01.9479679Z runner: file lifecycle {"entryFile":"/home/runner/work/vibe-fs/vibe-fs/requirements/provider-language/tests/007.test.mjs","type":"runner:file-drained","elapsedMs":131031.615154}
check	Run verification	2026-10-05T13:32:01.9500164Z runner: file lifecycle {"entryFile":"/home/runner/work/vibe-fs/vibe-fs/requirements/provider-language/tests/009.test.mjs","pid":2832,"parentPid":2823,"type":"runner:file-start","elapsedMs":131033.738927}
check	Run verification	2026-10-05T13:32:02.0797716Z runner: file lifecycle {"entryFile":"/home/runner/work/vibe-fs/vibe-fs/requirements/provider-language/tests/008.test.mjs","type":"runner:file-drained","elapsedMs":131161.47615}
check	Run verification	2026-10-05T13:32:02.0800021Z runner: file lifecycle {"entryFile":"/home/runner/work/vibe-fs/vibe-fs/requirements/provider-language/tests/010.test.mjs","pid":2832,"parentPid":2823,"type":"runner:file-start","elapsedMs":131163.557088}
check	Run verification	2026-10-05T13:32:02.1236682Z runner: file lifecycle {"entryFile":"/home/runner/work/vibe-fs/vibe-fs/requirements/provider-language/tests/010.test.mjs","type":"runner:file-drained","elapsedMs":131207.351184}
check	Run verification	2026-10-05T13:32:02.1259507Z runner: file lifecycle {"entryFile":"/home/runner/work/vibe-fs/vibe-fs/requirements/provider-language/tests/011.test.mjs","pid":2832,"parentPid":2823,"type":"runner:file-start","elapsedMs":131209.687979}
check	Run verification	2026-10-05T13:32:02.1339213Z runner: file lifecycle {"entryFile":"/home/runner/work/vibe-fs/vibe-fs/requirements/provider-language/tests/009.test.mjs","type":"runner:file-drained","elapsedMs":131216.686933}
check	Run verification	2026-10-05T13:32:02.1353062Z runner: file lifecycle {"entryFile":"/home/runner/work/vibe-fs/vibe-fs/requirements/provider-language/tests/012.test.mjs","pid":2832,"parentPid":2823,"type":"runner:file-start","elapsedMs":131218.971529}
check	Run verification	2026-10-05T13:32:02.1723987Z runner: file lifecycle {"entryFile":"/home/runner/work/vibe-fs/vibe-fs/requirements/provider-language/tests/011.test.mjs","type":"runner:file-drained","elapsedMs":131256.120815}
check	Run verification	2026-10-05T13:32:02.1747716Z runner: file lifecycle {"entryFile":"/home/runner/work/vibe-fs/vibe-fs/requirements/provider-language/tests/013.test.mjs","pid":2832,"parentPid":2823,"type":"runner:file-start","elapsedMs":131258.562026}
check	Run verification	2026-10-05T13:32:02.1789682Z runner: file lifecycle {"entryFile":"/home/runner/work/vibe-fs/vibe-fs/requirements/provider-language/tests/012.test.mjs","type":"runner:file-drained","elapsedMs":131262.739106}
check	Run verification	2026-10-05T13:32:02.1808995Z runner: file lifecycle {"entryFile":"/home/runner/work/vibe-fs/vibe-fs/requirements/provider-projection/tests/001.test.mjs","pid":2832,"parentPid":2823,"type":"runner:file-start","elapsedMs":131264.671029}
check	Run verification	2026-10-05T13:32:02.2582809Z runner: file lifecycle {"entryFile":"/home/runner/work/vibe-fs/vibe-fs/requirements/provider-projection/tests/001.test.mjs","type":"runner:file-drained","elapsedMs":131341.337481}
check	Run verification	2026-10-05T13:32:02.2603488Z runner: file lifecycle {"entryFile":"/home/runner/work/vibe-fs/vibe-fs/requirements/provider-projection/tests/002.test.mjs","pid":2832,"parentPid":2823,"type":"runner:file-start","elapsedMs":131344.026597}
check	Run verification	2026-10-05T13:32:02.3357922Z runner: file lifecycle {"entryFile":"/home/runner/work/vibe-fs/vibe-fs/requirements/provider-projection/tests/002.test.mjs","type":"runner:file-drained","elapsedMs":131418.603537}
check	Run verification	2026-10-05T13:32:02.3422722Z runner: file lifecycle {"entryFile":"/home/runner/work/vibe-fs/vibe-fs/requirements/provider-projection/tests/003.test.mjs","pid":2832,"parentPid":2823,"type":"runner:file-start","elapsedMs":131423.602266}
check	Run verification	2026-10-05T13:32:02.5402864Z runner: file lifecycle {"entryFile":"/home/runner/work/vibe-fs/vibe-fs/requirements/provider-projection/tests/003.test.mjs","type":"runner:file-drained","elapsedMs":131621.92834399999}
check	Run verification	2026-10-05T13:32:02.5429667Z runner: file lifecycle {"entryFile":"/home/runner/work/vibe-fs/vibe-fs/requirements/provider-projection/tests/004.test.mjs","pid":2832,"parentPid":2823,"type":"runner:file-start","elapsedMs":131626.691147}
check	Run verification	2026-10-05T13:32:02.6202283Z runner: file lifecycle {"entryFile":"/home/runner/work/vibe-fs/vibe-fs/requirements/provider-projection/tests/004.test.mjs","type":"runner:file-drained","elapsedMs":131703.847648}
check	Run verification	2026-10-05T13:32:02.6223175Z runner: file lifecycle {"entryFile":"/home/runner/work/vibe-fs/vibe-fs/requirements/provider-projection/tests/005.test.mjs","pid":2832,"parentPid":2823,"type":"runner:file-start","elapsedMs":131706.006444}
check	Run verification	2026-10-05T13:32:02.7336463Z runner: file lifecycle {"entryFile":"/home/runner/work/vibe-fs/vibe-fs/requirements/provider-projection/tests/005.test.mjs","type":"runner:file-drained","elapsedMs":131817.325475}
check	Run verification	2026-10-05T13:32:02.7356262Z runner: file lifecycle {"entryFile":"/home/runner/work/vibe-fs/vibe-fs/requirements/provider-projection/tests/006.test.mjs","pid":2832,"parentPid":2823,"type":"runner:file-start","elapsedMs":131819.369628}
check	Run verification	2026-10-05T13:32:02.7711090Z runner: file lifecycle {"entryFile":"/home/runner/work/vibe-fs/vibe-fs/requirements/provider-language/tests/013.test.mjs","type":"runner:file-drained","elapsedMs":131854.741964}
check	Run verification	2026-10-05T13:32:02.7739166Z runner: file lifecycle {"entryFile":"/home/runner/work/vibe-fs/vibe-fs/requirements/provider-projection/tests/007.test.mjs","pid":2832,"parentPid":2823,"type":"runner:file-start","elapsedMs":131856.82127}
check	Run verification	2026-10-05T13:32:02.8134512Z runner: file lifecycle {"entryFile":"/home/runner/work/vibe-fs/vibe-fs/requirements/provider-projection/tests/006.test.mjs","type":"runner:file-drained","elapsedMs":131897.1701}
check	Run verification	2026-10-05T13:32:02.8142818Z runner: file lifecycle {"entryFile":"/home/runner/work/vibe-fs/vibe-fs/requirements/provider-projection/tests/008.test.mjs","pid":2832,"parentPid":2823,"type":"runner:file-start","elapsedMs":131897.951378}
check	Run verification	2026-10-05T13:32:02.8243024Z runner: file lifecycle {"entryFile":"/home/runner/work/vibe-fs/vibe-fs/requirements/provider-projection/tests/007.test.mjs","type":"runner:file-drained","elapsedMs":131907.963127}
check	Run verification	2026-10-05T13:32:02.8262051Z runner: file lifecycle {"entryFile":"/home/runner/work/vibe-fs/vibe-fs/requirements/provider-projection/tests/009.test.mjs","pid":2832,"parentPid":2823,"type":"runner:file-start","elapsedMs":131909.96558699998}
check	Run verification	2026-10-05T13:32:02.9404825Z runner: file lifecycle {"entryFile":"/home/runner/work/vibe-fs/vibe-fs/requirements/provider-projection/tests/008.test.mjs","type":"runner:file-drained","elapsedMs":132024.174087}
check	Run verification	2026-10-05T13:32:02.9432066Z runner: file lifecycle {"entryFile":"/home/runner/work/vibe-fs/vibe-fs/requirements/provider-projection/tests/010.test.mjs","pid":2832,"parentPid":2823,"type":"runner:file-start","elapsedMs":132026.334815}
check	Run verification	2026-10-05T13:32:02.9498857Z runner: file lifecycle {"entryFile":"/home/runner/work/vibe-fs/vibe-fs/requirements/provider-projection/tests/009.test.mjs","type":"runner:file-drained","elapsedMs":132033.649627}
check	Run verification	2026-10-05T13:32:02.9528825Z runner: file lifecycle {"entryFile":"/home/runner/work/vibe-fs/vibe-fs/requirements/provider-projection/tests/011.test.mjs","pid":2832,"parentPid":2823,"type":"runner:file-start","elapsedMs":132036.657904}
check	Run verification	2026-10-05T13:32:03.1497332Z runner: file lifecycle {"entryFile":"/home/runner/work/vibe-fs/vibe-fs/requirements/provider-projection/tests/010.test.mjs","type":"runner:file-drained","elapsedMs":132233.303899}
check	Run verification	2026-10-05T13:32:03.1534692Z runner: file lifecycle {"entryFile":"/home/runner/work/vibe-fs/vibe-fs/requirements/provider-projection/tests/012.test.mjs","pid":2832,"parentPid":2823,"type":"runner:file-start","elapsedMs":132236.638697}
check	Run verification	2026-10-05T13:32:03.2556843Z runner: file lifecycle {"entryFile":"/home/runner/work/vibe-fs/vibe-fs/requirements/provider-projection/tests/012.test.mjs","type":"runner:file-drained","elapsedMs":132336.264969}
check	Run verification	2026-10-05T13:32:03.2560113Z runner: file lifecycle {"entryFile":"/home/runner/work/vibe-fs/vibe-fs/requirements/provider-projection/tests/013.test.mjs","pid":2832,"parentPid":2823,"type":"runner:file-start","elapsedMs":132336.366982}
check	Run verification	2026-10-05T13:32:03.3708226Z runner: file lifecycle {"entryFile":"/home/runner/work/vibe-fs/vibe-fs/requirements/provider-projection/tests/013.test.mjs","type":"runner:file-drained","elapsedMs":132454.483575}
check	Run verification	2026-10-05T13:32:03.3727420Z runner: file lifecycle {"entryFile":"/home/runner/work/vibe-fs/vibe-fs/requirements/provider-projection/tests/014.test.mjs","pid":2832,"parentPid":2823,"type":"runner:file-start","elapsedMs":132456.547203}
check	Run verification	2026-10-05T13:32:03.5557062Z runner: file lifecycle {"entryFile":"/home/runner/work/vibe-fs/vibe-fs/requirements/provider-projection/tests/014.test.mjs","type":"runner:file-drained","elapsedMs":132639.412334}
check	Run verification	2026-10-05T13:32:03.5580129Z runner: file lifecycle {"entryFile":"/home/runner/work/vibe-fs/vibe-fs/requirements/relay-assessment/tests/001.test.mjs","pid":2832,"parentPid":2823,"type":"runner:file-start","elapsedMs":132641.76028}
check	Run verification	2026-10-05T13:32:03.6413124Z runner: file lifecycle {"entryFile":"/home/runner/work/vibe-fs/vibe-fs/requirements/relay-assessment/tests/001.test.mjs","type":"runner:file-drained","elapsedMs":132724.180926}
check	Run verification	2026-10-05T13:32:03.6432934Z runner: file lifecycle {"entryFile":"/home/runner/work/vibe-fs/vibe-fs/requirements/relay-assessment/tests/002.test.mjs","pid":2832,"parentPid":2823,"type":"runner:file-start","elapsedMs":132724.27789199998}
check	Run verification	2026-10-05T13:32:05.9909021Z runner: file lifecycle {"entryFile":"/home/runner/work/vibe-fs/vibe-fs/requirements/relay-assessment/tests/002.test.mjs","type":"runner:file-drained","elapsedMs":135074.58465499998}
check	Run verification	2026-10-05T13:32:05.9928055Z runner: file lifecycle {"entryFile":"/home/runner/work/vibe-fs/vibe-fs/requirements/relay-assessment/tests/003.test.mjs","pid":2832,"parentPid":2823,"type":"runner:file-start","elapsedMs":135076.624718}
check	Run verification	2026-10-05T13:32:06.0493786Z runner: file lifecycle {"entryFile":"/home/runner/work/vibe-fs/vibe-fs/requirements/relay-assessment/tests/003.test.mjs","type":"runner:file-drained","elapsedMs":135133.117762}
check	Run verification	2026-10-05T13:32:06.0513487Z runner: file lifecycle {"entryFile":"/home/runner/work/vibe-fs/vibe-fs/requirements/relay-assessment/tests/004.test.mjs","pid":2832,"parentPid":2823,"type":"runner:file-start","elapsedMs":135135.093107}
check	Run verification	2026-10-05T13:32:06.1121357Z runner: file lifecycle {"entryFile":"/home/runner/work/vibe-fs/vibe-fs/requirements/relay-assessment/tests/004.test.mjs","type":"runner:file-drained","elapsedMs":135195.715322}
check	Run verification	2026-10-05T13:32:06.1144150Z runner: file lifecycle {"entryFile":"/home/runner/work/vibe-fs/vibe-fs/requirements/relay-assessment/tests/005.test.mjs","pid":2832,"parentPid":2823,"type":"runner:file-start","elapsedMs":135198.11775}
check	Run verification	2026-10-05T13:32:06.1823505Z runner: file lifecycle {"entryFile":"/home/runner/work/vibe-fs/vibe-fs/requirements/relay-assessment/tests/005.test.mjs","type":"runner:file-drained","elapsedMs":135265.952288}
check	Run verification	2026-10-05T13:32:06.1842750Z runner: file lifecycle {"entryFile":"/home/runner/work/vibe-fs/vibe-fs/requirements/relay-assessment/tests/006.test.mjs","pid":2832,"parentPid":2823,"type":"runner:file-start","elapsedMs":135268.007443}
check	Run verification	2026-10-05T13:32:07.3343413Z runner: file lifecycle {"entryFile":"/home/runner/work/vibe-fs/vibe-fs/requirements/relay-assessment/tests/006.test.mjs","type":"runner:file-drained","elapsedMs":136415.257657}
check	Run verification	2026-10-05T13:32:07.3393110Z runner: file lifecycle {"entryFile":"/home/runner/work/vibe-fs/vibe-fs/requirements/relay-assessment/tests/007.test.mjs","pid":2832,"parentPid":2823,"type":"runner:file-start","elapsedMs":136420.339942}
check	Run verification	2026-10-05T13:32:08.5847682Z runner: file lifecycle {"entryFile":"/home/runner/work/vibe-fs/vibe-fs/requirements/relay-assessment/tests/007.test.mjs","type":"runner:file-drained","elapsedMs":137667.169671}
check	Run verification	2026-10-05T13:32:08.5889383Z runner: file lifecycle {"entryFile":"/home/runner/work/vibe-fs/vibe-fs/requirements/relay-assessment/tests/008.test.mjs","pid":2832,"parentPid":2823,"type":"runner:file-start","elapsedMs":137671.848849}
check	Run verification	2026-10-05T13:32:10.2085790Z runner: file lifecycle {"entryFile":"/home/runner/work/vibe-fs/vibe-fs/requirements/relay-assessment/tests/008.test.mjs","type":"runner:file-drained","elapsedMs":139292.281336}
check	Run verification	2026-10-05T13:32:10.2105356Z runner: file lifecycle {"entryFile":"/home/runner/work/vibe-fs/vibe-fs/requirements/relay-assessment/tests/009.test.mjs","pid":2832,"parentPid":2823,"type":"runner:file-start","elapsedMs":139294.29989599998}
check	Run verification	2026-10-05T13:32:10.2436034Z runner: file lifecycle {"entryFile":"/home/runner/work/vibe-fs/vibe-fs/requirements/relay-assessment/tests/009.test.mjs","type":"runner:file-drained","elapsedMs":139327.214154}
check	Run verification	2026-10-05T13:32:10.2459066Z runner: file lifecycle {"entryFile":"/home/runner/work/vibe-fs/vibe-fs/requirements/relay-assessment/tests/010.test.mjs","pid":2832,"parentPid":2823,"type":"runner:file-start","elapsedMs":139329.695562}
check	Run verification	2026-10-05T13:32:10.3082157Z runner: file lifecycle {"entryFile":"/home/runner/work/vibe-fs/vibe-fs/requirements/relay-assessment/tests/010.test.mjs","type":"runner:file-drained","elapsedMs":139389.469097}
check	Run verification	2026-10-05T13:32:10.3095776Z runner: file lifecycle {"entryFile":"/home/runner/work/vibe-fs/vibe-fs/requirements/relay-context-projection/tests/001.test.mjs","pid":2832,"parentPid":2823,"type":"runner:file-start","elapsedMs":139393.362972}
check	Run verification	2026-10-05T13:32:11.4779476Z runner: file lifecycle {"entryFile":"/home/runner/work/vibe-fs/vibe-fs/requirements/provider-projection/tests/011.test.mjs","type":"runner:file-drained","elapsedMs":140561.572146}
check	Run verification	2026-10-05T13:32:11.4822912Z runner: file lifecycle {"entryFile":"/home/runner/work/vibe-fs/vibe-fs/requirements/relay-context-projection/tests/002.test.mjs","pid":2832,"parentPid":2823,"type":"runner:file-start","elapsedMs":140564.41342599998}
check	Run verification	2026-10-05T13:32:11.6276503Z runner: file lifecycle {"entryFile":"/home/runner/work/vibe-fs/vibe-fs/requirements/relay-context-projection/tests/001.test.mjs","type":"runner:file-drained","elapsedMs":140711.321821}
check	Run verification	2026-10-05T13:32:11.6292496Z runner: file lifecycle {"entryFile":"/home/runner/work/vibe-fs/vibe-fs/requirements/relay-context-projection/tests/003.test.mjs","pid":2832,"parentPid":2823,"type":"runner:file-start","elapsedMs":140712.940388}
check	Run verification	2026-10-05T13:32:11.6640968Z runner: file lifecycle {"entryFile":"/home/runner/work/vibe-fs/vibe-fs/requirements/relay-context-projection/tests/003.test.mjs","type":"runner:file-drained","elapsedMs":140747.762841}
check	Run verification	2026-10-05T13:32:11.6682391Z runner: file lifecycle {"entryFile":"/home/runner/work/vibe-fs/vibe-fs/requirements/relay-context-projection/tests/004.test.mjs","pid":2832,"parentPid":2823,"type":"runner:file-start","elapsedMs":140750.19503499998}
check	Run verification	2026-10-05T13:32:11.7053377Z runner: file lifecycle {"entryFile":"/home/runner/work/vibe-fs/vibe-fs/requirements/relay-context-projection/tests/004.test.mjs","type":"runner:file-drained","elapsedMs":140788.224798}
check	Run verification	2026-10-05T13:32:11.7064331Z runner: file lifecycle {"entryFile":"/home/runner/work/vibe-fs/vibe-fs/requirements/relay-context-projection/tests/005.test.mjs","pid":2832,"parentPid":2823,"type":"runner:file-start","elapsedMs":140790.165902}
check	Run verification	2026-10-05T13:32:12.9947005Z runner: file lifecycle {"entryFile":"/home/runner/work/vibe-fs/vibe-fs/requirements/relay-context-projection/tests/005.test.mjs","type":"runner:file-drained","elapsedMs":142078.188668}
check	Run verification	2026-10-05T13:32:12.9957930Z runner: file lifecycle {"entryFile":"/home/runner/work/vibe-fs/vibe-fs/requirements/relay-context-projection/tests/006.test.mjs","pid":2832,"parentPid":2823,"type":"runner:file-start","elapsedMs":142079.413564}
check	Run verification	2026-10-05T13:32:13.7249004Z runner: file lifecycle {"entryFile":"/home/runner/work/vibe-fs/vibe-fs/requirements/relay-context-projection/tests/002.test.mjs","type":"runner:file-drained","elapsedMs":142808.630877}
check	Run verification	2026-10-05T13:32:13.7271960Z runner: file lifecycle {"entryFile":"/home/runner/work/vibe-fs/vibe-fs/requirements/relay-context-projection/tests/007.test.mjs","pid":2832,"parentPid":2823,"type":"runner:file-start","elapsedMs":142810.94290999998}
check	Run verification	2026-10-05T13:32:13.7608888Z runner: file lifecycle {"entryFile":"/home/runner/work/vibe-fs/vibe-fs/requirements/relay-context-projection/tests/007.test.mjs","type":"runner:file-drained","elapsedMs":142844.61768599998}
check	Run verification	2026-10-05T13:32:13.7631292Z runner: file lifecycle {"entryFile":"/home/runner/work/vibe-fs/vibe-fs/requirements/relay-context-projection/tests/008.test.mjs","pid":2832,"parentPid":2823,"type":"runner:file-start","elapsedMs":142846.87679}
check	Run verification	2026-10-05T13:32:14.2565200Z runner: file lifecycle {"entryFile":"/home/runner/work/vibe-fs/vibe-fs/requirements/relay-context-projection/tests/006.test.mjs","type":"runner:file-drained","elapsedMs":143337.312507}
check	Run verification	2026-10-05T13:32:14.2584818Z runner: file lifecycle {"entryFile":"/home/runner/work/vibe-fs/vibe-fs/requirements/relay-context-projection/tests/009.test.mjs","pid":2832,"parentPid":2823,"type":"runner:file-start","elapsedMs":143342.262074}
check	Run verification	2026-10-05T13:32:14.2959548Z runner: file lifecycle {"entryFile":"/home/runner/work/vibe-fs/vibe-fs/requirements/relay-context-projection/tests/009.test.mjs","type":"runner:file-drained","elapsedMs":143379.626589}
check	Run verification	2026-10-05T13:32:14.2978705Z runner: file lifecycle {"entryFile":"/home/runner/work/vibe-fs/vibe-fs/requirements/relay-incumbency/tests/001.test.mjs","pid":2832,"parentPid":2823,"type":"runner:file-start","elapsedMs":143381.64494}
check	Run verification	2026-10-05T13:32:14.3570132Z runner: file lifecycle {"entryFile":"/home/runner/work/vibe-fs/vibe-fs/requirements/relay-incumbency/tests/001.test.mjs","type":"runner:file-drained","elapsedMs":143439.908011}
check	Run verification	2026-10-05T13:32:14.3580743Z runner: file lifecycle {"entryFile":"/home/runner/work/vibe-fs/vibe-fs/requirements/relay-incumbency/tests/002.test.mjs","pid":2832,"parentPid":2823,"type":"runner:file-start","elapsedMs":143441.908525}
check	Run verification	2026-10-05T13:32:14.4418305Z runner: file lifecycle {"entryFile":"/home/runner/work/vibe-fs/vibe-fs/requirements/relay-incumbency/tests/002.test.mjs","type":"runner:file-drained","elapsedMs":143525.55557}
check	Run verification	2026-10-05T13:32:14.4443944Z runner: file lifecycle {"entryFile":"/home/runner/work/vibe-fs/vibe-fs/requirements/relay-incumbency/tests/003.test.mjs","pid":2832,"parentPid":2823,"type":"runner:file-start","elapsedMs":143528.222959}
check	Run verification	2026-10-05T13:32:14.5039027Z runner: file lifecycle {"entryFile":"/home/runner/work/vibe-fs/vibe-fs/requirements/relay-incumbency/tests/003.test.mjs","type":"runner:file-drained","elapsedMs":143587.61504099998}
check	Run verification	2026-10-05T13:32:14.5077866Z runner: file lifecycle {"entryFile":"/home/runner/work/vibe-fs/vibe-fs/requirements/relay-incumbency/tests/004.test.mjs","pid":2832,"parentPid":2823,"type":"runner:file-start","elapsedMs":143589.716027}
check	Run verification	2026-10-05T13:32:14.5641195Z runner: file lifecycle {"entryFile":"/home/runner/work/vibe-fs/vibe-fs/requirements/relay-incumbency/tests/004.test.mjs","type":"runner:file-drained","elapsedMs":143646.626169}
check	Run verification	2026-10-05T13:32:14.5663796Z runner: file lifecycle {"entryFile":"/home/runner/work/vibe-fs/vibe-fs/requirements/relay-incumbency/tests/005.test.mjs","pid":2832,"parentPid":2823,"type":"runner:file-start","elapsedMs":143649.113226}
check	Run verification	2026-10-05T13:32:14.6409545Z runner: file lifecycle {"entryFile":"/home/runner/work/vibe-fs/vibe-fs/requirements/relay-incumbency/tests/005.test.mjs","type":"runner:file-drained","elapsedMs":143721.43139399998}
check	Run verification	2026-10-05T13:32:14.6410766Z runner: file lifecycle {"entryFile":"/home/runner/work/vibe-fs/vibe-fs/requirements/relay-incumbency/tests/006.test.mjs","pid":2832,"parentPid":2823,"type":"runner:file-start","elapsedMs":143724.560268}
check	Run verification	2026-10-05T13:32:14.7183074Z runner: file lifecycle {"entryFile":"/home/runner/work/vibe-fs/vibe-fs/requirements/relay-incumbency/tests/006.test.mjs","type":"runner:file-drained","elapsedMs":143801.238183}
check	Run verification	2026-10-05T13:32:14.7202706Z runner: file lifecycle {"entryFile":"/home/runner/work/vibe-fs/vibe-fs/requirements/relay-incumbency/tests/008.test.mjs","pid":2832,"parentPid":2823,"type":"runner:file-start","elapsedMs":143803.861306}
check	Run verification	2026-10-05T13:32:14.7885504Z runner: file lifecycle {"entryFile":"/home/runner/work/vibe-fs/vibe-fs/requirements/relay-incumbency/tests/008.test.mjs","type":"runner:file-drained","elapsedMs":143869.249372}
check	Run verification	2026-10-05T13:32:14.7912570Z runner: file lifecycle {"entryFile":"/home/runner/work/vibe-fs/vibe-fs/requirements/relay-incumbency/tests/009.test.mjs","pid":2832,"parentPid":2823,"type":"runner:file-start","elapsedMs":143869.347109}
check	Run verification	2026-10-05T13:32:14.8489196Z runner: file lifecycle {"entryFile":"/home/runner/work/vibe-fs/vibe-fs/requirements/relay-incumbency/tests/009.test.mjs","type":"runner:file-drained","elapsedMs":143932.372956}
check	Run verification	2026-10-05T13:32:14.8523483Z runner: file lifecycle {"entryFile":"/home/runner/work/vibe-fs/vibe-fs/requirements/relay-incumbency/tests/010.test.mjs","pid":2832,"parentPid":2823,"type":"runner:file-start","elapsedMs":143934.610817}
check	Run verification	2026-10-05T13:32:14.9127248Z runner: file lifecycle {"entryFile":"/home/runner/work/vibe-fs/vibe-fs/requirements/relay-incumbency/tests/010.test.mjs","type":"runner:file-drained","elapsedMs":143996.41808899998}
check	Run verification	2026-10-05T13:32:14.9155716Z runner: file lifecycle {"entryFile":"/home/runner/work/vibe-fs/vibe-fs/requirements/relay-incumbency/tests/011.test.mjs","pid":2832,"parentPid":2823,"type":"runner:file-start","elapsedMs":143999.171287}
check	Run verification	2026-10-05T13:32:14.9852405Z runner: file lifecycle {"entryFile":"/home/runner/work/vibe-fs/vibe-fs/requirements/relay-context-projection/tests/008.test.mjs","type":"runner:file-drained","elapsedMs":144067.642007}
check	Run verification	2026-10-05T13:32:14.9854533Z runner: file lifecycle {"entryFile":"/home/runner/work/vibe-fs/vibe-fs/requirements/relay-incumbency/tests/012.test.mjs","pid":2832,"parentPid":2823,"type":"runner:file-start","elapsedMs":144068.572158}
check	Run verification	2026-10-05T13:32:14.9888453Z runner: file lifecycle {"entryFile":"/home/runner/work/vibe-fs/vibe-fs/requirements/relay-incumbency/tests/011.test.mjs","type":"runner:file-drained","elapsedMs":144072.57459899999}
check	Run verification	2026-10-05T13:32:14.9925537Z runner: file lifecycle {"entryFile":"/home/runner/work/vibe-fs/vibe-fs/requirements/relay-incumbency/tests/013.test.mjs","pid":2832,"parentPid":2823,"type":"runner:file-start","elapsedMs":144076.292981}
check	Run verification	2026-10-05T13:32:15.0438653Z runner: file lifecycle {"entryFile":"/home/runner/work/vibe-fs/vibe-fs/requirements/relay-incumbency/tests/012.test.mjs","type":"runner:file-drained","elapsedMs":144127.629606}
check	Run verification	2026-10-05T13:32:15.0458384Z runner: file lifecycle {"entryFile":"/home/runner/work/vibe-fs/vibe-fs/requirements/relay-retirement/tests/001.test.mjs","pid":2832,"parentPid":2823,"type":"runner:file-start","elapsedMs":144129.639965}
check	Run verification	2026-10-05T13:32:15.0503520Z runner: file lifecycle {"entryFile":"/home/runner/work/vibe-fs/vibe-fs/requirements/relay-incumbency/tests/013.test.mjs","type":"runner:file-drained","elapsedMs":144134.133435}
check	Run verification	2026-10-05T13:32:15.0521904Z runner: file lifecycle {"entryFile":"/home/runner/work/vibe-fs/vibe-fs/requirements/relay-retirement/tests/002.test.mjs","pid":2832,"parentPid":2823,"type":"runner:file-start","elapsedMs":144136.008349}
check	Run verification	2026-10-05T13:32:15.0807911Z runner: file lifecycle {"entryFile":"/home/runner/work/vibe-fs/vibe-fs/requirements/relay-retirement/tests/001.test.mjs","type":"runner:file-drained","elapsedMs":144164.493357}
check	Run verification	2026-10-05T13:32:15.0827228Z runner: file lifecycle {"entryFile":"/home/runner/work/vibe-fs/vibe-fs/requirements/relay-retirement/tests/003.test.mjs","pid":2832,"parentPid":2823,"type":"runner:file-start","elapsedMs":144166.40182199999}
check	Run verification	2026-10-05T13:32:16.2724719Z runner: file lifecycle {"entryFile":"/home/runner/work/vibe-fs/vibe-fs/requirements/relay-retirement/tests/002.test.mjs","type":"runner:file-drained","elapsedMs":145354.314332}
check	Run verification	2026-10-05T13:32:16.2732740Z runner: file lifecycle {"entryFile":"/home/runner/work/vibe-fs/vibe-fs/requirements/relay-retirement/tests/004.test.mjs","pid":2832,"parentPid":2823,"type":"runner:file-start","elapsedMs":145356.634898}
check	Run verification	2026-10-05T13:32:16.4304685Z runner: file lifecycle {"entryFile":"/home/runner/work/vibe-fs/vibe-fs/requirements/relay-retirement/tests/003.test.mjs","type":"runner:file-drained","elapsedMs":145514.001031}
check	Run verification	2026-10-05T13:32:16.4342800Z runner: file lifecycle {"entryFile":"/home/runner/work/vibe-fs/vibe-fs/requirements/relay-retirement/tests/007.test.mjs","pid":2832,"parentPid":2823,"type":"runner:file-start","elapsedMs":145517.792413}
check	Run verification	2026-10-05T13:32:16.5023402Z runner: file lifecycle {"entryFile":"/home/runner/work/vibe-fs/vibe-fs/requirements/relay-retirement/tests/007.test.mjs","type":"runner:file-drained","elapsedMs":145586.031885}
check	Run verification	2026-10-05T13:32:16.5049845Z runner: file lifecycle {"entryFile":"/home/runner/work/vibe-fs/vibe-fs/requirements/relay-retirement/tests/008.test.mjs","pid":2832,"parentPid":2823,"type":"runner:file-start","elapsedMs":145588.806746}
check	Run verification	2026-10-05T13:32:17.5580452Z runner: file lifecycle {"entryFile":"/home/runner/work/vibe-fs/vibe-fs/requirements/relay-retirement/tests/004.test.mjs","type":"runner:file-drained","elapsedMs":146641.713832}
check	Run verification	2026-10-05T13:32:17.5604192Z runner: file lifecycle {"entryFile":"/home/runner/work/vibe-fs/vibe-fs/requirements/relay-retirement/tests/009.test.mjs","pid":2832,"parentPid":2823,"type":"runner:file-start","elapsedMs":146644.13529}
check	Run verification	2026-10-05T13:32:18.1356036Z runner: file lifecycle {"entryFile":"/home/runner/work/vibe-fs/vibe-fs/requirements/relay-retirement/tests/009.test.mjs","type":"runner:file-drained","elapsedMs":147219.275005}
check	Run verification	2026-10-05T13:32:18.1402749Z runner: file lifecycle {"entryFile":"/home/runner/work/vibe-fs/vibe-fs/requirements/repository-investigation/tests/001.test.mjs","pid":2832,"parentPid":2823,"type":"runner:file-start","elapsedMs":147221.39173499998}
check	Run verification	2026-10-05T13:32:18.1847814Z runner: file lifecycle {"entryFile":"/home/runner/work/vibe-fs/vibe-fs/requirements/repository-investigation/tests/001.test.mjs","type":"runner:file-drained","elapsedMs":147268.43325899998}
check	Run verification	2026-10-05T13:32:18.1867454Z runner: file lifecycle {"entryFile":"/home/runner/work/vibe-fs/vibe-fs/requirements/repository-investigation/tests/002.test.mjs","pid":2832,"parentPid":2823,"type":"runner:file-start","elapsedMs":147269.407587}
check	Run verification	2026-10-05T13:32:18.2886268Z runner: file lifecycle {"entryFile":"/home/runner/work/vibe-fs/vibe-fs/requirements/repository-investigation/tests/002.test.mjs","type":"runner:file-drained","elapsedMs":147372.238335}
check	Run verification	2026-10-05T13:32:18.2907905Z runner: file lifecycle {"entryFile":"/home/runner/work/vibe-fs/vibe-fs/requirements/repository-investigation/tests/003.test.mjs","pid":2832,"parentPid":2823,"type":"runner:file-start","elapsedMs":147374.563949}
check	Run verification	2026-10-05T13:32:18.3443953Z runner: file lifecycle {"entryFile":"/home/runner/work/vibe-fs/vibe-fs/requirements/repository-investigation/tests/003.test.mjs","type":"runner:file-drained","elapsedMs":147427.35290199998}
check	Run verification	2026-10-05T13:32:18.3482783Z runner: file lifecycle {"entryFile":"/home/runner/work/vibe-fs/vibe-fs/requirements/repository-investigation/tests/004.test.mjs","pid":2832,"parentPid":2823,"type":"runner:file-start","elapsedMs":147430.628948}
check	Run verification	2026-10-05T13:32:18.3828196Z runner: file lifecycle {"entryFile":"/home/runner/work/vibe-fs/vibe-fs/requirements/repository-investigation/tests/004.test.mjs","type":"runner:file-drained","elapsedMs":147466.428295}
check	Run verification	2026-10-05T13:32:18.3848970Z runner: file lifecycle {"entryFile":"/home/runner/work/vibe-fs/vibe-fs/requirements/repository-investigation/tests/005.test.mjs","pid":2832,"parentPid":2823,"type":"runner:file-start","elapsedMs":147468.622321}
check	Run verification	2026-10-05T13:32:18.4192315Z runner: file lifecycle {"entryFile":"/home/runner/work/vibe-fs/vibe-fs/requirements/repository-investigation/tests/005.test.mjs","type":"runner:file-drained","elapsedMs":147502.810309}
check	Run verification	2026-10-05T13:32:18.4212153Z runner: file lifecycle {"entryFile":"/home/runner/work/vibe-fs/vibe-fs/requirements/repository-investigation/tests/006.test.mjs","pid":2832,"parentPid":2823,"type":"runner:file-start","elapsedMs":147504.957965}
check	Run verification	2026-10-05T13:32:18.5139313Z runner: file lifecycle {"entryFile":"/home/runner/work/vibe-fs/vibe-fs/requirements/repository-investigation/tests/006.test.mjs","type":"runner:file-drained","elapsedMs":147597.555976}
check	Run verification	2026-10-05T13:32:18.5165094Z runner: file lifecycle {"entryFile":"/home/runner/work/vibe-fs/vibe-fs/requirements/repository-investigation/tests/007.test.mjs","pid":2832,"parentPid":2823,"type":"runner:file-start","elapsedMs":147600.042142}
check	Run verification	2026-10-05T13:32:18.6042729Z runner: file lifecycle {"entryFile":"/home/runner/work/vibe-fs/vibe-fs/requirements/repository-investigation/tests/007.test.mjs","type":"runner:file-drained","elapsedMs":147687.969106}
check	Run verification	2026-10-05T13:32:18.6062614Z runner: file lifecycle {"entryFile":"/home/runner/work/vibe-fs/vibe-fs/requirements/repository-investigation/tests/008.test.mjs","pid":2832,"parentPid":2823,"type":"runner:file-start","elapsedMs":147690.015358}
check	Run verification	2026-10-05T13:32:18.6839393Z runner: file lifecycle {"entryFile":"/home/runner/work/vibe-fs/vibe-fs/requirements/repository-investigation/tests/008.test.mjs","type":"runner:file-drained","elapsedMs":147767.700943}
check	Run verification	2026-10-05T13:32:18.6873506Z runner: file lifecycle {"entryFile":"/home/runner/work/vibe-fs/vibe-fs/requirements/repository-investigation/tests/009.test.mjs","pid":2832,"parentPid":2823,"type":"runner:file-start","elapsedMs":147770.223033}
check	Run verification	2026-10-05T13:32:18.8423519Z runner: file lifecycle {"entryFile":"/home/runner/work/vibe-fs/vibe-fs/requirements/relay-retirement/tests/008.test.mjs","type":"runner:file-drained","elapsedMs":147925.070842}
check	Run verification	2026-10-05T13:32:18.8438426Z runner: file lifecycle {"entryFile":"/home/runner/work/vibe-fs/vibe-fs/requirements/repository-programming/tests/001.test.mjs","pid":2832,"parentPid":2823,"type":"runner:file-start","elapsedMs":147927.590227}
check	Run verification	2026-10-05T13:32:18.8798447Z runner: file lifecycle {"entryFile":"/home/runner/work/vibe-fs/vibe-fs/requirements/repository-investigation/tests/009.test.mjs","type":"runner:file-drained","elapsedMs":147963.43136699998}
check	Run verification	2026-10-05T13:32:18.8827501Z runner: file lifecycle {"entryFile":"/home/runner/work/vibe-fs/vibe-fs/requirements/repository-programming/tests/002.test.mjs","pid":2832,"parentPid":2823,"type":"runner:file-start","elapsedMs":147966.485098}
check	Run verification	2026-10-05T13:32:19.0084455Z runner: file lifecycle {"entryFile":"/home/runner/work/vibe-fs/vibe-fs/requirements/repository-programming/tests/001.test.mjs","type":"runner:file-drained","elapsedMs":148092.05823}
check	Run verification	2026-10-05T13:32:19.0105016Z runner: file lifecycle {"entryFile":"/home/runner/work/vibe-fs/vibe-fs/requirements/repository-programming/tests/003.test.mjs","pid":2832,"parentPid":2823,"type":"runner:file-start","elapsedMs":148094.285356}
check	Run verification	2026-10-05T13:32:19.1532694Z runner: file lifecycle {"entryFile":"/home/runner/work/vibe-fs/vibe-fs/requirements/repository-programming/tests/003.test.mjs","type":"runner:file-drained","elapsedMs":148236.673452}
check	Run verification	2026-10-05T13:32:19.1550049Z runner: file lifecycle {"entryFile":"/home/runner/work/vibe-fs/vibe-fs/requirements/repository-programming/tests/004.test.mjs","pid":2832,"parentPid":2823,"type":"runner:file-start","elapsedMs":148238.753566}
check	Run verification	2026-10-05T13:32:19.2440227Z runner: file lifecycle {"entryFile":"/home/runner/work/vibe-fs/vibe-fs/requirements/repository-programming/tests/004.test.mjs","type":"runner:file-drained","elapsedMs":148327.793417}
check	Run verification	2026-10-05T13:32:19.2473876Z runner: file lifecycle {"entryFile":"/home/runner/work/vibe-fs/vibe-fs/requirements/repository-programming/tests/005.test.mjs","pid":2832,"parentPid":2823,"type":"runner:file-start","elapsedMs":148330.13432399998}
check	Run verification	2026-10-05T13:32:19.2582751Z runner: file lifecycle {"entryFile":"/home/runner/work/vibe-fs/vibe-fs/requirements/repository-programming/tests/002.test.mjs","type":"runner:file-drained","elapsedMs":148342.053582}
check	Run verification	2026-10-05T13:32:19.2604582Z runner: file lifecycle {"entryFile":"/home/runner/work/vibe-fs/vibe-fs/requirements/repository-programming/tests/006.test.mjs","pid":2832,"parentPid":2823,"type":"runner:file-start","elapsedMs":148344.251433}
check	Run verification	2026-10-05T13:32:19.3941536Z runner: file lifecycle {"entryFile":"/home/runner/work/vibe-fs/vibe-fs/requirements/repository-programming/tests/005.test.mjs","type":"runner:file-drained","elapsedMs":148477.884739}
check	Run verification	2026-10-05T13:32:19.3964319Z runner: file lifecycle {"entryFile":"/home/runner/work/vibe-fs/vibe-fs/requirements/repository-programming/tests/007.test.mjs","pid":2832,"parentPid":2823,"type":"runner:file-start","elapsedMs":148480.191646}
check	Run verification	2026-10-05T13:32:19.5825529Z runner: file lifecycle {"entryFile":"/home/runner/work/vibe-fs/vibe-fs/requirements/repository-programming/tests/006.test.mjs","type":"runner:file-drained","elapsedMs":148666.306132}
check	Run verification	2026-10-05T13:32:19.5845969Z runner: file lifecycle {"entryFile":"/home/runner/work/vibe-fs/vibe-fs/requirements/repository-programming/tests/008.test.mjs","pid":2832,"parentPid":2823,"type":"runner:file-start","elapsedMs":148668.39829399998}
check	Run verification	2026-10-05T13:32:19.6284593Z runner: file lifecycle {"entryFile":"/home/runner/work/vibe-fs/vibe-fs/requirements/repository-programming/tests/007.test.mjs","type":"runner:file-drained","elapsedMs":148712.087538}
check	Run verification	2026-10-05T13:32:19.6313825Z runner: file lifecycle {"entryFile":"/home/runner/work/vibe-fs/vibe-fs/requirements/repository-programming/tests/009.test.mjs","pid":2832,"parentPid":2823,"type":"runner:file-start","elapsedMs":148714.57832}
check	Run verification	2026-10-05T13:32:19.6962759Z runner: file lifecycle {"entryFile":"/home/runner/work/vibe-fs/vibe-fs/requirements/repository-programming/tests/008.test.mjs","type":"runner:file-drained","elapsedMs":148778.382429}
check	Run verification	2026-10-05T13:32:19.6973431Z runner: file lifecycle {"entryFile":"/home/runner/work/vibe-fs/vibe-fs/requirements/repository-programming/tests/010.test.mjs","pid":2832,"parentPid":2823,"type":"runner:file-start","elapsedMs":148780.755435}
check	Run verification	2026-10-05T13:32:19.7393683Z runner: file lifecycle {"entryFile":"/home/runner/work/vibe-fs/vibe-fs/requirements/repository-programming/tests/009.test.mjs","type":"runner:file-drained","elapsedMs":148822.718989}
check	Run verification	2026-10-05T13:32:19.7421674Z runner: file lifecycle {"entryFile":"/home/runner/work/vibe-fs/vibe-fs/requirements/repository-programming/tests/011.test.mjs","pid":2832,"parentPid":2823,"type":"runner:file-start","elapsedMs":148825.69306}
check	Run verification	2026-10-05T13:32:19.8645724Z runner: file lifecycle {"entryFile":"/home/runner/work/vibe-fs/vibe-fs/requirements/repository-programming/tests/010.test.mjs","type":"runner:file-drained","elapsedMs":148947.710974}
check	Run verification	2026-10-05T13:32:19.8724820Z runner: file lifecycle {"entryFile":"/home/runner/work/vibe-fs/vibe-fs/requirements/repository-programming/tests/012.test.mjs","pid":2832,"parentPid":2823,"type":"runner:file-start","elapsedMs":148950.457662}
check	Run verification	2026-10-05T13:32:20.0381835Z runner: file lifecycle {"entryFile":"/home/runner/work/vibe-fs/vibe-fs/requirements/repository-programming/tests/011.test.mjs","type":"runner:file-drained","elapsedMs":149121.7977}
check	Run verification	2026-10-05T13:32:20.0404945Z runner: file lifecycle {"entryFile":"/home/runner/work/vibe-fs/vibe-fs/requirements/repository-programming/tests/013.test.mjs","pid":2832,"parentPid":2823,"type":"runner:file-start","elapsedMs":149124.24833899998}
check	Run verification	2026-10-05T13:32:20.1263450Z runner: file lifecycle {"entryFile":"/home/runner/work/vibe-fs/vibe-fs/requirements/repository-programming/tests/012.test.mjs","type":"runner:file-drained","elapsedMs":149209.75188999998}
check	Run verification	2026-10-05T13:32:20.1283316Z runner: file lifecycle {"entryFile":"/home/runner/work/vibe-fs/vibe-fs/requirements/repository-programming/tests/014.test.mjs","pid":2832,"parentPid":2823,"type":"runner:file-start","elapsedMs":149211.710873}
check	Run verification	2026-10-05T13:32:20.3051930Z runner: file lifecycle {"entryFile":"/home/runner/work/vibe-fs/vibe-fs/requirements/repository-programming/tests/013.test.mjs","type":"runner:file-drained","elapsedMs":149387.240738}
check	Run verification	2026-10-05T13:32:20.3064195Z runner: file lifecycle {"entryFile":"/home/runner/work/vibe-fs/vibe-fs/requirements/repository-programming/tests/015.test.mjs","pid":2832,"parentPid":2823,"type":"runner:file-start","elapsedMs":149390.044523}
check	Run verification	2026-10-05T13:32:20.4047694Z runner: file lifecycle {"entryFile":"/home/runner/work/vibe-fs/vibe-fs/requirements/repository-programming/tests/014.test.mjs","type":"runner:file-drained","elapsedMs":149486.270896}
check	Run verification	2026-10-05T13:32:20.4062883Z runner: file lifecycle {"entryFile":"/home/runner/work/vibe-fs/vibe-fs/requirements/repository-programming/tests/016.test.mjs","pid":2832,"parentPid":2823,"type":"runner:file-start","elapsedMs":149489.7066}
check	Run verification	2026-10-05T13:32:20.5523678Z runner: file lifecycle {"entryFile":"/home/runner/work/vibe-fs/vibe-fs/requirements/repository-programming/tests/015.test.mjs","type":"runner:file-drained","elapsedMs":149636.006008}
check	Run verification	2026-10-05T13:32:20.5544001Z runner: file lifecycle {"entryFile":"/home/runner/work/vibe-fs/vibe-fs/requirements/repository-programming/tests/017.test.mjs","pid":2832,"parentPid":2823,"type":"runner:file-start","elapsedMs":149638.188711}
check	Run verification	2026-10-05T13:32:20.6632876Z runner: file lifecycle {"entryFile":"/home/runner/work/vibe-fs/vibe-fs/requirements/repository-programming/tests/016.test.mjs","type":"runner:file-drained","elapsedMs":149744.424253}
check	Run verification	2026-10-05T13:32:20.6634613Z runner: file lifecycle {"entryFile":"/home/runner/work/vibe-fs/vibe-fs/requirements/repository-programming/tests/018.test.mjs","pid":2832,"parentPid":2823,"type":"runner:file-start","elapsedMs":149746.299429}
check	Run verification	2026-10-05T13:32:20.6635983Z runner: file lifecycle {"entryFile":"/home/runner/work/vibe-fs/vibe-fs/requirements/repository-programming/tests/017.test.mjs","type":"runner:file-drained","elapsedMs":149746.991729}
check	Run verification	2026-10-05T13:32:20.6651567Z runner: file lifecycle {"entryFile":"/home/runner/work/vibe-fs/vibe-fs/requirements/repository-programming/tests/019.test.mjs","pid":2832,"parentPid":2823,"type":"runner:file-start","elapsedMs":149748.972735}
check	Run verification	2026-10-05T13:32:20.8819212Z runner: file lifecycle {"entryFile":"/home/runner/work/vibe-fs/vibe-fs/requirements/repository-programming/tests/019.test.mjs","type":"runner:file-drained","elapsedMs":149965.665185}
check	Run verification	2026-10-05T13:32:20.8843925Z runner: file lifecycle {"entryFile":"/home/runner/work/vibe-fs/vibe-fs/requirements/repository-programming/tests/020.test.mjs","pid":2832,"parentPid":2823,"type":"runner:file-start","elapsedMs":149968.190197}
check	Run verification	2026-10-05T13:32:20.8988573Z runner: file lifecycle {"entryFile":"/home/runner/work/vibe-fs/vibe-fs/requirements/repository-programming/tests/018.test.mjs","type":"runner:file-drained","elapsedMs":149982.57830999998}
check	Run verification	2026-10-05T13:32:20.9013386Z runner: file lifecycle {"entryFile":"/home/runner/work/vibe-fs/vibe-fs/requirements/repository-programming/tests/021.test.mjs","pid":2832,"parentPid":2823,"type":"runner:file-start","elapsedMs":149985.193379}
check	Run verification	2026-10-05T13:32:20.9375931Z runner: file lifecycle {"entryFile":"/home/runner/work/vibe-fs/vibe-fs/requirements/repository-programming/tests/021.test.mjs","type":"runner:file-drained","elapsedMs":150021.297596}
check	Run verification	2026-10-05T13:32:20.9398234Z runner: file lifecycle {"entryFile":"/home/runner/work/vibe-fs/vibe-fs/requirements/repository-programming/tests/022.test.mjs","pid":2832,"parentPid":2823,"type":"runner:file-start","elapsedMs":150023.635795}
check	Run verification	2026-10-05T13:32:21.0444895Z runner: file lifecycle {"entryFile":"/home/runner/work/vibe-fs/vibe-fs/requirements/repository-programming/tests/022.test.mjs","type":"runner:file-drained","elapsedMs":150128.171206}
check	Run verification	2026-10-05T13:32:21.0463667Z runner: file lifecycle {"entryFile":"/home/runner/work/vibe-fs/vibe-fs/requirements/repository-programming/tests/023.test.mjs","pid":2832,"parentPid":2823,"type":"runner:file-start","elapsedMs":150130.10448}
check	Run verification	2026-10-05T13:32:21.1648264Z runner: file lifecycle {"entryFile":"/home/runner/work/vibe-fs/vibe-fs/requirements/repository-programming/tests/020.test.mjs","type":"runner:file-drained","elapsedMs":150248.375416}
check	Run verification	2026-10-05T13:32:21.1657097Z runner: file lifecycle {"entryFile":"/home/runner/work/vibe-fs/vibe-fs/requirements/repository-programming/tests/024.test.mjs","pid":2832,"parentPid":2823,"type":"runner:file-start","elapsedMs":150249.514365}
check	Run verification	2026-10-05T13:32:21.2410018Z runner: file lifecycle {"entryFile":"/home/runner/work/vibe-fs/vibe-fs/requirements/repository-programming/tests/023.test.mjs","type":"runner:file-drained","elapsedMs":150324.671194}
check	Run verification	2026-10-05T13:32:21.2428472Z runner: file lifecycle {"entryFile":"/home/runner/work/vibe-fs/vibe-fs/requirements/repository-programming/tests/025.test.mjs","pid":2832,"parentPid":2823,"type":"runner:file-start","elapsedMs":150326.655766}
check	Run verification	2026-10-05T13:32:21.3679095Z runner: file lifecycle {"entryFile":"/home/runner/work/vibe-fs/vibe-fs/requirements/repository-programming/tests/024.test.mjs","type":"runner:file-drained","elapsedMs":150451.55444}
check	Run verification	2026-10-05T13:32:21.3708359Z runner: file lifecycle {"entryFile":"/home/runner/work/vibe-fs/vibe-fs/requirements/repository-programming/tests/026.test.mjs","pid":2832,"parentPid":2823,"type":"runner:file-start","elapsedMs":150454.563476}
check	Run verification	2026-10-05T13:32:21.4633273Z runner: file lifecycle {"entryFile":"/home/runner/work/vibe-fs/vibe-fs/requirements/repository-programming/tests/026.test.mjs","type":"runner:file-drained","elapsedMs":150546.287506}
check	Run verification	2026-10-05T13:32:21.4653414Z runner: file lifecycle {"entryFile":"/home/runner/work/vibe-fs/vibe-fs/requirements/repository-programming/tests/027.test.mjs","pid":2832,"parentPid":2823,"type":"runner:file-start","elapsedMs":150548.233439}
check	Run verification	2026-10-05T13:32:21.4721503Z runner: file lifecycle {"entryFile":"/home/runner/work/vibe-fs/vibe-fs/requirements/repository-programming/tests/025.test.mjs","type":"runner:file-drained","elapsedMs":150555.87159999998}
check	Run verification	2026-10-05T13:32:21.4740212Z runner: file lifecycle {"entryFile":"/home/runner/work/vibe-fs/vibe-fs/requirements/requirement-grounding/tests/001.test.mjs","pid":2832,"parentPid":2823,"type":"runner:file-start","elapsedMs":150557.797903}
check	Run verification	2026-10-05T13:32:21.5393456Z runner: file lifecycle {"entryFile":"/home/runner/work/vibe-fs/vibe-fs/requirements/requirement-grounding/tests/001.test.mjs","type":"runner:file-drained","elapsedMs":150621.999409}
check	Run verification	2026-10-05T13:32:21.5407179Z runner: file lifecycle {"entryFile":"/home/runner/work/vibe-fs/vibe-fs/requirements/requirement-grounding/tests/002.test.mjs","pid":2832,"parentPid":2823,"type":"runner:file-start","elapsedMs":150624.48318799998}
check	Run verification	2026-10-05T13:32:21.5651166Z runner: file lifecycle {"entryFile":"/home/runner/work/vibe-fs/vibe-fs/requirements/repository-programming/tests/027.test.mjs","type":"runner:file-drained","elapsedMs":150648.854842}
check	Run verification	2026-10-05T13:32:21.5674047Z runner: file lifecycle {"entryFile":"/home/runner/work/vibe-fs/vibe-fs/requirements/requirement-grounding/tests/003.test.mjs","pid":2832,"parentPid":2823,"type":"runner:file-start","elapsedMs":150651.11385999998}
check	Run verification	2026-10-05T13:32:21.6120443Z runner: file lifecycle {"entryFile":"/home/runner/work/vibe-fs/vibe-fs/requirements/requirement-grounding/tests/002.test.mjs","type":"runner:file-drained","elapsedMs":150695.523501}
check	Run verification	2026-10-05T13:32:21.6153637Z runner: file lifecycle {"entryFile":"/home/runner/work/vibe-fs/vibe-fs/requirements/requirement-grounding/tests/004.test.mjs","pid":2832,"parentPid":2823,"type":"runner:file-start","elapsedMs":150698.633971}
check	Run verification	2026-10-05T13:32:21.6379635Z runner: file lifecycle {"entryFile":"/home/runner/work/vibe-fs/vibe-fs/requirements/requirement-grounding/tests/003.test.mjs","type":"runner:file-drained","elapsedMs":150721.411276}
check	Run verification	2026-10-05T13:32:21.6408186Z runner: file lifecycle {"entryFile":"/home/runner/work/vibe-fs/vibe-fs/requirements/requirement-grounding/tests/005.test.mjs","pid":2832,"parentPid":2823,"type":"runner:file-start","elapsedMs":150724.433071}
check	Run verification	2026-10-05T13:32:21.6837604Z runner: file lifecycle {"entryFile":"/home/runner/work/vibe-fs/vibe-fs/requirements/requirement-grounding/tests/004.test.mjs","type":"runner:file-drained","elapsedMs":150766.81213099998}
check	Run verification	2026-10-05T13:32:21.6851418Z runner: file lifecycle {"entryFile":"/home/runner/work/vibe-fs/vibe-fs/requirements/requirement-grounding/tests/006.test.mjs","pid":2832,"parentPid":2823,"type":"runner:file-start","elapsedMs":150768.903575}
check	Run verification	2026-10-05T13:32:21.9353110Z runner: file lifecycle {"entryFile":"/home/runner/work/vibe-fs/vibe-fs/requirements/requirement-grounding/tests/005.test.mjs","type":"runner:file-drained","elapsedMs":151016.930094}
check	Run verification	2026-10-05T13:32:21.9355618Z runner: file lifecycle {"entryFile":"/home/runner/work/vibe-fs/vibe-fs/requirements/requirement-grounding/tests/007.test.mjs","pid":2832,"parentPid":2823,"type":"runner:file-start","elapsedMs":151019.19924699998}
check	Run verification	2026-10-05T13:32:23.6320784Z runner: file lifecycle {"entryFile":"/home/runner/work/vibe-fs/vibe-fs/requirements/requirement-grounding/tests/006.test.mjs","type":"runner:file-drained","elapsedMs":152715.81752399998}
check	Run verification	2026-10-05T13:32:23.6361276Z runner: file lifecycle {"entryFile":"/home/runner/work/vibe-fs/vibe-fs/requirements/requirement-grounding/tests/008.test.mjs","pid":2832,"parentPid":2823,"type":"runner:file-start","elapsedMs":152719.826744}
check	Run verification	2026-10-05T13:32:24.9488636Z runner: file lifecycle {"entryFile":"/home/runner/work/vibe-fs/vibe-fs/requirements/requirement-grounding/tests/008.test.mjs","type":"runner:file-drained","elapsedMs":154032.493849}
check	Run verification	2026-10-05T13:32:24.9522912Z runner: file lifecycle {"entryFile":"/home/runner/work/vibe-fs/vibe-fs/requirements/requirement-grounding/tests/009.test.mjs","pid":2832,"parentPid":2823,"type":"runner:file-start","elapsedMs":154035.72837199998}
check	Run verification	2026-10-05T13:32:25.2410759Z runner: file lifecycle {"entryFile":"/home/runner/work/vibe-fs/vibe-fs/requirements/requirement-grounding/tests/009.test.mjs","type":"runner:file-drained","elapsedMs":154324.757584}
check	Run verification	2026-10-05T13:32:25.2432864Z runner: file lifecycle {"entryFile":"/home/runner/work/vibe-fs/vibe-fs/requirements/requirement-grounding/tests/010.test.mjs","pid":2832,"parentPid":2823,"type":"runner:file-start","elapsedMs":154326.990237}
check	Run verification	2026-10-05T13:32:25.5545193Z runner: file lifecycle {"entryFile":"/home/runner/work/vibe-fs/vibe-fs/requirements/requirement-grounding/tests/010.test.mjs","type":"runner:file-drained","elapsedMs":154638.175165}
check	Run verification	2026-10-05T13:32:25.5568677Z runner: file lifecycle {"entryFile":"/home/runner/work/vibe-fs/vibe-fs/requirements/requirement-grounding/tests/011.test.mjs","pid":2832,"parentPid":2823,"type":"runner:file-start","elapsedMs":154640.644205}
check	Run verification	2026-10-05T13:32:29.4328069Z runner: file lifecycle {"entryFile":"/home/runner/work/vibe-fs/vibe-fs/requirements/requirement-grounding/tests/011.test.mjs","type":"runner:file-drained","elapsedMs":158516.471904}
check	Run verification	2026-10-05T13:32:29.4349697Z runner: file lifecycle {"entryFile":"/home/runner/work/vibe-fs/vibe-fs/requirements/requirement-grounding/tests/012.test.mjs","pid":2832,"parentPid":2823,"type":"runner:file-start","elapsedMs":158518.67301}
check	Run verification	2026-10-05T13:32:34.7808928Z runner: file lifecycle {"entryFile":"/home/runner/work/vibe-fs/vibe-fs/requirements/requirement-grounding/tests/012.test.mjs","type":"runner:file-drained","elapsedMs":163864.227892}
check	Run verification	2026-10-05T13:32:34.7830483Z runner: file lifecycle {"entryFile":"/home/runner/work/vibe-fs/vibe-fs/requirements/requirement-system/tests/001.test.mjs","pid":2832,"parentPid":2823,"type":"runner:file-start","elapsedMs":163866.576199}
check	Run verification	2026-10-05T13:32:34.8303955Z runner: file lifecycle {"entryFile":"/home/runner/work/vibe-fs/vibe-fs/requirements/requirement-system/tests/001.test.mjs","type":"runner:file-drained","elapsedMs":163914.064594}
check	Run verification	2026-10-05T13:32:34.8332868Z runner: file lifecycle {"entryFile":"/home/runner/work/vibe-fs/vibe-fs/requirements/requirement-system/tests/004.test.mjs","pid":2832,"parentPid":2823,"type":"runner:file-start","elapsedMs":163916.390758}
check	Run verification	2026-10-05T13:32:34.8826597Z runner: file lifecycle {"entryFile":"/home/runner/work/vibe-fs/vibe-fs/requirements/requirement-system/tests/004.test.mjs","type":"runner:file-drained","elapsedMs":163966.3399}
check	Run verification	2026-10-05T13:32:34.8845889Z runner: file lifecycle {"entryFile":"/home/runner/work/vibe-fs/vibe-fs/requirements/requirement-system/tests/005.test.mjs","pid":2832,"parentPid":2823,"type":"runner:file-start","elapsedMs":163968.361206}
check	Run verification	2026-10-05T13:32:34.9269949Z runner: file lifecycle {"entryFile":"/home/runner/work/vibe-fs/vibe-fs/requirements/requirement-system/tests/005.test.mjs","type":"runner:file-drained","elapsedMs":164010.642726}
check	Run verification	2026-10-05T13:32:34.9317708Z runner: file lifecycle {"entryFile":"/home/runner/work/vibe-fs/vibe-fs/requirements/requirement-system/tests/006.test.mjs","pid":2832,"parentPid":2823,"type":"runner:file-start","elapsedMs":164014.27776199998}
check	Run verification	2026-10-05T13:32:34.9773064Z runner: file lifecycle {"entryFile":"/home/runner/work/vibe-fs/vibe-fs/requirements/requirement-system/tests/006.test.mjs","type":"runner:file-drained","elapsedMs":164060.562493}
check	Run verification	2026-10-05T13:32:34.9790664Z runner: file lifecycle {"entryFile":"/home/runner/work/vibe-fs/vibe-fs/requirements/requirement-system/tests/007.test.mjs","pid":2832,"parentPid":2823,"type":"runner:file-start","elapsedMs":164062.81087}
check	Run verification	2026-10-05T13:32:35.0224115Z runner: file lifecycle {"entryFile":"/home/runner/work/vibe-fs/vibe-fs/requirements/requirement-system/tests/007.test.mjs","type":"runner:file-drained","elapsedMs":164105.982031}
check	Run verification	2026-10-05T13:32:35.0283716Z runner: file lifecycle {"entryFile":"/home/runner/work/vibe-fs/vibe-fs/requirements/requirement-system/tests/008.test.mjs","pid":2832,"parentPid":2823,"type":"runner:file-start","elapsedMs":164110.294157}
check	Run verification	2026-10-05T13:32:35.0720577Z runner: file lifecycle {"entryFile":"/home/runner/work/vibe-fs/vibe-fs/requirements/requirement-system/tests/008.test.mjs","type":"runner:file-drained","elapsedMs":164155.713324}
check	Run verification	2026-10-05T13:32:35.0743041Z runner: file lifecycle {"entryFile":"/home/runner/work/vibe-fs/vibe-fs/requirements/requirement-system/tests/011.test.mjs","pid":2832,"parentPid":2823,"type":"runner:file-start","elapsedMs":164157.962603}
check	Run verification	2026-10-05T13:32:35.1223368Z runner: file lifecycle {"entryFile":"/home/runner/work/vibe-fs/vibe-fs/requirements/requirement-system/tests/011.test.mjs","type":"runner:file-drained","elapsedMs":164205.895746}
check	Run verification	2026-10-05T13:32:35.1243664Z runner: file lifecycle {"entryFile":"/home/runner/work/vibe-fs/vibe-fs/requirements/requirement-system/tests/017.test.mjs","pid":2832,"parentPid":2823,"type":"runner:file-start","elapsedMs":164208.106767}
check	Run verification	2026-10-05T13:32:36.1422612Z runner: file lifecycle {"entryFile":"/home/runner/work/vibe-fs/vibe-fs/requirements/requirement-system/tests/017.test.mjs","type":"runner:file-drained","elapsedMs":165225.915533}
check	Run verification	2026-10-05T13:32:36.1448367Z runner: file lifecycle {"entryFile":"/home/runner/work/vibe-fs/vibe-fs/requirements/requirement-system/tests/018.test.mjs","pid":2832,"parentPid":2823,"type":"runner:file-start","elapsedMs":165228.491424}
check	Run verification	2026-10-05T13:32:36.1944541Z runner: file lifecycle {"entryFile":"/home/runner/work/vibe-fs/vibe-fs/requirements/requirement-system/tests/018.test.mjs","type":"runner:file-drained","elapsedMs":165277.37764299999}
check	Run verification	2026-10-05T13:32:36.1958554Z runner: file lifecycle {"entryFile":"/home/runner/work/vibe-fs/vibe-fs/requirements/semantic-trace/tests/001.test.mjs","pid":2832,"parentPid":2823,"type":"runner:file-start","elapsedMs":165279.604968}
check	Run verification	2026-10-05T13:32:36.4488842Z runner: file lifecycle {"entryFile":"/home/runner/work/vibe-fs/vibe-fs/requirements/semantic-trace/tests/001.test.mjs","type":"runner:file-drained","elapsedMs":165532.562749}
check	Run verification	2026-10-05T13:32:36.4509659Z runner: file lifecycle {"entryFile":"/home/runner/work/vibe-fs/vibe-fs/requirements/semantic-trace/tests/002.test.mjs","pid":2832,"parentPid":2823,"type":"runner:file-start","elapsedMs":165534.672225}
check	Run verification	2026-10-05T13:32:36.8682359Z runner: file lifecycle {"entryFile":"/home/runner/work/vibe-fs/vibe-fs/requirements/semantic-trace/tests/002.test.mjs","type":"runner:file-drained","elapsedMs":165951.93936299998}
check	Run verification	2026-10-05T13:32:36.8708439Z runner: file lifecycle {"entryFile":"/home/runner/work/vibe-fs/vibe-fs/requirements/semantic-trace/tests/003.test.mjs","pid":2832,"parentPid":2823,"type":"runner:file-start","elapsedMs":165954.54362799998}
check	Run verification	2026-10-05T13:32:37.1528698Z runner: file lifecycle {"entryFile":"/home/runner/work/vibe-fs/vibe-fs/requirements/semantic-trace/tests/003.test.mjs","type":"runner:file-drained","elapsedMs":166236.471742}
check	Run verification	2026-10-05T13:32:37.1550339Z runner: file lifecycle {"entryFile":"/home/runner/work/vibe-fs/vibe-fs/requirements/semantic-trace/tests/004.test.mjs","pid":2832,"parentPid":2823,"type":"runner:file-start","elapsedMs":166238.74135}
check	Run verification	2026-10-05T13:32:37.3442813Z runner: file lifecycle {"entryFile":"/home/runner/work/vibe-fs/vibe-fs/requirements/semantic-trace/tests/004.test.mjs","type":"runner:file-drained","elapsedMs":166427.868467}
check	Run verification	2026-10-05T13:32:37.3473300Z runner: file lifecycle {"entryFile":"/home/runner/work/vibe-fs/vibe-fs/requirements/semantic-trace/tests/005.test.mjs","pid":2832,"parentPid":2823,"type":"runner:file-start","elapsedMs":166430.096854}
check	Run verification	2026-10-05T13:32:37.5424410Z runner: file lifecycle {"entryFile":"/home/runner/work/vibe-fs/vibe-fs/requirements/semantic-trace/tests/005.test.mjs","type":"runner:file-drained","elapsedMs":166625.554294}
check	Run verification	2026-10-05T13:32:37.5455490Z runner: file lifecycle {"entryFile":"/home/runner/work/vibe-fs/vibe-fs/requirements/semantic-trace/tests/006.test.mjs","pid":2832,"parentPid":2823,"type":"runner:file-start","elapsedMs":166629.222396}
check	Run verification	2026-10-05T13:32:37.7342085Z runner: file lifecycle {"entryFile":"/home/runner/work/vibe-fs/vibe-fs/requirements/semantic-trace/tests/006.test.mjs","type":"runner:file-drained","elapsedMs":166817.875076}
check	Run verification	2026-10-05T13:32:37.7370233Z runner: file lifecycle {"entryFile":"/home/runner/work/vibe-fs/vibe-fs/requirements/semantic-trace/tests/007.test.mjs","pid":2832,"parentPid":2823,"type":"runner:file-start","elapsedMs":166820.464518}
check	Run verification	2026-10-05T13:32:38.1096050Z runner: file lifecycle {"entryFile":"/home/runner/work/vibe-fs/vibe-fs/requirements/semantic-trace/tests/007.test.mjs","type":"runner:file-drained","elapsedMs":167193.265125}
check	Run verification	2026-10-05T13:32:38.1133450Z runner: file lifecycle {"entryFile":"/home/runner/work/vibe-fs/vibe-fs/requirements/semantic-trace/tests/008.test.mjs","pid":2832,"parentPid":2823,"type":"runner:file-start","elapsedMs":167195.699412}
check	Run verification	2026-10-05T13:32:38.1473825Z runner: file lifecycle {"entryFile":"/home/runner/work/vibe-fs/vibe-fs/requirements/semantic-trace/tests/008.test.mjs","type":"runner:file-drained","elapsedMs":167231.010563}
check	Run verification	2026-10-05T13:32:38.1503790Z runner: file lifecycle {"entryFile":"/home/runner/work/vibe-fs/vibe-fs/requirements/semantic-trace/tests/009.test.mjs","pid":2832,"parentPid":2823,"type":"runner:file-start","elapsedMs":167234.197268}
check	Run verification	2026-10-05T13:32:38.3220672Z runner: file lifecycle {"entryFile":"/home/runner/work/vibe-fs/vibe-fs/requirements/semantic-trace/tests/009.test.mjs","type":"runner:file-drained","elapsedMs":167405.748815}
check	Run verification	2026-10-05T13:32:38.3239003Z runner: file lifecycle {"entryFile":"/home/runner/work/vibe-fs/vibe-fs/requirements/semantic-trace/tests/010.test.mjs","pid":2832,"parentPid":2823,"type":"runner:file-start","elapsedMs":167407.720454}
check	Run verification	2026-10-05T13:32:38.6138451Z runner: file lifecycle {"entryFile":"/home/runner/work/vibe-fs/vibe-fs/requirements/semantic-trace/tests/010.test.mjs","type":"runner:file-drained","elapsedMs":167696.669683}
check	Run verification	2026-10-05T13:32:38.6162678Z runner: file lifecycle {"entryFile":"/home/runner/work/vibe-fs/vibe-fs/requirements/semantic-trace/tests/011.test.mjs","pid":2832,"parentPid":2823,"type":"runner:file-start","elapsedMs":167698.929747}
check	Run verification	2026-10-05T13:32:38.6585606Z runner: file lifecycle {"entryFile":"/home/runner/work/vibe-fs/vibe-fs/requirements/semantic-trace/tests/011.test.mjs","type":"runner:file-drained","elapsedMs":167741.969213}
check	Run verification	2026-10-05T13:32:38.6623969Z runner: file lifecycle {"entryFile":"/home/runner/work/vibe-fs/vibe-fs/requirements/semantic-trace/tests/012.test.mjs","pid":2832,"parentPid":2823,"type":"runner:file-start","elapsedMs":167743.630783}
check	Run verification	2026-10-05T13:32:38.7045826Z runner: file lifecycle {"entryFile":"/home/runner/work/vibe-fs/vibe-fs/requirements/semantic-trace/tests/012.test.mjs","type":"runner:file-drained","elapsedMs":167786.978835}
check	Run verification	2026-10-05T13:32:38.7059172Z runner: file lifecycle {"entryFile":"/home/runner/work/vibe-fs/vibe-fs/requirements/session-ontology/tests/001.test.mjs","pid":2832,"parentPid":2823,"type":"runner:file-start","elapsedMs":167789.71594}
check	Run verification	2026-10-05T13:32:38.7839154Z runner: file lifecycle {"entryFile":"/home/runner/work/vibe-fs/vibe-fs/requirements/session-ontology/tests/001.test.mjs","type":"runner:file-drained","elapsedMs":167867.569987}
check	Run verification	2026-10-05T13:32:38.7882713Z runner: file lifecycle {"entryFile":"/home/runner/work/vibe-fs/vibe-fs/requirements/session-ontology/tests/002.test.mjs","pid":2832,"parentPid":2823,"type":"runner:file-start","elapsedMs":167871.222775}
check	Run verification	2026-10-05T13:32:38.8475557Z runner: file lifecycle {"entryFile":"/home/runner/work/vibe-fs/vibe-fs/requirements/session-ontology/tests/002.test.mjs","type":"runner:file-drained","elapsedMs":167931.10932}
check	Run verification	2026-10-05T13:32:38.8493459Z runner: file lifecycle {"entryFile":"/home/runner/work/vibe-fs/vibe-fs/requirements/session-ontology/tests/003.test.mjs","pid":2832,"parentPid":2823,"type":"runner:file-start","elapsedMs":167933.103373}
check	Run verification	2026-10-05T13:32:38.9113385Z runner: file lifecycle {"entryFile":"/home/runner/work/vibe-fs/vibe-fs/requirements/session-ontology/tests/003.test.mjs","type":"runner:file-drained","elapsedMs":167994.981317}
check	Run verification	2026-10-05T13:32:38.9140039Z runner: file lifecycle {"entryFile":"/home/runner/work/vibe-fs/vibe-fs/requirements/session-ontology/tests/004.test.mjs","pid":2832,"parentPid":2823,"type":"runner:file-start","elapsedMs":167997.42414699998}
check	Run verification	2026-10-05T13:32:38.9844868Z runner: file lifecycle {"entryFile":"/home/runner/work/vibe-fs/vibe-fs/requirements/session-ontology/tests/004.test.mjs","type":"runner:file-drained","elapsedMs":168068.22177499998}
check	Run verification	2026-10-05T13:32:38.9869807Z runner: file lifecycle {"entryFile":"/home/runner/work/vibe-fs/vibe-fs/requirements/session-ontology/tests/005.test.mjs","pid":2832,"parentPid":2823,"type":"runner:file-start","elapsedMs":168070.731706}
check	Run verification	2026-10-05T13:32:39.0494916Z runner: file lifecycle {"entryFile":"/home/runner/work/vibe-fs/vibe-fs/requirements/session-ontology/tests/005.test.mjs","type":"runner:file-drained","elapsedMs":168133.182775}
check	Run verification	2026-10-05T13:32:39.0515817Z runner: file lifecycle {"entryFile":"/home/runner/work/vibe-fs/vibe-fs/requirements/session-ontology/tests/006.test.mjs","pid":2832,"parentPid":2823,"type":"runner:file-start","elapsedMs":168135.328908}
check	Run verification	2026-10-05T13:32:39.1514735Z runner: file lifecycle {"entryFile":"/home/runner/work/vibe-fs/vibe-fs/requirements/session-ontology/tests/006.test.mjs","type":"runner:file-drained","elapsedMs":168235.114585}
check	Run verification	2026-10-05T13:32:39.1548117Z runner: file lifecycle {"entryFile":"/home/runner/work/vibe-fs/vibe-fs/requirements/session-ontology/tests/007.test.mjs","pid":2832,"parentPid":2823,"type":"runner:file-start","elapsedMs":168237.903238}
check	Run verification	2026-10-05T13:32:39.2322110Z runner: file lifecycle {"entryFile":"/home/runner/work/vibe-fs/vibe-fs/requirements/session-ontology/tests/007.test.mjs","type":"runner:file-drained","elapsedMs":168313.170817}
check	Run verification	2026-10-05T13:32:39.2353670Z runner: file lifecycle {"entryFile":"/home/runner/work/vibe-fs/vibe-fs/requirements/session-ontology/tests/008.test.mjs","pid":2832,"parentPid":2823,"type":"runner:file-start","elapsedMs":168316.930276}
check	Run verification	2026-10-05T13:32:39.3174657Z runner: file lifecycle {"entryFile":"/home/runner/work/vibe-fs/vibe-fs/requirements/session-ontology/tests/008.test.mjs","type":"runner:file-drained","elapsedMs":168399.656694}
check	Run verification	2026-10-05T13:32:39.3186761Z runner: file lifecycle {"entryFile":"/home/runner/work/vibe-fs/vibe-fs/requirements/session-ontology/tests/009.test.mjs","pid":2832,"parentPid":2823,"type":"runner:file-start","elapsedMs":168402.473249}
check	Run verification	2026-10-05T13:32:39.3881381Z runner: file lifecycle {"entryFile":"/home/runner/work/vibe-fs/vibe-fs/requirements/session-ontology/tests/009.test.mjs","type":"runner:file-drained","elapsedMs":168465.271692}
check	Run verification	2026-10-05T13:32:39.3883426Z runner: file lifecycle {"entryFile":"/home/runner/work/vibe-fs/vibe-fs/requirements/session-ontology/tests/010.test.mjs","pid":2832,"parentPid":2823,"type":"runner:file-start","elapsedMs":168467.835917}
check	Run verification	2026-10-05T13:32:39.4474901Z runner: file lifecycle {"entryFile":"/home/runner/work/vibe-fs/vibe-fs/requirements/session-ontology/tests/010.test.mjs","type":"runner:file-drained","elapsedMs":168531.188297}
check	Run verification	2026-10-05T13:32:39.4521625Z runner: file lifecycle {"entryFile":"/home/runner/work/vibe-fs/vibe-fs/requirements/session-ontology/tests/011.test.mjs","pid":2832,"parentPid":2823,"type":"runner:file-start","elapsedMs":168535.90695499998}
check	Run verification	2026-10-05T13:32:39.4952885Z runner: file lifecycle {"entryFile":"/home/runner/work/vibe-fs/vibe-fs/requirements/session-ontology/tests/011.test.mjs","type":"runner:file-drained","elapsedMs":168576.797996}
check	Run verification	2026-10-05T13:32:39.4972935Z runner: file lifecycle {"entryFile":"/home/runner/work/vibe-fs/vibe-fs/requirements/session-ontology/tests/012.test.mjs","pid":2832,"parentPid":2823,"type":"runner:file-start","elapsedMs":168580.539478}
check	Run verification	2026-10-05T13:32:39.5565590Z runner: file lifecycle {"entryFile":"/home/runner/work/vibe-fs/vibe-fs/requirements/session-ontology/tests/012.test.mjs","type":"runner:file-drained","elapsedMs":168640.23828}
check	Run verification	2026-10-05T13:32:39.5591937Z runner: file lifecycle {"entryFile":"/home/runner/work/vibe-fs/vibe-fs/requirements/session-ontology/tests/014.test.mjs","pid":2832,"parentPid":2823,"type":"runner:file-start","elapsedMs":168642.889575}
check	Run verification	2026-10-05T13:32:39.6023129Z runner: file lifecycle {"entryFile":"/home/runner/work/vibe-fs/vibe-fs/requirements/session-ontology/tests/014.test.mjs","type":"runner:file-drained","elapsedMs":168685.872695}
check	Run verification	2026-10-05T13:32:39.6045463Z runner: file lifecycle {"entryFile":"/home/runner/work/vibe-fs/vibe-fs/requirements/speculative-investigation/tests/001.test.mjs","pid":2832,"parentPid":2823,"type":"runner:file-start","elapsedMs":168688.290988}
check	Run verification	2026-10-05T13:32:39.8317117Z runner: file lifecycle {"entryFile":"/home/runner/work/vibe-fs/vibe-fs/requirements/speculative-investigation/tests/001.test.mjs","type":"runner:file-drained","elapsedMs":168915.383402}
check	Run verification	2026-10-05T13:32:39.8349531Z runner: file lifecycle {"entryFile":"/home/runner/work/vibe-fs/vibe-fs/requirements/speculative-investigation/tests/002.test.mjs","pid":2832,"parentPid":2823,"type":"runner:file-start","elapsedMs":168917.727404}
check	Run verification	2026-10-05T13:32:40.4350672Z runner: file lifecycle {"entryFile":"/home/runner/work/vibe-fs/vibe-fs/requirements/speculative-investigation/tests/002.test.mjs","type":"runner:file-drained","elapsedMs":169518.746815}
check	Run verification	2026-10-05T13:32:40.4373600Z runner: file lifecycle {"entryFile":"/home/runner/work/vibe-fs/vibe-fs/requirements/speculative-investigation/tests/003.test.mjs","pid":2832,"parentPid":2823,"type":"runner:file-start","elapsedMs":169520.982735}
check	Run verification	2026-10-05T13:32:40.6476124Z runner: file lifecycle {"entryFile":"/home/runner/work/vibe-fs/vibe-fs/requirements/speculative-investigation/tests/003.test.mjs","type":"runner:file-drained","elapsedMs":169730.20746}
check	Run verification	2026-10-05T13:32:40.6492870Z runner: file lifecycle {"entryFile":"/home/runner/work/vibe-fs/vibe-fs/requirements/speculative-investigation/tests/004.test.mjs","pid":2832,"parentPid":2823,"type":"runner:file-start","elapsedMs":169732.631883}
check	Run verification	2026-10-05T13:32:40.9644097Z runner: file lifecycle {"entryFile":"/home/runner/work/vibe-fs/vibe-fs/requirements/speculative-investigation/tests/004.test.mjs","type":"runner:file-drained","elapsedMs":170048.04396}
check	Run verification	2026-10-05T13:32:40.9672551Z runner: file lifecycle {"entryFile":"/home/runner/work/vibe-fs/vibe-fs/requirements/speculative-investigation/tests/005.test.mjs","pid":2832,"parentPid":2823,"type":"runner:file-start","elapsedMs":170050.88521}
check	Run verification	2026-10-05T13:32:41.2984562Z runner: file lifecycle {"entryFile":"/home/runner/work/vibe-fs/vibe-fs/requirements/speculative-investigation/tests/005.test.mjs","type":"runner:file-drained","elapsedMs":170380.226567}
check	Run verification	2026-10-05T13:32:41.3012368Z runner: file lifecycle {"entryFile":"/home/runner/work/vibe-fs/vibe-fs/requirements/speculative-investigation/tests/006.test.mjs","pid":2832,"parentPid":2823,"type":"runner:file-start","elapsedMs":170384.194226}
check	Run verification	2026-10-05T13:32:41.6163631Z runner: file lifecycle {"entryFile":"/home/runner/work/vibe-fs/vibe-fs/requirements/speculative-investigation/tests/006.test.mjs","type":"runner:file-drained","elapsedMs":170699.960346}
check	Run verification	2026-10-05T13:32:41.6190181Z runner: file lifecycle {"entryFile":"/home/runner/work/vibe-fs/vibe-fs/requirements/speculative-investigation/tests/007.test.mjs","pid":2832,"parentPid":2823,"type":"runner:file-start","elapsedMs":170702.760385}
check	Run verification	2026-10-05T13:32:41.8961299Z runner: file lifecycle {"entryFile":"/home/runner/work/vibe-fs/vibe-fs/requirements/speculative-investigation/tests/007.test.mjs","type":"runner:file-drained","elapsedMs":170978.58364599998}
check	Run verification	2026-10-05T13:32:41.8973280Z runner: file lifecycle {"entryFile":"/home/runner/work/vibe-fs/vibe-fs/requirements/speculative-investigation/tests/008.test.mjs","pid":2832,"parentPid":2823,"type":"runner:file-start","elapsedMs":170981.088}
check	Run verification	2026-10-05T13:32:42.2213000Z runner: file lifecycle {"entryFile":"/home/runner/work/vibe-fs/vibe-fs/requirements/speculative-investigation/tests/008.test.mjs","type":"runner:file-drained","elapsedMs":171304.927846}
check	Run verification	2026-10-05T13:32:42.2236201Z runner: file lifecycle {"entryFile":"/home/runner/work/vibe-fs/vibe-fs/requirements/speculative-investigation/tests/009.test.mjs","pid":2832,"parentPid":2823,"type":"runner:file-start","elapsedMs":171307.328944}
check	Run verification	2026-10-05T13:32:42.3804644Z runner: file lifecycle {"entryFile":"/home/runner/work/vibe-fs/vibe-fs/requirements/requirement-grounding/tests/007.test.mjs","type":"runner:file-drained","elapsedMs":171464.112868}
check	Run verification	2026-10-05T13:32:42.3823736Z runner: file lifecycle {"entryFile":"/home/runner/work/vibe-fs/vibe-fs/requirements/speculative-investigation/tests/010.test.mjs","pid":2832,"parentPid":2823,"type":"runner:file-start","elapsedMs":171466.114514}
check	Run verification	2026-10-05T13:32:42.5555840Z runner: file lifecycle {"entryFile":"/home/runner/work/vibe-fs/vibe-fs/requirements/speculative-investigation/tests/010.test.mjs","type":"runner:file-drained","elapsedMs":171639.335046}
check	Run verification	2026-10-05T13:32:42.5580555Z runner: file lifecycle {"entryFile":"/home/runner/work/vibe-fs/vibe-fs/requirements/speculative-investigation/tests/011.test.mjs","pid":2832,"parentPid":2823,"type":"runner:file-start","elapsedMs":171641.804577}
check	Run verification	2026-10-05T13:32:43.1679057Z runner: file lifecycle {"entryFile":"/home/runner/work/vibe-fs/vibe-fs/requirements/speculative-investigation/tests/011.test.mjs","type":"runner:file-drained","elapsedMs":172249.31144299998}
check	Run verification	2026-10-05T13:32:43.1702664Z runner: file lifecycle {"entryFile":"/home/runner/work/vibe-fs/vibe-fs/requirements/speculative-investigation/tests/012.test.mjs","pid":2832,"parentPid":2823,"type":"runner:file-start","elapsedMs":172251.669016}
check	Run verification	2026-10-05T13:32:43.5652534Z runner: file lifecycle {"entryFile":"/home/runner/work/vibe-fs/vibe-fs/requirements/speculative-investigation/tests/009.test.mjs","type":"runner:file-drained","elapsedMs":172648.606331}
check	Run verification	2026-10-05T13:32:43.5708494Z runner: file lifecycle {"entryFile":"/home/runner/work/vibe-fs/vibe-fs/requirements/speculative-investigation/tests/013.test.mjs","pid":2832,"parentPid":2823,"type":"runner:file-start","elapsedMs":172651.612571}
check	Run verification	2026-10-05T13:32:43.7440762Z runner: file lifecycle {"entryFile":"/home/runner/work/vibe-fs/vibe-fs/requirements/speculative-investigation/tests/012.test.mjs","type":"runner:file-drained","elapsedMs":172827.753763}
check	Run verification	2026-10-05T13:32:43.7460740Z runner: file lifecycle {"entryFile":"/home/runner/work/vibe-fs/vibe-fs/requirements/speculative-investigation/tests/014.test.mjs","pid":2832,"parentPid":2823,"type":"runner:file-start","elapsedMs":172829.848681}
check	Run verification	2026-10-05T13:32:43.8988788Z runner: file lifecycle {"entryFile":"/home/runner/work/vibe-fs/vibe-fs/requirements/speculative-investigation/tests/014.test.mjs","type":"runner:file-drained","elapsedMs":172982.536942}
check	Run verification	2026-10-05T13:32:43.9007951Z runner: file lifecycle {"entryFile":"/home/runner/work/vibe-fs/vibe-fs/requirements/speculative-investigation/tests/015.test.mjs","pid":2832,"parentPid":2823,"type":"runner:file-start","elapsedMs":172984.573101}
check	Run verification	2026-10-05T13:32:44.7329556Z runner: file lifecycle {"entryFile":"/home/runner/work/vibe-fs/vibe-fs/requirements/speculative-investigation/tests/015.test.mjs","type":"runner:file-drained","elapsedMs":173816.609196}
check	Run verification	2026-10-05T13:32:44.7363894Z runner: file lifecycle {"entryFile":"/home/runner/work/vibe-fs/vibe-fs/requirements/speculative-investigation/tests/016.test.mjs","pid":2832,"parentPid":2823,"type":"runner:file-start","elapsedMs":173819.131907}
check	Run verification	2026-10-05T13:32:45.3487467Z runner: file lifecycle {"entryFile":"/home/runner/work/vibe-fs/vibe-fs/requirements/speculative-investigation/tests/016.test.mjs","type":"runner:file-drained","elapsedMs":174432.373223}
check	Run verification	2026-10-05T13:32:45.3509734Z runner: file lifecycle {"entryFile":"/home/runner/work/vibe-fs/vibe-fs/requirements/speculative-investigation/tests/020.test.mjs","pid":2832,"parentPid":2823,"type":"runner:file-start","elapsedMs":174434.731506}
check	Run verification	2026-10-05T13:32:45.6593443Z runner: file lifecycle {"entryFile":"/home/runner/work/vibe-fs/vibe-fs/requirements/speculative-investigation/tests/020.test.mjs","type":"runner:file-drained","elapsedMs":174743.019391}
check	Run verification	2026-10-05T13:32:45.6613981Z runner: file lifecycle {"entryFile":"/home/runner/work/vibe-fs/vibe-fs/requirements/sphinx-v2/tests/001.test.mjs","pid":2832,"parentPid":2823,"type":"runner:file-start","elapsedMs":174745.168931}
check	Run verification	2026-10-05T13:32:45.9004667Z runner: file lifecycle {"entryFile":"/home/runner/work/vibe-fs/vibe-fs/requirements/sphinx-v2/tests/001.test.mjs","type":"runner:file-drained","elapsedMs":174984.096888}
check	Run verification	2026-10-05T13:32:45.9025150Z runner: file lifecycle {"entryFile":"/home/runner/work/vibe-fs/vibe-fs/requirements/sphinx-v2/tests/002.test.mjs","pid":2832,"parentPid":2823,"type":"runner:file-start","elapsedMs":174986.268901}
check	Run verification	2026-10-05T13:32:45.9803694Z runner: file lifecycle {"entryFile":"/home/runner/work/vibe-fs/vibe-fs/requirements/sphinx-v2/tests/002.test.mjs","type":"runner:file-drained","elapsedMs":175064.04400999998}
check	Run verification	2026-10-05T13:32:45.9825656Z runner: file lifecycle {"entryFile":"/home/runner/work/vibe-fs/vibe-fs/requirements/sphinx-v2/tests/004.test.mjs","pid":2832,"parentPid":2823,"type":"runner:file-start","elapsedMs":175066.30537699998}
check	Run verification	2026-10-05T13:32:46.0516377Z runner: file lifecycle {"entryFile":"/home/runner/work/vibe-fs/vibe-fs/requirements/sphinx-v2/tests/004.test.mjs","type":"runner:file-drained","elapsedMs":175134.521761}
check	Run verification	2026-10-05T13:32:46.0524311Z runner: file lifecycle {"entryFile":"/home/runner/work/vibe-fs/vibe-fs/requirements/sphinx-v2/tests/010.test.mjs","pid":2832,"parentPid":2823,"type":"runner:file-start","elapsedMs":175136.090225}
check	Run verification	2026-10-05T13:32:46.1174660Z runner: file lifecycle {"entryFile":"/home/runner/work/vibe-fs/vibe-fs/requirements/sphinx-v2/tests/010.test.mjs","type":"runner:file-drained","elapsedMs":175200.28537}
check	Run verification	2026-10-05T13:32:46.1185644Z runner: file lifecycle {"entryFile":"/home/runner/work/vibe-fs/vibe-fs/requirements/sphinx-v2/tests/011.test.mjs","pid":2832,"parentPid":2823,"type":"runner:file-start","elapsedMs":175202.356952}
check	Run verification	2026-10-05T13:32:46.3233329Z runner: file lifecycle {"entryFile":"/home/runner/work/vibe-fs/vibe-fs/requirements/sphinx-v2/tests/011.test.mjs","type":"runner:file-drained","elapsedMs":175406.227441}
check	Run verification	2026-10-05T13:32:46.3246349Z runner: file lifecycle {"entryFile":"/home/runner/work/vibe-fs/vibe-fs/requirements/sphinx-v2/tests/012.test.mjs","pid":2832,"parentPid":2823,"type":"runner:file-start","elapsedMs":175408.383551}
check	Run verification	2026-10-05T13:32:46.3598627Z runner: file lifecycle {"entryFile":"/home/runner/work/vibe-fs/vibe-fs/requirements/sphinx-v2/tests/012.test.mjs","type":"runner:file-drained","elapsedMs":175442.90501}
check	Run verification	2026-10-05T13:32:46.3616396Z runner: file lifecycle {"entryFile":"/home/runner/work/vibe-fs/vibe-fs/requirements/sphinx-v2/tests/013.test.mjs","pid":2832,"parentPid":2823,"type":"runner:file-start","elapsedMs":175445.404688}
check	Run verification	2026-10-05T13:32:46.4240470Z runner: file lifecycle {"entryFile":"/home/runner/work/vibe-fs/vibe-fs/requirements/sphinx-v2/tests/013.test.mjs","type":"runner:file-drained","elapsedMs":175507.725268}
check	Run verification	2026-10-05T13:32:46.4259501Z runner: file lifecycle {"entryFile":"/home/runner/work/vibe-fs/vibe-fs/requirements/sphinx-v2/tests/014.test.mjs","pid":2832,"parentPid":2823,"type":"runner:file-start","elapsedMs":175509.734656}
check	Run verification	2026-10-05T13:32:46.5164475Z runner: file lifecycle {"entryFile":"/home/runner/work/vibe-fs/vibe-fs/requirements/sphinx-v2/tests/014.test.mjs","type":"runner:file-drained","elapsedMs":175598.928901}
check	Run verification	2026-10-05T13:32:46.5180263Z runner: file lifecycle {"entryFile":"/home/runner/work/vibe-fs/vibe-fs/requirements/sphinx-v2/tests/017.test.mjs","pid":2832,"parentPid":2823,"type":"runner:file-start","elapsedMs":175601.819497}
check	Run verification	2026-10-05T13:32:46.8399181Z runner: file lifecycle {"entryFile":"/home/runner/work/vibe-fs/vibe-fs/requirements/sphinx-v2/tests/017.test.mjs","type":"runner:file-drained","elapsedMs":175923.606233}
check	Run verification	2026-10-05T13:32:46.8434801Z runner: file lifecycle {"entryFile":"/home/runner/work/vibe-fs/vibe-fs/requirements/sphinx-v2/tests/018.test.mjs","pid":2832,"parentPid":2823,"type":"runner:file-start","elapsedMs":175927.238717}
check	Run verification	2026-10-05T13:32:46.9408970Z runner: file lifecycle {"entryFile":"/home/runner/work/vibe-fs/vibe-fs/requirements/sphinx-v2/tests/018.test.mjs","type":"runner:file-drained","elapsedMs":176023.854085}
check	Run verification	2026-10-05T13:32:46.9474759Z runner: file lifecycle {"entryFile":"/home/runner/work/vibe-fs/vibe-fs/requirements/sphinx-v2/tests/019.test.mjs","pid":2832,"parentPid":2823,"type":"runner:file-start","elapsedMs":176030.262922}
check	Run verification	2026-10-05T13:32:46.9565056Z runner: file lifecycle {"entryFile":"/home/runner/work/vibe-fs/vibe-fs/requirements/speculative-investigation/tests/013.test.mjs","type":"runner:file-drained","elapsedMs":176040.285645}
check	Run verification	2026-10-05T13:32:46.9590541Z runner: file lifecycle {"entryFile":"/home/runner/work/vibe-fs/vibe-fs/requirements/sphinx-v2/tests/020.test.mjs","pid":2832,"parentPid":2823,"type":"runner:file-start","elapsedMs":176042.882459}
check	Run verification	2026-10-05T13:32:47.3492944Z runner: file lifecycle {"entryFile":"/home/runner/work/vibe-fs/vibe-fs/requirements/sphinx-v2/tests/020.test.mjs","type":"runner:file-drained","elapsedMs":176432.037322}
check	Run verification	2026-10-05T13:32:47.3526172Z runner: file lifecycle {"entryFile":"/home/runner/work/vibe-fs/vibe-fs/requirements/sphinx-v2/tests/021.test.mjs","pid":2832,"parentPid":2823,"type":"runner:file-start","elapsedMs":176436.36314}
check	Run verification	2026-10-05T13:32:47.4323288Z runner: file lifecycle {"entryFile":"/home/runner/work/vibe-fs/vibe-fs/requirements/sphinx-v2/tests/021.test.mjs","type":"runner:file-drained","elapsedMs":176515.372959}
check	Run verification	2026-10-05T13:32:47.4339211Z runner: file lifecycle {"entryFile":"/home/runner/work/vibe-fs/vibe-fs/requirements/sphinx-v2/tests/022.test.mjs","pid":2832,"parentPid":2823,"type":"runner:file-start","elapsedMs":176517.674207}
check	Run verification	2026-10-05T13:32:47.4720321Z runner: file lifecycle {"entryFile":"/home/runner/work/vibe-fs/vibe-fs/requirements/sphinx-v2/tests/022.test.mjs","type":"runner:file-drained","elapsedMs":176555.68618699998}
check	Run verification	2026-10-05T13:32:47.4745610Z runner: file lifecycle {"entryFile":"/home/runner/work/vibe-fs/vibe-fs/requirements/sphinx-v2/tests/023.test.mjs","pid":2832,"parentPid":2823,"type":"runner:file-start","elapsedMs":176558.277031}
check	Run verification	2026-10-05T13:32:47.5635820Z runner: file lifecycle {"entryFile":"/home/runner/work/vibe-fs/vibe-fs/requirements/sphinx-v2/tests/023.test.mjs","type":"runner:file-drained","elapsedMs":176647.223733}
check	Run verification	2026-10-05T13:32:47.5668137Z runner: file lifecycle {"entryFile":"/home/runner/work/vibe-fs/vibe-fs/requirements/sphinx-v2/tests/025.test.mjs","pid":2832,"parentPid":2823,"type":"runner:file-start","elapsedMs":176650.54594}
check	Run verification	2026-10-05T13:32:47.6446753Z runner: file lifecycle {"entryFile":"/home/runner/work/vibe-fs/vibe-fs/requirements/sphinx-v2/tests/019.test.mjs","type":"runner:file-drained","elapsedMs":176728.31073199998}
check	Run verification	2026-10-05T13:32:47.6471819Z runner: file lifecycle {"entryFile":"/home/runner/work/vibe-fs/vibe-fs/requirements/sphinx-v2/tests/026.test.mjs","pid":2832,"parentPid":2823,"type":"runner:file-start","elapsedMs":176730.925222}
check	Run verification	2026-10-05T13:32:47.6612655Z runner: file lifecycle {"entryFile":"/home/runner/work/vibe-fs/vibe-fs/requirements/sphinx-v2/tests/025.test.mjs","type":"runner:file-drained","elapsedMs":176744.469261}
check	Run verification	2026-10-05T13:32:47.6625549Z runner: file lifecycle {"entryFile":"/home/runner/work/vibe-fs/vibe-fs/requirements/sphinx-v2/tests/029.test.mjs","pid":2832,"parentPid":2823,"type":"runner:file-start","elapsedMs":176746.351758}
check	Run verification	2026-10-05T13:32:47.7318086Z runner: file lifecycle {"entryFile":"/home/runner/work/vibe-fs/vibe-fs/requirements/sphinx-v2/tests/026.test.mjs","type":"runner:file-drained","elapsedMs":176815.517944}
check	Run verification	2026-10-05T13:32:47.7340585Z runner: file lifecycle {"entryFile":"/home/runner/work/vibe-fs/vibe-fs/requirements/sphinx-v2/tests/033.test.mjs","pid":2832,"parentPid":2823,"type":"runner:file-start","elapsedMs":176817.699872}
check	Run verification	2026-10-05T13:32:47.7400986Z runner: file lifecycle {"entryFile":"/home/runner/work/vibe-fs/vibe-fs/requirements/sphinx-v2/tests/029.test.mjs","type":"runner:file-drained","elapsedMs":176823.898232}
check	Run verification	2026-10-05T13:32:47.7423502Z runner: file lifecycle {"entryFile":"/home/runner/work/vibe-fs/vibe-fs/requirements/sphinx-v2/tests/034.test.mjs","pid":2832,"parentPid":2823,"type":"runner:file-start","elapsedMs":176826.19166799998}
check	Run verification	2026-10-05T13:32:47.8342781Z runner: file lifecycle {"entryFile":"/home/runner/work/vibe-fs/vibe-fs/requirements/sphinx-v2/tests/034.test.mjs","type":"runner:file-drained","elapsedMs":176917.625007}
check	Run verification	2026-10-05T13:32:47.8382491Z runner: file lifecycle {"entryFile":"/home/runner/work/vibe-fs/vibe-fs/requirements/sphinx-v2/tests/036.test.mjs","pid":2832,"parentPid":2823,"type":"runner:file-start","elapsedMs":176921.238453}
check	Run verification	2026-10-05T13:32:49.0066965Z runner: file lifecycle {"entryFile":"/home/runner/work/vibe-fs/vibe-fs/requirements/sphinx-v2/tests/033.test.mjs","type":"runner:file-drained","elapsedMs":178090.286527}
check	Run verification	2026-10-05T13:32:49.0090767Z runner: file lifecycle {"entryFile":"/home/runner/work/vibe-fs/vibe-fs/requirements/structured-workflow/tests/003.test.mjs","pid":2832,"parentPid":2823,"type":"runner:file-start","elapsedMs":178092.777841}
check	Run verification	2026-10-05T13:32:49.1083898Z runner: file lifecycle {"entryFile":"/home/runner/work/vibe-fs/vibe-fs/requirements/structured-workflow/tests/003.test.mjs","type":"runner:file-drained","elapsedMs":178191.352431}
check	Run verification	2026-10-05T13:32:49.1101466Z runner: file lifecycle {"entryFile":"/home/runner/work/vibe-fs/vibe-fs/requirements/structured-workflow/tests/004.test.mjs","pid":2832,"parentPid":2823,"type":"runner:file-start","elapsedMs":178193.907942}
check	Run verification	2026-10-05T13:32:49.2186512Z runner: file lifecycle {"entryFile":"/home/runner/work/vibe-fs/vibe-fs/requirements/structured-workflow/tests/004.test.mjs","type":"runner:file-drained","elapsedMs":178302.368801}
check	Run verification	2026-10-05T13:32:49.2214595Z runner: file lifecycle {"entryFile":"/home/runner/work/vibe-fs/vibe-fs/requirements/structured-workflow/tests/005.test.mjs","pid":2832,"parentPid":2823,"type":"runner:file-start","elapsedMs":178305.204143}
check	Run verification	2026-10-05T13:32:49.5270214Z runner: file lifecycle {"entryFile":"/home/runner/work/vibe-fs/vibe-fs/requirements/structured-workflow/tests/005.test.mjs","type":"runner:file-drained","elapsedMs":178610.683276}
check	Run verification	2026-10-05T13:32:49.5290085Z runner: file lifecycle {"entryFile":"/home/runner/work/vibe-fs/vibe-fs/requirements/structured-workflow/tests/006.test.mjs","pid":2832,"parentPid":2823,"type":"runner:file-start","elapsedMs":178612.819715}
check	Run verification	2026-10-05T13:32:49.7533138Z runner: file lifecycle {"entryFile":"/home/runner/work/vibe-fs/vibe-fs/requirements/sphinx-v2/tests/036.test.mjs","type":"runner:file-drained","elapsedMs":178836.705967}
check	Run verification	2026-10-05T13:32:49.7554169Z runner: file lifecycle {"entryFile":"/home/runner/work/vibe-fs/vibe-fs/requirements/structured-workflow/tests/009.test.mjs","pid":2832,"parentPid":2823,"type":"runner:file-start","elapsedMs":178839.188057}
check	Run verification	2026-10-05T13:32:49.7903224Z runner: file lifecycle {"entryFile":"/home/runner/work/vibe-fs/vibe-fs/requirements/structured-workflow/tests/006.test.mjs","type":"runner:file-drained","elapsedMs":178873.91064}
check	Run verification	2026-10-05T13:32:49.7930308Z runner: file lifecycle {"entryFile":"/home/runner/work/vibe-fs/vibe-fs/requirements/structured-workflow/tests/010.test.mjs","pid":2832,"parentPid":2823,"type":"runner:file-start","elapsedMs":178876.192178}
check	Run verification	2026-10-05T13:32:49.8392905Z runner: file lifecycle {"entryFile":"/home/runner/work/vibe-fs/vibe-fs/requirements/structured-workflow/tests/009.test.mjs","type":"runner:file-drained","elapsedMs":178922.863696}
check	Run verification	2026-10-05T13:32:49.8415222Z runner: file lifecycle {"entryFile":"/home/runner/work/vibe-fs/vibe-fs/requirements/structured-workflow/tests/011.test.mjs","pid":2832,"parentPid":2823,"type":"runner:file-start","elapsedMs":178925.309382}
check	Run verification	2026-10-05T13:32:50.0025254Z runner: file lifecycle {"entryFile":"/home/runner/work/vibe-fs/vibe-fs/requirements/structured-workflow/tests/011.test.mjs","type":"runner:file-drained","elapsedMs":179086.286817}
check	Run verification	2026-10-05T13:32:50.0043767Z runner: file lifecycle {"entryFile":"/home/runner/work/vibe-fs/vibe-fs/requirements/structured-workflow/tests/012.test.mjs","pid":2832,"parentPid":2823,"type":"runner:file-start","elapsedMs":179088.212678}
check	Run verification	2026-10-05T13:32:50.2409228Z runner: file lifecycle {"entryFile":"/home/runner/work/vibe-fs/vibe-fs/requirements/structured-workflow/tests/010.test.mjs","type":"runner:file-drained","elapsedMs":179324.638166}
check	Run verification	2026-10-05T13:32:50.2442696Z runner: file lifecycle {"entryFile":"/home/runner/work/vibe-fs/vibe-fs/requirements/structured-workflow/tests/013.test.mjs","pid":2832,"parentPid":2823,"type":"runner:file-start","elapsedMs":179327.198374}
check	Run verification	2026-10-05T13:32:50.3986231Z runner: file lifecycle {"entryFile":"/home/runner/work/vibe-fs/vibe-fs/requirements/structured-workflow/tests/013.test.mjs","type":"runner:file-drained","elapsedMs":179480.24043}
check	Run verification	2026-10-05T13:32:50.4003567Z runner: file lifecycle {"entryFile":"/home/runner/work/vibe-fs/vibe-fs/requirements/structured-workflow/tests/014.test.mjs","pid":2832,"parentPid":2823,"type":"runner:file-start","elapsedMs":179483.21635499998}
check	Run verification	2026-10-05T13:32:51.3288089Z runner: file lifecycle {"entryFile":"/home/runner/work/vibe-fs/vibe-fs/requirements/structured-workflow/tests/014.test.mjs","type":"runner:file-drained","elapsedMs":180412.518619}
check	Run verification	2026-10-05T13:32:51.3322873Z runner: file lifecycle {"entryFile":"/home/runner/work/vibe-fs/vibe-fs/requirements/structured-workflow/tests/015.test.mjs","pid":2832,"parentPid":2823,"type":"runner:file-start","elapsedMs":180414.868019}
check	Run verification	2026-10-05T13:32:51.4322362Z runner: file lifecycle {"entryFile":"/home/runner/work/vibe-fs/vibe-fs/requirements/structured-workflow/tests/015.test.mjs","type":"runner:file-drained","elapsedMs":180515.455903}
check	Run verification	2026-10-05T13:32:51.4342049Z runner: file lifecycle {"entryFile":"/home/runner/work/vibe-fs/vibe-fs/requirements/structured-workflow/tests/016.test.mjs","pid":2832,"parentPid":2823,"type":"runner:file-start","elapsedMs":180517.975891}
check	Run verification	2026-10-05T13:32:51.4734232Z runner: file lifecycle {"entryFile":"/home/runner/work/vibe-fs/vibe-fs/requirements/structured-workflow/tests/016.test.mjs","type":"runner:file-drained","elapsedMs":180556.191708}
check	Run verification	2026-10-05T13:32:51.4749355Z runner: file lifecycle {"entryFile":"/home/runner/work/vibe-fs/vibe-fs/requirements/structured-workflow/tests/018.test.mjs","pid":2832,"parentPid":2823,"type":"runner:file-start","elapsedMs":180558.687529}
check	Run verification	2026-10-05T13:32:51.5105176Z runner: file lifecycle {"entryFile":"/home/runner/work/vibe-fs/vibe-fs/requirements/structured-workflow/tests/018.test.mjs","type":"runner:file-drained","elapsedMs":180594.242687}
check	Run verification	2026-10-05T13:32:51.5142984Z runner: file lifecycle {"entryFile":"/home/runner/work/vibe-fs/vibe-fs/requirements/structured-workflow/tests/019.test.mjs","pid":2832,"parentPid":2823,"type":"runner:file-start","elapsedMs":180597.19897199998}
check	Run verification	2026-10-05T13:32:51.5641015Z runner: file lifecycle {"entryFile":"/home/runner/work/vibe-fs/vibe-fs/requirements/structured-workflow/tests/019.test.mjs","type":"runner:file-drained","elapsedMs":180647.79669699998}
check	Run verification	2026-10-05T13:32:51.5662802Z runner: file lifecycle {"entryFile":"/home/runner/work/vibe-fs/vibe-fs/requirements/time-capability/tests/001.test.mjs","pid":2832,"parentPid":2823,"type":"runner:file-start","elapsedMs":180649.671642}
check	Run verification	2026-10-05T13:32:51.5923151Z runner: file lifecycle {"entryFile":"/home/runner/work/vibe-fs/vibe-fs/requirements/structured-workflow/tests/012.test.mjs","type":"runner:file-drained","elapsedMs":180675.330828}
check	Run verification	2026-10-05T13:32:51.5944324Z runner: file lifecycle {"entryFile":"/home/runner/work/vibe-fs/vibe-fs/requirements/time-capability/tests/002.test.mjs","pid":2832,"parentPid":2823,"type":"runner:file-start","elapsedMs":180678.194463}
check	Run verification	2026-10-05T13:32:51.6403851Z runner: file lifecycle {"entryFile":"/home/runner/work/vibe-fs/vibe-fs/requirements/time-capability/tests/002.test.mjs","type":"runner:file-drained","elapsedMs":180724.118544}
check	Run verification	2026-10-05T13:32:51.6422679Z runner: file lifecycle {"entryFile":"/home/runner/work/vibe-fs/vibe-fs/requirements/time-capability/tests/003.test.mjs","pid":2832,"parentPid":2823,"type":"runner:file-start","elapsedMs":180726.061142}
check	Run verification	2026-10-05T13:32:51.6428181Z runner: file lifecycle {"entryFile":"/home/runner/work/vibe-fs/vibe-fs/requirements/time-capability/tests/001.test.mjs","type":"runner:file-drained","elapsedMs":180726.704842}
check	Run verification	2026-10-05T13:32:51.6446250Z runner: file lifecycle {"entryFile":"/home/runner/work/vibe-fs/vibe-fs/requirements/time-capability/tests/004.test.mjs","pid":2832,"parentPid":2823,"type":"runner:file-start","elapsedMs":180728.480117}
check	Run verification	2026-10-05T13:32:51.7287060Z runner: file lifecycle {"entryFile":"/home/runner/work/vibe-fs/vibe-fs/requirements/time-capability/tests/003.test.mjs","type":"runner:file-drained","elapsedMs":180811.476844}
check	Run verification	2026-10-05T13:32:51.7297210Z runner: file lifecycle {"entryFile":"/home/runner/work/vibe-fs/vibe-fs/requirements/time-capability/tests/005.test.mjs","pid":2832,"parentPid":2823,"type":"runner:file-start","elapsedMs":180813.539612}
check	Run verification	2026-10-05T13:32:51.7976133Z runner: file lifecycle {"entryFile":"/home/runner/work/vibe-fs/vibe-fs/requirements/time-capability/tests/004.test.mjs","type":"runner:file-drained","elapsedMs":180881.392128}
check	Run verification	2026-10-05T13:32:51.8012696Z runner: file lifecycle {"entryFile":"/home/runner/work/vibe-fs/vibe-fs/requirements/time-capability/tests/006.test.mjs","pid":2832,"parentPid":2823,"type":"runner:file-start","elapsedMs":180883.851524}
check	Run verification	2026-10-05T13:32:51.8059202Z runner: file lifecycle {"entryFile":"/home/runner/work/vibe-fs/vibe-fs/requirements/time-capability/tests/005.test.mjs","type":"runner:file-drained","elapsedMs":180889.752567}
check	Run verification	2026-10-05T13:32:51.8082702Z runner: file lifecycle {"entryFile":"/home/runner/work/vibe-fs/vibe-fs/requirements/time-capability/tests/007.test.mjs","pid":2832,"parentPid":2823,"type":"runner:file-start","elapsedMs":180891.629024}
check	Run verification	2026-10-05T13:32:51.8865287Z runner: file lifecycle {"entryFile":"/home/runner/work/vibe-fs/vibe-fs/requirements/time-capability/tests/007.test.mjs","type":"runner:file-drained","elapsedMs":180970.27875}
check	Run verification	2026-10-05T13:32:51.8884130Z runner: file lifecycle {"entryFile":"/home/runner/work/vibe-fs/vibe-fs/requirements/time-capability/tests/008.test.mjs","pid":2832,"parentPid":2823,"type":"runner:file-start","elapsedMs":180972.222558}
check	Run verification	2026-10-05T13:32:51.8890317Z runner: file lifecycle {"entryFile":"/home/runner/work/vibe-fs/vibe-fs/requirements/time-capability/tests/006.test.mjs","type":"runner:file-drained","elapsedMs":180972.894141}
check	Run verification	2026-10-05T13:32:51.8911667Z runner: file lifecycle {"entryFile":"/home/runner/work/vibe-fs/vibe-fs/requirements/verification-system/tests/002.test.mjs","pid":2832,"parentPid":2823,"type":"runner:file-start","elapsedMs":180974.71267}
check	Run verification	2026-10-05T13:32:51.9295773Z runner: file lifecycle {"entryFile":"/home/runner/work/vibe-fs/vibe-fs/requirements/verification-system/tests/002.test.mjs","type":"runner:file-drained","elapsedMs":181013.258972}
check	Run verification	2026-10-05T13:32:51.9314055Z runner: file lifecycle {"entryFile":"/home/runner/work/vibe-fs/vibe-fs/requirements/verification-system/tests/003.test.mjs","pid":2832,"parentPid":2823,"type":"runner:file-start","elapsedMs":181014.45653599998}
check	Run verification	2026-10-05T13:32:52.0102667Z runner: file lifecycle {"entryFile":"/home/runner/work/vibe-fs/vibe-fs/requirements/time-capability/tests/008.test.mjs","type":"runner:file-drained","elapsedMs":181093.918959}
check	Run verification	2026-10-05T13:32:52.0124601Z runner: file lifecycle {"entryFile":"/home/runner/work/vibe-fs/vibe-fs/requirements/verification-system/tests/004.test.mjs","pid":2832,"parentPid":2823,"type":"runner:file-start","elapsedMs":181096.206005}
check	Run verification	2026-10-05T13:32:52.0732411Z js-boundary-gate: 2 violation(s) across 1 file(s)
check	Run verification	2026-10-05T13:32:52.0759898Z   ../../../../../tmp/boundary-gate-red-6AU5fa/requirements/sample-pkg/tests/debt.test.mjs:1 [deep-dist-import] import * as mod from '../../../dist/Internal/UnregisteredModule.js'
check	Run verification	2026-10-05T13:32:52.0761667Z   ../../../../../tmp/boundary-gate-red-6AU5fa/requirements/sample-pkg/tests/debt.test.mjs:2 [export-discovery] const names = Object.keys(mod)
check	Run verification	2026-10-05T13:32:52.0775680Z js-boundary-gate: 1 violation(s) across 1 file(s)
check	Run verification	2026-10-05T13:32:52.0777270Z   ../../../../../tmp/boundary-environment-cs0jvr/requirements/sample/tests/001.test.mjs:3 [mangled-lookup] const name = 'Example__run'; name.startsWith('Example__')
check	Run verification	2026-10-05T13:32:52.0814286Z js-boundary-gate: 1 violation(s) across 1 file(s)
check	Run verification	2026-10-05T13:32:52.0815616Z   ../../../../../tmp/boundary-environment-cs0jvr/requirements/sample/tests/001.test.mjs:3 [mangled-lookup] const name = '_Method'; name.endsWith('_Method')
check	Run verification	2026-10-05T13:32:52.0826042Z js-boundary-gate: 1 violation(s) across 1 file(s)
check	Run verification	2026-10-05T13:32:52.0827287Z   ../../../../../tmp/boundary-environment-cs0jvr/requirements/sample/tests/001.test.mjs:3 [mangled-lookup] Object.keys(process.env).filter((env) => { const name = 'Example__run'; return name.startsWith('Example__') })
check	Run verification	2026-10-05T13:32:52.0899516Z runner: file lifecycle {"entryFile":"/home/runner/work/vibe-fs/vibe-fs/requirements/verification-system/tests/004.test.mjs","type":"runner:file-drained","elapsedMs":181173.813715}
check	Run verification	2026-10-05T13:32:52.0924558Z runner: file lifecycle {"entryFile":"/home/runner/work/vibe-fs/vibe-fs/requirements/verification-system/tests/005.test.mjs","pid":2832,"parentPid":2823,"type":"runner:file-start","elapsedMs":181176.288913}
check	Run verification	2026-10-05T13:32:52.1650377Z runner: file lifecycle {"entryFile":"/home/runner/work/vibe-fs/vibe-fs/requirements/verification-system/tests/003.test.mjs","type":"runner:file-drained","elapsedMs":181248.792793}
check	Run verification	2026-10-05T13:32:52.1702133Z runner: file lifecycle {"entryFile":"/home/runner/work/vibe-fs/vibe-fs/requirements/verification-system/tests/006.test.mjs","pid":2832,"parentPid":2823,"type":"runner:file-start","elapsedMs":181252.267979}
check	Run verification	2026-10-05T13:32:54.2158258Z check.mjs: FAILED with 1 issue(s) across 1 gate(s)
check	Run verification	2026-10-05T13:32:54.2158505Z 
check	Run verification	2026-10-05T13:32:54.2160082Z Gate: /tmp/gate-failure-GCZyEl/gate.mjs (1 issue(s))
check	Run verification	2026-10-05T13:32:54.2160396Z   - [fail] controlled violation
check	Run verification	2026-10-05T13:32:54.2160541Z 
check	Run verification	2026-10-05T13:32:54.2162548Z check.mjs: fatal error: Cannot find module '/tmp/gate-failure-GCZyEl/missing.mjs' imported from /home/runner/work/vibe-fs/vibe-fs/scripts/check.mjs
check	Run verification	2026-10-05T13:32:54.2165424Z check.mjs: fatal error: controlled failure
check	Run verification	2026-10-05T13:32:54.2322956Z runner: file lifecycle {"entryFile":"/home/runner/work/vibe-fs/vibe-fs/requirements/verification-system/tests/005.test.mjs","type":"runner:file-drained","elapsedMs":183316.155795}
check	Run verification	2026-10-05T13:32:54.2341060Z runner: file lifecycle {"entryFile":"/home/runner/work/vibe-fs/vibe-fs/requirements/verification-system/tests/007.test.mjs","pid":2832,"parentPid":2823,"type":"runner:file-start","elapsedMs":183317.945311}
check	Run verification	2026-10-05T13:32:54.6418600Z runner: file lifecycle {"entryFile":"/home/runner/work/vibe-fs/vibe-fs/requirements/verification-system/tests/007.test.mjs","type":"runner:file-drained","elapsedMs":183725.446187}
check	Run verification	2026-10-05T13:32:54.6442920Z runner: file lifecycle {"entryFile":"/home/runner/work/vibe-fs/vibe-fs/requirements/verification-system/tests/008.test.mjs","pid":2832,"parentPid":2823,"type":"runner:file-start","elapsedMs":183727.715015}
check	Run verification	2026-10-05T13:32:57.0711135Z runner: file lifecycle {"entryFile":"/home/runner/work/vibe-fs/vibe-fs/requirements/verification-system/tests/008.test.mjs","type":"runner:file-drained","elapsedMs":186154.757037}
check	Run verification	2026-10-05T13:32:57.0729204Z runner: file lifecycle {"entryFile":"/home/runner/work/vibe-fs/vibe-fs/requirements/verification-system/tests/009.test.mjs","pid":2832,"parentPid":2823,"type":"runner:file-start","elapsedMs":186156.727796}
check	Run verification	2026-10-05T13:32:59.5407792Z runner: file lifecycle {"entryFile":"/home/runner/work/vibe-fs/vibe-fs/requirements/verification-system/tests/009.test.mjs","type":"runner:file-drained","elapsedMs":188624.34056799999}
check	Run verification	2026-10-05T13:32:59.5423939Z runner: file lifecycle {"entryFile":"/home/runner/work/vibe-fs/vibe-fs/requirements/verification-system/tests/010.test.mjs","pid":2832,"parentPid":2823,"type":"runner:file-start","elapsedMs":188626.248432}
check	Run verification	2026-10-05T13:32:59.7158230Z runner: file lifecycle {"entryFile":"/home/runner/work/vibe-fs/vibe-fs/requirements/verification-system/tests/010.test.mjs","type":"runner:file-drained","elapsedMs":188799.499262}
check	Run verification	2026-10-05T13:32:59.7179367Z runner: file lifecycle {"entryFile":"/home/runner/work/vibe-fs/vibe-fs/requirements/verification-system/tests/011.test.mjs","pid":2832,"parentPid":2823,"type":"runner:file-start","elapsedMs":188801.724965}
check	Run verification	2026-10-05T13:33:00.5270557Z coverage: c8 report generation failed
check	Run verification	2026-10-05T13:33:01.2880777Z coverage: unit tests failed (status 1)
check	Run verification	2026-10-05T13:33:01.4041330Z coverage: unit tests failed (status 1)
check	Run verification	2026-10-05T13:33:01.4266659Z coverage: raw coverage file is corrupted: coverage-corrupt.json (Unexpected token 'C', "CORRUPTED "... is not valid JSON)
check	Run verification	2026-10-05T13:33:01.5530791Z coverage: reported files do not match build receipt outputs
check	Run verification	2026-10-05T13:33:01.6797396Z coverage: input files changed during coverage run (INPUT_CHANGED):
check	Run verification	2026-10-05T13:33:01.6797959Z   compiler: e487865c7dd7fb159739d0073e418f1682703819a1704d034ccac3511438a206 -> e7bdc9cbcf64dc838db5e93ae8e07432d1355fdc64485764c74b3ab1dcba65f2
check	Run verification	2026-10-05T13:33:01.6798684Z   generated: e487865c7dd7fb159739d0073e418f1682703819a1704d034ccac3511438a206 -> e7bdc9cbcf64dc838db5e93ae8e07432d1355fdc64485764c74b3ab1dcba65f2
check	Run verification	2026-10-05T13:33:01.6799295Z   artifact: e487865c7dd7fb159739d0073e418f1682703819a1704d034ccac3511438a206 -> e7bdc9cbcf64dc838db5e93ae8e07432d1355fdc64485764c74b3ab1dcba65f2
check	Run verification	2026-10-05T13:33:01.6888844Z runner: file lifecycle {"entryFile":"/home/runner/work/vibe-fs/vibe-fs/requirements/verification-system/tests/011.test.mjs","type":"runner:file-drained","elapsedMs":190772.708858}
check	Run verification	2026-10-05T13:33:01.6907017Z runner: file lifecycle {"entryFile":"/home/runner/work/vibe-fs/vibe-fs/requirements/verification-system/tests/012.test.mjs","pid":2832,"parentPid":2823,"type":"runner:file-start","elapsedMs":190774.571295}
check	Run verification	2026-10-05T13:33:01.7278882Z runner: file lifecycle {"entryFile":"/home/runner/work/vibe-fs/vibe-fs/requirements/verification-system/tests/012.test.mjs","type":"runner:file-drained","elapsedMs":190811.67339399998}
check	Run verification	2026-10-05T13:33:01.7312915Z runner: file lifecycle {"entryFile":"/home/runner/work/vibe-fs/vibe-fs/requirements/verification-system/tests/014.test.mjs","pid":2832,"parentPid":2823,"type":"runner:file-start","elapsedMs":190814.237769}
check	Run verification	2026-10-05T13:33:01.9325978Z runner: file lifecycle {"entryFile":"/home/runner/work/vibe-fs/vibe-fs/requirements/verification-system/tests/014.test.mjs","type":"runner:file-drained","elapsedMs":191015.861416}
check	Run verification	2026-10-05T13:33:01.9354427Z runner: file lifecycle {"entryFile":"/home/runner/work/vibe-fs/vibe-fs/requirements/verification-system/tests/015.test.mjs","pid":2832,"parentPid":2823,"type":"runner:file-start","elapsedMs":191018.505911}
check	Run verification	2026-10-05T13:33:01.9849029Z runner: file lifecycle {"entryFile":"/home/runner/work/vibe-fs/vibe-fs/requirements/verification-system/tests/015.test.mjs","type":"runner:file-drained","elapsedMs":191068.677505}
check	Run verification	2026-10-05T13:33:01.9866554Z runner: file lifecycle {"entryFile":"/home/runner/work/vibe-fs/vibe-fs/requirements/verification-system/tests/016.test.mjs","pid":2832,"parentPid":2823,"type":"runner:file-start","elapsedMs":191070.518649}
check	Run verification	2026-10-05T13:33:02.0933601Z [verification-tool-phase] {"phase":"monitor-spawned","pid":12568,"parentPid":2832,"at":1791207182091,"monitorPid":12580,"executable":"/tmp/node-probe-success-namespace-J2vBoe/candidates/verification-archive-dSOcTX/toolchain/node/bin/node"}
check	Run verification	2026-10-05T13:33:02.1164870Z [verification-tool-phase] {"phase":"tool-spawned","pid":12580,"parentPid":12568,"at":1791207182114,"toolPid":12587,"executable":"/tmp/node-probe-success-namespace-J2vBoe/candidates/verification-archive-dSOcTX/toolchain/node/bin/node"}
check	Run verification	2026-10-05T13:33:02.1405430Z [verification-tool-phase] {"phase":"tool-exited","pid":12580,"parentPid":12568,"at":1791207182139,"toolPid":12587,"exitCode":0,"signal":null}
check	Run verification	2026-10-05T13:33:02.1478718Z [verification-tool-phase] {"phase":"group-drained","pid":12580,"parentPid":12568,"at":1791207182147,"toolPid":12587}
check	Run verification	2026-10-05T13:33:02.1512056Z [verification-tool-phase] {"phase":"monitor-closed","pid":12568,"parentPid":2832,"at":1791207182150,"monitorPid":12580,"exitCode":0,"signal":null}
check	Run verification	2026-10-05T13:33:02.1606849Z [verification-tool-phase] {"phase":"monitor-spawned","pid":12568,"parentPid":2832,"at":1791207182160,"monitorPid":12595,"executable":"/tmp/node-probe-success-namespace-98baJW/candidates/verification-archive-qE9u4L/toolchain/node/bin/node"}
check	Run verification	2026-10-05T13:33:02.1823393Z [verification-tool-phase] {"phase":"tool-spawned","pid":12595,"parentPid":12568,"at":1791207182181,"toolPid":12602,"executable":"/tmp/node-probe-success-namespace-98baJW/candidates/verification-archive-qE9u4L/toolchain/node/bin/node"}
check	Run verification	2026-10-05T13:33:02.2007310Z [verification-tool-phase] {"phase":"tool-exited","pid":12595,"parentPid":12568,"at":1791207182200,"toolPid":12602,"exitCode":0,"signal":null}
check	Run verification	2026-10-05T13:33:02.2079486Z [verification-tool-phase] {"phase":"group-drained","pid":12595,"parentPid":12568,"at":1791207182207,"toolPid":12602}
check	Run verification	2026-10-05T13:33:02.2107650Z [verification-tool-phase] {"phase":"monitor-closed","pid":12568,"parentPid":2832,"at":1791207182210,"monitorPid":12595,"exitCode":0,"signal":null}
check	Run verification	2026-10-05T13:33:02.2179119Z [verification-tool-phase] {"phase":"monitor-spawned","pid":12568,"parentPid":2832,"at":1791207182217,"monitorPid":12610,"executable":"/tmp/node-runtime-identity-ehUBtQ/candidates/verification-archive-xXQ96p/toolchain/node/bin/node"}
check	Run verification	2026-10-05T13:33:02.2398072Z [verification-tool-phase] {"phase":"tool-spawned","pid":12610,"parentPid":12568,"at":1791207182239,"toolPid":12617,"executable":"/tmp/node-runtime-identity-ehUBtQ/candidates/verification-archive-xXQ96p/toolchain/node/bin/node"}
check	Run verification	2026-10-05T13:33:02.2591151Z [verification-tool-phase] {"phase":"tool-exited","pid":12610,"parentPid":12568,"at":1791207182258,"toolPid":12617,"exitCode":0,"signal":null}
check	Run verification	2026-10-05T13:33:02.2661983Z [verification-tool-phase] {"phase":"group-drained","pid":12610,"parentPid":12568,"at":1791207182265,"toolPid":12617}
check	Run verification	2026-10-05T13:33:02.2689870Z [verification-tool-phase] {"phase":"monitor-closed","pid":12568,"parentPid":2832,"at":1791207182268,"monitorPid":12610,"exitCode":0,"signal":null}
check	Run verification	2026-10-05T13:33:02.2711745Z [verification-tool-phase] {"phase":"monitor-spawned","pid":12568,"parentPid":2832,"at":1791207182270,"monitorPid":12625,"executable":"/tmp/node-runtime-identity-ehUBtQ/candidates/verification-archive-xXQ96p/toolchain/node/bin/node"}
check	Run verification	2026-10-05T13:33:02.2943795Z [verification-tool-phase] {"phase":"tool-spawned","pid":12625,"parentPid":12568,"at":1791207182293,"toolPid":12632,"executable":"/tmp/node-runtime-identity-ehUBtQ/candidates/verification-archive-xXQ96p/toolchain/node/bin/node"}
check	Run verification	2026-10-05T13:33:02.3143033Z [verification-tool-phase] {"phase":"tool-exited","pid":12625,"parentPid":12568,"at":1791207182313,"toolPid":12632,"exitCode":0,"signal":null}
check	Run verification	2026-10-05T13:33:02.3211653Z [verification-tool-phase] {"phase":"group-drained","pid":12625,"parentPid":12568,"at":1791207182320,"toolPid":12632}
check	Run verification	2026-10-05T13:33:02.3237770Z [verification-tool-phase] {"phase":"monitor-closed","pid":12568,"parentPid":2832,"at":1791207182323,"monitorPid":12625,"exitCode":0,"signal":null}
check	Run verification	2026-10-05T13:33:02.3306930Z [verification-tool-phase] {"phase":"monitor-spawned","pid":12568,"parentPid":2832,"at":1791207182330,"monitorPid":12640,"executable":"/tmp/node-runtime-identity-4glHb4/candidates/verification-archive-cOQKQN/toolchain/node/bin/node"}
check	Run verification	2026-10-05T13:33:02.3510434Z [verification-tool-phase] {"phase":"tool-spawned","pid":12640,"parentPid":12568,"at":1791207182350,"toolPid":12647,"executable":"/tmp/node-runtime-identity-4glHb4/candidates/verification-archive-cOQKQN/toolchain/node/bin/node"}
check	Run verification	2026-10-05T13:33:02.3759887Z [verification-tool-phase] {"phase":"tool-exited","pid":12640,"parentPid":12568,"at":1791207182374,"toolPid":12647,"exitCode":0,"signal":null}
check	Run verification	2026-10-05T13:33:02.3871344Z [verification-tool-phase] {"phase":"group-drained","pid":12640,"parentPid":12568,"at":1791207182386,"toolPid":12647}
check	Run verification	2026-10-05T13:33:02.3898502Z [verification-tool-phase] {"phase":"monitor-closed","pid":12568,"parentPid":2832,"at":1791207182389,"monitorPid":12640,"exitCode":0,"signal":null}
check	Run verification	2026-10-05T13:33:02.4012487Z [verification-tool-phase] {"phase":"monitor-spawned","pid":12568,"parentPid":2832,"at":1791207182400,"monitorPid":12655,"executable":"/tmp/node-probe-namespace-j2LVcw/candidates/verification-archive-DL079C/toolchain/node/bin/node"}
check	Run verification	2026-10-05T13:33:02.4393307Z [verification-tool-phase] {"phase":"tool-spawned","pid":12655,"parentPid":12568,"at":1791207182438,"toolPid":12662,"executable":"/tmp/node-probe-namespace-j2LVcw/candidates/verification-archive-DL079C/toolchain/node/bin/node"}
check	Run verification	2026-10-05T13:33:02.4556720Z [verification-tool-phase] {"phase":"tool-exited","pid":12655,"parentPid":12568,"at":1791207182455,"toolPid":12662,"exitCode":73,"signal":null}
check	Run verification	2026-10-05T13:33:02.4633439Z [verification-tool-phase] {"phase":"group-drained","pid":12655,"parentPid":12568,"at":1791207182462,"toolPid":12662}
check	Run verification	2026-10-05T13:33:02.4661991Z [verification-tool-phase] {"phase":"monitor-closed","pid":12568,"parentPid":2832,"at":1791207182465,"monitorPid":12655,"exitCode":0,"signal":null}
check	Run verification	2026-10-05T13:33:06.7975050Z runner: file lifecycle {"entryFile":"/home/runner/work/vibe-fs/vibe-fs/requirements/verification-system/tests/006.test.mjs","type":"runner:file-drained","elapsedMs":195881.247082}
check	Run verification	2026-10-05T13:33:06.7994605Z runner: file lifecycle {"entryFile":"/home/runner/work/vibe-fs/vibe-fs/requirements/verification-system/tests/017.test.mjs","pid":2832,"parentPid":2823,"type":"runner:file-start","elapsedMs":195883.283701}
check	Run verification	2026-10-05T13:33:07.0373690Z [verification-tool-phase] {"phase":"monitor-spawned","pid":12568,"parentPid":2832,"at":1791207187033,"monitorPid":12701,"executable":"/tmp/verification-node-tools-fixture-qvSIh8/candidates/verification-archive-JOtKIW/toolchain/node/bin/node"}
check	Run verification	2026-10-05T13:33:07.0609223Z [verification-tool-phase] {"phase":"tool-spawned","pid":12701,"parentPid":12568,"at":1791207187059,"toolPid":12708,"executable":"/tmp/verification-node-tools-fixture-qvSIh8/candidates/verification-archive-JOtKIW/toolchain/node/bin/node"}
check	Run verification	2026-10-05T13:33:07.0863039Z [verification-tool-phase] {"phase":"tool-exited","pid":12701,"parentPid":12568,"at":1791207187083,"toolPid":12708,"exitCode":0,"signal":null}
check	Run verification	2026-10-05T13:33:07.0923557Z [verification-tool-phase] {"phase":"group-drained","pid":12701,"parentPid":12568,"at":1791207187091,"toolPid":12708}
check	Run verification	2026-10-05T13:33:07.0972386Z [verification-tool-phase] {"phase":"monitor-closed","pid":12568,"parentPid":2832,"at":1791207187095,"monitorPid":12701,"exitCode":0,"signal":null}
check	Run verification	2026-10-05T13:33:07.2263041Z [verification-tool-phase] {"phase":"monitor-spawned","pid":12568,"parentPid":2832,"at":1791207187223,"monitorPid":12716,"executable":"/tmp/verification-node-tools-fixture-qvSIh8/candidates/verification-archive-JOtKIW/toolchain/node/bin/node"}
check	Run verification	2026-10-05T13:33:07.2498996Z [verification-tool-phase] {"phase":"tool-spawned","pid":12716,"parentPid":12568,"at":1791207187248,"toolPid":12723,"executable":"/tmp/verification-node-tools-fixture-qvSIh8/candidates/verification-archive-JOtKIW/toolchain/node/bin/node"}
check	Run verification	2026-10-05T13:33:07.3308527Z [verification-tool-phase] {"phase":"tool-exited","pid":12716,"parentPid":12568,"at":1791207187330,"toolPid":12723,"exitCode":0,"signal":null}
check	Run verification	2026-10-05T13:33:07.3392901Z [verification-tool-phase] {"phase":"group-drained","pid":12716,"parentPid":12568,"at":1791207187338,"toolPid":12723}
check	Run verification	2026-10-05T13:33:07.3422608Z [verification-tool-phase] {"phase":"monitor-closed","pid":12568,"parentPid":2832,"at":1791207187341,"monitorPid":12716,"exitCode":0,"signal":null}
check	Run verification	2026-10-05T13:33:07.8765710Z runner: file lifecycle {"entryFile":"/home/runner/work/vibe-fs/vibe-fs/requirements/verification-system/tests/017.test.mjs","type":"runner:file-drained","elapsedMs":196960.188322}
check	Run verification	2026-10-05T13:33:07.8797066Z runner: file lifecycle {"entryFile":"/home/runner/work/vibe-fs/vibe-fs/requirements/verification-system/tests/018.test.mjs","pid":2832,"parentPid":2823,"type":"runner:file-start","elapsedMs":196963.507674}
check	Run verification	2026-10-05T13:33:07.9869309Z runner: file lifecycle {"entryFile":"/home/runner/work/vibe-fs/vibe-fs/requirements/verification-system/tests/018.test.mjs","type":"runner:file-drained","elapsedMs":197070.588052}
check	Run verification	2026-10-05T13:33:07.9892751Z runner: file lifecycle {"entryFile":"/home/runner/work/vibe-fs/vibe-fs/requirements/verification-system/tests/020.test.mjs","pid":2832,"parentPid":2823,"type":"runner:file-start","elapsedMs":197072.906994}
check	Run verification	2026-10-05T13:33:08.0391133Z runner: file lifecycle {"entryFile":"/home/runner/work/vibe-fs/vibe-fs/requirements/verification-system/tests/020.test.mjs","type":"runner:file-drained","elapsedMs":197122.79091799998}
check	Run verification	2026-10-05T13:33:08.0401326Z runner: file lifecycle {"entryFile":"/home/runner/work/vibe-fs/vibe-fs/requirements/verification-system/tests/021.test.mjs","pid":2832,"parentPid":2823,"type":"runner:file-start","elapsedMs":197123.948032}
check	Run verification	2026-10-05T13:33:09.3664439Z runner: 1 test file(s), 10000ms verdict-silence window
check	Run verification	2026-10-05T13:33:09.3906760Z runner: file lifecycle {"entryFile":"/home/runner/work/vibe-fs/vibe-fs/requirements/verification-system/tests/support/fixtures/two-leaf.fixture.mjs","type":"runner:file-start","elapsedMs":21.48754800000006}
check	Run verification	2026-10-05T13:33:09.3908581Z runner: file lifecycle {"entryFile":"/home/runner/work/vibe-fs/vibe-fs/requirements/verification-system/tests/support/fixtures/two-leaf.fixture.mjs","type":"runner:file-drained","elapsedMs":21.739086999999927}
check	Run verification	2026-10-05T13:33:09.4035663Z runner: post-exit group verification/reclamation: pid=12881; elapsedMs=9.172; accepted=true
check	Run verification	2026-10-05T13:33:09.4036308Z 
check	Run verification	2026-10-05T13:33:09.4037556Z runner: 1 passed, 0 failed; 0/1 planned file(s) completed
check	Run verification	2026-10-05T13:33:09.4038676Z runner: incomplete run; no completion for /home/runner/work/vibe-fs/vibe-fs/requirements/verification-system/tests/support/fixtures/two-leaf.fixture.mjs
check	Run verification	2026-10-05T13:33:09.4047992Z runner: 1 test file(s), 1000ms verdict-silence window
check	Run verification	2026-10-05T13:33:09.4249046Z runner: file lifecycle {"entryFile":"/home/runner/work/vibe-fs/vibe-fs/requirements/verification-system/tests/support/fixtures/two-leaf.fixture.mjs","type":"runner:file-start","elapsedMs":18.307857999999896}
check	Run verification	2026-10-05T13:33:09.4383635Z runner: post-exit group verification/reclamation: pid=12889; elapsedMs=9.653; accepted=true
check	Run verification	2026-10-05T13:33:09.4402505Z 
check	Run verification	2026-10-05T13:33:09.4403448Z runner: 1 passed, 0 failed; 1/1 planned file(s) completed
check	Run verification	2026-10-05T13:33:09.4404237Z runner: incomplete run; not every planned file stream drained
check	Run verification	2026-10-05T13:33:09.4408891Z runner: 1 test file(s), 10000ms verdict-silence window
check	Run verification	2026-10-05T13:33:09.4821128Z runner: post-exit group verification/reclamation: pid=12897; elapsedMs=7.440; accepted=true
check	Run verification	2026-10-05T13:33:09.4839509Z runner: inner runner failed to provide authoritative summary
check	Run verification	2026-10-05T13:33:09.4839785Z 
check	Run verification	2026-10-05T13:33:09.4840163Z runner: verdict counts unavailable; no authoritative summary; 0/1 planned file(s) completed
check	Run verification	2026-10-05T13:33:09.5779297Z runner: 1 test file(s), 10000ms verdict-silence window
check	Run verification	2026-10-05T13:33:09.6016940Z runner: file lifecycle {"entryFile":"/home/runner/work/vibe-fs/vibe-fs/requirements/verification-system/tests/support/fixtures/two-leaf.fixture.mjs","type":"runner:file-start","elapsedMs":20.96865600000001}
check	Run verification	2026-10-05T13:33:09.6019144Z runner: file lifecycle {"entryFile":"/home/runner/work/vibe-fs/vibe-fs/requirements/verification-system/tests/support/fixtures/two-leaf.fixture.mjs","type":"runner:file-drained","elapsedMs":21.152072999999973}
check	Run verification	2026-10-05T13:33:09.6119998Z runner: post-exit group verification/reclamation: pid=12919; elapsedMs=8.007; accepted=true
check	Run verification	2026-10-05T13:33:09.6121318Z 
check	Run verification	2026-10-05T13:33:09.6122434Z runner: 1 passed, 0 failed; 1/1 planned file(s) completed
check	Run verification	2026-10-05T13:33:09.6123785Z runner: partial evidence; 0 skipped, 1 TODO; excluded cases are not passes
check	Run verification	2026-10-05T13:33:09.6124447Z runner: pending proof prevents complete acceptance
check	Run verification	2026-10-05T13:33:09.6125211Z runner: 1 test file(s), 10000ms verdict-silence window
check	Run verification	2026-10-05T13:33:09.6332202Z runner: file lifecycle {"entryFile":"/home/runner/work/vibe-fs/vibe-fs/requirements/verification-system/tests/support/fixtures/two-leaf.fixture.mjs","type":"runner:file-start","elapsedMs":19.057647000000088}
check	Run verification	2026-10-05T13:33:09.6333970Z runner: file lifecycle {"entryFile":"/home/runner/work/vibe-fs/vibe-fs/requirements/verification-system/tests/support/fixtures/two-leaf.fixture.mjs","type":"runner:file-drained","elapsedMs":19.327003000000104}
check	Run verification	2026-10-05T13:33:09.6432784Z runner: post-exit group verification/reclamation: pid=12927; elapsedMs=7.464; accepted=true
check	Run verification	2026-10-05T13:33:09.6449708Z 
check	Run verification	2026-10-05T13:33:09.6450172Z runner: 1 passed, 0 failed; 1/1 planned file(s) completed
check	Run verification	2026-10-05T13:33:09.6450725Z runner: partial evidence; 0 skipped, 1 TODO; excluded cases are not passes
check	Run verification	2026-10-05T13:33:09.6451274Z runner: pending proof prevents complete acceptance
check	Run verification	2026-10-05T13:33:09.6451709Z runner: 2 test file(s), 10000ms verdict-silence window
check	Run verification	2026-10-05T13:33:09.6759174Z runner: file lifecycle {"entryFile":"/home/runner/work/vibe-fs/vibe-fs/requirements/verification-system/tests/support/fixtures/two-leaf.fixture.mjs","pid":12935,"parentPid":12816,"type":"runner:file-start","elapsedMs":29.5534889999999}
check	Run verification	2026-10-05T13:33:09.6808427Z runner: file lifecycle {"entryFile":"/tmp/failed-test-file-GfAsLs/missing.fixture.mjs","pid":12935,"parentPid":12816,"type":"runner:file-start","elapsedMs":32.88733000000002}
check	Run verification	2026-10-05T13:33:09.7201507Z node:internal/test_runner/harness:99
check	Run verification	2026-10-05T13:33:09.7221706Z       throw err;
check	Run verification	2026-10-05T13:33:09.7231501Z       ^
check	Run verification	2026-10-05T13:33:09.7231632Z 
check	Run verification	2026-10-05T13:33:09.7232317Z Error [ERR_MODULE_NOT_FOUND]: Cannot find module '/tmp/failed-test-file-GfAsLs/missing.fixture.mjs' imported from /home/runner/work/vibe-fs/vibe-fs/
check	Run verification	2026-10-05T13:33:09.7233016Z     at finalizeResolution (node:internal/modules/esm/resolve:275:11)
check	Run verification	2026-10-05T13:33:09.7233455Z     at moduleResolve (node:internal/modules/esm/resolve:865:10)
check	Run verification	2026-10-05T13:33:09.7233862Z     at defaultResolve (node:internal/modules/esm/resolve:989:11)
check	Run verification	2026-10-05T13:33:09.7234309Z     at #cachedDefaultResolve (node:internal/modules/esm/loader:747:20)
check	Run verification	2026-10-05T13:33:09.7235044Z     at ModuleLoader.resolve (node:internal/modules/esm/loader:724:38)
check	Run verification	2026-10-05T13:33:09.7235554Z     at ModuleLoader.getModuleJobForImport (node:internal/modules/esm/loader:320:38)
check	Run verification	2026-10-05T13:33:09.7236107Z     at onImport.tracePromise.__proto__ (node:internal/modules/esm/loader:680:36)
check	Run verification	2026-10-05T13:33:09.7236602Z     at TracingChannel.tracePromise (node:diagnostics_channel:350:14)
check	Run verification	2026-10-05T13:33:09.7237021Z     at ModuleLoader.import (node:internal/modules/esm/loader:679:21)
check	Run verification	2026-10-05T13:33:09.7237372Z     at node:internal/modules/run_main:179:35 {
check	Run verification	2026-10-05T13:33:09.7237648Z   code: 'ERR_MODULE_NOT_FOUND',
check	Run verification	2026-10-05T13:33:09.7237981Z   url: 'file:///tmp/failed-test-file-GfAsLs/missing.fixture.mjs'
check	Run verification	2026-10-05T13:33:09.7238293Z }
check	Run verification	2026-10-05T13:33:09.7238387Z 
check	Run verification	2026-10-05T13:33:09.7238473Z Node.js v22.23.3
check	Run verification	2026-10-05T13:33:09.7252281Z runner: file lifecycle {"entryFile":"/home/runner/work/vibe-fs/vibe-fs/requirements/verification-system/tests/support/fixtures/two-leaf.fixture.mjs","type":"runner:file-drained","elapsedMs":79.22263799999996}
check	Run verification	2026-10-05T13:33:09.7262020Z 
check	Run verification	2026-10-05T13:33:09.7263052Z ✖ failing tests:
check	Run verification	2026-10-05T13:33:09.7263191Z 
check	Run verification	2026-10-05T13:33:09.7271427Z test at /tmp/failed-test-file-GfAsLs/missing.fixture.mjs:1:1
check	Run verification	2026-10-05T13:33:09.7273326Z ✖ /tmp/failed-test-file-GfAsLs/missing.fixture.mjs (49.788ms)
check	Run verification	2026-10-05T13:33:09.7273661Z   'test failed'
check	Run verification	2026-10-05T13:33:09.7273781Z 
check	Run verification	2026-10-05T13:33:09.7282233Z runner: file lifecycle {"entryFile":"/tmp/failed-test-file-GfAsLs/missing.fixture.mjs","type":"runner:file-drained","elapsedMs":82.24947699999984}
check	Run verification	2026-10-05T13:33:09.7293108Z 
check	Run verification	2026-10-05T13:33:09.7293791Z [test-summary] 2 file(s), 2 passed, 0 failed, 1 failed containers (0.06s wall, 0.01s test time)
check	Run verification	2026-10-05T13:33:09.7394790Z runner: post-exit group verification/reclamation: pid=12935; elapsedMs=7.099; accepted=true
check	Run verification	2026-10-05T13:33:09.7407324Z runner: 2 test(s), 0.0s of test time; max 5ms, p90 5ms, median 1ms
check	Run verification	2026-10-05T13:33:09.7407767Z 
check	Run verification	2026-10-05T13:33:09.7408155Z runner: 2 passed, 0 failed; 2/2 planned file(s) completed
check	Run verification	2026-10-05T13:33:09.7408822Z runner: cancelled tests or failed containers prevent complete acceptance
check	Run verification	2026-10-05T13:33:09.7726534Z runner: 2 test file(s), 10000ms verdict-silence window
check	Run verification	2026-10-05T13:33:09.7727878Z runner: file lifecycle {"entryFile":"/home/runner/work/vibe-fs/vibe-fs/requirements/verification-system/tests/support/fixtures/two-leaf.fixture.mjs","pid":12958,"parentPid":12816,"type":"runner:file-start","elapsedMs":29.436602999999877}
check	Run verification	2026-10-05T13:33:09.7731504Z runner: file lifecycle {"entryFile":"/tmp/failed-test-file-GfAsLs/broken.fixture.mjs","pid":12958,"parentPid":12816,"type":"runner:file-start","elapsedMs":30.524220999999898}
check	Run verification	2026-10-05T13:33:09.8078059Z node:internal/test_runner/harness:99
check	Run verification	2026-10-05T13:33:09.8111483Z       throw err;
check	Run verification	2026-10-05T13:33:09.8121850Z       ^
check	Run verification	2026-10-05T13:33:09.8122098Z 
check	Run verification	2026-10-05T13:33:09.8122366Z Error: fixture failed before registering any test
check	Run verification	2026-10-05T13:33:09.8122785Z     at file:///tmp/failed-test-file-GfAsLs/broken.fixture.mjs:1:7
check	Run verification	2026-10-05T13:33:09.8123245Z     at ModuleJob.run (node:internal/modules/esm/module_job:343:25)
check	Run verification	2026-10-05T13:33:09.8123713Z     at async onImport.tracePromise.__proto__ (node:internal/modules/esm/loader:681:26)
check	Run verification	2026-10-05T13:33:09.8124252Z     at async asyncRunEntryPointWithESMLoader (node:internal/modules/run_main:117:5)
check	Run verification	2026-10-05T13:33:09.8124541Z 
check	Run verification	2026-10-05T13:33:09.8124622Z Node.js v22.23.3
check	Run verification	2026-10-05T13:33:09.8149646Z 
check	Run verification	2026-10-05T13:33:09.8164196Z ✖ failing tests:
check	Run verification	2026-10-05T13:33:09.8164534Z 
check	Run verification	2026-10-05T13:33:09.8164923Z test at /tmp/failed-test-file-GfAsLs/broken.fixture.mjs:1:1
check	Run verification	2026-10-05T13:33:09.8165509Z ✖ /tmp/failed-test-file-GfAsLs/broken.fixture.mjs (43.066ms)
check	Run verification	2026-10-05T13:33:09.8165808Z   'test failed'
check	Run verification	2026-10-05T13:33:09.8165916Z 
check	Run verification	2026-10-05T13:33:09.8166497Z runner: file lifecycle {"entryFile":"/tmp/failed-test-file-GfAsLs/broken.fixture.mjs","type":"runner:file-drained","elapsedMs":74.15420299999982}
check	Run verification	2026-10-05T13:33:09.8168865Z 
check	Run verification	2026-10-05T13:33:09.8169339Z [test-summary] 2 file(s), 2 passed, 0 failed, 1 failed containers (0.05s wall, 0.00s test time)
check	Run verification	2026-10-05T13:33:09.8171819Z runner: file lifecycle {"entryFile":"/home/runner/work/vibe-fs/vibe-fs/requirements/verification-system/tests/support/fixtures/two-leaf.fixture.mjs","type":"runner:file-drained","elapsedMs":75.61854999999991}
check	Run verification	2026-10-05T13:33:09.8352767Z runner: post-exit group verification/reclamation: pid=12958; elapsedMs=6.938; accepted=true
check	Run verification	2026-10-05T13:33:09.8372455Z runner: 2 test(s), 0.0s of test time; max 4ms, p90 4ms, median 1ms
check	Run verification	2026-10-05T13:33:09.8392205Z 
check	Run verification	2026-10-05T13:33:09.8393203Z runner: 2 passed, 0 failed; 2/2 planned file(s) completed
check	Run verification	2026-10-05T13:33:09.8393971Z runner: cancelled tests or failed containers prevent complete acceptance
check	Run verification	2026-10-05T13:33:09.8448901Z runner: file lifecycle {"entryFile":"/home/runner/work/vibe-fs/vibe-fs/requirements/verification-system/tests/021.test.mjs","type":"runner:file-drained","elapsedMs":198928.669431}
check	Run verification	2026-10-05T13:33:09.8470205Z runner: file lifecycle {"entryFile":"/home/runner/work/vibe-fs/vibe-fs/requirements/work-record/tests/001.test.mjs","pid":2832,"parentPid":2823,"type":"runner:file-start","elapsedMs":198930.841172}
check	Run verification	2026-10-05T13:33:10.1629276Z runner: file lifecycle {"entryFile":"/home/runner/work/vibe-fs/vibe-fs/requirements/work-record/tests/001.test.mjs","type":"runner:file-drained","elapsedMs":199246.514491}
check	Run verification	2026-10-05T13:33:10.1652775Z runner: file lifecycle {"entryFile":"/home/runner/work/vibe-fs/vibe-fs/requirements/work-record/tests/002.test.mjs","pid":2832,"parentPid":2823,"type":"runner:file-start","elapsedMs":199249.059024}
check	Run verification	2026-10-05T13:33:11.0439876Z runner: file lifecycle {"entryFile":"/home/runner/work/vibe-fs/vibe-fs/requirements/work-record/tests/002.test.mjs","type":"runner:file-drained","elapsedMs":200127.696193}
check	Run verification	2026-10-05T13:33:11.0465681Z runner: file lifecycle {"entryFile":"/home/runner/work/vibe-fs/vibe-fs/requirements/work-record/tests/003.test.mjs","pid":2832,"parentPid":2823,"type":"runner:file-start","elapsedMs":200130.257852}
check	Run verification	2026-10-05T13:33:11.2317168Z runner: file lifecycle {"entryFile":"/home/runner/work/vibe-fs/vibe-fs/requirements/work-record/tests/003.test.mjs","type":"runner:file-drained","elapsedMs":200314.47574}
check	Run verification	2026-10-05T13:33:11.2327472Z runner: file lifecycle {"entryFile":"/home/runner/work/vibe-fs/vibe-fs/requirements/work-record/tests/004.test.mjs","pid":2832,"parentPid":2823,"type":"runner:file-start","elapsedMs":200316.536205}
check	Run verification	2026-10-05T13:33:11.5390994Z [verification-tool-phase] {"phase":"monitor-spawned","pid":12568,"parentPid":2832,"at":1791207191538,"monitorPid":13021,"executable":"/tmp/verification-node-tools-fixture-qvSIh8/candidates/verification-archive-R5gRyT/toolchain/node/bin/node"}
check	Run verification	2026-10-05T13:33:11.5641046Z [verification-tool-phase] {"phase":"tool-spawned","pid":13021,"parentPid":12568,"at":1791207191562,"toolPid":13028,"executable":"/tmp/verification-node-tools-fixture-qvSIh8/candidates/verification-archive-R5gRyT/toolchain/node/bin/node"}
check	Run verification	2026-10-05T13:33:11.5877416Z [verification-tool-phase] {"phase":"tool-exited","pid":13021,"parentPid":12568,"at":1791207191586,"toolPid":13028,"exitCode":0,"signal":null}
check	Run verification	2026-10-05T13:33:11.5954742Z [verification-tool-phase] {"phase":"group-drained","pid":13021,"parentPid":12568,"at":1791207191594,"toolPid":13028}
check	Run verification	2026-10-05T13:33:11.6001798Z [verification-tool-phase] {"phase":"monitor-closed","pid":12568,"parentPid":2832,"at":1791207191599,"monitorPid":13021,"exitCode":0,"signal":null}
check	Run verification	2026-10-05T13:33:11.7207319Z [verification-tool-phase] {"phase":"monitor-spawned","pid":12568,"parentPid":2832,"at":1791207191718,"monitorPid":13036,"executable":"/tmp/verification-node-tools-fixture-qvSIh8/candidates/verification-archive-R5gRyT/toolchain/node/bin/node"}
check	Run verification	2026-10-05T13:33:11.7442362Z [verification-tool-phase] {"phase":"tool-spawned","pid":13036,"parentPid":12568,"at":1791207191743,"toolPid":13043,"executable":"/tmp/verification-node-tools-fixture-qvSIh8/candidates/verification-archive-R5gRyT/toolchain/node/bin/node"}
check	Run verification	2026-10-05T13:33:11.7525540Z runner: file lifecycle {"entryFile":"/home/runner/work/vibe-fs/vibe-fs/requirements/work-record/tests/004.test.mjs","type":"runner:file-drained","elapsedMs":200836.26974299998}
check	Run verification	2026-10-05T13:33:11.7544860Z runner: file lifecycle {"entryFile":"/home/runner/work/vibe-fs/vibe-fs/requirements/work-record/tests/005.test.mjs","pid":2832,"parentPid":2823,"type":"runner:file-start","elapsedMs":200838.202504}
check	Run verification	2026-10-05T13:33:11.7641687Z [verification-tool-phase] {"phase":"tool-exited","pid":13036,"parentPid":12568,"at":1791207191763,"toolPid":13043,"exitCode":1,"signal":null}
check	Run verification	2026-10-05T13:33:11.7726602Z [verification-tool-phase] {"phase":"group-drained","pid":13036,"parentPid":12568,"at":1791207191771,"toolPid":13043}
check	Run verification	2026-10-05T13:33:11.7778055Z [verification-tool-phase] {"phase":"monitor-closed","pid":12568,"parentPid":2832,"at":1791207191777,"monitorPid":13036,"exitCode":0,"signal":null}
check	Run verification	2026-10-05T13:33:12.0643839Z runner: file lifecycle {"entryFile":"/home/runner/work/vibe-fs/vibe-fs/requirements/work-record/tests/005.test.mjs","type":"runner:file-drained","elapsedMs":201148.075446}
check	Run verification	2026-10-05T13:33:12.0667593Z runner: file lifecycle {"entryFile":"/home/runner/work/vibe-fs/vibe-fs/requirements/work-record/tests/006.test.mjs","pid":2832,"parentPid":2823,"type":"runner:file-start","elapsedMs":201150.54037899998}
check	Run verification	2026-10-05T13:33:12.5125722Z runner: file lifecycle {"entryFile":"/home/runner/work/vibe-fs/vibe-fs/requirements/work-record/tests/006.test.mjs","type":"runner:file-drained","elapsedMs":201596.319306}
check	Run verification	2026-10-05T13:33:12.5143373Z runner: file lifecycle {"entryFile":"/home/runner/work/vibe-fs/vibe-fs/requirements/work-record/tests/007.test.mjs","pid":2832,"parentPid":2823,"type":"runner:file-start","elapsedMs":201598.227601}
check	Run verification	2026-10-05T13:33:12.8860241Z runner: file lifecycle {"entryFile":"/home/runner/work/vibe-fs/vibe-fs/requirements/work-record/tests/007.test.mjs","type":"runner:file-drained","elapsedMs":201969.689787}
check	Run verification	2026-10-05T13:33:12.8879850Z runner: file lifecycle {"entryFile":"/home/runner/work/vibe-fs/vibe-fs/requirements/work-record/tests/008.test.mjs","pid":2832,"parentPid":2823,"type":"runner:file-start","elapsedMs":201971.840668}
check	Run verification	2026-10-05T13:33:13.1204760Z runner: file lifecycle {"entryFile":"/home/runner/work/vibe-fs/vibe-fs/requirements/work-record/tests/008.test.mjs","type":"runner:file-drained","elapsedMs":202204.164973}
check	Run verification	2026-10-05T13:33:13.1224172Z runner: file lifecycle {"entryFile":"/home/runner/work/vibe-fs/vibe-fs/requirements/work-record/tests/009.test.mjs","pid":2832,"parentPid":2823,"type":"runner:file-start","elapsedMs":202206.215221}
check	Run verification	2026-10-05T13:33:13.2947808Z runner: file lifecycle {"entryFile":"/home/runner/work/vibe-fs/vibe-fs/requirements/work-record/tests/009.test.mjs","type":"runner:file-drained","elapsedMs":202378.520917}
check	Run verification	2026-10-05T13:33:13.2971980Z runner: file lifecycle {"entryFile":"/home/runner/work/vibe-fs/vibe-fs/requirements/work-record/tests/010.test.mjs","pid":2832,"parentPid":2823,"type":"runner:file-start","elapsedMs":202380.931728}
check	Run verification	2026-10-05T13:33:13.5602946Z runner: file lifecycle {"entryFile":"/home/runner/work/vibe-fs/vibe-fs/requirements/work-record/tests/010.test.mjs","type":"runner:file-drained","elapsedMs":202643.949999}
check	Run verification	2026-10-05T13:33:13.5632378Z runner: file lifecycle {"entryFile":"/home/runner/work/vibe-fs/vibe-fs/requirements/work-record/tests/011.test.mjs","pid":2832,"parentPid":2823,"type":"runner:file-start","elapsedMs":202646.978061}
check	Run verification	2026-10-05T13:33:14.4505693Z runner: file lifecycle {"entryFile":"/home/runner/work/vibe-fs/vibe-fs/requirements/work-record/tests/011.test.mjs","type":"runner:file-drained","elapsedMs":203534.16616999998}
check	Run verification	2026-10-05T13:33:14.4534755Z runner: file lifecycle {"entryFile":"/home/runner/work/vibe-fs/vibe-fs/requirements/work-record/tests/012.test.mjs","pid":2832,"parentPid":2823,"type":"runner:file-start","elapsedMs":203537.236065}
check	Run verification	2026-10-05T13:33:14.5051424Z runner: file lifecycle {"entryFile":"/home/runner/work/vibe-fs/vibe-fs/requirements/work-record/tests/012.test.mjs","type":"runner:file-drained","elapsedMs":203588.89359}
check	Run verification	2026-10-05T13:33:14.5083997Z runner: file lifecycle {"entryFile":"/home/runner/work/vibe-fs/vibe-fs/requirements/work-record/tests/013.test.mjs","pid":2832,"parentPid":2823,"type":"runner:file-start","elapsedMs":203591.592745}
check	Run verification	2026-10-05T13:33:14.7054072Z runner: file lifecycle {"entryFile":"/home/runner/work/vibe-fs/vibe-fs/requirements/work-record/tests/013.test.mjs","type":"runner:file-drained","elapsedMs":203788.375272}
check	Run verification	2026-10-05T13:33:14.7083067Z runner: file lifecycle {"entryFile":"/home/runner/work/vibe-fs/vibe-fs/requirements/work-record/tests/014.test.mjs","pid":2832,"parentPid":2823,"type":"runner:file-start","elapsedMs":203791.751098}
check	Run verification	2026-10-05T13:33:14.8775429Z runner: file lifecycle {"entryFile":"/home/runner/work/vibe-fs/vibe-fs/requirements/work-record/tests/014.test.mjs","type":"runner:file-drained","elapsedMs":203961.250205}
check	Run verification	2026-10-05T13:33:14.8799815Z runner: file lifecycle {"entryFile":"/home/runner/work/vibe-fs/vibe-fs/requirements/work-record/tests/015.test.mjs","pid":2832,"parentPid":2823,"type":"runner:file-start","elapsedMs":203963.52219699998}
check	Run verification	2026-10-05T13:33:15.2122470Z runner: file lifecycle {"entryFile":"/home/runner/work/vibe-fs/vibe-fs/requirements/work-record/tests/015.test.mjs","type":"runner:file-drained","elapsedMs":204294.600141}
check	Run verification	2026-10-05T13:33:15.2134728Z runner: file lifecycle {"entryFile":"/home/runner/work/vibe-fs/vibe-fs/requirements/work-record/tests/016.test.mjs","pid":2832,"parentPid":2823,"type":"runner:file-start","elapsedMs":204297.28773}
check	Run verification	2026-10-05T13:33:16.0500418Z runner: file lifecycle {"entryFile":"/home/runner/work/vibe-fs/vibe-fs/requirements/work-record/tests/016.test.mjs","type":"runner:file-drained","elapsedMs":205133.622944}
check	Run verification	2026-10-05T13:33:16.0527606Z runner: file lifecycle {"entryFile":"/home/runner/work/vibe-fs/vibe-fs/requirements/work-record/tests/017.test.mjs","pid":2832,"parentPid":2823,"type":"runner:file-start","elapsedMs":205136.33147499998}
check	Run verification	2026-10-05T13:33:16.0867881Z runner: file lifecycle {"entryFile":"/home/runner/work/vibe-fs/vibe-fs/requirements/work-record/tests/017.test.mjs","type":"runner:file-drained","elapsedMs":205170.477492}
check	Run verification	2026-10-05T13:33:16.5537614Z [verification-tool-phase] {"phase":"monitor-spawned","pid":12568,"parentPid":2832,"at":1791207196553,"monitorPid":13175,"executable":"/tmp/verification-node-tools-fixture-qvSIh8/candidates/verification-archive-pFdalr/toolchain/node/bin/node"}
check	Run verification	2026-10-05T13:33:16.5758052Z [verification-tool-phase] {"phase":"tool-spawned","pid":13175,"parentPid":12568,"at":1791207196574,"toolPid":13182,"executable":"/tmp/verification-node-tools-fixture-qvSIh8/candidates/verification-archive-pFdalr/toolchain/node/bin/node"}
check	Run verification	2026-10-05T13:33:16.5920786Z [verification-tool-phase] {"phase":"tool-exited","pid":13175,"parentPid":12568,"at":1791207196591,"toolPid":13182,"exitCode":0,"signal":null}
check	Run verification	2026-10-05T13:33:16.5991040Z [verification-tool-phase] {"phase":"group-drained","pid":13175,"parentPid":12568,"at":1791207196598,"toolPid":13182}
check	Run verification	2026-10-05T13:33:16.6022244Z [verification-tool-phase] {"phase":"monitor-closed","pid":12568,"parentPid":2832,"at":1791207196601,"monitorPid":13175,"exitCode":0,"signal":null}
check	Run verification	2026-10-05T13:33:16.7145220Z [verification-tool-phase] {"phase":"monitor-spawned","pid":12568,"parentPid":2832,"at":1791207196713,"monitorPid":13190,"executable":"/tmp/verification-node-tools-fixture-qvSIh8/candidates/verification-archive-pFdalr/toolchain/node/bin/node"}
check	Run verification	2026-10-05T13:33:16.7351866Z [verification-tool-phase] {"phase":"tool-spawned","pid":13190,"parentPid":12568,"at":1791207196734,"toolPid":13197,"executable":"/tmp/verification-node-tools-fixture-qvSIh8/candidates/verification-archive-pFdalr/toolchain/node/bin/node"}
check	Run verification	2026-10-05T13:33:16.7941092Z [verification-tool-phase] {"phase":"tool-exited","pid":13190,"parentPid":12568,"at":1791207196793,"toolPid":13197,"exitCode":0,"signal":null}
check	Run verification	2026-10-05T13:33:16.8012902Z [verification-tool-phase] {"phase":"group-drained","pid":13190,"parentPid":12568,"at":1791207196800,"toolPid":13197}
check	Run verification	2026-10-05T13:33:16.8045160Z [verification-tool-phase] {"phase":"monitor-closed","pid":12568,"parentPid":2832,"at":1791207196804,"monitorPid":13190,"exitCode":0,"signal":null}
check	Run verification	2026-10-05T13:33:18.3438253Z [verification-tool-phase] {"phase":"monitor-spawned","pid":12568,"parentPid":2832,"at":1791207198343,"monitorPid":13210,"executable":"/tmp/verification-node-tools-fixture-qvSIh8/candidates/verification-archive-XwNmbm/toolchain/node/bin/node"}
check	Run verification	2026-10-05T13:33:18.3666313Z [verification-tool-phase] {"phase":"tool-spawned","pid":13210,"parentPid":12568,"at":1791207198365,"toolPid":13217,"executable":"/tmp/verification-node-tools-fixture-qvSIh8/candidates/verification-archive-XwNmbm/toolchain/node/bin/node"}
check	Run verification	2026-10-05T13:33:18.3842694Z [verification-tool-phase] {"phase":"tool-exited","pid":13210,"parentPid":12568,"at":1791207198383,"toolPid":13217,"exitCode":0,"signal":null}
check	Run verification	2026-10-05T13:33:18.3915449Z [verification-tool-phase] {"phase":"group-drained","pid":13210,"parentPid":12568,"at":1791207198390,"toolPid":13217}
check	Run verification	2026-10-05T13:33:18.3947164Z [verification-tool-phase] {"phase":"monitor-closed","pid":12568,"parentPid":2832,"at":1791207198394,"monitorPid":13210,"exitCode":0,"signal":null}
check	Run verification	2026-10-05T13:33:18.5081979Z [verification-tool-phase] {"phase":"monitor-spawned","pid":12568,"parentPid":2832,"at":1791207198507,"monitorPid":13225,"executable":"/tmp/verification-node-tools-fixture-qvSIh8/candidates/verification-archive-XwNmbm/toolchain/node/bin/node"}
check	Run verification	2026-10-05T13:33:18.5293749Z [verification-tool-phase] {"phase":"tool-spawned","pid":13225,"parentPid":12568,"at":1791207198528,"toolPid":13232,"executable":"/tmp/verification-node-tools-fixture-qvSIh8/candidates/verification-archive-XwNmbm/toolchain/node/bin/node"}
check	Run verification	2026-10-05T13:33:18.5624879Z [verification-tool-phase] {"phase":"tool-exited","pid":13225,"parentPid":12568,"at":1791207198561,"toolPid":13232,"exitCode":null,"signal":"SIGKILL"}
check	Run verification	2026-10-05T13:33:18.5696851Z [verification-tool-phase] {"phase":"group-drained","pid":13225,"parentPid":12568,"at":1791207198568,"toolPid":13232}
check	Run verification	2026-10-05T13:33:18.5723931Z [verification-tool-phase] {"phase":"monitor-closed","pid":12568,"parentPid":2832,"at":1791207198572,"monitorPid":13225,"exitCode":0,"signal":null}
check	Run verification	2026-10-05T13:33:20.0475336Z [verification-tool-phase] {"phase":"monitor-spawned","pid":12568,"parentPid":2832,"at":1791207200046,"monitorPid":13247,"executable":"/tmp/verification-node-tools-fixture-qvSIh8/candidates/verification-archive-8hOAPr/toolchain/node/bin/node"}
check	Run verification	2026-10-05T13:33:20.0703996Z [verification-tool-phase] {"phase":"tool-spawned","pid":13247,"parentPid":12568,"at":1791207200069,"toolPid":13254,"executable":"/tmp/verification-node-tools-fixture-qvSIh8/candidates/verification-archive-8hOAPr/toolchain/node/bin/node"}
check	Run verification	2026-10-05T13:33:20.0890266Z [verification-tool-phase] {"phase":"tool-exited","pid":13247,"parentPid":12568,"at":1791207200088,"toolPid":13254,"exitCode":0,"signal":null}
check	Run verification	2026-10-05T13:33:20.0964212Z [verification-tool-phase] {"phase":"group-drained","pid":13247,"parentPid":12568,"at":1791207200095,"toolPid":13254}
check	Run verification	2026-10-05T13:33:20.0993669Z [verification-tool-phase] {"phase":"monitor-closed","pid":12568,"parentPid":2832,"at":1791207200099,"monitorPid":13247,"exitCode":0,"signal":null}
check	Run verification	2026-10-05T13:33:20.2132499Z [verification-tool-phase] {"phase":"monitor-spawned","pid":12568,"parentPid":2832,"at":1791207200212,"monitorPid":13262,"executable":"/tmp/verification-node-tools-fixture-qvSIh8/candidates/verification-archive-8hOAPr/toolchain/node/bin/node"}
check	Run verification	2026-10-05T13:33:20.2346031Z [verification-tool-phase] {"phase":"tool-spawned","pid":13262,"parentPid":12568,"at":1791207200233,"toolPid":13269,"executable":"/tmp/verification-node-tools-fixture-qvSIh8/candidates/verification-archive-8hOAPr/toolchain/node/bin/node"}
check	Run verification	2026-10-05T13:33:20.2705536Z [verification-tool-phase] {"phase":"tool-exited","pid":13262,"parentPid":12568,"at":1791207200269,"toolPid":13269,"exitCode":null,"signal":"SIGKILL"}
check	Run verification	2026-10-05T13:33:20.2777713Z [verification-tool-phase] {"phase":"group-drained","pid":13262,"parentPid":12568,"at":1791207200277,"toolPid":13269}
check	Run verification	2026-10-05T13:33:20.2813009Z [verification-tool-phase] {"phase":"monitor-closed","pid":12568,"parentPid":2832,"at":1791207200280,"monitorPid":13262,"exitCode":0,"signal":null}
check	Run verification	2026-10-05T13:33:22.2348033Z [verification-tool-phase] {"phase":"monitor-spawned","pid":12568,"parentPid":2832,"at":1791207202233,"monitorPid":13297,"executable":"/tmp/verification-npm-fixture-oJksOF/candidates/verification-archive-zGH52I/toolchain/node/bin/node"}
check	Run verification	2026-10-05T13:33:22.2558039Z [verification-tool-phase] {"phase":"tool-spawned","pid":13297,"parentPid":12568,"at":1791207202254,"toolPid":13304,"executable":"/tmp/verification-npm-fixture-oJksOF/candidates/verification-archive-zGH52I/toolchain/node/bin/node"}
check	Run verification	2026-10-05T13:33:22.2735819Z [verification-tool-phase] {"phase":"tool-exited","pid":13297,"parentPid":12568,"at":1791207202272,"toolPid":13304,"exitCode":0,"signal":null}
check	Run verification	2026-10-05T13:33:22.2808632Z [verification-tool-phase] {"phase":"group-drained","pid":13297,"parentPid":12568,"at":1791207202280,"toolPid":13304}
check	Run verification	2026-10-05T13:33:22.2842503Z [verification-tool-phase] {"phase":"monitor-closed","pid":12568,"parentPid":2832,"at":1791207202283,"monitorPid":13297,"exitCode":0,"signal":null}
check	Run verification	2026-10-05T13:33:22.3980643Z [verification-tool-phase] {"phase":"monitor-spawned","pid":12568,"parentPid":2832,"at":1791207202397,"monitorPid":13312,"executable":"/tmp/verification-npm-fixture-oJksOF/candidates/verification-archive-zGH52I/toolchain/node/bin/node"}
check	Run verification	2026-10-05T13:33:22.4202994Z [verification-tool-phase] {"phase":"tool-spawned","pid":13312,"parentPid":12568,"at":1791207202419,"toolPid":13319,"executable":"/tmp/verification-npm-fixture-oJksOF/candidates/verification-archive-zGH52I/toolchain/node/bin/node"}
check	Run verification	2026-10-05T13:33:22.4804952Z [verification-tool-phase] {"phase":"tool-exited","pid":13312,"parentPid":12568,"at":1791207202479,"toolPid":13319,"exitCode":0,"signal":null}
check	Run verification	2026-10-05T13:33:22.4883408Z [verification-tool-phase] {"phase":"group-drained","pid":13312,"parentPid":12568,"at":1791207202487,"toolPid":13319}
check	Run verification	2026-10-05T13:33:22.4912304Z [verification-tool-phase] {"phase":"monitor-closed","pid":12568,"parentPid":2832,"at":1791207202490,"monitorPid":13312,"exitCode":0,"signal":null}
check	Run verification	2026-10-05T13:33:22.7147830Z [verification-tool-phase] {"phase":"monitor-spawned","pid":12568,"parentPid":2832,"at":1791207202714,"monitorPid":13331,"executable":"/tmp/verification-npm-fixture-oJksOF/candidates/verification-archive-zGH52I/toolchain/node/bin/node"}
check	Run verification	2026-10-05T13:33:22.7417562Z [verification-tool-phase] {"phase":"tool-spawned","pid":13331,"parentPid":12568,"at":1791207202740,"toolPid":13338,"executable":"/tmp/verification-npm-fixture-oJksOF/candidates/verification-archive-zGH52I/toolchain/node/bin/node"}
check	Run verification	2026-10-05T13:33:23.0424073Z [verification-tool-phase] {"phase":"tool-exited","pid":13331,"parentPid":12568,"at":1791207202760,"toolPid":13338,"exitCode":0,"signal":null}
check	Run verification	2026-10-05T13:33:23.0425427Z [verification-tool-phase] {"phase":"group-drained","pid":13331,"parentPid":12568,"at":1791207202768,"toolPid":13338}
check	Run verification	2026-10-05T13:33:23.0486419Z [verification-tool-phase] {"phase":"monitor-closed","pid":12568,"parentPid":2832,"at":1791207203042,"monitorPid":13331,"exitCode":0,"signal":null}
check	Run verification	2026-10-05T13:33:25.2437398Z [verification-tool-phase] {"phase":"monitor-spawned","pid":12568,"parentPid":2832,"at":1791207205242,"monitorPid":13357,"executable":"/tmp/verification-npm-fixture-JCnOPZ/candidates/verification-archive-yXQXm6/toolchain/node/bin/node"}
check	Run verification	2026-10-05T13:33:25.2661300Z [verification-tool-phase] {"phase":"tool-spawned","pid":13357,"parentPid":12568,"at":1791207205265,"toolPid":13364,"executable":"/tmp/verification-npm-fixture-JCnOPZ/candidates/verification-archive-yXQXm6/toolchain/node/bin/node"}
check	Run verification	2026-10-05T13:33:25.2834768Z [verification-tool-phase] {"phase":"tool-exited","pid":13357,"parentPid":12568,"at":1791207205282,"toolPid":13364,"exitCode":0,"signal":null}
check	Run verification	2026-10-05T13:33:25.2905458Z [verification-tool-phase] {"phase":"group-drained","pid":13357,"parentPid":12568,"at":1791207205290,"toolPid":13364}
check	Run verification	2026-10-05T13:33:25.2936872Z [verification-tool-phase] {"phase":"monitor-closed","pid":12568,"parentPid":2832,"at":1791207205293,"monitorPid":13357,"exitCode":0,"signal":null}
check	Run verification	2026-10-05T13:33:25.4079688Z [verification-tool-phase] {"phase":"monitor-spawned","pid":12568,"parentPid":2832,"at":1791207205407,"monitorPid":13372,"executable":"/tmp/verification-npm-fixture-JCnOPZ/candidates/verification-archive-yXQXm6/toolchain/node/bin/node"}
check	Run verification	2026-10-05T13:33:25.4285870Z [verification-tool-phase] {"phase":"tool-spawned","pid":13372,"parentPid":12568,"at":1791207205427,"toolPid":13379,"executable":"/tmp/verification-npm-fixture-JCnOPZ/candidates/verification-archive-yXQXm6/toolchain/node/bin/node"}
check	Run verification	2026-10-05T13:33:25.4882022Z [verification-tool-phase] {"phase":"tool-exited","pid":13372,"parentPid":12568,"at":1791207205487,"toolPid":13379,"exitCode":0,"signal":null}
check	Run verification	2026-10-05T13:33:25.4957240Z [verification-tool-phase] {"phase":"group-drained","pid":13372,"parentPid":12568,"at":1791207205494,"toolPid":13379}
check	Run verification	2026-10-05T13:33:25.4985544Z [verification-tool-phase] {"phase":"monitor-closed","pid":12568,"parentPid":2832,"at":1791207205498,"monitorPid":13372,"exitCode":0,"signal":null}
check	Run verification	2026-10-05T13:33:25.7203549Z [verification-tool-phase] {"phase":"monitor-spawned","pid":12568,"parentPid":2832,"at":1791207205717,"monitorPid":13391,"executable":"/tmp/verification-npm-fixture-JCnOPZ/candidates/verification-archive-yXQXm6/toolchain/node/bin/node"}
check	Run verification	2026-10-05T13:33:25.7445586Z [verification-tool-phase] {"phase":"tool-spawned","pid":13391,"parentPid":12568,"at":1791207205743,"toolPid":13398,"executable":"/tmp/verification-npm-fixture-JCnOPZ/candidates/verification-archive-yXQXm6/toolchain/node/bin/node"}
check	Run verification	2026-10-05T13:33:25.7624581Z [verification-tool-phase] {"phase":"tool-exited","pid":13391,"parentPid":12568,"at":1791207205761,"toolPid":13398,"exitCode":0,"signal":null}
check	Run verification	2026-10-05T13:33:25.7693128Z [verification-tool-phase] {"phase":"group-drained","pid":13391,"parentPid":12568,"at":1791207205768,"toolPid":13398}
check	Run verification	2026-10-05T13:33:25.7720191Z [verification-tool-phase] {"phase":"monitor-closed","pid":12568,"parentPid":2832,"at":1791207205771,"monitorPid":13391,"exitCode":0,"signal":null}
check	Run verification	2026-10-05T13:33:25.8882171Z [verification-tool-phase] {"phase":"monitor-spawned","pid":12568,"parentPid":2832,"at":1791207205885,"monitorPid":13406,"executable":"/tmp/verification-npm-fixture-JCnOPZ/candidates/verification-archive-yXQXm6/toolchain/node/bin/node"}
check	Run verification	2026-10-05T13:33:25.9117981Z [verification-tool-phase] {"phase":"tool-spawned","pid":13406,"parentPid":12568,"at":1791207205910,"toolPid":13413,"executable":"/tmp/verification-npm-fixture-JCnOPZ/candidates/verification-archive-yXQXm6/toolchain/node/bin/node"}
check	Run verification	2026-10-05T13:33:25.9722188Z [verification-tool-phase] {"phase":"tool-exited","pid":13406,"parentPid":12568,"at":1791207205971,"toolPid":13413,"exitCode":0,"signal":null}
check	Run verification	2026-10-05T13:33:25.9799164Z [verification-tool-phase] {"phase":"group-drained","pid":13406,"parentPid":12568,"at":1791207205979,"toolPid":13413}
check	Run verification	2026-10-05T13:33:25.9826071Z [verification-tool-phase] {"phase":"monitor-closed","pid":12568,"parentPid":2832,"at":1791207205982,"monitorPid":13406,"exitCode":0,"signal":null}
check	Run verification	2026-10-05T13:33:26.1012769Z [verification-tool-phase] {"phase":"monitor-spawned","pid":12568,"parentPid":2832,"at":1791207206097,"monitorPid":13425,"executable":"/tmp/verification-npm-fixture-JCnOPZ/candidates/verification-archive-yXQXm6/toolchain/node/bin/node"}
check	Run verification	2026-10-05T13:33:26.1242766Z [verification-tool-phase] {"phase":"tool-spawned","pid":13425,"parentPid":12568,"at":1791207206123,"toolPid":13432,"executable":"/tmp/verification-npm-fixture-JCnOPZ/candidates/verification-archive-yXQXm6/toolchain/node/bin/node"}
check	Run verification	2026-10-05T13:33:26.5097156Z [verification-tool-phase] {"phase":"tool-exited","pid":13425,"parentPid":12568,"at":1791207206508,"toolPid":13432,"exitCode":0,"signal":null}
check	Run verification	2026-10-05T13:33:26.5168026Z [verification-tool-phase] {"phase":"group-drained","pid":13425,"parentPid":12568,"at":1791207206516,"toolPid":13432}
check	Run verification	2026-10-05T13:33:26.5196660Z [verification-tool-phase] {"phase":"monitor-closed","pid":12568,"parentPid":2832,"at":1791207206519,"monitorPid":13425,"exitCode":0,"signal":null}
check	Run verification	2026-10-05T13:33:28.7303352Z [verification-tool-phase] {"phase":"monitor-spawned","pid":12568,"parentPid":2832,"at":1791207208728,"monitorPid":13463,"executable":"/tmp/verification-npm-fixture-gCgbM2/candidates/verification-archive-IoLqNl/toolchain/node/bin/node"}
check	Run verification	2026-10-05T13:33:28.7491259Z [verification-tool-phase] {"phase":"tool-spawned","pid":13463,"parentPid":12568,"at":1791207208748,"toolPid":13470,"executable":"/tmp/verification-npm-fixture-gCgbM2/candidates/verification-archive-IoLqNl/toolchain/node/bin/node"}
check	Run verification	2026-10-05T13:33:28.7666368Z [verification-tool-phase] {"phase":"tool-exited","pid":13463,"parentPid":12568,"at":1791207208765,"toolPid":13470,"exitCode":0,"signal":null}
check	Run verification	2026-10-05T13:33:28.7741405Z [verification-tool-phase] {"phase":"group-drained","pid":13463,"parentPid":12568,"at":1791207208773,"toolPid":13470}
check	Run verification	2026-10-05T13:33:28.7772683Z [verification-tool-phase] {"phase":"monitor-closed","pid":12568,"parentPid":2832,"at":1791207208776,"monitorPid":13463,"exitCode":0,"signal":null}
check	Run verification	2026-10-05T13:33:28.8980737Z [verification-tool-phase] {"phase":"monitor-spawned","pid":12568,"parentPid":2832,"at":1791207208897,"monitorPid":13478,"executable":"/tmp/verification-npm-fixture-gCgbM2/candidates/verification-archive-IoLqNl/toolchain/node/bin/node"}
check	Run verification	2026-10-05T13:33:28.9200735Z [verification-tool-phase] {"phase":"tool-spawned","pid":13478,"parentPid":12568,"at":1791207208919,"toolPid":13485,"executable":"/tmp/verification-npm-fixture-gCgbM2/candidates/verification-archive-IoLqNl/toolchain/node/bin/node"}
check	Run verification	2026-10-05T13:33:28.9788092Z [verification-tool-phase] {"phase":"tool-exited","pid":13478,"parentPid":12568,"at":1791207208978,"toolPid":13485,"exitCode":0,"signal":null}
check	Run verification	2026-10-05T13:33:28.9862170Z [verification-tool-phase] {"phase":"group-drained","pid":13478,"parentPid":12568,"at":1791207208985,"toolPid":13485}
check	Run verification	2026-10-05T13:33:28.9890773Z [verification-tool-phase] {"phase":"monitor-closed","pid":12568,"parentPid":2832,"at":1791207208988,"monitorPid":13478,"exitCode":0,"signal":null}
check	Run verification	2026-10-05T13:33:29.2164120Z [verification-tool-phase] {"phase":"monitor-spawned","pid":12568,"parentPid":2832,"at":1791207209215,"monitorPid":13497,"executable":"/tmp/verification-npm-fixture-gCgbM2/candidates/verification-archive-IoLqNl/toolchain/node/bin/node"}
check	Run verification	2026-10-05T13:33:29.2422904Z [verification-tool-phase] {"phase":"tool-spawned","pid":13497,"parentPid":12568,"at":1791207209241,"toolPid":13504,"executable":"/tmp/verification-npm-fixture-gCgbM2/candidates/verification-archive-IoLqNl/toolchain/node/bin/node"}
check	Run verification	2026-10-05T13:33:29.2597346Z [verification-tool-phase] {"phase":"tool-exited","pid":13497,"parentPid":12568,"at":1791207209259,"toolPid":13504,"exitCode":0,"signal":null}
check	Run verification	2026-10-05T13:33:29.2667993Z [verification-tool-phase] {"phase":"group-drained","pid":13497,"parentPid":12568,"at":1791207209266,"toolPid":13504}
check	Run verification	2026-10-05T13:33:29.2702402Z [verification-tool-phase] {"phase":"monitor-closed","pid":12568,"parentPid":2832,"at":1791207209269,"monitorPid":13497,"exitCode":0,"signal":null}
check	Run verification	2026-10-05T13:33:29.3833009Z [verification-tool-phase] {"phase":"monitor-spawned","pid":12568,"parentPid":2832,"at":1791207209381,"monitorPid":13512,"executable":"/tmp/verification-npm-fixture-gCgbM2/candidates/verification-archive-IoLqNl/toolchain/node/bin/node"}
check	Run verification	2026-10-05T13:33:29.4083887Z [verification-tool-phase] {"phase":"tool-spawned","pid":13512,"parentPid":12568,"at":1791207209407,"toolPid":13519,"executable":"/tmp/verification-npm-fixture-gCgbM2/candidates/verification-archive-IoLqNl/toolchain/node/bin/node"}
check	Run verification	2026-10-05T13:33:29.4660449Z [verification-tool-phase] {"phase":"tool-exited","pid":13512,"parentPid":12568,"at":1791207209465,"toolPid":13519,"exitCode":0,"signal":null}
check	Run verification	2026-10-05T13:33:29.4734151Z [verification-tool-phase] {"phase":"group-drained","pid":13512,"parentPid":12568,"at":1791207209472,"toolPid":13519}
check	Run verification	2026-10-05T13:33:29.4766394Z [verification-tool-phase] {"phase":"monitor-closed","pid":12568,"parentPid":2832,"at":1791207209475,"monitorPid":13512,"exitCode":0,"signal":null}
check	Run verification	2026-10-05T13:33:29.5912048Z [verification-tool-phase] {"phase":"monitor-spawned","pid":12568,"parentPid":2832,"at":1791207209587,"monitorPid":13531,"executable":"/tmp/verification-npm-fixture-gCgbM2/candidates/verification-archive-IoLqNl/toolchain/node/bin/node"}
check	Run verification	2026-10-05T13:33:29.6158211Z [verification-tool-phase] {"phase":"tool-spawned","pid":13531,"parentPid":12568,"at":1791207209614,"toolPid":13538,"executable":"/tmp/verification-npm-fixture-gCgbM2/candidates/verification-archive-IoLqNl/toolchain/node/bin/node"}
check	Run verification	2026-10-05T13:33:29.9905734Z [verification-tool-phase] {"phase":"tool-exited","pid":13531,"parentPid":12568,"at":1791207209989,"toolPid":13538,"exitCode":0,"signal":null}
check	Run verification	2026-10-05T13:33:29.9978279Z [verification-tool-phase] {"phase":"group-drained","pid":13531,"parentPid":12568,"at":1791207209997,"toolPid":13538}
check	Run verification	2026-10-05T13:33:30.0009338Z [verification-tool-phase] {"phase":"monitor-closed","pid":12568,"parentPid":2832,"at":1791207210000,"monitorPid":13531,"exitCode":0,"signal":null}
check	Run verification	2026-10-05T13:33:31.9985583Z [verification-tool-phase] {"phase":"monitor-spawned","pid":12568,"parentPid":2832,"at":1791207211997,"monitorPid":13565,"executable":"/tmp/verification-npm-fixture-xEiCoA/candidates/verification-archive-5Wnwop/toolchain/node/bin/node"}
check	Run verification	2026-10-05T13:33:32.0193712Z [verification-tool-phase] {"phase":"tool-spawned","pid":13565,"parentPid":12568,"at":1791207212018,"toolPid":13572,"executable":"/tmp/verification-npm-fixture-xEiCoA/candidates/verification-archive-5Wnwop/toolchain/node/bin/node"}
check	Run verification	2026-10-05T13:33:32.0361930Z [verification-tool-phase] {"phase":"tool-exited","pid":13565,"parentPid":12568,"at":1791207212035,"toolPid":13572,"exitCode":0,"signal":null}
check	Run verification	2026-10-05T13:33:32.0431534Z [verification-tool-phase] {"phase":"group-drained","pid":13565,"parentPid":12568,"at":1791207212042,"toolPid":13572}
check	Run verification	2026-10-05T13:33:32.0464411Z [verification-tool-phase] {"phase":"monitor-closed","pid":12568,"parentPid":2832,"at":1791207212046,"monitorPid":13565,"exitCode":0,"signal":null}
check	Run verification	2026-10-05T13:33:32.1603054Z [verification-tool-phase] {"phase":"monitor-spawned","pid":12568,"parentPid":2832,"at":1791207212159,"monitorPid":13580,"executable":"/tmp/verification-npm-fixture-xEiCoA/candidates/verification-archive-5Wnwop/toolchain/node/bin/node"}
check	Run verification	2026-10-05T13:33:32.1823454Z [verification-tool-phase] {"phase":"tool-spawned","pid":13580,"parentPid":12568,"at":1791207212181,"toolPid":13587,"executable":"/tmp/verification-npm-fixture-xEiCoA/candidates/verification-archive-5Wnwop/toolchain/node/bin/node"}
check	Run verification	2026-10-05T13:33:32.2418148Z [verification-tool-phase] {"phase":"tool-exited","pid":13580,"parentPid":12568,"at":1791207212241,"toolPid":13587,"exitCode":0,"signal":null}
check	Run verification	2026-10-05T13:33:32.2492905Z [verification-tool-phase] {"phase":"group-drained","pid":13580,"parentPid":12568,"at":1791207212248,"toolPid":13587}
check	Run verification	2026-10-05T13:33:32.2521260Z [verification-tool-phase] {"phase":"monitor-closed","pid":12568,"parentPid":2832,"at":1791207212251,"monitorPid":13580,"exitCode":0,"signal":null}
check	Run verification	2026-10-05T13:33:32.4788001Z [verification-tool-phase] {"phase":"monitor-spawned","pid":12568,"parentPid":2832,"at":1791207212478,"monitorPid":13599,"executable":"/tmp/verification-npm-fixture-xEiCoA/candidates/verification-archive-5Wnwop/toolchain/node/bin/node"}
check	Run verification	2026-10-05T13:33:32.5053148Z [verification-tool-phase] {"phase":"tool-spawned","pid":13599,"parentPid":12568,"at":1791207212504,"toolPid":13606,"executable":"/tmp/verification-npm-fixture-xEiCoA/candidates/verification-archive-5Wnwop/toolchain/node/bin/node"}
check	Run verification	2026-10-05T13:33:32.5233421Z [verification-tool-phase] {"phase":"tool-exited","pid":13599,"parentPid":12568,"at":1791207212522,"toolPid":13606,"exitCode":0,"signal":null}
check	Run verification	2026-10-05T13:33:32.5302774Z [verification-tool-phase] {"phase":"group-drained","pid":13599,"parentPid":12568,"at":1791207212529,"toolPid":13606}
check	Run verification	2026-10-05T13:33:32.5330459Z [verification-tool-phase] {"phase":"monitor-closed","pid":12568,"parentPid":2832,"at":1791207212532,"monitorPid":13599,"exitCode":0,"signal":null}
check	Run verification	2026-10-05T13:33:32.6466039Z [verification-tool-phase] {"phase":"monitor-spawned","pid":12568,"parentPid":2832,"at":1791207212645,"monitorPid":13614,"executable":"/tmp/verification-npm-fixture-xEiCoA/candidates/verification-archive-5Wnwop/toolchain/node/bin/node"}
check	Run verification	2026-10-05T13:33:32.6743118Z [verification-tool-phase] {"phase":"tool-spawned","pid":13614,"parentPid":12568,"at":1791207212673,"toolPid":13621,"executable":"/tmp/verification-npm-fixture-xEiCoA/candidates/verification-archive-5Wnwop/toolchain/node/bin/node"}
check	Run verification	2026-10-05T13:33:32.7341380Z [verification-tool-phase] {"phase":"tool-exited","pid":13614,"parentPid":12568,"at":1791207212733,"toolPid":13621,"exitCode":0,"signal":null}
check	Run verification	2026-10-05T13:33:32.7417915Z [verification-tool-phase] {"phase":"group-drained","pid":13614,"parentPid":12568,"at":1791207212741,"toolPid":13621}
check	Run verification	2026-10-05T13:33:32.7444808Z [verification-tool-phase] {"phase":"monitor-closed","pid":12568,"parentPid":2832,"at":1791207212744,"monitorPid":13614,"exitCode":0,"signal":null}
check	Run verification	2026-10-05T13:33:32.8568150Z [verification-tool-phase] {"phase":"monitor-spawned","pid":12568,"parentPid":2832,"at":1791207212856,"monitorPid":13633,"executable":"/tmp/verification-npm-fixture-xEiCoA/candidates/verification-archive-5Wnwop/toolchain/node/bin/node"}
check	Run verification	2026-10-05T13:33:32.8846597Z [verification-tool-phase] {"phase":"tool-spawned","pid":13633,"parentPid":12568,"at":1791207212883,"toolPid":13640,"executable":"/tmp/verification-npm-fixture-xEiCoA/candidates/verification-archive-5Wnwop/toolchain/node/bin/node"}
check	Run verification	2026-10-05T13:33:33.2502042Z [verification-tool-phase] {"phase":"tool-exited","pid":13633,"parentPid":12568,"at":1791207213249,"toolPid":13640,"exitCode":0,"signal":null}
check	Run verification	2026-10-05T13:33:33.2572210Z [verification-tool-phase] {"phase":"group-drained","pid":13633,"parentPid":12568,"at":1791207213256,"toolPid":13640}
check	Run verification	2026-10-05T13:33:33.2598912Z [verification-tool-phase] {"phase":"monitor-closed","pid":12568,"parentPid":2832,"at":1791207213259,"monitorPid":13633,"exitCode":0,"signal":null}
check	Run verification	2026-10-05T13:33:35.2946502Z [verification-tool-phase] {"phase":"monitor-spawned","pid":12568,"parentPid":2832,"at":1791207215293,"monitorPid":13664,"executable":"/tmp/verification-npm-fixture-V9YoY1/candidates/verification-archive-sv6txf/toolchain/node/bin/node"}
check	Run verification	2026-10-05T13:33:35.3153741Z [verification-tool-phase] {"phase":"tool-spawned","pid":13664,"parentPid":12568,"at":1791207215314,"toolPid":13671,"executable":"/tmp/verification-npm-fixture-V9YoY1/candidates/verification-archive-sv6txf/toolchain/node/bin/node"}
check	Run verification	2026-10-05T13:33:35.3324859Z [verification-tool-phase] {"phase":"tool-exited","pid":13664,"parentPid":12568,"at":1791207215331,"toolPid":13671,"exitCode":0,"signal":null}
check	Run verification	2026-10-05T13:33:35.3394063Z [verification-tool-phase] {"phase":"group-drained","pid":13664,"parentPid":12568,"at":1791207215339,"toolPid":13671}
check	Run verification	2026-10-05T13:33:35.3426038Z [verification-tool-phase] {"phase":"monitor-closed","pid":12568,"parentPid":2832,"at":1791207215342,"monitorPid":13664,"exitCode":0,"signal":null}
check	Run verification	2026-10-05T13:33:35.4547047Z [verification-tool-phase] {"phase":"monitor-spawned","pid":12568,"parentPid":2832,"at":1791207215454,"monitorPid":13679,"executable":"/tmp/verification-npm-fixture-V9YoY1/candidates/verification-archive-sv6txf/toolchain/node/bin/node"}
check	Run verification	2026-10-05T13:33:35.4765444Z [verification-tool-phase] {"phase":"tool-spawned","pid":13679,"parentPid":12568,"at":1791207215475,"toolPid":13686,"executable":"/tmp/verification-npm-fixture-V9YoY1/candidates/verification-archive-sv6txf/toolchain/node/bin/node"}
check	Run verification	2026-10-05T13:33:35.5349417Z [verification-tool-phase] {"phase":"tool-exited","pid":13679,"parentPid":12568,"at":1791207215534,"toolPid":13686,"exitCode":0,"signal":null}
check	Run verification	2026-10-05T13:33:35.5420262Z [verification-tool-phase] {"phase":"group-drained","pid":13679,"parentPid":12568,"at":1791207215541,"toolPid":13686}
check	Run verification	2026-10-05T13:33:35.5446940Z [verification-tool-phase] {"phase":"monitor-closed","pid":12568,"parentPid":2832,"at":1791207215544,"monitorPid":13679,"exitCode":0,"signal":null}
check	Run verification	2026-10-05T13:33:35.7701805Z [verification-tool-phase] {"phase":"monitor-spawned","pid":12568,"parentPid":2832,"at":1791207215766,"monitorPid":13698,"executable":"/tmp/verification-npm-fixture-V9YoY1/candidates/verification-archive-sv6txf/toolchain/node/bin/node"}
check	Run verification	2026-10-05T13:33:35.7929828Z [verification-tool-phase] {"phase":"tool-spawned","pid":13698,"parentPid":12568,"at":1791207215791,"toolPid":13705,"executable":"/tmp/verification-npm-fixture-V9YoY1/candidates/verification-archive-sv6txf/toolchain/node/bin/node"}
check	Run verification	2026-10-05T13:33:35.8102857Z [verification-tool-phase] {"phase":"tool-exited","pid":13698,"parentPid":12568,"at":1791207215809,"toolPid":13705,"exitCode":0,"signal":null}
check	Run verification	2026-10-05T13:33:35.8176751Z [verification-tool-phase] {"phase":"group-drained","pid":13698,"parentPid":12568,"at":1791207215817,"toolPid":13705}
check	Run verification	2026-10-05T13:33:35.8205586Z [verification-tool-phase] {"phase":"monitor-closed","pid":12568,"parentPid":2832,"at":1791207215820,"monitorPid":13698,"exitCode":0,"signal":null}
check	Run verification	2026-10-05T13:33:35.9352858Z [verification-tool-phase] {"phase":"monitor-spawned","pid":12568,"parentPid":2832,"at":1791207215932,"monitorPid":13713,"executable":"/tmp/verification-npm-fixture-V9YoY1/candidates/verification-archive-sv6txf/toolchain/node/bin/node"}
check	Run verification	2026-10-05T13:33:35.9605555Z [verification-tool-phase] {"phase":"tool-spawned","pid":13713,"parentPid":12568,"at":1791207215959,"toolPid":13720,"executable":"/tmp/verification-npm-fixture-V9YoY1/candidates/verification-archive-sv6txf/toolchain/node/bin/node"}
check	Run verification	2026-10-05T13:33:36.0173008Z [verification-tool-phase] {"phase":"tool-exited","pid":13713,"parentPid":12568,"at":1791207216016,"toolPid":13720,"exitCode":0,"signal":null}
check	Run verification	2026-10-05T13:33:36.0248561Z [verification-tool-phase] {"phase":"group-drained","pid":13713,"parentPid":12568,"at":1791207216024,"toolPid":13720}
check	Run verification	2026-10-05T13:33:36.0279513Z [verification-tool-phase] {"phase":"monitor-closed","pid":12568,"parentPid":2832,"at":1791207216027,"monitorPid":13713,"exitCode":0,"signal":null}
check	Run verification	2026-10-05T13:33:36.1415488Z [verification-tool-phase] {"phase":"monitor-spawned","pid":12568,"parentPid":2832,"at":1791207216140,"monitorPid":13732,"executable":"/tmp/verification-npm-fixture-V9YoY1/candidates/verification-archive-sv6txf/toolchain/node/bin/node"}
check	Run verification	2026-10-05T13:33:36.1675953Z [verification-tool-phase] {"phase":"tool-spawned","pid":13732,"parentPid":12568,"at":1791207216166,"toolPid":13739,"executable":"/tmp/verification-npm-fixture-V9YoY1/candidates/verification-archive-sv6txf/toolchain/node/bin/node"}
check	Run verification	2026-10-05T13:33:36.4978177Z [verification-tool-phase] {"phase":"tool-exited","pid":13732,"parentPid":12568,"at":1791207216493,"toolPid":13739,"exitCode":null,"signal":"SIGKILL"}
check	Run verification	2026-10-05T13:33:36.5024759Z [verification-tool-phase] {"phase":"group-drained","pid":13732,"parentPid":12568,"at":1791207216501,"toolPid":13739}
check	Run verification	2026-10-05T13:33:36.5050163Z [verification-tool-phase] {"phase":"monitor-closed","pid":12568,"parentPid":2832,"at":1791207216504,"monitorPid":13732,"exitCode":0,"signal":null}
check	Run verification	2026-10-05T13:33:38.4323835Z [verification-tool-phase] {"phase":"monitor-spawned","pid":12568,"parentPid":2832,"at":1791207218431,"monitorPid":13763,"executable":"/tmp/verification-npm-fixture-j3uPh6/candidates/verification-archive-kINx9M/toolchain/node/bin/node"}
check	Run verification	2026-10-05T13:33:38.4525574Z [verification-tool-phase] {"phase":"tool-spawned","pid":13763,"parentPid":12568,"at":1791207218451,"toolPid":13770,"executable":"/tmp/verification-npm-fixture-j3uPh6/candidates/verification-archive-kINx9M/toolchain/node/bin/node"}
check	Run verification	2026-10-05T13:33:38.4690358Z [verification-tool-phase] {"phase":"tool-exited","pid":13763,"parentPid":12568,"at":1791207218468,"toolPid":13770,"exitCode":0,"signal":null}
check	Run verification	2026-10-05T13:33:38.4760440Z [verification-tool-phase] {"phase":"group-drained","pid":13763,"parentPid":12568,"at":1791207218475,"toolPid":13770}
check	Run verification	2026-10-05T13:33:38.4788657Z [verification-tool-phase] {"phase":"monitor-closed","pid":12568,"parentPid":2832,"at":1791207218478,"monitorPid":13763,"exitCode":0,"signal":null}
check	Run verification	2026-10-05T13:33:38.5904258Z [verification-tool-phase] {"phase":"monitor-spawned","pid":12568,"parentPid":2832,"at":1791207218589,"monitorPid":13778,"executable":"/tmp/verification-npm-fixture-j3uPh6/candidates/verification-archive-kINx9M/toolchain/node/bin/node"}
check	Run verification	2026-10-05T13:33:38.6109798Z [verification-tool-phase] {"phase":"tool-spawned","pid":13778,"parentPid":12568,"at":1791207218610,"toolPid":13785,"executable":"/tmp/verification-npm-fixture-j3uPh6/candidates/verification-archive-kINx9M/toolchain/node/bin/node"}
check	Run verification	2026-10-05T13:33:38.6676061Z [verification-tool-phase] {"phase":"tool-exited","pid":13778,"parentPid":12568,"at":1791207218666,"toolPid":13785,"exitCode":0,"signal":null}
check	Run verification	2026-10-05T13:33:38.6749479Z [verification-tool-phase] {"phase":"group-drained","pid":13778,"parentPid":12568,"at":1791207218674,"toolPid":13785}
check	Run verification	2026-10-05T13:33:38.6778174Z [verification-tool-phase] {"phase":"monitor-closed","pid":12568,"parentPid":2832,"at":1791207218677,"monitorPid":13778,"exitCode":0,"signal":null}
check	Run verification	2026-10-05T13:33:38.9238045Z [verification-tool-phase] {"phase":"monitor-spawned","pid":12568,"parentPid":2832,"at":1791207218922,"monitorPid":13797,"executable":"/tmp/verification-npm-fixture-j3uPh6/candidates/verification-archive-kINx9M/toolchain/node/bin/node"}
check	Run verification	2026-10-05T13:33:38.9647973Z [verification-tool-phase] {"phase":"tool-spawned","pid":13797,"parentPid":12568,"at":1791207218963,"toolPid":13804,"executable":"/tmp/verification-npm-fixture-j3uPh6/candidates/verification-archive-kINx9M/toolchain/node/bin/node"}
check	Run verification	2026-10-05T13:33:38.9852719Z [verification-tool-phase] {"phase":"tool-exited","pid":13797,"parentPid":12568,"at":1791207218984,"toolPid":13804,"exitCode":0,"signal":null}
check	Run verification	2026-10-05T13:33:38.9924748Z [verification-tool-phase] {"phase":"group-drained","pid":13797,"parentPid":12568,"at":1791207218991,"toolPid":13804}
check	Run verification	2026-10-05T13:33:38.9952770Z [verification-tool-phase] {"phase":"monitor-closed","pid":12568,"parentPid":2832,"at":1791207218994,"monitorPid":13797,"exitCode":0,"signal":null}
check	Run verification	2026-10-05T13:33:39.1096077Z [verification-tool-phase] {"phase":"monitor-spawned","pid":12568,"parentPid":2832,"at":1791207219108,"monitorPid":13812,"executable":"/tmp/verification-npm-fixture-j3uPh6/candidates/verification-archive-kINx9M/toolchain/node/bin/node"}
check	Run verification	2026-10-05T13:33:39.1363235Z [verification-tool-phase] {"phase":"tool-spawned","pid":13812,"parentPid":12568,"at":1791207219134,"toolPid":13819,"executable":"/tmp/verification-npm-fixture-j3uPh6/candidates/verification-archive-kINx9M/toolchain/node/bin/node"}
check	Run verification	2026-10-05T13:33:39.1912013Z [verification-tool-phase] {"phase":"tool-exited","pid":13812,"parentPid":12568,"at":1791207219190,"toolPid":13819,"exitCode":0,"signal":null}
check	Run verification	2026-10-05T13:33:39.1983879Z [verification-tool-phase] {"phase":"group-drained","pid":13812,"parentPid":12568,"at":1791207219197,"toolPid":13819}
check	Run verification	2026-10-05T13:33:39.2011166Z [verification-tool-phase] {"phase":"monitor-closed","pid":12568,"parentPid":2832,"at":1791207219200,"monitorPid":13812,"exitCode":0,"signal":null}
check	Run verification	2026-10-05T13:33:39.3135240Z [verification-tool-phase] {"phase":"monitor-spawned","pid":12568,"parentPid":2832,"at":1791207219312,"monitorPid":13831,"executable":"/tmp/verification-npm-fixture-j3uPh6/candidates/verification-archive-kINx9M/toolchain/node/bin/node"}
check	Run verification	2026-10-05T13:33:39.3418096Z [verification-tool-phase] {"phase":"tool-spawned","pid":13831,"parentPid":12568,"at":1791207219340,"toolPid":13838,"executable":"/tmp/verification-npm-fixture-j3uPh6/candidates/verification-archive-kINx9M/toolchain/node/bin/node"}
check	Run verification	2026-10-05T13:33:39.6664879Z [verification-tool-phase] {"phase":"tool-exited","pid":13831,"parentPid":12568,"at":1791207219665,"toolPid":13838,"exitCode":null,"signal":"SIGKILL"}
check	Run verification	2026-10-05T13:33:39.6731155Z [verification-tool-phase] {"phase":"group-drained","pid":13831,"parentPid":12568,"at":1791207219672,"toolPid":13838}
check	Run verification	2026-10-05T13:33:39.6757759Z [verification-tool-phase] {"phase":"monitor-closed","pid":12568,"parentPid":2832,"at":1791207219675,"monitorPid":13831,"exitCode":0,"signal":null}
check	Run verification	2026-10-05T13:33:41.6966428Z [verification-tool-phase] {"phase":"monitor-spawned","pid":12568,"parentPid":2832,"at":1791207221695,"monitorPid":13863,"executable":"/tmp/verification-npm-fixture-ZeHOlo/candidates/verification-archive-VvvZQt/toolchain/node/bin/node"}
check	Run verification	2026-10-05T13:33:41.7174245Z [verification-tool-phase] {"phase":"tool-spawned","pid":13863,"parentPid":12568,"at":1791207221716,"toolPid":13870,"executable":"/tmp/verification-npm-fixture-ZeHOlo/candidates/verification-archive-VvvZQt/toolchain/node/bin/node"}
check	Run verification	2026-10-05T13:33:41.7338403Z [verification-tool-phase] {"phase":"tool-exited","pid":13863,"parentPid":12568,"at":1791207221733,"toolPid":13870,"exitCode":0,"signal":null}
check	Run verification	2026-10-05T13:33:41.7408552Z [verification-tool-phase] {"phase":"group-drained","pid":13863,"parentPid":12568,"at":1791207221740,"toolPid":13870}
check	Run verification	2026-10-05T13:33:41.7438337Z [verification-tool-phase] {"phase":"monitor-closed","pid":12568,"parentPid":2832,"at":1791207221743,"monitorPid":13863,"exitCode":0,"signal":null}
check	Run verification	2026-10-05T13:33:41.8572571Z [verification-tool-phase] {"phase":"monitor-spawned","pid":12568,"parentPid":2832,"at":1791207221856,"monitorPid":13878,"executable":"/tmp/verification-npm-fixture-ZeHOlo/candidates/verification-archive-VvvZQt/toolchain/node/bin/node"}
check	Run verification	2026-10-05T13:33:41.8795266Z [verification-tool-phase] {"phase":"tool-spawned","pid":13878,"parentPid":12568,"at":1791207221878,"toolPid":13885,"executable":"/tmp/verification-npm-fixture-ZeHOlo/candidates/verification-archive-VvvZQt/toolchain/node/bin/node"}
check	Run verification	2026-10-05T13:33:41.9398579Z [verification-tool-phase] {"phase":"tool-exited","pid":13878,"parentPid":12568,"at":1791207221939,"toolPid":13885,"exitCode":0,"signal":null}
check	Run verification	2026-10-05T13:33:41.9473277Z [verification-tool-phase] {"phase":"group-drained","pid":13878,"parentPid":12568,"at":1791207221946,"toolPid":13885}
check	Run verification	2026-10-05T13:33:41.9500645Z [verification-tool-phase] {"phase":"monitor-closed","pid":12568,"parentPid":2832,"at":1791207221949,"monitorPid":13878,"exitCode":0,"signal":null}
check	Run verification	2026-10-05T13:33:44.0381543Z [verification-tool-phase] {"phase":"monitor-spawned","pid":12568,"parentPid":2832,"at":1791207224037,"monitorPid":13908,"executable":"/tmp/verification-npm-fixture-hUXNab/candidates/verification-archive-EkcY6F/toolchain/node/bin/node"}
check	Run verification	2026-10-05T13:33:44.0611012Z [verification-tool-phase] {"phase":"tool-spawned","pid":13908,"parentPid":12568,"at":1791207224059,"toolPid":13915,"executable":"/tmp/verification-npm-fixture-hUXNab/candidates/verification-archive-EkcY6F/toolchain/node/bin/node"}
check	Run verification	2026-10-05T13:33:44.0792981Z [verification-tool-phase] {"phase":"tool-exited","pid":13908,"parentPid":12568,"at":1791207224078,"toolPid":13915,"exitCode":0,"signal":null}
check	Run verification	2026-10-05T13:33:44.0871930Z [verification-tool-phase] {"phase":"group-drained","pid":13908,"parentPid":12568,"at":1791207224086,"toolPid":13915}
check	Run verification	2026-10-05T13:33:44.0902378Z [verification-tool-phase] {"phase":"monitor-closed","pid":12568,"parentPid":2832,"at":1791207224089,"monitorPid":13908,"exitCode":0,"signal":null}
check	Run verification	2026-10-05T13:33:44.2065533Z [verification-tool-phase] {"phase":"monitor-spawned","pid":12568,"parentPid":2832,"at":1791207224205,"monitorPid":13923,"executable":"/tmp/verification-npm-fixture-hUXNab/candidates/verification-archive-EkcY6F/toolchain/node/bin/node"}
check	Run verification	2026-10-05T13:33:44.2291041Z [verification-tool-phase] {"phase":"tool-spawned","pid":13923,"parentPid":12568,"at":1791207224228,"toolPid":13930,"executable":"/tmp/verification-npm-fixture-hUXNab/candidates/verification-archive-EkcY6F/toolchain/node/bin/node"}
check	Run verification	2026-10-05T13:33:44.2887184Z [verification-tool-phase] {"phase":"tool-exited","pid":13923,"parentPid":12568,"at":1791207224287,"toolPid":13930,"exitCode":0,"signal":null}
check	Run verification	2026-10-05T13:33:44.2960629Z [verification-tool-phase] {"phase":"group-drained","pid":13923,"parentPid":12568,"at":1791207224295,"toolPid":13930}
check	Run verification	2026-10-05T13:33:44.2990311Z [verification-tool-phase] {"phase":"monitor-closed","pid":12568,"parentPid":2832,"at":1791207224298,"monitorPid":13923,"exitCode":0,"signal":null}
check	Run verification	2026-10-05T13:33:44.7621216Z [verification-tool-phase] {"phase":"monitor-spawned","pid":12568,"parentPid":2832,"at":1791207224761,"monitorPid":13964,"executable":"/tmp/verification-dotnet-sdk-test-cUXTKf/candidates/verification-archive-UVXQpr/dotnet-sdk/dotnet"}
check	Run verification	2026-10-05T13:33:44.7841813Z [verification-tool-phase] {"phase":"tool-spawned","pid":13964,"parentPid":12568,"at":1791207224783,"toolPid":13971,"executable":"/tmp/verification-dotnet-sdk-test-cUXTKf/candidates/verification-archive-UVXQpr/dotnet-sdk/dotnet"}
check	Run verification	2026-10-05T13:33:44.8032176Z [verification-tool-phase] {"phase":"tool-exited","pid":13964,"parentPid":12568,"at":1791207224802,"toolPid":13971,"exitCode":0,"signal":null}
check	Run verification	2026-10-05T13:33:44.8106012Z [verification-tool-phase] {"phase":"group-drained","pid":13964,"parentPid":12568,"at":1791207224810,"toolPid":13971}
check	Run verification	2026-10-05T13:33:44.8135918Z [verification-tool-phase] {"phase":"monitor-closed","pid":12568,"parentPid":2832,"at":1791207224813,"monitorPid":13964,"exitCode":0,"signal":null}
check	Run verification	2026-10-05T13:33:44.8214700Z [verification-tool-phase] {"phase":"monitor-spawned","pid":12568,"parentPid":2832,"at":1791207224821,"monitorPid":13980,"executable":"/tmp/verification-dotnet-sdk-test-9cIKQO/candidates/verification-archive-RyMblR/dotnet-sdk/dotnet"}
check	Run verification	2026-10-05T13:33:44.8444421Z [verification-tool-phase] {"phase":"tool-spawned","pid":13980,"parentPid":12568,"at":1791207224843,"toolPid":13987,"executable":"/tmp/verification-dotnet-sdk-test-9cIKQO/candidates/verification-archive-RyMblR/dotnet-sdk/dotnet"}
check	Run verification	2026-10-05T13:33:44.8656067Z [verification-tool-phase] {"phase":"tool-exited","pid":13980,"parentPid":12568,"at":1791207224864,"toolPid":13987,"exitCode":0,"signal":null}
check	Run verification	2026-10-05T13:33:44.8732575Z [verification-tool-phase] {"phase":"group-drained","pid":13980,"parentPid":12568,"at":1791207224872,"toolPid":13987}
check	Run verification	2026-10-05T13:33:44.8759693Z [verification-tool-phase] {"phase":"monitor-closed","pid":12568,"parentPid":2832,"at":1791207224875,"monitorPid":13980,"exitCode":0,"signal":null}
check	Run verification	2026-10-05T13:33:44.8838863Z [verification-tool-phase] {"phase":"monitor-spawned","pid":12568,"parentPid":2832,"at":1791207224883,"monitorPid":13995,"executable":"/tmp/verification-dotnet-sdk-test-FTsYKS/candidates/verification-archive-P5GJpn/dotnet-sdk/dotnet"}
check	Run verification	2026-10-05T13:33:44.9054108Z [verification-tool-phase] {"phase":"tool-spawned","pid":13995,"parentPid":12568,"at":1791207224904,"toolPid":14002,"executable":"/tmp/verification-dotnet-sdk-test-FTsYKS/candidates/verification-archive-P5GJpn/dotnet-sdk/dotnet"}
check	Run verification	2026-10-05T13:33:44.9258491Z [verification-tool-phase] {"phase":"tool-exited","pid":13995,"parentPid":12568,"at":1791207224925,"toolPid":14002,"exitCode":73,"signal":null}
check	Run verification	2026-10-05T13:33:44.9329284Z [verification-tool-phase] {"phase":"group-drained","pid":13995,"parentPid":12568,"at":1791207224932,"toolPid":14002}
check	Run verification	2026-10-05T13:33:44.9358001Z [verification-tool-phase] {"phase":"monitor-closed","pid":12568,"parentPid":2832,"at":1791207224935,"monitorPid":13995,"exitCode":0,"signal":null}
check	Run verification	2026-10-05T13:33:44.9485514Z [verification-tool-phase] {"phase":"monitor-spawned","pid":12568,"parentPid":2832,"at":1791207224948,"monitorPid":14010,"executable":"/tmp/verification-dotnet-sdk-test-fF0aM5/candidates/verification-archive-IfjQnJ/dotnet-sdk/dotnet"}
check	Run verification	2026-10-05T13:33:44.9706218Z [verification-tool-phase] {"phase":"tool-spawned","pid":14010,"parentPid":12568,"at":1791207224969,"toolPid":14017,"executable":"/tmp/verification-dotnet-sdk-test-fF0aM5/candidates/verification-archive-IfjQnJ/dotnet-sdk/dotnet"}
check	Run verification	2026-10-05T13:33:44.9892382Z [verification-tool-phase] {"phase":"tool-exited","pid":14010,"parentPid":12568,"at":1791207224988,"toolPid":14017,"exitCode":73,"signal":null}
check	Run verification	2026-10-05T13:33:44.9965851Z [verification-tool-phase] {"phase":"group-drained","pid":14010,"parentPid":12568,"at":1791207224995,"toolPid":14017}
check	Run verification	2026-10-05T13:33:44.9993008Z [verification-tool-phase] {"phase":"monitor-closed","pid":12568,"parentPid":2832,"at":1791207224998,"monitorPid":14010,"exitCode":0,"signal":null}
check	Run verification	2026-10-05T13:33:45.0162913Z [verification-tool-phase] {"phase":"monitor-spawned","pid":12568,"parentPid":2832,"at":1791207225015,"monitorPid":14025,"executable":"/tmp/verification-dotnet-sdk-test-6uLvPe/candidates/verification-archive-PkyZhS/dotnet-sdk/dotnet"}
check	Run verification	2026-10-05T13:33:45.0383945Z [verification-tool-phase] {"phase":"tool-spawned","pid":14025,"parentPid":12568,"at":1791207225037,"toolPid":14032,"executable":"/tmp/verification-dotnet-sdk-test-6uLvPe/candidates/verification-archive-PkyZhS/dotnet-sdk/dotnet"}
check	Run verification	2026-10-05T13:33:45.0571839Z [verification-tool-phase] {"phase":"tool-exited","pid":14025,"parentPid":12568,"at":1791207225056,"toolPid":14032,"exitCode":0,"signal":null}
check	Run verification	2026-10-05T13:33:45.0644194Z [verification-tool-phase] {"phase":"group-drained","pid":14025,"parentPid":12568,"at":1791207225063,"toolPid":14032}
check	Run verification	2026-10-05T13:33:45.0692396Z [verification-tool-phase] {"phase":"monitor-closed","pid":12568,"parentPid":2832,"at":1791207225066,"monitorPid":14025,"exitCode":0,"signal":null}
check	Run verification	2026-10-05T13:33:45.0759980Z [verification-tool-phase] {"phase":"monitor-spawned","pid":12568,"parentPid":2832,"at":1791207225075,"monitorPid":14040,"executable":"/tmp/verification-dotnet-sdk-test-mtTDjF/candidates/verification-archive-UQzVkt/dotnet-sdk/dotnet"}
check	Run verification	2026-10-05T13:33:45.0983896Z [verification-tool-phase] {"phase":"tool-spawned","pid":14040,"parentPid":12568,"at":1791207225097,"toolPid":14047,"executable":"/tmp/verification-dotnet-sdk-test-mtTDjF/candidates/verification-archive-UQzVkt/dotnet-sdk/dotnet"}
check	Run verification	2026-10-05T13:33:45.1357841Z [verification-tool-phase] {"phase":"tool-exited","pid":14040,"parentPid":12568,"at":1791207225135,"toolPid":14047,"exitCode":null,"signal":"SIGKILL"}
check	Run verification	2026-10-05T13:33:45.1431444Z [verification-tool-phase] {"phase":"group-drained","pid":14040,"parentPid":12568,"at":1791207225142,"toolPid":14047}
check	Run verification	2026-10-05T13:33:45.1458876Z [verification-tool-phase] {"phase":"monitor-closed","pid":12568,"parentPid":2832,"at":1791207225145,"monitorPid":14040,"exitCode":0,"signal":null}
check	Run verification	2026-10-05T13:33:45.1541282Z [verification-tool-phase] {"phase":"monitor-spawned","pid":12568,"parentPid":2832,"at":1791207225153,"monitorPid":14062,"executable":"/tmp/verification-dotnet-sdk-test-Y9aG9q/candidates/verification-archive-jteLgE/dotnet-sdk/dotnet"}
check	Run verification	2026-10-05T13:33:45.1771187Z [verification-tool-phase] {"phase":"tool-spawned","pid":14062,"parentPid":12568,"at":1791207225176,"toolPid":14069,"executable":"/tmp/verification-dotnet-sdk-test-Y9aG9q/candidates/verification-archive-jteLgE/dotnet-sdk/dotnet"}
check	Run verification	2026-10-05T13:33:45.2173381Z [verification-tool-phase] {"phase":"tool-exited","pid":14062,"parentPid":12568,"at":1791207225216,"toolPid":14069,"exitCode":null,"signal":"SIGKILL"}
check	Run verification	2026-10-05T13:33:45.2251734Z [verification-tool-phase] {"phase":"group-drained","pid":14062,"parentPid":12568,"at":1791207225224,"toolPid":14069}
check	Run verification	2026-10-05T13:33:45.2287773Z [verification-tool-phase] {"phase":"monitor-closed","pid":12568,"parentPid":2832,"at":1791207225228,"monitorPid":14062,"exitCode":0,"signal":null}
check	Run verification	2026-10-05T13:33:45.2376063Z [verification-tool-phase] {"phase":"monitor-spawned","pid":12568,"parentPid":2832,"at":1791207225237,"monitorPid":14084,"executable":"/tmp/verification-dotnet-restore-GAb2V6/sdk/dotnet-sdk/dotnet"}
check	Run verification	2026-10-05T13:33:45.2618599Z [verification-tool-phase] {"phase":"tool-spawned","pid":14084,"parentPid":12568,"at":1791207225260,"toolPid":14091,"executable":"/tmp/verification-dotnet-restore-GAb2V6/sdk/dotnet-sdk/dotnet"}
check	Run verification	2026-10-05T13:33:45.2796179Z [verification-tool-phase] {"phase":"tool-exited","pid":14084,"parentPid":12568,"at":1791207225278,"toolPid":14091,"exitCode":73,"signal":null}
check	Run verification	2026-10-05T13:33:45.2873177Z [verification-tool-phase] {"phase":"group-drained","pid":14084,"parentPid":12568,"at":1791207225286,"toolPid":14091}
check	Run verification	2026-10-05T13:33:45.2901792Z [verification-tool-phase] {"phase":"monitor-closed","pid":12568,"parentPid":2832,"at":1791207225289,"monitorPid":14084,"exitCode":0,"signal":null}
check	Run verification	2026-10-05T13:33:45.3085551Z [verification-tool-phase] {"phase":"monitor-spawned","pid":12568,"parentPid":2832,"at":1791207225308,"monitorPid":14099,"executable":"/tmp/verification-dotnet-restore-9zQIzN/sdk/dotnet-sdk/dotnet"}
check	Run verification	2026-10-05T13:33:45.3311781Z [verification-tool-phase] {"phase":"tool-spawned","pid":14099,"parentPid":12568,"at":1791207225330,"toolPid":14106,"executable":"/tmp/verification-dotnet-restore-9zQIzN/sdk/dotnet-sdk/dotnet"}
check	Run verification	2026-10-05T13:33:45.3508304Z [verification-tool-phase] {"phase":"tool-exited","pid":14099,"parentPid":12568,"at":1791207225350,"toolPid":14106,"exitCode":73,"signal":null}
check	Run verification	2026-10-05T13:33:45.3580493Z [verification-tool-phase] {"phase":"group-drained","pid":14099,"parentPid":12568,"at":1791207225357,"toolPid":14106}
check	Run verification	2026-10-05T13:33:45.3621959Z [verification-tool-phase] {"phase":"monitor-closed","pid":12568,"parentPid":2832,"at":1791207225360,"monitorPid":14099,"exitCode":0,"signal":null}
check	Run verification	2026-10-05T13:33:45.3714080Z [verification-tool-phase] {"phase":"monitor-spawned","pid":12568,"parentPid":2832,"at":1791207225371,"monitorPid":14114,"executable":"/tmp/verification-dotnet-restore-LSgnSU/sdk/dotnet-sdk/dotnet"}
check	Run verification	2026-10-05T13:33:45.3931914Z [verification-tool-phase] {"phase":"tool-spawned","pid":14114,"parentPid":12568,"at":1791207225392,"toolPid":14121,"executable":"/tmp/verification-dotnet-restore-LSgnSU/sdk/dotnet-sdk/dotnet"}
check	Run verification	2026-10-05T13:33:45.4329288Z [verification-tool-phase] {"phase":"tool-exited","pid":14114,"parentPid":12568,"at":1791207225432,"toolPid":14121,"exitCode":null,"signal":"SIGKILL"}
check	Run verification	2026-10-05T13:33:45.4399610Z [verification-tool-phase] {"phase":"group-drained","pid":14114,"parentPid":12568,"at":1791207225439,"toolPid":14121}
check	Run verification	2026-10-05T13:33:45.4426566Z [verification-tool-phase] {"phase":"monitor-closed","pid":12568,"parentPid":2832,"at":1791207225442,"monitorPid":14114,"exitCode":0,"signal":null}
check	Run verification	2026-10-05T13:33:45.4499560Z [verification-tool-phase] {"phase":"monitor-spawned","pid":12568,"parentPid":2832,"at":1791207225449,"monitorPid":14136,"executable":"/tmp/verification-dotnet-restore-q8xw1b/sdk/dotnet-sdk/dotnet"}
check	Run verification	2026-10-05T13:33:45.4746769Z [verification-tool-phase] {"phase":"tool-spawned","pid":14136,"parentPid":12568,"at":1791207225473,"toolPid":14143,"executable":"/tmp/verification-dotnet-restore-q8xw1b/sdk/dotnet-sdk/dotnet"}
check	Run verification	2026-10-05T13:33:45.5131469Z [verification-tool-phase] {"phase":"tool-exited","pid":14136,"parentPid":12568,"at":1791207225512,"toolPid":14143,"exitCode":null,"signal":"SIGKILL"}
check	Run verification	2026-10-05T13:33:45.5202988Z [verification-tool-phase] {"phase":"group-drained","pid":14136,"parentPid":12568,"at":1791207225519,"toolPid":14143}
check	Run verification	2026-10-05T13:33:45.5231972Z [verification-tool-phase] {"phase":"monitor-closed","pid":12568,"parentPid":2832,"at":1791207225522,"monitorPid":14136,"exitCode":0,"signal":null}
check	Run verification	2026-10-05T13:33:45.5306288Z [verification-tool-phase] {"phase":"monitor-spawned","pid":12568,"parentPid":2832,"at":1791207225530,"monitorPid":14158,"executable":"/tmp/verification-dotnet-restore-U1pn2h/sdk/dotnet-sdk/dotnet"}
check	Run verification	2026-10-05T13:33:45.5519568Z [verification-tool-phase] {"phase":"tool-spawned","pid":14158,"parentPid":12568,"at":1791207225551,"toolPid":14165,"executable":"/tmp/verification-dotnet-restore-U1pn2h/sdk/dotnet-sdk/dotnet"}
check	Run verification	2026-10-05T13:33:45.5887210Z [verification-tool-phase] {"phase":"tool-exited","pid":14158,"parentPid":12568,"at":1791207225588,"toolPid":14165,"exitCode":null,"signal":"SIGKILL"}
check	Run verification	2026-10-05T13:33:45.5955306Z [verification-tool-phase] {"phase":"group-drained","pid":14158,"parentPid":12568,"at":1791207225594,"toolPid":14165}
check	Run verification	2026-10-05T13:33:45.5981366Z [verification-tool-phase] {"phase":"monitor-closed","pid":12568,"parentPid":2832,"at":1791207225597,"monitorPid":14158,"exitCode":0,"signal":null}
check	Run verification	2026-10-05T13:33:45.6061716Z [verification-tool-phase] {"phase":"monitor-spawned","pid":12568,"parentPid":2832,"at":1791207225605,"monitorPid":14180,"executable":"/tmp/verification-dotnet-restore-TVFcyS/sdk/dotnet-sdk/dotnet"}
check	Run verification	2026-10-05T13:33:45.6269576Z [verification-tool-phase] {"phase":"tool-spawned","pid":14180,"parentPid":12568,"at":1791207225626,"toolPid":14187,"executable":"/tmp/verification-dotnet-restore-TVFcyS/sdk/dotnet-sdk/dotnet"}
check	Run verification	2026-10-05T13:33:45.6464173Z [verification-tool-phase] {"phase":"tool-exited","pid":14180,"parentPid":12568,"at":1791207225645,"toolPid":14187,"exitCode":0,"signal":null}
check	Run verification	2026-10-05T13:33:45.6534720Z [verification-tool-phase] {"phase":"group-drained","pid":14180,"parentPid":12568,"at":1791207225652,"toolPid":14187}
check	Run verification	2026-10-05T13:33:45.6560728Z [verification-tool-phase] {"phase":"monitor-closed","pid":12568,"parentPid":2832,"at":1791207225655,"monitorPid":14180,"exitCode":0,"signal":null}
check	Run verification	2026-10-05T13:33:45.6644977Z [verification-tool-phase] {"phase":"monitor-spawned","pid":12568,"parentPid":2832,"at":1791207225664,"monitorPid":14195,"executable":"/tmp/verification-dotnet-restore-iJ42jY/sdk/dotnet-sdk/dotnet"}
check	Run verification	2026-10-05T13:33:45.6853779Z [verification-tool-phase] {"phase":"tool-spawned","pid":14195,"parentPid":12568,"at":1791207225684,"toolPid":14202,"executable":"/tmp/verification-dotnet-restore-iJ42jY/sdk/dotnet-sdk/dotnet"}
check	Run verification	2026-10-05T13:33:45.7056440Z [verification-tool-phase] {"phase":"tool-exited","pid":14195,"parentPid":12568,"at":1791207225704,"toolPid":14202,"exitCode":0,"signal":null}
check	Run verification	2026-10-05T13:33:45.7128470Z [verification-tool-phase] {"phase":"group-drained","pid":14195,"parentPid":12568,"at":1791207225712,"toolPid":14202}
check	Run verification	2026-10-05T13:33:45.7155007Z [verification-tool-phase] {"phase":"monitor-closed","pid":12568,"parentPid":2832,"at":1791207225715,"monitorPid":14195,"exitCode":0,"signal":null}
check	Run verification	2026-10-05T13:33:45.7294252Z [verification-tool-phase] {"phase":"monitor-spawned","pid":12568,"parentPid":2832,"at":1791207225729,"monitorPid":14210,"executable":"/tmp/verification-dotnet-restore-Gqd5kZ/sdk/dotnet-sdk/dotnet"}
check	Run verification	2026-10-05T13:33:45.7535148Z [verification-tool-phase] {"phase":"tool-spawned","pid":14210,"parentPid":12568,"at":1791207225752,"toolPid":14217,"executable":"/tmp/verification-dotnet-restore-Gqd5kZ/sdk/dotnet-sdk/dotnet"}
check	Run verification	2026-10-05T13:33:45.7722101Z [verification-tool-phase] {"phase":"tool-exited","pid":14210,"parentPid":12568,"at":1791207225771,"toolPid":14217,"exitCode":0,"signal":null}
check	Run verification	2026-10-05T13:33:45.7794229Z [verification-tool-phase] {"phase":"group-drained","pid":14210,"parentPid":12568,"at":1791207225778,"toolPid":14217}
check	Run verification	2026-10-05T13:33:45.7825446Z [verification-tool-phase] {"phase":"monitor-closed","pid":12568,"parentPid":2832,"at":1791207225782,"monitorPid":14210,"exitCode":0,"signal":null}
check	Run verification	2026-10-05T13:33:45.7911260Z [verification-tool-phase] {"phase":"monitor-spawned","pid":12568,"parentPid":2832,"at":1791207225790,"monitorPid":14225,"executable":"/tmp/verification-dotnet-restore-rIZLlb/sdk/dotnet-sdk/dotnet"}
check	Run verification	2026-10-05T13:33:45.8129946Z [verification-tool-phase] {"phase":"tool-spawned","pid":14225,"parentPid":12568,"at":1791207225812,"toolPid":14232,"executable":"/tmp/verification-dotnet-restore-rIZLlb/sdk/dotnet-sdk/dotnet"}
check	Run verification	2026-10-05T13:33:45.8346986Z [verification-tool-phase] {"phase":"tool-exited","pid":14225,"parentPid":12568,"at":1791207225833,"toolPid":14232,"exitCode":0,"signal":null}
check	Run verification	2026-10-05T13:33:45.8442351Z [verification-tool-phase] {"phase":"group-drained","pid":14225,"parentPid":12568,"at":1791207225841,"toolPid":14232}
check	Run verification	2026-10-05T13:33:45.8451505Z [verification-tool-phase] {"phase":"monitor-closed","pid":12568,"parentPid":2832,"at":1791207225844,"monitorPid":14225,"exitCode":0,"signal":null}
check	Run verification	2026-10-05T13:33:45.8614166Z [verification-tool-phase] {"phase":"monitor-spawned","pid":12568,"parentPid":2832,"at":1791207225861,"monitorPid":14240,"executable":"/tmp/verification-dotnet-restore-9NRbPx/sdk/dotnet-sdk/dotnet"}
check	Run verification	2026-10-05T13:33:45.9007945Z [verification-tool-phase] {"phase":"tool-spawned","pid":14240,"parentPid":12568,"at":1791207225898,"toolPid":14247,"executable":"/tmp/verification-dotnet-restore-9NRbPx/sdk/dotnet-sdk/dotnet"}
check	Run verification	2026-10-05T13:33:45.9254797Z [verification-tool-phase] {"phase":"tool-exited","pid":14240,"parentPid":12568,"at":1791207225924,"toolPid":14247,"exitCode":0,"signal":null}
check	Run verification	2026-10-05T13:33:45.9331595Z [verification-tool-phase] {"phase":"group-drained","pid":14240,"parentPid":12568,"at":1791207225932,"toolPid":14247}
check	Run verification	2026-10-05T13:33:45.9358744Z [verification-tool-phase] {"phase":"monitor-closed","pid":12568,"parentPid":2832,"at":1791207225935,"monitorPid":14240,"exitCode":0,"signal":null}
check	Run verification	2026-10-05T13:33:45.9446464Z [verification-tool-phase] {"phase":"monitor-spawned","pid":12568,"parentPid":2832,"at":1791207225944,"monitorPid":14255,"executable":"/tmp/verification-dotnet-restore-R3eUXd/sdk/dotnet-sdk/dotnet"}
check	Run verification	2026-10-05T13:33:45.9675373Z [verification-tool-phase] {"phase":"tool-spawned","pid":14255,"parentPid":12568,"at":1791207225966,"toolPid":14262,"executable":"/tmp/verification-dotnet-restore-R3eUXd/sdk/dotnet-sdk/dotnet"}
check	Run verification	2026-10-05T13:33:45.9888569Z [verification-tool-phase] {"phase":"tool-exited","pid":14255,"parentPid":12568,"at":1791207225988,"toolPid":14262,"exitCode":0,"signal":null}
check	Run verification	2026-10-05T13:33:45.9962080Z [verification-tool-phase] {"phase":"group-drained","pid":14255,"parentPid":12568,"at":1791207225995,"toolPid":14262}
check	Run verification	2026-10-05T13:33:45.9991650Z [verification-tool-phase] {"phase":"monitor-closed","pid":12568,"parentPid":2832,"at":1791207225998,"monitorPid":14255,"exitCode":0,"signal":null}
check	Run verification	2026-10-05T13:33:46.0076104Z [verification-tool-phase] {"phase":"monitor-spawned","pid":12568,"parentPid":2832,"at":1791207226007,"monitorPid":14270,"executable":"/tmp/verification-dotnet-restore-sXfD0L/sdk/dotnet-sdk/dotnet"}
check	Run verification	2026-10-05T13:33:46.0299685Z [verification-tool-phase] {"phase":"tool-spawned","pid":14270,"parentPid":12568,"at":1791207226029,"toolPid":14277,"executable":"/tmp/verification-dotnet-restore-sXfD0L/sdk/dotnet-sdk/dotnet"}
check	Run verification	2026-10-05T13:33:46.0509769Z [verification-tool-phase] {"phase":"tool-exited","pid":14270,"parentPid":12568,"at":1791207226050,"toolPid":14277,"exitCode":0,"signal":null}
check	Run verification	2026-10-05T13:33:46.0584325Z [verification-tool-phase] {"phase":"group-drained","pid":14270,"parentPid":12568,"at":1791207226057,"toolPid":14277}
check	Run verification	2026-10-05T13:33:46.0612964Z [verification-tool-phase] {"phase":"monitor-closed","pid":12568,"parentPid":2832,"at":1791207226060,"monitorPid":14270,"exitCode":0,"signal":null}
check	Run verification	2026-10-05T13:33:46.0687808Z [verification-tool-phase] {"phase":"monitor-spawned","pid":12568,"parentPid":2832,"at":1791207226068,"monitorPid":14285,"executable":"/tmp/verification-dotnet-restore-XKYgjl/sdk/dotnet-sdk/dotnet"}
check	Run verification	2026-10-05T13:33:46.0912829Z [verification-tool-phase] {"phase":"tool-spawned","pid":14285,"parentPid":12568,"at":1791207226090,"toolPid":14292,"executable":"/tmp/verification-dotnet-restore-XKYgjl/sdk/dotnet-sdk/dotnet"}
check	Run verification	2026-10-05T13:33:46.1108238Z [verification-tool-phase] {"phase":"tool-exited","pid":14285,"parentPid":12568,"at":1791207226110,"toolPid":14292,"exitCode":0,"signal":null}
check	Run verification	2026-10-05T13:33:46.1181550Z [verification-tool-phase] {"phase":"group-drained","pid":14285,"parentPid":12568,"at":1791207226117,"toolPid":14292}
check	Run verification	2026-10-05T13:33:46.1209766Z [verification-tool-phase] {"phase":"monitor-closed","pid":12568,"parentPid":2832,"at":1791207226120,"monitorPid":14285,"exitCode":0,"signal":null}
check	Run verification	2026-10-05T13:33:46.1292386Z [verification-tool-phase] {"phase":"monitor-spawned","pid":12568,"parentPid":2832,"at":1791207226128,"monitorPid":14300,"executable":"/tmp/verification-dotnet-restore-9ZkOs6/sdk/dotnet-sdk/dotnet"}
check	Run verification	2026-10-05T13:33:46.1528117Z [verification-tool-phase] {"phase":"tool-spawned","pid":14300,"parentPid":12568,"at":1791207226151,"toolPid":14307,"executable":"/tmp/verification-dotnet-restore-9ZkOs6/sdk/dotnet-sdk/dotnet"}
check	Run verification	2026-10-05T13:33:46.1731849Z [verification-tool-phase] {"phase":"tool-exited","pid":14300,"parentPid":12568,"at":1791207226172,"toolPid":14307,"exitCode":0,"signal":null}
check	Run verification	2026-10-05T13:33:46.1812606Z [verification-tool-phase] {"phase":"group-drained","pid":14300,"parentPid":12568,"at":1791207226180,"toolPid":14307}
check	Run verification	2026-10-05T13:33:46.1836374Z [verification-tool-phase] {"phase":"monitor-closed","pid":12568,"parentPid":2832,"at":1791207226183,"monitorPid":14300,"exitCode":0,"signal":null}
check	Run verification	2026-10-05T13:33:46.1922316Z [verification-tool-phase] {"phase":"monitor-spawned","pid":12568,"parentPid":2832,"at":1791207226191,"monitorPid":14315,"executable":"/tmp/verification-dotnet-restore-9QVWtu/sdk/dotnet-sdk/dotnet"}
check	Run verification	2026-10-05T13:33:46.2153289Z [verification-tool-phase] {"phase":"tool-spawned","pid":14315,"parentPid":12568,"at":1791207226214,"toolPid":14322,"executable":"/tmp/verification-dotnet-restore-9QVWtu/sdk/dotnet-sdk/dotnet"}
check	Run verification	2026-10-05T13:33:46.2351171Z [verification-tool-phase] {"phase":"tool-exited","pid":14315,"parentPid":12568,"at":1791207226234,"toolPid":14322,"exitCode":0,"signal":null}
check	Run verification	2026-10-05T13:33:46.2432581Z [verification-tool-phase] {"phase":"group-drained","pid":14315,"parentPid":12568,"at":1791207226241,"toolPid":14322}
check	Run verification	2026-10-05T13:33:46.2460778Z [verification-tool-phase] {"phase":"monitor-closed","pid":12568,"parentPid":2832,"at":1791207226245,"monitorPid":14315,"exitCode":0,"signal":null}
check	Run verification	2026-10-05T13:33:46.2544348Z [verification-tool-phase] {"phase":"monitor-spawned","pid":12568,"parentPid":2832,"at":1791207226254,"monitorPid":14330,"executable":"/tmp/verification-dotnet-restore-iLgffA/sdk/dotnet-sdk/dotnet"}
check	Run verification	2026-10-05T13:33:46.2761461Z [verification-tool-phase] {"phase":"tool-spawned","pid":14330,"parentPid":12568,"at":1791207226275,"toolPid":14337,"executable":"/tmp/verification-dotnet-restore-iLgffA/sdk/dotnet-sdk/dotnet"}
check	Run verification	2026-10-05T13:33:46.2952213Z [verification-tool-phase] {"phase":"tool-exited","pid":14330,"parentPid":12568,"at":1791207226294,"toolPid":14337,"exitCode":0,"signal":null}
check	Run verification	2026-10-05T13:33:46.3024199Z [verification-tool-phase] {"phase":"group-drained","pid":14330,"parentPid":12568,"at":1791207226301,"toolPid":14337}
check	Run verification	2026-10-05T13:33:46.3055352Z [verification-tool-phase] {"phase":"monitor-closed","pid":12568,"parentPid":2832,"at":1791207226305,"monitorPid":14330,"exitCode":0,"signal":null}
check	Run verification	2026-10-05T13:33:46.3136163Z [verification-tool-phase] {"phase":"monitor-spawned","pid":12568,"parentPid":2832,"at":1791207226313,"monitorPid":14345,"executable":"/tmp/verification-dotnet-restore-hr6AT6/sdk/dotnet-sdk/dotnet"}
check	Run verification	2026-10-05T13:33:46.3347671Z [verification-tool-phase] {"phase":"tool-spawned","pid":14345,"parentPid":12568,"at":1791207226333,"toolPid":14352,"executable":"/tmp/verification-dotnet-restore-hr6AT6/sdk/dotnet-sdk/dotnet"}
check	Run verification	2026-10-05T13:33:46.3553565Z [verification-tool-phase] {"phase":"tool-exited","pid":14345,"parentPid":12568,"at":1791207226354,"toolPid":14352,"exitCode":0,"signal":null}
check	Run verification	2026-10-05T13:33:46.3623829Z [verification-tool-phase] {"phase":"group-drained","pid":14345,"parentPid":12568,"at":1791207226361,"toolPid":14352}
check	Run verification	2026-10-05T13:33:46.3650259Z [verification-tool-phase] {"phase":"monitor-closed","pid":12568,"parentPid":2832,"at":1791207226364,"monitorPid":14345,"exitCode":0,"signal":null}
check	Run verification	2026-10-05T13:33:46.3739857Z [verification-tool-phase] {"phase":"monitor-spawned","pid":12568,"parentPid":2832,"at":1791207226373,"monitorPid":14360,"executable":"/tmp/verification-dotnet-restore-m2ylxY/sdk/dotnet-sdk/dotnet"}
check	Run verification	2026-10-05T13:33:46.3952071Z [verification-tool-phase] {"phase":"tool-spawned","pid":14360,"parentPid":12568,"at":1791207226394,"toolPid":14367,"executable":"/tmp/verification-dotnet-restore-m2ylxY/sdk/dotnet-sdk/dotnet"}
check	Run verification	2026-10-05T13:33:46.4145783Z [verification-tool-phase] {"phase":"tool-exited","pid":14360,"parentPid":12568,"at":1791207226413,"toolPid":14367,"exitCode":0,"signal":null}
check	Run verification	2026-10-05T13:33:46.4219488Z [verification-tool-phase] {"phase":"group-drained","pid":14360,"parentPid":12568,"at":1791207226421,"toolPid":14367}
check	Run verification	2026-10-05T13:33:46.4257398Z [verification-tool-phase] {"phase":"monitor-closed","pid":12568,"parentPid":2832,"at":1791207226424,"monitorPid":14360,"exitCode":0,"signal":null}
check	Run verification	2026-10-05T13:33:46.4343931Z [verification-tool-phase] {"phase":"monitor-spawned","pid":12568,"parentPid":2832,"at":1791207226434,"monitorPid":14375,"executable":"/tmp/verification-dotnet-restore-GhexLf/sdk/dotnet-sdk/dotnet"}
check	Run verification	2026-10-05T13:33:46.4571996Z [verification-tool-phase] {"phase":"tool-spawned","pid":14375,"parentPid":12568,"at":1791207226456,"toolPid":14382,"executable":"/tmp/verification-dotnet-restore-GhexLf/sdk/dotnet-sdk/dotnet"}
check	Run verification	2026-10-05T13:33:46.4791887Z [verification-tool-phase] {"phase":"tool-exited","pid":14375,"parentPid":12568,"at":1791207226478,"toolPid":14382,"exitCode":0,"signal":null}
check	Run verification	2026-10-05T13:33:46.4866155Z [verification-tool-phase] {"phase":"group-drained","pid":14375,"parentPid":12568,"at":1791207226485,"toolPid":14382}
check	Run verification	2026-10-05T13:33:46.4895648Z [verification-tool-phase] {"phase":"monitor-closed","pid":12568,"parentPid":2832,"at":1791207226489,"monitorPid":14375,"exitCode":0,"signal":null}
check	Run verification	2026-10-05T13:33:46.4991288Z [verification-tool-phase] {"phase":"monitor-spawned","pid":12568,"parentPid":2832,"at":1791207226498,"monitorPid":14390,"executable":"/tmp/verification-dotnet-restore-158kpF/sdk/dotnet-sdk/dotnet"}
check	Run verification	2026-10-05T13:33:46.5217883Z [verification-tool-phase] {"phase":"tool-spawned","pid":14390,"parentPid":12568,"at":1791207226520,"toolPid":14397,"executable":"/tmp/verification-dotnet-restore-158kpF/sdk/dotnet-sdk/dotnet"}
check	Run verification	2026-10-05T13:33:46.5411767Z [verification-tool-phase] {"phase":"tool-exited","pid":14390,"parentPid":12568,"at":1791207226540,"toolPid":14397,"exitCode":0,"signal":null}
check	Run verification	2026-10-05T13:33:46.5485266Z [verification-tool-phase] {"phase":"group-drained","pid":14390,"parentPid":12568,"at":1791207226547,"toolPid":14397}
check	Run verification	2026-10-05T13:33:46.5513422Z [verification-tool-phase] {"phase":"monitor-closed","pid":12568,"parentPid":2832,"at":1791207226551,"monitorPid":14390,"exitCode":0,"signal":null}
check	Run verification	2026-10-05T13:33:46.6450073Z [verification-tool-phase] {"phase":"monitor-spawned","pid":12568,"parentPid":2832,"at":1791207226644,"monitorPid":14418,"executable":"/tmp/verification-nuget-project-test-lwaVAp/sdk/dotnet-sdk/dotnet"}
check	Run verification	2026-10-05T13:33:46.6661272Z [verification-tool-phase] {"phase":"tool-spawned","pid":14418,"parentPid":12568,"at":1791207226665,"toolPid":14425,"executable":"/tmp/verification-nuget-project-test-lwaVAp/sdk/dotnet-sdk/dotnet"}
check	Run verification	2026-10-05T13:33:46.6831910Z [verification-tool-phase] {"phase":"tool-exited","pid":14418,"parentPid":12568,"at":1791207226682,"toolPid":14425,"exitCode":0,"signal":null}
check	Run verification	2026-10-05T13:33:46.6899682Z [verification-tool-phase] {"phase":"group-drained","pid":14418,"parentPid":12568,"at":1791207226689,"toolPid":14425}
check	Run verification	2026-10-05T13:33:46.6929998Z [verification-tool-phase] {"phase":"monitor-closed","pid":12568,"parentPid":2832,"at":1791207226692,"monitorPid":14418,"exitCode":0,"signal":null}
check	Run verification	2026-10-05T13:33:46.6981862Z [verification-tool-phase] {"phase":"monitor-spawned","pid":12568,"parentPid":2832,"at":1791207226697,"monitorPid":14433,"executable":"/tmp/verification-nuget-project-test-lwaVAp/sdk/dotnet-sdk/dotnet"}
check	Run verification	2026-10-05T13:33:46.7198346Z [verification-tool-phase] {"phase":"tool-spawned","pid":14433,"parentPid":12568,"at":1791207226719,"toolPid":14440,"executable":"/tmp/verification-nuget-project-test-lwaVAp/sdk/dotnet-sdk/dotnet"}
check	Run verification	2026-10-05T13:33:46.7421297Z [verification-tool-phase] {"phase":"tool-exited","pid":14433,"parentPid":12568,"at":1791207226741,"toolPid":14440,"exitCode":0,"signal":null}
check	Run verification	2026-10-05T13:33:46.7490375Z [verification-tool-phase] {"phase":"group-drained","pid":14433,"parentPid":12568,"at":1791207226748,"toolPid":14440}
check	Run verification	2026-10-05T13:33:46.7517975Z [verification-tool-phase] {"phase":"monitor-closed","pid":12568,"parentPid":2832,"at":1791207226751,"monitorPid":14433,"exitCode":0,"signal":null}
check	Run verification	2026-10-05T13:33:46.7621352Z [verification-tool-phase] {"phase":"monitor-spawned","pid":12568,"parentPid":2832,"at":1791207226761,"monitorPid":14448,"executable":"/tmp/verification-nuget-project-test-mb8IkA/sdk/dotnet-sdk/dotnet"}
check	Run verification	2026-10-05T13:33:46.7842524Z [verification-tool-phase] {"phase":"tool-spawned","pid":14448,"parentPid":12568,"at":1791207226783,"toolPid":14455,"executable":"/tmp/verification-nuget-project-test-mb8IkA/sdk/dotnet-sdk/dotnet"}
check	Run verification	2026-10-05T13:33:46.8015066Z [verification-tool-phase] {"phase":"tool-exited","pid":14448,"parentPid":12568,"at":1791207226800,"toolPid":14455,"exitCode":0,"signal":null}
check	Run verification	2026-10-05T13:33:46.8084374Z [verification-tool-phase] {"phase":"group-drained","pid":14448,"parentPid":12568,"at":1791207226807,"toolPid":14455}
check	Run verification	2026-10-05T13:33:46.8113800Z [verification-tool-phase] {"phase":"monitor-closed","pid":12568,"parentPid":2832,"at":1791207226811,"monitorPid":14448,"exitCode":0,"signal":null}
check	Run verification	2026-10-05T13:33:46.8161517Z [verification-tool-phase] {"phase":"monitor-spawned","pid":12568,"parentPid":2832,"at":1791207226815,"monitorPid":14463,"executable":"/tmp/verification-nuget-project-test-mb8IkA/sdk/dotnet-sdk/dotnet"}
check	Run verification	2026-10-05T13:33:46.8370012Z [verification-tool-phase] {"phase":"tool-spawned","pid":14463,"parentPid":12568,"at":1791207226836,"toolPid":14470,"executable":"/tmp/verification-nuget-project-test-mb8IkA/sdk/dotnet-sdk/dotnet"}
check	Run verification	2026-10-05T13:33:46.8610464Z [verification-tool-phase] {"phase":"tool-exited","pid":14463,"parentPid":12568,"at":1791207226860,"toolPid":14470,"exitCode":0,"signal":null}
check	Run verification	2026-10-05T13:33:46.8680464Z [verification-tool-phase] {"phase":"group-drained","pid":14463,"parentPid":12568,"at":1791207226867,"toolPid":14470}
check	Run verification	2026-10-05T13:33:46.8705989Z [verification-tool-phase] {"phase":"monitor-closed","pid":12568,"parentPid":2832,"at":1791207226870,"monitorPid":14463,"exitCode":0,"signal":null}
check	Run verification	2026-10-05T13:33:46.8805900Z [verification-tool-phase] {"phase":"monitor-spawned","pid":12568,"parentPid":2832,"at":1791207226880,"monitorPid":14478,"executable":"/tmp/verification-nuget-project-test-W1nTh1/sdk/dotnet-sdk/dotnet"}
check	Run verification	2026-10-05T13:33:46.9035413Z [verification-tool-phase] {"phase":"tool-spawned","pid":14478,"parentPid":12568,"at":1791207226902,"toolPid":14485,"executable":"/tmp/verification-nuget-project-test-W1nTh1/sdk/dotnet-sdk/dotnet"}
check	Run verification	2026-10-05T13:33:46.9210570Z [verification-tool-phase] {"phase":"tool-exited","pid":14478,"parentPid":12568,"at":1791207226920,"toolPid":14485,"exitCode":0,"signal":null}
check	Run verification	2026-10-05T13:33:46.9278066Z [verification-tool-phase] {"phase":"group-drained","pid":14478,"parentPid":12568,"at":1791207226927,"toolPid":14485}
check	Run verification	2026-10-05T13:33:46.9303324Z [verification-tool-phase] {"phase":"monitor-closed","pid":12568,"parentPid":2832,"at":1791207226930,"monitorPid":14478,"exitCode":0,"signal":null}
check	Run verification	2026-10-05T13:33:46.9353112Z [verification-tool-phase] {"phase":"monitor-spawned","pid":12568,"parentPid":2832,"at":1791207226935,"monitorPid":14493,"executable":"/tmp/verification-nuget-project-test-W1nTh1/sdk/dotnet-sdk/dotnet"}
check	Run verification	2026-10-05T13:33:46.9564554Z [verification-tool-phase] {"phase":"tool-spawned","pid":14493,"parentPid":12568,"at":1791207226955,"toolPid":14500,"executable":"/tmp/verification-nuget-project-test-W1nTh1/sdk/dotnet-sdk/dotnet"}
check	Run verification	2026-10-05T13:33:46.9796526Z [verification-tool-phase] {"phase":"tool-exited","pid":14493,"parentPid":12568,"at":1791207226978,"toolPid":14500,"exitCode":0,"signal":null}
check	Run verification	2026-10-05T13:33:46.9868108Z [verification-tool-phase] {"phase":"group-drained","pid":14493,"parentPid":12568,"at":1791207226986,"toolPid":14500}
check	Run verification	2026-10-05T13:33:46.9895495Z [verification-tool-phase] {"phase":"monitor-closed","pid":12568,"parentPid":2832,"at":1791207226989,"monitorPid":14493,"exitCode":0,"signal":null}
check	Run verification	2026-10-05T13:33:46.9998823Z [verification-tool-phase] {"phase":"monitor-spawned","pid":12568,"parentPid":2832,"at":1791207226999,"monitorPid":14508,"executable":"/tmp/verification-nuget-project-test-hKjQEb/sdk/dotnet-sdk/dotnet"}
check	Run verification	2026-10-05T13:33:47.0227342Z [verification-tool-phase] {"phase":"tool-spawned","pid":14508,"parentPid":12568,"at":1791207227021,"toolPid":14515,"executable":"/tmp/verification-nuget-project-test-hKjQEb/sdk/dotnet-sdk/dotnet"}
check	Run verification	2026-10-05T13:33:47.0409800Z [verification-tool-phase] {"phase":"tool-exited","pid":14508,"parentPid":12568,"at":1791207227040,"toolPid":14515,"exitCode":0,"signal":null}
check	Run verification	2026-10-05T13:33:47.0482732Z [verification-tool-phase] {"phase":"group-drained","pid":14508,"parentPid":12568,"at":1791207227047,"toolPid":14515}
check	Run verification	2026-10-05T13:33:47.0508260Z [verification-tool-phase] {"phase":"monitor-closed","pid":12568,"parentPid":2832,"at":1791207227050,"monitorPid":14508,"exitCode":0,"signal":null}
check	Run verification	2026-10-05T13:33:47.0562982Z [verification-tool-phase] {"phase":"monitor-spawned","pid":12568,"parentPid":2832,"at":1791207227055,"monitorPid":14523,"executable":"/tmp/verification-nuget-project-test-hKjQEb/sdk/dotnet-sdk/dotnet"}
check	Run verification	2026-10-05T13:33:47.0801778Z [verification-tool-phase] {"phase":"tool-spawned","pid":14523,"parentPid":12568,"at":1791207227079,"toolPid":14530,"executable":"/tmp/verification-nuget-project-test-hKjQEb/sdk/dotnet-sdk/dotnet"}
check	Run verification	2026-10-05T13:33:47.1054057Z [verification-tool-phase] {"phase":"tool-exited","pid":14523,"parentPid":12568,"at":1791207227104,"toolPid":14530,"exitCode":0,"signal":null}
check	Run verification	2026-10-05T13:33:47.1127440Z [verification-tool-phase] {"phase":"group-drained","pid":14523,"parentPid":12568,"at":1791207227112,"toolPid":14530}
check	Run verification	2026-10-05T13:33:47.1154637Z [verification-tool-phase] {"phase":"monitor-closed","pid":12568,"parentPid":2832,"at":1791207227115,"monitorPid":14523,"exitCode":0,"signal":null}
check	Run verification	2026-10-05T13:33:47.1269043Z [verification-tool-phase] {"phase":"monitor-spawned","pid":12568,"parentPid":2832,"at":1791207227126,"monitorPid":14538,"executable":"/tmp/verification-nuget-project-test-V3a21v/sdk/dotnet-sdk/dotnet"}
check	Run verification	2026-10-05T13:33:47.1481908Z [verification-tool-phase] {"phase":"tool-spawned","pid":14538,"parentPid":12568,"at":1791207227147,"toolPid":14545,"executable":"/tmp/verification-nuget-project-test-V3a21v/sdk/dotnet-sdk/dotnet"}
check	Run verification	2026-10-05T13:33:47.1669272Z [verification-tool-phase] {"phase":"tool-exited","pid":14538,"parentPid":12568,"at":1791207227166,"toolPid":14545,"exitCode":0,"signal":null}
check	Run verification	2026-10-05T13:33:47.1742094Z [verification-tool-phase] {"phase":"group-drained","pid":14538,"parentPid":12568,"at":1791207227173,"toolPid":14545}
check	Run verification	2026-10-05T13:33:47.1769560Z [verification-tool-phase] {"phase":"monitor-closed","pid":12568,"parentPid":2832,"at":1791207227176,"monitorPid":14538,"exitCode":0,"signal":null}
check	Run verification	2026-10-05T13:33:47.1820768Z [verification-tool-phase] {"phase":"monitor-spawned","pid":12568,"parentPid":2832,"at":1791207227181,"monitorPid":14553,"executable":"/tmp/verification-nuget-project-test-V3a21v/sdk/dotnet-sdk/dotnet"}
check	Run verification	2026-10-05T13:33:47.2045988Z [verification-tool-phase] {"phase":"tool-spawned","pid":14553,"parentPid":12568,"at":1791207227203,"toolPid":14560,"executable":"/tmp/verification-nuget-project-test-V3a21v/sdk/dotnet-sdk/dotnet"}
check	Run verification	2026-10-05T13:33:47.2289070Z [verification-tool-phase] {"phase":"tool-exited","pid":14553,"parentPid":12568,"at":1791207227228,"toolPid":14560,"exitCode":0,"signal":null}
check	Run verification	2026-10-05T13:33:47.2362997Z [verification-tool-phase] {"phase":"group-drained","pid":14553,"parentPid":12568,"at":1791207227235,"toolPid":14560}
check	Run verification	2026-10-05T13:33:47.2389677Z [verification-tool-phase] {"phase":"monitor-closed","pid":12568,"parentPid":2832,"at":1791207227238,"monitorPid":14553,"exitCode":0,"signal":null}
check	Run verification	2026-10-05T13:33:47.2492069Z [verification-tool-phase] {"phase":"monitor-spawned","pid":12568,"parentPid":2832,"at":1791207227248,"monitorPid":14568,"executable":"/tmp/verification-nuget-project-test-T6cGjM/sdk/dotnet-sdk/dotnet"}
check	Run verification	2026-10-05T13:33:47.2721852Z [verification-tool-phase] {"phase":"tool-spawned","pid":14568,"parentPid":12568,"at":1791207227271,"toolPid":14575,"executable":"/tmp/verification-nuget-project-test-T6cGjM/sdk/dotnet-sdk/dotnet"}
check	Run verification	2026-10-05T13:33:47.2904416Z [verification-tool-phase] {"phase":"tool-exited","pid":14568,"parentPid":12568,"at":1791207227289,"toolPid":14575,"exitCode":0,"signal":null}
check	Run verification	2026-10-05T13:33:47.2978471Z [verification-tool-phase] {"phase":"group-drained","pid":14568,"parentPid":12568,"at":1791207227297,"toolPid":14575}
check	Run verification	2026-10-05T13:33:47.3008696Z [verification-tool-phase] {"phase":"monitor-closed","pid":12568,"parentPid":2832,"at":1791207227300,"monitorPid":14568,"exitCode":0,"signal":null}
check	Run verification	2026-10-05T13:33:47.3059323Z [verification-tool-phase] {"phase":"monitor-spawned","pid":12568,"parentPid":2832,"at":1791207227305,"monitorPid":14583,"executable":"/tmp/verification-nuget-project-test-T6cGjM/sdk/dotnet-sdk/dotnet"}
check	Run verification	2026-10-05T13:33:47.3284157Z [verification-tool-phase] {"phase":"tool-spawned","pid":14583,"parentPid":12568,"at":1791207227327,"toolPid":14590,"executable":"/tmp/verification-nuget-project-test-T6cGjM/sdk/dotnet-sdk/dotnet"}
check	Run verification	2026-10-05T13:33:47.3527545Z [verification-tool-phase] {"phase":"tool-exited","pid":14583,"parentPid":12568,"at":1791207227352,"toolPid":14590,"exitCode":0,"signal":null}
check	Run verification	2026-10-05T13:33:47.3599519Z [verification-tool-phase] {"phase":"group-drained","pid":14583,"parentPid":12568,"at":1791207227359,"toolPid":14590}
check	Run verification	2026-10-05T13:33:47.3626752Z [verification-tool-phase] {"phase":"monitor-closed","pid":12568,"parentPid":2832,"at":1791207227362,"monitorPid":14583,"exitCode":0,"signal":null}
check	Run verification	2026-10-05T13:33:47.3734247Z [verification-tool-phase] {"phase":"monitor-spawned","pid":12568,"parentPid":2832,"at":1791207227373,"monitorPid":14598,"executable":"/tmp/verification-nuget-project-test-TGKxxo/sdk/dotnet-sdk/dotnet"}
check	Run verification	2026-10-05T13:33:47.3953634Z [verification-tool-phase] {"phase":"tool-spawned","pid":14598,"parentPid":12568,"at":1791207227394,"toolPid":14605,"executable":"/tmp/verification-nuget-project-test-TGKxxo/sdk/dotnet-sdk/dotnet"}
check	Run verification	2026-10-05T13:33:47.4139826Z [verification-tool-phase] {"phase":"tool-exited","pid":14598,"parentPid":12568,"at":1791207227413,"toolPid":14605,"exitCode":0,"signal":null}
check	Run verification	2026-10-05T13:33:47.4214233Z [verification-tool-phase] {"phase":"group-drained","pid":14598,"parentPid":12568,"at":1791207227420,"toolPid":14605}
check	Run verification	2026-10-05T13:33:47.4241409Z [verification-tool-phase] {"phase":"monitor-closed","pid":12568,"parentPid":2832,"at":1791207227423,"monitorPid":14598,"exitCode":0,"signal":null}
check	Run verification	2026-10-05T13:33:47.4294030Z [verification-tool-phase] {"phase":"monitor-spawned","pid":12568,"parentPid":2832,"at":1791207227429,"monitorPid":14613,"executable":"/tmp/verification-nuget-project-test-TGKxxo/sdk/dotnet-sdk/dotnet"}
check	Run verification	2026-10-05T13:33:47.4525616Z [verification-tool-phase] {"phase":"tool-spawned","pid":14613,"parentPid":12568,"at":1791207227451,"toolPid":14620,"executable":"/tmp/verification-nuget-project-test-TGKxxo/sdk/dotnet-sdk/dotnet"}
check	Run verification	2026-10-05T13:33:47.4748362Z [verification-tool-phase] {"phase":"tool-exited","pid":14613,"parentPid":12568,"at":1791207227474,"toolPid":14620,"exitCode":0,"signal":null}
check	Run verification	2026-10-05T13:33:47.4817621Z [verification-tool-phase] {"phase":"group-drained","pid":14613,"parentPid":12568,"at":1791207227481,"toolPid":14620}
check	Run verification	2026-10-05T13:33:47.4845687Z [verification-tool-phase] {"phase":"monitor-closed","pid":12568,"parentPid":2832,"at":1791207227484,"monitorPid":14613,"exitCode":0,"signal":null}
check	Run verification	2026-10-05T13:33:47.4946157Z [verification-tool-phase] {"phase":"monitor-spawned","pid":12568,"parentPid":2832,"at":1791207227494,"monitorPid":14628,"executable":"/tmp/verification-nuget-project-test-58yleJ/sdk/dotnet-sdk/dotnet"}
check	Run verification	2026-10-05T13:33:47.5170353Z [verification-tool-phase] {"phase":"tool-spawned","pid":14628,"parentPid":12568,"at":1791207227516,"toolPid":14635,"executable":"/tmp/verification-nuget-project-test-58yleJ/sdk/dotnet-sdk/dotnet"}
check	Run verification	2026-10-05T13:33:47.5353218Z [verification-tool-phase] {"phase":"tool-exited","pid":14628,"parentPid":12568,"at":1791207227534,"toolPid":14635,"exitCode":0,"signal":null}
check	Run verification	2026-10-05T13:33:47.5424165Z [verification-tool-phase] {"phase":"group-drained","pid":14628,"parentPid":12568,"at":1791207227541,"toolPid":14635}
check	Run verification	2026-10-05T13:33:47.5451080Z [verification-tool-phase] {"phase":"monitor-closed","pid":12568,"parentPid":2832,"at":1791207227544,"monitorPid":14628,"exitCode":0,"signal":null}
check	Run verification	2026-10-05T13:33:47.5502130Z [verification-tool-phase] {"phase":"monitor-spawned","pid":12568,"parentPid":2832,"at":1791207227549,"monitorPid":14643,"executable":"/tmp/verification-nuget-project-test-58yleJ/sdk/dotnet-sdk/dotnet"}
check	Run verification	2026-10-05T13:33:47.5731030Z [verification-tool-phase] {"phase":"tool-spawned","pid":14643,"parentPid":12568,"at":1791207227572,"toolPid":14650,"executable":"/tmp/verification-nuget-project-test-58yleJ/sdk/dotnet-sdk/dotnet"}
check	Run verification	2026-10-05T13:33:47.5975836Z [verification-tool-phase] {"phase":"tool-exited","pid":14643,"parentPid":12568,"at":1791207227596,"toolPid":14650,"exitCode":0,"signal":null}
check	Run verification	2026-10-05T13:33:47.6049748Z [verification-tool-phase] {"phase":"group-drained","pid":14643,"parentPid":12568,"at":1791207227604,"toolPid":14650}
check	Run verification	2026-10-05T13:33:47.6077789Z [verification-tool-phase] {"phase":"monitor-closed","pid":12568,"parentPid":2832,"at":1791207227607,"monitorPid":14643,"exitCode":0,"signal":null}
check	Run verification	2026-10-05T13:33:47.6185161Z [verification-tool-phase] {"phase":"monitor-spawned","pid":12568,"parentPid":2832,"at":1791207227618,"monitorPid":14658,"executable":"/tmp/verification-nuget-project-test-yD1GTy/sdk/dotnet-sdk/dotnet"}
check	Run verification	2026-10-05T13:33:47.6409040Z [verification-tool-phase] {"phase":"tool-spawned","pid":14658,"parentPid":12568,"at":1791207227640,"toolPid":14665,"executable":"/tmp/verification-nuget-project-test-yD1GTy/sdk/dotnet-sdk/dotnet"}
check	Run verification	2026-10-05T13:33:47.6595785Z [verification-tool-phase] {"phase":"tool-exited","pid":14658,"parentPid":12568,"at":1791207227658,"toolPid":14665,"exitCode":0,"signal":null}
check	Run verification	2026-10-05T13:33:47.6669316Z [verification-tool-phase] {"phase":"group-drained","pid":14658,"parentPid":12568,"at":1791207227666,"toolPid":14665}
check	Run verification	2026-10-05T13:33:47.6696278Z [verification-tool-phase] {"phase":"monitor-closed","pid":12568,"parentPid":2832,"at":1791207227669,"monitorPid":14658,"exitCode":0,"signal":null}
check	Run verification	2026-10-05T13:33:47.6748848Z [verification-tool-phase] {"phase":"monitor-spawned","pid":12568,"parentPid":2832,"at":1791207227674,"monitorPid":14673,"executable":"/tmp/verification-nuget-project-test-yD1GTy/sdk/dotnet-sdk/dotnet"}
check	Run verification	2026-10-05T13:33:47.6969488Z [verification-tool-phase] {"phase":"tool-spawned","pid":14673,"parentPid":12568,"at":1791207227696,"toolPid":14680,"executable":"/tmp/verification-nuget-project-test-yD1GTy/sdk/dotnet-sdk/dotnet"}
check	Run verification	2026-10-05T13:33:47.7194741Z [verification-tool-phase] {"phase":"tool-exited","pid":14673,"parentPid":12568,"at":1791207227718,"toolPid":14680,"exitCode":0,"signal":null}
check	Run verification	2026-10-05T13:33:47.7266402Z [verification-tool-phase] {"phase":"group-drained","pid":14673,"parentPid":12568,"at":1791207227726,"toolPid":14680}
check	Run verification	2026-10-05T13:33:47.7292888Z [verification-tool-phase] {"phase":"monitor-closed","pid":12568,"parentPid":2832,"at":1791207227728,"monitorPid":14673,"exitCode":0,"signal":null}
check	Run verification	2026-10-05T13:33:47.7396253Z [verification-tool-phase] {"phase":"monitor-spawned","pid":12568,"parentPid":2832,"at":1791207227739,"monitorPid":14688,"executable":"/tmp/verification-nuget-project-test-1ApMgH/sdk/dotnet-sdk/dotnet"}
check	Run verification	2026-10-05T13:33:47.7615980Z [verification-tool-phase] {"phase":"tool-spawned","pid":14688,"parentPid":12568,"at":1791207227760,"toolPid":14695,"executable":"/tmp/verification-nuget-project-test-1ApMgH/sdk/dotnet-sdk/dotnet"}
check	Run verification	2026-10-05T13:33:47.7796897Z [verification-tool-phase] {"phase":"tool-exited","pid":14688,"parentPid":12568,"at":1791207227779,"toolPid":14695,"exitCode":0,"signal":null}
check	Run verification	2026-10-05T13:33:47.7868599Z [verification-tool-phase] {"phase":"group-drained","pid":14688,"parentPid":12568,"at":1791207227786,"toolPid":14695}
check	Run verification	2026-10-05T13:33:47.7894484Z [verification-tool-phase] {"phase":"monitor-closed","pid":12568,"parentPid":2832,"at":1791207227789,"monitorPid":14688,"exitCode":0,"signal":null}
check	Run verification	2026-10-05T13:33:47.7944430Z [verification-tool-phase] {"phase":"monitor-spawned","pid":12568,"parentPid":2832,"at":1791207227794,"monitorPid":14703,"executable":"/tmp/verification-nuget-project-test-1ApMgH/sdk/dotnet-sdk/dotnet"}
check	Run verification	2026-10-05T13:33:47.8157029Z [verification-tool-phase] {"phase":"tool-spawned","pid":14703,"parentPid":12568,"at":1791207227814,"toolPid":14710,"executable":"/tmp/verification-nuget-project-test-1ApMgH/sdk/dotnet-sdk/dotnet"}
check	Run verification	2026-10-05T13:33:47.8391707Z [verification-tool-phase] {"phase":"tool-exited","pid":14703,"parentPid":12568,"at":1791207227838,"toolPid":14710,"exitCode":0,"signal":null}
check	Run verification	2026-10-05T13:33:47.8462890Z [verification-tool-phase] {"phase":"group-drained","pid":14703,"parentPid":12568,"at":1791207227845,"toolPid":14710}
check	Run verification	2026-10-05T13:33:47.8489658Z [verification-tool-phase] {"phase":"monitor-closed","pid":12568,"parentPid":2832,"at":1791207227848,"monitorPid":14703,"exitCode":0,"signal":null}
check	Run verification	2026-10-05T13:33:47.8587874Z [verification-tool-phase] {"phase":"monitor-spawned","pid":12568,"parentPid":2832,"at":1791207227858,"monitorPid":14718,"executable":"/tmp/verification-nuget-project-test-ODBypg/sdk/dotnet-sdk/dotnet"}
check	Run verification	2026-10-05T13:33:47.8802527Z [verification-tool-phase] {"phase":"tool-spawned","pid":14718,"parentPid":12568,"at":1791207227879,"toolPid":14725,"executable":"/tmp/verification-nuget-project-test-ODBypg/sdk/dotnet-sdk/dotnet"}
check	Run verification	2026-10-05T13:33:47.8984641Z [verification-tool-phase] {"phase":"tool-exited","pid":14718,"parentPid":12568,"at":1791207227897,"toolPid":14725,"exitCode":0,"signal":null}
check	Run verification	2026-10-05T13:33:47.9054922Z [verification-tool-phase] {"phase":"group-drained","pid":14718,"parentPid":12568,"at":1791207227905,"toolPid":14725}
check	Run verification	2026-10-05T13:33:47.9084901Z [verification-tool-phase] {"phase":"monitor-closed","pid":12568,"parentPid":2832,"at":1791207227908,"monitorPid":14718,"exitCode":0,"signal":null}
check	Run verification	2026-10-05T13:33:47.9141594Z [verification-tool-phase] {"phase":"monitor-spawned","pid":12568,"parentPid":2832,"at":1791207227913,"monitorPid":14733,"executable":"/tmp/verification-nuget-project-test-ODBypg/sdk/dotnet-sdk/dotnet"}
check	Run verification	2026-10-05T13:33:47.9352278Z [verification-tool-phase] {"phase":"tool-spawned","pid":14733,"parentPid":12568,"at":1791207227934,"toolPid":14740,"executable":"/tmp/verification-nuget-project-test-ODBypg/sdk/dotnet-sdk/dotnet"}
check	Run verification	2026-10-05T13:33:47.9592207Z [verification-tool-phase] {"phase":"tool-exited","pid":14733,"parentPid":12568,"at":1791207227958,"toolPid":14740,"exitCode":0,"signal":null}
check	Run verification	2026-10-05T13:33:47.9664528Z [verification-tool-phase] {"phase":"group-drained","pid":14733,"parentPid":12568,"at":1791207227965,"toolPid":14740}
check	Run verification	2026-10-05T13:33:47.9692465Z [verification-tool-phase] {"phase":"monitor-closed","pid":12568,"parentPid":2832,"at":1791207227968,"monitorPid":14733,"exitCode":0,"signal":null}
check	Run verification	2026-10-05T13:33:47.9794588Z [verification-tool-phase] {"phase":"monitor-spawned","pid":12568,"parentPid":2832,"at":1791207227979,"monitorPid":14748,"executable":"/tmp/verification-nuget-project-test-0k3s0C/sdk/dotnet-sdk/dotnet"}
check	Run verification	2026-10-05T13:33:48.0016778Z [verification-tool-phase] {"phase":"tool-spawned","pid":14748,"parentPid":12568,"at":1791207228000,"toolPid":14755,"executable":"/tmp/verification-nuget-project-test-0k3s0C/sdk/dotnet-sdk/dotnet"}
check	Run verification	2026-10-05T13:33:48.0215874Z [verification-tool-phase] {"phase":"tool-exited","pid":14748,"parentPid":12568,"at":1791207228020,"toolPid":14755,"exitCode":0,"signal":null}
check	Run verification	2026-10-05T13:33:48.0292137Z [verification-tool-phase] {"phase":"group-drained","pid":14748,"parentPid":12568,"at":1791207228028,"toolPid":14755}
check	Run verification	2026-10-05T13:33:48.0320655Z [verification-tool-phase] {"phase":"monitor-closed","pid":12568,"parentPid":2832,"at":1791207228031,"monitorPid":14748,"exitCode":0,"signal":null}
check	Run verification	2026-10-05T13:33:48.0373964Z [verification-tool-phase] {"phase":"monitor-spawned","pid":12568,"parentPid":2832,"at":1791207228037,"monitorPid":14763,"executable":"/tmp/verification-nuget-project-test-0k3s0C/sdk/dotnet-sdk/dotnet"}
check	Run verification	2026-10-05T13:33:48.0588606Z [verification-tool-phase] {"phase":"tool-spawned","pid":14763,"parentPid":12568,"at":1791207228057,"toolPid":14770,"executable":"/tmp/verification-nuget-project-test-0k3s0C/sdk/dotnet-sdk/dotnet"}
check	Run verification	2026-10-05T13:33:48.0829016Z [verification-tool-phase] {"phase":"tool-exited","pid":14763,"parentPid":12568,"at":1791207228082,"toolPid":14770,"exitCode":0,"signal":null}
check	Run verification	2026-10-05T13:33:48.0901603Z [verification-tool-phase] {"phase":"group-drained","pid":14763,"parentPid":12568,"at":1791207228089,"toolPid":14770}
check	Run verification	2026-10-05T13:33:48.0928617Z [verification-tool-phase] {"phase":"monitor-closed","pid":12568,"parentPid":2832,"at":1791207228092,"monitorPid":14763,"exitCode":0,"signal":null}
check	Run verification	2026-10-05T13:33:48.1052529Z [verification-tool-phase] {"phase":"monitor-spawned","pid":12568,"parentPid":2832,"at":1791207228103,"monitorPid":14778,"executable":"/tmp/verification-nuget-project-test-kXERCm/sdk/dotnet-sdk/dotnet"}
check	Run verification	2026-10-05T13:33:48.1259455Z [verification-tool-phase] {"phase":"tool-spawned","pid":14778,"parentPid":12568,"at":1791207228125,"toolPid":14786,"executable":"/tmp/verification-nuget-project-test-kXERCm/sdk/dotnet-sdk/dotnet"}
check	Run verification	2026-10-05T13:33:48.1441251Z [verification-tool-phase] {"phase":"tool-exited","pid":14778,"parentPid":12568,"at":1791207228143,"toolPid":14786,"exitCode":0,"signal":null}
check	Run verification	2026-10-05T13:33:48.1512538Z [verification-tool-phase] {"phase":"group-drained","pid":14778,"parentPid":12568,"at":1791207228150,"toolPid":14786}
check	Run verification	2026-10-05T13:33:48.1538378Z [verification-tool-phase] {"phase":"monitor-closed","pid":12568,"parentPid":2832,"at":1791207228153,"monitorPid":14778,"exitCode":0,"signal":null}
check	Run verification	2026-10-05T13:33:48.1586843Z [verification-tool-phase] {"phase":"monitor-spawned","pid":12568,"parentPid":2832,"at":1791207228158,"monitorPid":14794,"executable":"/tmp/verification-nuget-project-test-kXERCm/sdk/dotnet-sdk/dotnet"}
check	Run verification	2026-10-05T13:33:48.1805661Z [verification-tool-phase] {"phase":"tool-spawned","pid":14794,"parentPid":12568,"at":1791207228179,"toolPid":14801,"executable":"/tmp/verification-nuget-project-test-kXERCm/sdk/dotnet-sdk/dotnet"}
check	Run verification	2026-10-05T13:33:48.2033031Z [verification-tool-phase] {"phase":"tool-exited","pid":14794,"parentPid":12568,"at":1791207228202,"toolPid":14801,"exitCode":0,"signal":null}
check	Run verification	2026-10-05T13:33:48.2104199Z [verification-tool-phase] {"phase":"group-drained","pid":14794,"parentPid":12568,"at":1791207228209,"toolPid":14801}
check	Run verification	2026-10-05T13:33:48.2132950Z [verification-tool-phase] {"phase":"monitor-closed","pid":12568,"parentPid":2832,"at":1791207228213,"monitorPid":14794,"exitCode":0,"signal":null}
check	Run verification	2026-10-05T13:33:48.2234660Z [verification-tool-phase] {"phase":"monitor-spawned","pid":12568,"parentPid":2832,"at":1791207228223,"monitorPid":14809,"executable":"/tmp/verification-nuget-project-test-hX1QnB/sdk/dotnet-sdk/dotnet"}
check	Run verification	2026-10-05T13:33:48.2458739Z [verification-tool-phase] {"phase":"tool-spawned","pid":14809,"parentPid":12568,"at":1791207228245,"toolPid":14816,"executable":"/tmp/verification-nuget-project-test-hX1QnB/sdk/dotnet-sdk/dotnet"}
check	Run verification	2026-10-05T13:33:48.2639550Z [verification-tool-phase] {"phase":"tool-exited","pid":14809,"parentPid":12568,"at":1791207228263,"toolPid":14816,"exitCode":0,"signal":null}
check	Run verification	2026-10-05T13:33:48.2710000Z [verification-tool-phase] {"phase":"group-drained","pid":14809,"parentPid":12568,"at":1791207228270,"toolPid":14816}
check	Run verification	2026-10-05T13:33:48.2752239Z [verification-tool-phase] {"phase":"monitor-closed","pid":12568,"parentPid":2832,"at":1791207228273,"monitorPid":14809,"exitCode":0,"signal":null}
check	Run verification	2026-10-05T13:33:48.2806478Z [verification-tool-phase] {"phase":"monitor-spawned","pid":12568,"parentPid":2832,"at":1791207228280,"monitorPid":14824,"executable":"/tmp/verification-nuget-project-test-hX1QnB/sdk/dotnet-sdk/dotnet"}
check	Run verification	2026-10-05T13:33:48.3024581Z [verification-tool-phase] {"phase":"tool-spawned","pid":14824,"parentPid":12568,"at":1791207228301,"toolPid":14831,"executable":"/tmp/verification-nuget-project-test-hX1QnB/sdk/dotnet-sdk/dotnet"}
check	Run verification	2026-10-05T13:33:48.3266822Z [verification-tool-phase] {"phase":"tool-exited","pid":14824,"parentPid":12568,"at":1791207228326,"toolPid":14831,"exitCode":0,"signal":null}
check	Run verification	2026-10-05T13:33:48.3337506Z [verification-tool-phase] {"phase":"group-drained","pid":14824,"parentPid":12568,"at":1791207228333,"toolPid":14831}
check	Run verification	2026-10-05T13:33:48.3364513Z [verification-tool-phase] {"phase":"monitor-closed","pid":12568,"parentPid":2832,"at":1791207228336,"monitorPid":14824,"exitCode":0,"signal":null}
check	Run verification	2026-10-05T13:33:48.3460746Z [verification-tool-phase] {"phase":"monitor-spawned","pid":12568,"parentPid":2832,"at":1791207228345,"monitorPid":14839,"executable":"/tmp/verification-nuget-project-test-eB5ELQ/sdk/dotnet-sdk/dotnet"}
check	Run verification	2026-10-05T13:33:48.3674036Z [verification-tool-phase] {"phase":"tool-spawned","pid":14839,"parentPid":12568,"at":1791207228366,"toolPid":14846,"executable":"/tmp/verification-nuget-project-test-eB5ELQ/sdk/dotnet-sdk/dotnet"}
check	Run verification	2026-10-05T13:33:48.3847094Z [verification-tool-phase] {"phase":"tool-exited","pid":14839,"parentPid":12568,"at":1791207228384,"toolPid":14846,"exitCode":0,"signal":null}
check	Run verification	2026-10-05T13:33:48.3915104Z [verification-tool-phase] {"phase":"group-drained","pid":14839,"parentPid":12568,"at":1791207228391,"toolPid":14846}
check	Run verification	2026-10-05T13:33:48.3940269Z [verification-tool-phase] {"phase":"monitor-closed","pid":12568,"parentPid":2832,"at":1791207228393,"monitorPid":14839,"exitCode":0,"signal":null}
check	Run verification	2026-10-05T13:33:48.3987391Z [verification-tool-phase] {"phase":"monitor-spawned","pid":12568,"parentPid":2832,"at":1791207228398,"monitorPid":14854,"executable":"/tmp/verification-nuget-project-test-eB5ELQ/sdk/dotnet-sdk/dotnet"}
check	Run verification	2026-10-05T13:33:48.4193901Z [verification-tool-phase] {"phase":"tool-spawned","pid":14854,"parentPid":12568,"at":1791207228418,"toolPid":14861,"executable":"/tmp/verification-nuget-project-test-eB5ELQ/sdk/dotnet-sdk/dotnet"}
check	Run verification	2026-10-05T13:33:48.4428810Z [verification-tool-phase] {"phase":"tool-exited","pid":14854,"parentPid":12568,"at":1791207228442,"toolPid":14861,"exitCode":0,"signal":null}
check	Run verification	2026-10-05T13:33:48.4501561Z [verification-tool-phase] {"phase":"group-drained","pid":14854,"parentPid":12568,"at":1791207228449,"toolPid":14861}
check	Run verification	2026-10-05T13:33:48.4527937Z [verification-tool-phase] {"phase":"monitor-closed","pid":12568,"parentPid":2832,"at":1791207228452,"monitorPid":14854,"exitCode":0,"signal":null}
check	Run verification	2026-10-05T13:33:48.5237360Z [verification-tool-phase] {"phase":"monitor-spawned","pid":12568,"parentPid":2832,"at":1791207228523,"monitorPid":14882,"executable":"/tmp/verification-nuget-project-test-5qwvnw/sdk/dotnet-sdk/dotnet"}
check	Run verification	2026-10-05T13:33:48.5460492Z [verification-tool-phase] {"phase":"tool-spawned","pid":14882,"parentPid":12568,"at":1791207228545,"toolPid":14889,"executable":"/tmp/verification-nuget-project-test-5qwvnw/sdk/dotnet-sdk/dotnet"}
check	Run verification	2026-10-05T13:33:48.5647727Z [verification-tool-phase] {"phase":"tool-exited","pid":14882,"parentPid":12568,"at":1791207228564,"toolPid":14889,"exitCode":0,"signal":null}
check	Run verification	2026-10-05T13:33:48.5716750Z [verification-tool-phase] {"phase":"group-drained","pid":14882,"parentPid":12568,"at":1791207228571,"toolPid":14889}
check	Run verification	2026-10-05T13:33:48.5742671Z [verification-tool-phase] {"phase":"monitor-closed","pid":12568,"parentPid":2832,"at":1791207228573,"monitorPid":14882,"exitCode":0,"signal":null}
check	Run verification	2026-10-05T13:33:48.5791412Z [verification-tool-phase] {"phase":"monitor-spawned","pid":12568,"parentPid":2832,"at":1791207228578,"monitorPid":14897,"executable":"/tmp/verification-nuget-project-test-5qwvnw/sdk/dotnet-sdk/dotnet"}
check	Run verification	2026-10-05T13:33:48.5997707Z [verification-tool-phase] {"phase":"tool-spawned","pid":14897,"parentPid":12568,"at":1791207228599,"toolPid":14904,"executable":"/tmp/verification-nuget-project-test-5qwvnw/sdk/dotnet-sdk/dotnet"}
check	Run verification	2026-10-05T13:33:48.6216314Z [verification-tool-phase] {"phase":"tool-exited","pid":14897,"parentPid":12568,"at":1791207228621,"toolPid":14904,"exitCode":0,"signal":null}
check	Run verification	2026-10-05T13:33:48.6285905Z [verification-tool-phase] {"phase":"group-drained","pid":14897,"parentPid":12568,"at":1791207228628,"toolPid":14904}
check	Run verification	2026-10-05T13:33:48.6313772Z [verification-tool-phase] {"phase":"monitor-closed","pid":12568,"parentPid":2832,"at":1791207228631,"monitorPid":14897,"exitCode":0,"signal":null}
check	Run verification	2026-10-05T13:33:48.7006363Z [verification-tool-phase] {"phase":"monitor-spawned","pid":12568,"parentPid":2832,"at":1791207228700,"monitorPid":14925,"executable":"/tmp/verification-nuget-project-test-nkFgqd/sdk/dotnet-sdk/dotnet"}
check	Run verification	2026-10-05T13:33:48.7221137Z [verification-tool-phase] {"phase":"tool-spawned","pid":14925,"parentPid":12568,"at":1791207228721,"toolPid":14932,"executable":"/tmp/verification-nuget-project-test-nkFgqd/sdk/dotnet-sdk/dotnet"}
check	Run verification	2026-10-05T13:33:48.7413718Z [verification-tool-phase] {"phase":"tool-exited","pid":14925,"parentPid":12568,"at":1791207228740,"toolPid":14932,"exitCode":0,"signal":null}
check	Run verification	2026-10-05T13:33:48.7485142Z [verification-tool-phase] {"phase":"group-drained","pid":14925,"parentPid":12568,"at":1791207228748,"toolPid":14932}
check	Run verification	2026-10-05T13:33:48.7522187Z [verification-tool-phase] {"phase":"monitor-closed","pid":12568,"parentPid":2832,"at":1791207228750,"monitorPid":14925,"exitCode":0,"signal":null}
check	Run verification	2026-10-05T13:33:48.7560974Z [verification-tool-phase] {"phase":"monitor-spawned","pid":12568,"parentPid":2832,"at":1791207228755,"monitorPid":14940,"executable":"/tmp/verification-nuget-project-test-nkFgqd/sdk/dotnet-sdk/dotnet"}
check	Run verification	2026-10-05T13:33:48.7821379Z [verification-tool-phase] {"phase":"tool-spawned","pid":14940,"parentPid":12568,"at":1791207228781,"toolPid":14947,"executable":"/tmp/verification-nuget-project-test-nkFgqd/sdk/dotnet-sdk/dotnet"}
check	Run verification	2026-10-05T13:33:48.8068348Z [verification-tool-phase] {"phase":"tool-exited","pid":14940,"parentPid":12568,"at":1791207228806,"toolPid":14947,"exitCode":0,"signal":null}
check	Run verification	2026-10-05T13:33:48.8144741Z [verification-tool-phase] {"phase":"group-drained","pid":14940,"parentPid":12568,"at":1791207228813,"toolPid":14947}
check	Run verification	2026-10-05T13:33:48.8172041Z [verification-tool-phase] {"phase":"monitor-closed","pid":12568,"parentPid":2832,"at":1791207228816,"monitorPid":14940,"exitCode":0,"signal":null}
check	Run verification	2026-10-05T13:33:48.8889181Z [verification-tool-phase] {"phase":"monitor-spawned","pid":12568,"parentPid":2832,"at":1791207228888,"monitorPid":14968,"executable":"/tmp/verification-nuget-project-test-K1P8AX/sdk/dotnet-sdk/dotnet"}
check	Run verification	2026-10-05T13:33:48.9110283Z [verification-tool-phase] {"phase":"tool-spawned","pid":14968,"parentPid":12568,"at":1791207228910,"toolPid":14975,"executable":"/tmp/verification-nuget-project-test-K1P8AX/sdk/dotnet-sdk/dotnet"}
check	Run verification	2026-10-05T13:33:48.9319089Z [verification-tool-phase] {"phase":"tool-exited","pid":14968,"parentPid":12568,"at":1791207228931,"toolPid":14975,"exitCode":0,"signal":null}
check	Run verification	2026-10-05T13:33:48.9392986Z [verification-tool-phase] {"phase":"group-drained","pid":14968,"parentPid":12568,"at":1791207228938,"toolPid":14975}
check	Run verification	2026-10-05T13:33:48.9421725Z [verification-tool-phase] {"phase":"monitor-closed","pid":12568,"parentPid":2832,"at":1791207228941,"monitorPid":14968,"exitCode":0,"signal":null}
check	Run verification	2026-10-05T13:33:48.9473217Z [verification-tool-phase] {"phase":"monitor-spawned","pid":12568,"parentPid":2832,"at":1791207228946,"monitorPid":14983,"executable":"/tmp/verification-nuget-project-test-K1P8AX/sdk/dotnet-sdk/dotnet"}
check	Run verification	2026-10-05T13:33:48.9697548Z [verification-tool-phase] {"phase":"tool-spawned","pid":14983,"parentPid":12568,"at":1791207228968,"toolPid":14990,"executable":"/tmp/verification-nuget-project-test-K1P8AX/sdk/dotnet-sdk/dotnet"}
check	Run verification	2026-10-05T13:33:48.9923400Z [verification-tool-phase] {"phase":"tool-exited","pid":14983,"parentPid":12568,"at":1791207228991,"toolPid":14990,"exitCode":0,"signal":null}
check	Run verification	2026-10-05T13:33:48.9996160Z [verification-tool-phase] {"phase":"group-drained","pid":14983,"parentPid":12568,"at":1791207228999,"toolPid":14990}
check	Run verification	2026-10-05T13:33:49.0023270Z [verification-tool-phase] {"phase":"monitor-closed","pid":12568,"parentPid":2832,"at":1791207229002,"monitorPid":14983,"exitCode":0,"signal":null}
check	Run verification	2026-10-05T13:33:49.1122623Z [verification-tool-phase] {"phase":"monitor-spawned","pid":12568,"parentPid":2832,"at":1791207229111,"monitorPid":15011,"executable":"/tmp/verification-nuget-project-test-S2Ifp5/sdk/dotnet-sdk/dotnet"}
check	Run verification	2026-10-05T13:33:49.1351384Z [verification-tool-phase] {"phase":"tool-spawned","pid":15011,"parentPid":12568,"at":1791207229134,"toolPid":15018,"executable":"/tmp/verification-nuget-project-test-S2Ifp5/sdk/dotnet-sdk/dotnet"}
check	Run verification	2026-10-05T13:33:49.1557293Z [verification-tool-phase] {"phase":"tool-exited","pid":15011,"parentPid":12568,"at":1791207229154,"toolPid":15018,"exitCode":0,"signal":null}
check	Run verification	2026-10-05T13:33:49.1635501Z [verification-tool-phase] {"phase":"group-drained","pid":15011,"parentPid":12568,"at":1791207229162,"toolPid":15018}
check	Run verification	2026-10-05T13:33:49.1670350Z [verification-tool-phase] {"phase":"monitor-closed","pid":12568,"parentPid":2832,"at":1791207229166,"monitorPid":15011,"exitCode":0,"signal":null}
check	Run verification	2026-10-05T13:33:49.1732690Z [verification-tool-phase] {"phase":"monitor-spawned","pid":12568,"parentPid":2832,"at":1791207229172,"monitorPid":15026,"executable":"/tmp/verification-nuget-project-test-S2Ifp5/sdk/dotnet-sdk/dotnet"}
check	Run verification	2026-10-05T13:33:49.1954261Z [verification-tool-phase] {"phase":"tool-spawned","pid":15026,"parentPid":12568,"at":1791207229194,"toolPid":15033,"executable":"/tmp/verification-nuget-project-test-S2Ifp5/sdk/dotnet-sdk/dotnet"}
check	Run verification	2026-10-05T13:33:49.2197623Z [verification-tool-phase] {"phase":"tool-exited","pid":15026,"parentPid":12568,"at":1791207229218,"toolPid":15033,"exitCode":0,"signal":null}
check	Run verification	2026-10-05T13:33:49.2277733Z [verification-tool-phase] {"phase":"group-drained","pid":15026,"parentPid":12568,"at":1791207229226,"toolPid":15033}
check	Run verification	2026-10-05T13:33:49.2309255Z [verification-tool-phase] {"phase":"monitor-closed","pid":12568,"parentPid":2832,"at":1791207229230,"monitorPid":15026,"exitCode":0,"signal":null}
check	Run verification	2026-10-05T13:33:49.3074187Z [verification-tool-phase] {"phase":"monitor-spawned","pid":12568,"parentPid":2832,"at":1791207229306,"monitorPid":15054,"executable":"/tmp/verification-nuget-project-test-MOoOcT/sdk/dotnet-sdk/dotnet"}
check	Run verification	2026-10-05T13:33:49.3314894Z [verification-tool-phase] {"phase":"tool-spawned","pid":15054,"parentPid":12568,"at":1791207229330,"toolPid":15061,"executable":"/tmp/verification-nuget-project-test-MOoOcT/sdk/dotnet-sdk/dotnet"}
check	Run verification	2026-10-05T13:33:49.3504934Z [verification-tool-phase] {"phase":"tool-exited","pid":15054,"parentPid":12568,"at":1791207229349,"toolPid":15061,"exitCode":0,"signal":null}
check	Run verification	2026-10-05T13:33:49.3576220Z [verification-tool-phase] {"phase":"group-drained","pid":15054,"parentPid":12568,"at":1791207229357,"toolPid":15061}
check	Run verification	2026-10-05T13:33:49.3602725Z [verification-tool-phase] {"phase":"monitor-closed","pid":12568,"parentPid":2832,"at":1791207229359,"monitorPid":15054,"exitCode":0,"signal":null}
check	Run verification	2026-10-05T13:33:49.3651163Z [verification-tool-phase] {"phase":"monitor-spawned","pid":12568,"parentPid":2832,"at":1791207229364,"monitorPid":15069,"executable":"/tmp/verification-nuget-project-test-MOoOcT/sdk/dotnet-sdk/dotnet"}
check	Run verification	2026-10-05T13:33:49.3859386Z [verification-tool-phase] {"phase":"tool-spawned","pid":15069,"parentPid":12568,"at":1791207229385,"toolPid":15076,"executable":"/tmp/verification-nuget-project-test-MOoOcT/sdk/dotnet-sdk/dotnet"}
check	Run verification	2026-10-05T13:33:49.4086729Z [verification-tool-phase] {"phase":"tool-exited","pid":15069,"parentPid":12568,"at":1791207229408,"toolPid":15076,"exitCode":0,"signal":null}
check	Run verification	2026-10-05T13:33:49.4155512Z [verification-tool-phase] {"phase":"group-drained","pid":15069,"parentPid":12568,"at":1791207229415,"toolPid":15076}
check	Run verification	2026-10-05T13:33:49.4181291Z [verification-tool-phase] {"phase":"monitor-closed","pid":12568,"parentPid":2832,"at":1791207229417,"monitorPid":15069,"exitCode":0,"signal":null}
check	Run verification	2026-10-05T13:33:49.4246460Z [verification-tool-phase] {"phase":"monitor-spawned","pid":12568,"parentPid":2832,"at":1791207229424,"monitorPid":15084,"executable":"/tmp/verification-nuget-project-test-MOoOcT/sdk/dotnet-sdk/dotnet"}
check	Run verification	2026-10-05T13:33:49.4461573Z [verification-tool-phase] {"phase":"tool-spawned","pid":15084,"parentPid":12568,"at":1791207229445,"toolPid":15091,"executable":"/tmp/verification-nuget-project-test-MOoOcT/sdk/dotnet-sdk/dotnet"}
check	Run verification	2026-10-05T13:33:49.4687558Z [verification-tool-phase] {"phase":"tool-exited","pid":15084,"parentPid":12568,"at":1791207229468,"toolPid":15091,"exitCode":0,"signal":null}
check	Run verification	2026-10-05T13:33:49.4754762Z [verification-tool-phase] {"phase":"group-drained","pid":15084,"parentPid":12568,"at":1791207229475,"toolPid":15091}
check	Run verification	2026-10-05T13:33:49.4780029Z [verification-tool-phase] {"phase":"monitor-closed","pid":12568,"parentPid":2832,"at":1791207229477,"monitorPid":15084,"exitCode":0,"signal":null}
check	Run verification	2026-10-05T13:33:49.5445039Z [verification-tool-phase] {"phase":"monitor-spawned","pid":12568,"parentPid":2832,"at":1791207229543,"monitorPid":15112,"executable":"/tmp/verification-nuget-project-test-eRJJ3e/sdk/dotnet-sdk/dotnet"}
check	Run verification	2026-10-05T13:33:49.5662633Z [verification-tool-phase] {"phase":"tool-spawned","pid":15112,"parentPid":12568,"at":1791207229565,"toolPid":15119,"executable":"/tmp/verification-nuget-project-test-eRJJ3e/sdk/dotnet-sdk/dotnet"}
check	Run verification	2026-10-05T13:33:49.5852883Z [verification-tool-phase] {"phase":"tool-exited","pid":15112,"parentPid":12568,"at":1791207229584,"toolPid":15119,"exitCode":0,"signal":null}
check	Run verification	2026-10-05T13:33:49.5926219Z [verification-tool-phase] {"phase":"group-drained","pid":15112,"parentPid":12568,"at":1791207229592,"toolPid":15119}
check	Run verification	2026-10-05T13:33:49.5953167Z [verification-tool-phase] {"phase":"monitor-closed","pid":12568,"parentPid":2832,"at":1791207229594,"monitorPid":15112,"exitCode":0,"signal":null}
check	Run verification	2026-10-05T13:33:49.6004681Z [verification-tool-phase] {"phase":"monitor-spawned","pid":12568,"parentPid":2832,"at":1791207229600,"monitorPid":15127,"executable":"/tmp/verification-nuget-project-test-eRJJ3e/sdk/dotnet-sdk/dotnet"}
check	Run verification	2026-10-05T13:33:49.6222245Z [verification-tool-phase] {"phase":"tool-spawned","pid":15127,"parentPid":12568,"at":1791207229621,"toolPid":15134,"executable":"/tmp/verification-nuget-project-test-eRJJ3e/sdk/dotnet-sdk/dotnet"}
check	Run verification	2026-10-05T13:33:49.6454661Z [verification-tool-phase] {"phase":"tool-exited","pid":15127,"parentPid":12568,"at":1791207229644,"toolPid":15134,"exitCode":0,"signal":null}
check	Run verification	2026-10-05T13:33:49.6523977Z [verification-tool-phase] {"phase":"group-drained","pid":15127,"parentPid":12568,"at":1791207229651,"toolPid":15134}
check	Run verification	2026-10-05T13:33:49.6550922Z [verification-tool-phase] {"phase":"monitor-closed","pid":12568,"parentPid":2832,"at":1791207229654,"monitorPid":15127,"exitCode":0,"signal":null}
check	Run verification	2026-10-05T13:33:49.6617014Z [verification-tool-phase] {"phase":"monitor-spawned","pid":12568,"parentPid":2832,"at":1791207229661,"monitorPid":15142,"executable":"/tmp/verification-nuget-project-test-eRJJ3e/sdk/dotnet-sdk/dotnet"}
check	Run verification	2026-10-05T13:33:49.6834307Z [verification-tool-phase] {"phase":"tool-spawned","pid":15142,"parentPid":12568,"at":1791207229682,"toolPid":15149,"executable":"/tmp/verification-nuget-project-test-eRJJ3e/sdk/dotnet-sdk/dotnet"}
check	Run verification	2026-10-05T13:33:49.7072345Z [verification-tool-phase] {"phase":"tool-exited","pid":15142,"parentPid":12568,"at":1791207229706,"toolPid":15149,"exitCode":0,"signal":null}
check	Run verification	2026-10-05T13:33:49.7140448Z [verification-tool-phase] {"phase":"group-drained","pid":15142,"parentPid":12568,"at":1791207229713,"toolPid":15149}
check	Run verification	2026-10-05T13:33:49.7167478Z [verification-tool-phase] {"phase":"monitor-closed","pid":12568,"parentPid":2832,"at":1791207229716,"monitorPid":15142,"exitCode":0,"signal":null}
check	Run verification	2026-10-05T13:33:49.7822567Z [verification-tool-phase] {"phase":"monitor-spawned","pid":12568,"parentPid":2832,"at":1791207229781,"monitorPid":15170,"executable":"/tmp/verification-nuget-project-test-B1AVLS/sdk/dotnet-sdk/dotnet"}
check	Run verification	2026-10-05T13:33:49.8032255Z [verification-tool-phase] {"phase":"tool-spawned","pid":15170,"parentPid":12568,"at":1791207229802,"toolPid":15177,"executable":"/tmp/verification-nuget-project-test-B1AVLS/sdk/dotnet-sdk/dotnet"}
check	Run verification	2026-10-05T13:33:49.8214496Z [verification-tool-phase] {"phase":"tool-exited","pid":15170,"parentPid":12568,"at":1791207229820,"toolPid":15177,"exitCode":0,"signal":null}
check	Run verification	2026-10-05T13:33:49.8281644Z [verification-tool-phase] {"phase":"group-drained","pid":15170,"parentPid":12568,"at":1791207229827,"toolPid":15177}
check	Run verification	2026-10-05T13:33:49.8310456Z [verification-tool-phase] {"phase":"monitor-closed","pid":12568,"parentPid":2832,"at":1791207229830,"monitorPid":15170,"exitCode":0,"signal":null}
check	Run verification	2026-10-05T13:33:49.8358802Z [verification-tool-phase] {"phase":"monitor-spawned","pid":12568,"parentPid":2832,"at":1791207229835,"monitorPid":15185,"executable":"/tmp/verification-nuget-project-test-B1AVLS/sdk/dotnet-sdk/dotnet"}
check	Run verification	2026-10-05T13:33:49.8565201Z [verification-tool-phase] {"phase":"tool-spawned","pid":15185,"parentPid":12568,"at":1791207229855,"toolPid":15192,"executable":"/tmp/verification-nuget-project-test-B1AVLS/sdk/dotnet-sdk/dotnet"}
check	Run verification	2026-10-05T13:33:49.8809351Z [verification-tool-phase] {"phase":"tool-exited","pid":15185,"parentPid":12568,"at":1791207229880,"toolPid":15192,"exitCode":0,"signal":null}
check	Run verification	2026-10-05T13:33:49.8881554Z [verification-tool-phase] {"phase":"group-drained","pid":15185,"parentPid":12568,"at":1791207229887,"toolPid":15192}
check	Run verification	2026-10-05T13:33:49.8908028Z [verification-tool-phase] {"phase":"monitor-closed","pid":12568,"parentPid":2832,"at":1791207229890,"monitorPid":15185,"exitCode":0,"signal":null}
check	Run verification	2026-10-05T13:33:49.8973024Z [verification-tool-phase] {"phase":"monitor-spawned","pid":12568,"parentPid":2832,"at":1791207229896,"monitorPid":15200,"executable":"/tmp/verification-nuget-project-test-B1AVLS/sdk/dotnet-sdk/dotnet"}
check	Run verification	2026-10-05T13:33:49.9175166Z [verification-tool-phase] {"phase":"tool-spawned","pid":15200,"parentPid":12568,"at":1791207229916,"toolPid":15207,"executable":"/tmp/verification-nuget-project-test-B1AVLS/sdk/dotnet-sdk/dotnet"}
check	Run verification	2026-10-05T13:33:49.9406384Z [verification-tool-phase] {"phase":"tool-exited","pid":15200,"parentPid":12568,"at":1791207229939,"toolPid":15207,"exitCode":74,"signal":null}
check	Run verification	2026-10-05T13:33:49.9479370Z [verification-tool-phase] {"phase":"group-drained","pid":15200,"parentPid":12568,"at":1791207229947,"toolPid":15207}
check	Run verification	2026-10-05T13:33:49.9507903Z [verification-tool-phase] {"phase":"monitor-closed","pid":12568,"parentPid":2832,"at":1791207229950,"monitorPid":15200,"exitCode":0,"signal":null}
check	Run verification	2026-10-05T13:33:50.0180263Z [verification-tool-phase] {"phase":"monitor-spawned","pid":12568,"parentPid":2832,"at":1791207230017,"monitorPid":15228,"executable":"/tmp/verification-nuget-project-test-Emu26S/sdk/dotnet-sdk/dotnet"}
check	Run verification	2026-10-05T13:33:50.0392935Z [verification-tool-phase] {"phase":"tool-spawned","pid":15228,"parentPid":12568,"at":1791207230038,"toolPid":15235,"executable":"/tmp/verification-nuget-project-test-Emu26S/sdk/dotnet-sdk/dotnet"}
check	Run verification	2026-10-05T13:33:50.0564722Z [verification-tool-phase] {"phase":"tool-exited","pid":15228,"parentPid":12568,"at":1791207230055,"toolPid":15235,"exitCode":0,"signal":null}
check	Run verification	2026-10-05T13:33:50.0635616Z [verification-tool-phase] {"phase":"group-drained","pid":15228,"parentPid":12568,"at":1791207230062,"toolPid":15235}
check	Run verification	2026-10-05T13:33:50.0662036Z [verification-tool-phase] {"phase":"monitor-closed","pid":12568,"parentPid":2832,"at":1791207230065,"monitorPid":15228,"exitCode":0,"signal":null}
check	Run verification	2026-10-05T13:33:50.0713364Z [verification-tool-phase] {"phase":"monitor-spawned","pid":12568,"parentPid":2832,"at":1791207230070,"monitorPid":15243,"executable":"/tmp/verification-nuget-project-test-Emu26S/sdk/dotnet-sdk/dotnet"}
check	Run verification	2026-10-05T13:33:50.0925976Z [verification-tool-phase] {"phase":"tool-spawned","pid":15243,"parentPid":12568,"at":1791207230091,"toolPid":15250,"executable":"/tmp/verification-nuget-project-test-Emu26S/sdk/dotnet-sdk/dotnet"}
check	Run verification	2026-10-05T13:33:50.1149993Z [verification-tool-phase] {"phase":"tool-exited","pid":15243,"parentPid":12568,"at":1791207230114,"toolPid":15250,"exitCode":0,"signal":null}
check	Run verification	2026-10-05T13:33:50.1290060Z [verification-tool-phase] {"phase":"group-drained","pid":15243,"parentPid":12568,"at":1791207230127,"toolPid":15250}
check	Run verification	2026-10-05T13:33:50.1327854Z [verification-tool-phase] {"phase":"monitor-closed","pid":12568,"parentPid":2832,"at":1791207230132,"monitorPid":15243,"exitCode":0,"signal":null}
check	Run verification	2026-10-05T13:33:50.1394423Z [verification-tool-phase] {"phase":"monitor-spawned","pid":12568,"parentPid":2832,"at":1791207230139,"monitorPid":15258,"executable":"/tmp/verification-nuget-project-test-Emu26S/sdk/dotnet-sdk/dotnet"}
check	Run verification	2026-10-05T13:33:50.1615027Z [verification-tool-phase] {"phase":"tool-spawned","pid":15258,"parentPid":12568,"at":1791207230160,"toolPid":15265,"executable":"/tmp/verification-nuget-project-test-Emu26S/sdk/dotnet-sdk/dotnet"}
check	Run verification	2026-10-05T13:33:50.1837892Z [verification-tool-phase] {"phase":"tool-exited","pid":15258,"parentPid":12568,"at":1791207230183,"toolPid":15265,"exitCode":0,"signal":null}
check	Run verification	2026-10-05T13:33:50.1906872Z [verification-tool-phase] {"phase":"group-drained","pid":15258,"parentPid":12568,"at":1791207230190,"toolPid":15265}
check	Run verification	2026-10-05T13:33:50.1933106Z [verification-tool-phase] {"phase":"monitor-closed","pid":12568,"parentPid":2832,"at":1791207230193,"monitorPid":15258,"exitCode":0,"signal":null}
check	Run verification	2026-10-05T13:33:50.2630582Z [verification-tool-phase] {"phase":"monitor-spawned","pid":12568,"parentPid":2832,"at":1791207230262,"monitorPid":15286,"executable":"/tmp/verification-nuget-project-test-kvSMCO/sdk/dotnet-sdk/dotnet"}
check	Run verification	2026-10-05T13:33:50.2852270Z [verification-tool-phase] {"phase":"tool-spawned","pid":15286,"parentPid":12568,"at":1791207230284,"toolPid":15293,"executable":"/tmp/verification-nuget-project-test-kvSMCO/sdk/dotnet-sdk/dotnet"}
check	Run verification	2026-10-05T13:33:50.3047773Z [verification-tool-phase] {"phase":"tool-exited","pid":15286,"parentPid":12568,"at":1791207230304,"toolPid":15293,"exitCode":0,"signal":null}
check	Run verification	2026-10-05T13:33:50.3121537Z [verification-tool-phase] {"phase":"group-drained","pid":15286,"parentPid":12568,"at":1791207230311,"toolPid":15293}
check	Run verification	2026-10-05T13:33:50.3155468Z [verification-tool-phase] {"phase":"monitor-closed","pid":12568,"parentPid":2832,"at":1791207230315,"monitorPid":15286,"exitCode":0,"signal":null}
check	Run verification	2026-10-05T13:33:50.3207055Z [verification-tool-phase] {"phase":"monitor-spawned","pid":12568,"parentPid":2832,"at":1791207230320,"monitorPid":15301,"executable":"/tmp/verification-nuget-project-test-kvSMCO/sdk/dotnet-sdk/dotnet"}
check	Run verification	2026-10-05T13:33:50.3440324Z [verification-tool-phase] {"phase":"tool-spawned","pid":15301,"parentPid":12568,"at":1791207230343,"toolPid":15308,"executable":"/tmp/verification-nuget-project-test-kvSMCO/sdk/dotnet-sdk/dotnet"}
check	Run verification	2026-10-05T13:33:50.3686539Z [verification-tool-phase] {"phase":"tool-exited","pid":15301,"parentPid":12568,"at":1791207230367,"toolPid":15308,"exitCode":0,"signal":null}
check	Run verification	2026-10-05T13:33:50.3760445Z [verification-tool-phase] {"phase":"group-drained","pid":15301,"parentPid":12568,"at":1791207230375,"toolPid":15308}
check	Run verification	2026-10-05T13:33:50.3790716Z [verification-tool-phase] {"phase":"monitor-closed","pid":12568,"parentPid":2832,"at":1791207230378,"monitorPid":15301,"exitCode":0,"signal":null}
check	Run verification	2026-10-05T13:33:50.3859037Z [verification-tool-phase] {"phase":"monitor-spawned","pid":12568,"parentPid":2832,"at":1791207230385,"monitorPid":15316,"executable":"/tmp/verification-nuget-project-test-kvSMCO/sdk/dotnet-sdk/dotnet"}
check	Run verification	2026-10-05T13:33:50.4106230Z [verification-tool-phase] {"phase":"tool-spawned","pid":15316,"parentPid":12568,"at":1791207230409,"toolPid":15323,"executable":"/tmp/verification-nuget-project-test-kvSMCO/sdk/dotnet-sdk/dotnet"}
check	Run verification	2026-10-05T13:33:50.4351608Z [verification-tool-phase] {"phase":"tool-exited","pid":15316,"parentPid":12568,"at":1791207230434,"toolPid":15323,"exitCode":0,"signal":null}
check	Run verification	2026-10-05T13:33:50.4424171Z [verification-tool-phase] {"phase":"group-drained","pid":15316,"parentPid":12568,"at":1791207230441,"toolPid":15323}
check	Run verification	2026-10-05T13:33:50.4452488Z [verification-tool-phase] {"phase":"monitor-closed","pid":12568,"parentPid":2832,"at":1791207230444,"monitorPid":15316,"exitCode":0,"signal":null}
check	Run verification	2026-10-05T13:33:50.5217230Z [verification-tool-phase] {"phase":"monitor-spawned","pid":12568,"parentPid":2832,"at":1791207230521,"monitorPid":15344,"executable":"/tmp/verification-nuget-project-test-qGausL/sdk/dotnet-sdk/dotnet"}
check	Run verification	2026-10-05T13:33:50.5436947Z [verification-tool-phase] {"phase":"tool-spawned","pid":15344,"parentPid":12568,"at":1791207230542,"toolPid":15351,"executable":"/tmp/verification-nuget-project-test-qGausL/sdk/dotnet-sdk/dotnet"}
check	Run verification	2026-10-05T13:33:50.5630642Z [verification-tool-phase] {"phase":"tool-exited","pid":15344,"parentPid":12568,"at":1791207230562,"toolPid":15351,"exitCode":0,"signal":null}
check	Run verification	2026-10-05T13:33:50.5704875Z [verification-tool-phase] {"phase":"group-drained","pid":15344,"parentPid":12568,"at":1791207230569,"toolPid":15351}
check	Run verification	2026-10-05T13:33:50.5731469Z [verification-tool-phase] {"phase":"monitor-closed","pid":12568,"parentPid":2832,"at":1791207230572,"monitorPid":15344,"exitCode":0,"signal":null}
check	Run verification	2026-10-05T13:33:50.5784177Z [verification-tool-phase] {"phase":"monitor-spawned","pid":12568,"parentPid":2832,"at":1791207230578,"monitorPid":15359,"executable":"/tmp/verification-nuget-project-test-qGausL/sdk/dotnet-sdk/dotnet"}
check	Run verification	2026-10-05T13:33:50.6015597Z [verification-tool-phase] {"phase":"tool-spawned","pid":15359,"parentPid":12568,"at":1791207230600,"toolPid":15367,"executable":"/tmp/verification-nuget-project-test-qGausL/sdk/dotnet-sdk/dotnet"}
check	Run verification	2026-10-05T13:33:50.6260088Z [verification-tool-phase] {"phase":"tool-exited","pid":15359,"parentPid":12568,"at":1791207230625,"toolPid":15367,"exitCode":0,"signal":null}
check	Run verification	2026-10-05T13:33:50.6334519Z [verification-tool-phase] {"phase":"group-drained","pid":15359,"parentPid":12568,"at":1791207230632,"toolPid":15367}
check	Run verification	2026-10-05T13:33:50.6362751Z [verification-tool-phase] {"phase":"monitor-closed","pid":12568,"parentPid":2832,"at":1791207230635,"monitorPid":15359,"exitCode":0,"signal":null}
check	Run verification	2026-10-05T13:33:50.6430714Z [verification-tool-phase] {"phase":"monitor-spawned","pid":12568,"parentPid":2832,"at":1791207230642,"monitorPid":15375,"executable":"/tmp/verification-nuget-project-test-qGausL/sdk/dotnet-sdk/dotnet"}
check	Run verification	2026-10-05T13:33:50.6652469Z [verification-tool-phase] {"phase":"tool-spawned","pid":15375,"parentPid":12568,"at":1791207230663,"toolPid":15382,"executable":"/tmp/verification-nuget-project-test-qGausL/sdk/dotnet-sdk/dotnet"}
check	Run verification	2026-10-05T13:33:50.6910361Z [verification-tool-phase] {"phase":"tool-exited","pid":15375,"parentPid":12568,"at":1791207230690,"toolPid":15382,"exitCode":0,"signal":null}
check	Run verification	2026-10-05T13:33:50.6984408Z [verification-tool-phase] {"phase":"group-drained","pid":15375,"parentPid":12568,"at":1791207230697,"toolPid":15382}
check	Run verification	2026-10-05T13:33:50.7011296Z [verification-tool-phase] {"phase":"monitor-closed","pid":12568,"parentPid":2832,"at":1791207230700,"monitorPid":15375,"exitCode":0,"signal":null}
check	Run verification	2026-10-05T13:33:50.7792982Z [verification-tool-phase] {"phase":"monitor-spawned","pid":12568,"parentPid":2832,"at":1791207230778,"monitorPid":15403,"executable":"/tmp/verification-nuget-project-test-IMqxvm/sdk/dotnet-sdk/dotnet"}
check	Run verification	2026-10-05T13:33:50.8011083Z [verification-tool-phase] {"phase":"tool-spawned","pid":15403,"parentPid":12568,"at":1791207230800,"toolPid":15410,"executable":"/tmp/verification-nuget-project-test-IMqxvm/sdk/dotnet-sdk/dotnet"}
check	Run verification	2026-10-05T13:33:50.8212702Z [verification-tool-phase] {"phase":"tool-exited","pid":15403,"parentPid":12568,"at":1791207230820,"toolPid":15410,"exitCode":0,"signal":null}
check	Run verification	2026-10-05T13:33:50.8287798Z [verification-tool-phase] {"phase":"group-drained","pid":15403,"parentPid":12568,"at":1791207230828,"toolPid":15410}
check	Run verification	2026-10-05T13:33:50.8318123Z [verification-tool-phase] {"phase":"monitor-closed","pid":12568,"parentPid":2832,"at":1791207230831,"monitorPid":15403,"exitCode":0,"signal":null}
check	Run verification	2026-10-05T13:33:50.8371917Z [verification-tool-phase] {"phase":"monitor-spawned","pid":12568,"parentPid":2832,"at":1791207230836,"monitorPid":15418,"executable":"/tmp/verification-nuget-project-test-IMqxvm/sdk/dotnet-sdk/dotnet"}
check	Run verification	2026-10-05T13:33:50.8609202Z [verification-tool-phase] {"phase":"tool-spawned","pid":15418,"parentPid":12568,"at":1791207230859,"toolPid":15425,"executable":"/tmp/verification-nuget-project-test-IMqxvm/sdk/dotnet-sdk/dotnet"}
check	Run verification	2026-10-05T13:33:50.8857468Z [verification-tool-phase] {"phase":"tool-exited","pid":15418,"parentPid":12568,"at":1791207230885,"toolPid":15425,"exitCode":0,"signal":null}
check	Run verification	2026-10-05T13:33:50.8930046Z [verification-tool-phase] {"phase":"group-drained","pid":15418,"parentPid":12568,"at":1791207230892,"toolPid":15425}
check	Run verification	2026-10-05T13:33:50.8956707Z [verification-tool-phase] {"phase":"monitor-closed","pid":12568,"parentPid":2832,"at":1791207230895,"monitorPid":15418,"exitCode":0,"signal":null}
check	Run verification	2026-10-05T13:33:50.9023420Z [verification-tool-phase] {"phase":"monitor-spawned","pid":12568,"parentPid":2832,"at":1791207230901,"monitorPid":15433,"executable":"/tmp/verification-nuget-project-test-IMqxvm/sdk/dotnet-sdk/dotnet"}
check	Run verification	2026-10-05T13:33:50.9243990Z [verification-tool-phase] {"phase":"tool-spawned","pid":15433,"parentPid":12568,"at":1791207230923,"toolPid":15440,"executable":"/tmp/verification-nuget-project-test-IMqxvm/sdk/dotnet-sdk/dotnet"}
check	Run verification	2026-10-05T13:33:50.9491928Z [verification-tool-phase] {"phase":"tool-exited","pid":15433,"parentPid":12568,"at":1791207230948,"toolPid":15440,"exitCode":0,"signal":null}
check	Run verification	2026-10-05T13:33:50.9563587Z [verification-tool-phase] {"phase":"group-drained","pid":15433,"parentPid":12568,"at":1791207230955,"toolPid":15440}
check	Run verification	2026-10-05T13:33:50.9591891Z [verification-tool-phase] {"phase":"monitor-closed","pid":12568,"parentPid":2832,"at":1791207230958,"monitorPid":15433,"exitCode":0,"signal":null}
check	Run verification	2026-10-05T13:33:51.0301444Z [verification-tool-phase] {"phase":"monitor-spawned","pid":12568,"parentPid":2832,"at":1791207231029,"monitorPid":15461,"executable":"/tmp/verification-nuget-project-test-p52Laq/sdk/dotnet-sdk/dotnet"}
check	Run verification	2026-10-05T13:33:51.0525107Z [verification-tool-phase] {"phase":"tool-spawned","pid":15461,"parentPid":12568,"at":1791207231051,"toolPid":15468,"executable":"/tmp/verification-nuget-project-test-p52Laq/sdk/dotnet-sdk/dotnet"}
check	Run verification	2026-10-05T13:33:51.0712882Z [verification-tool-phase] {"phase":"tool-exited","pid":15461,"parentPid":12568,"at":1791207231070,"toolPid":15468,"exitCode":0,"signal":null}
check	Run verification	2026-10-05T13:33:51.0784054Z [verification-tool-phase] {"phase":"group-drained","pid":15461,"parentPid":12568,"at":1791207231077,"toolPid":15468}
check	Run verification	2026-10-05T13:33:51.0817558Z [verification-tool-phase] {"phase":"monitor-closed","pid":12568,"parentPid":2832,"at":1791207231081,"monitorPid":15461,"exitCode":0,"signal":null}
check	Run verification	2026-10-05T13:33:51.0866285Z [verification-tool-phase] {"phase":"monitor-spawned","pid":12568,"parentPid":2832,"at":1791207231086,"monitorPid":15476,"executable":"/tmp/verification-nuget-project-test-p52Laq/sdk/dotnet-sdk/dotnet"}
check	Run verification	2026-10-05T13:33:51.1081663Z [verification-tool-phase] {"phase":"tool-spawned","pid":15476,"parentPid":12568,"at":1791207231107,"toolPid":15483,"executable":"/tmp/verification-nuget-project-test-p52Laq/sdk/dotnet-sdk/dotnet"}
check	Run verification	2026-10-05T13:33:51.1333403Z [verification-tool-phase] {"phase":"tool-exited","pid":15476,"parentPid":12568,"at":1791207231132,"toolPid":15483,"exitCode":0,"signal":null}
check	Run verification	2026-10-05T13:33:51.1407851Z [verification-tool-phase] {"phase":"group-drained","pid":15476,"parentPid":12568,"at":1791207231140,"toolPid":15483}
check	Run verification	2026-10-05T13:33:51.1435458Z [verification-tool-phase] {"phase":"monitor-closed","pid":12568,"parentPid":2832,"at":1791207231143,"monitorPid":15476,"exitCode":0,"signal":null}
check	Run verification	2026-10-05T13:33:51.1510110Z [verification-tool-phase] {"phase":"monitor-spawned","pid":12568,"parentPid":2832,"at":1791207231150,"monitorPid":15491,"executable":"/tmp/verification-nuget-project-test-p52Laq/sdk/dotnet-sdk/dotnet"}
check	Run verification	2026-10-05T13:33:51.1729658Z [verification-tool-phase] {"phase":"tool-spawned","pid":15491,"parentPid":12568,"at":1791207231171,"toolPid":15498,"executable":"/tmp/verification-nuget-project-test-p52Laq/sdk/dotnet-sdk/dotnet"}
check	Run verification	2026-10-05T13:33:51.1962771Z [verification-tool-phase] {"phase":"tool-exited","pid":15491,"parentPid":12568,"at":1791207231195,"toolPid":15498,"exitCode":0,"signal":null}
check	Run verification	2026-10-05T13:33:51.2034973Z [verification-tool-phase] {"phase":"group-drained","pid":15491,"parentPid":12568,"at":1791207231202,"toolPid":15498}
check	Run verification	2026-10-05T13:33:51.2061576Z [verification-tool-phase] {"phase":"monitor-closed","pid":12568,"parentPid":2832,"at":1791207231205,"monitorPid":15491,"exitCode":0,"signal":null}
check	Run verification	2026-10-05T13:33:51.2894273Z [verification-tool-phase] {"phase":"monitor-spawned","pid":12568,"parentPid":2832,"at":1791207231288,"monitorPid":15519,"executable":"/tmp/verification-nuget-project-test-RtGyEX/sdk/dotnet-sdk/dotnet"}
check	Run verification	2026-10-05T13:33:51.3122179Z [verification-tool-phase] {"phase":"tool-spawned","pid":15519,"parentPid":12568,"at":1791207231311,"toolPid":15526,"executable":"/tmp/verification-nuget-project-test-RtGyEX/sdk/dotnet-sdk/dotnet"}
check	Run verification	2026-10-05T13:33:51.3326452Z [verification-tool-phase] {"phase":"tool-exited","pid":15519,"parentPid":12568,"at":1791207231331,"toolPid":15526,"exitCode":0,"signal":null}
check	Run verification	2026-10-05T13:33:51.3400709Z [verification-tool-phase] {"phase":"group-drained","pid":15519,"parentPid":12568,"at":1791207231339,"toolPid":15526}
check	Run verification	2026-10-05T13:33:51.3426634Z [verification-tool-phase] {"phase":"monitor-closed","pid":12568,"parentPid":2832,"at":1791207231342,"monitorPid":15519,"exitCode":0,"signal":null}
check	Run verification	2026-10-05T13:33:51.3476232Z [verification-tool-phase] {"phase":"monitor-spawned","pid":12568,"parentPid":2832,"at":1791207231347,"monitorPid":15534,"executable":"/tmp/verification-nuget-project-test-RtGyEX/sdk/dotnet-sdk/dotnet"}
check	Run verification	2026-10-05T13:33:51.3692188Z [verification-tool-phase] {"phase":"tool-spawned","pid":15534,"parentPid":12568,"at":1791207231368,"toolPid":15541,"executable":"/tmp/verification-nuget-project-test-RtGyEX/sdk/dotnet-sdk/dotnet"}
check	Run verification	2026-10-05T13:33:51.3917165Z [verification-tool-phase] {"phase":"tool-exited","pid":15534,"parentPid":12568,"at":1791207231390,"toolPid":15541,"exitCode":0,"signal":null}
check	Run verification	2026-10-05T13:33:51.3991943Z [verification-tool-phase] {"phase":"group-drained","pid":15534,"parentPid":12568,"at":1791207231398,"toolPid":15541}
check	Run verification	2026-10-05T13:33:51.4019201Z [verification-tool-phase] {"phase":"monitor-closed","pid":12568,"parentPid":2832,"at":1791207231401,"monitorPid":15534,"exitCode":0,"signal":null}
check	Run verification	2026-10-05T13:33:51.4085004Z [verification-tool-phase] {"phase":"monitor-spawned","pid":12568,"parentPid":2832,"at":1791207231408,"monitorPid":15549,"executable":"/tmp/verification-nuget-project-test-RtGyEX/sdk/dotnet-sdk/dotnet"}
check	Run verification	2026-10-05T13:33:51.4292897Z [verification-tool-phase] {"phase":"tool-spawned","pid":15549,"parentPid":12568,"at":1791207231428,"toolPid":15556,"executable":"/tmp/verification-nuget-project-test-RtGyEX/sdk/dotnet-sdk/dotnet"}
check	Run verification	2026-10-05T13:33:51.4523805Z [verification-tool-phase] {"phase":"tool-exited","pid":15549,"parentPid":12568,"at":1791207231451,"toolPid":15556,"exitCode":0,"signal":null}
check	Run verification	2026-10-05T13:33:51.4595188Z [verification-tool-phase] {"phase":"group-drained","pid":15549,"parentPid":12568,"at":1791207231458,"toolPid":15556}
check	Run verification	2026-10-05T13:33:51.4620544Z [verification-tool-phase] {"phase":"monitor-closed","pid":12568,"parentPid":2832,"at":1791207231461,"monitorPid":15549,"exitCode":0,"signal":null}
check	Run verification	2026-10-05T13:33:51.5362294Z [verification-tool-phase] {"phase":"monitor-spawned","pid":12568,"parentPid":2832,"at":1791207231535,"monitorPid":15577,"executable":"/tmp/verification-nuget-project-test-Vhlp70/sdk/dotnet-sdk/dotnet"}
check	Run verification	2026-10-05T13:33:51.5571389Z [verification-tool-phase] {"phase":"tool-spawned","pid":15577,"parentPid":12568,"at":1791207231556,"toolPid":15584,"executable":"/tmp/verification-nuget-project-test-Vhlp70/sdk/dotnet-sdk/dotnet"}
check	Run verification	2026-10-05T13:33:51.5764149Z [verification-tool-phase] {"phase":"tool-exited","pid":15577,"parentPid":12568,"at":1791207231575,"toolPid":15584,"exitCode":0,"signal":null}
check	Run verification	2026-10-05T13:33:51.5832519Z [verification-tool-phase] {"phase":"group-drained","pid":15577,"parentPid":12568,"at":1791207231582,"toolPid":15584}
check	Run verification	2026-10-05T13:33:51.5858891Z [verification-tool-phase] {"phase":"monitor-closed","pid":12568,"parentPid":2832,"at":1791207231585,"monitorPid":15577,"exitCode":0,"signal":null}
check	Run verification	2026-10-05T13:33:51.5908519Z [verification-tool-phase] {"phase":"monitor-spawned","pid":12568,"parentPid":2832,"at":1791207231590,"monitorPid":15592,"executable":"/tmp/verification-nuget-project-test-Vhlp70/sdk/dotnet-sdk/dotnet"}
check	Run verification	2026-10-05T13:33:51.6121619Z [verification-tool-phase] {"phase":"tool-spawned","pid":15592,"parentPid":12568,"at":1791207231611,"toolPid":15599,"executable":"/tmp/verification-nuget-project-test-Vhlp70/sdk/dotnet-sdk/dotnet"}
check	Run verification	2026-10-05T13:33:51.6358000Z [verification-tool-phase] {"phase":"tool-exited","pid":15592,"parentPid":12568,"at":1791207231635,"toolPid":15599,"exitCode":0,"signal":null}
check	Run verification	2026-10-05T13:33:51.6426155Z [verification-tool-phase] {"phase":"group-drained","pid":15592,"parentPid":12568,"at":1791207231642,"toolPid":15599}
check	Run verification	2026-10-05T13:33:51.6455464Z [verification-tool-phase] {"phase":"monitor-closed","pid":12568,"parentPid":2832,"at":1791207231645,"monitorPid":15592,"exitCode":0,"signal":null}
check	Run verification	2026-10-05T13:33:51.6521755Z [verification-tool-phase] {"phase":"monitor-spawned","pid":12568,"parentPid":2832,"at":1791207231651,"monitorPid":15607,"executable":"/tmp/verification-nuget-project-test-Vhlp70/sdk/dotnet-sdk/dotnet"}
check	Run verification	2026-10-05T13:33:51.6747351Z [verification-tool-phase] {"phase":"tool-spawned","pid":15607,"parentPid":12568,"at":1791207231673,"toolPid":15614,"executable":"/tmp/verification-nuget-project-test-Vhlp70/sdk/dotnet-sdk/dotnet"}
check	Run verification	2026-10-05T13:33:51.6979926Z [verification-tool-phase] {"phase":"tool-exited","pid":15607,"parentPid":12568,"at":1791207231697,"toolPid":15614,"exitCode":0,"signal":null}
check	Run verification	2026-10-05T13:33:51.7051264Z [verification-tool-phase] {"phase":"group-drained","pid":15607,"parentPid":12568,"at":1791207231704,"toolPid":15614}
check	Run verification	2026-10-05T13:33:51.7078817Z [verification-tool-phase] {"phase":"monitor-closed","pid":12568,"parentPid":2832,"at":1791207231707,"monitorPid":15607,"exitCode":0,"signal":null}
check	Run verification	2026-10-05T13:33:51.7768419Z [verification-tool-phase] {"phase":"monitor-spawned","pid":12568,"parentPid":2832,"at":1791207231776,"monitorPid":15635,"executable":"/tmp/verification-nuget-project-test-LxXCda/sdk/dotnet-sdk/dotnet"}
check	Run verification	2026-10-05T13:33:51.7976571Z [verification-tool-phase] {"phase":"tool-spawned","pid":15635,"parentPid":12568,"at":1791207231796,"toolPid":15642,"executable":"/tmp/verification-nuget-project-test-LxXCda/sdk/dotnet-sdk/dotnet"}
check	Run verification	2026-10-05T13:33:51.8143481Z [verification-tool-phase] {"phase":"tool-exited","pid":15635,"parentPid":12568,"at":1791207231813,"toolPid":15642,"exitCode":0,"signal":null}
check	Run verification	2026-10-05T13:33:51.8212296Z [verification-tool-phase] {"phase":"group-drained","pid":15635,"parentPid":12568,"at":1791207231820,"toolPid":15642}
check	Run verification	2026-10-05T13:33:51.8240964Z [verification-tool-phase] {"phase":"monitor-closed","pid":12568,"parentPid":2832,"at":1791207231823,"monitorPid":15635,"exitCode":0,"signal":null}
check	Run verification	2026-10-05T13:33:51.8289316Z [verification-tool-phase] {"phase":"monitor-spawned","pid":12568,"parentPid":2832,"at":1791207231828,"monitorPid":15650,"executable":"/tmp/verification-nuget-project-test-LxXCda/sdk/dotnet-sdk/dotnet"}
check	Run verification	2026-10-05T13:33:51.8505672Z [verification-tool-phase] {"phase":"tool-spawned","pid":15650,"parentPid":12568,"at":1791207231849,"toolPid":15657,"executable":"/tmp/verification-nuget-project-test-LxXCda/sdk/dotnet-sdk/dotnet"}
check	Run verification	2026-10-05T13:33:51.8735599Z [verification-tool-phase] {"phase":"tool-exited","pid":15650,"parentPid":12568,"at":1791207231872,"toolPid":15657,"exitCode":0,"signal":null}
check	Run verification	2026-10-05T13:33:51.8807170Z [verification-tool-phase] {"phase":"group-drained","pid":15650,"parentPid":12568,"at":1791207231880,"toolPid":15657}
check	Run verification	2026-10-05T13:33:51.8833674Z [verification-tool-phase] {"phase":"monitor-closed","pid":12568,"parentPid":2832,"at":1791207231883,"monitorPid":15650,"exitCode":0,"signal":null}
check	Run verification	2026-10-05T13:33:51.8898872Z [verification-tool-phase] {"phase":"monitor-spawned","pid":12568,"parentPid":2832,"at":1791207231889,"monitorPid":15665,"executable":"/tmp/verification-nuget-project-test-LxXCda/sdk/dotnet-sdk/dotnet"}
check	Run verification	2026-10-05T13:33:51.9119742Z [verification-tool-phase] {"phase":"tool-spawned","pid":15665,"parentPid":12568,"at":1791207231911,"toolPid":15672,"executable":"/tmp/verification-nuget-project-test-LxXCda/sdk/dotnet-sdk/dotnet"}
check	Run verification	2026-10-05T13:33:51.9352895Z [verification-tool-phase] {"phase":"tool-exited","pid":15665,"parentPid":12568,"at":1791207231934,"toolPid":15672,"exitCode":0,"signal":null}
check	Run verification	2026-10-05T13:33:51.9432901Z [verification-tool-phase] {"phase":"group-drained","pid":15665,"parentPid":12568,"at":1791207231942,"toolPid":15672}
check	Run verification	2026-10-05T13:33:51.9482698Z [verification-tool-phase] {"phase":"monitor-closed","pid":12568,"parentPid":2832,"at":1791207231945,"monitorPid":15665,"exitCode":0,"signal":null}
check	Run verification	2026-10-05T13:33:52.0198740Z [verification-tool-phase] {"phase":"monitor-spawned","pid":12568,"parentPid":2832,"at":1791207232019,"monitorPid":15693,"executable":"/tmp/verification-nuget-project-test-kZRTJF/sdk/dotnet-sdk/dotnet"}
check	Run verification	2026-10-05T13:33:52.0408162Z [verification-tool-phase] {"phase":"tool-spawned","pid":15693,"parentPid":12568,"at":1791207232039,"toolPid":15700,"executable":"/tmp/verification-nuget-project-test-kZRTJF/sdk/dotnet-sdk/dotnet"}
check	Run verification	2026-10-05T13:33:52.0597035Z [verification-tool-phase] {"phase":"tool-exited","pid":15693,"parentPid":12568,"at":1791207232059,"toolPid":15700,"exitCode":0,"signal":null}
check	Run verification	2026-10-05T13:33:52.0671989Z [verification-tool-phase] {"phase":"group-drained","pid":15693,"parentPid":12568,"at":1791207232066,"toolPid":15700}
check	Run verification	2026-10-05T13:33:52.0697981Z [verification-tool-phase] {"phase":"monitor-closed","pid":12568,"parentPid":2832,"at":1791207232069,"monitorPid":15693,"exitCode":0,"signal":null}
check	Run verification	2026-10-05T13:33:52.0748762Z [verification-tool-phase] {"phase":"monitor-spawned","pid":12568,"parentPid":2832,"at":1791207232074,"monitorPid":15708,"executable":"/tmp/verification-nuget-project-test-kZRTJF/sdk/dotnet-sdk/dotnet"}
check	Run verification	2026-10-05T13:33:52.0967067Z [verification-tool-phase] {"phase":"tool-spawned","pid":15708,"parentPid":12568,"at":1791207232095,"toolPid":15715,"executable":"/tmp/verification-nuget-project-test-kZRTJF/sdk/dotnet-sdk/dotnet"}
check	Run verification	2026-10-05T13:33:52.1214494Z [verification-tool-phase] {"phase":"tool-exited","pid":15708,"parentPid":12568,"at":1791207232120,"toolPid":15715,"exitCode":0,"signal":null}
check	Run verification	2026-10-05T13:33:52.1286531Z [verification-tool-phase] {"phase":"group-drained","pid":15708,"parentPid":12568,"at":1791207232128,"toolPid":15715}
check	Run verification	2026-10-05T13:33:52.1313567Z [verification-tool-phase] {"phase":"monitor-closed","pid":12568,"parentPid":2832,"at":1791207232131,"monitorPid":15708,"exitCode":0,"signal":null}
check	Run verification	2026-10-05T13:33:52.2123221Z [verification-tool-phase] {"phase":"monitor-spawned","pid":12568,"parentPid":2832,"at":1791207232211,"monitorPid":15736,"executable":"/tmp/verification-nuget-project-test-G5YTmt/sdk/dotnet-sdk/dotnet"}
check	Run verification	2026-10-05T13:33:52.2361004Z [verification-tool-phase] {"phase":"tool-spawned","pid":15736,"parentPid":12568,"at":1791207232235,"toolPid":15743,"executable":"/tmp/verification-nuget-project-test-G5YTmt/sdk/dotnet-sdk/dotnet"}
check	Run verification	2026-10-05T13:33:52.2557421Z [verification-tool-phase] {"phase":"tool-exited","pid":15736,"parentPid":12568,"at":1791207232255,"toolPid":15743,"exitCode":0,"signal":null}
check	Run verification	2026-10-05T13:33:52.2633102Z [verification-tool-phase] {"phase":"group-drained","pid":15736,"parentPid":12568,"at":1791207232262,"toolPid":15743}
check	Run verification	2026-10-05T13:33:52.2661262Z [verification-tool-phase] {"phase":"monitor-closed","pid":12568,"parentPid":2832,"at":1791207232265,"monitorPid":15736,"exitCode":0,"signal":null}
check	Run verification	2026-10-05T13:33:52.2713759Z [verification-tool-phase] {"phase":"monitor-spawned","pid":12568,"parentPid":2832,"at":1791207232271,"monitorPid":15751,"executable":"/tmp/verification-nuget-project-test-G5YTmt/sdk/dotnet-sdk/dotnet"}
check	Run verification	2026-10-05T13:33:52.2954370Z [verification-tool-phase] {"phase":"tool-spawned","pid":15751,"parentPid":12568,"at":1791207232294,"toolPid":15758,"executable":"/tmp/verification-nuget-project-test-G5YTmt/sdk/dotnet-sdk/dotnet"}
check	Run verification	2026-10-05T13:33:52.3189827Z [verification-tool-phase] {"phase":"tool-exited","pid":15751,"parentPid":12568,"at":1791207232318,"toolPid":15758,"exitCode":0,"signal":null}
check	Run verification	2026-10-05T13:33:52.3264440Z [verification-tool-phase] {"phase":"group-drained","pid":15751,"parentPid":12568,"at":1791207232325,"toolPid":15758}
check	Run verification	2026-10-05T13:33:52.3301996Z [verification-tool-phase] {"phase":"monitor-closed","pid":12568,"parentPid":2832,"at":1791207232328,"monitorPid":15751,"exitCode":0,"signal":null}
check	Run verification	2026-10-05T13:33:52.3360619Z [verification-tool-phase] {"phase":"monitor-spawned","pid":12568,"parentPid":2832,"at":1791207232335,"monitorPid":15766,"executable":"/tmp/verification-nuget-project-test-G5YTmt/sdk/dotnet-sdk/dotnet"}
check	Run verification	2026-10-05T13:33:52.3581944Z [verification-tool-phase] {"phase":"tool-spawned","pid":15766,"parentPid":12568,"at":1791207232357,"toolPid":15773,"executable":"/tmp/verification-nuget-project-test-G5YTmt/sdk/dotnet-sdk/dotnet"}
check	Run verification	2026-10-05T13:33:52.3840614Z [verification-tool-phase] {"phase":"tool-exited","pid":15766,"parentPid":12568,"at":1791207232383,"toolPid":15773,"exitCode":0,"signal":null}
check	Run verification	2026-10-05T13:33:52.3915691Z [verification-tool-phase] {"phase":"group-drained","pid":15766,"parentPid":12568,"at":1791207232390,"toolPid":15773}
check	Run verification	2026-10-05T13:33:52.3943020Z [verification-tool-phase] {"phase":"monitor-closed","pid":12568,"parentPid":2832,"at":1791207232393,"monitorPid":15766,"exitCode":0,"signal":null}
check	Run verification	2026-10-05T13:33:52.4753351Z [verification-tool-phase] {"phase":"monitor-spawned","pid":12568,"parentPid":2832,"at":1791207232474,"monitorPid":15794,"executable":"/tmp/verification-nuget-project-test-GCWDaQ/sdk/dotnet-sdk/dotnet"}
check	Run verification	2026-10-05T13:33:52.4981175Z [verification-tool-phase] {"phase":"tool-spawned","pid":15794,"parentPid":12568,"at":1791207232497,"toolPid":15801,"executable":"/tmp/verification-nuget-project-test-GCWDaQ/sdk/dotnet-sdk/dotnet"}
check	Run verification	2026-10-05T13:33:52.5160426Z [verification-tool-phase] {"phase":"tool-exited","pid":15794,"parentPid":12568,"at":1791207232515,"toolPid":15801,"exitCode":0,"signal":null}
check	Run verification	2026-10-05T13:33:52.5233665Z [verification-tool-phase] {"phase":"group-drained","pid":15794,"parentPid":12568,"at":1791207232522,"toolPid":15801}
check	Run verification	2026-10-05T13:33:52.5261011Z [verification-tool-phase] {"phase":"monitor-closed","pid":12568,"parentPid":2832,"at":1791207232525,"monitorPid":15794,"exitCode":0,"signal":null}
check	Run verification	2026-10-05T13:33:52.5310607Z [verification-tool-phase] {"phase":"monitor-spawned","pid":12568,"parentPid":2832,"at":1791207232530,"monitorPid":15809,"executable":"/tmp/verification-nuget-project-test-GCWDaQ/sdk/dotnet-sdk/dotnet"}
check	Run verification	2026-10-05T13:33:52.5519332Z [verification-tool-phase] {"phase":"tool-spawned","pid":15809,"parentPid":12568,"at":1791207232551,"toolPid":15816,"executable":"/tmp/verification-nuget-project-test-GCWDaQ/sdk/dotnet-sdk/dotnet"}
check	Run verification	2026-10-05T13:33:52.5768413Z [verification-tool-phase] {"phase":"tool-exited","pid":15809,"parentPid":12568,"at":1791207232576,"toolPid":15816,"exitCode":0,"signal":null}
check	Run verification	2026-10-05T13:33:52.5843909Z [verification-tool-phase] {"phase":"group-drained","pid":15809,"parentPid":12568,"at":1791207232583,"toolPid":15816}
check	Run verification	2026-10-05T13:33:52.5872119Z [verification-tool-phase] {"phase":"monitor-closed","pid":12568,"parentPid":2832,"at":1791207232586,"monitorPid":15809,"exitCode":0,"signal":null}
check	Run verification	2026-10-05T13:33:52.5938960Z [verification-tool-phase] {"phase":"monitor-spawned","pid":12568,"parentPid":2832,"at":1791207232593,"monitorPid":15824,"executable":"/tmp/verification-nuget-project-test-GCWDaQ/sdk/dotnet-sdk/dotnet"}
check	Run verification	2026-10-05T13:33:52.6170461Z [verification-tool-phase] {"phase":"tool-spawned","pid":15824,"parentPid":12568,"at":1791207232616,"toolPid":15831,"executable":"/tmp/verification-nuget-project-test-GCWDaQ/sdk/dotnet-sdk/dotnet"}
check	Run verification	2026-10-05T13:33:52.6417439Z [verification-tool-phase] {"phase":"tool-exited","pid":15824,"parentPid":12568,"at":1791207232641,"toolPid":15831,"exitCode":0,"signal":null}
check	Run verification	2026-10-05T13:33:52.6492585Z [verification-tool-phase] {"phase":"group-drained","pid":15824,"parentPid":12568,"at":1791207232648,"toolPid":15831}
check	Run verification	2026-10-05T13:33:52.6518762Z [verification-tool-phase] {"phase":"monitor-closed","pid":12568,"parentPid":2832,"at":1791207232651,"monitorPid":15824,"exitCode":0,"signal":null}
check	Run verification	2026-10-05T13:33:54.2540067Z [verification-tool-phase] {"phase":"monitor-spawned","pid":12568,"parentPid":2832,"at":1791207234253,"monitorPid":16151,"executable":"/tmp/verification-nuget-project-test-DGoqri/sdk/dotnet-sdk/dotnet"}
check	Run verification	2026-10-05T13:33:54.2777875Z [verification-tool-phase] {"phase":"tool-spawned","pid":16151,"parentPid":12568,"at":1791207234276,"toolPid":16158,"executable":"/tmp/verification-nuget-project-test-DGoqri/sdk/dotnet-sdk/dotnet"}
check	Run verification	2026-10-05T13:33:54.2972664Z [verification-tool-phase] {"phase":"tool-exited","pid":16151,"parentPid":12568,"at":1791207234296,"toolPid":16158,"exitCode":0,"signal":null}
check	Run verification	2026-10-05T13:33:54.3044983Z [verification-tool-phase] {"phase":"group-drained","pid":16151,"parentPid":12568,"at":1791207234303,"toolPid":16158}
check	Run verification	2026-10-05T13:33:54.3071228Z [verification-tool-phase] {"phase":"monitor-closed","pid":12568,"parentPid":2832,"at":1791207234306,"monitorPid":16151,"exitCode":0,"signal":null}
check	Run verification	2026-10-05T13:33:54.3739663Z [verification-tool-phase] {"phase":"monitor-spawned","pid":12568,"parentPid":2832,"at":1791207234373,"monitorPid":16179,"executable":"/tmp/verification-nuget-project-test-NWa4QE/sdk/dotnet-sdk/dotnet"}
check	Run verification	2026-10-05T13:33:54.3973294Z [verification-tool-phase] {"phase":"tool-spawned","pid":16179,"parentPid":12568,"at":1791207234396,"toolPid":16186,"executable":"/tmp/verification-nuget-project-test-NWa4QE/sdk/dotnet-sdk/dotnet"}
check	Run verification	2026-10-05T13:33:54.4167188Z [verification-tool-phase] {"phase":"tool-exited","pid":16179,"parentPid":12568,"at":1791207234415,"toolPid":16186,"exitCode":0,"signal":null}
check	Run verification	2026-10-05T13:33:54.4241499Z [verification-tool-phase] {"phase":"group-drained","pid":16179,"parentPid":12568,"at":1791207234423,"toolPid":16186}
check	Run verification	2026-10-05T13:33:54.4268340Z [verification-tool-phase] {"phase":"monitor-closed","pid":12568,"parentPid":2832,"at":1791207234426,"monitorPid":16179,"exitCode":0,"signal":null}
check	Run verification	2026-10-05T13:33:54.4977440Z [verification-tool-phase] {"phase":"monitor-spawned","pid":12568,"parentPid":2832,"at":1791207234497,"monitorPid":16207,"executable":"/tmp/verification-nuget-project-test-HjYGcu/sdk/dotnet-sdk/dotnet"}
check	Run verification	2026-10-05T13:33:54.5205166Z [verification-tool-phase] {"phase":"tool-spawned","pid":16207,"parentPid":12568,"at":1791207234519,"toolPid":16214,"executable":"/tmp/verification-nuget-project-test-HjYGcu/sdk/dotnet-sdk/dotnet"}
check	Run verification	2026-10-05T13:33:54.5393293Z [verification-tool-phase] {"phase":"tool-exited","pid":16207,"parentPid":12568,"at":1791207234538,"toolPid":16214,"exitCode":0,"signal":null}
check	Run verification	2026-10-05T13:33:54.5472937Z [verification-tool-phase] {"phase":"group-drained","pid":16207,"parentPid":12568,"at":1791207234546,"toolPid":16214}
check	Run verification	2026-10-05T13:33:54.5501411Z [verification-tool-phase] {"phase":"monitor-closed","pid":12568,"parentPid":2832,"at":1791207234549,"monitorPid":16207,"exitCode":0,"signal":null}
check	Run verification	2026-10-05T13:33:54.6232940Z [verification-tool-phase] {"phase":"monitor-spawned","pid":12568,"parentPid":2832,"at":1791207234622,"monitorPid":16235,"executable":"/tmp/verification-nuget-project-test-gAE1Gf/sdk/dotnet-sdk/dotnet"}
check	Run verification	2026-10-05T13:33:54.6450578Z [verification-tool-phase] {"phase":"tool-spawned","pid":16235,"parentPid":12568,"at":1791207234644,"toolPid":16242,"executable":"/tmp/verification-nuget-project-test-gAE1Gf/sdk/dotnet-sdk/dotnet"}
check	Run verification	2026-10-05T13:33:54.6640638Z [verification-tool-phase] {"phase":"tool-exited","pid":16235,"parentPid":12568,"at":1791207234663,"toolPid":16242,"exitCode":0,"signal":null}
check	Run verification	2026-10-05T13:33:54.6722176Z [verification-tool-phase] {"phase":"group-drained","pid":16235,"parentPid":12568,"at":1791207234670,"toolPid":16242}
check	Run verification	2026-10-05T13:33:54.6741852Z [verification-tool-phase] {"phase":"monitor-closed","pid":12568,"parentPid":2832,"at":1791207234673,"monitorPid":16235,"exitCode":0,"signal":null}
check	Run verification	2026-10-05T13:33:54.6793237Z [verification-tool-phase] {"phase":"monitor-spawned","pid":12568,"parentPid":2832,"at":1791207234679,"monitorPid":16250,"executable":"/tmp/verification-nuget-project-test-gAE1Gf/sdk/dotnet-sdk/dotnet"}
check	Run verification	2026-10-05T13:33:54.7024671Z [verification-tool-phase] {"phase":"tool-spawned","pid":16250,"parentPid":12568,"at":1791207234701,"toolPid":16257,"executable":"/tmp/verification-nuget-project-test-gAE1Gf/sdk/dotnet-sdk/dotnet"}
check	Run verification	2026-10-05T13:33:54.7204669Z [verification-tool-phase] {"phase":"tool-exited","pid":16250,"parentPid":12568,"at":1791207234719,"toolPid":16257,"exitCode":73,"signal":null}
check	Run verification	2026-10-05T13:33:54.7279631Z [verification-tool-phase] {"phase":"group-drained","pid":16250,"parentPid":12568,"at":1791207234727,"toolPid":16257}
check	Run verification	2026-10-05T13:33:54.7307940Z [verification-tool-phase] {"phase":"monitor-closed","pid":12568,"parentPid":2832,"at":1791207234730,"monitorPid":16250,"exitCode":0,"signal":null}
check	Run verification	2026-10-05T13:33:54.9209954Z [verification-tool-phase] {"phase":"monitor-spawned","pid":12568,"parentPid":2832,"at":1791207234920,"monitorPid":16304,"executable":"/tmp/verification-nuget-project-test-U3O3Ea/sdk/dotnet-sdk/dotnet"}
check	Run verification	2026-10-05T13:33:54.9433785Z [verification-tool-phase] {"phase":"tool-spawned","pid":16304,"parentPid":12568,"at":1791207234942,"toolPid":16311,"executable":"/tmp/verification-nuget-project-test-U3O3Ea/sdk/dotnet-sdk/dotnet"}
check	Run verification	2026-10-05T13:33:54.9616783Z [verification-tool-phase] {"phase":"tool-exited","pid":16304,"parentPid":12568,"at":1791207234961,"toolPid":16311,"exitCode":0,"signal":null}
check	Run verification	2026-10-05T13:33:54.9697517Z [verification-tool-phase] {"phase":"group-drained","pid":16304,"parentPid":12568,"at":1791207234969,"toolPid":16311}
check	Run verification	2026-10-05T13:33:54.9726558Z [verification-tool-phase] {"phase":"monitor-closed","pid":12568,"parentPid":2832,"at":1791207234972,"monitorPid":16304,"exitCode":0,"signal":null}
check	Run verification	2026-10-05T13:33:54.9776521Z [verification-tool-phase] {"phase":"monitor-spawned","pid":12568,"parentPid":2832,"at":1791207234977,"monitorPid":16319,"executable":"/tmp/verification-nuget-project-test-U3O3Ea/sdk/dotnet-sdk/dotnet"}
check	Run verification	2026-10-05T13:33:54.9992788Z [verification-tool-phase] {"phase":"tool-spawned","pid":16319,"parentPid":12568,"at":1791207234998,"toolPid":16326,"executable":"/tmp/verification-nuget-project-test-U3O3Ea/sdk/dotnet-sdk/dotnet"}
check	Run verification	2026-10-05T13:33:55.0362791Z [verification-tool-phase] {"phase":"tool-exited","pid":16319,"parentPid":12568,"at":1791207235035,"toolPid":16326,"exitCode":null,"signal":"SIGKILL"}
check	Run verification	2026-10-05T13:33:55.0435086Z [verification-tool-phase] {"phase":"group-drained","pid":16319,"parentPid":12568,"at":1791207235042,"toolPid":16326}
check	Run verification	2026-10-05T13:33:55.0461903Z [verification-tool-phase] {"phase":"monitor-closed","pid":12568,"parentPid":2832,"at":1791207235045,"monitorPid":16319,"exitCode":0,"signal":null}
check	Run verification	2026-10-05T13:33:55.1217359Z [verification-tool-phase] {"phase":"monitor-spawned","pid":12568,"parentPid":2832,"at":1791207235121,"monitorPid":16354,"executable":"/tmp/verification-nuget-project-test-SZ1TCz/sdk/dotnet-sdk/dotnet"}
check	Run verification	2026-10-05T13:33:55.1445946Z [verification-tool-phase] {"phase":"tool-spawned","pid":16354,"parentPid":12568,"at":1791207235143,"toolPid":16361,"executable":"/tmp/verification-nuget-project-test-SZ1TCz/sdk/dotnet-sdk/dotnet"}
check	Run verification	2026-10-05T13:33:55.1636639Z [verification-tool-phase] {"phase":"tool-exited","pid":16354,"parentPid":12568,"at":1791207235162,"toolPid":16361,"exitCode":0,"signal":null}
check	Run verification	2026-10-05T13:33:55.1716433Z [verification-tool-phase] {"phase":"group-drained","pid":16354,"parentPid":12568,"at":1791207235170,"toolPid":16361}
check	Run verification	2026-10-05T13:33:55.1746514Z [verification-tool-phase] {"phase":"monitor-closed","pid":12568,"parentPid":2832,"at":1791207235174,"monitorPid":16354,"exitCode":0,"signal":null}
check	Run verification	2026-10-05T13:33:55.1799028Z [verification-tool-phase] {"phase":"monitor-spawned","pid":12568,"parentPid":2832,"at":1791207235179,"monitorPid":16369,"executable":"/tmp/verification-nuget-project-test-SZ1TCz/sdk/dotnet-sdk/dotnet"}
check	Run verification	2026-10-05T13:33:55.2021557Z [verification-tool-phase] {"phase":"tool-spawned","pid":16369,"parentPid":12568,"at":1791207235201,"toolPid":16376,"executable":"/tmp/verification-nuget-project-test-SZ1TCz/sdk/dotnet-sdk/dotnet"}
check	Run verification	2026-10-05T13:33:55.2405321Z [verification-tool-phase] {"phase":"tool-exited","pid":16369,"parentPid":12568,"at":1791207235239,"toolPid":16376,"exitCode":null,"signal":"SIGKILL"}
check	Run verification	2026-10-05T13:33:55.2481373Z [verification-tool-phase] {"phase":"group-drained","pid":16369,"parentPid":12568,"at":1791207235247,"toolPid":16376}
check	Run verification	2026-10-05T13:33:55.2507940Z [verification-tool-phase] {"phase":"monitor-closed","pid":12568,"parentPid":2832,"at":1791207235250,"monitorPid":16369,"exitCode":0,"signal":null}
check	Run verification	2026-10-05T13:33:55.9555195Z [verification-tool-phase] {"phase":"monitor-spawned","pid":12568,"parentPid":2832,"at":1791207235954,"monitorPid":16521,"executable":"/tmp/verification-fable-project-test-0HOOqV/sdk/dotnet-sdk/dotnet"}
check	Run verification	2026-10-05T13:33:55.9796844Z [verification-tool-phase] {"phase":"tool-spawned","pid":16521,"parentPid":12568,"at":1791207235978,"toolPid":16528,"executable":"/tmp/verification-fable-project-test-0HOOqV/sdk/dotnet-sdk/dotnet"}
check	Run verification	2026-10-05T13:33:55.9974689Z [verification-tool-phase] {"phase":"tool-exited","pid":16521,"parentPid":12568,"at":1791207235996,"toolPid":16528,"exitCode":0,"signal":null}
check	Run verification	2026-10-05T13:33:56.0050635Z [verification-tool-phase] {"phase":"group-drained","pid":16521,"parentPid":12568,"at":1791207236004,"toolPid":16528}
check	Run verification	2026-10-05T13:33:56.0078845Z [verification-tool-phase] {"phase":"monitor-closed","pid":12568,"parentPid":2832,"at":1791207236007,"monitorPid":16521,"exitCode":0,"signal":null}
check	Run verification	2026-10-05T13:33:56.0945498Z [verification-tool-phase] {"phase":"monitor-spawned","pid":12568,"parentPid":2832,"at":1791207236093,"monitorPid":16549,"executable":"/tmp/verification-fable-project-test-W8yTYg/sdk/dotnet-sdk/dotnet"}
check	Run verification	2026-10-05T13:33:56.1192428Z [verification-tool-phase] {"phase":"tool-spawned","pid":16549,"parentPid":12568,"at":1791207236118,"toolPid":16556,"executable":"/tmp/verification-fable-project-test-W8yTYg/sdk/dotnet-sdk/dotnet"}
check	Run verification	2026-10-05T13:33:56.1362587Z [verification-tool-phase] {"phase":"tool-exited","pid":16549,"parentPid":12568,"at":1791207236135,"toolPid":16556,"exitCode":0,"signal":null}
check	Run verification	2026-10-05T13:33:56.1438343Z [verification-tool-phase] {"phase":"group-drained","pid":16549,"parentPid":12568,"at":1791207236143,"toolPid":16556}
check	Run verification	2026-10-05T13:33:56.1466906Z [verification-tool-phase] {"phase":"monitor-closed","pid":12568,"parentPid":2832,"at":1791207236146,"monitorPid":16549,"exitCode":0,"signal":null}
check	Run verification	2026-10-05T13:33:56.2271482Z [verification-tool-phase] {"phase":"monitor-spawned","pid":12568,"parentPid":2832,"at":1791207236226,"monitorPid":16577,"executable":"/tmp/verification-fable-project-test-ENVE2J/sdk/dotnet-sdk/dotnet"}
check	Run verification	2026-10-05T13:33:56.2530497Z [verification-tool-phase] {"phase":"tool-spawned","pid":16577,"parentPid":12568,"at":1791207236252,"toolPid":16584,"executable":"/tmp/verification-fable-project-test-ENVE2J/sdk/dotnet-sdk/dotnet"}
check	Run verification	2026-10-05T13:33:56.2713435Z [verification-tool-phase] {"phase":"tool-exited","pid":16577,"parentPid":12568,"at":1791207236270,"toolPid":16584,"exitCode":0,"signal":null}
check	Run verification	2026-10-05T13:33:56.2797785Z [verification-tool-phase] {"phase":"group-drained","pid":16577,"parentPid":12568,"at":1791207236278,"toolPid":16584}
check	Run verification	2026-10-05T13:33:56.2830727Z [verification-tool-phase] {"phase":"monitor-closed","pid":12568,"parentPid":2832,"at":1791207236282,"monitorPid":16577,"exitCode":0,"signal":null}
check	Run verification	2026-10-05T13:33:56.3650160Z [verification-tool-phase] {"phase":"monitor-spawned","pid":12568,"parentPid":2832,"at":1791207236364,"monitorPid":16605,"executable":"/tmp/verification-fable-project-test-RRoppY/sdk/dotnet-sdk/dotnet"}
check	Run verification	2026-10-05T13:33:56.3892250Z [verification-tool-phase] {"phase":"tool-spawned","pid":16605,"parentPid":12568,"at":1791207236388,"toolPid":16612,"executable":"/tmp/verification-fable-project-test-RRoppY/sdk/dotnet-sdk/dotnet"}
check	Run verification	2026-10-05T13:33:56.4080976Z [verification-tool-phase] {"phase":"tool-exited","pid":16605,"parentPid":12568,"at":1791207236407,"toolPid":16612,"exitCode":73,"signal":null}
check	Run verification	2026-10-05T13:33:56.4154069Z [verification-tool-phase] {"phase":"group-drained","pid":16605,"parentPid":12568,"at":1791207236414,"toolPid":16612}
check	Run verification	2026-10-05T13:33:56.4183194Z [verification-tool-phase] {"phase":"monitor-closed","pid":12568,"parentPid":2832,"at":1791207236417,"monitorPid":16605,"exitCode":0,"signal":null}
check	Run verification	2026-10-05T13:33:56.4969504Z [verification-tool-phase] {"phase":"monitor-spawned","pid":12568,"parentPid":2832,"at":1791207236496,"monitorPid":16633,"executable":"/tmp/verification-fable-project-test-kvNZQl/sdk/dotnet-sdk/dotnet"}
check	Run verification	2026-10-05T13:33:56.5199338Z [verification-tool-phase] {"phase":"tool-spawned","pid":16633,"parentPid":12568,"at":1791207236518,"toolPid":16640,"executable":"/tmp/verification-fable-project-test-kvNZQl/sdk/dotnet-sdk/dotnet"}
check	Run verification	2026-10-05T13:33:56.5375233Z [verification-tool-phase] {"phase":"tool-exited","pid":16633,"parentPid":12568,"at":1791207236536,"toolPid":16640,"exitCode":0,"signal":null}
check	Run verification	2026-10-05T13:33:56.5450096Z [verification-tool-phase] {"phase":"group-drained","pid":16633,"parentPid":12568,"at":1791207236544,"toolPid":16640}
check	Run verification	2026-10-05T13:33:56.5477658Z [verification-tool-phase] {"phase":"monitor-closed","pid":12568,"parentPid":2832,"at":1791207236547,"monitorPid":16633,"exitCode":0,"signal":null}
check	Run verification	2026-10-05T13:33:56.6293344Z [verification-tool-phase] {"phase":"monitor-spawned","pid":12568,"parentPid":2832,"at":1791207236625,"monitorPid":16661,"executable":"/tmp/verification-fable-project-test-OCdf6b/sdk/dotnet-sdk/dotnet"}
check	Run verification	2026-10-05T13:33:56.6481487Z [verification-tool-phase] {"phase":"tool-spawned","pid":16661,"parentPid":12568,"at":1791207236647,"toolPid":16668,"executable":"/tmp/verification-fable-project-test-OCdf6b/sdk/dotnet-sdk/dotnet"}
check	Run verification	2026-10-05T13:33:56.6644913Z [verification-tool-phase] {"phase":"tool-exited","pid":16661,"parentPid":12568,"at":1791207236663,"toolPid":16668,"exitCode":0,"signal":null}
check	Run verification	2026-10-05T13:33:56.6720159Z [verification-tool-phase] {"phase":"group-drained","pid":16661,"parentPid":12568,"at":1791207236671,"toolPid":16668}
check	Run verification	2026-10-05T13:33:56.6746299Z [verification-tool-phase] {"phase":"monitor-closed","pid":12568,"parentPid":2832,"at":1791207236674,"monitorPid":16661,"exitCode":0,"signal":null}
check	Run verification	2026-10-05T13:33:56.7593237Z [verification-tool-phase] {"phase":"monitor-spawned","pid":12568,"parentPid":2832,"at":1791207236758,"monitorPid":16690,"executable":"/tmp/verification-fable-project-test-MB2sXn/sdk/dotnet-sdk/dotnet"}
check	Run verification	2026-10-05T13:33:56.7823084Z [verification-tool-phase] {"phase":"tool-spawned","pid":16690,"parentPid":12568,"at":1791207236781,"toolPid":16697,"executable":"/tmp/verification-fable-project-test-MB2sXn/sdk/dotnet-sdk/dotnet"}
check	Run verification	2026-10-05T13:33:56.7997668Z [verification-tool-phase] {"phase":"tool-exited","pid":16690,"parentPid":12568,"at":1791207236799,"toolPid":16697,"exitCode":0,"signal":null}
check	Run verification	2026-10-05T13:33:56.8072656Z [verification-tool-phase] {"phase":"group-drained","pid":16690,"parentPid":12568,"at":1791207236806,"toolPid":16697}
check	Run verification	2026-10-05T13:33:56.8101763Z [verification-tool-phase] {"phase":"monitor-closed","pid":12568,"parentPid":2832,"at":1791207236809,"monitorPid":16690,"exitCode":0,"signal":null}
check	Run verification	2026-10-05T13:33:56.8858178Z [verification-tool-phase] {"phase":"monitor-spawned","pid":12568,"parentPid":2832,"at":1791207236885,"monitorPid":16718,"executable":"/tmp/verification-fable-project-test-1It4p8/sdk/dotnet-sdk/dotnet"}
check	Run verification	2026-10-05T13:33:56.9075732Z [verification-tool-phase] {"phase":"tool-spawned","pid":16718,"parentPid":12568,"at":1791207236906,"toolPid":16725,"executable":"/tmp/verification-fable-project-test-1It4p8/sdk/dotnet-sdk/dotnet"}
check	Run verification	2026-10-05T13:33:56.9239899Z [verification-tool-phase] {"phase":"tool-exited","pid":16718,"parentPid":12568,"at":1791207236923,"toolPid":16725,"exitCode":0,"signal":null}
check	Run verification	2026-10-05T13:33:56.9315054Z [verification-tool-phase] {"phase":"group-drained","pid":16718,"parentPid":12568,"at":1791207236930,"toolPid":16725}
check	Run verification	2026-10-05T13:33:56.9345225Z [verification-tool-phase] {"phase":"monitor-closed","pid":12568,"parentPid":2832,"at":1791207236934,"monitorPid":16718,"exitCode":0,"signal":null}
check	Run verification	2026-10-05T13:33:57.0112620Z [verification-tool-phase] {"phase":"monitor-spawned","pid":12568,"parentPid":2832,"at":1791207237010,"monitorPid":16746,"executable":"/tmp/verification-fable-project-test-BEDEZl/sdk/dotnet-sdk/dotnet"}
check	Run verification	2026-10-05T13:33:57.0325752Z [verification-tool-phase] {"phase":"tool-spawned","pid":16746,"parentPid":12568,"at":1791207237031,"toolPid":16753,"executable":"/tmp/verification-fable-project-test-BEDEZl/sdk/dotnet-sdk/dotnet"}
check	Run verification	2026-10-05T13:33:57.0680283Z [verification-tool-phase] {"phase":"tool-exited","pid":16746,"parentPid":12568,"at":1791207237067,"toolPid":16753,"exitCode":null,"signal":"SIGKILL"}
check	Run verification	2026-10-05T13:33:57.0752143Z [verification-tool-phase] {"phase":"group-drained","pid":16746,"parentPid":12568,"at":1791207237074,"toolPid":16753}
check	Run verification	2026-10-05T13:33:57.0777958Z [verification-tool-phase] {"phase":"monitor-closed","pid":12568,"parentPid":2832,"at":1791207237077,"monitorPid":16746,"exitCode":0,"signal":null}
check	Run verification	2026-10-05T13:33:57.1521053Z [verification-tool-phase] {"phase":"monitor-spawned","pid":12568,"parentPid":2832,"at":1791207237151,"monitorPid":16781,"executable":"/tmp/verification-fable-project-test-ZJUa0g/sdk/dotnet-sdk/dotnet"}
check	Run verification	2026-10-05T13:33:57.1747018Z [verification-tool-phase] {"phase":"tool-spawned","pid":16781,"parentPid":12568,"at":1791207237173,"toolPid":16788,"executable":"/tmp/verification-fable-project-test-ZJUa0g/sdk/dotnet-sdk/dotnet"}
check	Run verification	2026-10-05T13:33:57.2130324Z [verification-tool-phase] {"phase":"tool-exited","pid":16781,"parentPid":12568,"at":1791207237212,"toolPid":16788,"exitCode":null,"signal":"SIGKILL"}
check	Run verification	2026-10-05T13:33:57.2201610Z [verification-tool-phase] {"phase":"group-drained","pid":16781,"parentPid":12568,"at":1791207237219,"toolPid":16788}
check	Run verification	2026-10-05T13:33:57.2229002Z [verification-tool-phase] {"phase":"monitor-closed","pid":12568,"parentPid":2832,"at":1791207237222,"monitorPid":16781,"exitCode":0,"signal":null}
check	Run verification	2026-10-05T13:33:57.3068496Z [verification-tool-phase] {"phase":"monitor-spawned","pid":12568,"parentPid":2832,"at":1791207237306,"monitorPid":16816,"executable":"/tmp/verification-fable-project-test-RZKOhI/sdk/dotnet-sdk/dotnet"}
check	Run verification	2026-10-05T13:33:57.3292155Z [verification-tool-phase] {"phase":"tool-spawned","pid":16816,"parentPid":12568,"at":1791207237328,"toolPid":16823,"executable":"/tmp/verification-fable-project-test-RZKOhI/sdk/dotnet-sdk/dotnet"}
check	Run verification	2026-10-05T13:33:57.3671551Z [verification-tool-phase] {"phase":"tool-exited","pid":16816,"parentPid":12568,"at":1791207237366,"toolPid":16823,"exitCode":null,"signal":"SIGKILL"}
check	Run verification	2026-10-05T13:33:57.3741731Z [verification-tool-phase] {"phase":"group-drained","pid":16816,"parentPid":12568,"at":1791207237373,"toolPid":16823}
check	Run verification	2026-10-05T13:33:57.3767862Z [verification-tool-phase] {"phase":"monitor-closed","pid":12568,"parentPid":2832,"at":1791207237376,"monitorPid":16816,"exitCode":0,"signal":null}
check	Run verification	2026-10-05T13:33:57.4570457Z [verification-tool-phase] {"phase":"monitor-spawned","pid":12568,"parentPid":2832,"at":1791207237456,"monitorPid":16851,"executable":"/tmp/verification-fable-project-test-CfRSvi/sdk/dotnet-sdk/dotnet"}
check	Run verification	2026-10-05T13:33:57.4792982Z [verification-tool-phase] {"phase":"tool-spawned","pid":16851,"parentPid":12568,"at":1791207237478,"toolPid":16858,"executable":"/tmp/verification-fable-project-test-CfRSvi/sdk/dotnet-sdk/dotnet"}
check	Run verification	2026-10-05T13:33:57.5175165Z [verification-tool-phase] {"phase":"tool-exited","pid":16851,"parentPid":12568,"at":1791207237516,"toolPid":16858,"exitCode":null,"signal":"SIGKILL"}
check	Run verification	2026-10-05T13:33:57.5246154Z [verification-tool-phase] {"phase":"group-drained","pid":16851,"parentPid":12568,"at":1791207237524,"toolPid":16858}
check	Run verification	2026-10-05T13:33:57.5273214Z [verification-tool-phase] {"phase":"monitor-closed","pid":12568,"parentPid":2832,"at":1791207237526,"monitorPid":16851,"exitCode":0,"signal":null}
check	Run verification	2026-10-05T13:33:57.6370225Z [verification-tool-phase] {"phase":"monitor-spawned","pid":12568,"parentPid":2832,"at":1791207237636,"monitorPid":16886,"executable":"/tmp/verification-fable-project-test-kaqlfS/sdk/dotnet-sdk/dotnet"}
check	Run verification	2026-10-05T13:33:57.6603117Z [verification-tool-phase] {"phase":"tool-spawned","pid":16886,"parentPid":12568,"at":1791207237659,"toolPid":16893,"executable":"/tmp/verification-fable-project-test-kaqlfS/sdk/dotnet-sdk/dotnet"}
check	Run verification	2026-10-05T13:33:57.6783779Z [verification-tool-phase] {"phase":"tool-exited","pid":16886,"parentPid":12568,"at":1791207237677,"toolPid":16893,"exitCode":0,"signal":null}
check	Run verification	2026-10-05T13:33:57.6861311Z [verification-tool-phase] {"phase":"group-drained","pid":16886,"parentPid":12568,"at":1791207237685,"toolPid":16893}
check	Run verification	2026-10-05T13:33:57.6889140Z [verification-tool-phase] {"phase":"monitor-closed","pid":12568,"parentPid":2832,"at":1791207237688,"monitorPid":16886,"exitCode":0,"signal":null}
check	Run verification	2026-10-05T13:33:57.7695961Z [verification-tool-phase] {"phase":"monitor-spawned","pid":12568,"parentPid":2832,"at":1791207237768,"monitorPid":16914,"executable":"/tmp/verification-fable-project-test-ROIbtX/sdk/dotnet-sdk/dotnet"}
check	Run verification	2026-10-05T13:33:57.7934919Z [verification-tool-phase] {"phase":"tool-spawned","pid":16914,"parentPid":12568,"at":1791207237792,"toolPid":16921,"executable":"/tmp/verification-fable-project-test-ROIbtX/sdk/dotnet-sdk/dotnet"}
check	Run verification	2026-10-05T13:33:57.8099375Z [verification-tool-phase] {"phase":"tool-exited","pid":16914,"parentPid":12568,"at":1791207237809,"toolPid":16921,"exitCode":0,"signal":null}
check	Run verification	2026-10-05T13:33:57.8174445Z [verification-tool-phase] {"phase":"group-drained","pid":16914,"parentPid":12568,"at":1791207237816,"toolPid":16921}
check	Run verification	2026-10-05T13:33:57.8205734Z [verification-tool-phase] {"phase":"monitor-closed","pid":12568,"parentPid":2832,"at":1791207237819,"monitorPid":16914,"exitCode":0,"signal":null}
check	Run verification	2026-10-05T13:33:57.9023813Z [verification-tool-phase] {"phase":"monitor-spawned","pid":12568,"parentPid":2832,"at":1791207237901,"monitorPid":16942,"executable":"/tmp/verification-fable-project-test-V6pUFy/sdk/dotnet-sdk/dotnet"}
check	Run verification	2026-10-05T13:33:57.9241863Z [verification-tool-phase] {"phase":"tool-spawned","pid":16942,"parentPid":12568,"at":1791207237923,"toolPid":16949,"executable":"/tmp/verification-fable-project-test-V6pUFy/sdk/dotnet-sdk/dotnet"}
check	Run verification	2026-10-05T13:33:57.9408036Z [verification-tool-phase] {"phase":"tool-exited","pid":16942,"parentPid":12568,"at":1791207237940,"toolPid":16949,"exitCode":0,"signal":null}
check	Run verification	2026-10-05T13:33:57.9480699Z [verification-tool-phase] {"phase":"group-drained","pid":16942,"parentPid":12568,"at":1791207237947,"toolPid":16949}
check	Run verification	2026-10-05T13:33:57.9516968Z [verification-tool-phase] {"phase":"monitor-closed","pid":12568,"parentPid":2832,"at":1791207237950,"monitorPid":16942,"exitCode":0,"signal":null}
check	Run verification	2026-10-05T13:33:58.0293947Z [verification-tool-phase] {"phase":"monitor-spawned","pid":12568,"parentPid":2832,"at":1791207238028,"monitorPid":16970,"executable":"/tmp/verification-fable-project-test-Dz5PKh/sdk/dotnet-sdk/dotnet"}
check	Run verification	2026-10-05T13:33:58.0522489Z [verification-tool-phase] {"phase":"tool-spawned","pid":16970,"parentPid":12568,"at":1791207238051,"toolPid":16977,"executable":"/tmp/verification-fable-project-test-Dz5PKh/sdk/dotnet-sdk/dotnet"}
check	Run verification	2026-10-05T13:33:58.0678048Z [verification-tool-phase] {"phase":"tool-exited","pid":16970,"parentPid":12568,"at":1791207238067,"toolPid":16977,"exitCode":0,"signal":null}
check	Run verification	2026-10-05T13:33:58.0751077Z [verification-tool-phase] {"phase":"group-drained","pid":16970,"parentPid":12568,"at":1791207238074,"toolPid":16977}
check	Run verification	2026-10-05T13:33:58.0776810Z [verification-tool-phase] {"phase":"monitor-closed","pid":12568,"parentPid":2832,"at":1791207238077,"monitorPid":16970,"exitCode":0,"signal":null}
check	Run verification	2026-10-05T13:33:58.1512724Z [verification-tool-phase] {"phase":"monitor-spawned","pid":12568,"parentPid":2832,"at":1791207238150,"monitorPid":16998,"executable":"/tmp/verification-fable-project-test-7Kc07s/sdk/dotnet-sdk/dotnet"}
check	Run verification	2026-10-05T13:33:58.1724813Z [verification-tool-phase] {"phase":"tool-spawned","pid":16998,"parentPid":12568,"at":1791207238171,"toolPid":17005,"executable":"/tmp/verification-fable-project-test-7Kc07s/sdk/dotnet-sdk/dotnet"}
check	Run verification	2026-10-05T13:33:58.1889782Z [verification-tool-phase] {"phase":"tool-exited","pid":16998,"parentPid":12568,"at":1791207238188,"toolPid":17005,"exitCode":0,"signal":null}
check	Run verification	2026-10-05T13:33:58.1961969Z [verification-tool-phase] {"phase":"group-drained","pid":16998,"parentPid":12568,"at":1791207238195,"toolPid":17005}
check	Run verification	2026-10-05T13:33:58.1991069Z [verification-tool-phase] {"phase":"monitor-closed","pid":12568,"parentPid":2832,"at":1791207238198,"monitorPid":16998,"exitCode":0,"signal":null}
check	Run verification	2026-10-05T13:33:58.2708513Z [verification-tool-phase] {"phase":"monitor-spawned","pid":12568,"parentPid":2832,"at":1791207238270,"monitorPid":17026,"executable":"/tmp/verification-fable-project-test-RYsrJS/sdk/dotnet-sdk/dotnet"}
check	Run verification	2026-10-05T13:33:58.2921738Z [verification-tool-phase] {"phase":"tool-spawned","pid":17026,"parentPid":12568,"at":1791207238291,"toolPid":17033,"executable":"/tmp/verification-fable-project-test-RYsrJS/sdk/dotnet-sdk/dotnet"}
check	Run verification	2026-10-05T13:33:58.3083871Z [verification-tool-phase] {"phase":"tool-exited","pid":17026,"parentPid":12568,"at":1791207238307,"toolPid":17033,"exitCode":0,"signal":null}
check	Run verification	2026-10-05T13:33:58.3154275Z [verification-tool-phase] {"phase":"group-drained","pid":17026,"parentPid":12568,"at":1791207238314,"toolPid":17033}
check	Run verification	2026-10-05T13:33:58.3180280Z [verification-tool-phase] {"phase":"monitor-closed","pid":12568,"parentPid":2832,"at":1791207238317,"monitorPid":17026,"exitCode":0,"signal":null}
check	Run verification	2026-10-05T13:33:58.5746571Z [verification-tool-phase] {"phase":"monitor-spawned","pid":12568,"parentPid":2832,"at":1791207238574,"monitorPid":17052,"executable":"/tmp/verification-npm-fixture-LtXICN/candidates/verification-npm-install-RIrt3r/tools/node"}
check	Run verification	2026-10-05T13:33:58.5985503Z [verification-tool-phase] {"phase":"tool-spawned","pid":17052,"parentPid":12568,"at":1791207238597,"toolPid":17059,"executable":"/tmp/verification-npm-fixture-LtXICN/candidates/verification-npm-install-RIrt3r/tools/node"}
check	Run verification	2026-10-05T13:33:58.6164861Z [verification-tool-phase] {"phase":"tool-exited","pid":17052,"parentPid":12568,"at":1791207238615,"toolPid":17059,"exitCode":0,"signal":null}
check	Run verification	2026-10-05T13:33:58.6240995Z [verification-tool-phase] {"phase":"group-drained","pid":17052,"parentPid":12568,"at":1791207238623,"toolPid":17059}
check	Run verification	2026-10-05T13:33:58.6270068Z [verification-tool-phase] {"phase":"monitor-closed","pid":12568,"parentPid":2832,"at":1791207238626,"monitorPid":17052,"exitCode":0,"signal":null}
check	Run verification	2026-10-05T13:33:58.6317915Z [verification-tool-phase] {"phase":"monitor-spawned","pid":12568,"parentPid":2832,"at":1791207238631,"monitorPid":17067,"executable":"/tmp/verification-npm-fixture-LtXICN/candidates/verification-npm-install-RIrt3r/tools/node"}
check	Run verification	2026-10-05T13:33:58.6532080Z [verification-tool-phase] {"phase":"tool-spawned","pid":17067,"parentPid":12568,"at":1791207238652,"toolPid":17074,"executable":"/tmp/verification-npm-fixture-LtXICN/candidates/verification-npm-install-RIrt3r/tools/node"}
check	Run verification	2026-10-05T13:33:58.7123513Z [verification-tool-phase] {"phase":"tool-exited","pid":17067,"parentPid":12568,"at":1791207238711,"toolPid":17074,"exitCode":0,"signal":null}
check	Run verification	2026-10-05T13:33:58.7197973Z [verification-tool-phase] {"phase":"group-drained","pid":17067,"parentPid":12568,"at":1791207238719,"toolPid":17074}
check	Run verification	2026-10-05T13:33:58.7226627Z [verification-tool-phase] {"phase":"monitor-closed","pid":12568,"parentPid":2832,"at":1791207238722,"monitorPid":17067,"exitCode":0,"signal":null}
check	Run verification	2026-10-05T13:33:58.7272992Z [verification-tool-phase] {"phase":"monitor-spawned","pid":12568,"parentPid":2832,"at":1791207238726,"monitorPid":17086,"executable":"/tmp/verification-npm-fixture-LtXICN/candidates/verification-npm-install-RIrt3r/tools/node"}
check	Run verification	2026-10-05T13:33:58.7491215Z [verification-tool-phase] {"phase":"tool-spawned","pid":17086,"parentPid":12568,"at":1791207238748,"toolPid":17093,"executable":"/tmp/verification-npm-fixture-LtXICN/candidates/verification-npm-install-RIrt3r/tools/node"}
check	Run verification	2026-10-05T13:33:59.0034342Z [verification-tool-phase] {"phase":"tool-exited","pid":17086,"parentPid":12568,"at":1791207239002,"toolPid":17093,"exitCode":0,"signal":null}
check	Run verification	2026-10-05T13:33:59.0104571Z [verification-tool-phase] {"phase":"group-drained","pid":17086,"parentPid":12568,"at":1791207239009,"toolPid":17093}
check	Run verification	2026-10-05T13:33:59.0133282Z [verification-tool-phase] {"phase":"monitor-closed","pid":12568,"parentPid":2832,"at":1791207239013,"monitorPid":17086,"exitCode":0,"signal":null}
check	Run verification	2026-10-05T13:33:59.2899353Z [verification-tool-phase] {"phase":"monitor-spawned","pid":12568,"parentPid":2832,"at":1791207239289,"monitorPid":17124,"executable":"/tmp/verification-npm-fixture-m58pt7/candidates/verification-npm-install-OmrB0l/tools/node"}
check	Run verification	2026-10-05T13:33:59.3122262Z [verification-tool-phase] {"phase":"tool-spawned","pid":17124,"parentPid":12568,"at":1791207239311,"toolPid":17131,"executable":"/tmp/verification-npm-fixture-m58pt7/candidates/verification-npm-install-OmrB0l/tools/node"}
check	Run verification	2026-10-05T13:33:59.3284388Z [verification-tool-phase] {"phase":"tool-exited","pid":17124,"parentPid":12568,"at":1791207239327,"toolPid":17131,"exitCode":0,"signal":null}
check	Run verification	2026-10-05T13:33:59.3362599Z [verification-tool-phase] {"phase":"group-drained","pid":17124,"parentPid":12568,"at":1791207239335,"toolPid":17131}
check	Run verification	2026-10-05T13:33:59.3385341Z [verification-tool-phase] {"phase":"monitor-closed","pid":12568,"parentPid":2832,"at":1791207239338,"monitorPid":17124,"exitCode":0,"signal":null}
check	Run verification	2026-10-05T13:33:59.3431085Z [verification-tool-phase] {"phase":"monitor-spawned","pid":12568,"parentPid":2832,"at":1791207239342,"monitorPid":17139,"executable":"/tmp/verification-npm-fixture-m58pt7/candidates/verification-npm-install-OmrB0l/tools/node"}
check	Run verification	2026-10-05T13:33:59.3655372Z [verification-tool-phase] {"phase":"tool-spawned","pid":17139,"parentPid":12568,"at":1791207239364,"toolPid":17146,"executable":"/tmp/verification-npm-fixture-m58pt7/candidates/verification-npm-install-OmrB0l/tools/node"}
check	Run verification	2026-10-05T13:33:59.4214155Z [verification-tool-phase] {"phase":"tool-exited","pid":17139,"parentPid":12568,"at":1791207239420,"toolPid":17146,"exitCode":0,"signal":null}
check	Run verification	2026-10-05T13:33:59.4288027Z [verification-tool-phase] {"phase":"group-drained","pid":17139,"parentPid":12568,"at":1791207239428,"toolPid":17146}
check	Run verification	2026-10-05T13:33:59.4314589Z [verification-tool-phase] {"phase":"monitor-closed","pid":12568,"parentPid":2832,"at":1791207239431,"monitorPid":17139,"exitCode":0,"signal":null}
check	Run verification	2026-10-05T13:33:59.4358901Z [verification-tool-phase] {"phase":"monitor-spawned","pid":12568,"parentPid":2832,"at":1791207239435,"monitorPid":17158,"executable":"/tmp/verification-npm-fixture-m58pt7/candidates/verification-npm-install-OmrB0l/tools/node"}
check	Run verification	2026-10-05T13:33:59.4575935Z [verification-tool-phase] {"phase":"tool-spawned","pid":17158,"parentPid":12568,"at":1791207239456,"toolPid":17165,"executable":"/tmp/verification-npm-fixture-m58pt7/candidates/verification-npm-install-OmrB0l/tools/node"}
check	Run verification	2026-10-05T13:33:59.7059026Z [verification-tool-phase] {"phase":"tool-exited","pid":17158,"parentPid":12568,"at":1791207239705,"toolPid":17165,"exitCode":1,"signal":null}
check	Run verification	2026-10-05T13:33:59.7134684Z [verification-tool-phase] {"phase":"group-drained","pid":17158,"parentPid":12568,"at":1791207239712,"toolPid":17165}
check	Run verification	2026-10-05T13:33:59.7162096Z [verification-tool-phase] {"phase":"monitor-closed","pid":12568,"parentPid":2832,"at":1791207239715,"monitorPid":17158,"exitCode":0,"signal":null}
check	Run verification	2026-10-05T13:33:59.9735466Z [verification-tool-phase] {"phase":"monitor-spawned","pid":12568,"parentPid":2832,"at":1791207239972,"monitorPid":17189,"executable":"/tmp/verification-npm-fixture-zy2TWZ/candidates/verification-npm-install-cD8uPM/tools/node"}
check	Run verification	2026-10-05T13:33:59.9948897Z [verification-tool-phase] {"phase":"tool-spawned","pid":17189,"parentPid":12568,"at":1791207239993,"toolPid":17196,"executable":"/tmp/verification-npm-fixture-zy2TWZ/candidates/verification-npm-install-cD8uPM/tools/node"}
check	Run verification	2026-10-05T13:34:00.0128426Z [verification-tool-phase] {"phase":"tool-exited","pid":17189,"parentPid":12568,"at":1791207240012,"toolPid":17196,"exitCode":0,"signal":null}
check	Run verification	2026-10-05T13:34:00.0202370Z [verification-tool-phase] {"phase":"group-drained","pid":17189,"parentPid":12568,"at":1791207240019,"toolPid":17196}
check	Run verification	2026-10-05T13:34:00.0229984Z [verification-tool-phase] {"phase":"monitor-closed","pid":12568,"parentPid":2832,"at":1791207240022,"monitorPid":17189,"exitCode":0,"signal":null}
check	Run verification	2026-10-05T13:34:00.0274630Z [verification-tool-phase] {"phase":"monitor-spawned","pid":12568,"parentPid":2832,"at":1791207240027,"monitorPid":17204,"executable":"/tmp/verification-npm-fixture-zy2TWZ/candidates/verification-npm-install-cD8uPM/tools/node"}
check	Run verification	2026-10-05T13:34:00.0507310Z [verification-tool-phase] {"phase":"tool-spawned","pid":17204,"parentPid":12568,"at":1791207240049,"toolPid":17211,"executable":"/tmp/verification-npm-fixture-zy2TWZ/candidates/verification-npm-install-cD8uPM/tools/node"}
check	Run verification	2026-10-05T13:34:00.1079827Z [verification-tool-phase] {"phase":"tool-exited","pid":17204,"parentPid":12568,"at":1791207240107,"toolPid":17211,"exitCode":0,"signal":null}
check	Run verification	2026-10-05T13:34:00.1152715Z [verification-tool-phase] {"phase":"group-drained","pid":17204,"parentPid":12568,"at":1791207240114,"toolPid":17211}
check	Run verification	2026-10-05T13:34:00.1185318Z [verification-tool-phase] {"phase":"monitor-closed","pid":12568,"parentPid":2832,"at":1791207240118,"monitorPid":17204,"exitCode":0,"signal":null}
check	Run verification	2026-10-05T13:34:00.1234294Z [verification-tool-phase] {"phase":"monitor-spawned","pid":12568,"parentPid":2832,"at":1791207240122,"monitorPid":17223,"executable":"/tmp/verification-npm-fixture-zy2TWZ/candidates/verification-npm-install-cD8uPM/tools/node"}
check	Run verification	2026-10-05T13:34:00.1458691Z [verification-tool-phase] {"phase":"tool-spawned","pid":17223,"parentPid":12568,"at":1791207240145,"toolPid":17230,"executable":"/tmp/verification-npm-fixture-zy2TWZ/candidates/verification-npm-install-cD8uPM/tools/node"}
check	Run verification	2026-10-05T13:34:00.3916289Z [verification-tool-phase] {"phase":"tool-exited","pid":17223,"parentPid":12568,"at":1791207240390,"toolPid":17230,"exitCode":1,"signal":null}
check	Run verification	2026-10-05T13:34:00.3991958Z [verification-tool-phase] {"phase":"group-drained","pid":17223,"parentPid":12568,"at":1791207240398,"toolPid":17230}
check	Run verification	2026-10-05T13:34:00.4019771Z [verification-tool-phase] {"phase":"monitor-closed","pid":12568,"parentPid":2832,"at":1791207240401,"monitorPid":17223,"exitCode":0,"signal":null}
check	Run verification	2026-10-05T13:34:00.8153378Z [verification-tool-phase] {"phase":"monitor-spawned","pid":12568,"parentPid":2832,"at":1791207240813,"monitorPid":17265,"executable":"/tmp/verification-npm-fixture-yoSTJy/candidates/verification-npm-install-XNPtHG/tools/node"}
check	Run verification	2026-10-05T13:34:00.8535578Z [verification-tool-phase] {"phase":"tool-spawned","pid":17265,"parentPid":12568,"at":1791207240851,"toolPid":17272,"executable":"/tmp/verification-npm-fixture-yoSTJy/candidates/verification-npm-install-XNPtHG/tools/node"}
check	Run verification	2026-10-05T13:34:00.8821000Z [verification-tool-phase] {"phase":"tool-exited","pid":17265,"parentPid":12568,"at":1791207240881,"toolPid":17272,"exitCode":0,"signal":null}
check	Run verification	2026-10-05T13:34:00.8899708Z [verification-tool-phase] {"phase":"group-drained","pid":17265,"parentPid":12568,"at":1791207240889,"toolPid":17272}
check	Run verification	2026-10-05T13:34:00.8932317Z [verification-tool-phase] {"phase":"monitor-closed","pid":12568,"parentPid":2832,"at":1791207240892,"monitorPid":17265,"exitCode":0,"signal":null}
check	Run verification	2026-10-05T13:34:00.8981946Z [verification-tool-phase] {"phase":"monitor-spawned","pid":12568,"parentPid":2832,"at":1791207240897,"monitorPid":17280,"executable":"/tmp/verification-npm-fixture-yoSTJy/candidates/verification-npm-install-XNPtHG/tools/node"}
check	Run verification	2026-10-05T13:34:00.9212607Z [verification-tool-phase] {"phase":"tool-spawned","pid":17280,"parentPid":12568,"at":1791207240920,"toolPid":17287,"executable":"/tmp/verification-npm-fixture-yoSTJy/candidates/verification-npm-install-XNPtHG/tools/node"}
check	Run verification	2026-10-05T13:34:00.9803656Z [verification-tool-phase] {"phase":"tool-exited","pid":17280,"parentPid":12568,"at":1791207240979,"toolPid":17287,"exitCode":0,"signal":null}
check	Run verification	2026-10-05T13:34:00.9880128Z [verification-tool-phase] {"phase":"group-drained","pid":17280,"parentPid":12568,"at":1791207240987,"toolPid":17287}
check	Run verification	2026-10-05T13:34:00.9909002Z [verification-tool-phase] {"phase":"monitor-closed","pid":12568,"parentPid":2832,"at":1791207240990,"monitorPid":17280,"exitCode":0,"signal":null}
check	Run verification	2026-10-05T13:34:00.9956417Z [verification-tool-phase] {"phase":"monitor-spawned","pid":12568,"parentPid":2832,"at":1791207240995,"monitorPid":17299,"executable":"/tmp/verification-npm-fixture-yoSTJy/candidates/verification-npm-install-XNPtHG/tools/node"}
check	Run verification	2026-10-05T13:34:01.0183311Z [verification-tool-phase] {"phase":"tool-spawned","pid":17299,"parentPid":12568,"at":1791207241017,"toolPid":17306,"executable":"/tmp/verification-npm-fixture-yoSTJy/candidates/verification-npm-install-XNPtHG/tools/node"}
check	Run verification	2026-10-05T13:34:01.2700451Z [verification-tool-phase] {"phase":"tool-exited","pid":17299,"parentPid":12568,"at":1791207241269,"toolPid":17306,"exitCode":null,"signal":"SIGKILL"}
check	Run verification	2026-10-05T13:34:01.2770486Z [verification-tool-phase] {"phase":"group-drained","pid":17299,"parentPid":12568,"at":1791207241276,"toolPid":17306}
check	Run verification	2026-10-05T13:34:01.2795832Z [verification-tool-phase] {"phase":"monitor-closed","pid":12568,"parentPid":2832,"at":1791207241279,"monitorPid":17299,"exitCode":0,"signal":null}
check	Run verification	2026-10-05T13:34:01.5386667Z [verification-tool-phase] {"phase":"monitor-spawned","pid":12568,"parentPid":2832,"at":1791207241538,"monitorPid":17330,"executable":"/tmp/verification-npm-fixture-QrBMHL/candidates/verification-npm-install-NBgUDp/tools/node"}
check	Run verification	2026-10-05T13:34:01.5607912Z [verification-tool-phase] {"phase":"tool-spawned","pid":17330,"parentPid":12568,"at":1791207241559,"toolPid":17337,"executable":"/tmp/verification-npm-fixture-QrBMHL/candidates/verification-npm-install-NBgUDp/tools/node"}
check	Run verification	2026-10-05T13:34:01.5787327Z [verification-tool-phase] {"phase":"tool-exited","pid":17330,"parentPid":12568,"at":1791207241578,"toolPid":17337,"exitCode":0,"signal":null}
check	Run verification	2026-10-05T13:34:01.5859097Z [verification-tool-phase] {"phase":"group-drained","pid":17330,"parentPid":12568,"at":1791207241585,"toolPid":17337}
check	Run verification	2026-10-05T13:34:01.5885911Z [verification-tool-phase] {"phase":"monitor-closed","pid":12568,"parentPid":2832,"at":1791207241588,"monitorPid":17330,"exitCode":0,"signal":null}
check	Run verification	2026-10-05T13:34:01.5933524Z [verification-tool-phase] {"phase":"monitor-spawned","pid":12568,"parentPid":2832,"at":1791207241593,"monitorPid":17345,"executable":"/tmp/verification-npm-fixture-QrBMHL/candidates/verification-npm-install-NBgUDp/tools/node"}
check	Run verification	2026-10-05T13:34:01.6145604Z [verification-tool-phase] {"phase":"tool-spawned","pid":17345,"parentPid":12568,"at":1791207241613,"toolPid":17352,"executable":"/tmp/verification-npm-fixture-QrBMHL/candidates/verification-npm-install-NBgUDp/tools/node"}
check	Run verification	2026-10-05T13:34:01.6714247Z [verification-tool-phase] {"phase":"tool-exited","pid":17345,"parentPid":12568,"at":1791207241670,"toolPid":17352,"exitCode":0,"signal":null}
check	Run verification	2026-10-05T13:34:01.6792365Z [verification-tool-phase] {"phase":"group-drained","pid":17345,"parentPid":12568,"at":1791207241678,"toolPid":17352}
check	Run verification	2026-10-05T13:34:01.6819427Z [verification-tool-phase] {"phase":"monitor-closed","pid":12568,"parentPid":2832,"at":1791207241681,"monitorPid":17345,"exitCode":0,"signal":null}
check	Run verification	2026-10-05T13:34:01.6865169Z [verification-tool-phase] {"phase":"monitor-spawned","pid":12568,"parentPid":2832,"at":1791207241686,"monitorPid":17364,"executable":"/tmp/verification-npm-fixture-QrBMHL/candidates/verification-npm-install-NBgUDp/tools/node"}
check	Run verification	2026-10-05T13:34:01.7081160Z [verification-tool-phase] {"phase":"tool-spawned","pid":17364,"parentPid":12568,"at":1791207241707,"toolPid":17371,"executable":"/tmp/verification-npm-fixture-QrBMHL/candidates/verification-npm-install-NBgUDp/tools/node"}
check	Run verification	2026-10-05T13:34:01.9206215Z [verification-tool-phase] {"phase":"tool-exited","pid":17364,"parentPid":12568,"at":1791207241920,"toolPid":17371,"exitCode":null,"signal":"SIGKILL"}
check	Run verification	2026-10-05T13:34:01.9277227Z [verification-tool-phase] {"phase":"group-drained","pid":17364,"parentPid":12568,"at":1791207241927,"toolPid":17371}
check	Run verification	2026-10-05T13:34:01.9304988Z [verification-tool-phase] {"phase":"monitor-closed","pid":12568,"parentPid":2832,"at":1791207241930,"monitorPid":17364,"exitCode":0,"signal":null}
check	Run verification	2026-10-05T13:34:02.1819550Z [verification-tool-phase] {"phase":"monitor-spawned","pid":12568,"parentPid":2832,"at":1791207242181,"monitorPid":17395,"executable":"/tmp/verification-npm-fixture-A7XdvH/candidates/verification-npm-install-3Ipn0J/tools/node"}
check	Run verification	2026-10-05T13:34:02.2038930Z [verification-tool-phase] {"phase":"tool-spawned","pid":17395,"parentPid":12568,"at":1791207242203,"toolPid":17402,"executable":"/tmp/verification-npm-fixture-A7XdvH/candidates/verification-npm-install-3Ipn0J/tools/node"}
check	Run verification	2026-10-05T13:34:02.2207420Z [verification-tool-phase] {"phase":"tool-exited","pid":17395,"parentPid":12568,"at":1791207242220,"toolPid":17402,"exitCode":0,"signal":null}
check	Run verification	2026-10-05T13:34:02.2281001Z [verification-tool-phase] {"phase":"group-drained","pid":17395,"parentPid":12568,"at":1791207242227,"toolPid":17402}
check	Run verification	2026-10-05T13:34:02.2308305Z [verification-tool-phase] {"phase":"monitor-closed","pid":12568,"parentPid":2832,"at":1791207242230,"monitorPid":17395,"exitCode":0,"signal":null}
check	Run verification	2026-10-05T13:34:02.2353651Z [verification-tool-phase] {"phase":"monitor-spawned","pid":12568,"parentPid":2832,"at":1791207242235,"monitorPid":17410,"executable":"/tmp/verification-npm-fixture-A7XdvH/candidates/verification-npm-install-3Ipn0J/tools/node"}
check	Run verification	2026-10-05T13:34:02.2575864Z [verification-tool-phase] {"phase":"tool-spawned","pid":17410,"parentPid":12568,"at":1791207242256,"toolPid":17417,"executable":"/tmp/verification-npm-fixture-A7XdvH/candidates/verification-npm-install-3Ipn0J/tools/node"}
check	Run verification	2026-10-05T13:34:02.3152355Z [verification-tool-phase] {"phase":"tool-exited","pid":17410,"parentPid":12568,"at":1791207242314,"toolPid":17417,"exitCode":0,"signal":null}
check	Run verification	2026-10-05T13:34:02.3226618Z [verification-tool-phase] {"phase":"group-drained","pid":17410,"parentPid":12568,"at":1791207242322,"toolPid":17417}
check	Run verification	2026-10-05T13:34:02.3254732Z [verification-tool-phase] {"phase":"monitor-closed","pid":12568,"parentPid":2832,"at":1791207242325,"monitorPid":17410,"exitCode":0,"signal":null}
check	Run verification	2026-10-05T13:34:02.3301450Z [verification-tool-phase] {"phase":"monitor-spawned","pid":12568,"parentPid":2832,"at":1791207242329,"monitorPid":17429,"executable":"/tmp/verification-npm-fixture-A7XdvH/candidates/verification-npm-install-3Ipn0J/tools/node"}
check	Run verification	2026-10-05T13:34:02.3515730Z [verification-tool-phase] {"phase":"tool-spawned","pid":17429,"parentPid":12568,"at":1791207242350,"toolPid":17436,"executable":"/tmp/verification-npm-fixture-A7XdvH/candidates/verification-npm-install-3Ipn0J/tools/node"}
check	Run verification	2026-10-05T13:34:02.5685935Z [verification-tool-phase] {"phase":"tool-exited","pid":17429,"parentPid":12568,"at":1791207242567,"toolPid":17436,"exitCode":null,"signal":"SIGKILL"}
check	Run verification	2026-10-05T13:34:02.5748478Z [verification-tool-phase] {"phase":"group-drained","pid":17429,"parentPid":12568,"at":1791207242574,"toolPid":17436}
check	Run verification	2026-10-05T13:34:02.5778412Z [verification-tool-phase] {"phase":"monitor-closed","pid":12568,"parentPid":2832,"at":1791207242577,"monitorPid":17429,"exitCode":0,"signal":null}
check	Run verification	2026-10-05T13:34:03.3534980Z [verification-tool-phase] {"phase":"monitor-spawned","pid":12568,"parentPid":2832,"at":1791207243352,"monitorPid":17482,"executable":"/tmp/verification-npm-fixture-L9WeYb/candidates/verification-npm-install-vL4l2R/tools/node"}
check	Run verification	2026-10-05T13:34:03.3765531Z [verification-tool-phase] {"phase":"tool-spawned","pid":17482,"parentPid":12568,"at":1791207243375,"toolPid":17489,"executable":"/tmp/verification-npm-fixture-L9WeYb/candidates/verification-npm-install-vL4l2R/tools/node"}
check	Run verification	2026-10-05T13:34:03.3933436Z [verification-tool-phase] {"phase":"tool-exited","pid":17482,"parentPid":12568,"at":1791207243392,"toolPid":17489,"exitCode":0,"signal":null}
check	Run verification	2026-10-05T13:34:03.4007050Z [verification-tool-phase] {"phase":"group-drained","pid":17482,"parentPid":12568,"at":1791207243400,"toolPid":17489}
check	Run verification	2026-10-05T13:34:03.4036581Z [verification-tool-phase] {"phase":"monitor-closed","pid":12568,"parentPid":2832,"at":1791207243403,"monitorPid":17482,"exitCode":0,"signal":null}
check	Run verification	2026-10-05T13:34:03.4081955Z [verification-tool-phase] {"phase":"monitor-spawned","pid":12568,"parentPid":2832,"at":1791207243407,"monitorPid":17497,"executable":"/tmp/verification-npm-fixture-L9WeYb/candidates/verification-npm-install-vL4l2R/tools/node"}
check	Run verification	2026-10-05T13:34:03.4293489Z [verification-tool-phase] {"phase":"tool-spawned","pid":17497,"parentPid":12568,"at":1791207243428,"toolPid":17504,"executable":"/tmp/verification-npm-fixture-L9WeYb/candidates/verification-npm-install-vL4l2R/tools/node"}
check	Run verification	2026-10-05T13:34:03.4881422Z [verification-tool-phase] {"phase":"tool-exited","pid":17497,"parentPid":12568,"at":1791207243487,"toolPid":17504,"exitCode":0,"signal":null}
check	Run verification	2026-10-05T13:34:03.4956380Z [verification-tool-phase] {"phase":"group-drained","pid":17497,"parentPid":12568,"at":1791207243495,"toolPid":17504}
check	Run verification	2026-10-05T13:34:03.4983495Z [verification-tool-phase] {"phase":"monitor-closed","pid":12568,"parentPid":2832,"at":1791207243498,"monitorPid":17497,"exitCode":0,"signal":null}
check	Run verification	2026-10-05T13:34:04.8134237Z fatal: .git/index: index file smaller than expected
check	Run verification	2026-10-05T13:34:04.8256542Z fatal: .git/index: index file smaller than expected
check	Run verification	2026-10-05T13:34:04.8382500Z fatal: .git/index: index file smaller than expected
check	Run verification	2026-10-05T13:34:05.0573398Z runner: file lifecycle {"entryFile":"/home/runner/work/vibe-fs/vibe-fs/requirements/verification-system/tests/016.test.mjs","type":"runner:file-drained","elapsedMs":254141.028965}
check	Run verification	2026-10-05T13:34:05.0611786Z 
check	Run verification	2026-10-05T13:34:05.0612874Z [test-summary] 820 file(s), 4496 passed, 1 failed, 116 skipped, 390 todo (254.12s wall, 426.10s test time)
check	Run verification	2026-10-05T13:34:05.0614684Z   todo: /home/runner/work/vibe-fs/vibe-fs/requirements/action-affordance/tests/002.test.mjs:WHAT[action-affordance-002] high-risk action descriptions carry equivalent core constraints in each language; file existence is not semantic equivalence (GAP-078) — reason not supplied
check	Run verification	2026-10-05T13:34:05.0617165Z   todo: /home/runner/work/vibe-fs/vibe-fs/requirements/action-affordance/tests/003.test.mjs:WHAT[action-affordance-003] read-only investigation descriptions reject repair and new execution evidence; retirement of inspect does not prove the surviving boundary (GAP-078) — reason not supplied
check	Run verification	2026-10-05T13:34:05.0619292Z   todo: /home/runner/work/vibe-fs/vibe-fs/requirements/action-affordance/tests/004.test.mjs:WHAT[action-affordance-004] mechanical means decided behavior rather than small diff, and WorkRecord is not validation; needs actual contract review (GAP-078) — reason not supplied
check	Run verification	2026-10-05T13:34:05.0621487Z   todo: /home/runner/work/vibe-fs/vibe-fs/requirements/action-affordance/tests/005.test.mjs:WHAT[action-affordance-005] source-change descriptions distinguish implementation from execution evidence; current Role Law keywords alone are insufficient (GAP-078) — reason not supplied
check	Run verification	2026-10-05T13:34:05.0623653Z   todo: /home/runner/work/vibe-fs/vibe-fs/requirements/action-affordance/tests/006.test.mjs:WHAT[action-affordance-006] execution and read-only observation descriptions identify their actual side effects; query-shell ownership must be reconciled with process-execution (GAP-078) — reason not supplied
check	Run verification	2026-10-05T13:34:05.0625878Z   skip: /home/runner/work/vibe-fs/vibe-fs/requirements/action-affordance/tests/001.test.mjs:WHAT[action-affordance-001] actual registered tool descriptors are nonempty and assume arguments carry descriptions — integration tier not enabled
check	Run verification	2026-10-05T13:34:05.0627768Z   todo: /home/runner/work/vibe-fs/vibe-fs/requirements/action-affordance/tests/001.test.mjs:WHAT[action-affordance-001] every nontrivial action description answers all five semantic questions; nonempty descriptions are only a prerequisite (GAP-078) — reason not supplied
check	Run verification	2026-10-05T13:34:05.0629888Z   todo: /home/runner/work/vibe-fs/vibe-fs/requirements/action-affordance/tests/008.test.mjs:WHAT[action-affordance-008] same-name schemas, lifecycle and outcomes have identical meaning in all projections; detecting owner names alone does not establish this (GAP-078) — reason not supplied
check	Run verification	2026-10-05T13:34:05.0632012Z   todo: /home/runner/work/vibe-fs/vibe-fs/requirements/action-affordance/tests/007.test.mjs:WHAT[action-affordance-007] all tool names are distinct semantic verbs; existing horizon and js names need a normative naming decision (GAP-078) — reason not supplied
check	Run verification	2026-10-05T13:34:05.0633975Z   todo: /home/runner/work/vibe-fs/vibe-fs/requirements/action-affordance/tests/010.test.mjs:WHAT[action-affordance-010] delegation descriptions accurately identify recipient duties and consequences; a role name appearing in prose is insufficient (GAP-078) — reason not supplied
check	Run verification	2026-10-05T13:34:05.0635989Z   todo: /home/runner/work/vibe-fs/vibe-fs/requirements/action-affordance/tests/011.test.mjs:WHAT[action-affordance-011] every actual decision surface mirrors the relevant callee boundary; selected resource phrases do not establish delivery (GAP-078) — reason not supplied
check	Run verification	2026-10-05T13:34:05.0638055Z   todo: /home/runner/work/vibe-fs/vibe-fs/requirements/action-affordance/tests/012.test.mjs:WHAT[action-affordance-012] caller descriptions distinguish confusable actions and forbidden requests; requires semantic cases rather than a separate mutant-only regex (GAP-078) — reason not supplied
check	Run verification	2026-10-05T13:34:05.0640062Z   todo: /home/runner/work/vibe-fs/vibe-fs/requirements/action-affordance/tests/013.test.mjs:WHAT[action-affordance-013] descriptions teach visible discipline without hidden orchestration; localizations preserve constraints (GAP-078) — reason not supplied
check	Run verification	2026-10-05T13:34:05.0642091Z   skip: /home/runner/work/vibe-fs/vibe-fs/requirements/action-affordance/tests/009.test.mjs:WHAT[action-affordance-009] commission descriptions do not advertise the retired Coordinator / Lead choice rejected by the actual schema — integration tier not enabled
check	Run verification	2026-10-05T13:34:05.0644375Z   todo: /home/runner/work/vibe-fs/vibe-fs/requirements/action-affordance/tests/009.test.mjs:WHAT[action-affordance-009] all calling choices explain their actual responsibilities without implying new permissions; one retired-choice regression is not semantic completeness (GAP-078) — reason not supplied
check	Run verification	2026-10-05T13:34:05.0646085Z   skip: /home/runner/work/vibe-fs/vibe-fs/requirements/action-affordance/tests/014.test.mjs:WHAT[action-affordance-014] the registered assume schema exposes only assumption — integration tier not enabled
check	Run verification	2026-10-05T13:34:05.0646987Z   skip: /home/runner/work/vibe-fs/vibe-fs/requirements/action-affordance/tests/014.test.mjs:WHAT[action-affordance-014] assume commits without echoing the assumption or writing a canvas — integration tier not enabled
check	Run verification	2026-10-05T13:34:05.0647877Z   skip: /home/runner/work/vibe-fs/vibe-fs/requirements/action-affordance/tests/015.test.mjs:WHAT[action-affordance-015] native todowrite keeps the host definition byte-identical — integration tier not enabled
check	Run verification	2026-10-05T13:34:05.0648790Z   skip: /home/runner/work/vibe-fs/vibe-fs/requirements/action-affordance/tests/015.test.mjs:WHAT[action-affordance-015] native todowrite args reach the executor untouched and stay untouched after — integration tier not enabled
check	Run verification	2026-10-05T13:34:05.0650016Z   todo: /home/runner/work/vibe-fs/vibe-fs/requirements/attention-regulation/tests/001.test.mjs:WHAT[attention-regulation-001] GAP-118 review prompt meaning and actual participant behavior at materially new evidence; no word scan proves cognitive stopping — reason not supplied
check	Run verification	2026-10-05T13:34:05.0651346Z   todo: /home/runner/work/vibe-fs/vibe-fs/requirements/attention-regulation/tests/006.test.mjs:WHAT[attention-regulation-006] GAP-118 actual dependency and capability isolation exclude a hidden scheduler or cognitive workflow engine — reason not supplied
check	Run verification	2026-10-05T13:34:05.0652387Z   todo: /home/runner/work/vibe-fs/vibe-fs/requirements/behavior-diagnosis/tests/001.test.mjs:WHAT[behavior-diagnosis-001] GAP-112 actual live union shares one provider enum and Main index and rejects collisions — reason not supplied
check	Run verification	2026-10-05T13:34:05.0653355Z   skip: /home/runner/work/vibe-fs/vibe-fs/requirements/behavior-diagnosis/tests/002.test.mjs:WHAT[behavior-diagnosis-002] real resource loader refuses empty missing blank and invalid packaged rules — integration tier not enabled
check	Run verification	2026-10-05T13:34:05.0654428Z   todo: /home/runner/work/vibe-fs/vibe-fs/requirements/behavior-diagnosis/tests/002.test.mjs:WHAT[behavior-diagnosis-002] GAP-112 actual plugin startup converts resource failure to process fail-fast; institutional preflight revision race commits nothing — reason not supplied
check	Run verification	2026-10-05T13:34:05.0655446Z   skip: /home/runner/work/vibe-fs/vibe-fs/requirements/behavior-diagnosis/tests/005.test.mjs:WHAT[behavior-diagnosis-005] both locale views preserve authored leaf bodies and share identities — integration tier not enabled
check	Run verification	2026-10-05T13:34:05.0656359Z   skip: /home/runner/work/vibe-fs/vibe-fs/requirements/behavior-diagnosis/tests/005.test.mjs:WHAT[behavior-diagnosis-005] missing or blank Chinese leaves never fall back to valid English — integration tier not enabled
check	Run verification	2026-10-05T13:34:05.0657275Z   todo: /home/runner/work/vibe-fs/vibe-fs/requirements/behavior-diagnosis/tests/005.test.mjs:WHAT[behavior-diagnosis-005] GAP-112 institutional BIRTH rejects either missing locale before durable append — reason not supplied
check	Run verification	2026-10-05T13:34:05.0658198Z   todo: /home/runner/work/vibe-fs/vibe-fs/requirements/behavior-diagnosis/tests/004.test.mjs:WHAT[behavior-diagnosis-004] GAP-112 actual institutional live Rulebook projection remains memory-only — reason not supplied
check	Run verification	2026-10-05T13:34:05.0659203Z   todo: /home/runner/work/vibe-fs/vibe-fs/requirements/behavior-diagnosis/tests/010.test.mjs:WHAT[behavior-diagnosis-010] GAP-113 settle conflict between fatal missing identity and attempt-only termination before claiming full compliance — reason not supplied
check	Run verification	2026-10-05T13:34:05.0660382Z   todo: /home/runner/work/vibe-fs/vibe-fs/requirements/behavior-diagnosis/tests/012.test.mjs:WHAT[behavior-diagnosis-012] GAP-112 actual commit fault and disk reopen prove frame coverage tip and identities are published atomically — reason not supplied
check	Run verification	2026-10-05T13:34:05.0661486Z   todo: /home/runner/work/vibe-fs/vibe-fs/requirements/behavior-diagnosis/tests/013.test.mjs:WHAT[behavior-diagnosis-013] GAP-112 stale staged cursor cutoff or epoch is refused before actual append with zero durable commit — reason not supplied
check	Run verification	2026-10-05T13:34:05.0662518Z   todo: /home/runner/work/vibe-fs/vibe-fs/requirements/behavior-diagnosis/tests/018.test.mjs:WHAT[behavior-diagnosis-018] GAP-112 a real BIRTH during an active life changes none of its four frozen views and appears in the next fresh life — reason not supplied
check	Run verification	2026-10-05T13:34:05.0663567Z   todo: /home/runner/work/vibe-fs/vibe-fs/requirements/behavior-diagnosis/tests/019.test.mjs:WHAT[behavior-diagnosis-019] GAP-112 actual enforcer fatal requires mandatory injected capability and durable settlement and occurs once — reason not supplied
check	Run verification	2026-10-05T13:34:05.0664593Z   skip: /home/runner/work/vibe-fs/vibe-fs/requirements/capability-enforcement/tests/006.test.mjs:WHAT[capability-enforcement-006] HOST_013_skill_stays_host_owned_and_legacy_marker_is_not_plugin_registered — integration tier not enabled
check	Run verification	2026-10-05T13:34:05.0665671Z   skip: /home/runner/work/vibe-fs/vibe-fs/requirements/capability-enforcement/tests/006.test.mjs:WHAT[capability-enforcement-006] MANAGER_pair_guidance_rides_cursor_suffix_without_synthetic_skill_row — integration tier not enabled
check	Run verification	2026-10-05T13:34:05.0666619Z   skip: /home/runner/work/vibe-fs/vibe-fs/requirements/capability-enforcement/tests/010.test.mjs:WHAT[capability-enforcement-010] AGENT_023_engineer_receives_hard_denial_and_no_shell — integration tier not enabled
check	Run verification	2026-10-05T13:34:05.0667517Z   skip: /home/runner/work/vibe-fs/vibe-fs/requirements/capability-enforcement/tests/010.test.mjs:WHAT[capability-enforcement-010] AGENT_023_bash_honeypot_is_denied_for_non_engineer_roles — integration tier not enabled
check	Run verification	2026-10-05T13:34:05.0668463Z   skip: /home/runner/work/vibe-fs/vibe-fs/requirements/capability-enforcement/tests/010.test.mjs:WHAT[capability-enforcement-010] AGENT_023_bash_honeypot_is_denied_when_the_role_is_unresolved — integration tier not enabled
check	Run verification	2026-10-05T13:34:05.0669392Z   skip: /home/runner/work/vibe-fs/vibe-fs/requirements/capability-enforcement/tests/010.test.mjs:WHAT[capability-enforcement-010] MANAGER_plugin_registers_only_plugin_owned_capability_tools — integration tier not enabled
check	Run verification	2026-10-05T13:34:05.0670354Z   skip: /home/runner/work/vibe-fs/vibe-fs/requirements/capability-enforcement/tests/010.test.mjs:WHAT[capability-enforcement-010] MANAGER_host_schemas_are_present_for_every_declared_argument — integration tier not enabled
check	Run verification	2026-10-05T13:34:05.0671967Z   skip: /home/runner/work/vibe-fs/vibe-fs/requirements/capability-enforcement/tests/010.test.mjs:WHAT[capability-enforcement-010] MANAGER_calling_enum_uses_personas_while_name_remains_a_free_byname — integration tier not enabled
check	Run verification	2026-10-05T13:34:05.0672935Z   skip: /home/runner/work/vibe-fs/vibe-fs/requirements/capability-enforcement/tests/010.test.mjs:WHAT[capability-enforcement-010] MANAGER_legacy_agent_configuration_is_rejected_after_owned_projection — integration tier not enabled
check	Run verification	2026-10-05T13:34:05.0674088Z   todo: /home/runner/work/vibe-fs/vibe-fs/requirements/capability-enforcement/tests/013.test.mjs:WHAT[capability-enforcement-013] six causal categories and positive vocabulary classification require wider boundary evidence; one unforgeable permit does not prove the full classification — reason not supplied
check	Run verification	2026-10-05T13:34:05.0675405Z   todo: /home/runner/work/vibe-fs/vibe-fs/requirements/capability-enforcement/tests/014.test.mjs:WHAT[capability-enforcement-014] actual manifest admission must reject missing or mismatched file, symbol and source/proof anchors; cross-gate permit rejection in 018 does not prove this manifest contract — reason not supplied
check	Run verification	2026-10-05T13:34:05.0676632Z   skip: /home/runner/work/vibe-fs/vibe-fs/requirements/capability-enforcement/tests/011.test.mjs:WHAT[capability-enforcement-011] MANAGER_config_projects_owned_permissions_with_default_deny — integration tier not enabled
check	Run verification	2026-10-05T13:34:05.0678177Z   todo: /home/runner/work/vibe-fs/vibe-fs/requirements/capability-enforcement/tests/017.test.mjs:WHAT[capability-enforcement-017] released one-shot opportunity cannot be consumed again — 10-D1: capability-enforcement-017 closes a consumed/released one-shot identity, but crash-reconciliation-006 and dispatch-protocol-007 require the exact permit to be returned after proven pre-acceptance rejection; the gate has no rejection witness or separate retry-grant identity
check	Run verification	2026-10-05T13:34:05.0679988Z   todo: /home/runner/work/vibe-fs/vibe-fs/requirements/capability-enforcement/tests/019.test.mjs:WHAT[capability-enforcement-019] remaining PhysicalHandle boundaries include SessionQuiescenceGate, ModelRouting RuntimeHandle and PortHandle, and ParallelSurface TokenHandle; their native serialization and restore consumers are not covered by the permit and execution-lease proofs — reason not supplied
check	Run verification	2026-10-05T13:34:05.0682787Z   todo: /home/runner/work/vibe-fs/vibe-fs/requirements/capability-enforcement/tests/025.test.mjs:WHAT[capability-enforcement-025] denial performs zero physical reads and write attempts through the production invocation (GAP-075: investigation 2026-10-03 — the production chain ToolRegistry → JsToolSpec → ToolWorkflow keeps read snapshots internal; the only wired observation port is RequirementGrounding.programObservation, which fires solely for paths that have grounding materials in the workspace, so a generic physical-read observer does not exist. Needed: a read-path observation port on JsToolSpec/ToolWorkflow (or an equivalent production entry) that the test fixture can subscribe to; the execute counter and journal revision in the passing test above remain the closest available proxies) — reason not supplied
check	Run verification	2026-10-05T13:34:05.0685141Z   todo: /home/runner/work/vibe-fs/vibe-fs/requirements/capability-enforcement/tests/025.test.mjs:WHAT[capability-enforcement-025] an in-flight admitted read finishes across review acceptance (GAP-075: requires a controlled causal barrier driving real overlap; the sequential fixture cannot prove concurrency) — reason not supplied
check	Run verification	2026-10-05T13:34:05.0686277Z   todo: /home/runner/work/vibe-fs/vibe-fs/requirements/causal-wait/tests/002.test.mjs:WHAT[causal-wait-002] production cross-boundary waits expose their last causal progress with a verifiable fact reference — reason not supplied
check	Run verification	2026-10-05T13:34:05.0687228Z   todo: /home/runner/work/vibe-fs/vibe-fs/requirements/causal-wait/tests/009.test.mjs:WHAT[causal-wait-009] actual negative compilation and plugin wiring enforce injected wait capabilities and first process binding — reason not supplied
check	Run verification	2026-10-05T13:34:05.0688222Z   skip: /home/runner/work/vibe-fs/vibe-fs/requirements/change-integration/tests/002.test.mjs:WHAT[change-integration-002] failed Git cleanliness blocks a new Host job before its worktree request or Manager creation — integration tier not enabled
check	Run verification	2026-10-05T13:34:05.0689226Z   skip: /home/runner/work/vibe-fs/vibe-fs/requirements/change-integration/tests/002.test.mjs:WHAT[change-integration-002] rejected Git command leaves a new Host job without its worktree request or Manager creation — integration tier not enabled
check	Run verification	2026-10-05T13:34:05.0690205Z   skip: /home/runner/work/vibe-fs/vibe-fs/requirements/change-integration/tests/002.test.mjs:WHAT[change-integration-002] dirty Git result still rejects admission while clean permits the worktree request — integration tier not enabled
check	Run verification	2026-10-05T13:34:05.0691254Z   skip: /home/runner/work/vibe-fs/vibe-fs/requirements/change-integration/tests/002.test.mjs:WHAT[change-integration-002] actual Git status failure returns an inspection error — integration tier not enabled
check	Run verification	2026-10-05T13:34:05.0692259Z   skip: /home/runner/work/vibe-fs/vibe-fs/requirements/change-integration/tests/002.test.mjs:WHAT[change-integration-002] Adapter_ffMerge_dirty_target_fails_closed_without_advancing_head — integration tier not enabled
check	Run verification	2026-10-05T13:34:05.0693800Z   skip: /home/runner/work/vibe-fs/vibe-fs/requirements/change-integration/tests/005.test.mjs:WHAT[change-integration-005] CHGINT_worktree_create_argv_is_accepted_by_real_git — integration tier not enabled
check	Run verification	2026-10-05T13:34:05.0694970Z   skip: /home/runner/work/vibe-fs/vibe-fs/requirements/change-integration/tests/005.test.mjs:WHAT[change-integration-005] CHGINT_worktree_create_survives_installed_wanxiang_reference_transaction_hook — integration tier not enabled
check	Run verification	2026-10-05T13:34:05.0696059Z   todo: /home/runner/work/vibe-fs/vibe-fs/requirements/change-integration/tests/006.test.mjs:WHAT[change-integration-006] GAP-212: an interrupted publish resumes from its actual durable events and actual Git refs in a fresh process without replacing the Road worktree — reason not supplied
check	Run verification	2026-10-05T13:34:05.0697283Z   todo: /home/runner/work/vibe-fs/vibe-fs/requirements/change-integration/tests/004.test.mjs:WHAT[change-integration-004] GAP-215 / 55-D1: determine how durable claim and Published writes fit the stated ref-only critical section; actual program currently performs them under the gate — reason not supplied
check	Run verification	2026-10-05T13:34:05.0698340Z   skip: /home/runner/work/vibe-fs/vibe-fs/requirements/change-integration/tests/008.test.mjs:WHAT[change-integration-008] Adapter_ffMerge_clean_fast_forward_returns_exact_candidate_receipt — integration tier not enabled
check	Run verification	2026-10-05T13:34:05.0699987Z   skip: /home/runner/work/vibe-fs/vibe-fs/requirements/change-integration/tests/008.test.mjs:WHAT[change-integration-008] Adapter_ffMerge_moved_head_fails_closed_without_advancing_head — integration tier not enabled
check	Run verification	2026-10-05T13:34:05.0701904Z   todo: /home/runner/work/vibe-fs/vibe-fs/requirements/change-integration/tests/011.test.mjs:WHAT[change-integration-011] GAP-212: actual Orchestrator fork/resume/join provider output contains work results without internal gate, ref, job or worktree mechanics — reason not supplied
check	Run verification	2026-10-05T13:34:05.0703679Z   todo: /home/runner/work/vibe-fs/vibe-fs/requirements/change-integration/tests/017.test.mjs:WHAT[change-integration-017] GAP-212: two actual Roads converge and the final combined workspace is independently verified before publication — reason not supplied
check	Run verification	2026-10-05T13:34:05.0705236Z   todo: /home/runner/work/vibe-fs/vibe-fs/requirements/cognitive-environment/tests/001.test.mjs:WHAT[cognitive-environment-001] every delivered material has one semantic authority owner; catalog size does not prove ownership (GAP-076) — reason not supplied
check	Run verification	2026-10-05T13:34:05.0707111Z   todo: /home/runner/work/vibe-fs/vibe-fs/requirements/change-integration/tests/015.test.mjs:WHAT[change-integration-015] GAP-212: actual Engineer or DevOps mutation invalidates the prior test evidence and a new independent assessment authorizes only the new snapshot — reason not supplied
check	Run verification	2026-10-05T13:34:05.0708647Z   todo: /home/runner/work/vibe-fs/vibe-fs/requirements/cognitive-environment/tests/002.test.mjs:WHAT[cognitive-environment-002] conflicting materials follow domain ownership without impersonation; requires semantic cases and actual delivery evidence (GAP-076) — reason not supplied
check	Run verification	2026-10-05T13:34:05.0709840Z   todo: /home/runner/work/vibe-fs/vibe-fs/requirements/cognitive-environment/tests/004.test.mjs:WHAT[cognitive-environment-004] system prompt is not a full tool inventory and tool availability grants no additional authority; absence of keywords is insufficient (GAP-076) — reason not supplied
check	Run verification	2026-10-05T13:34:05.0711087Z   todo: /home/runner/work/vibe-fs/vibe-fs/requirements/cognitive-environment/tests/003.test.mjs:WHAT[cognitive-environment-003] actual request keeps tools, lifecycle and mission in their designated channels (GAP-076) — reason not supplied
check	Run verification	2026-10-05T13:34:05.0712198Z   todo: /home/runner/work/vibe-fs/vibe-fs/requirements/cognitive-environment/tests/005.test.mjs:WHAT[cognitive-environment-005] real model-binding changes preserve the complete Role Law and self-model; retired tier input checks only cover planner compatibility (GAP-076) — reason not supplied
check	Run verification	2026-10-05T13:34:05.0713506Z   todo: /home/runner/work/vibe-fs/vibe-fs/requirements/cognitive-environment/tests/006.test.mjs:WHAT[cognitive-environment-006] library advice yields to mission needs and cannot define axioms or powers; requires semantic counterexamples (GAP-076) — reason not supplied
check	Run verification	2026-10-05T13:34:05.0714701Z   todo: /home/runner/work/vibe-fs/vibe-fs/requirements/cognitive-environment/tests/008.test.mjs:WHAT[cognitive-environment-008] library material has Class, Delivery and Audience with role/request rather than reasoning-depth selection; classification evidence is missing (GAP-076) — reason not supplied
check	Run verification	2026-10-05T13:34:05.0715819Z   todo: /home/runner/work/vibe-fs/vibe-fs/requirements/cognitive-environment/tests/007.test.mjs:WHAT[cognitive-environment-007] receiving another office technical knowledge leaves actual action authority unchanged (GAP-076) — reason not supplied
check	Run verification	2026-10-05T13:34:05.0716975Z   todo: /home/runner/work/vibe-fs/vibe-fs/requirements/cognitive-environment/tests/009.test.mjs:WHAT[cognitive-environment-009] library selection avoids omnipotent manuals, tier variants and hidden review orchestration; wording scans cannot prove these boundaries (GAP-076) — reason not supplied
check	Run verification	2026-10-05T13:34:05.0718217Z   todo: /home/runner/work/vibe-fs/vibe-fs/requirements/cognitive-environment/tests/010.test.mjs:WHAT[cognitive-environment-010] actual lifecycle delivery orients without repeated education or replacing the system prompt (GAP-076) — reason not supplied
check	Run verification	2026-10-05T13:34:05.0719277Z   todo: /home/runner/work/vibe-fs/vibe-fs/requirements/cognitive-environment/tests/011.test.mjs:WHAT[cognitive-environment-011] real runtime and mission changes use message channels without fake activation or Role Law replacement (GAP-076) — reason not supplied
check	Run verification	2026-10-05T13:34:05.0720474Z   todo: /home/runner/work/vibe-fs/vibe-fs/requirements/cognitive-environment/tests/012.test.mjs:WHAT[cognitive-environment-012] assessment actually judges current evidence independently and honestly without hidden-process influence; resource inclusion does not prove behavior (GAP-076) — reason not supplied
check	Run verification	2026-10-05T13:34:05.0721714Z   skip: /home/runner/work/vibe-fs/vibe-fs/requirements/cognitive-environment/tests/015.test.mjs:WHAT[cognitive-environment-015] installed Host delivers ephemeral Blogger hints in two actual provider requests — integration tier not enabled
check	Run verification	2026-10-05T13:34:05.0722699Z   skip: /home/runner/work/vibe-fs/vibe-fs/requirements/cognitive-environment/tests/015.test.mjs:WHAT[cognitive-environment-015] a late actual provider callback failure cannot turn into a successful canary — integration tier not enabled
check	Run verification	2026-10-05T13:34:05.0723696Z   todo: /home/runner/work/vibe-fs/vibe-fs/requirements/concern-routing/tests/001.test.mjs:WHAT[concern-routing-001] subscription remains isolated between real workspaces and conflicts do not overwrite durable owners (GAP-155) — reason not supplied
check	Run verification	2026-10-05T13:34:05.0724788Z   todo: /home/runner/work/vibe-fs/vibe-fs/requirements/concern-routing/tests/003.test.mjs:WHAT[concern-routing-003] real concurrent retirement between resolution and append rejects the stale generation without redirecting or losing accepted evidence (GAP-155) — reason not supplied
check	Run verification	2026-10-05T13:34:05.0725952Z   todo: /home/runner/work/vibe-fs/vibe-fs/requirements/concern-routing/tests/004.test.mjs:WHAT[concern-routing-004] failed or abandoned real placement leaves both coverages pending across journal reopen and crash (GAP-155) — reason not supplied
check	Run verification	2026-10-05T13:34:05.0727027Z   todo: /home/runner/work/vibe-fs/vibe-fs/requirements/concern-routing/tests/005.test.mjs:WHAT[concern-routing-005] real message delivery preserves complete obligation and office projections, and recipients independently verify claimed facts (GAP-155) — reason not supplied
check	Run verification	2026-10-05T13:34:05.0728252Z   todo: /home/runner/work/vibe-fs/vibe-fs/requirements/concern-routing/tests/007.test.mjs:WHAT[concern-routing-007] audit actual routing entry points and dependency ownership for the minimal mailbox responsibility; absence of workflow vocabulary does not prove absence of such behavior (GAP-155) — reason not supplied
check	Run verification	2026-10-05T13:34:05.0729721Z   todo: /home/runner/work/vibe-fs/vibe-fs/requirements/context-compression/tests/001.test.mjs:WHAT[context-compression-001] compile and audit the actual compression dependency boundary for absence of model-capacity authority; vocabulary scans cannot establish this property; GAP-104 — reason not supplied
check	Run verification	2026-10-05T13:34:05.0731062Z   todo: /home/runner/work/vibe-fs/vibe-fs/requirements/concern-routing/tests/006.test.mjs:WHAT[concern-routing-006] completing the actual owner life retires its mailbox before later publish — GAP-157: the production Suicide post-commit retirement append failure has no proved recovery
check	Run verification	2026-10-05T13:34:05.0732169Z   todo: /home/runner/work/vibe-fs/vibe-fs/requirements/context-compression/tests/004.test.mjs:WHAT[context-compression-004] decide prose containing tool tags versus XML-only content before asserting a universal validity policy; GAP-105 — reason not supplied
check	Run verification	2026-10-05T13:34:05.0733239Z   todo: /home/runner/work/vibe-fs/vibe-fs/requirements/context-compression/tests/005.test.mjs:WHAT[context-compression-005] actual Completed, Failed and Aborted attempts follow their typed outcomes independently of error prose; GAP-104 — reason not supplied
check	Run verification	2026-10-05T13:34:05.0734385Z   todo: /home/runner/work/vibe-fs/vibe-fs/requirements/context-compression/tests/006.test.mjs:WHAT[context-compression-006] actual repeated dispatch binds a fresh physical identity and consumes each confirmed failure once; GAP-104 — reason not supplied
check	Run verification	2026-10-05T13:34:05.0735426Z   todo: /home/runner/work/vibe-fs/vibe-fs/requirements/context-compression/tests/013.test.mjs:WHAT[context-compression-013] actual retry and commit decisions are unchanged when diagnostic delivery fails or its text changes; GAP-104 — reason not supplied
check	Run verification	2026-10-05T13:34:05.0736668Z   todo: /home/runner/work/vibe-fs/vibe-fs/requirements/context-compression/tests/017.test.mjs:WHAT[context-compression-017] real compaction and recovery preserve every exact physical user message while same-session FrozenRecordPrefix excludes them; pure XWire replacement does not prove the full lifecycle (GAP-104) — reason not supplied
check	Run verification	2026-10-05T13:34:05.0738006Z   todo: /home/runner/work/vibe-fs/vibe-fs/requirements/context-compression/tests/017.test.mjs:WHAT[context-compression-017] the actual Blogger start uses max of coverage and true Opening floor independently of phase commits; a test-defined cursor-plus-one function proves nothing (GAP-104) — reason not supplied
check	Run verification	2026-10-05T13:34:05.0739169Z   todo: /home/runner/work/vibe-fs/vibe-fs/requirements/context-compression/tests/022.test.mjs:WHAT[context-compression-022] normal, retry, Squash and crash recovery rebuild the same canonical X context from the same durable facts; GAP-104 — reason not supplied
check	Run verification	2026-10-05T13:34:05.0740292Z   todo: /home/runner/work/vibe-fs/vibe-fs/requirements/context-compression/tests/023.test.mjs:WHAT[context-compression-023] actual retry waits on committed open-request changes and ends only on new coverage or exact settlement, with no clock dependency; GAP-104 — reason not supplied
check	Run verification	2026-10-05T13:34:05.0741488Z   todo: /home/runner/work/vibe-fs/vibe-fs/requirements/context-compression/tests/025.test.mjs:WHAT[context-compression-025] actual fatal settles exact request before a mandatory injected fuse reports and terminates once; GAP-104 — reason not supplied
check	Run verification	2026-10-05T13:34:05.0743316Z   todo: /home/runner/work/vibe-fs/vibe-fs/requirements/context-compression/tests/027.test.mjs:WHAT[context-compression-027] actual commit refuses a restored old-epoch request against a newer live projection; preserving the number alone does not prove authority; GAP-104 — reason not supplied
check	Run verification	2026-10-05T13:34:05.0745136Z   skip: /home/runner/work/vibe-fs/vibe-fs/requirements/context-compression/tests/027.test.mjs:WHAT[context-compression-027] Fable compiles an external consumer of both validating factories and readonly context members — integration tier not enabled
check	Run verification	2026-10-05T13:34:05.0746408Z   skip: /home/runner/work/vibe-fs/vibe-fs/requirements/context-compression/tests/027.test.mjs:WHAT[context-compression-027] Fable rejects external direct construction of the private Main record — integration tier not enabled
check	Run verification	2026-10-05T13:34:05.0747398Z   skip: /home/runner/work/vibe-fs/vibe-fs/requirements/context-compression/tests/027.test.mjs:WHAT[context-compression-027] Fable rejects external direct construction of the private Squash record — integration tier not enabled
check	Run verification	2026-10-05T13:34:05.0748456Z   todo: /home/runner/work/vibe-fs/vibe-fs/requirements/crash-reconciliation/tests/001.test.mjs:WHAT[crash-reconciliation-001] real process restart drops all guard permit waiter and detector state without automatic side effects (GAP-149) — reason not supplied
check	Run verification	2026-10-05T13:34:05.0749624Z   todo: /home/runner/work/vibe-fs/vibe-fs/requirements/crash-reconciliation/tests/002.test.mjs:WHAT[crash-reconciliation-002] fresh process reconstructs completion from committed journal and physical snapshot without cache clock or prose evidence (GAP-149) — reason not supplied
check	Run verification	2026-10-05T13:34:05.0751069Z   todo: /home/runner/work/vibe-fs/vibe-fs/requirements/crash-reconciliation/tests/003.test.mjs:WHAT[crash-reconciliation-003] actual reconciliation never replays an unresolved external effect before fresh physical evidence (GAP-149) — reason not supplied
check	Run verification	2026-10-05T13:34:05.0752350Z   todo: /home/runner/work/vibe-fs/vibe-fs/requirements/crash-reconciliation/tests/004.test.mjs:WHAT[crash-reconciliation-004] actual explicit recovery re-enters ordinary workflows from durable facts without replaying tool continuations or program counters (GAP-149) — reason not supplied
check	Run verification	2026-10-05T13:34:05.0753563Z   todo: /home/runner/work/vibe-fs/vibe-fs/requirements/crash-reconciliation/tests/005.test.mjs:WHAT[crash-reconciliation-005] actual Waiting consumers cannot send publish completion or enter Ready effects while physical evidence is pending (GAP-149) — reason not supplied
check	Run verification	2026-10-05T13:34:05.0754732Z   todo: /home/runner/work/vibe-fs/vibe-fs/requirements/crash-reconciliation/tests/006.test.mjs:WHAT[crash-reconciliation-006] real sending boundary returns a permit only for proven pre-acceptance rejection and never for acceptance unknown (GAP-149) — reason not supplied
check	Run verification	2026-10-05T13:34:05.0755915Z   todo: /home/runner/work/vibe-fs/vibe-fs/requirements/crash-reconciliation/tests/008.test.mjs:WHAT[crash-reconciliation-008] actual Host abort decodes to AttemptAborted wakes reconciliation and revokes capabilities without ProviderFailure (GAP-149) — reason not supplied
check	Run verification	2026-10-05T13:34:05.0757063Z   todo: /home/runner/work/vibe-fs/vibe-fs/requirements/crash-reconciliation/tests/009.test.mjs:WHAT[crash-reconciliation-009] real child recovery and join consume decoded completion while abort alone cannot publish child terminal (GAP-149) — reason not supplied
check	Run verification	2026-10-05T13:34:05.0758191Z   todo: /home/runner/work/vibe-fs/vibe-fs/requirements/crash-reconciliation/tests/011.test.mjs:WHAT[crash-reconciliation-011] actual join and targeted await validate root journal sequence and membership again at every effect boundary (GAP-149) — reason not supplied
check	Run verification	2026-10-05T13:34:05.0759390Z   todo: /home/runner/work/vibe-fs/vibe-fs/requirements/crash-reconciliation/tests/012.test.mjs:WHAT[crash-reconciliation-012] actual completion owner commits blob before fact rejects duplicate claims and preserves single delivery through crash cuts (GAP-149) — reason not supplied
check	Run verification	2026-10-05T13:34:05.0760579Z   todo: /home/runner/work/vibe-fs/vibe-fs/requirements/crash-reconciliation/tests/015.test.mjs:WHAT[crash-reconciliation-015] actual restart replacement requires proven old-session loss and Close before Link after explicit authorization (GAP-149) — reason not supplied
check	Run verification	2026-10-05T13:34:05.0761917Z   todo: /home/runner/work/vibe-fs/vibe-fs/requirements/crash-reconciliation/tests/016.test.mjs:WHAT[crash-reconciliation-016] actual process restart with durable Blogger dispatch never rebuilds an old repair episode or sends it automatically (GAP-149) — reason not supplied
check	Run verification	2026-10-05T13:34:05.0763154Z   todo: /home/runner/work/vibe-fs/vibe-fs/requirements/crash-reconciliation/tests/017.test.mjs:WHAT[crash-reconciliation-017] real process restart with interrupted tools produces no automatic replay completion write or repair (GAP-149) — reason not supplied
check	Run verification	2026-10-05T13:34:05.0764333Z   todo: /home/runner/work/vibe-fs/vibe-fs/requirements/crash-reconciliation/tests/018.test.mjs:WHAT[crash-reconciliation-018] a restarted plugin normalizes durable child runs before reuse without replaying tools or hiding their interrupted history (GAP-149) — reason not supplied
check	Run verification	2026-10-05T13:34:05.0765566Z   todo: /home/runner/work/vibe-fs/vibe-fs/requirements/crash-reconciliation/tests/019.test.mjs:WHAT[crash-reconciliation-019] each external effect has a validated exact contract and independent physical ambiguity evidence without persistent program counters (GAP-150) — reason not supplied
check	Run verification	2026-10-05T13:34:05.0766712Z   skip: /home/runner/work/vibe-fs/vibe-fs/requirements/crash-reconciliation/tests/020.test.mjs:WHAT[crash-reconciliation-020] actual child settlement persists voids across journal reopen without a completion — integration tier not enabled
check	Run verification	2026-10-05T13:34:05.0767744Z   skip: /home/runner/work/vibe-fs/vibe-fs/requirements/crash-reconciliation/tests/020.test.mjs:WHAT[crash-reconciliation-020] actual child settlement propagates unknown and unattempted append failures — integration tier not enabled
check	Run verification	2026-10-05T13:34:05.0769052Z   todo: /home/runner/work/vibe-fs/vibe-fs/requirements/crash-reconciliation/tests/020.test.mjs:WHAT[crash-reconciliation-020] actual plugin activation durably settles orphan child and Blogger work before ordinary execution, preserves exact live flights, and refuses append failure (GAP-149) — reason not supplied
check	Run verification	2026-10-05T13:34:05.0770417Z   todo: /home/runner/work/vibe-fs/vibe-fs/requirements/crash-reconciliation/tests/020.test.mjs:WHAT[crash-reconciliation-020] a real interrupted run and PTY input are not replayed after restart while unique DevOps authority and durable model Persona binding are retained (GAP-149; GAP-129; GAP-132) — reason not supplied
check	Run verification	2026-10-05T13:34:05.0771863Z   todo: /home/runner/work/vibe-fs/vibe-fs/requirements/crash-reconciliation/tests/021.test.mjs:WHAT[crash-reconciliation-021] actual reuse, placement and await entry points all resolve durable children after an OS restart without registry prewarming (GAP-149) — reason not supplied
check	Run verification	2026-10-05T13:34:05.0773064Z   todo: /home/runner/work/vibe-fs/vibe-fs/requirements/degeneration-guard/tests/002.test.mjs:WHAT[degeneration-guard-002] actual Host only supplies assistant text streams and cannot turn deltas into terminal authority or journal facts (GAP-145) — reason not supplied
check	Run verification	2026-10-05T13:34:05.0774177Z   skip: /home/runner/work/vibe-fs/vibe-fs/requirements/degeneration-guard/tests/004.test.mjs:WHAT[degeneration-guard-004] current runtime envelope matches a fresh repository derivation and the self-consistent prior — integration tier not enabled
check	Run verification	2026-10-05T13:34:05.0775226Z   todo: /home/runner/work/vibe-fs/vibe-fs/requirements/degeneration-guard/tests/004.test.mjs:WHAT[degeneration-guard-004] actual build binds generator selector selected bytes and runtime traversal to one staged input (GAP-145) — reason not supplied
check	Run verification	2026-10-05T13:34:05.0776271Z   todo: /home/runner/work/vibe-fs/vibe-fs/requirements/degeneration-guard/tests/006.test.mjs:WHAT[degeneration-guard-006] actual Host run transitions reset detector state and session deletion drains in-flight guard tasks (GAP-145) — reason not supplied
check	Run verification	2026-10-05T13:34:05.0777365Z   todo: /home/runner/work/vibe-fs/vibe-fs/requirements/degeneration-guard/tests/008.test.mjs:WHAT[degeneration-guard-008] real process restart discards armed state and real Host reconciliation preserves exact physical run identity (GAP-145) — reason not supplied
check	Run verification	2026-10-05T13:34:05.0778466Z   todo: /home/runner/work/vibe-fs/vibe-fs/requirements/degeneration-guard/tests/009.test.mjs:WHAT[degeneration-guard-009] actual dispatch preserves accepted unknown and definitely refused continuation outcomes and owned-work cancellation (GAP-145) — reason not supplied
check	Run verification	2026-10-05T13:34:05.0779739Z   todo: /home/runner/work/vibe-fs/vibe-fs/requirements/degeneration-guard/tests/010.test.mjs:WHAT[degeneration-guard-010] actual Host exempts roots compaction and unmanaged internal runs while retaining owned managed children (GAP-145) — reason not supplied
check	Run verification	2026-10-05T13:34:05.0781061Z   todo: /home/runner/work/vibe-fs/vibe-fs/requirements/degeneration-guard/tests/012.test.mjs:WHAT[degeneration-guard-012] real turn and fission workflows yield to guard-owned recovery without another nudge repair budget update or provider retry (GAP-145) — reason not supplied
check	Run verification	2026-10-05T13:34:05.0782183Z   todo: /home/runner/work/vibe-fs/vibe-fs/requirements/degeneration-guard/tests/011.test.mjs:WHAT[degeneration-guard-011] actual continuation binds DegenerationGuard authority and uses the matching anomaly resource (GAP-145) — reason not supplied
check	Run verification	2026-10-05T13:34:05.0783350Z   todo: /home/runner/work/vibe-fs/vibe-fs/requirements/delegation/tests/001.test.mjs:WHAT[delegation-001] every actual delegation entry specifies charge entitled office logical owner and bounded consequence rather than deriving them from persona labels (GAP-153) — reason not supplied
check	Run verification	2026-10-05T13:34:05.0784524Z   todo: /home/runner/work/vibe-fs/vibe-fs/requirements/delegation/tests/004.test.mjs:WHAT[delegation-004] the actual tool registry assigns distinct names to commission fork and resume and no name has conflicting contracts (GAP-153) — reason not supplied
check	Run verification	2026-10-05T13:34:05.0785573Z   todo: /home/runner/work/vibe-fs/vibe-fs/requirements/delegation/tests/005.test.mjs:WHAT[delegation-005] all public schemas and success/failure returns exclude physical topology, including missing display-name paths (GAP-153) — reason not supplied
check	Run verification	2026-10-05T13:34:05.0786861Z   todo: /home/runner/work/vibe-fs/vibe-fs/requirements/delegation/tests/006.test.mjs:WHAT[delegation-006] actual resume preserves the complete execution and model binding through replacement and recovery (GAP-153; GAP-129) — reason not supplied
check	Run verification	2026-10-05T13:34:05.0788813Z   todo: /home/runner/work/vibe-fs/vibe-fs/requirements/delegation/tests/007.test.mjs:WHAT[delegation-007] the Sphinx program invokes standard Engineer through an acyclic managed path with family-root placement and exact terminal identity, without extra DevOps authority (GAP-153) — reason not supplied
check	Run verification	2026-10-05T13:34:05.0790344Z   todo: /home/runner/work/vibe-fs/vibe-fs/requirements/delegation/tests/008.test.mjs:WHAT[delegation-008] the real Host tool-call collection fixes complete batch membership before invocation without using arrival timing (GAP-153) — reason not supplied
check	Run verification	2026-10-05T13:34:05.0791765Z   todo: /home/runner/work/vibe-fs/vibe-fs/requirements/delegation/tests/010.test.mjs:WHAT[delegation-010] actual routing uses effective system configuration and retained binding without accepting caller-selected model targets (GAP-153) — reason not supplied
check	Run verification	2026-10-05T13:34:05.0792816Z   todo: /home/runner/work/vibe-fs/vibe-fs/requirements/delegation/tests/013.test.mjs:WHAT[delegation-013] real agent completion join enforces current ownership and durable CAS consumption across concurrent calls and restart (GAP-153) — reason not supplied
check	Run verification	2026-10-05T13:34:05.0793826Z   todo: /home/runner/work/vibe-fs/vibe-fs/requirements/delegation/tests/014.test.mjs:WHAT[delegation-014] actual commission entry wires job completion into the proven FIFO mailbox and durable result consumption (GAP-153) — reason not supplied
check	Run verification	2026-10-05T13:34:05.0794804Z   todo: /home/runner/work/vibe-fs/vibe-fs/requirements/delegation/tests/017.test.mjs:WHAT[delegation-017] consuming a real returned WorkRecord changes no caller authority obligation or global request direction (GAP-153) — reason not supplied
check	Run verification	2026-10-05T13:34:05.0795876Z   todo: /home/runner/work/vibe-fs/vibe-fs/requirements/delegation/tests/019.test.mjs:WHAT[delegation-019] actual fork first-prompt producers obtain the current durable parent record and preserve the typed instruction and data boundary end to end (GAP-153) — reason not supplied
check	Run verification	2026-10-05T13:34:05.0797045Z   todo: /home/runner/work/vibe-fs/vibe-fs/requirements/delegation/tests/020.test.mjs:WHAT[delegation-020] legal adapter naming changes preserve actual delegation authority ownership and lifecycle observations (GAP-153) — reason not supplied
check	Run verification	2026-10-05T13:34:05.0798022Z   todo: /home/runner/work/vibe-fs/vibe-fs/requirements/delegation/tests/015.test.mjs:WHAT[delegation-015] real Host input and cancellation reach join without cancelling the agent or revoking its authority (GAP-153) — reason not supplied
check	Run verification	2026-10-05T13:34:05.0799356Z   todo: /home/runner/work/vibe-fs/vibe-fs/requirements/delegation/tests/021.test.mjs:WHAT[delegation-021] actual fork attaches only the designated peer history without cloning authority or transferring unfinished obligations (GAP-153) — reason not supplied
check	Run verification	2026-10-05T13:34:05.0801155Z   todo: /home/runner/work/vibe-fs/vibe-fs/requirements/delegation/tests/022.test.mjs:WHAT[delegation-022] real tool execution remains allowed after estimate exhaustion and replacement resets the same durable estimate through reopen (GAP-153) — reason not supplied
check	Run verification	2026-10-05T13:34:05.0802808Z   todo: /home/runner/work/vibe-fs/vibe-fs/requirements/delegation/tests/023.test.mjs:WHAT[delegation-023] actual shared recovery engine exhausts all applicable paths before the parent receives final failure (GAP-153) — reason not supplied
check	Run verification	2026-10-05T13:34:05.0804569Z   todo: /home/runner/work/vibe-fs/vibe-fs/requirements/delegation/tests/025.test.mjs:WHAT[delegation-025] actual fork execution rejects late run-scoped success failure and abort while preserving legitimate session-wide failures (GAP-153) — reason not supplied
check	Run verification	2026-10-05T13:34:05.0806310Z   todo: /home/runner/work/vibe-fs/vibe-fs/requirements/delegation/tests/026.test.mjs:WHAT[delegation-026] actual admission and checkpoint fault cuts preserve exact durable claim and effect truth without replay or durable program counters (GAP-153) — reason not supplied
check	Run verification	2026-10-05T13:34:05.0807947Z   todo: /home/runner/work/vibe-fs/vibe-fs/requirements/delegation/tests/028.test.mjs:WHAT[delegation-028] each bounded locality actually compiles independently with only its declared transitive inputs (GAP-153) — reason not supplied
check	Run verification	2026-10-05T13:34:05.0809653Z   todo: /home/runner/work/vibe-fs/vibe-fs/requirements/delegation/tests/029.test.mjs:WHAT[delegation-029] independently compiled workflow boundaries and real injected effects establish confinement beyond current source spellings (GAP-153) — reason not supplied
check	Run verification	2026-10-05T13:34:05.0811558Z   todo: /home/runner/work/vibe-fs/vibe-fs/requirements/delegation/tests/030.test.mjs:WHAT[delegation-030] actual injected delegation invariant incidents preserve settlement before exactly one report and kill with no physical fallback (GAP-153) — reason not supplied
check	Run verification	2026-10-05T13:34:05.0813510Z   todo: /home/runner/work/vibe-fs/vibe-fs/requirements/delegation/tests/031.test.mjs:WHAT[delegation-031] actual sync and fork completion still deliver after NotCommitted or Unknown checkpoint, absorb duplicate terminals, re-read durable evidence without reexecution, and fuse only PhaseConflict (GAP-153) — reason not supplied
check	Run verification	2026-10-05T13:34:05.0815444Z   todo: /home/runner/work/vibe-fs/vibe-fs/requirements/dispatch-protocol/tests/001.test.mjs:WHAT[dispatch-protocol-001] every actual synthetic-message producer uses the registered dispatcher, including Guard, repair, nudge and Orchestrator paths (GAP-136) — reason not supplied
check	Run verification	2026-10-05T13:34:05.0817273Z   todo: /home/runner/work/vibe-fs/vibe-fs/requirements/dispatch-protocol/tests/004.test.mjs:WHAT[dispatch-protocol-004] actual process restart matches exact durable PromptKey including read-only historical agent-bearing keys without re-encoding them (GAP-136) — reason not supplied
check	Run verification	2026-10-05T13:34:05.0819179Z   todo: /home/runner/work/vibe-fs/vibe-fs/requirements/dispatch-protocol/tests/008.test.mjs:WHAT[dispatch-protocol-008] repeated post-flight exact occasions send again only after durable Abandoned, never after Pending, Submitted or PhysicalAccepted (GAP-136) — reason not supplied
check	Run verification	2026-10-05T13:34:05.0821077Z   skip: /home/runner/work/vibe-fs/vibe-fs/requirements/dispatch-protocol/tests/010.test.mjs:WHAT[dispatch-protocol-010] compiler rejects adding physical model authority to the opaque root — integration tier not enabled
check	Run verification	2026-10-05T13:34:05.0822999Z   todo: /home/runner/work/vibe-fs/vibe-fs/requirements/dispatch-protocol/tests/012.test.mjs:WHAT[dispatch-protocol-012] real PhysicalAccepted handoff retains the whole atomic profile and only managed execution acquires exact capacity and creates execution facts (GAP-136) — reason not supplied
check	Run verification	2026-10-05T13:34:05.0824975Z   todo: /home/runner/work/vibe-fs/vibe-fs/requirements/dispatch-protocol/tests/013.test.mjs:WHAT[dispatch-protocol-013] actual plugin construction reads no journal or Host evidence and recovery cannot run before successful durability activation (GAP-136) — reason not supplied
check	Run verification	2026-10-05T13:34:05.0826960Z   todo: /home/runner/work/vibe-fs/vibe-fs/requirements/dispatch-protocol/tests/014.test.mjs:WHAT[dispatch-protocol-014] actual invariant incident retains exact committed or unknown claim truth before invoking the injected fatal capability (GAP-136) — reason not supplied
check	Run verification	2026-10-05T13:34:05.0828962Z   todo: /home/runner/work/vibe-fs/vibe-fs/requirements/dispatch-protocol/tests/014.test.mjs:WHAT[dispatch-protocol-014] duplicated actual dispatch incident reports and kills once without relabeling an accepted send as unsent (GAP-136) — reason not supplied
check	Run verification	2026-10-05T13:34:05.0830609Z   todo: /home/runner/work/vibe-fs/vibe-fs/requirements/distribution/tests/001.test.mjs:WHAT[distribution-001] GAP-210: actual packed artifact and independent installed consumer pass the complete release proof — reason not supplied
check	Run verification	2026-10-05T13:34:05.0832213Z   todo: /home/runner/work/vibe-fs/vibe-fs/requirements/distribution/tests/003.test.mjs:WHAT[distribution-003] GAP-210: installed manifest resolves inside the exact verified tarball without repository dependencies — reason not supplied
check	Run verification	2026-10-05T13:34:05.0833159Z   todo: /home/runner/work/vibe-fs/vibe-fs/requirements/distribution/tests/005.test.mjs:WHAT[distribution-005] GAP-210: clean and incremental production outputs have identical bytes for identical inputs — reason not supplied
check	Run verification	2026-10-05T13:34:05.0834084Z   skip: /home/runner/work/vibe-fs/vibe-fs/requirements/distribution/tests/008.test.mjs:WHAT[distribution-008] repository runtime resources include both languages for active role laws and rulebook — integration tier not enabled
check	Run verification	2026-10-05T13:34:05.0834976Z   todo: /home/runner/work/vibe-fs/vibe-fs/requirements/distribution/tests/008.test.mjs:WHAT[distribution-008] GAP-210: every declared resource is available from the exact installed artifact — reason not supplied
check	Run verification	2026-10-05T13:34:05.0835851Z   todo: /home/runner/work/vibe-fs/vibe-fs/requirements/distribution/tests/010.test.mjs:WHAT[distribution-010] GAP-210: actual installed plugin registration exposes only active tools and resources — reason not supplied
check	Run verification	2026-10-05T13:34:05.0836881Z   todo: /home/runner/work/vibe-fs/vibe-fs/requirements/durable-convergence/tests/002.test.mjs:WHAT[durable-convergence-002] registered integration and sync entrypoints share the canonical merge and agree across process and machine boundaries (GAP-151) — reason not supplied
check	Run verification	2026-10-05T13:34:05.0837990Z   todo: /home/runner/work/vibe-fs/vibe-fs/requirements/durable-convergence/tests/003.test.mjs:WHAT[durable-convergence-003] concurrent append and hook convergence preserve the retained union across physical replacement and crash cuts (GAP-151) — reason not supplied
check	Run verification	2026-10-05T13:34:05.0839067Z   todo: /home/runner/work/vibe-fs/vibe-fs/requirements/durable-convergence/tests/004.test.mjs:WHAT[durable-convergence-004] registered business projections expose deterministic typed DomainConflict for each legal concurrent fork (GAP-151) — reason not supplied
check	Run verification	2026-10-05T13:34:05.0840105Z   todo: /home/runner/work/vibe-fs/vibe-fs/requirements/distribution/tests/007.test.mjs:WHAT[distribution-007] GAP-210: full release executes clean build, complete tests and real pack/extract/isolated consume on one generation — reason not supplied
check	Run verification	2026-10-05T13:34:05.0841410Z   todo: /home/runner/work/vibe-fs/vibe-fs/requirements/durable-convergence/tests/005.test.mjs:WHAT[durable-convergence-005] business resolution leaves DomainConflict only after the resolution and all competing heads are folded (GAP-151) — reason not supplied
check	Run verification	2026-10-05T13:34:05.0842496Z   todo: /home/runner/work/vibe-fs/vibe-fs/requirements/durable-convergence/tests/007.test.mjs:WHAT[durable-convergence-007] independently synchronized replicas agree on nonempty production Current for every registered business oracle (GAP-151) — reason not supplied
check	Run verification	2026-10-05T13:34:05.0843590Z   skip: /home/runner/work/vibe-fs/vibe-fs/requirements/durable-convergence/tests/008.test.mjs:WHAT[durable-convergence-008] reference-transaction imports the observed snapshot and publishes independent local truth in one hook process — integration tier not enabled
check	Run verification	2026-10-05T13:34:05.0844752Z   todo: /home/runner/work/vibe-fs/vibe-fs/requirements/durable-convergence/tests/008.test.mjs:WHAT[durable-convergence-008] real plugin load leaves Git configuration unchanged and first durability activation installs hooks without starting synchronization (GAP-151) — reason not supplied
check	Run verification	2026-10-05T13:34:05.0846149Z   todo: /home/runner/work/vibe-fs/vibe-fs/requirements/durable-convergence/tests/008.test.mjs:WHAT[durable-convergence-008] controlled CAS competition and replacement crash cuts preserve all facts while clean no-op leaves unseen remote progress untouched (GAP-151) — reason not supplied
check	Run verification	2026-10-05T13:34:05.0847250Z   skip: /home/runner/work/vibe-fs/vibe-fs/requirements/durable-convergence/tests/009.test.mjs:WHAT[durable-convergence-009] two independent clients converge and replay exact facts using only a bare Git remote and hook processes — integration tier not enabled
check	Run verification	2026-10-05T13:34:05.0848316Z   skip: /home/runner/work/vibe-fs/vibe-fs/requirements/durable-convergence/tests/010.test.mjs:WHAT[durable-convergence-010] actual clean pre-push does no transport despite unseen remote progress and local change resumes convergence — integration tier not enabled
check	Run verification	2026-10-05T13:34:05.0849397Z   todo: /home/runner/work/vibe-fs/vibe-fs/requirements/durable-convergence/tests/010.test.mjs:WHAT[durable-convergence-010] actual changed-file sync reads and validates only changed writer and payload bytes including retention expiry (GAP-151) — reason not supplied
check	Run verification	2026-10-05T13:34:05.0850369Z   skip: /home/runner/work/vibe-fs/vibe-fs/requirements/durable-events/tests/003.test.mjs:WHAT[durable-events-003] canonical_event_bytes_are_stable_under_object_and_set_order — integration tier not enabled
check	Run verification	2026-10-05T13:34:05.0851327Z   skip: /home/runner/work/vibe-fs/vibe-fs/requirements/durable-events/tests/003.test.mjs:WHAT[durable-events-003] same_event_id_different_canonical_bytes_is_identity_collision — integration tier not enabled
check	Run verification	2026-10-05T13:34:05.0852153Z   skip: /home/runner/work/vibe-fs/vibe-fs/requirements/durable-events/tests/003.test.mjs:WHAT[durable-events-003] canonical_event_bytes_decode_to_the_same_plain_event — integration tier not enabled
check	Run verification	2026-10-05T13:34:05.0853018Z   skip: /home/runner/work/vibe-fs/vibe-fs/requirements/durable-events/tests/003.test.mjs:WHAT[durable-events-003] decode_rejects_noncanonical_key_and_set_order_without_reencoding_the_event — integration tier not enabled
check	Run verification	2026-10-05T13:34:05.0853884Z   skip: /home/runner/work/vibe-fs/vibe-fs/requirements/durable-events/tests/003.test.mjs:WHAT[durable-events-003] merge_by_identity_dedupes_equal_bytes_and_rejects_collisions — integration tier not enabled
check	Run verification	2026-10-05T13:34:05.0854711Z   skip: /home/runner/work/vibe-fs/vibe-fs/requirements/durable-events/tests/009.test.mjs:WHAT[durable-events-009] local_EventStore_never_reads_or_rewrites_any_legacy_layout — integration tier not enabled
check	Run verification	2026-10-05T13:34:05.0855551Z   skip: /home/runner/work/vibe-fs/vibe-fs/requirements/durable-events/tests/009.test.mjs:WHAT[durable-events-009] shock_cut_source_has_no_legacy_shape_detection_migration_or_reset — integration tier not enabled
check	Run verification	2026-10-05T13:34:05.0856586Z   todo: /home/runner/work/vibe-fs/vibe-fs/requirements/durable-events/tests/020.test.mjs:WHAT[durable-events-020] actual plugin load checks readability without replay repair or writes; first durable consumer activates once — reason not supplied
check	Run verification	2026-10-05T13:34:05.0857597Z   todo: /home/runner/work/vibe-fs/vibe-fs/requirements/durable-events/tests/021.test.mjs:WHAT[durable-events-021] the actual producing process exits after semantic cut and a distinct next process resumes from the reset Current — reason not supplied
check	Run verification	2026-10-05T13:34:05.0858580Z   skip: /home/runner/work/vibe-fs/vibe-fs/requirements/durable-events/tests/022.test.mjs:WHAT[durable-events-022] each actual bounded locality compiles as one flat project and a reversed dependency is rejected — integration tier not enabled
check	Run verification	2026-10-05T13:34:05.0859511Z   skip: /home/runner/work/vibe-fs/vibe-fs/requirements/durable-events/tests/022.test.mjs:WHAT[durable-events-022] real Fable compiles the journal observation owner using its declared closure — integration tier not enabled
check	Run verification	2026-10-05T13:34:05.0860492Z   todo: /home/runner/work/vibe-fs/vibe-fs/requirements/durable-events/tests/024.test.mjs:WHAT[durable-events-024] actual semantic-cut caller requires injected fatal capability and refuses fatal before committed or unknown settlement — reason not supplied
check	Run verification	2026-10-05T13:34:05.0861715Z   todo: /home/runner/work/vibe-fs/vibe-fs/requirements/durable-events/tests/024.test.mjs:WHAT[durable-events-024] actual physical child persists bad fact and cut then reports and exits once; duplicate incident cannot execute again — reason not supplied
check	Run verification	2026-10-05T13:34:05.0862756Z   todo: /home/runner/work/vibe-fs/vibe-fs/requirements/durable-events/tests/025.test.mjs:WHAT[durable-events-025] actual Prepared semantic cut prevents transaction file effects; Committed unknown is recovered without assuming not-written — reason not supplied
check	Run verification	2026-10-05T13:34:05.0863752Z   todo: /home/runner/work/vibe-fs/vibe-fs/requirements/durable-events/tests/025.test.mjs:WHAT[durable-events-025] durable typed rejection reaches its unique composition fatal owner through a required capability — reason not supplied
check	Run verification	2026-10-05T13:34:05.0864678Z   skip: /home/runner/work/vibe-fs/vibe-fs/requirements/durable-events/tests/023.test.mjs:WHAT[durable-events-023] isolated compilation rejects physical-store authority in the codec closure — integration tier not enabled
check	Run verification	2026-10-05T13:34:05.0865561Z   skip: /home/runner/work/vibe-fs/vibe-fs/requirements/durable-events/tests/023.test.mjs:WHAT[durable-events-023] isolated compilation rejects aggregate authority in domain folds — integration tier not enabled
check	Run verification	2026-10-05T13:34:05.0866483Z   skip: /home/runner/work/vibe-fs/vibe-fs/requirements/effect-accounting/tests/001.test.mjs:WHAT[effect-accounting-001] real negative compilation rejects confusing effect intent with physical confirmation — integration tier not enabled
check	Run verification	2026-10-05T13:34:05.0867612Z   todo: /home/runner/work/vibe-fs/vibe-fs/requirements/effect-accounting/tests/004.test.mjs:WHAT[effect-accounting-004] actual Blogger commit absorbs exact receipt replay and refuses conflicting payload; low-level receipt rejection alone does not prove a violation; GAP-100, GAP-105 — reason not supplied
check	Run verification	2026-10-05T13:34:05.0868829Z   todo: /home/runner/work/vibe-fs/vibe-fs/requirements/effect-accounting/tests/004.test.mjs:WHAT[effect-accounting-004] actual admission does not reopen an already accepted Blogger request; isolated materialization does not exercise command admission; GAP-100, GAP-105 — reason not supplied
check	Run verification	2026-10-05T13:34:05.0869905Z   todo: /home/runner/work/vibe-fs/vibe-fs/requirements/effect-accounting/tests/006.test.mjs:WHAT[effect-accounting-006] interruption in a distinct producing process preserves exact unknown settlement for the next process — reason not supplied
check	Run verification	2026-10-05T13:34:05.0871030Z   skip: /home/runner/work/vibe-fs/vibe-fs/requirements/effect-accounting/tests/008.test.mjs:WHAT[effect-accounting-008] todowrite commits its compression checkpoint only after native execution succeeds — integration tier not enabled
check	Run verification	2026-10-05T13:34:05.0872086Z   skip: /home/runner/work/vibe-fs/vibe-fs/requirements/effect-accounting/tests/008.test.mjs:WHAT[effect-accounting-008] todowrite executor failure restores args but does not commit a compression checkpoint — integration tier not enabled
check	Run verification	2026-10-05T13:34:05.0873159Z   todo: /home/runner/work/vibe-fs/vibe-fs/requirements/execution-failure-policy/tests/004.test.mjs:WHAT[execution-failure-policy-004] GAP-120 compiler rejects forged opaque fence and actual release owner preserves capacity on wrong target or execution — reason not supplied
check	Run verification	2026-10-05T13:34:05.0874265Z   todo: /home/runner/work/vibe-fs/vibe-fs/requirements/execution-failure-policy/tests/005.test.mjs:WHAT[execution-failure-policy-005] GAP-120 actual terminal owner rejects a wrong key and a cross-phase command without altering either execution — reason not supplied
check	Run verification	2026-10-05T13:34:05.0875401Z   todo: /home/runner/work/vibe-fs/vibe-fs/requirements/execution-failure-policy/tests/003.test.mjs:WHAT[execution-failure-policy-003] GAP-120 caller cannot construct sealed recovery authorization and actual ledger deduplicates physical emission of one identity — reason not supplied
check	Run verification	2026-10-05T13:34:05.0876647Z   todo: /home/runner/work/vibe-fs/vibe-fs/requirements/execution-failure-policy/tests/007.test.mjs:WHAT[execution-failure-policy-007] GAP-120 unresolved real acceptance or persistence never repeats provider dispatch or capacity effects across restart — reason not supplied
check	Run verification	2026-10-05T13:34:05.0877835Z   todo: /home/runner/work/vibe-fs/vibe-fs/requirements/execution-failure-policy/tests/008.test.mjs:WHAT[execution-failure-policy-008] GAP-120 actual policy and interpreter dependency boundary excludes clock polling or sleep authority; JS ignored fields alone do not prove this — reason not supplied
check	Run verification	2026-10-05T13:34:05.0878967Z   todo: /home/runner/work/vibe-fs/vibe-fs/requirements/execution-failure-policy/tests/006.test.mjs:WHAT[execution-failure-policy-006] GAP-120 inject NotCommitted and Unknown at actual terminal append and observe no exact fence release — reason not supplied
check	Run verification	2026-10-05T13:34:05.0880039Z   todo: /home/runner/work/vibe-fs/vibe-fs/requirements/execution-failure-policy/tests/006.test.mjs:WHAT[execution-failure-policy-006] GAP-120 same real child records settlement then fatal exit exactly once; no concatenated independent traces — reason not supplied
check	Run verification	2026-10-05T13:34:05.0881315Z   todo: /home/runner/work/vibe-fs/vibe-fs/requirements/execution-failure-policy/tests/010.test.mjs:WHAT[execution-failure-policy-010] GAP-121 every retained fuse has actual phase-specific proof; source and test file existence do not establish unreachable branches — reason not supplied
check	Run verification	2026-10-05T13:34:05.0882457Z   todo: /home/runner/work/vibe-fs/vibe-fs/requirements/execution-failure-policy/tests/013.test.mjs:WHAT[execution-failure-policy-013] GAP-120 actual transform repair and settlement entrypoints preserve catch-up fuse and unknown state independently — reason not supplied
check	Run verification	2026-10-05T13:34:05.0883630Z   todo: /home/runner/work/vibe-fs/vibe-fs/requirements/execution-model-routing/tests/004.test.mjs:WHAT[execution-model-routing-004] unaccepted speculative intent must not preoccupy capacity — GAP-130: optional reservation currently occupies a token before chat.message; 34-D2 needs decision
check	Run verification	2026-10-05T13:34:05.0884823Z   todo: /home/runner/work/vibe-fs/vibe-fs/requirements/execution-model-routing/tests/007.test.mjs:WHAT[execution-model-routing-007] actual Host event closes the physical execution only after durable terminal and idle/business events leave binding intact (GAP-128) — reason not supplied
check	Run verification	2026-10-05T13:34:05.0886059Z   todo: /home/runner/work/vibe-fs/vibe-fs/requirements/execution-model-routing/tests/011.test.mjs:WHAT[execution-model-routing-011] actual admission proves target resolution, durable Accepted, exact capacity, binding and Host projection order, with zero later effects on failure (GAP-128/131) — reason not supplied
check	Run verification	2026-10-05T13:34:05.0887669Z   todo: /home/runner/work/vibe-fs/vibe-fs/requirements/execution-model-routing/tests/012.test.mjs:WHAT[execution-model-routing-012] compiler rejects fabricated exact opaque capacity fences and direct foreign custody construction (GAP-128: F# type-level opacity proof pending — the runtime fail-closed test above is retained but does not prove compile-time rejection) — reason not supplied
check	Run verification	2026-10-05T13:34:05.0888992Z   todo: /home/runner/work/vibe-fs/vibe-fs/requirements/execution-model-routing/tests/016.test.mjs:WHAT[execution-model-routing-016] actual routing fatal rejects missing settlement, stale fence and coarse identity before touching injected fuse (GAP-128) — reason not supplied
check	Run verification	2026-10-05T13:34:05.0890079Z   todo: /home/runner/work/vibe-fs/vibe-fs/requirements/execution-model-routing/tests/016.test.mjs:WHAT[execution-model-routing-016] actual incident reports and kills once through injected capability without altering capacity (GAP-128) — reason not supplied
check	Run verification	2026-10-05T13:34:05.0891377Z   todo: /home/runner/work/vibe-fs/vibe-fs/requirements/execution-model-routing/tests/019.test.mjs:WHAT[execution-model-routing-019] changed scheduler cannot overwrite a previously bound DevOps target — GAP-129: current availability check allows changing the supposedly immutable binding; 34-D1 needs decision
check	Run verification	2026-10-05T13:34:05.0892633Z   todo: /home/runner/work/vibe-fs/vibe-fs/requirements/execution-model-routing/tests/019.test.mjs:WHAT[execution-model-routing-019] fixed road binding persists across real restart and physical-session replacement without model drift (GAP-129) — reason not supplied
check	Run verification	2026-10-05T13:34:05.0893674Z   todo: /home/runner/work/vibe-fs/vibe-fs/requirements/guidance-delivery/tests/002.test.mjs:WHAT[guidance-delivery-002] GAP-116 actual rejected or unknown delivery append cannot report successful Full or advance Frontier — reason not supplied
check	Run verification	2026-10-05T13:34:05.0894651Z   todo: /home/runner/work/vibe-fs/vibe-fs/requirements/guidance-delivery/tests/005.test.mjs:WHAT[guidance-delivery-005] GAP-115 actual restoration preserves occurrence frontier without adding a first-delivery fact — reason not supplied
check	Run verification	2026-10-05T13:34:05.0895613Z   todo: /home/runner/work/vibe-fs/vibe-fs/requirements/guidance-delivery/tests/009.test.mjs:WHAT[guidance-delivery-009] GAP-116 actual durable delivery leaves authority roots and execution permissions unchanged — reason not supplied
check	Run verification	2026-10-05T13:34:05.0896547Z   skip: /home/runner/work/vibe-fs/vibe-fs/requirements/guidance-delivery/tests/008.test.mjs:WHAT[guidance-delivery-008] Blogger composer takes detection source regardless of section vocabulary — integration tier not enabled
check	Run verification	2026-10-05T13:34:05.0897729Z   todo: /home/runner/work/vibe-fs/vibe-fs/requirements/guidance-delivery/tests/008.test.mjs:WHAT[guidance-delivery-008] complete Main Host projection never promotes Blogger history into interaction authority (GAP-116: full Host projection path pending — the resolver isolation test above covers the guidance text only) — reason not supplied
check	Run verification	2026-10-05T13:34:05.0898940Z   todo: /home/runner/work/vibe-fs/vibe-fs/requirements/guidance-delivery/tests/012.test.mjs:WHAT[guidance-delivery-012] GAP-116 actual new occurrence reads each dynamic owner once and freezes concern consumption atomically; replay reads none — reason not supplied
check	Run verification	2026-10-05T13:34:05.0899976Z   todo: /home/runner/work/vibe-fs/vibe-fs/requirements/host-boundary/tests/019.test.mjs:WHAT[host-boundary-019] every required Host capability needs a real supported-Host canary; injected transform ports prove only composition — reason not supplied
check	Run verification	2026-10-05T13:34:05.0901007Z   skip: /home/runner/work/vibe-fs/vibe-fs/requirements/host-boundary/tests/026.test.mjs:WHAT[host-boundary-026] real Fable compiles Host diagnostics with only its declared dependencies — integration tier not enabled
check	Run verification	2026-10-05T13:34:05.0901996Z   todo: /home/runner/work/vibe-fs/vibe-fs/requirements/host-boundary/tests/029.test.mjs:WHAT[host-boundary-029] real rejection, stale-callback and exhaustion paths must prove nonfatal process completion; previous fixtures only printed success — reason not supplied
check	Run verification	2026-10-05T13:34:05.0903067Z   skip: /home/runner/work/vibe-fs/vibe-fs/requirements/host-boundary/tests/033.test.mjs:WHAT[host-boundary-033] installed Host drains a superseded Guard and answers the exact fresh human input — integration tier not enabled
check	Run verification	2026-10-05T13:34:05.0903974Z   skip: /home/runner/work/vibe-fs/vibe-fs/requirements/host-boundary/tests/033.test.mjs:WHAT[host-boundary-033] installed Host drains a held Guard before waiting for its only capacity slot — integration tier not enabled
check	Run verification	2026-10-05T13:34:05.0905042Z   skip: /home/runner/work/vibe-fs/vibe-fs/requirements/host-provider-failure-ownership/tests/002.test.mjs:WHAT[host-provider-failure-ownership-002] installed Host makes one upstream request for one failed physical run with production retry configuration — integration tier not enabled
check	Run verification	2026-10-05T13:34:05.0906238Z   todo: /home/runner/work/vibe-fs/vibe-fs/requirements/host-provider-failure-ownership/tests/002.test.mjs:WHAT[host-provider-failure-ownership-002] full plugin recovery opens only licensed fresh runs after Host failure without duplicate upstream requests (GAP-143) — reason not supplied
check	Run verification	2026-10-05T13:34:05.0907450Z   todo: /home/runner/work/vibe-fs/vibe-fs/requirements/host-provider-failure-ownership/tests/003.test.mjs:WHAT[host-provider-failure-ownership-003] actual recovery emits no plugin final presentation before exhaustion and preserves Host native error visibility (GAP-143) — reason not supplied
check	Run verification	2026-10-05T13:34:05.0908749Z   todo: /home/runner/work/vibe-fs/vibe-fs/requirements/host-provider-failure-ownership/tests/004.test.mjs:WHAT[host-provider-failure-ownership-004] real Host UI retains config permission tool cancel and unknown errors without global suppression (GAP-143) — reason not supplied
check	Run verification	2026-10-05T13:34:05.0909903Z   todo: /home/runner/work/vibe-fs/vibe-fs/requirements/host-provider-failure-ownership/tests/005.test.mjs:WHAT[host-provider-failure-ownership-005] actual Host observer and Change Orchestrator cannot send recovery without the policy owner licence (GAP-143) — reason not supplied
check	Run verification	2026-10-05T13:34:05.0911267Z   todo: /home/runner/work/vibe-fs/vibe-fs/requirements/host-provider-failure-ownership/tests/006.test.mjs:WHAT[host-provider-failure-ownership-006] real budget and capacity exhaustion durably terminalize, stop admission and emit exactly one final through duplicate callbacks and restart (GAP-143) — reason not supplied
check	Run verification	2026-10-05T13:34:05.0912503Z   todo: /home/runner/work/vibe-fs/vibe-fs/requirements/host-provider-failure-ownership/tests/007.test.mjs:WHAT[host-provider-failure-ownership-007] compatibility gate rejects consumer and error presentation owner drift through SDK and Desktop CLI (GAP-143) — reason not supplied
check	Run verification	2026-10-05T13:34:05.0913658Z   todo: /home/runner/work/vibe-fs/vibe-fs/requirements/host-boundary/tests/032.test.mjs:WHAT[host-boundary-032] installed Host executor exception restores original arguments without a manually invoked after callback — reason not supplied
check	Run verification	2026-10-05T13:34:05.0915041Z   skip: /home/runner/work/vibe-fs/vibe-fs/requirements/host-boundary/tests/032.test.mjs:WHAT[host-boundary-032] canary_manager_review_tools_contract_observed_on_real_host — integration tier not enabled
check	Run verification	2026-10-05T13:34:05.0916453Z   todo: /home/runner/work/vibe-fs/vibe-fs/requirements/institutional-learning/tests/005.test.mjs:WHAT[institutional-learning-005] GAP-181: review and exercise meaningful BIRTH candidates against trigger, distinction, novelty and attention-cost boundaries — reason not supplied
check	Run verification	2026-10-05T13:34:05.0917916Z   todo: /home/runner/work/vibe-fs/vibe-fs/requirements/institutional-learning/tests/007.test.mjs:WHAT[institutional-learning-007] GAP-180: pause a real BIRTH admission before completion and prove deferred work cannot surface early — reason not supplied
check	Run verification	2026-10-05T13:34:05.0919626Z   todo: /home/runner/work/vibe-fs/vibe-fs/requirements/interaction-authority/tests/001.test.mjs:WHAT[interaction-authority-001] GAP-122 compiler rejects using a TransportReceipt where authority promotion requires proven physical identity — reason not supplied
check	Run verification	2026-10-05T13:34:05.0921761Z   todo: /home/runner/work/vibe-fs/vibe-fs/requirements/institutional-learning/tests/008.test.mjs:WHAT[institutional-learning-008] GAP-180: injected staging, durable commit and rulebook revision failures commit no partial learning/rule/deferred result — reason not supplied
check	Run verification	2026-10-05T13:34:05.0923630Z   todo: /home/runner/work/vibe-fs/vibe-fs/requirements/institutional-learning/tests/008.test.mjs:WHAT[institutional-learning-008] GAP-182: required DeferredWorkResurfaced fact versus current single LearningDispositionCommitted fact needs a contract decision — reason not supplied
check	Run verification	2026-10-05T13:34:05.0924981Z   todo: /home/runner/work/vibe-fs/vibe-fs/requirements/interaction-authority/tests/004.test.mjs:WHAT[interaction-authority-004] GAP-122 actual continuation never resets fallback or repair budget while changing only an authorized physical binding — reason not supplied
check	Run verification	2026-10-05T13:34:05.0926079Z   todo: /home/runner/work/vibe-fs/vibe-fs/requirements/interaction-authority/tests/003.test.mjs:WHAT[interaction-authority-003] GAP-122 crash each root append boundary and prove no orphan identity or root including initial exact target lease — reason not supplied
check	Run verification	2026-10-05T13:34:05.0927440Z   todo: /home/runner/work/vibe-fs/vibe-fs/requirements/interaction-authority/tests/009.test.mjs:WHAT[interaction-authority-009] actual ingress resolves an omitted participant from active or historical durable Profile while malformed carriers and unprovable identity remain rejected (GAP-122) — reason not supplied
check	Run verification	2026-10-05T13:34:05.0928648Z   todo: /home/runner/work/vibe-fs/vibe-fs/requirements/interaction-authority/tests/014.test.mjs:WHAT[interaction-authority-014] GAP-122 actual unresolved background work admits JoinGuard and rejects a new root through the public path — reason not supplied
check	Run verification	2026-10-05T13:34:05.0929961Z   todo: /home/runner/work/vibe-fs/vibe-fs/requirements/interaction-authority/tests/017.test.mjs:WHAT[interaction-authority-017] dispatcher rejects a continuation whose target run is durably closed while its archived profile is still readable — reason not supplied
check	Run verification	2026-10-05T13:34:05.0931454Z   todo: /home/runner/work/vibe-fs/vibe-fs/requirements/interaction-authority/tests/018.test.mjs:WHAT[interaction-authority-018] GAP-123 all five accepted lifecycle kinds carry ExpectedClosureKind and exact source witness into a durable AuthorityLogicalRunClosed — reason not supplied
check	Run verification	2026-10-05T13:34:05.0932583Z   todo: /home/runner/work/vibe-fs/vibe-fs/requirements/interaction-authority/tests/018.test.mjs:WHAT[interaction-authority-018] GAP-123 committed source plus unknown closure append retains identity and blocks SessionId reuse across restart — reason not supplied
check	Run verification	2026-10-05T13:34:05.0933659Z   todo: /home/runner/work/vibe-fs/vibe-fs/requirements/interaction-authority/tests/020.test.mjs:WHAT[interaction-authority-020] GAP-122 actual repair incident settles its exact claim and physical outcome before one injected report and kill — reason not supplied
check	Run verification	2026-10-05T13:34:05.0934711Z   todo: /home/runner/work/vibe-fs/vibe-fs/requirements/interaction-authority/tests/020.test.mjs:WHAT[interaction-authority-020] GAP-122 actual repair dependency boundary rejects direct optional or global physical fatal capability — reason not supplied
check	Run verification	2026-10-05T13:34:05.0936032Z   todo: /home/runner/work/vibe-fs/vibe-fs/requirements/interaction-authority/tests/011.test.mjs:WHAT[interaction-authority-011] per-physical target/lease is carried atomically in the attempt profile and survives restart (GAP-122: lease atomicity and restart replay pending — the identity-agreement test above covers the same-process projection only) — reason not supplied
check	Run verification	2026-10-05T13:34:05.0938053Z   todo: /home/runner/work/vibe-fs/vibe-fs/requirements/interaction-authority/tests/021.test.mjs:WHAT[interaction-authority-021] legacy Inspector fact remains decodable for history without becoming Engineer — GAP-124 actual historical fact decoder rejects legacy SelectedAgent
check	Run verification	2026-10-05T13:34:05.0940242Z   todo: /home/runner/work/vibe-fs/vibe-fs/requirements/interaction-authority/tests/022.test.mjs:WHAT[interaction-authority-022] GAP-122 actual DevOps resume and crash recovery preserve model Persona and one logical authority through concurrent physical attempts — reason not supplied
check	Run verification	2026-10-05T13:34:05.0942372Z   todo: /home/runner/work/vibe-fs/vibe-fs/requirements/intra-participant-parallelism/tests/001.test.mjs:WHAT[intra-participant-parallelism-001] real Fission lanes retain one logical identity, authority, external ownership and completion cell without adding parent join obligations (GAP-158) — reason not supplied
check	Run verification	2026-10-05T13:34:05.0943702Z   todo: /home/runner/work/vibe-fs/vibe-fs/requirements/interaction-authority/tests/023.test.mjs:WHAT[interaction-authority-023] real retry terminal observations and exact durable terminal independently release nudge suppression for every terminal kind while duplicate occasions remain absorbed (GAP-122) — reason not supplied
check	Run verification	2026-10-05T13:34:05.0944934Z   todo: /home/runner/work/vibe-fs/vibe-fs/requirements/intra-participant-parallelism/tests/002.test.mjs:WHAT[intra-participant-parallelism-002] actual Host tool schema and execute path preserve the canonical prompt array through lane dispatch (GAP-158) — reason not supplied
check	Run verification	2026-10-05T13:34:05.0946258Z   todo: /home/runner/work/vibe-fs/vibe-fs/requirements/intra-participant-parallelism/tests/003.test.mjs:WHAT[intra-participant-parallelism-003] actual Host-created siblings bind the original participant identity and receive its current canonical WorkRecord (GAP-158) — reason not supplied
check	Run verification	2026-10-05T13:34:05.0947533Z   todo: /home/runner/work/vibe-fs/vibe-fs/requirements/intra-participant-parallelism/tests/004.test.mjs:WHAT[intra-participant-parallelism-004] actual Host binding and dispatch failures roll back durable admission and every created lane, including cleanup failure and uncertain acceptance (GAP-158) — reason not supplied
check	Run verification	2026-10-05T13:34:05.0948772Z   todo: /home/runner/work/vibe-fs/vibe-fs/requirements/intra-participant-parallelism/tests/005.test.mjs:WHAT[intra-participant-parallelism-005] actual old Host execution retires silently without business Aborted, child cancellation or recovery dispatch (GAP-158) — reason not supplied
check	Run verification	2026-10-05T13:34:05.0949941Z   todo: /home/runner/work/vibe-fs/vibe-fs/requirements/intra-participant-parallelism/tests/006.test.mjs:WHAT[intra-participant-parallelism-006] GAP-158: actual completion broadcast has identical payload, exactly-once delivery and durable replay — reason not supplied
check	Run verification	2026-10-05T13:34:05.0951138Z   todo: /home/runner/work/vibe-fs/vibe-fs/requirements/intra-participant-parallelism/tests/007.test.mjs:WHAT[intra-participant-parallelism-007] GAP-158: actual child completion reaches only its initiating lane and preserves unfinished-work nudges — reason not supplied
check	Run verification	2026-10-05T13:34:05.0952222Z   todo: /home/runner/work/vibe-fs/vibe-fs/requirements/intra-participant-parallelism/tests/008.test.mjs:WHAT[intra-participant-parallelism-008] GAP-158: production lane materialization and replay preserve the keyed bundle contract — reason not supplied
check	Run verification	2026-10-05T13:34:05.0953543Z   todo: /home/runner/work/vibe-fs/vibe-fs/requirements/intra-participant-parallelism/tests/010.test.mjs:WHAT[intra-participant-parallelism-010] actual durable Fission facts reconstruct group membership and replacement after restart, recording interruption without automatically restarting lanes or guessing similar Host sessions (GAP-158) — reason not supplied
check	Run verification	2026-10-05T13:34:05.0954824Z   todo: /home/runner/work/vibe-fs/vibe-fs/requirements/intra-participant-parallelism/tests/011.test.mjs:WHAT[intra-participant-parallelism-011] a real active lane maps back to its logical owner and cannot recursively create another group (GAP-158) — reason not supplied
check	Run verification	2026-10-05T13:34:05.0955988Z   todo: /home/runner/work/vibe-fs/vibe-fs/requirements/intra-participant-parallelism/tests/009.test.mjs:WHAT[intra-participant-parallelism-009] GAP-158: actual terminal-to-Fission bridge, takeover continuation across recovery and one final completion in the original cell — reason not supplied
check	Run verification	2026-10-05T13:34:05.0957222Z   todo: /home/runner/work/vibe-fs/vibe-fs/requirements/intra-participant-parallelism/tests/012.test.mjs:WHAT[intra-participant-parallelism-012] GAP-158: all production visibility and invocation paths use the same office capability decision — reason not supplied
check	Run verification	2026-10-05T13:34:05.0959667Z   todo: /home/runner/work/vibe-fs/vibe-fs/requirements/intra-participant-parallelism/tests/014.test.mjs:WHAT[intra-participant-parallelism-014] actual lane and takeover continuation completes before settlement, including nudge, AABB and degeneration abort through their real owners (GAP-158) — reason not supplied
check	Run verification	2026-10-05T13:34:05.0961721Z   todo: /home/runner/work/vibe-fs/vibe-fs/requirements/intra-participant-parallelism/tests/015.test.mjs:WHAT[intra-participant-parallelism-015] GAP-158: actual Host takeover always selects N-1 under reordered lane completion — reason not supplied
check	Run verification	2026-10-05T13:34:05.0963100Z   todo: /home/runner/work/vibe-fs/vibe-fs/requirements/intra-participant-parallelism/tests/017.test.mjs:WHAT[intra-participant-parallelism-017] Predictor configuration must not expose Fission — GAP-159: Predictor name currently projects Engineer permissions; actual reachable authority needs joint review with station 48
check	Run verification	2026-10-05T13:34:05.0964463Z   todo: /home/runner/work/vibe-fs/vibe-fs/requirements/js-semantic-surface/tests/001.test.mjs:WHAT[js-semantic-surface-001] imported test support satisfies the required .mjs suffix — 03-D1: existing .js support conflicts with the current .mjs-only rule; decide the rule before migration
check	Run verification	2026-10-05T13:34:05.0965708Z   todo: /home/runner/work/vibe-fs/vibe-fs/requirements/intra-participant-parallelism/tests/017.test.mjs:WHAT[intra-participant-parallelism-017] GAP-158: actual full admission formula, every Manager lifecycle state, standard Engineer eligibility within Sphinx and historical Manager Fission replay — reason not supplied
check	Run verification	2026-10-05T13:34:05.0967008Z   todo: /home/runner/work/vibe-fs/vibe-fs/requirements/js-semantic-surface/tests/006.test.mjs:WHAT[js-semantic-surface-006] non-compiler physical probes do not import unregistered internal modules — 03-D2: existing Host exit probes bypass the public surface; retain their physical proof pending the boundary decision
check	Run verification	2026-10-05T13:34:05.0968206Z   todo: /home/runner/work/vibe-fs/vibe-fs/requirements/knowledge-reuse/tests/003.test.mjs:WHAT[knowledge-reuse-003] GAP-160: actual repository tools collect every successful whole-file dependency, including partial reads and failure after prior reads — reason not supplied
check	Run verification	2026-10-05T13:34:05.0969266Z   todo: /home/runner/work/vibe-fs/vibe-fs/requirements/knowledge-reuse/tests/004.test.mjs:WHAT[knowledge-reuse-004] GAP-160: actual completion freezes at the logical boundary and DevOps maintenance never creates an Engineer source — reason not supplied
check	Run verification	2026-10-05T13:34:05.0970158Z   todo: /home/runner/work/vibe-fs/vibe-fs/requirements/knowledge-reuse/tests/006.test.mjs:WHAT[knowledge-reuse-006] GAP-160: actual Bookkeeper repository access is rejected — reason not supplied
check	Run verification	2026-10-05T13:34:05.0971163Z   todo: /home/runner/work/vibe-fs/vibe-fs/requirements/knowledge-reuse/tests/007.test.mjs:WHAT[knowledge-reuse-007] GAP-160: all production writers and recovery paths retain one EventStore authority — reason not supplied
check	Run verification	2026-10-05T13:34:05.0972122Z   todo: /home/runner/work/vibe-fs/vibe-fs/requirements/knowledge-reuse/tests/008.test.mjs:WHAT[knowledge-reuse-008] GAP-160: production capacity pressure appends each required eviction rather than only hiding excess entries — reason not supplied
check	Run verification	2026-10-05T13:34:05.0973096Z   todo: /home/runner/work/vibe-fs/vibe-fs/requirements/knowledge-reuse/tests/009.test.mjs:WHAT[knowledge-reuse-009] GAP-160: actual plugin excludes description and index and appends no Casebook facts while disabled — reason not supplied
check	Run verification	2026-10-05T13:34:05.0974066Z   todo: /home/runner/work/vibe-fs/vibe-fs/requirements/knowledge-reuse/tests/011.test.mjs:WHAT[knowledge-reuse-011] GAP-160: real replica branches become DomainConflict and converge through explicit resolution without LWW — reason not supplied
check	Run verification	2026-10-05T13:34:05.0975287Z   todo: /home/runner/work/vibe-fs/vibe-fs/requirements/knowledge-reuse/tests/013.test.mjs:WHAT[knowledge-reuse-013] GAP-160: actual Casebook semantic conflict commits or settles its failure cut before a mandatory injected fuse reports and kills once without modifying its projection — reason not supplied
check	Run verification	2026-10-05T13:34:05.0976531Z   todo: /home/runner/work/vibe-fs/vibe-fs/requirements/knowledge-reuse/tests/010.test.mjs:WHAT[knowledge-reuse-010] GAP-160: actual Engineer resume boundaries and Fission takeover each archive exactly one distinct logical invocation, rejecting lane, late and duplicate terminal events — reason not supplied
check	Run verification	2026-10-05T13:34:05.0977734Z   todo: /home/runner/work/vibe-fs/vibe-fs/requirements/knowledge-reuse/tests/014.test.mjs:WHAT[knowledge-reuse-014] GAP-160: actual request budgets cover the complete payload, preserve every changed path, and leave old case unchanged when useful maintenance is impossible — reason not supplied
check	Run verification	2026-10-05T13:34:05.0978879Z   todo: /home/runner/work/vibe-fs/vibe-fs/requirements/managed-chat-execution/tests/008.test.mjs:WHAT[managed-chat-execution-008] plugin construction performs no durable reads, capacity acquisition or recovery before substrate activation (GAP-126) — reason not supplied
check	Run verification	2026-10-05T13:34:05.0980081Z   todo: /home/runner/work/vibe-fs/vibe-fs/requirements/managed-chat-execution/tests/008.test.mjs:WHAT[managed-chat-execution-008] activation failure prevents recovery and causal activation resumes through ordinary admission without timers (GAP-126) — reason not supplied
check	Run verification	2026-10-05T13:34:05.0981252Z   skip: /home/runner/work/vibe-fs/vibe-fs/requirements/managed-chat-execution/tests/009.test.mjs:WHAT[managed-chat-execution-009] abrupt process exit retains exact Accepted and empties local admission capacity — integration tier not enabled
check	Run verification	2026-10-05T13:34:05.0982376Z   todo: /home/runner/work/vibe-fs/vibe-fs/requirements/managed-chat-execution/tests/012.test.mjs:WHAT[managed-chat-execution-012] durable output of every A–I crash cut feeds actual recovery after process restart without duplicate owner effects (GAP-127) — reason not supplied
check	Run verification	2026-10-05T13:34:05.0983508Z   todo: /home/runner/work/vibe-fs/vibe-fs/requirements/managed-chat-execution/tests/012.test.mjs:WHAT[managed-chat-execution-012] late recovery release after supersession preserves the newer real capacity owner and rejects genuine conflict (GAP-126) — reason not supplied
check	Run verification	2026-10-05T13:34:05.0984587Z   todo: /home/runner/work/vibe-fs/vibe-fs/requirements/managed-session-lifecycle/tests/002.test.mjs:WHAT[managed-session-lifecycle-002] holding association append prevents the first actual prompt until durable confirmation (GAP-133) — reason not supplied
check	Run verification	2026-10-05T13:34:05.0985703Z   todo: /home/runner/work/vibe-fs/vibe-fs/requirements/managed-session-lifecycle/tests/003.test.mjs:WHAT[managed-session-lifecycle-003] journal reopened after actual process restart selects one exact child and attaches a new child to the real family root (GAP-133) — reason not supplied
check	Run verification	2026-10-05T13:34:05.0986867Z   todo: /home/runner/work/vibe-fs/vibe-fs/requirements/managed-session-lifecycle/tests/011.test.mjs:WHAT[managed-session-lifecycle-011] controlled append and real crash cuts prove new-child, old-close and new-link ordering without dual active association (GAP-133) — reason not supplied
check	Run verification	2026-10-05T13:34:05.0988073Z   todo: /home/runner/work/vibe-fs/vibe-fs/requirements/managed-session-lifecycle/tests/009.test.mjs:WHAT[managed-session-lifecycle-009] authorized parent termination awaits every durable abandonment and held physical child cleanup before publishing parent terminal (GAP-133) — reason not supplied
check	Run verification	2026-10-05T13:34:05.0989210Z   todo: /home/runner/work/vibe-fs/vibe-fs/requirements/managed-session-lifecycle/tests/013.test.mjs:WHAT[managed-session-lifecycle-013] actual restart re-enlists durable visible handles and a failed recovery commit blocks readiness (GAP-133) — reason not supplied
check	Run verification	2026-10-05T13:34:05.0990439Z   todo: /home/runner/work/vibe-fs/vibe-fs/requirements/managed-session-lifecycle/tests/017.test.mjs:WHAT[managed-session-lifecycle-017] real successor workflows and parent listeners reject missing or wrong Authority Root without orphaning parent wait (GAP-133) — reason not supplied
check	Run verification	2026-10-05T13:34:05.0991744Z   todo: /home/runner/work/vibe-fs/vibe-fs/requirements/managed-session-lifecycle/tests/018.test.mjs:WHAT[managed-session-lifecycle-018] plugin shutdown waits for already admitted provider transforms and terminal callbacks without logical cancellation (GAP-133) — reason not supplied
check	Run verification	2026-10-05T13:34:05.0992945Z   todo: /home/runner/work/vibe-fs/vibe-fs/requirements/managed-session-lifecycle/tests/021.test.mjs:WHAT[managed-session-lifecycle-021] actual delete and observation incidents await exact settlement, child drain and durable closure before the injected fatal capability (GAP-133) — reason not supplied
check	Run verification	2026-10-05T13:34:05.0994130Z   todo: /home/runner/work/vibe-fs/vibe-fs/requirements/managed-session-lifecycle/tests/021.test.mjs:WHAT[managed-session-lifecycle-021] repeated lifecycle incident reports and kills once, while detach never requests fatal or fabricates terminal facts (GAP-133) — reason not supplied
check	Run verification	2026-10-05T13:34:05.0995451Z   todo: /home/runner/work/vibe-fs/vibe-fs/requirements/managed-session-lifecycle/tests/022.test.mjs:WHAT[managed-session-lifecycle-022] real deletion preserves exact Inspector identity for NotCommitted, Unknown and PhaseConflict; only committed or empty finalization releases it (GAP-133) — reason not supplied
check	Run verification	2026-10-05T13:34:05.0996700Z   todo: /home/runner/work/vibe-fs/vibe-fs/requirements/managed-session-lifecycle/tests/023.test.mjs:WHAT[managed-session-lifecycle-023] discovering a historical active role through recovery durably retires it and drains resources without upgrading authority (GAP-133, GAP-124) — reason not supplied
check	Run verification	2026-10-05T13:34:05.0997925Z   todo: /home/runner/work/vibe-fs/vibe-fs/requirements/managed-session-lifecycle/tests/024.test.mjs:WHAT[managed-session-lifecycle-024] actual DevOps crash recovery keeps one executable authority, fixed Persona/model, avoids command replay and drains real PTYs (GAP-133, GAP-129) — reason not supplied
check	Run verification	2026-10-05T13:34:05.0999331Z   todo: /home/runner/work/vibe-fs/vibe-fs/requirements/managed-session-lifecycle/tests/025.test.mjs:WHAT[managed-session-lifecycle-025] TERM must be followed by real process exit, and escalate to KILL when the grace window elapses; the controlled PTY port starts no OS process, so real exit and the KILL escalation cannot be observed in this harness (GAP-133) — reason not supplied
check	Run verification	2026-10-05T13:34:05.1000620Z   todo: /home/runner/work/vibe-fs/vibe-fs/requirements/managed-session-lifecycle/tests/020.test.mjs:WHAT[managed-session-lifecycle-020] each authority kind requires matching durable exact prior-run closure before fresh identity installation (GAP-123) — reason not supplied
check	Run verification	2026-10-05T13:34:05.1001658Z   skip: /home/runner/work/vibe-fs/vibe-fs/requirements/obligation-ledger/tests/001.test.mjs:WHAT[obligation-ledger-001] plugin leaves native todo rows untouched — integration tier not enabled
check	Run verification	2026-10-05T13:34:05.1002518Z   skip: /home/runner/work/vibe-fs/vibe-fs/requirements/obligation-ledger/tests/001.test.mjs:WHAT[obligation-ledger-001] provider definition stays host-shaped with no retired planning fields — integration tier not enabled
check	Run verification	2026-10-05T13:34:05.1003440Z   todo: /home/runner/work/vibe-fs/vibe-fs/requirements/obligation-ledger/tests/003.test.mjs:WHAT[obligation-ledger-003] plugin keeps no second desired/applied todo projection beside the Host-native TodoTable — reason not supplied
check	Run verification	2026-10-05T13:34:05.1004372Z   skip: /home/runner/work/vibe-fs/vibe-fs/requirements/obligation-ledger/tests/002.test.mjs:WHAT[obligation-ledger-002] empty and duplicate native todo lists pass through unchanged — integration tier not enabled
check	Run verification	2026-10-05T13:34:05.1005410Z   skip: /home/runner/work/vibe-fs/vibe-fs/requirements/obligation-ledger/tests/002.test.mjs:WHAT[obligation-ledger-002] installed OpenCode native executor replaces only the current session TodoTable; an empty todowrite is a Host no-op — integration tier not enabled
check	Run verification	2026-10-05T13:34:05.1007221Z   skip: /home/runner/work/vibe-fs/vibe-fs/requirements/obligation-ledger/tests/004.test.mjs:WHAT[obligation-ledger-004] the completed-terminal checkpoint leaves every non-checkpoint projection slice untouched — integration tier not enabled
check	Run verification	2026-10-05T13:34:05.1008765Z   skip: /home/runner/work/vibe-fs/vibe-fs/requirements/obligation-ledger/tests/005.test.mjs:WHAT[obligation-ledger-005] no checkpoint before the exact completed terminal evidence — integration tier not enabled
check	Run verification	2026-10-05T13:34:05.1010248Z   skip: /home/runner/work/vibe-fs/vibe-fs/requirements/obligation-ledger/tests/005.test.mjs:WHAT[obligation-ledger-005] the exact completed terminal commits exactly one durable checkpoint — integration tier not enabled
check	Run verification	2026-10-05T13:34:05.1014207Z   skip: /home/runner/work/vibe-fs/vibe-fs/requirements/obligation-ledger/tests/005.test.mjs:WHAT[obligation-ledger-005] an error terminal closes the candidate without a checkpoint and without blocking another call — integration tier not enabled
check	Run verification	2026-10-05T13:34:05.1016163Z   skip: /home/runner/work/vibe-fs/vibe-fs/requirements/obligation-ledger/tests/005.test.mjs:WHAT[obligation-ledger-005] distinct sessions and calls never confuse checkpoint identities — integration tier not enabled
check	Run verification	2026-10-05T13:34:05.1017943Z   skip: /home/runner/work/vibe-fs/vibe-fs/requirements/obligation-ledger/tests/005.test.mjs:WHAT[obligation-ledger-005] concurrent duplicate terminals share one append outcome instead of an early success — integration tier not enabled
check	Run verification	2026-10-05T13:34:05.1019768Z   skip: /home/runner/work/vibe-fs/vibe-fs/requirements/obligation-ledger/tests/005.test.mjs:WHAT[obligation-ledger-005] concurrent duplicates of a successful terminal share the one append and commit exactly one fact — integration tier not enabled
check	Run verification	2026-10-05T13:34:05.1021577Z   skip: /home/runner/work/vibe-fs/vibe-fs/requirements/obligation-ledger/tests/005.test.mjs:WHAT[obligation-ledger-005] a WriteUnknown append outcome is never retried for the same call — integration tier not enabled
check	Run verification	2026-10-05T13:34:05.1023157Z   skip: /home/runner/work/vibe-fs/vibe-fs/requirements/obligation-ledger/tests/005.test.mjs:WHAT[obligation-ledger-005] a WriterUnavailable outcome releases the call so a retry reaches a fresh writer admission — integration tier not enabled
check	Run verification	2026-10-05T13:34:05.1024833Z   todo: /home/runner/work/vibe-fs/vibe-fs/requirements/obligation-ledger/tests/006.test.mjs:WHAT[obligation-ledger-006] empty or completed todos never grant mutation capability quality acceptance or retirement — reason not supplied
check	Run verification	2026-10-05T13:34:05.1026624Z   todo: /home/runner/work/vibe-fs/vibe-fs/requirements/obligation-ledger/tests/007.test.mjs:WHAT[obligation-ledger-007] controlled legacy audit reading retains old accepted facts without activating gates prefix switching or Host writes — reason not supplied
check	Run verification	2026-10-05T13:34:05.1028555Z   todo: /home/runner/work/vibe-fs/vibe-fs/requirements/office-capability/tests/001.test.mjs:WHAT[office-capability-001] review real delegation contracts against entitled consequences; a sentence mentioning promises does not prove the consequence model — reason not supplied
check	Run verification	2026-10-05T13:34:05.1030557Z   todo: /home/runner/work/vibe-fs/vibe-fs/requirements/office-capability/tests/004.test.mjs:WHAT[office-capability-004] review permission projections against the owning consequence definitions; matching a prompt metaphor cannot prove projection ownership — reason not supplied
check	Run verification	2026-10-05T13:34:05.1032810Z   todo: /home/runner/work/vibe-fs/vibe-fs/requirements/office-capability/tests/005.test.mjs:WHAT[office-capability-005] compare the actually distributed role, delegation and caller contracts with the same consequence definitions in both languages; keyword hits do not establish semantic identity — reason not supplied
check	Run verification	2026-10-05T13:34:05.1035086Z   todo: /home/runner/work/vibe-fs/vibe-fs/requirements/office-capability/tests/006.test.mjs:WHAT[office-capability-006] evaluate real provider traces and outcomes for office boundaries; synthetic checkers do not prove runtime compliance or distinguish product decisions from engineering choices — reason not supplied
check	Run verification	2026-10-05T13:34:05.1037350Z   todo: /home/runner/work/vibe-fs/vibe-fs/requirements/office-capability/tests/011.test.mjs:WHAT[office-capability-011] follow actual Manager incumbency transitions and distinguish stable office entitlement from current review dispatch and retirement admission — reason not supplied
check	Run verification	2026-10-05T13:34:05.1039475Z   todo: /home/runner/work/vibe-fs/vibe-fs/requirements/office-capability/tests/007.test.mjs:WHAT[office-capability-007] actual Manager review reading and native-tool refusal require the capability-enforcement-025 runtime entry; entitlement alone does not prove the current window — reason not supplied
check	Run verification	2026-10-05T13:34:05.1041611Z   todo: /home/runner/work/vibe-fs/vibe-fs/requirements/office-capability/tests/012.test.mjs:WHAT[office-capability-012] actual Orchestrator admission must accept only Manager targets; a generic Fork permission does not establish the target boundary — reason not supplied
check	Run verification	2026-10-05T13:34:05.1043514Z   todo: /home/runner/work/vibe-fs/vibe-fs/requirements/office-capability/tests/015.test.mjs:WHAT[office-capability-015] Predictor confinement to internal Strength must be proved at scheduling and visibility boundaries after resolving 07-D2 — reason not supplied
check	Run verification	2026-10-05T13:34:05.1045721Z   todo: /home/runner/work/vibe-fs/vibe-fs/requirements/office-capability/tests/017.test.mjs:WHAT[office-capability-017] real defect repair must retain product boundaries and revalidate the changed source; a permission set or closing an empty PTY port does not prove this workflow — reason not supplied
check	Run verification	2026-10-05T13:34:05.1047976Z   todo: /home/runner/work/vibe-fs/vibe-fs/requirements/office-capability/tests/018.test.mjs:WHAT[office-capability-018] actual Sphinx workflow must bind standard Engineer authority and retain ordinary worktree and Fission admission; a role matrix does not prove workflow wiring — reason not supplied
check	Run verification	2026-10-05T13:34:05.1050103Z   todo: /home/runner/work/vibe-fs/vibe-fs/requirements/participant-horizon/tests/001.test.mjs:WHAT[participant-horizon-001] all admitted material passes the six decision questions; a clean source fixture does not establish the filter (GAP-079) — reason not supplied
check	Run verification	2026-10-05T13:34:05.1052377Z   todo: /home/runner/work/vibe-fs/vibe-fs/requirements/participant-horizon/tests/002.test.mjs:WHAT[participant-horizon-002] all actual Provider requests and tool output hide machine topology; source-token scanning is neither full coverage nor semantic classification (GAP-079) — reason not supplied
check	Run verification	2026-10-05T13:34:05.1054449Z   todo: /home/runner/work/vibe-fs/vibe-fs/requirements/participant-horizon/tests/004.test.mjs:WHAT[participant-horizon-004] actual tool returns omit redundant echoes while retaining new consequences; old Join rendering checks belong to 003 (GAP-079) — reason not supplied
check	Run verification	2026-10-05T13:34:05.1056481Z   todo: /home/runner/work/vibe-fs/vibe-fs/requirements/participant-horizon/tests/006.test.mjs:WHAT[participant-horizon-006] runtime states are presented as actionable consequences across actual delivery surfaces; description keywords are insufficient (GAP-079) — reason not supplied
check	Run verification	2026-10-05T13:34:05.1058517Z   todo: /home/runner/work/vibe-fs/vibe-fs/requirements/participant-horizon/tests/007.test.mjs:WHAT[participant-horizon-007] hidden participants and task slices remain absent from all actual schemas and descriptions; 010 covers fork/commission admission only (GAP-079) — reason not supplied
check	Run verification	2026-10-05T13:34:05.1060604Z   todo: /home/runner/work/vibe-fs/vibe-fs/requirements/participant-horizon/tests/008.test.mjs:WHAT[participant-horizon-008] actual Manager requests and outcomes hide review orchestration while carrying quality obligations; keyword absence in selected files is insufficient (GAP-079) — reason not supplied
check	Run verification	2026-10-05T13:34:05.1062598Z   skip: /home/runner/work/vibe-fs/vibe-fs/requirements/participant-horizon/tests/010.test.mjs:WHAT[participant-horizon-010] actual fork and commission schemas expose only their legal new-participant identities — integration tier not enabled
check	Run verification	2026-10-05T13:34:05.1064855Z   todo: /home/runner/work/vibe-fs/vibe-fs/requirements/participant-horizon/tests/014.test.mjs:WHAT[participant-horizon-014] real visible actions and entity references remain reachable; generic rejection prose alone does not prove existence (GAP-079) — reason not supplied
check	Run verification	2026-10-05T13:34:05.1067432Z   todo: /home/runner/work/vibe-fs/vibe-fs/requirements/participant-horizon/tests/015.test.mjs:WHAT[participant-horizon-015] actual multiple-Engineer roster preserves each byname without Manager replicas or shared-DevOps fiction; two chooseRoad objects do not prove a roster (GAP-079) — reason not supplied
check	Run verification	2026-10-05T13:34:05.1070184Z   todo: /home/runner/work/vibe-fs/vibe-fs/requirements/participant-horizon/tests/011.test.mjs:WHAT[participant-horizon-011] Join delivers the abandoned consequence and retires the handle; real scenario stalls at Join after successful cancellation, root cause still under investigation (GAP-080) — reason not supplied
check	Run verification	2026-10-05T13:34:05.1072928Z   todo: /home/runner/work/vibe-fs/vibe-fs/requirements/participant-horizon/tests/011.test.mjs:WHAT[participant-horizon-011] latest durable record selection and corrupt-latest rejection must exercise journal/blob reads; a separately implemented HorizonSurface renderer is insufficient (GAP-079) — reason not supplied
check	Run verification	2026-10-05T13:34:05.1075397Z   todo: /home/runner/work/vibe-fs/vibe-fs/requirements/participant-identity/tests/008.test.mjs:WHAT[participant-identity-008] actual Fission lane admission preserves owner-issued lineage without inferring it from a physical parent (GAP-158: real fission admission path pending — the construction-time blank-field rejection above is retained but does not prove the lane admission flow) — reason not supplied
check	Run verification	2026-10-05T13:34:05.1077500Z   todo: /home/runner/work/vibe-fs/vibe-fs/requirements/prefix-stability/tests/001.test.mjs:WHAT[prefix-stability-001] capture actual outbound provider wires from the reused delegation and verify their prefix identity; locally constructed transcript is not transport evidence; GAP-106 — reason not supplied
check	Run verification	2026-10-05T13:34:05.1079401Z   todo: /home/runner/work/vibe-fs/vibe-fs/requirements/prefix-stability/tests/005.test.mjs:WHAT[prefix-stability-005] actual next-attempt seal observes a durably committed rebase and refuses progression after append failure; GAP-106 — reason not supplied
check	Run verification	2026-10-05T13:34:05.1081672Z   todo: /home/runner/work/vibe-fs/vibe-fs/requirements/prefix-stability/tests/007.test.mjs:WHAT[prefix-stability-007] one actual Life keeps identical system bytes and Persona through delegation, failure, review and compaction; role IDs alone do not prove byte identity; GAP-106 — reason not supplied
check	Run verification	2026-10-05T13:34:05.1083784Z   todo: /home/runner/work/vibe-fs/vibe-fs/requirements/prefix-stability/tests/008.test.mjs:WHAT[prefix-stability-008] review actual provider memory block for explicit low-trust status and separation from human authority; current responsibility wording is not that evidence; GAP-107 — reason not supplied
check	Run verification	2026-10-05T13:34:05.1085816Z   todo: /home/runner/work/vibe-fs/vibe-fs/requirements/prefix-stability/tests/009.test.mjs:WHAT[prefix-stability-009] actual Host transform derives proof and writeback identities from canonical XTrace despite request-local presentation changes; GAP-106 — reason not supplied
check	Run verification	2026-10-05T13:34:05.1087864Z   todo: /home/runner/work/vibe-fs/vibe-fs/requirements/prefix-stability/tests/011.test.mjs:WHAT[prefix-stability-011] actual history drift fails without minting an epoch, and replayed markers keep their original elapsed-time bytes; missing export names do not establish either property; GAP-106 — reason not supplied
check	Run verification	2026-10-05T13:34:05.1090264Z   todo: /home/runner/work/vibe-fs/vibe-fs/requirements/prefix-stability/tests/014.test.mjs:WHAT[prefix-stability-014] injected wire fed directly to durable capture excludes guidance and preserves ordinary quotation — GAP-108: direct capture retains suffix bytes; verify and close the actual Host admission path without teaching semantic capture to guess prose
check	Run verification	2026-10-05T13:34:05.1092548Z   todo: /home/runner/work/vibe-fs/vibe-fs/requirements/process-execution/tests/008.test.mjs:WHAT[process-execution-008] Agent completion publishes only a pulse while physical PTY completion uses its own channel — reason not supplied
check	Run verification	2026-10-05T13:34:05.1094429Z   todo: /home/runner/work/vibe-fs/vibe-fs/requirements/process-execution/tests/011.test.mjs:WHAT[process-execution-011] run and query-shell expose equal parameters and actually execute bounded output — GAP-091: query-shell still exists in code but its provider resources and active office were retired
check	Run verification	2026-10-05T13:34:05.1096351Z   todo: /home/runner/work/vibe-fs/vibe-fs/requirements/process-execution/tests/011.test.mjs:WHAT[process-execution-011] query-shell rejects invalid budgets before command side effects — GAP-091: missing retired query-shell resources prevent reaching validation
check	Run verification	2026-10-05T13:34:05.1098248Z   todo: /home/runner/work/vibe-fs/vibe-fs/requirements/process-execution/tests/012.test.mjs:WHAT[process-execution-012] request vocabulary is compiled separately from process and PTY runtime — GAP-091: current process-processrequest project compiles all these lifetimes together
check	Run verification	2026-10-05T13:34:05.1100202Z   todo: /home/runner/work/vibe-fs/vibe-fs/requirements/process-execution/tests/012.test.mjs:WHAT[process-execution-012] actual consumers require injected process capabilities and cannot reach adapters through pure contracts — reason not supplied
check	Run verification	2026-10-05T13:34:05.1101994Z   todo: /home/runner/work/vibe-fs/vibe-fs/requirements/process-execution/tests/013.test.mjs:WHAT[process-execution-013] the registered plugin path creates no model session for any output size — reason not supplied
check	Run verification	2026-10-05T13:34:05.1103674Z   todo: /home/runner/work/vibe-fs/vibe-fs/requirements/process-execution/tests/015.test.mjs:WHAT[process-execution-015] the complete visible result including metadata fits the explicit budget — GAP-092: the current budget applies only to raw output, not its envelope
check	Run verification	2026-10-05T13:34:05.1105564Z   todo: /home/runner/work/vibe-fs/vibe-fs/requirements/provider-attempt-recovery/tests/006.test.mjs:WHAT[provider-attempt-recovery-006] actual retry with changed target preserves durable identity and full system prompt through Host submission (GAP-139) — reason not supplied
check	Run verification	2026-10-05T13:34:05.1107545Z   todo: /home/runner/work/vibe-fs/vibe-fs/requirements/provider-attempt-recovery/tests/007.test.mjs:WHAT[provider-attempt-recovery-007] a new failure fact after exhaustion stops durable replay — GAP-140: the fold currently absorbs AlreadyExhausted instead of rejecting a new failure fact
check	Run verification	2026-10-05T13:34:05.1109594Z   todo: /home/runner/work/vibe-fs/vibe-fs/requirements/provider-attempt-recovery/tests/007.test.mjs:WHAT[provider-attempt-recovery-007] durable replay refuses a count above its failure limit — GAP-140 / 37-D1: persisted facts do not establish a limit and the fold accepts the over-budget successor
check	Run verification	2026-10-05T13:34:05.1111564Z   todo: /home/runner/work/vibe-fs/vibe-fs/requirements/provider-attempt-recovery/tests/005.test.mjs:WHAT[provider-attempt-recovery-005] full recovery workflow reaches exhaustion without an extra physical Host send (GAP-139) — reason not supplied
check	Run verification	2026-10-05T13:34:05.1113387Z   todo: /home/runner/work/vibe-fs/vibe-fs/requirements/provider-attempt-recovery/tests/008.test.mjs:WHAT[provider-attempt-recovery-008] actual unfinished Manager and other repairable roles reach one repair without spending provider budget (GAP-139) — reason not supplied
check	Run verification	2026-10-05T13:34:05.1115354Z   todo: /home/runner/work/vibe-fs/vibe-fs/requirements/provider-attempt-recovery/tests/010.test.mjs:WHAT[provider-attempt-recovery-010] actual licensed Blogger retry sends Squash before Main when eligible and accounts for Squash outcome without success reset (GAP-139) — reason not supplied
check	Run verification	2026-10-05T13:34:05.1117335Z   todo: /home/runner/work/vibe-fs/vibe-fs/requirements/provider-attempt-recovery/tests/009.test.mjs:WHAT[provider-attempt-recovery-009] varying Host transport retry numbers cannot change domain count identity or physical recovery permission (GAP-139) — reason not supplied
check	Run verification	2026-10-05T13:34:05.1119359Z   todo: /home/runner/work/vibe-fs/vibe-fs/requirements/provider-attempt-recovery/tests/012.test.mjs:WHAT[provider-attempt-recovery-012] actual aborted Host tool residue leaves provider budget unchanged through reconciliation (GAP-139) — reason not supplied
check	Run verification	2026-10-05T13:34:05.1121372Z   todo: /home/runner/work/vibe-fs/vibe-fs/requirements/provider-attempt-recovery/tests/013.test.mjs:WHAT[provider-attempt-recovery-013] actual retries and restart preserve complete durable Persona provenance language authority and provider horizon (GAP-139) — reason not supplied
check	Run verification	2026-10-05T13:34:05.1123315Z   todo: /home/runner/work/vibe-fs/vibe-fs/requirements/provider-attempt-recovery/tests/011.test.mjs:WHAT[provider-attempt-recovery-011] actual render observes the admitted immutable plan and cannot consume a transient recovery permission (GAP-139) — reason not supplied
check	Run verification	2026-10-05T13:34:05.1125130Z   todo: /home/runner/work/vibe-fs/vibe-fs/requirements/provider-attempt-recovery/tests/015.test.mjs:WHAT[provider-attempt-recovery-015] actual speculative success and failure leave the owner journal budget unchanged (GAP-139) — reason not supplied
check	Run verification	2026-10-05T13:34:05.1127076Z   todo: /home/runner/work/vibe-fs/vibe-fs/requirements/provider-attempt-recovery/tests/014.test.mjs:WHAT[provider-attempt-recovery-014] actual continuation waits for exact Host stop after failure admission and never spends budget by sending (GAP-139) — reason not supplied
check	Run verification	2026-10-05T13:34:05.1129026Z   todo: /home/runner/work/vibe-fs/vibe-fs/requirements/provider-attempt-recovery/tests/016.test.mjs:WHAT[provider-attempt-recovery-016] real ordinary and Blogger completion use durable kind evidence and write SuccessRecorded only for eligible successes (GAP-139) — reason not supplied
check	Run verification	2026-10-05T13:34:05.1131294Z   todo: /home/runner/work/vibe-fs/vibe-fs/requirements/provider-attempt-recovery/tests/018.test.mjs:WHAT[provider-attempt-recovery-018] actual WorkMain recovery waits on an open Blogger request until committed close or strictly newer coverage; unrelated facts cannot unlock it (GAP-139) — reason not supplied
check	Run verification	2026-10-05T13:34:05.1133319Z   todo: /home/runner/work/vibe-fs/vibe-fs/requirements/provider-attempt-recovery/tests/018.test.mjs:WHAT[provider-attempt-recovery-018] real recovery proceeds without an open producer and cancellation releases an existing durable-event wait (GAP-139) — reason not supplied
check	Run verification	2026-10-05T13:34:05.1135459Z   todo: /home/runner/work/vibe-fs/vibe-fs/requirements/provider-attempt-recovery/tests/017.test.mjs:WHAT[provider-attempt-recovery-017] actual Main→Main Main→Squash and Squash→Main recovery commits old abandonment before fresh materialization and PromptKey binding (GAP-139) — reason not supplied
check	Run verification	2026-10-05T13:34:05.1137404Z   todo: /home/runner/work/vibe-fs/vibe-fs/requirements/provider-attempt-recovery/tests/020.test.mjs:WHAT[provider-attempt-recovery-020] real journal replay without exact licence produces no provider retry or resume side effect (GAP-139) — reason not supplied
check	Run verification	2026-10-05T13:34:05.1139310Z   todo: /home/runner/work/vibe-fs/vibe-fs/requirements/provider-attempt-recovery/tests/019.test.mjs:WHAT[provider-attempt-recovery-019] all production callers and wrong-attempt ledger inputs enforce the opaque licence without alternate retry owners (GAP-139) — reason not supplied
check	Run verification	2026-10-05T13:34:05.1141462Z   todo: /home/runner/work/vibe-fs/vibe-fs/requirements/provider-attempt-recovery/tests/022.test.mjs:WHAT[provider-attempt-recovery-022] actual Host terminal observation alone releases recovery while coarse error and idle cannot; fresh process inherits no stop permission (GAP-139) — reason not supplied
check	Run verification	2026-10-05T13:34:05.1143554Z   todo: /home/runner/work/vibe-fs/vibe-fs/requirements/provider-attempt-recovery/tests/021.test.mjs:WHAT[provider-attempt-recovery-021] actual ordinary and sync-delegate recovery combine exact durable LWR evidence and target settlement after licensing and before send (GAP-139) — reason not supplied
check	Run verification	2026-10-05T13:34:05.1145796Z   todo: /home/runner/work/vibe-fs/vibe-fs/requirements/provider-attempt-recovery/tests/023.test.mjs:WHAT[provider-attempt-recovery-023] real boot sweep after process restart resolves only Accepted-without-start and preserves exact accepted material without replacement send (GAP-139) — reason not supplied
check	Run verification	2026-10-05T13:34:05.1147922Z   todo: /home/runner/work/vibe-fs/vibe-fs/requirements/provider-language/tests/002.test.mjs:WHAT[provider-language-002] a live preference change must reach a real in-flight Host session on its next request; a surface-level registry check does not prove the Host boundary — reason not supplied
check	Run verification	2026-10-05T13:34:05.1149927Z   todo: /home/runner/work/vibe-fs/vibe-fs/requirements/provider-language/tests/008.test.mjs:WHAT[provider-language-008] actual provider tool descriptions and calling-contract prose must match the bound session; resource existence and source scanning do not prove delivery — reason not supplied
check	Run verification	2026-10-05T13:34:05.1152059Z   todo: /home/runner/work/vibe-fs/vibe-fs/requirements/provider-language/tests/010.test.mjs:WHAT[provider-language-010] paired Semantic Anchor IDs need an agreed representation and actual correspondence evidence; matching prose keywords is not anchor identity — reason not supplied
check	Run verification	2026-10-05T13:34:05.1154110Z   todo: /home/runner/work/vibe-fs/vibe-fs/requirements/provider-language/tests/009.test.mjs:WHAT[provider-language-009] complete Class A loading ownership needs production call-path evidence; a few source patterns cannot establish all prose ownership — reason not supplied
check	Run verification	2026-10-05T13:34:05.1156200Z   todo: /home/runner/work/vibe-fs/vibe-fs/requirements/provider-language/tests/012.test.mjs:WHAT[provider-language-012] bilingual semantic equivalence requires review against current office responsibilities including standard Engineer permissions in Sphinx; phrase matching does not prove this — reason not supplied
check	Run verification	2026-10-05T13:34:05.1158174Z   todo: /home/runner/work/vibe-fs/vibe-fs/requirements/provider-projection/tests/001.test.mjs:WHAT[provider-projection-001] real online and durable replay use the same pipeline; cloning the same input is not a replay execution (GAP-082) — reason not supplied
check	Run verification	2026-10-05T13:34:05.1160145Z   todo: /home/runner/work/vibe-fs/vibe-fs/requirements/provider-projection/tests/010.test.mjs:WHAT[provider-projection-010] synthetic text cannot authorize an operation or certify completion; renderer export presence and unchanged Host message count do not prove authority isolation (GAP-082) — reason not supplied
check	Run verification	2026-10-05T13:34:05.1162397Z   todo: /home/runner/work/vibe-fs/vibe-fs/requirements/provider-projection/tests/013.test.mjs:WHAT[provider-projection-013] all synthetic payloads use the common typed representation owner; the gate currently checks direct SyntheticToml access only (GAP-082) — reason not supplied
check	Run verification	2026-10-05T13:34:05.1164294Z   todo: /home/runner/work/vibe-fs/vibe-fs/requirements/provider-projection/tests/014.test.mjs:WHAT[provider-projection-014] all physical payload call paths compose once; the tested Join and warm-start outputs do not prove every caller (GAP-082) — reason not supplied
check	Run verification	2026-10-05T13:34:05.1166426Z   todo: /home/runner/work/vibe-fs/vibe-fs/requirements/relay-assessment/tests/002.test.mjs:WHAT[relay-assessment-002] cross-incumbency replay of a retired review call is rejected — requires a real retirement-chain fixture to open the next incumbency before replaying the retired call; the fold-level AssessmentReplayToolCall gate is in place
check	Run verification	2026-10-05T13:34:05.1168791Z   todo: /home/runner/work/vibe-fs/vibe-fs/requirements/relay-assessment/tests/003.test.mjs:WHAT[relay-assessment-003] actual assessment evidence digest includes only public text before the exact call — GAP-193: relay Surface supplies constant binding digests; actual narrative extraction and every identity axis require independent observations
check	Run verification	2026-10-05T13:34:05.1171236Z   todo: /home/runner/work/vibe-fs/vibe-fs/requirements/relay-assessment/tests/005.test.mjs:WHAT[relay-assessment-005] actual certificate binds every evidence field and immediately blocks workspace mutation — GAP-193: four exposed certificate fields do not prove full binding or actual mutation denial
check	Run verification	2026-10-05T13:34:05.1173425Z   todo: /home/runner/work/vibe-fs/vibe-fs/requirements/relay-assessment/tests/008.test.mjs:WHAT[relay-assessment-008] every pre-assessment role ledger and tool surface conceals later assignments and loop mechanics — GAP-193: actual accepted result selection is tested; all earlier surfaces require projection and semantic audit
check	Run verification	2026-10-05T13:34:05.1175483Z   todo: /home/runner/work/vibe-fs/vibe-fs/requirements/relay-assessment/tests/009.test.mjs:WHAT[relay-assessment-009] Manager independently investigates through its review-only tools or a read-only Engineer and treats implementer reports only as leads — reason not supplied
check	Run verification	2026-10-05T13:34:05.1177464Z   todo: /home/runner/work/vibe-fs/vibe-fs/requirements/relay-assessment/tests/010.test.mjs:WHAT[relay-assessment-010] actual DevOps workspace mutation invalidates previous verification and assessment evidence — GAP-193: manual invalidation does not start DevOps or observe a real workspace change
check	Run verification	2026-10-05T13:34:05.1179443Z   todo: /home/runner/work/vibe-fs/vibe-fs/requirements/relay-context-projection/tests/001.test.mjs:WHAT[relay-context-projection-001] Host physical transcript and durable audit survive actual process restart without loss — reason not supplied
check	Run verification	2026-10-05T13:34:05.1181355Z   todo: /home/runner/work/vibe-fs/vibe-fs/requirements/relay-context-projection/tests/003.test.mjs:WHAT[relay-context-projection-003] complete provider serialization carries no private control identifiers secrets or synthetic workspace narrative — reason not supplied
check	Run verification	2026-10-05T13:34:05.1183281Z   todo: /home/runner/work/vibe-fs/vibe-fs/requirements/relay-context-projection/tests/004.test.mjs:WHAT[relay-context-projection-004] first and successor Managers independently investigate the actual inherited work and never fabricate predecessor evidence — reason not supplied
check	Run verification	2026-10-05T13:34:05.1185291Z   todo: /home/runner/work/vibe-fs/vibe-fs/requirements/relay-context-projection/tests/007.test.mjs:WHAT[relay-context-projection-007] crash recovery and Accepted-certificate invalidation keep the committed retired request identity without filtering physical history — reason not supplied
check	Run verification	2026-10-05T13:34:05.1187346Z   todo: /home/runner/work/vibe-fs/vibe-fs/requirements/relay-context-projection/tests/009.test.mjs:WHAT[relay-context-projection-009] fixed DevOps execution facts and predecessor interactions reach the successor through their real owners without synthesized conclusions — reason not supplied
check	Run verification	2026-10-05T13:34:05.1189419Z   todo: /home/runner/work/vibe-fs/vibe-fs/requirements/relay-incumbency/tests/001.test.mjs:WHAT[relay-incumbency-001] concurrent production opening derives one identity and admits one physical loop prompt — GAP-192: sequential Road fold calls do not exercise concurrent opening or prompt dispatch
check	Run verification	2026-10-05T13:34:05.1191465Z   todo: /home/runner/work/vibe-fs/vibe-fs/requirements/relay-incumbency/tests/003.test.mjs:WHAT[relay-incumbency-003] actual Manager tool admission grants management powers before assessment — GAP-192: phase and certificate fields do not prove capability enforcement
check	Run verification	2026-10-05T13:34:05.1193402Z   todo: /home/runner/work/vibe-fs/vibe-fs/requirements/relay-incumbency/tests/005.test.mjs:WHAT[relay-incumbency-005] stale provider runs remain absorbed across multiple real handovers and recovery — GAP-192: retired-id rejection alone does not deliver late tool or terminal observations
check	Run verification	2026-10-05T13:34:05.1195363Z   todo: /home/runner/work/vibe-fs/vibe-fs/requirements/relay-incumbency/tests/010.test.mjs:WHAT[relay-incumbency-010] actual retired and current Managers receive exclusive DevOps invocation authority — GAP-192: Road projection does not exercise resume, join or horizon authorization
check	Run verification	2026-10-05T13:34:05.1197326Z   todo: /home/runner/work/vibe-fs/vibe-fs/requirements/relay-context-projection/tests/008.test.mjs:WHAT[relay-context-projection-008] every accepted physical authority revision is retained across restart and successor projection — reason not supplied
check	Run verification	2026-10-05T13:34:05.1199212Z   todo: /home/runner/work/vibe-fs/vibe-fs/requirements/relay-incumbency/tests/011.test.mjs:WHAT[relay-incumbency-011] actual in-flight assignments, processes and completion attribution survive Manager handover — GAP-192: no assignment or process is started by the Road fold fixture
check	Run verification	2026-10-05T13:34:05.1201271Z   todo: /home/runner/work/vibe-fs/vibe-fs/requirements/relay-incumbency/tests/012.test.mjs:WHAT[relay-incumbency-012] uncertain Host acceptance and crash recovery retain one DevOps and original PromptKey — GAP-192: direct binding replay does not cross Host acceptance or a crash
check	Run verification	2026-10-05T13:34:05.1203301Z   todo: /home/runner/work/vibe-fs/vibe-fs/requirements/relay-incumbency/tests/013.test.mjs:WHAT[relay-incumbency-013] actual provider requests receive the committed ordinal and equivalent bilingual guidance — GAP-192: template placeholders and Road fold counts do not prove delivery or translation meaning
check	Run verification	2026-10-05T13:34:05.1205480Z   todo: /home/runner/work/vibe-fs/vibe-fs/requirements/relay-retirement/tests/001.test.mjs:WHAT[relay-retirement-001] ordinary assistant stop does not retire Manager and exceptional terminals are not forged suicide — GAP-197: requires actual Manager terminal workflow; removed test merely returned Retire for an empty array
check	Run verification	2026-10-05T13:34:05.1207896Z   todo: /home/runner/work/vibe-fs/vibe-fs/requirements/relay-retirement/tests/002.test.mjs:WHAT[relay-retirement-002] unmerged changes failed tests and open obligations do not independently block actual retirement — GAP-197: actual assessed dirty-workspace path is covered; remaining conditions require actual owned fixtures
check	Run verification	2026-10-05T13:34:05.1210224Z   todo: /home/runner/work/vibe-fs/vibe-fs/requirements/relay-retirement/tests/003.test.mjs:WHAT[relay-retirement-003] recursive descendants PTYs leases active tools and unobserved cancellation all block by current incumbent ownership — GAP-197: one actual Engineer child does not establish every ownership kind or recursive cancellation boundary
check	Run verification	2026-10-05T13:34:05.1212528Z   todo: /home/runner/work/vibe-fs/vibe-fs/requirements/relay-retirement/tests/007.test.mjs:WHAT[relay-retirement-007] real durable retirement is atomic across crash points and cleanup retry — GAP-197: pure fold transition does not persist a transaction or clear actual resource blockers
check	Run verification	2026-10-05T13:34:05.1214318Z   todo: /home/runner/work/vibe-fs/vibe-fs/requirements/relay-retirement/tests/007.test.mjs:WHAT[relay-retirement-007] retirement ends incumbent obligations without rewriting independent context-compression history — reason not supplied
check	Run verification	2026-10-05T13:34:05.1216356Z   todo: /home/runner/work/vibe-fs/vibe-fs/requirements/relay-retirement/tests/004.test.mjs:WHAT[relay-retirement-004] exact-incumbency freeze precedes recursive observation and never leaks into next incarnation of the same session — GAP-197: a sequential child blocker does not prove an admission race or same-session successor fence
check	Run verification	2026-10-05T13:34:05.1218393Z   todo: /home/runner/work/vibe-fs/vibe-fs/requirements/relay-retirement/tests/009.test.mjs:WHAT[relay-retirement-009] actual Continue transfers fixed DevOps work and processes while Accepted or exceptional termination physically closes them — reason not supplied
check	Run verification	2026-10-05T13:34:05.1220606Z   todo: /home/runner/work/vibe-fs/vibe-fs/requirements/repository-investigation/tests/001.test.mjs:WHAT[repository-investigation-001] actual repository assertions cite current local observation, rejecting unverified history, search suggestions and external material as evidence; resource wording is not Agent behavior (GAP-083) — reason not supplied
check	Run verification	2026-10-05T13:34:05.1222976Z   todo: /home/runner/work/vibe-fs/vibe-fs/requirements/repository-investigation/tests/002.test.mjs:WHAT[repository-investigation-002] actual observations retain sufficient provenance for reinspection; a search candidate codec does not prove current repository evidence (GAP-083) — reason not supplied
check	Run verification	2026-10-05T13:34:05.1225332Z   todo: /home/runner/work/vibe-fs/vibe-fs/requirements/repository-investigation/tests/003.test.mjs:WHAT[repository-investigation-003] actual investigation separates a proposed fact from observed evidence and chooses observations using reasoning; keyword matching in RoleLaw is insufficient (GAP-083) — reason not supplied
check	Run verification	2026-10-05T13:34:05.1227575Z   todo: /home/runner/work/vibe-fs/vibe-fs/requirements/repository-investigation/tests/004.test.mjs:WHAT[repository-investigation-004] a controlled investigation stops when the target question is answered and does not repeat unnecessary searches; resource wording is not an execution trace (GAP-083) — reason not supplied
check	Run verification	2026-10-05T13:34:05.1229784Z   todo: /home/runner/work/vibe-fs/vibe-fs/requirements/repository-investigation/tests/005.test.mjs:WHAT[repository-investigation-005] real investigation preserves repository state and does not execute checks, builds or applications; static Git and metadata reads remain admissible (GAP-083) — reason not supplied
check	Run verification	2026-10-05T13:34:05.1232121Z   todo: /home/runner/work/vibe-fs/vibe-fs/requirements/repository-investigation/tests/006.test.mjs:WHAT[repository-investigation-006] actual Agent verifies search hints with read-only observation and never infers absence from zero hits; TOML separation alone does not prove this judgment (GAP-083) — reason not supplied
check	Run verification	2026-10-05T13:34:05.1234151Z   todo: /home/runner/work/vibe-fs/vibe-fs/requirements/repository-investigation/tests/007.test.mjs:raw task bytes preserved for undefined — GAP-084: current common renderer wraps instructions; clarify byte-equality boundary before changing it
check	Run verification	2026-10-05T13:34:05.1235808Z   todo: /home/runner/work/vibe-fs/vibe-fs/requirements/repository-investigation/tests/007.test.mjs:raw task bytes preserved for "" — GAP-084: current common renderer wraps instructions; clarify byte-equality boundary before changing it
check	Run verification	2026-10-05T13:34:05.1237469Z   todo: /home/runner/work/vibe-fs/vibe-fs/requirements/repository-investigation/tests/007.test.mjs:raw task bytes preserved for " \r\n\t" — GAP-084: current common renderer wraps instructions; clarify byte-equality boundary before changing it
check	Run verification	2026-10-05T13:34:05.1239350Z   todo: /home/runner/work/vibe-fs/vibe-fs/requirements/repository-investigation/tests/008.test.mjs:WHAT[repository-investigation-008] an existing but unrelated directory is not accepted as the task workspace; Directory.Exists alone does not establish provenance (GAP-083) — reason not supplied
check	Run verification	2026-10-05T13:34:05.1241462Z   todo: /home/runner/work/vibe-fs/vibe-fs/requirements/relay-retirement/tests/008.test.mjs:WHAT[relay-retirement-008] a controlled in-flight Host interrupt prevents successor dispatch until exact provider-step release and physical interruption complete — reason not supplied
check	Run verification	2026-10-05T13:34:05.1243485Z   todo: /home/runner/work/vibe-fs/vibe-fs/requirements/repository-investigation/tests/009.test.mjs:WHAT[repository-investigation-009] oversized base task exposes the unresolved scope of the byte ceiling — GAP-084: base-only fallback and appendix-only budgets differ from a total-prompt ceiling
check	Run verification	2026-10-05T13:34:05.1245568Z   todo: /home/runner/work/vibe-fs/vibe-fs/requirements/repository-investigation/tests/009.test.mjs:WHAT[repository-investigation-009] actual transport launch failure and timeout fail open and release all process resources; an injected rejected query covers neither (GAP-083) — reason not supplied
check	Run verification	2026-10-05T13:34:05.1247452Z   todo: /home/runner/work/vibe-fs/vibe-fs/requirements/repository-programming/tests/003.test.mjs:WHAT[repository-programming-003] changing an actual Attempt execution tier preserves its role programming surface — reason not supplied
check	Run verification	2026-10-05T13:34:05.1249125Z   todo: /home/runner/work/vibe-fs/vibe-fs/requirements/repository-programming/tests/006.test.mjs:WHAT[repository-programming-006] pending async work and post-await computation terminate within the execution budget — reason not supplied
check	Run verification	2026-10-05T13:34:05.1251001Z   todo: /home/runner/work/vibe-fs/vibe-fs/requirements/repository-programming/tests/006.test.mjs:WHAT[repository-programming-006] memory exhaustion is contained without exhausting the Host process — reason not supplied
check	Run verification	2026-10-05T13:34:05.1252637Z   todo: /home/runner/work/vibe-fs/vibe-fs/requirements/repository-programming/tests/017.test.mjs:WHAT[repository-programming-017] concurrent calls in one actual assistant message execute in deterministic Host order — reason not supplied
check	Run verification	2026-10-05T13:34:05.1254163Z   skip: /home/runner/work/vibe-fs/vibe-fs/requirements/repository-programming/tests/020.test.mjs:WHAT[repository-programming-020] AGENT_017_mv_moves_a_file — integration tier not enabled
check	Run verification	2026-10-05T13:34:05.1255520Z   skip: /home/runner/work/vibe-fs/vibe-fs/requirements/repository-programming/tests/020.test.mjs:WHAT[repository-programming-020] AGENT_017_mv_renames_a_directory — integration tier not enabled
check	Run verification	2026-10-05T13:34:05.1256937Z   skip: /home/runner/work/vibe-fs/vibe-fs/requirements/repository-programming/tests/020.test.mjs:WHAT[repository-programming-020] AGENT_017_mv_missing_source_returns_error — integration tier not enabled
check	Run verification	2026-10-05T13:34:05.1258333Z   skip: /home/runner/work/vibe-fs/vibe-fs/requirements/repository-programming/tests/020.test.mjs:WHAT[repository-programming-020] AGENT_018_rm_removes_a_file — integration tier not enabled
check	Run verification	2026-10-05T13:34:05.1259871Z   skip: /home/runner/work/vibe-fs/vibe-fs/requirements/repository-programming/tests/020.test.mjs:WHAT[repository-programming-020] AGENT_018_rm_removes_an_empty_directory — integration tier not enabled
check	Run verification	2026-10-05T13:34:05.1261407Z   skip: /home/runner/work/vibe-fs/vibe-fs/requirements/repository-programming/tests/020.test.mjs:WHAT[repository-programming-020] AGENT_018_rm_refuses_a_non_empty_directory — integration tier not enabled
check	Run verification	2026-10-05T13:34:05.1262845Z   skip: /home/runner/work/vibe-fs/vibe-fs/requirements/repository-programming/tests/020.test.mjs:WHAT[repository-programming-020] AGENT_018_rm_missing_path_returns_error — integration tier not enabled
check	Run verification	2026-10-05T13:34:05.1264313Z   skip: /home/runner/work/vibe-fs/vibe-fs/requirements/repository-programming/tests/020.test.mjs:WHAT[repository-programming-020] AGENT_016_mv_and_rm_are_denied_for_non_coder_roles — integration tier not enabled
check	Run verification	2026-10-05T13:34:05.1265840Z   skip: /home/runner/work/vibe-fs/vibe-fs/requirements/repository-programming/tests/020.test.mjs:WHAT[repository-programming-020] AGENT_016_mv_and_rm_are_denied_when_the_role_is_unresolved — integration tier not enabled
check	Run verification	2026-10-05T13:34:05.1267499Z   todo: /home/runner/work/vibe-fs/vibe-fs/requirements/repository-programming/tests/026.test.mjs:WHAT[repository-programming-026] actual program reads and commit outcomes feed case access without copying conflict snapshots — reason not supplied
check	Run verification	2026-10-05T13:34:05.1269259Z   todo: /home/runner/work/vibe-fs/vibe-fs/requirements/repository-programming/tests/025.test.mjs:WHAT[repository-programming-025] a real transaction invariant failure settles rollback or cut before one injected fatal incident — reason not supplied
check	Run verification	2026-10-05T13:34:05.1271156Z   todo: /home/runner/work/vibe-fs/vibe-fs/requirements/repository-programming/tests/025.test.mjs:WHAT[repository-programming-025] uncertain persistence and interrupted settlement preserve third-party changes across process restart — reason not supplied
check	Run verification	2026-10-05T13:34:05.1273031Z   todo: /home/runner/work/vibe-fs/vibe-fs/requirements/repository-programming/tests/027.test.mjs:WHAT[repository-programming-027] registered direct tools and programming tools enforce the same path, encoding, symlink and transaction boundaries — reason not supplied
check	Run verification	2026-10-05T13:34:05.1274965Z   todo: /home/runner/work/vibe-fs/vibe-fs/requirements/requirement-grounding/tests/002.test.mjs:WHAT[requirement-grounding-002] self-subtree declarations are configuration errors even when they do not match WHAT.md — GAP-085: rule validation currently probes only the WHAT.md path
check	Run verification	2026-10-05T13:34:05.1277019Z   skip: /home/runner/work/vibe-fs/vibe-fs/requirements/requirement-grounding/tests/006.test.mjs:WHAT[requirement-grounding-006] actual pinned native read output cannot honestly establish complete original file bytes — integration tier not enabled
check	Run verification	2026-10-05T13:34:05.1278867Z   skip: /home/runner/work/vibe-fs/vibe-fs/requirements/requirement-grounding/tests/007.test.mjs:WHAT[requirement-grounding-007] compiled production owners preserve original material through the pinned Host actual provider serialization — integration tier not enabled
check	Run verification	2026-10-05T13:34:05.1280647Z   todo: /home/runner/work/vibe-fs/vibe-fs/requirements/semantic-trace/tests/005.test.mjs:WHAT[semantic-trace-005] independently compile a consumer and reject access to opaque trace state, cursor and append refs; GAP-101 — reason not supplied
check	Run verification	2026-10-05T13:34:05.1283469Z   todo: /home/runner/work/vibe-fs/vibe-fs/requirements/semantic-trace/tests/007.test.mjs:WHAT[semantic-trace-007] actual Y, prefix, WorkRecord and Casebook consumers share the same bounded durable history and exclude request presentation; GAP-101 — reason not supplied
check	Run verification	2026-10-05T13:34:05.1285239Z   todo: /home/runner/work/vibe-fs/vibe-fs/requirements/semantic-trace/tests/008.test.mjs:WHAT[semantic-trace-008] actual speculative candidate rejection and failed prefix probe leave durable XTrace unchanged; GAP-101 — reason not supplied
check	Run verification	2026-10-05T13:34:05.1287161Z   todo: /home/runner/work/vibe-fs/vibe-fs/requirements/semantic-trace/tests/009.test.mjs:WHAT[semantic-trace-009] actual Host compaction and durable reanchor preserve opening, all parts and WorkRecord cursor while resetting prefix coverage; GAP-101 — reason not supplied
check	Run verification	2026-10-05T13:34:05.1289008Z   todo: /home/runner/work/vibe-fs/vibe-fs/requirements/semantic-trace/tests/011.test.mjs:WHAT[semantic-trace-011] actual Fission lanes converge independently of arrival order with causal ownership and one consumable terminal frontier; GAP-101 — reason not supplied
check	Run verification	2026-10-05T13:34:05.1290934Z   todo: /home/runner/work/vibe-fs/vibe-fs/requirements/semantic-trace/tests/012.test.mjs:WHAT[semantic-trace-012] actual repeated Resume on one physical session yields isolated invocation ranges used by WorkRecord and Casebook; GAP-101 — reason not supplied
check	Run verification	2026-10-05T13:34:05.1292833Z   todo: /home/runner/work/vibe-fs/vibe-fs/requirements/session-ontology/tests/011.test.mjs:WHAT[session-ontology-011] replica runtime must prove one active replica per owner, disposal and no transcript reuse; a literal satellite-kind list proves none of these — reason not supplied
check	Run verification	2026-10-05T13:34:05.1294820Z   todo: /home/runner/work/vibe-fs/vibe-fs/requirements/session-ontology/tests/014.test.mjs:WHAT[session-ontology-014] flat topology and legal role boundaries need production evidence after their scope is resolved; a literal Companion-only list is not that evidence — reason not supplied
check	Run verification	2026-10-05T13:34:05.1296891Z   todo: /home/runner/work/vibe-fs/vibe-fs/requirements/speculative-investigation/tests/001.test.mjs:WHAT[speculative-investigation-001] GAP-183: compare actual Work execution with optimization absent, Off, fused and K0 across provider bytes, permissions, retry and finality — reason not supplied
check	Run verification	2026-10-05T13:34:05.1298881Z   skip: /home/runner/work/vibe-fs/vibe-fs/requirements/speculative-investigation/tests/008.test.mjs:WHAT[speculative-investigation-008] STRENGTH_INTEGRATION_Authorization_Bound_Prepared_consumption_Promoted_restart_replay_Traced — integration tier not enabled
check	Run verification	2026-10-05T13:34:05.1300750Z   todo: /home/runner/work/vibe-fs/vibe-fs/requirements/sphinx-v2/tests/001.test.mjs:WHAT[sphinx-v2-001] the actual command boundary accepts only user-authorized goal amendments and invalidates dependent estimates without deleting observations — reason not supplied
check	Run verification	2026-10-05T13:34:05.1302685Z   todo: /home/runner/work/vibe-fs/vibe-fs/requirements/sphinx-v2/tests/004.test.mjs:WHAT[sphinx-v2-004] actual durable reservations survive unresolved usage and settle cancellation duplicate calls and observed overrun exactly once — reason not supplied
check	Run verification	2026-10-05T13:34:05.1304635Z   todo: /home/runner/work/vibe-fs/vibe-fs/requirements/sphinx-v2/tests/010.test.mjs:WHAT[sphinx-v2-010] actual durable append failure prevents Host dispatch and receipt-loss recovery reconciles the same intent without creating a second child — reason not supplied
check	Run verification	2026-10-05T13:34:05.1306525Z   todo: /home/runner/work/vibe-fs/vibe-fs/requirements/sphinx-v2/tests/011.test.mjs:WHAT[sphinx-v2-011] the actual runtime returns the same receipt for exact result replay and rejects same work attempt fence with changed payload before stale revision checks — reason not supplied
check	Run verification	2026-10-05T13:34:05.1308342Z   todo: /home/runner/work/vibe-fs/vibe-fs/requirements/sphinx-v2/tests/012.test.mjs:WHAT[sphinx-v2-012] out-of-order results in one round use local work attempt fence ticket and scope while control commands enforce expectedRevision — reason not supplied
check	Run verification	2026-10-05T13:34:05.1310053Z   todo: /home/runner/work/vibe-fs/vibe-fs/requirements/sphinx-v2/tests/013.test.mjs:WHAT[sphinx-v2-013] real Agenda refuses unsatisfied or failed prerequisites including a parent merely selected in the same concurrent batch — reason not supplied
check	Run verification	2026-10-05T13:34:05.1311767Z   todo: /home/runner/work/vibe-fs/vibe-fs/requirements/sphinx-v2/tests/017.test.mjs:WHAT[sphinx-v2-017] runtime completion requires an accepted renderer result and durable AnswerCommitted — reason not supplied
check	Run verification	2026-10-05T13:34:05.1313485Z   skip: /home/runner/work/vibe-fs/vibe-fs/requirements/speculative-investigation/tests/013.test.mjs:WHAT[speculative-investigation-013] SPEC_INV_013_configured_predictor_decorates_builtin_tools_on_real_host — integration tier not enabled
check	Run verification	2026-10-05T13:34:05.1315193Z   skip: /home/runner/work/vibe-fs/vibe-fs/requirements/speculative-investigation/tests/013.test.mjs:WHAT[speculative-investigation-013] resident_manager_predictor_keeps_each_budget_and_readonly_boundary — integration tier not enabled
check	Run verification	2026-10-05T13:34:05.1316918Z   todo: /home/runner/work/vibe-fs/vibe-fs/requirements/sphinx-v2/tests/021.test.mjs:WHAT[sphinx-v2-021] actual two-transaction recovery preserves accepted raw responses and retries only pure interpretation after plugin failure — reason not supplied
check	Run verification	2026-10-05T13:34:05.1318746Z   todo: /home/runner/work/vibe-fs/vibe-fs/requirements/sphinx-v2/tests/022.test.mjs:WHAT[sphinx-v2-022] real probe protocol persists the before and after visible inputs and distinguishes measurement from intervention without claiming improvement — reason not supplied
check	Run verification	2026-10-05T13:34:05.1321181Z   todo: /home/runner/work/vibe-fs/vibe-fs/requirements/sphinx-v2/tests/026.test.mjs:WHAT[sphinx-v2-026] runtime certificate propagation never upgrades model posterior or adaptive samples into external correctness or deterministic bounds (GAP-219: runtime wiring pending — the wire-decoding distinctness test above does not prove cross-operator propagation) — reason not supplied
check	Run verification	2026-10-05T13:34:05.1322495Z   todo: /home/runner/work/vibe-fs/vibe-fs/requirements/sphinx-v2/tests/034.test.mjs:WHAT[sphinx-v2-034] actual Host receipts bind work identity and cancel awaits real child resource termination while late results cannot enter semantic state — reason not supplied
check	Run verification	2026-10-05T13:34:05.1323546Z   todo: /home/runner/work/vibe-fs/vibe-fs/requirements/structured-workflow/tests/003.test.mjs:WHAT[structured-workflow-003] actual retirement recovery re-enters its workflow from durable facts without a saved continuation address — reason not supplied
check	Run verification	2026-10-05T13:34:05.1324612Z   todo: /home/runner/work/vibe-fs/vibe-fs/requirements/sphinx-v2/tests/036.test.mjs:WHAT[sphinx-v2-036] registered writable MCP tools drive durable creation, work claim, result admission and authorized goal amendment through the single runtime — reason not supplied
check	Run verification	2026-10-05T13:34:05.1325771Z   todo: /home/runner/work/vibe-fs/vibe-fs/requirements/sphinx-v2/tests/036.test.mjs:WHAT[sphinx-v2-036] status/export over real stdio read an existing inquiry without creating leases, calling models or changing business state; receipts and dispatch observers need positive controls — reason not supplied
check	Run verification	2026-10-05T13:34:05.1326986Z   todo: /home/runner/work/vibe-fs/vibe-fs/requirements/structured-workflow/tests/006.test.mjs:WHAT[structured-workflow-006] actual retirement freezes admissions and drains resources before completing its owning workflow — reason not supplied
check	Run verification	2026-10-05T13:34:05.1328032Z   skip: /home/runner/work/vibe-fs/vibe-fs/requirements/structured-workflow/tests/012.test.mjs:WHAT[structured-workflow-012] Mac nested mounted output resets under immutable input and cleanup preserves the original callback failure — integration tier not enabled
check	Run verification	2026-10-05T13:34:05.1329074Z   skip: /home/runner/work/vibe-fs/vibe-fs/requirements/structured-workflow/tests/012.test.mjs:WHAT[structured-workflow-012] real Fable compiles a focused Controller change with its declared SessionHostPort contracts — integration tier not enabled
check	Run verification	2026-10-05T13:34:05.1330053Z   skip: /home/runner/work/vibe-fs/vibe-fs/requirements/structured-workflow/tests/012.test.mjs:WHAT[structured-workflow-012] compile-impact CLI compiles a focused production implementation change — integration tier not enabled
check	Run verification	2026-10-05T13:34:05.1331117Z   skip: /home/runner/work/vibe-fs/vibe-fs/requirements/structured-workflow/tests/012.test.mjs:WHAT[structured-workflow-012] switching focused closures in one output directory emits the newly selected module — integration tier not enabled
check	Run verification	2026-10-05T13:34:05.1332224Z   skip: /home/runner/work/vibe-fs/vibe-fs/requirements/structured-workflow/tests/012.test.mjs:WHAT[structured-workflow-012] compile-impact CLI emits fresh output into a scratch output dir and never writes a success manifest — integration tier not enabled
check	Run verification	2026-10-05T13:34:05.1333201Z   skip: /home/runner/work/vibe-fs/vibe-fs/requirements/structured-workflow/tests/012.test.mjs:WHAT[structured-workflow-012] compile-impact CLI re-emits reverse consumers for inline body changes — integration tier not enabled
check	Run verification	2026-10-05T13:34:05.1334077Z   skip: /home/runner/work/vibe-fs/vibe-fs/requirements/structured-workflow/tests/012.test.mjs:WHAT[structured-workflow-012] deleting a source purges its stale JS from dist — integration tier not enabled
check	Run verification	2026-10-05T13:34:05.1334960Z   skip: /home/runner/work/vibe-fs/vibe-fs/requirements/structured-workflow/tests/012.test.mjs:WHAT[structured-workflow-012] independent Fable checks enforce compile-shard input boundaries — integration tier not enabled
check	Run verification	2026-10-05T13:34:05.1336013Z   todo: /home/runner/work/vibe-fs/vibe-fs/requirements/structured-workflow/tests/018.test.mjs:WHAT[structured-workflow-018] actual workflow admission and settlement require real registered behavior proofs; test-local tables and simulators do not establish them — reason not supplied
check	Run verification	2026-10-05T13:34:05.1337106Z   skip: /home/runner/work/vibe-fs/vibe-fs/requirements/structured-workflow/tests/012.test.mjs:WHAT[structured-workflow-012] build failure preserves prior valid manifest and does not delete it (integration: compiler failure) — integration tier not enabled
check	Run verification	2026-10-05T13:34:05.1338131Z   skip: /home/runner/work/vibe-fs/vibe-fs/requirements/structured-workflow/tests/012.test.mjs:WHAT[structured-workflow-012] flat closure compilation compiles transitive closure green and keeps unreferenced sources red — integration tier not enabled
check	Run verification	2026-10-05T13:34:05.1339096Z   todo: /home/runner/work/vibe-fs/vibe-fs/requirements/time-capability/tests/007.test.mjs:WHAT[time-capability-007] first actual prompt samples and durably binds the injected clock before later prompts — reason not supplied
check	Run verification	2026-10-05T13:34:05.1340016Z   todo: /home/runner/work/vibe-fs/vibe-fs/requirements/time-capability/tests/007.test.mjs:WHAT[time-capability-007] a restarted session reuses its origin and replays stored marker bytes without resampling — reason not supplied
check	Run verification	2026-10-05T13:34:05.1341074Z   todo: /home/runner/work/vibe-fs/vibe-fs/requirements/time-capability/tests/008.test.mjs:WHAT[time-capability-008] actual compilation rejects implementation access from pure consumers and runtime requires injected time capabilities — reason not supplied
check	Run verification	2026-10-05T13:34:05.1342092Z   skip: /home/runner/work/vibe-fs/vibe-fs/requirements/verification-system/tests/014.test.mjs:WHAT[verification-system-014] Long Stroke 真实物理验收环境 — release tier not enabled
check	Run verification	2026-10-05T13:34:05.1343189Z   skip: /home/runner/work/vibe-fs/vibe-fs/requirements/verification-system/tests/016.test.mjs:WHAT[verification-system-016] a real readonly mount protects original role paths and rejects foreign or expired view capabilities — integration tier not enabled
check	Run verification	2026-10-05T13:34:05.1344335Z   skip: /home/runner/work/vibe-fs/vibe-fs/requirements/verification-system/tests/016.test.mjs:WHAT[verification-system-016] an early Error action failure drains its actual Node consumer before readonly device recovery — integration tier not enabled
check	Run verification	2026-10-05T13:34:05.1345379Z   skip: /home/runner/work/vibe-fs/vibe-fs/requirements/verification-system/tests/016.test.mjs:WHAT[verification-system-016] actual readonly mount cleanup preserves Error operation failure and restores every original directory — integration tier not enabled
check	Run verification	2026-10-05T13:34:05.1346439Z   skip: /home/runner/work/vibe-fs/vibe-fs/requirements/verification-system/tests/016.test.mjs:WHAT[verification-system-016] cancellation of an attached readonly scope preserves Error and removes only its owned image — integration tier not enabled
check	Run verification	2026-10-05T13:34:05.1347454Z   skip: /home/runner/work/vibe-fs/vibe-fs/requirements/verification-system/tests/016.test.mjs:WHAT[verification-system-016] an early null action failure drains its actual Node consumer before readonly device recovery — integration tier not enabled
check	Run verification	2026-10-05T13:34:05.1348489Z   skip: /home/runner/work/vibe-fs/vibe-fs/requirements/verification-system/tests/016.test.mjs:WHAT[verification-system-016] actual readonly mount cleanup preserves null operation failure and restores every original directory — integration tier not enabled
check	Run verification	2026-10-05T13:34:05.1349516Z   skip: /home/runner/work/vibe-fs/vibe-fs/requirements/verification-system/tests/016.test.mjs:WHAT[verification-system-016] cancellation of an attached readonly scope preserves null and removes only its owned image — integration tier not enabled
check	Run verification	2026-10-05T13:34:05.1350574Z   skip: /home/runner/work/vibe-fs/vibe-fs/requirements/verification-system/tests/016.test.mjs:WHAT[verification-system-016] a successful action omitting await drains and rejects its actual Node consumer before readonly device recovery — integration tier not enabled
check	Run verification	2026-10-05T13:34:05.1351887Z   todo: /home/runner/work/vibe-fs/vibe-fs/requirements/work-record/tests/004.test.mjs:WHAT[work-record-004] a frame spanning two invocations cannot leak the earlier work into the later bounded record — GAP-111: straddling Y frame leaks earlier work; decide exact bounded representation without contradicting coverage semantics
check	Run verification	2026-10-05T13:34:05.1353206Z   todo: /home/runner/work/vibe-fs/vibe-fs/requirements/work-record/tests/008.test.mjs:WHAT[work-record-008] actual committed Opening is materialized from its complete original XTrace interval, including accepted planning and clarifications; separate opening fields alone do not prove provenance; GAP-109 — reason not supplied
check	Run verification	2026-10-05T13:34:05.1354700Z   todo: /home/runner/work/vibe-fs/vibe-fs/requirements/work-record/tests/009.test.mjs:WHAT[work-record-009] GAP-109 contract adaptation: reconcile the original BlindPlan T1 interval with context-compression-017/028 before claiming an actual Opening freeze; the first todowrite checkpoint is not automatically an Opening boundary — reason not supplied
check	Run verification	2026-10-05T13:34:05.1364749Z   todo: /home/runner/work/vibe-fs/vibe-fs/requirements/work-record/tests/010.test.mjs:WHAT[work-record-010] actual inspect and fork/join return the same bounded record for the same invocation facts; materializer determinism alone does not prove both consumers; GAP-109 — reason not supplied
check	Run verification	2026-10-05T13:34:05.1366147Z   todo: /home/runner/work/vibe-fs/vibe-fs/requirements/work-record/tests/017.test.mjs:WHAT[work-record-017] actual Engineer Fission converges lane facts into one invocation record and does not expose unfinished fragments; removed Surface merely printed takeover text and ignored lanes; GAP-109 — reason not supplied
check	Run verification	2026-10-05T13:34:05.1367422Z   skip: /home/runner/work/vibe-fs/vibe-fs/requirements/verification-system/tests/016.test.mjs:WHAT[verification-system-016] a selected wrapper cannot borrow SDK Base Path or runtimes from a live installation — No explicitly selected live SDK is available for this physical provenance counterexample
check	Run verification	2026-10-05T13:34:05.1368696Z   skip: /home/runner/work/vibe-fs/vibe-fs/requirements/verification-system/tests/016.test.mjs:WHAT[verification-system-016] exact repository Git inputs install through a selected npm 11.12.1 bundle and real JavaScript consumers — integration tier not enabled
check	Run verification	2026-10-05T13:34:05.1369760Z   skip: /home/runner/work/vibe-fs/vibe-fs/requirements/verification-system/tests/016.test.mjs:WHAT[verification-system-016] a complete selected SDK archive resolves the captured repository global.json and reclaims its owned roots — integration tier not enabled
check	Run verification	2026-10-05T13:34:05.1370928Z   skip: /home/runner/work/vibe-fs/vibe-fs/requirements/verification-system/tests/016.test.mjs:WHAT[verification-system-016] selected complete SDK restores original repository local tools from explicitly identified NuGet archives — integration tier not enabled
check	Run verification	2026-10-05T13:34:05.1372066Z   skip: /home/runner/work/vibe-fs/vibe-fs/requirements/verification-system/tests/016.test.mjs:WHAT[verification-system-016] selected complete Git source and SDK restore the original foundation identity project through a fresh-cache locked NuGet graph — integration tier not enabled
check	Run verification	2026-10-05T13:34:05.1373198Z   skip: /home/runner/work/vibe-fs/vibe-fs/requirements/verification-system/tests/016.test.mjs:WHAT[verification-system-016] four selected input owners compile the original foundation identity project with Fable into isolated outputs — integration tier not enabled
check	Run verification	2026-10-05T13:34:05.1374261Z   skip: /home/runner/work/vibe-fs/vibe-fs/requirements/verification-system/tests/016.test.mjs:WHAT[verification-system-016] mac readonly views protect actual original-project Fable inputs and restore all prepared owners — integration tier not enabled
check	Run verification	2026-10-05T13:34:05.1375261Z   todo: /home/runner/work/vibe-fs/vibe-fs/requirements/verification-system/tests/016.test.mjs:WHAT[verification-system-016] the actual verification run binds its evidence to the same immutable candidate snapshot — reason not supplied
check	Run verification	2026-10-05T13:34:05.1376412Z   todo: /home/runner/work/vibe-fs/vibe-fs/requirements/verification-system/tests/016.test.mjs:WHAT[verification-system-016] a mutation restored within one step still invalidates the run — D2: fixed isolated inputs selected; current runner still uses mutable inputs and step-boundary hashes miss this counterexample
check	Run verification	2026-10-05T13:34:05.1377267Z runner: post-exit group verification/reclamation: pid=2832; elapsedMs=7.837; accepted=true
check	Run verification	2026-10-05T13:34:05.1377638Z runner: 5003 test(s), 426.1s of test time; max 21571ms, p90 141ms, median 3ms
check	Run verification	2026-10-05T13:34:05.1378160Z runner:   21571ms  WHAT[verification-system-016] npm tool archive installation owns selected complete tools and locked dependencies through publication
check	Run verification	2026-10-05T13:34:05.1378929Z runner:   17938ms  WHAT[verification-system-016] selected Node and complete npm bundle preparation binds actual probes without borrowing ambient configuration
check	Run verification	2026-10-05T13:34:05.1379495Z runner:    7883ms  WHAT[context-compression-024] scheduled promise order cannot move B terminal or capacity
check	Run verification	2026-10-05T13:34:05.1380104Z runner:    5033ms  WHAT[requirement-grounding-012] separate registered producer and restarted processes replay inline occurrence bytes at their original anchors
check	Run verification	2026-10-05T13:34:05.1380724Z runner:    4140ms  WHAT[capability-enforcement-021] generated duplicate and interleaved repair observations preserve bounded effects
check	Run verification	2026-10-05T13:34:05.1381084Z 
check	Run verification	2026-10-05T13:34:05.1381237Z runner: 4496 passed, 1 failed; 820/820 planned file(s) completed
check	Run verification	2026-10-05T13:34:05.1381494Z Error: runner: supervised suite failed (exit 1)
check	Run verification	2026-10-05T13:34:05.1381881Z     at fail (file:///home/runner/work/vibe-fs/vibe-fs/requirements/verification-system/tests/e2e/support/supervise-node-test.mjs:221:25)
check	Run verification	2026-10-05T13:34:05.1382445Z     at superviseOwnedNodeTest (file:///home/runner/work/vibe-fs/vibe-fs/requirements/verification-system/tests/e2e/support/supervise-node-test.mjs:400:19)
check	Run verification	2026-10-05T13:34:05.1382986Z     at process.processTicksAndRejections (node:internal/process/task_queues:103:5)
check	Run verification	2026-10-05T13:34:05.1383463Z     at async superviseNodeTest (file:///home/runner/work/vibe-fs/vibe-fs/requirements/verification-system/tests/e2e/support/supervise-node-test.mjs:199:14)
check	Run verification	2026-10-05T13:34:05.1383959Z     at async file:///home/runner/work/vibe-fs/vibe-fs/requirements/verification-system/tests/run.mjs:94:1 {
check	Run verification	2026-10-05T13:34:05.1384234Z   exitCode: 1
check	Run verification	2026-10-05T13:34:05.1384359Z }
check	Run verification	2026-10-05T13:34:05.1384424Z 
check	Run verification	2026-10-05T13:34:05.1384607Z --- [unit] 错误诊断日志转储 (最后 60 行) ---
check	Run verification	2026-10-05T13:34:05.1385594Z   todo: /home/runner/work/vibe-fs/vibe-fs/requirements/sphinx-v2/tests/026.test.mjs:WHAT[sphinx-v2-026] runtime certificate propagation never upgrades model posterior or adaptive samples into external correctness or deterministic bounds (GAP-219: runtime wiring pending — the wire-decoding distinctness test above does not prove cross-operator propagation) — reason not supplied
check	Run verification	2026-10-05T13:34:05.1386887Z   todo: /home/runner/work/vibe-fs/vibe-fs/requirements/sphinx-v2/tests/034.test.mjs:WHAT[sphinx-v2-034] actual Host receipts bind work identity and cancel awaits real child resource termination while late results cannot enter semantic state — reason not supplied
check	Run verification	2026-10-05T13:34:05.1387953Z   todo: /home/runner/work/vibe-fs/vibe-fs/requirements/structured-workflow/tests/003.test.mjs:WHAT[structured-workflow-003] actual retirement recovery re-enters its workflow from durable facts without a saved continuation address — reason not supplied
check	Run verification	2026-10-05T13:34:05.1389029Z   todo: /home/runner/work/vibe-fs/vibe-fs/requirements/sphinx-v2/tests/036.test.mjs:WHAT[sphinx-v2-036] registered writable MCP tools drive durable creation, work claim, result admission and authorized goal amendment through the single runtime — reason not supplied
check	Run verification	2026-10-05T13:34:05.1390206Z   todo: /home/runner/work/vibe-fs/vibe-fs/requirements/sphinx-v2/tests/036.test.mjs:WHAT[sphinx-v2-036] status/export over real stdio read an existing inquiry without creating leases, calling models or changing business state; receipts and dispatch observers need positive controls — reason not supplied
check	Run verification	2026-10-05T13:34:05.1391393Z   todo: /home/runner/work/vibe-fs/vibe-fs/requirements/structured-workflow/tests/006.test.mjs:WHAT[structured-workflow-006] actual retirement freezes admissions and drains resources before completing its owning workflow — reason not supplied
check	Run verification	2026-10-05T13:34:05.1392443Z   skip: /home/runner/work/vibe-fs/vibe-fs/requirements/structured-workflow/tests/012.test.mjs:WHAT[structured-workflow-012] Mac nested mounted output resets under immutable input and cleanup preserves the original callback failure — integration tier not enabled
check	Run verification	2026-10-05T13:34:05.1393584Z   skip: /home/runner/work/vibe-fs/vibe-fs/requirements/structured-workflow/tests/012.test.mjs:WHAT[structured-workflow-012] real Fable compiles a focused Controller change with its declared SessionHostPort contracts — integration tier not enabled
check	Run verification	2026-10-05T13:34:05.1394574Z   skip: /home/runner/work/vibe-fs/vibe-fs/requirements/structured-workflow/tests/012.test.mjs:WHAT[structured-workflow-012] compile-impact CLI compiles a focused production implementation change — integration tier not enabled
check	Run verification	2026-10-05T13:34:05.1395546Z   skip: /home/runner/work/vibe-fs/vibe-fs/requirements/structured-workflow/tests/012.test.mjs:WHAT[structured-workflow-012] switching focused closures in one output directory emits the newly selected module — integration tier not enabled
check	Run verification	2026-10-05T13:34:05.1396563Z   skip: /home/runner/work/vibe-fs/vibe-fs/requirements/structured-workflow/tests/012.test.mjs:WHAT[structured-workflow-012] compile-impact CLI emits fresh output into a scratch output dir and never writes a success manifest — integration tier not enabled
check	Run verification	2026-10-05T13:34:05.1397556Z   skip: /home/runner/work/vibe-fs/vibe-fs/requirements/structured-workflow/tests/012.test.mjs:WHAT[structured-workflow-012] compile-impact CLI re-emits reverse consumers for inline body changes — integration tier not enabled
check	Run verification	2026-10-05T13:34:05.1398544Z   skip: /home/runner/work/vibe-fs/vibe-fs/requirements/structured-workflow/tests/012.test.mjs:WHAT[structured-workflow-012] deleting a source purges its stale JS from dist — integration tier not enabled
check	Run verification	2026-10-05T13:34:05.1399435Z   skip: /home/runner/work/vibe-fs/vibe-fs/requirements/structured-workflow/tests/012.test.mjs:WHAT[structured-workflow-012] independent Fable checks enforce compile-shard input boundaries — integration tier not enabled
check	Run verification	2026-10-05T13:34:05.1400501Z   todo: /home/runner/work/vibe-fs/vibe-fs/requirements/structured-workflow/tests/018.test.mjs:WHAT[structured-workflow-018] actual workflow admission and settlement require real registered behavior proofs; test-local tables and simulators do not establish them — reason not supplied
check	Run verification	2026-10-05T13:34:05.1401673Z   skip: /home/runner/work/vibe-fs/vibe-fs/requirements/structured-workflow/tests/012.test.mjs:WHAT[structured-workflow-012] build failure preserves prior valid manifest and does not delete it (integration: compiler failure) — integration tier not enabled
check	Run verification	2026-10-05T13:34:05.1402715Z   skip: /home/runner/work/vibe-fs/vibe-fs/requirements/structured-workflow/tests/012.test.mjs:WHAT[structured-workflow-012] flat closure compilation compiles transitive closure green and keeps unreferenced sources red — integration tier not enabled
check	Run verification	2026-10-05T13:34:05.1403688Z   todo: /home/runner/work/vibe-fs/vibe-fs/requirements/time-capability/tests/007.test.mjs:WHAT[time-capability-007] first actual prompt samples and durably binds the injected clock before later prompts — reason not supplied
check	Run verification	2026-10-05T13:34:05.1404611Z   todo: /home/runner/work/vibe-fs/vibe-fs/requirements/time-capability/tests/007.test.mjs:WHAT[time-capability-007] a restarted session reuses its origin and replays stored marker bytes without resampling — reason not supplied
check	Run verification	2026-10-05T13:34:05.1405617Z   todo: /home/runner/work/vibe-fs/vibe-fs/requirements/time-capability/tests/008.test.mjs:WHAT[time-capability-008] actual compilation rejects implementation access from pure consumers and runtime requires injected time capabilities — reason not supplied
check	Run verification	2026-10-05T13:34:05.1406506Z   skip: /home/runner/work/vibe-fs/vibe-fs/requirements/verification-system/tests/014.test.mjs:WHAT[verification-system-014] Long Stroke 真实物理验收环境 — release tier not enabled
check	Run verification	2026-10-05T13:34:05.1407418Z   skip: /home/runner/work/vibe-fs/vibe-fs/requirements/verification-system/tests/016.test.mjs:WHAT[verification-system-016] a real readonly mount protects original role paths and rejects foreign or expired view capabilities — integration tier not enabled
check	Run verification	2026-10-05T13:34:05.1408445Z   skip: /home/runner/work/vibe-fs/vibe-fs/requirements/verification-system/tests/016.test.mjs:WHAT[verification-system-016] an early Error action failure drains its actual Node consumer before readonly device recovery — integration tier not enabled
check	Run verification	2026-10-05T13:34:05.1409582Z   skip: /home/runner/work/vibe-fs/vibe-fs/requirements/verification-system/tests/016.test.mjs:WHAT[verification-system-016] actual readonly mount cleanup preserves Error operation failure and restores every original directory — integration tier not enabled
check	Run verification	2026-10-05T13:34:05.1410622Z   skip: /home/runner/work/vibe-fs/vibe-fs/requirements/verification-system/tests/016.test.mjs:WHAT[verification-system-016] cancellation of an attached readonly scope preserves Error and removes only its owned image — integration tier not enabled
check	Run verification	2026-10-05T13:34:05.1411717Z   skip: /home/runner/work/vibe-fs/vibe-fs/requirements/verification-system/tests/016.test.mjs:WHAT[verification-system-016] an early null action failure drains its actual Node consumer before readonly device recovery — integration tier not enabled
check	Run verification	2026-10-05T13:34:05.1412758Z   skip: /home/runner/work/vibe-fs/vibe-fs/requirements/verification-system/tests/016.test.mjs:WHAT[verification-system-016] actual readonly mount cleanup preserves null operation failure and restores every original directory — integration tier not enabled
check	Run verification	2026-10-05T13:34:05.1413935Z   skip: /home/runner/work/vibe-fs/vibe-fs/requirements/verification-system/tests/016.test.mjs:WHAT[verification-system-016] cancellation of an attached readonly scope preserves null and removes only its owned image — integration tier not enabled
check	Run verification	2026-10-05T13:34:05.1415220Z   skip: /home/runner/work/vibe-fs/vibe-fs/requirements/verification-system/tests/016.test.mjs:WHAT[verification-system-016] a successful action omitting await drains and rejects its actual Node consumer before readonly device recovery — integration tier not enabled
check	Run verification	2026-10-05T13:34:05.1416448Z   todo: /home/runner/work/vibe-fs/vibe-fs/requirements/work-record/tests/004.test.mjs:WHAT[work-record-004] a frame spanning two invocations cannot leak the earlier work into the later bounded record — GAP-111: straddling Y frame leaks earlier work; decide exact bounded representation without contradicting coverage semantics
check	Run verification	2026-10-05T13:34:05.1417772Z   todo: /home/runner/work/vibe-fs/vibe-fs/requirements/work-record/tests/008.test.mjs:WHAT[work-record-008] actual committed Opening is materialized from its complete original XTrace interval, including accepted planning and clarifications; separate opening fields alone do not prove provenance; GAP-109 — reason not supplied
check	Run verification	2026-10-05T13:34:05.1419172Z   todo: /home/runner/work/vibe-fs/vibe-fs/requirements/work-record/tests/009.test.mjs:WHAT[work-record-009] GAP-109 contract adaptation: reconcile the original BlindPlan T1 interval with context-compression-017/028 before claiming an actual Opening freeze; the first todowrite checkpoint is not automatically an Opening boundary — reason not supplied
check	Run verification	2026-10-05T13:34:05.1420456Z   todo: /home/runner/work/vibe-fs/vibe-fs/requirements/work-record/tests/010.test.mjs:WHAT[work-record-010] actual inspect and fork/join return the same bounded record for the same invocation facts; materializer determinism alone does not prove both consumers; GAP-109 — reason not supplied
check	Run verification	2026-10-05T13:34:05.1421771Z   todo: /home/runner/work/vibe-fs/vibe-fs/requirements/work-record/tests/017.test.mjs:WHAT[work-record-017] actual Engineer Fission converges lane facts into one invocation record and does not expose unfinished fragments; removed Surface merely printed takeover text and ignored lanes; GAP-109 — reason not supplied
check	Run verification	2026-10-05T13:34:05.1423034Z   skip: /home/runner/work/vibe-fs/vibe-fs/requirements/verification-system/tests/016.test.mjs:WHAT[verification-system-016] a selected wrapper cannot borrow SDK Base Path or runtimes from a live installation — No explicitly selected live SDK is available for this physical provenance counterexample
check	Run verification	2026-10-05T13:34:05.1424164Z   skip: /home/runner/work/vibe-fs/vibe-fs/requirements/verification-system/tests/016.test.mjs:WHAT[verification-system-016] exact repository Git inputs install through a selected npm 11.12.1 bundle and real JavaScript consumers — integration tier not enabled
check	Run verification	2026-10-05T13:34:05.1425334Z   skip: /home/runner/work/vibe-fs/vibe-fs/requirements/verification-system/tests/016.test.mjs:WHAT[verification-system-016] a complete selected SDK archive resolves the captured repository global.json and reclaims its owned roots — integration tier not enabled
check	Run verification	2026-10-05T13:34:05.1426415Z   skip: /home/runner/work/vibe-fs/vibe-fs/requirements/verification-system/tests/016.test.mjs:WHAT[verification-system-016] selected complete SDK restores original repository local tools from explicitly identified NuGet archives — integration tier not enabled
check	Run verification	2026-10-05T13:34:05.1427547Z   skip: /home/runner/work/vibe-fs/vibe-fs/requirements/verification-system/tests/016.test.mjs:WHAT[verification-system-016] selected complete Git source and SDK restore the original foundation identity project through a fresh-cache locked NuGet graph — integration tier not enabled
check	Run verification	2026-10-05T13:34:05.1428674Z   skip: /home/runner/work/vibe-fs/vibe-fs/requirements/verification-system/tests/016.test.mjs:WHAT[verification-system-016] four selected input owners compile the original foundation identity project with Fable into isolated outputs — integration tier not enabled
check	Run verification	2026-10-05T13:34:05.1429832Z   skip: /home/runner/work/vibe-fs/vibe-fs/requirements/verification-system/tests/016.test.mjs:WHAT[verification-system-016] mac readonly views protect actual original-project Fable inputs and restore all prepared owners — integration tier not enabled
check	Run verification	2026-10-05T13:34:05.1430897Z   todo: /home/runner/work/vibe-fs/vibe-fs/requirements/verification-system/tests/016.test.mjs:WHAT[verification-system-016] the actual verification run binds its evidence to the same immutable candidate snapshot — reason not supplied
check	Run verification	2026-10-05T13:34:05.1432041Z   todo: /home/runner/work/vibe-fs/vibe-fs/requirements/verification-system/tests/016.test.mjs:WHAT[verification-system-016] a mutation restored within one step still invalidates the run — D2: fixed isolated inputs selected; current runner still uses mutable inputs and step-boundary hashes miss this counterexample
check	Run verification	2026-10-05T13:34:05.1432830Z runner: post-exit group verification/reclamation: pid=2832; elapsedMs=7.837; accepted=true
check	Run verification	2026-10-05T13:34:05.1433201Z runner: 5003 test(s), 426.1s of test time; max 21571ms, p90 141ms, median 3ms
check	Run verification	2026-10-05T13:34:05.1433719Z runner:   21571ms  WHAT[verification-system-016] npm tool archive installation owns selected complete tools and locked dependencies through publication
check	Run verification	2026-10-05T13:34:05.1434391Z runner:   17938ms  WHAT[verification-system-016] selected Node and complete npm bundle preparation binds actual probes without borrowing ambient configuration
check	Run verification	2026-10-05T13:34:05.1434944Z runner:    7883ms  WHAT[context-compression-024] scheduled promise order cannot move B terminal or capacity
check	Run verification	2026-10-05T13:34:05.1435544Z runner:    5033ms  WHAT[requirement-grounding-012] separate registered producer and restarted processes replay inline occurrence bytes at their original anchors
check	Run verification	2026-10-05T13:34:05.1436167Z runner:    4140ms  WHAT[capability-enforcement-021] generated duplicate and interleaved repair observations preserve bounded effects
check	Run verification	2026-10-05T13:34:05.1436435Z 
check	Run verification	2026-10-05T13:34:05.1436579Z runner: 4496 passed, 1 failed; 820/820 planned file(s) completed
check	Run verification	2026-10-05T13:34:05.1436835Z Error: runner: supervised suite failed (exit 1)
check	Run verification	2026-10-05T13:34:05.1437215Z     at fail (file:///home/runner/work/vibe-fs/vibe-fs/requirements/verification-system/tests/e2e/support/supervise-node-test.mjs:221:25)
check	Run verification	2026-10-05T13:34:05.1437776Z     at superviseOwnedNodeTest (file:///home/runner/work/vibe-fs/vibe-fs/requirements/verification-system/tests/e2e/support/supervise-node-test.mjs:400:19)
check	Run verification	2026-10-05T13:34:05.1438231Z     at process.processTicksAndRejections (node:internal/process/task_queues:103:5)
check	Run verification	2026-10-05T13:34:05.1438701Z     at async superviseNodeTest (file:///home/runner/work/vibe-fs/vibe-fs/requirements/verification-system/tests/e2e/support/supervise-node-test.mjs:199:14)
check	Run verification	2026-10-05T13:34:05.1439287Z     at async file:///home/runner/work/vibe-fs/vibe-fs/requirements/verification-system/tests/run.mjs:94:1 {
check	Run verification	2026-10-05T13:34:05.1439548Z   exitCode: 1
check	Run verification	2026-10-05T13:34:05.1439663Z }
check	Run verification	2026-10-05T13:34:05.1439962Z --- [unit] 完整日志见: .fable-build/verify-logs/2026-10-05T13-28-43-913Z/unit.log ---
check	Run verification	2026-10-05T13:34:05.1440126Z 
check	Run verification	2026-10-05T13:34:05.1440222Z   unit           FAIL(1)  254.6s
check	Run verification	2026-10-05T13:34:05.3661217Z FAIL  verify release  321.4s
check	Run verification	2026-10-05T13:34:05.3745665Z + CODE=1
check	Run verification	2026-10-05T13:34:05.3746175Z + echo '::error::verify:release exited with 1'
check	Run verification	2026-10-05T13:34:05.3761638Z ##[error]verify:release exited with 1
check	Run verification	2026-10-05T13:34:05.3767740Z + find .fable-build/verify-logs/ -type f -name '*.log'
check	Run verification	2026-10-05T13:34:05.3768020Z + sort
check	Run verification	2026-10-05T13:34:05.3768143Z + read -r file
check	Run verification	2026-10-05T13:34:05.3769184Z ++ head -n 1 .fable-build/verify-logs/2026-10-05T13-28-43-913Z/build.log
check	Run verification	2026-10-05T13:34:05.3780465Z ++ tail -n 1 .fable-build/verify-logs/2026-10-05T13-28-43-913Z/build.log
check	Run verification	2026-10-05T13:34:05.3791908Z + echo '::error file=.fable-build/verify-logs/2026-10-05T13-28-43-913Z/build.log::^[[36m[build]^[[0m Compiling F# (clean)... | ^[[36m[build]^[[0m build ok (generation 1)'
check	Run verification	2026-10-05T13:34:05.3792295Z + read -r file
check	Run verification	2026-10-05T13:34:05.3795058Z ##[error]^[[36m[build]^[[0m Compiling F# (clean)... | ^[[36m[build]^[[0m build ok (generation 1)
check	Run verification	2026-10-05T13:34:05.3795746Z ++ head -n 1 .fable-build/verify-logs/2026-10-05T13-28-43-913Z/check.log
check	Run verification	2026-10-05T13:34:05.3803368Z ++ tail -n 1 .fable-build/verify-logs/2026-10-05T13-28-43-913Z/check.log
check	Run verification	2026-10-05T13:34:05.3811554Z + echo '::error file=.fable-build/verify-logs/2026-10-05T13-28-43-913Z/check.log:: | ✅ Ran 1 script and skipped 0 in 3.7s.'
check	Run verification	2026-10-05T13:34:05.3812393Z ##[error] | ✅ Ran 1 script and skipped 0 in 3.7s.
check	Run verification	2026-10-05T13:34:05.3813037Z + read -r file
check	Run verification	2026-10-05T13:34:05.3813994Z ++ head -n 1 .fable-build/verify-logs/2026-10-05T13-28-43-913Z/format-check.log
check	Run verification	2026-10-05T13:34:05.3824154Z ++ tail -n 1 .fable-build/verify-logs/2026-10-05T13-28-43-913Z/format-check.log
check	Run verification	2026-10-05T13:34:05.3831806Z + echo '::error file=.fable-build/verify-logs/2026-10-05T13-28-43-913Z/format-check.log:: | ✅ Ran 1 script and skipped 0 in 7.4s.'
check	Run verification	2026-10-05T13:34:05.3832323Z + read -r file
check	Run verification	2026-10-05T13:34:05.3832955Z ##[error] | ✅ Ran 1 script and skipped 0 in 7.4s.
check	Run verification	2026-10-05T13:34:05.3833670Z ++ head -n 1 .fable-build/verify-logs/2026-10-05T13-28-43-913Z/unit.log
check	Run verification	2026-10-05T13:34:05.3843147Z ++ tail -n 1 .fable-build/verify-logs/2026-10-05T13-28-43-913Z/unit.log
check	Run verification	2026-10-05T13:34:05.3850539Z + echo '::error file=.fable-build/verify-logs/2026-10-05T13-28-43-913Z/unit.log::runner: build is current (1798 sources, 884 artifacts) | }'
check	Run verification	2026-10-05T13:34:05.3851128Z + read -r file
check	Run verification	2026-10-05T13:34:05.3851762Z ##[error]runner: build is current (1798 sources, 884 artifacts) | }
check	Run verification	2026-10-05T13:34:05.3852290Z + exit 1
check	Run verification	2026-10-05T13:34:05.3858086Z ##[error]Process completed with exit code 1.
check	Upload verify logs on failure	﻿2026-10-05T13:34:05.3902762Z ##[group]Run actions/upload-artifact@v4
check	Upload verify logs on failure	2026-10-05T13:34:05.3902937Z with:
check	Upload verify logs on failure	2026-10-05T13:34:05.3903049Z   name: verify-logs
check	Upload verify logs on failure	2026-10-05T13:34:05.3903176Z   path: .fable-build/verify-logs/
check	Upload verify logs on failure	2026-10-05T13:34:05.3903320Z   if-no-files-found: warn
check	Upload verify logs on failure	2026-10-05T13:34:05.3903449Z   compression-level: 6
check	Upload verify logs on failure	2026-10-05T13:34:05.3903568Z   overwrite: false
check	Upload verify logs on failure	2026-10-05T13:34:05.3903691Z   include-hidden-files: false
check	Upload verify logs on failure	2026-10-05T13:34:05.3903820Z env:
check	Upload verify logs on failure	2026-10-05T13:34:05.3903929Z   DOTNET_ROOT: /usr/share/dotnet
check	Upload verify logs on failure	2026-10-05T13:34:05.3904061Z ##[endgroup]
check	Upload verify logs on failure	2026-10-05T13:34:05.4997802Z (node:17794) [DEP0040] DeprecationWarning: The `punycode` module is deprecated. Please use a userland alternative instead.
check	Upload verify logs on failure	2026-10-05T13:34:05.4998349Z (Use `node --trace-deprecation ...` to show where the warning was created)
check	Upload verify logs on failure	2026-10-05T13:34:05.5055616Z With the provided path, there will be 8 files uploaded
check	Upload verify logs on failure	2026-10-05T13:34:05.5058547Z Artifact name is valid!
check	Upload verify logs on failure	2026-10-05T13:34:05.5059022Z Root directory input is valid!
check	Upload verify logs on failure	2026-10-05T13:34:05.9129247Z Beginning upload of artifact content to blob storage
check	Upload verify logs on failure	2026-10-05T13:34:05.9725822Z (node:17794) [DEP0169] DeprecationWarning: `url.parse()` behavior is not standardized and prone to errors that have security implications. Use the WHATWG URL API instead. CVEs are not issued for `url.parse()` vulnerabilities.
check	Upload verify logs on failure	2026-10-05T13:34:06.6110209Z Uploaded bytes 504572
check	Upload verify logs on failure	2026-10-05T13:34:06.6902547Z Finished uploading artifact content to blob storage!
check	Upload verify logs on failure	2026-10-05T13:34:06.6903205Z SHA256 digest of uploaded artifact zip is 0496622e6e5f9593a0c4a324187f4b29bafe2a99f801f5b0382e55fd14891adb
check	Upload verify logs on failure	2026-10-05T13:34:06.6904036Z Finalizing artifact upload
check	Upload verify logs on failure	2026-10-05T13:34:06.9991711Z Artifact verify-logs.zip successfully finalized. Artifact ID 11348660971
check	Upload verify logs on failure	2026-10-05T13:34:06.9992232Z Artifact verify-logs has been successfully uploaded! Final size is 504572 bytes. Artifact ID is 11348660971
check	Upload verify logs on failure	2026-10-05T13:34:07.0011621Z Artifact download URL: https://github.com/PamelaSprin47685ghall/vibe-fs/actions/runs/37317062149/artifacts/11348660971
check	Post Run actions/checkout@v4	﻿2026-10-05T13:34:07.0153791Z Post job cleanup.
check	Post Run actions/checkout@v4	2026-10-05T13:34:07.0739396Z [command]/usr/bin/git version
check	Post Run actions/checkout@v4	2026-10-05T13:34:07.0776356Z git version 2.55.0
check	Post Run actions/checkout@v4	2026-10-05T13:34:07.0805531Z Temporarily overriding HOME='/home/runner/work/_temp/e678efda-7691-43b9-955b-62e39ad602f9' before making global git config changes
check	Post Run actions/checkout@v4	2026-10-05T13:34:07.0806232Z Adding repository directory to the temporary git global config as a safe directory
check	Post Run actions/checkout@v4	2026-10-05T13:34:07.0810045Z [command]/usr/bin/git config --global --add safe.directory /home/runner/work/vibe-fs/vibe-fs
check	Post Run actions/checkout@v4	2026-10-05T13:34:07.0850925Z [command]/usr/bin/git config --local --name-only --get-regexp core\.sshCommand
check	Post Run actions/checkout@v4	2026-10-05T13:34:07.0894416Z [command]/usr/bin/git submodule foreach --recursive sh -c "git config --local --name-only --get-regexp 'core\.sshCommand' && git config --local --unset-all 'core.sshCommand' || :"
check	Post Run actions/checkout@v4	2026-10-05T13:34:07.1128018Z [command]/usr/bin/git config --local --name-only --get-regexp http\.https\:\/\/github\.com\/\.extraheader
check	Post Run actions/checkout@v4	2026-10-05T13:34:07.1156103Z http.https://github.com/.extraheader
check	Post Run actions/checkout@v4	2026-10-05T13:34:07.1165658Z [command]/usr/bin/git config --local --unset-all http.https://github.com/.extraheader
check	Post Run actions/checkout@v4	2026-10-05T13:34:07.1202243Z [command]/usr/bin/git submodule foreach --recursive sh -c "git config --local --name-only --get-regexp 'http\.https\:\/\/github\.com\/\.extraheader' && git config --local --unset-all 'http.https://github.com/.extraheader' || :"
check	Post Run actions/checkout@v4	2026-10-05T13:34:07.1417884Z [command]/usr/bin/git config --local --name-only --get-regexp ^includeIf\.gitdir:
check	Post Run actions/checkout@v4	2026-10-05T13:34:07.1450281Z [command]/usr/bin/git submodule foreach --recursive git config --local --show-origin --name-only --get-regexp remote.origin.url
check	Complete job	﻿2026-10-05T13:34:07.1780547Z Cleaning up orphan processes
check	Complete job	2026-10-05T13:34:07.2020385Z ##[warning]Node.js 20 is deprecated. The following actions target Node.js 20 but are being forced to run on Node.js 24: actions/checkout@v4, actions/setup-dotnet@v4, actions/setup-node@v4, actions/upload-artifact@v4. For more information see: https://github.blog/changelog/2025-09-19-deprecation-of-node-20-on-github-actions-runners/
