45	requirements/action-affordance/tests/001.test.mjs	29.296591000	269.958778	240.66218700000002
45	requirements/action-affordance/tests/002.test.mjs	31.916535000	73.978364	42.06182899999999
45	requirements/action-affordance/tests/003.test.mjs	76.346710000	111.40235999999999	35.055650000000014
45	requirements/action-affordance/tests/004.test.mjs	113.533290000	150.59185499999995	37.05856499999993
45	requirements/action-affordance/tests/005.test.mjs	152.801303000	186.37446100000005	33.573158000000035
45	requirements/action-affordance/tests/006.test.mjs	188.388975000	226.22362900000002	37.834654
45	requirements/action-affordance/tests/007.test.mjs	229.222213000	338.234135	109.01192200000003
45	requirements/action-affordance/tests/008.test.mjs	272.015945000	312.118726	40.102780999999936
45	requirements/action-affordance/tests/009.test.mjs	314.375143000	564.522332	250.14718899999997
45	requirements/action-affordance/tests/010.test.mjs	339.701725000	378.01525	38.31352500000003
45	requirements/action-affordance/tests/011.test.mjs	382.775198000	419.83713900000004	37.06194100000005
45	requirements/action-affordance/tests/012.test.mjs	422.647781000	465.224586	42.576805000000036
45	requirements/action-affordance/tests/013.test.mjs	466.831565000	502.23175499999996	35.40018999999995
45	requirements/action-affordance/tests/014.test.mjs	504.007088000	751.0590559999998	247.05196799999982
45	requirements/action-affordance/tests/015.test.mjs	566.354579000	797.4550809999998	231.10050199999978
45	requirements/attention-regulation/tests/001.test.mjs	753.064166000	877.19471	124.1305440000001
45	requirements/attention-regulation/tests/002.test.mjs	799.539279000	2116.419842	1316.880563
45	requirements/attention-regulation/tests/003.test.mjs	878.996943000	1010.054848	131.05790500000012
45	requirements/attention-regulation/tests/004.test.mjs	1012.000457000	2959.3767709999997	1947.3763139999999
45	requirements/attention-regulation/tests/005.test.mjs	2119.214159000	3403.6569719999998	1284.4428129999997
45	requirements/attention-regulation/tests/006.test.mjs	2962.598092000	3027.618047	65.01995500000021
45	requirements/behavior-diagnosis/tests/001.test.mjs	3029.803568000	3167.258895	137.45532700000012
45	requirements/behavior-diagnosis/tests/002.test.mjs	3169.788533000	3215.360168	45.57163500000024
45	requirements/behavior-diagnosis/tests/003.test.mjs	3217.201619000	3348.131612	130.9299930000002
45	requirements/behavior-diagnosis/tests/004.test.mjs	3349.972253000	3549.815532	199.84327900000017
45	requirements/behavior-diagnosis/tests/005.test.mjs	3406.891562000	3489.773372	82.88181000000031
45	requirements/behavior-diagnosis/tests/006.test.mjs	3496.222902000	4826.7907620000005	1330.5678600000006
45	requirements/behavior-diagnosis/tests/007.test.mjs	3551.757276000	3707.6476289999996	155.89035299999978
45	requirements/behavior-diagnosis/tests/008.test.mjs	3709.722042000	3975.801269	266.0792270000002
45	requirements/behavior-diagnosis/tests/009.test.mjs	3977.625936000	4815.789859	838.1639230000005
45	requirements/behavior-diagnosis/tests/010.test.mjs	4817.661205000	5057.608501000001	239.94729600000028
45	requirements/behavior-diagnosis/tests/011.test.mjs	4828.487302000	4925.2934000000005	96.80609800000002
45	requirements/behavior-diagnosis/tests/012.test.mjs	4927.068756000	5141.643869	214.57511299999987
45	requirements/behavior-diagnosis/tests/013.test.mjs	5059.620914000	5265.294143	205.673229
45	requirements/behavior-diagnosis/tests/014.test.mjs	5143.527483000	5364.789001	221.26151799999934
45	requirements/behavior-diagnosis/tests/015.test.mjs	5267.300736000	5371.308363	104.00762699999996
45	requirements/behavior-diagnosis/tests/016.test.mjs	5366.961867000	5692.524853000001	325.5629860000008
45	requirements/behavior-diagnosis/tests/017.test.mjs	5372.947319000	10409.413964000001	5036.466645
45	requirements/behavior-diagnosis/tests/018.test.mjs	5694.461104000	7214.528505	1520.0674010000002
45	requirements/behavior-diagnosis/tests/019.test.mjs	7216.405545000	7254.937186	38.53164099999958
45	requirements/capability-enforcement/tests/001.test.mjs	7256.731570000	7331.817642	75.08607199999915
45	requirements/capability-enforcement/tests/002.test.mjs	7333.827432000	8330.571310000001	996.7438780000011
45	requirements/capability-enforcement/tests/003.test.mjs	8332.669672000	8409.023264000001	76.3535920000013
45	requirements/capability-enforcement/tests/004.test.mjs	8411.231803000	8486.450454	75.21865099999923
45	requirements/capability-enforcement/tests/005.test.mjs	8488.470770000	8632.990483	144.51971299999968
45	requirements/capability-enforcement/tests/006.test.mjs	8634.829855000	10726.687989	2091.858134
45	requirements/capability-enforcement/tests/007.test.mjs	10411.677527000	10852.071647	440.39412000000084
45	requirements/capability-enforcement/tests/009.test.mjs	10729.027045000	11960.003375	1230.9763299999995
45	requirements/capability-enforcement/tests/010.test.mjs	10854.365545000	12682.622018	1828.2564729999995
45	requirements/capability-enforcement/tests/011.test.mjs	11963.475057000	13191.189096	1227.7140390000004
45	requirements/capability-enforcement/tests/012.test.mjs	12684.666960000	13021.909647	337.24268699999993
45	requirements/capability-enforcement/tests/013.test.mjs	13024.349691000	13084.044385000001	59.6946939999998
45	requirements/capability-enforcement/tests/014.test.mjs	13086.055626000	13120.185809	34.130182999999306
45	requirements/capability-enforcement/tests/015.test.mjs	13122.489408000	13218.475792000001	95.98638399999982
45	requirements/capability-enforcement/tests/016.test.mjs	13193.609490000	13296.798681	103.18919099999948
45	requirements/capability-enforcement/tests/017.test.mjs	13220.601625000	13284.469495000001	63.86787000000004
45	requirements/capability-enforcement/tests/018.test.mjs	13285.924720000	13348.411077	62.48635699999977
45	requirements/capability-enforcement/tests/019.test.mjs	13298.482639000	13868.087160000001	569.6045210000011
45	requirements/capability-enforcement/tests/020.test.mjs	13350.431351000	13398.793647	48.36229599999933
45	requirements/capability-enforcement/tests/021.test.mjs	13400.984998000	18964.942775	5563.957777
45	requirements/capability-enforcement/tests/023.test.mjs	13872.747609000	14205.750732	333.0031230000004
45	requirements/capability-enforcement/tests/024.test.mjs	14208.233510000	15368.822699	1160.5891890000003
45	requirements/capability-enforcement/tests/025.test.mjs	15371.719249000	17387.02721	2015.3079610000004
45	requirements/capability-enforcement/tests/026.test.mjs	17389.019090000	18324.753455000002	935.7343650000003
45	requirements/causal-wait/tests/001.test.mjs	18326.804294000	18402.016752	75.21245799999815
45	requirements/causal-wait/tests/002.test.mjs	18404.279791000	18487.040638	82.76084699999774
45	requirements/causal-wait/tests/003.test.mjs	18489.235974000	18843.606538	354.37056400000074
45	requirements/causal-wait/tests/004.test.mjs	18845.694473000	18920.736365	75.0418920000011
45	requirements/causal-wait/tests/005.test.mjs	18923.074346000	19115.573783	192.49943699999858
45	requirements/causal-wait/tests/006.test.mjs	18967.178563000	19099.602028	132.42346499999985
45	requirements/causal-wait/tests/007.test.mjs	19101.622771000	19202.941449	101.31867799999964
45	requirements/causal-wait/tests/008.test.mjs	19117.467285000	19311.10168	193.63439500000095
45	requirements/causal-wait/tests/009.test.mjs	19205.114031000	19340.280358	135.166326999999
45	requirements/change-integration/tests/001.test.mjs	19313.526543000	19492.471545	178.9450020000004
45	requirements/change-integration/tests/002.test.mjs	19342.374442000	19619.092971000002	276.7185290000016
45	requirements/change-integration/tests/003.test.mjs	19495.216760000	19775.816986	280.6002260000023
45	requirements/change-integration/tests/004.test.mjs	19621.335239000	20251.003694	629.6684549999991
45	requirements/change-integration/tests/005.test.mjs	19778.280947000	20035.235551	256.9546040000023
45	requirements/change-integration/tests/006.test.mjs	20039.211690000	20195.353438000002	156.14174800000183
45	requirements/change-integration/tests/007.test.mjs	20197.215142000	20377.351148	180.13600600000063
45	requirements/change-integration/tests/008.test.mjs	20253.075343000	20538.523231	285.4478879999988
45	requirements/change-integration/tests/009.test.mjs	20379.258680000	20543.370251	164.11157100000128
45	requirements/change-integration/tests/011.test.mjs	20540.702153000	20577.957914	37.25576099999671
45	requirements/change-integration/tests/013.test.mjs	20545.581312000	20713.255749	167.67443699999785
45	requirements/change-integration/tests/014.test.mjs	20578.976489000	20745.271149	166.29465999999957
45	requirements/change-integration/tests/015.test.mjs	20713.769543000	20875.007085	161.23754199999894
45	requirements/change-integration/tests/017.test.mjs	20748.251657000	20782.121478	33.86982100000023
45	requirements/cognitive-environment/tests/001.test.mjs	20784.270965000	20831.653043000002	47.382078000002366
45	requirements/cognitive-environment/tests/002.test.mjs	20833.545192000	20871.84264	38.29744799999753
45	requirements/cognitive-environment/tests/003.test.mjs	20874.318499000	20963.37596	89.05746100000033
45	requirements/cognitive-environment/tests/004.test.mjs	20876.852695000	20912.364468	35.51177299999836
45	requirements/cognitive-environment/tests/005.test.mjs	20914.756370000	21002.693876	87.93750600000203
45	requirements/cognitive-environment/tests/006.test.mjs	20965.937869000	21005.405929	39.46805999999924
45	requirements/cognitive-environment/tests/007.test.mjs	21004.695771000	21042.317602	37.621831000000384
45	requirements/cognitive-environment/tests/008.test.mjs	21007.216295000	21044.786769000002	37.570474000000104
45	requirements/cognitive-environment/tests/009.test.mjs	21044.246496000	21080.714319	36.46782299999904
45	requirements/cognitive-environment/tests/010.test.mjs	21047.194514000	21083.385832	36.19131800000105
45	requirements/cognitive-environment/tests/011.test.mjs	21082.770304000	21118.306956	35.53665199999887
45	requirements/cognitive-environment/tests/012.test.mjs	21085.034424000	21154.767889	69.73346499999752
45	requirements/cognitive-environment/tests/013.test.mjs	21121.190117000	21159.128615	37.93849799999953
45	requirements/cognitive-environment/tests/015.test.mjs	21156.851687000	24922.51462	3765.6629329999996
45	requirements/cognitive-environment/tests/016.test.mjs	21160.955246000	21196.714151	35.75890499999878
45	requirements/cognitive-workspace/tests/001.test.mjs	21198.683998000	21234.786491	36.1024929999985
45	requirements/cognitive-workspace/tests/002.test.mjs	21235.158431000	21278.009125	42.85069400000066
45	requirements/cognitive-workspace/tests/003.test.mjs	21280.008055000	21317.212838	37.204782999997406
45	requirements/cognitive-workspace/tests/004.test.mjs	21319.182164000	21356.722883000002	37.540719000000536
45	requirements/cognitive-workspace/tests/005.test.mjs	21358.979030000	21397.866547	38.887517000002845
45	requirements/cognitive-workspace/tests/006.test.mjs	21400.055393000	21444.397863000002	44.34247000000323
45	requirements/cognitive-workspace/tests/007.test.mjs	21444.902503000	21487.821601	42.919097999998485
45	requirements/cognitive-workspace/tests/008.test.mjs	21489.685067000	21533.74997	44.064902999998594
45	requirements/cognitive-workspace/tests/009.test.mjs	21535.751194000	21578.893477	43.14228300000104
45	requirements/cognitive-workspace/tests/010.test.mjs	21580.934571000	21617.866783	36.93221199999971
45	requirements/concern-routing/tests/001.test.mjs	21619.772273000	21684.349412	64.5771390000009
45	requirements/concern-routing/tests/002.test.mjs	21686.516246000	24829.304454	3142.7882080000018
45	requirements/concern-routing/tests/003.test.mjs	24831.237975000	25980.740406	1149.5024310000008
45	requirements/concern-routing/tests/004.test.mjs	24924.414672000	26313.556761	1389.1420890000009
45	requirements/concern-routing/tests/005.test.mjs	25983.605740000	27176.397506	1192.791766000002
45	requirements/concern-routing/tests/006.test.mjs	26316.557349000	28061.644491	1745.0871420000003
45	requirements/concern-routing/tests/007.test.mjs	27178.262214000	27215.77478	37.512565999997605
45	requirements/context-compression/tests/001.test.mjs	27217.754571000	27266.375365	48.62079399999857
45	requirements/context-compression/tests/002.test.mjs	27268.796640000	27553.870004	285.07336399999986
45	requirements/context-compression/tests/003.test.mjs	27555.704246000	27976.39367	420.68942400000014
45	requirements/context-compression/tests/004.test.mjs	27978.535715000	28064.568823	86.03310799999963
45	requirements/context-compression/tests/005.test.mjs	28063.677212000	28290.461053	226.7838410000004
45	requirements/context-compression/tests/006.test.mjs	28066.309685000	28301.412233	235.10254799999893
45	requirements/context-compression/tests/007.test.mjs	28292.584049000	28544.963211000002	252.3791620000011
45	requirements/context-compression/tests/008.test.mjs	28303.380677000	28572.042618	268.6619409999985
45	requirements/context-compression/tests/009.test.mjs	28546.892827000	28786.968971000002	240.0761440000024
45	requirements/context-compression/tests/010.test.mjs	28574.124753000	28687.42492	113.30016700000124
45	requirements/context-compression/tests/011.test.mjs	28689.404000000	28874.614117	185.21011700000236
45	requirements/context-compression/tests/012.test.mjs	28792.061011000	28975.664333	183.60332199999903
45	requirements/context-compression/tests/013.test.mjs	28876.588300000	28968.725843	92.13754300000073
45	requirements/context-compression/tests/014.test.mjs	28971.243654000	29086.251205	115.00755099999878
45	requirements/context-compression/tests/015.test.mjs	28977.427729000	29041.944558	64.51682900000014
45	requirements/context-compression/tests/016.test.mjs	29044.166996000	29256.872043	212.70504699999947
45	requirements/context-compression/tests/017.test.mjs	29087.821711000	29247.454057	159.6323459999985
45	requirements/context-compression/tests/018.test.mjs	29249.708312000	30743.49347	1493.7851580000024
45	requirements/context-compression/tests/019.test.mjs	29258.653726000	29740.678999	482.0252729999993
45	requirements/context-compression/tests/020.test.mjs	29742.689367000	29892.68665	149.9972830000006
45	requirements/context-compression/tests/021.test.mjs	29894.518610000	30113.342173	218.82356300000174
45	requirements/context-compression/tests/022.test.mjs	30115.426813000	30339.528216	224.10140299999694
45	requirements/context-compression/tests/023.test.mjs	30344.227815000	30449.54534	105.31752499999857
45	requirements/context-compression/tests/024.test.mjs	30451.703480000	40149.004907999995	9697.301427999995
45	requirements/context-compression/tests/025.test.mjs	30747.742389000	30975.117403	227.3750140000011
45	requirements/context-compression/tests/026.test.mjs	30977.453142000	31425.167542	447.7143999999971
45	requirements/context-compression/tests/027.test.mjs	31427.051549000	31730.419458	303.3679090000005
45	requirements/context-compression/tests/028.test.mjs	31732.380442000	31810.62641	78.24596799999927
45	requirements/context-compression/tests/029.test.mjs	31812.556357000	31965.995375	153.4390179999973
45	requirements/context-compression/tests/030.test.mjs	31967.874225000	32114.246679	146.3724540000003
45	requirements/crash-reconciliation/tests/001.test.mjs	32116.179430000	32175.087050000002	58.90762000000177
45	requirements/crash-reconciliation/tests/002.test.mjs	32177.348456000	32249.800136	72.45168000000194
45	requirements/crash-reconciliation/tests/003.test.mjs	32251.911827000	32333.630717000004	81.71889000000374
45	requirements/crash-reconciliation/tests/004.test.mjs	32335.910350000	32373.164303	37.253952999999456
45	requirements/crash-reconciliation/tests/005.test.mjs	32375.476597000	32437.806931000003	62.33033400000568
45	requirements/crash-reconciliation/tests/006.test.mjs	32439.767966000	32511.968568	72.20060199999716
45	requirements/crash-reconciliation/tests/007.test.mjs	32513.903793000	32592.798218	78.89442499999859
45	requirements/crash-reconciliation/tests/008.test.mjs	32594.854826000	32658.196304	63.3414780000021
45	requirements/crash-reconciliation/tests/009.test.mjs	32660.035384000	32857.791474	197.75608999999895
45	requirements/crash-reconciliation/tests/010.test.mjs	32860.073081000	32932.769630999996	72.69655000000057
45	requirements/crash-reconciliation/tests/011.test.mjs	32934.833279000	32998.341408	63.508129000001645
45	requirements/crash-reconciliation/tests/012.test.mjs	33001.037049000	33062.99497299999	61.95792399999482
45	requirements/crash-reconciliation/tests/013.test.mjs	33065.108216000	33122.792293	57.684077000005345
45	requirements/crash-reconciliation/tests/014.test.mjs	33124.940878000	33190.235489	65.2946110000048
45	requirements/crash-reconciliation/tests/015.test.mjs	33192.302663000	43677.916235	10485.613572000002
45	requirements/crash-reconciliation/tests/016.test.mjs	40150.904209000	40222.575825	71.67161599999963
45	requirements/crash-reconciliation/tests/017.test.mjs	40224.393873000	40255.166606	30.772733000005246
45	requirements/crash-reconciliation/tests/018.test.mjs	40257.084294000	41301.251675	1044.1673809999993
45	requirements/crash-reconciliation/tests/019.test.mjs	41304.230521000	41340.728566	36.498045000000275
45	requirements/crash-reconciliation/tests/020.test.mjs	41342.667827000	41540.96036	198.29253299999982
45	requirements/crash-reconciliation/tests/021.test.mjs	41542.868995000	41701.26016799999	158.39117299999634
45	requirements/degeneration-guard/tests/001.test.mjs	41702.978315000	41876.068625	173.0903099999996
45	requirements/degeneration-guard/tests/002.test.mjs	41877.886543000	42045.524112	167.6375690000059
45	requirements/degeneration-guard/tests/003.test.mjs	42047.263101000	42223.974583999996	176.71148299999913
45	requirements/degeneration-guard/tests/004.test.mjs	42225.840223000	42642.949961	417.1097379999992
45	requirements/degeneration-guard/tests/005.test.mjs	42644.721058000	42804.587533	159.86647500000254
45	requirements/degeneration-guard/tests/006.test.mjs	42806.271249000	42979.837183999996	173.56593499999872
45	requirements/degeneration-guard/tests/007.test.mjs	42981.594571000	43170.501891	188.9073200000057
45	requirements/degeneration-guard/tests/008.test.mjs	43172.611338000	43343.554724999995	170.94338699999935
45	requirements/degeneration-guard/tests/009.test.mjs	43345.325210000	43531.458002	186.13279200000397
45	requirements/degeneration-guard/tests/010.test.mjs	43533.262490000	43702.091703	168.82921300000453
45	requirements/degeneration-guard/tests/011.test.mjs	43680.009157000	43760.543979999995	80.53482300000178
45	requirements/degeneration-guard/tests/012.test.mjs	43704.852781000	43743.273872	38.4210910000038
45	requirements/degeneration-guard/tests/013.test.mjs	43746.522294000	43981.332662999994	234.8103689999989
45	requirements/delegation/tests/001.test.mjs	43763.197396000	43795.291019	32.09362300000066
45	requirements/delegation/tests/002.test.mjs	43797.656251000	43865.866193999995	68.20994299999438
45	requirements/delegation/tests/003.test.mjs	43866.997246000	45828.867834	1961.870587999998
45	requirements/delegation/tests/004.test.mjs	43983.399615000	44017.252757999995	33.85314300000027
45	requirements/delegation/tests/005.test.mjs	44019.931211000	44231.448271999994	211.51706099999865
45	requirements/delegation/tests/006.test.mjs	44233.470356000	44774.740692	541.2703360000014
45	requirements/delegation/tests/007.test.mjs	44777.193957000	45242.656309	465.4623520000023
45	requirements/delegation/tests/008.test.mjs	45244.866738000	45707.166506999994	462.29976899999747
45	requirements/delegation/tests/009.test.mjs	45709.352619000	46288.32737399999	578.9747549999956
45	requirements/delegation/tests/010.test.mjs	45833.364817000	46385.28058599999	551.9157689999993
45	requirements/delegation/tests/011.test.mjs	46290.425324000	46839.326171999994	548.9008479999975
45	requirements/delegation/tests/012.test.mjs	46388.222277000	46895.863298	507.6410210000031
45	requirements/delegation/tests/013.test.mjs	46840.574531000	47059.897766999995	219.32323599999654
45	requirements/delegation/tests/014.test.mjs	46898.080959000	47130.402422	232.32146300000022
45	requirements/delegation/tests/015.test.mjs	47062.258753000	47367.99189	305.7331370000029
45	requirements/delegation/tests/017.test.mjs	47132.413431000	47167.664396	35.250965000006545
45	requirements/delegation/tests/019.test.mjs	47170.249090000	47269.32644999999	99.07735999999568
45	requirements/delegation/tests/020.test.mjs	47272.017013000	47309.75898	37.74196700000175
45	requirements/delegation/tests/021.test.mjs	47312.602302000	47400.201714999996	87.59941299999628
45	requirements/delegation/tests/022.test.mjs	47370.202320000	47433.754182	63.551862000000256
45	requirements/delegation/tests/023.test.mjs	47404.204575000	47977.212031999996	573.0074569999997
45	requirements/delegation/tests/024.test.mjs	47435.857570000	48463.006078	1027.1485079999984
45	requirements/delegation/tests/025.test.mjs	47979.453829000	48508.094189999996	528.6403609999979
45	requirements/delegation/tests/026.test.mjs	48465.094703000	50969.513502999995	2504.4187999999995
45	requirements/delegation/tests/027.test.mjs	48510.238208000	49310.44620699999	800.2079989999984
45	requirements/delegation/tests/028.test.mjs	49312.425137000	49505.540758999996	193.11562199999753
45	requirements/delegation/tests/029.test.mjs	49507.414912000	49620.556485999994	113.14157399999385
45	requirements/delegation/tests/030.test.mjs	49622.385962000	49655.36790999999	32.98194799999328
45	requirements/delegation/tests/031.test.mjs	49657.105977000	50389.621205999996	732.5152289999969
45	requirements/delegation/tests/032.test.mjs	50391.473326000	50792.425912	400.9525859999994
45	requirements/dispatch-protocol/tests/001.test.mjs	50794.160435000	51104.193789	310.03335399999924
45	requirements/dispatch-protocol/tests/002.test.mjs	50972.204546000	51460.631247	488.42670100000396
45	requirements/dispatch-protocol/tests/003.test.mjs	51106.016565000	51478.644269	372.62770399999863
45	requirements/dispatch-protocol/tests/004.test.mjs	51462.880484000	51830.577002	367.6965180000043
45	requirements/dispatch-protocol/tests/005.test.mjs	51480.495186000	51738.938003999996	258.4428179999959
45	requirements/dispatch-protocol/tests/006.test.mjs	51741.534435000	51945.08324199999	203.54880699999921
45	requirements/dispatch-protocol/tests/007.test.mjs	51836.441445000	52377.364624999995	540.923179999998
45	requirements/dispatch-protocol/tests/008.test.mjs	51947.427593000	52352.931735	405.50414199999796
45	requirements/dispatch-protocol/tests/009.test.mjs	52355.176846000	52937.02417	581.8473240000021
45	requirements/dispatch-protocol/tests/010.test.mjs	52379.449446000	53171.631411999995	792.1819659999965
45	requirements/dispatch-protocol/tests/011.test.mjs	52939.344465000	53291.389279999996	352.0448150000011
45	requirements/dispatch-protocol/tests/012.test.mjs	53173.685256000	53640.615329	466.9300730000032
45	requirements/dispatch-protocol/tests/013.test.mjs	53294.213213000	53651.920635999995	357.70742299999984
45	requirements/dispatch-protocol/tests/014.test.mjs	53642.938548000	53679.362045999995	36.42349799999647
45	requirements/dispatch-protocol/tests/015.test.mjs	53654.045396000	55056.400745	1402.355349000005
45	requirements/distribution/tests/001.test.mjs	53681.406525000	53790.955676	109.54915099999926
45	requirements/distribution/tests/002.test.mjs	53793.067067000	54383.323412	590.2563450000016
45	requirements/distribution/tests/003.test.mjs	54387.275935000	55047.318345	660.0424100000018
45	requirements/distribution/tests/004.test.mjs	55049.554002000	55094.826828	45.27282600000035
45	requirements/distribution/tests/005.test.mjs	55059.219139000	56260.245526	1201.0263870000053
45	requirements/distribution/tests/006.test.mjs	55097.201885000	55207.776120999995	110.57423600000038
45	requirements/distribution/tests/007.test.mjs	55210.594215000	57781.13658	2570.542365000001
45	requirements/distribution/tests/008.test.mjs	56262.437237000	56321.057043999994	58.61980699999549
45	requirements/distribution/tests/009.test.mjs	56323.634596000	56394.996784999996	71.36218899999949
45	requirements/distribution/tests/010.test.mjs	56397.307364000	56513.835067	116.52770299999975
45	requirements/durable-convergence/tests/001.test.mjs	56515.976271000	56681.115717999994	165.1394469999941
45	requirements/durable-convergence/tests/002.test.mjs	56683.353047000	57173.807781999996	490.45473499999935
45	requirements/durable-convergence/tests/003.test.mjs	57175.946313000	57502.712113999994	326.7658009999941
45	requirements/durable-convergence/tests/004.test.mjs	57504.840090000	57685.807134999995	180.9670449999976
45	requirements/durable-convergence/tests/005.test.mjs	57687.996121000	57870.050693	182.05457200000092
45	requirements/durable-convergence/tests/006.test.mjs	57783.180358000	57973.911007999995	190.7306499999977
45	requirements/durable-convergence/tests/007.test.mjs	57872.676108000	58135.391313	262.7152050000004
45	requirements/durable-convergence/tests/008.test.mjs	57975.936759000	58347.851049	371.9142900000006
45	requirements/durable-convergence/tests/009.test.mjs	58137.929316000	58396.272647	258.3433310000037
45	requirements/durable-convergence/tests/010.test.mjs	58350.093947000	58696.81264	346.71869300000253
45	requirements/durable-convergence/tests/011.test.mjs	58399.102138000	58919.359767999995	520.2576300000001
45	requirements/durable-events/tests/001.test.mjs	58698.774605000	58922.107907	223.3333019999991
45	requirements/durable-events/tests/002.test.mjs	58921.407853000	60351.35026	1429.9424070000023
45	requirements/durable-events/tests/003.test.mjs	58923.916621000	59150.295431	226.37881000000198
45	requirements/durable-events/tests/004.test.mjs	59152.511238000	59544.338037999994	391.8267999999953
45	requirements/durable-events/tests/005.test.mjs	59546.437089000	59873.820082	327.38299299999926
45	requirements/durable-events/tests/006.test.mjs	59876.088107000	60140.749003	264.66089600000123
45	requirements/durable-events/tests/007.test.mjs	60142.827443000	60348.594358999995	205.7669160000005
45	requirements/durable-events/tests/008.test.mjs	60350.542233000	60533.30854699999	182.76631399999314
45	requirements/durable-events/tests/009.test.mjs	60353.166496000	61810.480904	1457.3144079999984
45	requirements/durable-events/tests/010.test.mjs	60535.647940000	60788.973586	253.32564600000478
45	requirements/durable-events/tests/011.test.mjs	60791.019118000	60989.786003999994	198.7668859999976
45	requirements/durable-events/tests/012.test.mjs	60991.621740000	61316.586651	324.96491100000276
45	requirements/durable-events/tests/013.test.mjs	61318.506022000	61752.106332999996	433.60031100000197
45	requirements/durable-events/tests/014.test.mjs	61754.083021000	62075.99972	321.91669900000124
45	requirements/durable-events/tests/015.test.mjs	61813.910009000	62011.123937	197.2139279999974
45	requirements/durable-events/tests/016.test.mjs	62017.220070000	63416.116747	1398.8966770000043
45	requirements/durable-events/tests/017.test.mjs	62077.944780000	62270.315642999994	192.37086299999646
45	requirements/durable-events/tests/018.test.mjs	62270.571919000	62592.207915	321.6359960000045
45	requirements/durable-events/tests/019.test.mjs	62594.433598000	64102.763206999996	1508.3296090000003
45	requirements/durable-events/tests/020.test.mjs	63418.457803000	63660.026773	241.56897000000026
45	requirements/durable-events/tests/021.test.mjs	63662.100517000	63853.800799	191.70028199999797
45	requirements/durable-events/tests/022.test.mjs	63856.070849000	64039.51856	183.4477110000007
45	requirements/durable-events/tests/023.test.mjs	64041.441647000	64589.803345	548.3616980000006
45	requirements/durable-events/tests/024.test.mjs	64106.184390000	64153.748246999996	47.56385700000101
45	requirements/durable-events/tests/025.test.mjs	64155.627828000	64441.533813999995	285.90598599999794
45	requirements/effect-accounting/tests/001.test.mjs	64443.622651000	64599.510426999994	155.88777599999594
45	requirements/effect-accounting/tests/002.test.mjs	64592.105163000	64759.56408	167.4589169999963
45	requirements/effect-accounting/tests/003.test.mjs	64601.475417000	65027.948191999996	426.472775000002
45	requirements/effect-accounting/tests/004.test.mjs	64761.961741000	64947.738249999995	185.7765089999957
45	requirements/effect-accounting/tests/005.test.mjs	64952.594836000	65271.356524	318.76168800000596
45	requirements/effect-accounting/tests/006.test.mjs	65029.548453000	65370.512493999995	340.96404099999927
45	requirements/effect-accounting/tests/007.test.mjs	65276.181932000	65479.24161499999	203.0596829999995
45	requirements/effect-accounting/tests/008.test.mjs	65372.619518000	66094.76525099999	722.1457329999976
45	requirements/effect-accounting/tests/010.test.mjs	65481.581669000	65572.24853299999	90.6668639999989
45	requirements/effect-accounting/tests/012.test.mjs	65574.196778000	65732.180041	157.9832630000019
45	requirements/execution-failure-policy/tests/001.test.mjs	65734.335728000	65800.31974199999	65.98401400000148
45	requirements/execution-failure-policy/tests/002.test.mjs	65802.273434000	66348.606087	546.3326529999904
45	requirements/execution-failure-policy/tests/003.test.mjs	66099.210838000	66606.710825	507.4999870000029
45	requirements/execution-failure-policy/tests/004.test.mjs	66351.519686000	66440.375552	88.85586599999806
45	requirements/execution-failure-policy/tests/005.test.mjs	66442.405119000	66511.932729	69.52760999999009
45	requirements/execution-failure-policy/tests/006.test.mjs	66514.178302000	67027.312186	513.1338839999953
45	requirements/execution-failure-policy/tests/007.test.mjs	66609.254287000	66789.127935	179.8736479999934
45	requirements/execution-failure-policy/tests/008.test.mjs	66791.109039000	66970.917598	179.80855899999733
45	requirements/execution-failure-policy/tests/009.test.mjs	66973.249149000	67039.621147	66.37199800000235
45	requirements/execution-failure-policy/tests/010.test.mjs	67028.497432000	67630.928996	602.4315639999986
45	requirements/execution-failure-policy/tests/011.test.mjs	67042.228615000	67566.70608599999	524.477470999991
45	requirements/execution-failure-policy/tests/012.test.mjs	67572.242456000	67766.403285	194.16082900000038
45	requirements/execution-failure-policy/tests/013.test.mjs	67633.394721000	67702.046553	68.6518320000032
45	requirements/execution-failure-policy/tests/014.test.mjs	67704.736305000	67756.945628	52.20932300000277
45	requirements/execution-model-routing/tests/001.test.mjs	67758.876697000	67856.34901199999	97.4723149999918
45	requirements/execution-model-routing/tests/002.test.mjs	67768.433222000	67893.880666	125.44744400000491
45	requirements/execution-model-routing/tests/003.test.mjs	67858.515165000	70399.276741	2540.7615760000044
45	requirements/execution-model-routing/tests/004.test.mjs	67895.647587000	68007.735739	112.08815199999663
45	requirements/execution-model-routing/tests/005.test.mjs	68011.121128000	68116.221013	105.09988500000327
45	requirements/execution-model-routing/tests/006.test.mjs	68117.207858000	68224.794619	107.58676099999866
45	requirements/execution-model-routing/tests/007.test.mjs	68227.293132000	68319.205863	91.91273100000399
45	requirements/execution-model-routing/tests/008.test.mjs	68321.134047000	69347.364191	1026.230144000001
45	requirements/execution-model-routing/tests/009.test.mjs	69351.118357000	70751.325266	1400.2069090000005
45	requirements/execution-model-routing/tests/010.test.mjs	70404.339157000	71125.780564	721.4414070000057
45	requirements/execution-model-routing/tests/011.test.mjs	70754.334939000	70794.574306	40.23936700000195
45	requirements/execution-model-routing/tests/012.test.mjs	70796.614699000	70910.211451	113.59675199999765
45	requirements/execution-model-routing/tests/013.test.mjs	70913.197930000	71010.767479	97.5695490000071
45	requirements/execution-model-routing/tests/014.test.mjs	71013.227996000	73911.65760399999	2898.4296079999913
45	requirements/execution-model-routing/tests/015.test.mjs	71127.927478000	71246.01690799999	118.08942999999272
45	requirements/execution-model-routing/tests/016.test.mjs	71249.411882000	71291.21846999999	41.80658799999219
45	requirements/execution-model-routing/tests/017.test.mjs	71293.724575000	71401.889635	108.16505999999936
45	requirements/execution-model-routing/tests/018.test.mjs	71404.555931000	71490.929724	86.37379300000612
45	requirements/execution-model-routing/tests/019.test.mjs	71494.332060000	71606.209091	111.87703099999635
45	requirements/execution-model-routing/tests/020.test.mjs	71608.433933000	71721.57865299999	113.1447199999966
45	requirements/feature-ablation/tests/001.test.mjs	71724.833837000	72360.99197399999	636.1581369999913
45	requirements/feature-ablation/tests/002.test.mjs	72363.640684000	72619.132507	255.49182300000393
45	requirements/feature-ablation/tests/003.test.mjs	72621.388065000	73081.682371	460.2943060000107
45	requirements/feature-ablation/tests/004.test.mjs	73083.675704000	73562.99842399999	479.3227199999965
45	requirements/guidance-delivery/tests/001.test.mjs	73564.957876000	73896.342894	331.38501800000085
45	requirements/guidance-delivery/tests/002.test.mjs	73898.392892000	74274.910057	376.5171649999975
45	requirements/guidance-delivery/tests/003.test.mjs	73913.611898000	74290.331737	376.7198389999976
45	requirements/guidance-delivery/tests/004.test.mjs	74277.609332000	74670.210295	392.6009630000044
45	requirements/guidance-delivery/tests/005.test.mjs	74292.099830000	74681.309765	389.2099350000062
45	requirements/guidance-delivery/tests/006.test.mjs	74673.205918000	75068.459437	395.2535190000053
45	requirements/guidance-delivery/tests/007.test.mjs	74683.422789000	75088.823924	405.4011349999928
45	requirements/guidance-delivery/tests/008.test.mjs	75070.634003000	75449.122156	378.4881529999984
45	requirements/guidance-delivery/tests/009.test.mjs	75090.991710000	75274.313135	183.3214250000019
45	requirements/guidance-delivery/tests/011.test.mjs	75276.550756000	75591.64280999999	315.09205399999337
45	requirements/guidance-delivery/tests/012.test.mjs	75451.341209000	75530.07207	78.73086100000364
45	requirements/host-boundary/tests/001.test.mjs	75533.598793000	75643.980661	110.38186799999676
45	requirements/host-boundary/tests/002.test.mjs	75593.705557000	75672.54624299999	78.84068599999591
45	requirements/host-boundary/tests/003.test.mjs	75646.605806000	76694.363145	1047.7573390000034
45	requirements/host-boundary/tests/004.test.mjs	75674.838595000	75761.71719	86.87859500000195
45	requirements/host-boundary/tests/005.test.mjs	75763.694778000	75898.66011	134.96533200000704
45	requirements/host-boundary/tests/006.test.mjs	75900.946695000	76095.83645599999	194.88976099999854
45	requirements/host-boundary/tests/007.test.mjs	76098.028538000	76159.929445	61.90090700000292
45	requirements/host-boundary/tests/008.test.mjs	76161.984401000	76330.552472	168.5680710000015
45	requirements/host-boundary/tests/009.test.mjs	76332.447807000	76408.879944	76.4321370000107
45	requirements/host-boundary/tests/010.test.mjs	76410.785725000	76465.881461	55.095736000002944
45	requirements/host-boundary/tests/011.test.mjs	76468.605024000	76566.547133	97.94210900001053
45	requirements/host-boundary/tests/012.test.mjs	76568.536000000	76628.067338	59.53133800000069
45	requirements/host-boundary/tests/013.test.mjs	76630.410968000	77755.305614	1124.8946460000006
45	requirements/host-boundary/tests/014.test.mjs	76696.927408000	77221.817392	524.889983999994
45	requirements/host-boundary/tests/015.test.mjs	77223.735872000	77319.04253199999	95.30666000000201
45	requirements/host-boundary/tests/016.test.mjs	77320.995693000	77419.292546	98.2968530000071
45	requirements/host-boundary/tests/017.test.mjs	77421.115752000	77519.047345	97.93159300000116
45	requirements/host-boundary/tests/018.test.mjs	77521.569374000	77568.533601	46.96422700000403
45	requirements/host-boundary/tests/019.test.mjs	77571.287699000	78111.398215	540.1105160000006
45	requirements/host-boundary/tests/020.test.mjs	77762.830517000	77924.023554	161.19303700000455
45	requirements/host-boundary/tests/021.test.mjs	77926.116747000	78074.352047	148.23530000000028
45	requirements/host-boundary/tests/022.test.mjs	78076.377457000	78604.842322	528.4648650000017
45	requirements/host-boundary/tests/023.test.mjs	78113.474242000	81075.97140699999	2962.4971649999934
45	requirements/host-boundary/tests/024.test.mjs	78606.840742000	78684.894145	78.05340299999807
45	requirements/host-boundary/tests/025.test.mjs	78688.259194000	78804.804001	116.5448069999984
45	requirements/host-boundary/tests/026.test.mjs	78806.814980000	79032.66604299999	225.8510629999946
45	requirements/host-boundary/tests/027.test.mjs	79035.380121000	79153.408684	118.02856299999985
45	requirements/host-boundary/tests/028.test.mjs	79156.131005000	79353.73600399999	197.6049989999883
45	requirements/host-boundary/tests/029.test.mjs	79355.929377000	79971.556495	615.627118000004
45	requirements/host-boundary/tests/030.test.mjs	79974.540670000	80130.610569	156.06989899999462
45	requirements/host-boundary/tests/031.test.mjs	80132.767067000	80301.914475	169.14740800000436
45	requirements/host-boundary/tests/032.test.mjs	80305.685635000	90161.946701	9856.261065999992
45	requirements/host-boundary/tests/033.test.mjs	81077.948685000	82767.707312	1689.758627000003
45	requirements/host-provider-failure-ownership/tests/001.test.mjs	82769.833244000	84103.03619299999	1333.2029489999986
45	requirements/host-provider-failure-ownership/tests/002.test.mjs	84108.557720000	84152.96204	44.40432000000146
45	requirements/host-provider-failure-ownership/tests/003.test.mjs	84155.180252000	84234.8039	79.62364800000796
45	requirements/host-provider-failure-ownership/tests/004.test.mjs	84240.230062000	85376.618829	1136.3887669999967
45	requirements/host-provider-failure-ownership/tests/005.test.mjs	85379.965993000	85490.757199	110.79120600000897
45	requirements/host-provider-failure-ownership/tests/006.test.mjs	85493.291898000	85556.500094	63.208196000006865
45	requirements/host-provider-failure-ownership/tests/007.test.mjs	85558.479376000	85593.263722	34.78434600000037
45	requirements/institutional-learning/tests/001.test.mjs	85595.614685000	86722.809107	1127.1944220000005
45	requirements/institutional-learning/tests/002.test.mjs	86724.777684000	86793.936456	69.15877199999522
45	requirements/institutional-learning/tests/003.test.mjs	86796.188259000	87953.315095	1157.1268359999958
45	requirements/institutional-learning/tests/004.test.mjs	87956.235627000	89089.21790999999	1132.9822829999903
45	requirements/institutional-learning/tests/005.test.mjs	89090.695076000	89154.73918199999	64.04410599998664
45	requirements/institutional-learning/tests/006.test.mjs	89157.293881000	90476.823516	1319.5296350000135
45	requirements/institutional-learning/tests/007.test.mjs	90165.218722000	91351.775645	1186.556923000011
45	requirements/institutional-learning/tests/008.test.mjs	90480.296960000	91860.76543	1380.468470000007
45	requirements/interaction-authority/tests/001.test.mjs	91354.172777000	91733.577426	379.4046490000037
45	requirements/interaction-authority/tests/002.test.mjs	91736.712260000	92103.242168	366.5299079999968
45	requirements/interaction-authority/tests/003.test.mjs	91866.167701000	92333.057518	466.88981700000295
45	requirements/interaction-authority/tests/004.test.mjs	92103.912148000	92320.691113	216.77896499999042
45	requirements/interaction-authority/tests/005.test.mjs	92322.697116000	92699.72566499999	377.0285489999951
45	requirements/interaction-authority/tests/006.test.mjs	92335.062399000	92520.498886	185.43648699999903
45	requirements/interaction-authority/tests/007.test.mjs	92523.708452000	92617.620054	93.9116020000074
45	requirements/interaction-authority/tests/008.test.mjs	92619.604554000	92731.482317	111.87776300001133
45	requirements/interaction-authority/tests/009.test.mjs	92701.805539000	92779.202014	77.39647500000137
45	requirements/interaction-authority/tests/010.test.mjs	92733.518736000	92798.82334	65.30460400000447
45	requirements/interaction-authority/tests/011.test.mjs	92781.321859000	94624.319658	1842.9977989999898
45	requirements/interaction-authority/tests/012.test.mjs	92800.922685000	92863.31245499999	62.389769999994314
45	requirements/interaction-authority/tests/013.test.mjs	92865.694596000	93039.984468	174.28987199999392
45	requirements/interaction-authority/tests/014.test.mjs	93042.486019000	93104.69763699999	62.21161799998663
45	requirements/interaction-authority/tests/015.test.mjs	93106.716992000	93403.133516	296.4165240000002
45	requirements/interaction-authority/tests/016.test.mjs	93405.393324000	93490.044815	84.65149100001145
45	requirements/interaction-authority/tests/017.test.mjs	93492.537613000	93935.93973099999	443.40211799999815
45	requirements/interaction-authority/tests/018.test.mjs	93938.691310000	94013.009821	74.31851100000495
45	requirements/interaction-authority/tests/019.test.mjs	94015.515920000	94333.563818	318.04789800000435
45	requirements/interaction-authority/tests/020.test.mjs	94335.911549000	94378.793503	42.88195399999677
45	requirements/interaction-authority/tests/021.test.mjs	94380.834320000	94671.03319999999	290.1988799999963
45	requirements/interaction-authority/tests/022.test.mjs	94624.896207000	94700.712677	75.81647000000521
45	requirements/interaction-authority/tests/023.test.mjs	94673.305425000	94744.535771	71.23034599999664
45	requirements/intra-participant-parallelism/tests/001.test.mjs	94705.203949000	94736.464862	31.26091299999098
45	requirements/intra-participant-parallelism/tests/002.test.mjs	94738.792732000	94805.520559	66.72782699999516
45	requirements/intra-participant-parallelism/tests/003.test.mjs	94746.436377000	94817.532479	71.09610200001043
45	requirements/intra-participant-parallelism/tests/004.test.mjs	94807.497159000	94889.984848	82.48768900000141
45	requirements/intra-participant-parallelism/tests/005.test.mjs	94819.683223000	94902.550153	82.86693000000378
45	requirements/intra-participant-parallelism/tests/006.test.mjs	94893.221258000	94959.100766	65.87950800001272
45	requirements/intra-participant-parallelism/tests/007.test.mjs	94904.781017000	94969.273063	64.49204599999939
45	requirements/intra-participant-parallelism/tests/008.test.mjs	94961.458841000	95025.224092	63.765251000004355
45	requirements/intra-participant-parallelism/tests/009.test.mjs	94971.097434000	95198.845234	227.74779999999737
45	requirements/intra-participant-parallelism/tests/010.test.mjs	95027.744482000	95074.527237	46.782755000007455
45	requirements/intra-participant-parallelism/tests/011.test.mjs	95076.522726000	95168.93660999999	92.41388399999414
45	requirements/intra-participant-parallelism/tests/012.test.mjs	95172.573704000	95505.52979	332.9560860000056
45	requirements/intra-participant-parallelism/tests/013.test.mjs	95200.770097000	96826.309742	1625.539644999997
45	requirements/intra-participant-parallelism/tests/014.test.mjs	95507.951621000	95599.743338	91.79171700000006
45	requirements/intra-participant-parallelism/tests/015.test.mjs	95602.000562000	95666.429242	64.42867999999726
45	requirements/intra-participant-parallelism/tests/017.test.mjs	95668.949012000	97031.275153	1362.3261409999977
45	requirements/js-semantic-surface/tests/001.test.mjs	96827.592867000	96961.687865	134.0949980000005
45	requirements/js-semantic-surface/tests/002.test.mjs	96965.529597000	98470.20464299999	1504.6750459999894
45	requirements/js-semantic-surface/tests/003.test.mjs	97033.672007000	98544.48260399999	1510.8105969999888
45	requirements/js-semantic-surface/tests/004.test.mjs	98472.489137000	98529.398771	56.909633999996004
45	requirements/js-semantic-surface/tests/005.test.mjs	98531.381170000	98569.919796	38.53862600000866
45	requirements/js-semantic-surface/tests/006.test.mjs	98547.198448000	101467.771309	2920.572861000008
45	requirements/knowledge-reuse/tests/001.test.mjs	98572.283339000	98856.613534	284.3301950000023
45	requirements/knowledge-reuse/tests/002.test.mjs	98861.256968000	99139.805377	278.54840899999544
45	requirements/knowledge-reuse/tests/003.test.mjs	99142.837534000	99225.261227	82.42369300000428
45	requirements/knowledge-reuse/tests/004.test.mjs	99227.564626000	99506.723544	279.158918000001
45	requirements/knowledge-reuse/tests/005.test.mjs	99509.806919000	100215.833082	706.0261630000023
45	requirements/knowledge-reuse/tests/006.test.mjs	100218.000737000	100550.425028	332.424291000003
45	requirements/knowledge-reuse/tests/007.test.mjs	100552.739544000	100755.991626	203.25208200000634
45	requirements/knowledge-reuse/tests/008.test.mjs	100758.000481000	100971.93849	213.93800900000497
45	requirements/knowledge-reuse/tests/009.test.mjs	100974.172090000	101178.62635199999	204.4542619999993
45	requirements/knowledge-reuse/tests/010.test.mjs	101180.682515000	102039.824197	859.1416820000013
45	requirements/knowledge-reuse/tests/011.test.mjs	101469.661783000	101763.244004	293.58222099998966
45	requirements/knowledge-reuse/tests/012.test.mjs	101765.497623000	101988.470687	222.9730639999907
45	requirements/knowledge-reuse/tests/013.test.mjs	101990.501894000	102024.01501999999	33.513125999990734
45	requirements/knowledge-reuse/tests/014.test.mjs	102025.778364000	102110.551181	84.77281700000458
45	requirements/knowledge-reuse/tests/015.test.mjs	102042.026941000	102373.039653	331.0127119999961
45	requirements/knowledge-reuse/tests/016.test.mjs	102113.602006000	102491.642201	378.0401949999941
45	requirements/managed-chat-execution/tests/001.test.mjs	102375.199322000	102576.005013	200.8056910000014
45	requirements/managed-chat-execution/tests/002.test.mjs	102493.846346000	102724.821681	230.9753350000101
45	requirements/managed-chat-execution/tests/003.test.mjs	102578.519284000	104263.713087	1685.193803000002
45	requirements/managed-chat-execution/tests/004.test.mjs	102727.075831000	103005.75586399999	278.6800329999969
45	requirements/managed-chat-execution/tests/005.test.mjs	103007.800590000	104830.324782	1822.5241919999971
45	requirements/managed-chat-execution/tests/006.test.mjs	104265.720106000	105503.589329	1237.8692230000015
45	requirements/managed-chat-execution/tests/007.test.mjs	104832.952079000	105063.65192799999	230.6998489999969
45	requirements/managed-chat-execution/tests/008.test.mjs	105066.202099000	105108.344329	42.14222999999765
45	requirements/managed-chat-execution/tests/009.test.mjs	105110.384152000	105240.343304	129.9591519999958
45	requirements/managed-chat-execution/tests/010.test.mjs	105249.228796000	106911.259781	1662.0309850000049
45	requirements/managed-chat-execution/tests/011.test.mjs	105506.227603000	105917.582768	411.35516500000085
45	requirements/managed-chat-execution/tests/012.test.mjs	105919.662520000	106337.690144	418.02762399999483
45	requirements/managed-chat-execution/tests/013.test.mjs	106340.481198000	106757.042212	416.56101400000625
45	requirements/managed-chat-execution/tests/014.test.mjs	106759.756871000	106996.842878	237.08600700000534
45	requirements/managed-session-lifecycle/tests/001.test.mjs	106914.104986000	107004.288913	90.1839270000055
45	requirements/managed-session-lifecycle/tests/002.test.mjs	106999.166087000	107062.381656	63.215569000007235
45	requirements/managed-session-lifecycle/tests/003.test.mjs	107006.022424000	107070.45143999999	64.42901599999459
45	requirements/managed-session-lifecycle/tests/004.test.mjs	107064.765266000	107672.81327099999	608.0480049999896
45	requirements/managed-session-lifecycle/tests/005.test.mjs	107072.263339000	107148.457335	76.19399600000179
45	requirements/managed-session-lifecycle/tests/006.test.mjs	107150.429345000	107767.871369	617.4420240000036
45	requirements/managed-session-lifecycle/tests/007.test.mjs	107675.458545000	108513.220894	837.7623489999969
45	requirements/managed-session-lifecycle/tests/008.test.mjs	107770.375310000	108744.96513499999	974.5898249999882
45	requirements/managed-session-lifecycle/tests/009.test.mjs	108515.056809000	109144.130534	629.0737249999947
45	requirements/managed-session-lifecycle/tests/010.test.mjs	108746.829412000	108816.139291	69.30987900000764
45	requirements/managed-session-lifecycle/tests/011.test.mjs	108819.000230000	108896.631431	77.63120100001106
45	requirements/managed-session-lifecycle/tests/012.test.mjs	108898.794440000	109141.63298	242.838539999997
45	requirements/managed-session-lifecycle/tests/013.test.mjs	109143.539773000	109746.437812	602.898039000007
45	requirements/managed-session-lifecycle/tests/014.test.mjs	109145.824857000	109667.486471	521.6616139999969
45	requirements/managed-session-lifecycle/tests/015.test.mjs	109669.592545000	110436.916183	767.3236380000017
45	requirements/managed-session-lifecycle/tests/016.test.mjs	109749.158412000	109843.02200299999	93.86359100000118
45	requirements/managed-session-lifecycle/tests/017.test.mjs	109844.015520000	109979.42879199999	135.41327199999068
45	requirements/managed-session-lifecycle/tests/018.test.mjs	109984.616149000	111748.00605499999	1763.3899059999967
45	requirements/managed-session-lifecycle/tests/019.test.mjs	110446.270839000	112137.280207	1691.0093680000136
45	requirements/managed-session-lifecycle/tests/020.test.mjs	111751.998592000	113333.130926	1581.1323339999944
45	requirements/managed-session-lifecycle/tests/021.test.mjs	112140.206336000	112185.246155	45.039818999997806
45	requirements/managed-session-lifecycle/tests/022.test.mjs	112187.291798000	112439.263851	251.97205300000496
45	requirements/managed-session-lifecycle/tests/023.test.mjs	112441.088520000	112498.904052	57.815532000007806
45	requirements/managed-session-lifecycle/tests/024.test.mjs	112501.069465000	112569.55718799999	68.48772299999837
45	requirements/managed-session-lifecycle/tests/025.test.mjs	112571.798205000	113232.822222	661.0240170000034
45	requirements/obligation-ledger/tests/001.test.mjs	113234.450296000	113505.501809	271.0515129999985
45	requirements/obligation-ledger/tests/002.test.mjs	113335.509209000	113589.220223	253.71101400000043
45	requirements/obligation-ledger/tests/003.test.mjs	113507.564557000	113551.248585	43.68402800000331
45	requirements/obligation-ledger/tests/004.test.mjs	113553.672026000	113821.677029	268.0050029999984
45	requirements/obligation-ledger/tests/005.test.mjs	113591.441720000	113850.919985	259.4782649999979
45	requirements/obligation-ledger/tests/006.test.mjs	113824.056514000	113857.514612	33.45809800000279
45	requirements/obligation-ledger/tests/007.test.mjs	113853.205970000	113889.61877	36.41280000000552
45	requirements/office-capability/tests/001.test.mjs	113859.460744000	113892.35419099999	32.89344699999492
45	requirements/office-capability/tests/003.test.mjs	113891.684663000	113945.714679	54.03001600000425
45	requirements/office-capability/tests/004.test.mjs	113893.966922000	113926.379543	32.412621000010404
45	requirements/office-capability/tests/005.test.mjs	113928.412057000	113962.623869	34.21181200000865
45	requirements/office-capability/tests/006.test.mjs	113947.640150000	113984.745484	37.10533400000713
45	requirements/office-capability/tests/007.test.mjs	113964.643543000	114051.320515	86.67697200000111
45	requirements/office-capability/tests/011.test.mjs	113986.507870000	114019.196027	32.68815699999686
45	requirements/office-capability/tests/012.test.mjs	114021.231174000	114077.926918	56.69574399999692
45	requirements/office-capability/tests/015.test.mjs	114052.803039000	114109.613857	56.81081800001266
45	requirements/office-capability/tests/016.test.mjs	114079.923257000	114135.72796799999	55.804710999989766
45	requirements/office-capability/tests/017.test.mjs	114111.554992000	114165.647163	54.09217100001115
45	requirements/office-capability/tests/018.test.mjs	114138.129817000	114195.454749	57.32493200000317
45	requirements/participant-horizon/tests/001.test.mjs	114167.957454000	114203.160611	35.20315699999628
45	requirements/participant-horizon/tests/002.test.mjs	114198.239625000	114249.071103	50.831477999992785
45	requirements/participant-horizon/tests/003.test.mjs	114205.762832000	114397.81182799999	192.04899599999771
45	requirements/participant-horizon/tests/004.test.mjs	114251.247031000	114294.554351	43.30732000000717
45	requirements/participant-horizon/tests/005.test.mjs	114296.878073000	114476.097746	179.2196729999996
45	requirements/participant-horizon/tests/006.test.mjs	114399.985373000	114435.96186499999	35.97649199998705
45	requirements/participant-horizon/tests/007.test.mjs	114437.967538000	114473.722947	35.755409000004875
45	requirements/participant-horizon/tests/008.test.mjs	114475.516460000	114507.73455899999	32.218098999990616
45	requirements/participant-horizon/tests/009.test.mjs	114477.721883000	114959.304813	481.5829300000041
45	requirements/participant-horizon/tests/010.test.mjs	114509.789685000	115014.300315	504.5106300000043
45	requirements/participant-horizon/tests/011.test.mjs	114961.615715000	115455.810971	494.19525600000634
45	requirements/participant-horizon/tests/012.test.mjs	115016.445687000	115098.65529899999	82.20961199999147
45	requirements/participant-horizon/tests/013.test.mjs	115100.943026000	115249.327444	148.38441800000146
45	requirements/participant-horizon/tests/014.test.mjs	115253.281682000	115293.50847	40.22678799999994
45	requirements/participant-horizon/tests/015.test.mjs	115295.892823000	115372.610577	76.71775399999751
45	requirements/participant-identity/tests/001.test.mjs	115375.099278000	115486.90097	111.80169200000819
45	requirements/participant-identity/tests/002.test.mjs	115458.518341000	115889.11691299999	430.59857199998805
45	requirements/participant-identity/tests/003.test.mjs	115488.907995000	115548.24090199999	59.33290699998906
45	requirements/participant-identity/tests/004.test.mjs	115550.411764000	115836.911836	286.5000720000098
45	requirements/participant-identity/tests/005.test.mjs	115838.886552000	115918.515724	79.62917200000084
45	requirements/participant-identity/tests/007.test.mjs	115891.480435000	115948.304462	56.824027000009664
45	requirements/participant-identity/tests/008.test.mjs	115920.737241000	117034.326516	1113.5892750000057
45	requirements/participant-identity/tests/009.test.mjs	115950.768726000	117519.539848	1568.7711220000056
45	requirements/participant-identity/tests/010.test.mjs	117037.005983000	117113.70698999999	76.70100699999603
45	requirements/prefix-stability/tests/001.test.mjs	117117.005601000	118364.16915999999	1247.1635589999933
45	requirements/prefix-stability/tests/002.test.mjs	117521.820795000	117621.37183999999	99.55104500000016
45	requirements/prefix-stability/tests/003.test.mjs	117623.609322000	122071.711429	4448.102106999999
45	requirements/prefix-stability/tests/004.test.mjs	118365.260194000	118430.15978999999	64.89959599998838
45	requirements/prefix-stability/tests/005.test.mjs	118432.652996000	118512.349697	79.69670100000803
45	requirements/prefix-stability/tests/006.test.mjs	118514.836023000	118684.656926	169.82090299999982
45	requirements/prefix-stability/tests/007.test.mjs	118686.928569000	119053.762005	366.8334360000008
45	requirements/prefix-stability/tests/008.test.mjs	119056.577047000	119154.928105	98.3510580000002
45	requirements/prefix-stability/tests/009.test.mjs	119158.581199000	119358.23564299999	199.65444399999978
45	requirements/prefix-stability/tests/010.test.mjs	119360.774638000	119848.288287	487.51364900000044
45	requirements/prefix-stability/tests/011.test.mjs	119850.105455000	119882.554596	32.4491410000046
45	requirements/prefix-stability/tests/012.test.mjs	119884.459816000	125164.63776	5280.1779439999955
45	requirements/prefix-stability/tests/013.test.mjs	122074.490336000	122164.426425	89.93608899999526
45	requirements/prefix-stability/tests/014.test.mjs	122166.693861000	122481.48193899999	314.78807799999777
45	requirements/prefix-stability/tests/015.test.mjs	122483.334971000	122695.529509	212.1945379999961
45	requirements/process-execution/tests/001.test.mjs	122697.768493000	122821.55079899999	123.7823059999937
45	requirements/process-execution/tests/002.test.mjs	122824.532832000	124911.45297	2086.9201380000013
45	requirements/process-execution/tests/003.test.mjs	124911.532520000	125041.19133	129.6588100000081
45	requirements/process-execution/tests/004.test.mjs	125043.327602000	126278.958514	1235.6309120000078
45	requirements/process-execution/tests/005.test.mjs	125166.493259000	125394.847814	228.35455499999807
45	requirements/process-execution/tests/006.test.mjs	125396.754879000	127518.396578	2121.641699
45	requirements/process-execution/tests/007.test.mjs	126280.897118000	126429.981584	149.08446600000025
45	requirements/process-execution/tests/008.test.mjs	126431.888450000	126491.859864	59.97141399999964
45	requirements/process-execution/tests/009.test.mjs	126494.050968000	126581.75891199999	87.70794399999431
45	requirements/process-execution/tests/010.test.mjs	126583.678897000	126829.87202499999	246.19312799999898
45	requirements/process-execution/tests/011.test.mjs	126832.156460000	127107.604658	275.44819799999823
45	requirements/process-execution/tests/012.test.mjs	127109.692797000	127185.271708	75.57891100000415
45	requirements/process-execution/tests/013.test.mjs	127187.232815000	127465.450699	278.21788399999787
45	requirements/process-execution/tests/014.test.mjs	127467.942678000	127779.216264	311.27358600001025
45	requirements/process-execution/tests/015.test.mjs	127521.194538000	128030.685709	509.4911710000015
45	requirements/process-execution/tests/016.test.mjs	127781.586289000	127879.197277	97.61098800000036
45	requirements/provider-attempt-recovery/tests/001.test.mjs	127881.204344000	128127.892918	246.6885739999998
45	requirements/provider-attempt-recovery/tests/002.test.mjs	128031.899159000	128275.474769	243.57560999999987
45	requirements/provider-attempt-recovery/tests/003.test.mjs	128130.280920000	128573.039391	442.7584710000083
45	requirements/provider-attempt-recovery/tests/004.test.mjs	128280.593608000	128677.02953	396.4359220000042
45	requirements/provider-attempt-recovery/tests/005.test.mjs	128576.795195000	129040.48030499999	463.68510999999125
45	requirements/provider-attempt-recovery/tests/006.test.mjs	128679.527176000	128755.259219	75.73204299999634
45	requirements/provider-attempt-recovery/tests/007.test.mjs	128757.239366000	129029.323779	272.08441300000413
45	requirements/provider-attempt-recovery/tests/008.test.mjs	129031.358088000	129140.27625899999	108.91817099999753
45	requirements/provider-attempt-recovery/tests/009.test.mjs	129042.080088000	129270.025446	227.9453579999972
45	requirements/provider-attempt-recovery/tests/010.test.mjs	129140.842012000	129229.768083	88.92607100000896
45	requirements/provider-attempt-recovery/tests/011.test.mjs	129231.749772000	129506.672226	274.92245399999956
45	requirements/provider-attempt-recovery/tests/012.test.mjs	129273.197770000	129423.018366	149.82059600000503
45	requirements/provider-attempt-recovery/tests/013.test.mjs	129425.401270000	129489.591456	64.19018599999254
45	requirements/provider-attempt-recovery/tests/014.test.mjs	129492.011957000	129832.437097	340.42514000000665
45	requirements/provider-attempt-recovery/tests/015.test.mjs	129509.047438000	129775.423033	266.375595000005
45	requirements/provider-attempt-recovery/tests/016.test.mjs	129778.098478000	129871.958359	93.85988099999668
45	requirements/provider-attempt-recovery/tests/017.test.mjs	129834.651516000	129920.67405799999	86.02254199999152
45	requirements/provider-attempt-recovery/tests/018.test.mjs	129874.070515000	129915.319753	41.24923800000397
45	requirements/provider-attempt-recovery/tests/019.test.mjs	129917.521143000	130218.92198	301.4008370000083
45	requirements/provider-attempt-recovery/tests/020.test.mjs	129923.219847000	130191.021213	267.8013659999997
45	requirements/provider-attempt-recovery/tests/021.test.mjs	130193.332188000	130612.707023	419.3748349999951
45	requirements/provider-attempt-recovery/tests/022.test.mjs	130221.242860000	130282.00773	60.764869999999064
45	requirements/provider-attempt-recovery/tests/023.test.mjs	130284.407439000	130708.25641199999	423.84897299998556
45	requirements/provider-language/tests/001.test.mjs	130618.058203000	130705.28847599999	87.23027299999376
45	requirements/provider-language/tests/002.test.mjs	130707.386951000	130804.57331899999	97.18636799999513
45	requirements/provider-language/tests/003.test.mjs	130710.407747000	130801.53103099999	91.12328400000115
45	requirements/provider-language/tests/004.test.mjs	130803.684108000	130898.17218699999	94.48807900000247
45	requirements/provider-language/tests/005.test.mjs	130806.498142000	130944.20175499999	137.70361299999058
45	requirements/provider-language/tests/006.test.mjs	130900.415430000	130991.46340099999	91.04797099999269
45	requirements/provider-language/tests/007.test.mjs	130946.487342000	131031.615154	85.12781199999154
45	requirements/provider-language/tests/008.test.mjs	130993.656408000	131161.47615	167.8197419999924
45	requirements/provider-language/tests/009.test.mjs	131033.738927000	131216.686933	182.94800599999144
45	requirements/provider-language/tests/010.test.mjs	131163.557088000	131207.351184	43.79409599999781
45	requirements/provider-language/tests/011.test.mjs	131209.687979000	131256.120815	46.432835999992676
45	requirements/provider-language/tests/012.test.mjs	131218.971529000	131262.739106	43.767576999991434
45	requirements/provider-language/tests/013.test.mjs	131258.562026000	131854.741964	596.1799379999866
45	requirements/provider-projection/tests/001.test.mjs	131264.671029000	131341.337481	76.66645200000494
45	requirements/provider-projection/tests/002.test.mjs	131344.026597000	131418.603537	74.57693999999901
45	requirements/provider-projection/tests/003.test.mjs	131423.602266000	131621.92834399999	198.32607799998368
45	requirements/provider-projection/tests/004.test.mjs	131626.691147000	131703.847648	77.15650099999039
45	requirements/provider-projection/tests/005.test.mjs	131706.006444000	131817.325475	111.31903099999181
45	requirements/provider-projection/tests/006.test.mjs	131819.369628000	131897.1701	77.80047200000263
45	requirements/provider-projection/tests/007.test.mjs	131856.821270000	131907.963127	51.14185700000962
45	requirements/provider-projection/tests/008.test.mjs	131897.951378000	132024.174087	126.22270899999421
45	requirements/provider-projection/tests/009.test.mjs	131909.965587000	132033.649627	123.68404000002192
45	requirements/provider-projection/tests/010.test.mjs	132026.334815000	132233.303899	206.9690839999821
45	requirements/provider-projection/tests/011.test.mjs	132036.657904000	140561.572146	8524.914241999999
45	requirements/provider-projection/tests/012.test.mjs	132236.638697000	132336.264969	99.62627200002316
45	requirements/provider-projection/tests/013.test.mjs	132336.366982000	132454.483575	118.11659299998428
45	requirements/provider-projection/tests/014.test.mjs	132456.547203000	132639.412334	182.86513099999866
45	requirements/relay-assessment/tests/001.test.mjs	132641.760280000	132724.180926	82.42064600001322
45	requirements/relay-assessment/tests/002.test.mjs	132724.277892000	135074.58465499998	2350.3067630000005
45	requirements/relay-assessment/tests/003.test.mjs	135076.624718000	135133.117762	56.493044000002556
45	requirements/relay-assessment/tests/004.test.mjs	135135.093107000	135195.715322	60.62221500001033
45	requirements/relay-assessment/tests/005.test.mjs	135198.117750000	135265.952288	67.83453799999552
45	requirements/relay-assessment/tests/006.test.mjs	135268.007443000	136415.257657	1147.2502139999997
45	requirements/relay-assessment/tests/007.test.mjs	136420.339942000	137667.169671	1246.8297290000191
45	requirements/relay-assessment/tests/008.test.mjs	137671.848849000	139292.281336	1620.4324869999837
45	requirements/relay-assessment/tests/009.test.mjs	139294.299896000	139327.214154	32.91425800000434
45	requirements/relay-assessment/tests/010.test.mjs	139329.695562000	139389.469097	59.77353499998571
45	requirements/relay-context-projection/tests/001.test.mjs	139393.362972000	140711.321821	1317.9588489999878
45	requirements/relay-context-projection/tests/002.test.mjs	140564.413426000	142808.630877	2244.217451000004
45	requirements/relay-context-projection/tests/003.test.mjs	140712.940388000	140747.762841	34.82245300000068
45	requirements/relay-context-projection/tests/004.test.mjs	140750.195035000	140788.224798	38.02976300002774
45	requirements/relay-context-projection/tests/005.test.mjs	140790.165902000	142078.188668	1288.02276599998
45	requirements/relay-context-projection/tests/006.test.mjs	142079.413564000	143337.312507	1257.8989430000074
45	requirements/relay-context-projection/tests/007.test.mjs	142810.942910000	142844.61768599998	33.67477599999984
45	requirements/relay-context-projection/tests/008.test.mjs	142846.876790000	144067.642007	1220.7652169999783
45	requirements/relay-context-projection/tests/009.test.mjs	143342.262074000	143379.626589	37.364514999993844
45	requirements/relay-incumbency/tests/001.test.mjs	143381.644940000	143439.908011	58.26307099999394
45	requirements/relay-incumbency/tests/002.test.mjs	143441.908525000	143525.55557	83.64704499999061
45	requirements/relay-incumbency/tests/003.test.mjs	143528.222959000	143587.61504099998	59.392081999976654
45	requirements/relay-incumbency/tests/004.test.mjs	143589.716027000	143646.626169	56.91014200000791
45	requirements/relay-incumbency/tests/005.test.mjs	143649.113226000	143721.43139399998	72.31816799999797
45	requirements/relay-incumbency/tests/006.test.mjs	143724.560268000	143801.238183	76.67791500000749
45	requirements/relay-incumbency/tests/008.test.mjs	143803.861306000	143869.249372	65.38806599998497
45	requirements/relay-incumbency/tests/009.test.mjs	143869.347109000	143932.372956	63.02584700001171
45	requirements/relay-incumbency/tests/010.test.mjs	143934.610817000	143996.41808899998	61.807271999976365
45	requirements/relay-incumbency/tests/011.test.mjs	143999.171287000	144072.57459899999	73.40331199998036
45	requirements/relay-incumbency/tests/012.test.mjs	144068.572158000	144127.629606	59.05744800000684
45	requirements/relay-incumbency/tests/013.test.mjs	144076.292981000	144134.133435	57.84045399999013
45	requirements/relay-retirement/tests/001.test.mjs	144129.639965000	144164.493357	34.85339199998998
45	requirements/relay-retirement/tests/002.test.mjs	144136.008349000	145354.314332	1218.3059829999984
45	requirements/relay-retirement/tests/003.test.mjs	144166.401822000	145514.001031	1347.5992090000072
45	requirements/relay-retirement/tests/004.test.mjs	145356.634898000	146641.713832	1285.0789340000192
45	requirements/relay-retirement/tests/007.test.mjs	145517.792413000	145586.031885	68.23947200001567
45	requirements/relay-retirement/tests/008.test.mjs	145588.806746000	147925.070842	2336.264095999999
45	requirements/relay-retirement/tests/009.test.mjs	146644.135290000	147219.275005	575.1397149999975
45	requirements/repository-investigation/tests/001.test.mjs	147221.391735000	147268.43325899998	47.04152400000021
45	requirements/repository-investigation/tests/002.test.mjs	147269.407587000	147372.238335	102.83074800000759
45	requirements/repository-investigation/tests/003.test.mjs	147374.563949000	147427.35290199998	52.78895299998112
45	requirements/repository-investigation/tests/004.test.mjs	147430.628948000	147466.428295	35.79934699999285
45	requirements/repository-investigation/tests/005.test.mjs	147468.622321000	147502.810309	34.18798799999058
45	requirements/repository-investigation/tests/006.test.mjs	147504.957965000	147597.555976	92.59801099999459
45	requirements/repository-investigation/tests/007.test.mjs	147600.042142000	147687.969106	87.92696400001296
45	requirements/repository-investigation/tests/008.test.mjs	147690.015358000	147767.700943	77.68558499999926
45	requirements/repository-investigation/tests/009.test.mjs	147770.223033000	147963.43136699998	193.20833399999538
45	requirements/repository-programming/tests/001.test.mjs	147927.590227000	148092.05823	164.46800299998722
45	requirements/repository-programming/tests/002.test.mjs	147966.485098000	148342.053582	375.56848399998853
45	requirements/repository-programming/tests/003.test.mjs	148094.285356000	148236.673452	142.38809599998058
45	requirements/repository-programming/tests/004.test.mjs	148238.753566000	148327.793417	89.03985100000864
45	requirements/repository-programming/tests/005.test.mjs	148330.134324000	148477.884739	147.7504150000168
45	requirements/repository-programming/tests/006.test.mjs	148344.251433000	148666.306132	322.05469900000026
45	requirements/repository-programming/tests/007.test.mjs	148480.191646000	148712.087538	231.89589200000046
45	requirements/repository-programming/tests/008.test.mjs	148668.398294000	148778.382429	109.98413500000606
45	requirements/repository-programming/tests/009.test.mjs	148714.578320000	148822.718989	108.14066899998579
45	requirements/repository-programming/tests/010.test.mjs	148780.755435000	148947.710974	166.95553899998777
45	requirements/repository-programming/tests/011.test.mjs	148825.693060000	149121.7977	296.104640000005
45	requirements/repository-programming/tests/012.test.mjs	148950.457662000	149209.75188999998	259.2942279999843
45	requirements/repository-programming/tests/013.test.mjs	149124.248339000	149387.240738	262.99239900000975
45	requirements/repository-programming/tests/014.test.mjs	149211.710873000	149486.270896	274.5600229999982
45	requirements/repository-programming/tests/015.test.mjs	149390.044523000	149636.006008	245.9614850000071
45	requirements/repository-programming/tests/016.test.mjs	149489.706600000	149744.424253	254.7176529999997
45	requirements/repository-programming/tests/017.test.mjs	149638.188711000	149746.991729	108.80301800000598
45	requirements/repository-programming/tests/018.test.mjs	149746.299429000	149982.57830999998	236.27888099997654
45	requirements/repository-programming/tests/019.test.mjs	149748.972735000	149965.665185	216.69245000000228
45	requirements/repository-programming/tests/020.test.mjs	149968.190197000	150248.375416	280.1852190000063
45	requirements/repository-programming/tests/021.test.mjs	149985.193379000	150021.297596	36.10421699998551
45	requirements/repository-programming/tests/022.test.mjs	150023.635795000	150128.171206	104.53541099998984
45	requirements/repository-programming/tests/023.test.mjs	150130.104480000	150324.671194	194.56671399998595
45	requirements/repository-programming/tests/024.test.mjs	150249.514365000	150451.55444	202.04007499999716
45	requirements/repository-programming/tests/025.test.mjs	150326.655766000	150555.87159999998	229.21583399997326
45	requirements/repository-programming/tests/026.test.mjs	150454.563476000	150546.287506	91.72402999998303
45	requirements/repository-programming/tests/027.test.mjs	150548.233439000	150648.854842	100.62140299999737
45	requirements/requirement-grounding/tests/001.test.mjs	150557.797903000	150621.999409	64.20150600001216
45	requirements/requirement-grounding/tests/002.test.mjs	150624.483188000	150695.523501	71.04031300000497
45	requirements/requirement-grounding/tests/003.test.mjs	150651.113860000	150721.411276	70.2974160000158
45	requirements/requirement-grounding/tests/004.test.mjs	150698.633971000	150766.81213099998	68.17815999998129
45	requirements/requirement-grounding/tests/005.test.mjs	150724.433071000	151016.930094	292.49702300000354
45	requirements/requirement-grounding/tests/006.test.mjs	150768.903575000	152715.81752399998	1946.9139489999798
45	requirements/requirement-grounding/tests/007.test.mjs	151019.199247000	171464.112868	20444.913621000014
45	requirements/requirement-grounding/tests/008.test.mjs	152719.826744000	154032.493849	1312.6671050000004
45	requirements/requirement-grounding/tests/009.test.mjs	154035.728372000	154324.757584	289.0292120000231
45	requirements/requirement-grounding/tests/010.test.mjs	154326.990237000	154638.175165	311.1849280000024
45	requirements/requirement-grounding/tests/011.test.mjs	154640.644205000	158516.471904	3875.827699000016
45	requirements/requirement-grounding/tests/012.test.mjs	158518.673010000	163864.227892	5345.554881999997
45	requirements/requirement-system/tests/001.test.mjs	163866.576199000	163914.064594	47.488394999993034
45	requirements/requirement-system/tests/004.test.mjs	163916.390758000	163966.3399	49.949141999997664
45	requirements/requirement-system/tests/005.test.mjs	163968.361206000	164010.642726	42.28151999998954
45	requirements/requirement-system/tests/006.test.mjs	164014.277762000	164060.562493	46.284731000021566
45	requirements/requirement-system/tests/007.test.mjs	164062.810870000	164105.982031	43.17116100000567
45	requirements/requirement-system/tests/008.test.mjs	164110.294157000	164155.713324	45.41916700001457
45	requirements/requirement-system/tests/011.test.mjs	164157.962603000	164205.895746	47.93314300000202
45	requirements/requirement-system/tests/017.test.mjs	164208.106767000	165225.915533	1017.8087660000019
45	requirements/requirement-system/tests/018.test.mjs	165228.491424000	165277.37764299999	48.886218999978155
45	requirements/semantic-trace/tests/001.test.mjs	165279.604968000	165532.562749	252.95778100000462
45	requirements/semantic-trace/tests/002.test.mjs	165534.672225000	165951.93936299998	417.2671379999956
45	requirements/semantic-trace/tests/003.test.mjs	165954.543628000	166236.471742	281.9281140000094
45	requirements/semantic-trace/tests/004.test.mjs	166238.741350000	166427.868467	189.12711699999636
45	requirements/semantic-trace/tests/005.test.mjs	166430.096854000	166625.554294	195.45743999999831
45	requirements/semantic-trace/tests/006.test.mjs	166629.222396000	166817.875076	188.65267999999924
45	requirements/semantic-trace/tests/007.test.mjs	166820.464518000	167193.265125	372.80060700001195
45	requirements/semantic-trace/tests/008.test.mjs	167195.699412000	167231.010563	35.3111510000017
45	requirements/semantic-trace/tests/009.test.mjs	167234.197268000	167405.748815	171.55154700001003
45	requirements/semantic-trace/tests/010.test.mjs	167407.720454000	167696.669683	288.94922899999074
45	requirements/semantic-trace/tests/011.test.mjs	167698.929747000	167741.969213	43.039466000016546
45	requirements/semantic-trace/tests/012.test.mjs	167743.630783000	167786.978835	43.34805199998664
45	requirements/session-ontology/tests/001.test.mjs	167789.715940000	167867.569987	77.85404700000072
45	requirements/session-ontology/tests/002.test.mjs	167871.222775000	167931.10932	59.886544999986654
45	requirements/session-ontology/tests/003.test.mjs	167933.103373000	167994.981317	61.87794400000712
45	requirements/session-ontology/tests/004.test.mjs	167997.424147000	168068.22177499998	70.79762800000026
45	requirements/session-ontology/tests/005.test.mjs	168070.731706000	168133.182775	62.45106900000246
45	requirements/session-ontology/tests/006.test.mjs	168135.328908000	168235.114585	99.78567700000713
45	requirements/session-ontology/tests/007.test.mjs	168237.903238000	168313.170817	75.26757900000666
45	requirements/session-ontology/tests/008.test.mjs	168316.930276000	168399.656694	82.72641800000565
45	requirements/session-ontology/tests/009.test.mjs	168402.473249000	168465.271692	62.798443000006955
45	requirements/session-ontology/tests/010.test.mjs	168467.835917000	168531.188297	63.35237999999663
45	requirements/session-ontology/tests/011.test.mjs	168535.906955000	168576.797996	40.891041000024416
45	requirements/session-ontology/tests/012.test.mjs	168580.539478000	168640.23828	59.69880199999898
45	requirements/session-ontology/tests/014.test.mjs	168642.889575000	168685.872695	42.98311999998987
45	requirements/speculative-investigation/tests/001.test.mjs	168688.290988000	168915.383402	227.09241400001338
45	requirements/speculative-investigation/tests/002.test.mjs	168917.727404000	169518.746815	601.0194109999866
45	requirements/speculative-investigation/tests/003.test.mjs	169520.982735000	169730.20746	209.2247250000073
45	requirements/speculative-investigation/tests/004.test.mjs	169732.631883000	170048.04396	315.4120770000154
45	requirements/speculative-investigation/tests/005.test.mjs	170050.885210000	170380.226567	329.3413569999975
45	requirements/speculative-investigation/tests/006.test.mjs	170384.194226000	170699.960346	315.7661200000148
45	requirements/speculative-investigation/tests/007.test.mjs	170702.760385000	170978.58364599998	275.8232609999832
45	requirements/speculative-investigation/tests/008.test.mjs	170981.088000000	171304.927846	323.83984600001713
45	requirements/speculative-investigation/tests/009.test.mjs	171307.328944000	172648.606331	1341.27738699998
45	requirements/speculative-investigation/tests/010.test.mjs	171466.114514000	171639.335046	173.22053200000664
45	requirements/speculative-investigation/tests/011.test.mjs	171641.804577000	172249.31144299998	607.5068659999815
45	requirements/speculative-investigation/tests/012.test.mjs	172251.669016000	172827.753763	576.0847469999862
45	requirements/speculative-investigation/tests/013.test.mjs	172651.612571000	176040.285645	3388.673073999991
45	requirements/speculative-investigation/tests/014.test.mjs	172829.848681000	172982.536942	152.68826100000297
45	requirements/speculative-investigation/tests/015.test.mjs	172984.573101000	173816.609196	832.0360950000177
45	requirements/speculative-investigation/tests/016.test.mjs	173819.131907000	174432.373223	613.2413159999996
45	requirements/speculative-investigation/tests/020.test.mjs	174434.731506000	174743.019391	308.2878849999979
45	requirements/sphinx-v2/tests/001.test.mjs	174745.168931000	174984.096888	238.92795700000715
45	requirements/sphinx-v2/tests/002.test.mjs	174986.268901000	175064.04400999998	77.77510899998015
45	requirements/sphinx-v2/tests/004.test.mjs	175066.305377000	175134.521761	68.21638400002848
45	requirements/sphinx-v2/tests/010.test.mjs	175136.090225000	175200.28537	64.19514500000514
45	requirements/sphinx-v2/tests/011.test.mjs	175202.356952000	175406.227441	203.87048899999354
45	requirements/sphinx-v2/tests/012.test.mjs	175408.383551000	175442.90501	34.521458999981405
45	requirements/sphinx-v2/tests/013.test.mjs	175445.404688000	175507.725268	62.32057999999961
45	requirements/sphinx-v2/tests/014.test.mjs	175509.734656000	175598.928901	89.1942450000206
45	requirements/sphinx-v2/tests/017.test.mjs	175601.819497000	175923.606233	321.7867360000091
45	requirements/sphinx-v2/tests/018.test.mjs	175927.238717000	176023.854085	96.61536799999885
45	requirements/sphinx-v2/tests/019.test.mjs	176030.262922000	176728.31073199998	698.0478099999891
45	requirements/sphinx-v2/tests/020.test.mjs	176042.882459000	176432.037322	389.1548630000034
45	requirements/sphinx-v2/tests/021.test.mjs	176436.363140000	176515.372959	79.00981899999897
45	requirements/sphinx-v2/tests/022.test.mjs	176517.674207000	176555.68618699998	38.01197999998112
45	requirements/sphinx-v2/tests/023.test.mjs	176558.277031000	176647.223733	88.94670199998654
45	requirements/sphinx-v2/tests/025.test.mjs	176650.545940000	176744.469261	93.9233209999802
45	requirements/sphinx-v2/tests/026.test.mjs	176730.925222000	176815.517944	84.59272200000123
45	requirements/sphinx-v2/tests/029.test.mjs	176746.351758000	176823.898232	77.54647400000249
45	requirements/sphinx-v2/tests/033.test.mjs	176817.699872000	178090.286527	1272.5866549999919
45	requirements/sphinx-v2/tests/034.test.mjs	176826.191668000	176917.625007	91.43333900001016
45	requirements/sphinx-v2/tests/036.test.mjs	176921.238453000	178836.705967	1915.467513999989
45	requirements/structured-workflow/tests/003.test.mjs	178092.777841000	178191.352431	98.57459000000381
45	requirements/structured-workflow/tests/004.test.mjs	178193.907942000	178302.368801	108.46085900001344
45	requirements/structured-workflow/tests/005.test.mjs	178305.204143000	178610.683276	305.4791329999862
45	requirements/structured-workflow/tests/006.test.mjs	178612.819715000	178873.91064	261.0909249999968
45	requirements/structured-workflow/tests/009.test.mjs	178839.188057000	178922.863696	83.67563899999368
45	requirements/structured-workflow/tests/010.test.mjs	178876.192178000	179324.638166	448.4459879999922
45	requirements/structured-workflow/tests/011.test.mjs	178925.309382000	179086.286817	160.97743499997887
45	requirements/structured-workflow/tests/012.test.mjs	179088.212678000	180675.330828	1587.1181499999948
45	requirements/structured-workflow/tests/013.test.mjs	179327.198374000	179480.24043	153.0420560000057
45	requirements/structured-workflow/tests/014.test.mjs	179483.216355000	180412.518619	929.3022640000272
45	requirements/structured-workflow/tests/015.test.mjs	180414.868019000	180515.455903	100.58788400000776
45	requirements/structured-workflow/tests/016.test.mjs	180517.975891000	180556.191708	38.21581699998933
45	requirements/structured-workflow/tests/018.test.mjs	180558.687529000	180594.242687	35.55515800000285
45	requirements/structured-workflow/tests/019.test.mjs	180597.198972000	180647.79669699998	50.59772499999963
45	requirements/time-capability/tests/001.test.mjs	180649.671642000	180726.704842	77.03320000000531
45	requirements/time-capability/tests/002.test.mjs	180678.194463000	180724.118544	45.92408100000466
45	requirements/time-capability/tests/003.test.mjs	180726.061142000	180811.476844	85.41570199999842
45	requirements/time-capability/tests/004.test.mjs	180728.480117000	180881.392128	152.91201100000762
45	requirements/time-capability/tests/005.test.mjs	180813.539612000	180889.752567	76.21295499999542
45	requirements/time-capability/tests/006.test.mjs	180883.851524000	180972.894141	89.04261699999915
45	requirements/time-capability/tests/007.test.mjs	180891.629024000	180970.27875	78.64972600000328
45	requirements/time-capability/tests/008.test.mjs	180972.222558000	181093.918959	121.69640099999378
45	requirements/verification-system/tests/002.test.mjs	180974.712670000	181013.258972	38.54630200000247
45	requirements/verification-system/tests/003.test.mjs	181014.456536000	181248.792793	234.3362570000172
45	requirements/verification-system/tests/004.test.mjs	181096.206005000	181173.813715	77.60771000001114
45	requirements/verification-system/tests/005.test.mjs	181176.288913000	183316.155795	2139.866882000002
45	requirements/verification-system/tests/006.test.mjs	181252.267979000	195881.247082	14628.97910299999
45	requirements/verification-system/tests/007.test.mjs	183317.945311000	183725.446187	407.5008760000055
45	requirements/verification-system/tests/008.test.mjs	183727.715015000	186154.757037	2427.0420220000087
45	requirements/verification-system/tests/009.test.mjs	186156.727796000	188624.34056799999	2467.612771999993
45	requirements/verification-system/tests/010.test.mjs	188626.248432000	188799.499262	173.2508300000045
45	requirements/verification-system/tests/011.test.mjs	188801.724965000	190772.708858	1970.983892999997
45	requirements/verification-system/tests/012.test.mjs	190774.571295000	190811.67339399998	37.102098999981536
45	requirements/verification-system/tests/014.test.mjs	190814.237769000	191015.861416	201.62364700000035
45	requirements/verification-system/tests/015.test.mjs	191018.505911000	191068.677505	50.17159400001401
45	requirements/verification-system/tests/016.test.mjs	191070.518649000	254141.028965	63070.510316
45	requirements/verification-system/tests/017.test.mjs	195883.283701000	196960.188322	1076.9046209999942
45	requirements/verification-system/tests/018.test.mjs	196963.507674000	197070.588052	107.0803780000133
45	requirements/verification-system/tests/020.test.mjs	197072.906994000	197122.79091799998	49.883923999994295
45	requirements/verification-system/tests/021.test.mjs	197123.948032000	198928.669431	1804.7213990000018
45	requirements/work-record/tests/001.test.mjs	198930.841172000	199246.514491	315.6733190000232
45	requirements/work-record/tests/002.test.mjs	199249.059024000	200127.696193	878.6371690000233
45	requirements/work-record/tests/003.test.mjs	200130.257852000	200314.47574	184.21788799998467
45	requirements/work-record/tests/004.test.mjs	200316.536205000	200836.26974299998	519.7335379999713
45	requirements/work-record/tests/005.test.mjs	200838.202504000	201148.075446	309.87294200001634
45	requirements/work-record/tests/006.test.mjs	201150.540379000	201596.319306	445.77892700000666
45	requirements/work-record/tests/007.test.mjs	201598.227601000	201969.689787	371.46218600001885
45	requirements/work-record/tests/008.test.mjs	201971.840668000	202204.164973	232.32430500001647
45	requirements/work-record/tests/009.test.mjs	202206.215221000	202378.520917	172.3056959999958
45	requirements/work-record/tests/010.test.mjs	202380.931728000	202643.949999	263.0182710000081
45	requirements/work-record/tests/011.test.mjs	202646.978061000	203534.16616999998	887.1881089999806
45	requirements/work-record/tests/012.test.mjs	203537.236065000	203588.89359	51.6575249999878
45	requirements/work-record/tests/013.test.mjs	203591.592745000	203788.375272	196.78252700000303
45	requirements/work-record/tests/014.test.mjs	203791.751098000	203961.250205	169.49910699998145
45	requirements/work-record/tests/015.test.mjs	203963.522197000	204294.600141	331.07794400001876
45	requirements/work-record/tests/016.test.mjs	204297.287730000	205133.622944	836.3352139999915
45	requirements/work-record/tests/017.test.mjs	205136.331475000	205170.477492	34.14601700002095
f136	requirements/action-affordance/tests/001.test.mjs	36.034217000	344.50955899999997	308.47534199999996
f136	requirements/action-affordance/tests/002.test.mjs	38.760260000	80.60611999999992	41.845860000000016
f136	requirements/action-affordance/tests/003.test.mjs	82.694151000	125.42459099999996	42.730440000000044
f136	requirements/action-affordance/tests/004.test.mjs	127.397113000	171.7299549999999	44.332841999999914
f136	requirements/action-affordance/tests/005.test.mjs	175.923338000	221.353882	45.430544000000054
f136	requirements/action-affordance/tests/006.test.mjs	223.498117000	270.75280399999997	47.25468699999999
f136	requirements/action-affordance/tests/007.test.mjs	275.075351000	414.447998	139.37264700000003
f136	requirements/action-affordance/tests/008.test.mjs	347.586732000	401.17815499999995	53.59142299999996
f136	requirements/action-affordance/tests/009.test.mjs	404.383462000	725.317563	320.93410099999994
f136	requirements/action-affordance/tests/010.test.mjs	416.722630000	463.150264	46.42763400000001
f136	requirements/action-affordance/tests/011.test.mjs	465.356513000	510.09065099999987	44.734137999999916
f136	requirements/action-affordance/tests/012.test.mjs	512.322599000	565.053955	52.731356000000005
f136	requirements/action-affordance/tests/013.test.mjs	568.081012000	612.696732	44.61572000000001
f136	requirements/action-affordance/tests/014.test.mjs	614.787537000	934.373894	319.5863569999999
f136	requirements/action-affordance/tests/015.test.mjs	727.529160000	1047.400608	319.871448
f136	requirements/attention-regulation/tests/001.test.mjs	936.422255000	1076.130458	139.70820300000003
f136	requirements/attention-regulation/tests/002.test.mjs	1049.452645000	2756.949885	1707.4972400000001
f136	requirements/attention-regulation/tests/003.test.mjs	1078.025167000	1243.2888199999998	165.26365299999998
f136	requirements/attention-regulation/tests/004.test.mjs	1245.585626000	3664.4960839999994	2418.9104579999994
f136	requirements/attention-regulation/tests/005.test.mjs	2762.929597000	4324.512536	1561.5829390000004
f136	requirements/attention-regulation/tests/006.test.mjs	3667.777425000	3763.894324	96.11689899999965
f136	requirements/behavior-diagnosis/tests/001.test.mjs	3765.893781000	3911.582168	145.68838700000015
f136	requirements/behavior-diagnosis/tests/002.test.mjs	3916.366677000	3986.711789	70.34511199999997
f136	requirements/behavior-diagnosis/tests/003.test.mjs	3989.030488000	4133.5598039999995	144.5293160000001
f136	requirements/behavior-diagnosis/tests/004.test.mjs	4136.239953000	4420.323667	284.0837139999994
f136	requirements/behavior-diagnosis/tests/005.test.mjs	4325.854451000	4429.960143	104.10569200000009
f136	requirements/behavior-diagnosis/tests/006.test.mjs	4424.438797000	6359.387049	1934.9482520000001
f136	requirements/behavior-diagnosis/tests/007.test.mjs	4431.726017000	4635.611513	203.88549599999988
f136	requirements/behavior-diagnosis/tests/008.test.mjs	4637.526482000	4971.176375	333.6498929999998
f136	requirements/behavior-diagnosis/tests/009.test.mjs	4973.308918000	6735.458941	1762.1500230000001
f136	requirements/behavior-diagnosis/tests/010.test.mjs	6361.157991000	6646.651483	285.4934919999996
f136	requirements/behavior-diagnosis/tests/011.test.mjs	6649.110137000	6764.407861	115.29772400000002
f136	requirements/behavior-diagnosis/tests/012.test.mjs	6737.671600000	6973.61359	235.94199000000026
f136	requirements/behavior-diagnosis/tests/013.test.mjs	6766.609213000	6996.808848	230.19963499999994
f136	requirements/behavior-diagnosis/tests/014.test.mjs	6974.691696000	7243.751537	269.05984100000023
f136	requirements/behavior-diagnosis/tests/015.test.mjs	6998.537847000	7124.9315129999995	126.39366599999994
f136	requirements/behavior-diagnosis/tests/016.test.mjs	7126.721805000	7517.686678	390.9648729999999
f136	requirements/behavior-diagnosis/tests/017.test.mjs	7245.571117000	15675.142929	8429.571812
f136	requirements/behavior-diagnosis/tests/018.test.mjs	7519.994100000	9266.43143	1746.4373300000007
f136	requirements/behavior-diagnosis/tests/019.test.mjs	9268.245707000	9311.627505	43.381798000000344
f136	requirements/capability-enforcement/tests/001.test.mjs	9313.398827000	9398.488877	85.0900500000007
f136	requirements/capability-enforcement/tests/002.test.mjs	9400.172527000	10488.103419	1087.9308919999985
f136	requirements/capability-enforcement/tests/003.test.mjs	10490.412273000	10572.156334	81.74406099999942
f136	requirements/capability-enforcement/tests/004.test.mjs	10574.068109000	10664.762609	90.6944999999996
f136	requirements/capability-enforcement/tests/005.test.mjs	10666.654384000	10836.356597	169.70221300000048
f136	requirements/capability-enforcement/tests/006.test.mjs	10838.326950000	13480.412489	2642.0855389999997
f136	requirements/capability-enforcement/tests/007.test.mjs	13482.337972000	13994.746561	512.4085890000006
f136	requirements/capability-enforcement/tests/009.test.mjs	13996.832241000	15356.038511	1359.2062700000006
f136	requirements/capability-enforcement/tests/010.test.mjs	15358.673855000	17440.834785000003	2082.1609300000036
f136	requirements/capability-enforcement/tests/011.test.mjs	15677.342586000	17167.202554000003	1489.8599680000025
f136	requirements/capability-enforcement/tests/012.test.mjs	17171.471366000	17586.006986	414.53561999999874
f136	requirements/capability-enforcement/tests/013.test.mjs	17443.048683000	17525.811080000003	82.76239700000224
f136	requirements/capability-enforcement/tests/014.test.mjs	17528.568418000	17570.557889000003	41.989471000000776
f136	requirements/capability-enforcement/tests/015.test.mjs	17572.921132000	17698.415359000002	125.49422699999923
f136	requirements/capability-enforcement/tests/016.test.mjs	17589.331920000	17710.387523	121.0556030000007
f136	requirements/capability-enforcement/tests/017.test.mjs	17701.396385000	17774.181506	72.7851210000008
f136	requirements/capability-enforcement/tests/018.test.mjs	17712.013325000	17787.183473	75.17014800000106
f136	requirements/capability-enforcement/tests/019.test.mjs	17777.374471000	18431.983299000003	654.6088280000004
f136	requirements/capability-enforcement/tests/020.test.mjs	17789.070198000	17832.951857	43.88165899999876
f136	requirements/capability-enforcement/tests/021.test.mjs	17834.670759000	25876.371613000003	8041.700854000002
f136	requirements/capability-enforcement/tests/023.test.mjs	18433.613397000	18877.450899000003	443.83750200000213
f136	requirements/capability-enforcement/tests/024.test.mjs	18879.462453000	20219.177341000002	1339.7148880000022
f136	requirements/capability-enforcement/tests/025.test.mjs	20221.334266000	22789.968313	2568.6340469999996
f136	requirements/capability-enforcement/tests/026.test.mjs	22792.024665000	23949.587730000003	1157.563065000002
f136	requirements/causal-wait/tests/001.test.mjs	23951.964381000	24045.284011000003	93.31963000000178
f136	requirements/causal-wait/tests/002.test.mjs	24047.242426000	24139.921214	92.67878800000108
f136	requirements/causal-wait/tests/003.test.mjs	24142.356183000	24606.385995	464.0298120000007
f136	requirements/causal-wait/tests/004.test.mjs	24609.358510000	24695.977565	86.61905499999921
f136	requirements/causal-wait/tests/005.test.mjs	24697.770170000	24897.098236	199.32806599999822
f136	requirements/causal-wait/tests/006.test.mjs	24899.167579000	25027.923222	128.75564300000042
f136	requirements/causal-wait/tests/007.test.mjs	25030.169090000	25153.838329000002	123.66923899999892
f136	requirements/causal-wait/tests/008.test.mjs	25156.369418000	25379.616444000003	223.24702600000091
f136	requirements/causal-wait/tests/009.test.mjs	25381.485359000	25530.060131000002	148.57477199999994
f136	requirements/change-integration/tests/001.test.mjs	25532.294993000	25745.335399000003	213.04040600000008
f136	requirements/change-integration/tests/002.test.mjs	25747.323789000	26084.516563	337.1927739999992
f136	requirements/change-integration/tests/003.test.mjs	25878.643591000	26223.817212	345.17362100000173
f136	requirements/change-integration/tests/004.test.mjs	26086.523571000	26747.722551000003	661.198980000001
f136	requirements/change-integration/tests/005.test.mjs	26226.138449000	26527.158613000003	301.0201640000014
f136	requirements/change-integration/tests/006.test.mjs	26529.384352000	26718.714703	189.33035100000052
f136	requirements/change-integration/tests/007.test.mjs	26720.782633000	26913.320183000003	192.53755000000092
f136	requirements/change-integration/tests/008.test.mjs	26752.341661000	27064.61862	312.2769589999989
f136	requirements/change-integration/tests/009.test.mjs	26916.321672000	27109.339567000003	193.01789500000086
f136	requirements/change-integration/tests/011.test.mjs	27066.512908000	27114.474625000003	47.961717000001954
f136	requirements/change-integration/tests/013.test.mjs	27111.544945000	27325.394993	213.85004800000024
f136	requirements/change-integration/tests/014.test.mjs	27116.295302000	27308.066577	191.77127499999915
f136	requirements/change-integration/tests/015.test.mjs	27310.341805000	27498.330286	187.98848100000032
f136	requirements/change-integration/tests/017.test.mjs	27327.364534000	27367.468065	40.10353100000066
f136	requirements/cognitive-environment/tests/001.test.mjs	27370.313568000	27412.751961	42.43839300000036
f136	requirements/cognitive-environment/tests/002.test.mjs	27414.621953000	27457.549093	42.92713999999978
f136	requirements/cognitive-environment/tests/003.test.mjs	27459.803475000	27563.761642	103.95816700000069
f136	requirements/cognitive-environment/tests/004.test.mjs	27500.089701000	27543.744199	43.654497999999876
f136	requirements/cognitive-environment/tests/005.test.mjs	27545.822705000	27641.105533	95.28282799999943
f136	requirements/cognitive-environment/tests/006.test.mjs	27565.888171000	27607.418559	41.53038799999922
f136	requirements/cognitive-environment/tests/007.test.mjs	27609.512654000	27651.122106000003	41.6094520000006
f136	requirements/cognitive-environment/tests/008.test.mjs	27642.937146000	27682.649731	39.71258500000113
f136	requirements/cognitive-environment/tests/009.test.mjs	27653.059184000	27690.446711	37.387526999998954
f136	requirements/cognitive-environment/tests/010.test.mjs	27684.482657000	27723.311579	38.8289220000006
f136	requirements/cognitive-environment/tests/011.test.mjs	27692.301334000	27730.030447	37.7291129999976
f136	requirements/cognitive-environment/tests/012.test.mjs	27725.432279000	27809.966118	84.53383899999972
f136	requirements/cognitive-environment/tests/013.test.mjs	27732.310427000	27774.083286	41.77285900000061
f136	requirements/cognitive-environment/tests/015.test.mjs	27775.939286000	32133.889221	4357.949935000001
f136	requirements/cognitive-environment/tests/016.test.mjs	27812.142361000	27851.87369	39.73132899999837
f136	requirements/cognitive-workspace/tests/001.test.mjs	27854.324338000	27895.901842000003	41.57750400000077
f136	requirements/cognitive-workspace/tests/002.test.mjs	27899.225697000	27943.503856000003	44.278159000001324
f136	requirements/cognitive-workspace/tests/003.test.mjs	27945.482722000	27987.853173000003	42.370451000002504
f136	requirements/cognitive-workspace/tests/004.test.mjs	27989.752439000	28034.949304	45.19686500000171
f136	requirements/cognitive-workspace/tests/005.test.mjs	28036.924214000	28083.395210000002	46.470996000000014
f136	requirements/cognitive-workspace/tests/006.test.mjs	28086.683301000	28135.695194	49.01189299999896
f136	requirements/cognitive-workspace/tests/007.test.mjs	28137.649312000	28180.375782000003	42.72647000000143
f136	requirements/cognitive-workspace/tests/008.test.mjs	28182.372595000	28226.331629	43.95903399999952
f136	requirements/cognitive-workspace/tests/009.test.mjs	28229.311294000	28274.951074	45.6397799999977
f136	requirements/cognitive-workspace/tests/010.test.mjs	28276.138466000	28320.513918	44.37545200000022
f136	requirements/concern-routing/tests/001.test.mjs	28323.313542000	28399.336514000002	76.02297200000248
f136	requirements/concern-routing/tests/002.test.mjs	28401.508916000	32316.008628	3914.499711999997
f136	requirements/concern-routing/tests/003.test.mjs	32136.342307000	33540.33702	1403.9947129999964
f136	requirements/concern-routing/tests/004.test.mjs	32318.105962000	34010.893292	1692.7873299999956
f136	requirements/concern-routing/tests/005.test.mjs	33541.516300000	34895.971303	1354.4550030000028
f136	requirements/concern-routing/tests/006.test.mjs	34013.614428000	36078.729365	2065.1149369999985
f136	requirements/concern-routing/tests/007.test.mjs	34898.319766000	34948.21711	49.89734399999725
f136	requirements/context-compression/tests/001.test.mjs	34950.113541000	34989.689643	39.57610199999908
f136	requirements/context-compression/tests/002.test.mjs	34991.780487000	35347.105326	355.3248390000008
f136	requirements/context-compression/tests/003.test.mjs	35350.338139000	35875.414544	525.0764049999998
f136	requirements/context-compression/tests/004.test.mjs	35877.448488000	35990.187354999995	112.73886700000003
f136	requirements/context-compression/tests/005.test.mjs	35992.563405000	36293.838871	301.27546599999914
f136	requirements/context-compression/tests/006.test.mjs	36080.636377000	36394.635472999995	313.99909599999955
f136	requirements/context-compression/tests/007.test.mjs	36296.091530000	36597.137382	301.0458520000029
f136	requirements/context-compression/tests/008.test.mjs	36396.750439000	36708.933479	312.18304000000353
f136	requirements/context-compression/tests/009.test.mjs	36599.388358000	36904.627817	305.239459000004
f136	requirements/context-compression/tests/010.test.mjs	36711.013032000	36833.267949	122.25491700000566
f136	requirements/context-compression/tests/011.test.mjs	36835.293446000	37086.968602	251.6751560000048
f136	requirements/context-compression/tests/012.test.mjs	36907.097148000	37147.74426	240.64711199999874
f136	requirements/context-compression/tests/013.test.mjs	37089.329574000	37197.806413	108.47683900000266
f136	requirements/context-compression/tests/014.test.mjs	37149.846362000	37285.355406999995	135.50904499999888
f136	requirements/context-compression/tests/015.test.mjs	37199.772440000	37282.205924999995	82.4334849999941
f136	requirements/context-compression/tests/016.test.mjs	37284.214866000	37521.645841	237.43097500000295
f136	requirements/context-compression/tests/017.test.mjs	37287.954949000	37494.377684	206.4227350000001
f136	requirements/context-compression/tests/018.test.mjs	37496.074945000	39288.872614	1792.7976689999996
f136	requirements/context-compression/tests/019.test.mjs	37523.542643000	38073.724745	550.1821019999988
f136	requirements/context-compression/tests/020.test.mjs	38075.701087000	38247.138841	171.43775399999868
f136	requirements/context-compression/tests/021.test.mjs	38249.773747000	38528.691216	278.917469
f136	requirements/context-compression/tests/022.test.mjs	38531.042304000	38822.064557	291.0222530000028
f136	requirements/context-compression/tests/023.test.mjs	38825.676757000	38941.642706	115.96594899999764
f136	requirements/context-compression/tests/024.test.mjs	38943.591866000	50776.079539	11832.487673000003
f136	requirements/context-compression/tests/025.test.mjs	39293.964437000	39586.068703	292.1042660000021
f136	requirements/context-compression/tests/026.test.mjs	39588.038805000	40134.571336	546.5325310000044
f136	requirements/context-compression/tests/027.test.mjs	40136.584198000	40551.922202999995	415.3380049999978
f136	requirements/context-compression/tests/028.test.mjs	40554.229449000	40643.504667	89.2752180000025
f136	requirements/context-compression/tests/029.test.mjs	40645.439556000	40832.714675999996	187.27511999999842
f136	requirements/context-compression/tests/030.test.mjs	40835.039995000	41019.159953999995	184.11995899999602
f136	requirements/crash-reconciliation/tests/001.test.mjs	41021.482979000	41100.483254	79.00027499999851
f136	requirements/crash-reconciliation/tests/002.test.mjs	41102.526717000	41193.425024	90.89830699999584
f136	requirements/crash-reconciliation/tests/003.test.mjs	41195.699005000	41306.362163	110.66315800000302
f136	requirements/crash-reconciliation/tests/004.test.mjs	41308.436433000	41352.352173	43.91574000000401
f136	requirements/crash-reconciliation/tests/005.test.mjs	41354.595793000	41441.666098999995	87.07030599999416
f136	requirements/crash-reconciliation/tests/006.test.mjs	41443.906810000	41528.886447	84.97963699999673
f136	requirements/crash-reconciliation/tests/007.test.mjs	41531.367360000	41644.116905999996	112.7495459999991
f136	requirements/crash-reconciliation/tests/008.test.mjs	41646.338238000	41718.030617	71.69237900000007
f136	requirements/crash-reconciliation/tests/009.test.mjs	41719.942316000	41971.212517	251.27020099999936
f136	requirements/crash-reconciliation/tests/010.test.mjs	41973.455070000	42057.450111	83.99504100000195
f136	requirements/crash-reconciliation/tests/011.test.mjs	42059.328966000	42131.456891999995	72.12792599999375
f136	requirements/crash-reconciliation/tests/012.test.mjs	42133.710843000	42214.982195	81.27135199999611
f136	requirements/crash-reconciliation/tests/013.test.mjs	42217.285896000	42289.696228	72.41033199999947
f136	requirements/crash-reconciliation/tests/014.test.mjs	42293.344663000	42377.296074	83.95141100000183
f136	requirements/crash-reconciliation/tests/015.test.mjs	42380.368004000	52942.728056	10562.360052000004
f136	requirements/crash-reconciliation/tests/016.test.mjs	50778.066677000	50868.083514	90.01683700000285
f136	requirements/crash-reconciliation/tests/017.test.mjs	50869.994798000	50908.271379	38.27658099999826
f136	requirements/crash-reconciliation/tests/018.test.mjs	50910.093639000	52240.046616	1329.9529770000008
f136	requirements/crash-reconciliation/tests/019.test.mjs	52242.884596000	52286.652657	43.76806100000249
f136	requirements/crash-reconciliation/tests/020.test.mjs	52288.620776000	52558.178282	269.55750600000465
f136	requirements/crash-reconciliation/tests/021.test.mjs	52560.296758000	52779.757668	219.4609100000016
f136	requirements/degeneration-guard/tests/001.test.mjs	52781.814881000	53008.245649	226.43076799999835
f136	requirements/degeneration-guard/tests/002.test.mjs	52945.032216000	53171.488463	226.4562470000019
f136	requirements/degeneration-guard/tests/003.test.mjs	53010.405983000	53242.05671	231.6507270000002
f136	requirements/degeneration-guard/tests/004.test.mjs	53173.728993000	53861.919745	688.1907520000022
f136	requirements/degeneration-guard/tests/005.test.mjs	53244.343389000	53493.861778	249.51838899999711
f136	requirements/degeneration-guard/tests/006.test.mjs	53498.333604000	53828.999528	330.6659240000008
f136	requirements/degeneration-guard/tests/007.test.mjs	53831.853653000	54100.692405	268.8387520000033
f136	requirements/degeneration-guard/tests/008.test.mjs	53864.425575000	54108.68765	244.26207499999873
f136	requirements/degeneration-guard/tests/009.test.mjs	54102.796584000	54362.724555	259.9279710000046
f136	requirements/degeneration-guard/tests/010.test.mjs	54111.314512000	54329.433297999996	218.1187859999991
f136	requirements/degeneration-guard/tests/011.test.mjs	54331.685410000	54430.843302	99.1578920000029
f136	requirements/degeneration-guard/tests/012.test.mjs	54365.171326000	54404.455082	39.28375600000436
f136	requirements/degeneration-guard/tests/013.test.mjs	54406.797315000	54639.820478	233.0231630000053
f136	requirements/delegation/tests/001.test.mjs	54433.305901000	54472.057275	38.75137399999949
f136	requirements/delegation/tests/002.test.mjs	54474.311110000	54545.773555	71.46244500000466
f136	requirements/delegation/tests/003.test.mjs	54548.217752000	57025.813196999996	2477.595444999999
f136	requirements/delegation/tests/004.test.mjs	54643.361629000	54684.094181	40.732552000001306
f136	requirements/delegation/tests/005.test.mjs	54686.557667000	54930.895381999995	244.3377149999942
f136	requirements/delegation/tests/006.test.mjs	54933.096021000	55895.454664	962.3586429999996
f136	requirements/delegation/tests/007.test.mjs	55897.725539000	56507.444798	609.7192589999977
f136	requirements/delegation/tests/008.test.mjs	56510.001375000	57067.300292	557.2989170000001
f136	requirements/delegation/tests/009.test.mjs	57028.477611000	57897.123405	868.6457940000037
f136	requirements/delegation/tests/010.test.mjs	57069.642945000	57881.377464	811.7345189999978
f136	requirements/delegation/tests/011.test.mjs	57883.723463000	58494.696538	610.9730750000017
f136	requirements/delegation/tests/012.test.mjs	57899.992183000	58600.947469	700.955286000004
f136	requirements/delegation/tests/013.test.mjs	58496.659329000	58760.950241	264.290912000004
f136	requirements/delegation/tests/014.test.mjs	58603.019655000	58874.004915	270.9852600000013
f136	requirements/delegation/tests/015.test.mjs	58763.235298000	59120.632644	357.3973459999979
f136	requirements/delegation/tests/017.test.mjs	58877.124731000	58918.556408	41.43167700000049
f136	requirements/delegation/tests/019.test.mjs	58920.899853000	59040.054633	119.1547800000044
f136	requirements/delegation/tests/020.test.mjs	59042.718081000	59094.230668	51.51258699999744
f136	requirements/delegation/tests/021.test.mjs	59096.398899000	59201.389199	104.99029999999766
f136	requirements/delegation/tests/022.test.mjs	59122.568614000	59209.813201	87.24458700000105
f136	requirements/delegation/tests/023.test.mjs	59203.855013000	59861.18561	657.3305970000001
f136	requirements/delegation/tests/024.test.mjs	59211.605574000	60409.678753	1198.073178999999
f136	requirements/delegation/tests/025.test.mjs	59861.267514000	60462.450175	601.1826609999989
f136	requirements/delegation/tests/026.test.mjs	60411.770574000	63097.774241	2686.0036670000045
f136	requirements/delegation/tests/027.test.mjs	60464.628467000	61543.799146	1079.1706790000026
f136	requirements/delegation/tests/028.test.mjs	61549.177818000	61772.349768	223.17195000000356
f136	requirements/delegation/tests/029.test.mjs	61774.188467000	61904.448237	130.25976999999693
f136	requirements/delegation/tests/030.test.mjs	61906.342516000	61942.869261	36.52674500000285
f136	requirements/delegation/tests/031.test.mjs	61944.524058000	62827.341322	882.8172640000048
f136	requirements/delegation/tests/032.test.mjs	62829.235209000	63441.0475	611.812291000002
f136	requirements/dispatch-protocol/tests/001.test.mjs	63100.538612000	63523.358681	422.82006900000124
f136	requirements/dispatch-protocol/tests/002.test.mjs	63443.518609000	64045.949879	602.431270000001
f136	requirements/dispatch-protocol/tests/003.test.mjs	63525.382228000	64013.4074	488.0251720000015
f136	requirements/dispatch-protocol/tests/004.test.mjs	64015.175779000	64427.951571	412.77579200000037
f136	requirements/dispatch-protocol/tests/005.test.mjs	64048.078831000	64299.627029999996	251.5481989999971
f136	requirements/dispatch-protocol/tests/006.test.mjs	64303.321255000	64568.510512	265.18925700000545
f136	requirements/dispatch-protocol/tests/007.test.mjs	64430.244070000	65092.59112299999	662.3470529999904
f136	requirements/dispatch-protocol/tests/008.test.mjs	64570.598012000	65066.567906	495.96989400000166
f136	requirements/dispatch-protocol/tests/009.test.mjs	65068.796539000	65751.423042	682.6265029999922
f136	requirements/dispatch-protocol/tests/010.test.mjs	65094.592373000	66028.587854	933.9954810000054
f136	requirements/dispatch-protocol/tests/011.test.mjs	65753.825367000	66148.362499	394.53713199999765
f136	requirements/dispatch-protocol/tests/012.test.mjs	66030.642334000	66580.230259	549.5879249999998
f136	requirements/dispatch-protocol/tests/013.test.mjs	66150.527275000	66569.764517	419.2372420000029
f136	requirements/dispatch-protocol/tests/014.test.mjs	66572.123016000	66611.508105	39.38508900000306
f136	requirements/dispatch-protocol/tests/015.test.mjs	66582.123676000	68242.490502	1660.3668259999977
f136	requirements/distribution/tests/001.test.mjs	66613.352487000	66741.441708	128.089221000002
f136	requirements/distribution/tests/002.test.mjs	66744.312259000	67464.545172	720.2329129999998
f136	requirements/distribution/tests/003.test.mjs	67466.492721000	68234.662361	768.1696399999928
f136	requirements/distribution/tests/004.test.mjs	68238.331927000	68285.96999499999	47.6380680000002
f136	requirements/distribution/tests/005.test.mjs	68244.776181000	69685.852832	1441.0766510000103
f136	requirements/distribution/tests/006.test.mjs	68288.122462000	68409.420654	121.29819200000202
f136	requirements/distribution/tests/007.test.mjs	68417.804594000	71467.103839	3049.299245000002
f136	requirements/distribution/tests/008.test.mjs	69688.170359000	69752.506916	64.33655700000236
f136	requirements/distribution/tests/009.test.mjs	69754.794607000	69859.337594	104.54298699999345
f136	requirements/distribution/tests/010.test.mjs	69862.327129000	69988.921342	126.59421300000395
f136	requirements/durable-convergence/tests/001.test.mjs	69991.426897000	70182.460782	191.0338849999971
f136	requirements/durable-convergence/tests/002.test.mjs	70184.805801000	70791.333971	606.528170000005
f136	requirements/durable-convergence/tests/003.test.mjs	70793.196381000	71195.486753	402.2903720000031
f136	requirements/durable-convergence/tests/004.test.mjs	71197.731120000	71404.092141	206.36102100000426
f136	requirements/durable-convergence/tests/005.test.mjs	71406.262676000	71632.690384	226.4277080000029
f136	requirements/durable-convergence/tests/006.test.mjs	71469.168554000	71684.34414	215.17558599999757
f136	requirements/durable-convergence/tests/007.test.mjs	71635.208784000	71946.597822	311.3890379999939
f136	requirements/durable-convergence/tests/008.test.mjs	71686.472401000	72064.912919	378.44051800000307
f136	requirements/durable-convergence/tests/009.test.mjs	71948.568016000	72233.978597	285.4105809999892
f136	requirements/durable-convergence/tests/010.test.mjs	72068.599311000	72431.290906	362.6915949999966
f136	requirements/durable-convergence/tests/011.test.mjs	72236.027248000	72777.507769	541.480521000005
f136	requirements/durable-events/tests/001.test.mjs	72433.502407000	72693.372649	259.8702420000045
f136	requirements/durable-events/tests/002.test.mjs	72695.482998000	74459.417112	1763.9341140000033
f136	requirements/durable-events/tests/003.test.mjs	72779.463074000	73056.247661	276.7845870000019
f136	requirements/durable-events/tests/004.test.mjs	73058.116501000	73508.936741	450.8202400000009
f136	requirements/durable-events/tests/005.test.mjs	73511.425376000	73874.79207	363.36669399999664
f136	requirements/durable-events/tests/006.test.mjs	73877.178756000	74178.623962	301.44520600000396
f136	requirements/durable-events/tests/007.test.mjs	74180.808949000	74423.438457	242.62950799999817
f136	requirements/durable-events/tests/008.test.mjs	74425.864472000	74657.896071	232.03159899999446
f136	requirements/durable-events/tests/009.test.mjs	74462.128403000	76348.303214	1886.1748110000044
f136	requirements/durable-events/tests/010.test.mjs	74659.940411000	75023.403951	363.463539999997
f136	requirements/durable-events/tests/011.test.mjs	75025.496147000	75262.00762399999	236.51147699999274
f136	requirements/durable-events/tests/012.test.mjs	75264.478753000	75716.709206	452.2304529999965
f136	requirements/durable-events/tests/013.test.mjs	75719.195497000	76207.190107	487.99461000000883
f136	requirements/durable-events/tests/014.test.mjs	76209.501955000	76576.92709	367.4251349999977
f136	requirements/durable-events/tests/015.test.mjs	76349.691139000	76585.029214	235.3380749999924
f136	requirements/durable-events/tests/016.test.mjs	76579.072071000	78268.23830299999	1689.1662319999887
f136	requirements/durable-events/tests/017.test.mjs	76586.928510000	76839.860762	252.9322519999987
f136	requirements/durable-events/tests/018.test.mjs	76841.986489000	77216.466013	374.47952399999485
f136	requirements/durable-events/tests/019.test.mjs	77218.377803000	78993.30677	1774.9289669999998
f136	requirements/durable-events/tests/020.test.mjs	78270.347781000	78545.946919	275.5991379999905
f136	requirements/durable-events/tests/021.test.mjs	78548.198585000	78786.693349	238.49476400000276
f136	requirements/durable-events/tests/022.test.mjs	78788.911115000	79010.177985	221.26687000000675
f136	requirements/durable-events/tests/023.test.mjs	78996.117361000	79622.752214	626.6348529999959
f136	requirements/durable-events/tests/024.test.mjs	79012.217643000	79051.45869	39.241047000003164
f136	requirements/durable-events/tests/025.test.mjs	79053.879713000	79332.27921	278.39949699999124
f136	requirements/effect-accounting/tests/001.test.mjs	79335.695665000	79553.205406	217.50974100000167
f136	requirements/effect-accounting/tests/002.test.mjs	79555.741768000	79751.333599	195.59183100001246
f136	requirements/effect-accounting/tests/003.test.mjs	79627.075137000	80154.065144	526.9900070000003
f136	requirements/effect-accounting/tests/004.test.mjs	79753.465075000	79940.756006	187.2909309999959
f136	requirements/effect-accounting/tests/005.test.mjs	79943.460016000	80357.410995	413.9509790000011
f136	requirements/effect-accounting/tests/006.test.mjs	80156.364253000	80527.545591	371.1813380000094
f136	requirements/effect-accounting/tests/007.test.mjs	80359.836905000	80625.720193	265.88328799999726
f136	requirements/effect-accounting/tests/008.test.mjs	80529.753978000	81403.529044	873.775066000002
f136	requirements/effect-accounting/tests/010.test.mjs	80629.320855000	80741.666464	112.34560899999633
f136	requirements/effect-accounting/tests/012.test.mjs	80743.635936000	80934.861719	191.22578300000168
f136	requirements/execution-failure-policy/tests/001.test.mjs	80936.787545000	81015.827531	79.03998600000341
f136	requirements/execution-failure-policy/tests/002.test.mjs	81017.905817000	81681.323984	663.4181670000107
f136	requirements/execution-failure-policy/tests/003.test.mjs	81405.536062000	82028.583453	623.0473910000001
f136	requirements/execution-failure-policy/tests/004.test.mjs	81681.835426000	81789.892724	108.05729799999972
f136	requirements/execution-failure-policy/tests/005.test.mjs	81792.118026000	81867.046685	74.92865899999742
f136	requirements/execution-failure-policy/tests/006.test.mjs	81869.495204000	82489.972247	620.4770430000062
f136	requirements/execution-failure-policy/tests/007.test.mjs	82031.138077000	82247.465129	216.32705200000782
f136	requirements/execution-failure-policy/tests/008.test.mjs	82249.435522000	82448.335034	198.8995120000036
f136	requirements/execution-failure-policy/tests/009.test.mjs	82450.473646000	82530.77132	80.29767400000128
f136	requirements/execution-failure-policy/tests/010.test.mjs	82492.630758000	83254.645303	762.0145449999982
f136	requirements/execution-failure-policy/tests/011.test.mjs	82533.916946000	83153.408717	619.4917710000009
f136	requirements/execution-failure-policy/tests/012.test.mjs	83155.774997000	83396.521588	240.7465910000028
f136	requirements/execution-failure-policy/tests/013.test.mjs	83256.825263000	83340.354112	83.52884900000936
f136	requirements/execution-failure-policy/tests/014.test.mjs	83342.665640000	83403.095957	60.43031700000574
f136	requirements/execution-model-routing/tests/001.test.mjs	83399.020989000	83512.898494	113.87750499999675
f136	requirements/execution-model-routing/tests/002.test.mjs	83405.223908000	83550.29899899999	145.07509099999152
f136	requirements/execution-model-routing/tests/003.test.mjs	83515.380043000	86495.424467	2980.044424000007
f136	requirements/execution-model-routing/tests/004.test.mjs	83552.632260000	83678.557667	125.92540700000245
f136	requirements/execution-model-routing/tests/005.test.mjs	83680.791518000	83791.743413	110.9518950000056
f136	requirements/execution-model-routing/tests/006.test.mjs	83793.786546000	83932.319756	138.53320999999414
f136	requirements/execution-model-routing/tests/007.test.mjs	83934.223719000	84045.075103	110.85138399999414
f136	requirements/execution-model-routing/tests/008.test.mjs	84047.134229000	85305.066727	1257.9324979999947
f136	requirements/execution-model-routing/tests/009.test.mjs	85307.551416000	86931.272952	1623.7215359999973
f136	requirements/execution-model-routing/tests/010.test.mjs	86497.632743000	87341.28762	843.6548770000081
f136	requirements/execution-model-routing/tests/011.test.mjs	86933.851798000	86985.14627699999	51.294478999989224
f136	requirements/execution-model-routing/tests/012.test.mjs	86987.814227000	87123.57261	135.7583830000076
f136	requirements/execution-model-routing/tests/013.test.mjs	87125.977259000	87263.35493	137.3776710000093
f136	requirements/execution-model-routing/tests/014.test.mjs	87265.790194000	91289.73203	4023.941835999998
f136	requirements/execution-model-routing/tests/015.test.mjs	87345.161415000	87489.130937	143.96952199999942
f136	requirements/execution-model-routing/tests/016.test.mjs	87492.706602000	87550.026797	57.320195000007516
f136	requirements/execution-model-routing/tests/017.test.mjs	87554.442931000	87694.32347799999	139.88054699999338
f136	requirements/execution-model-routing/tests/018.test.mjs	87697.661585000	87809.925399	112.26381400000537
f136	requirements/execution-model-routing/tests/019.test.mjs	87812.855831000	87929.840428	116.9845970000024
f136	requirements/execution-model-routing/tests/020.test.mjs	87932.229648000	88062.214234	129.98458600000595
f136	requirements/feature-ablation/tests/001.test.mjs	88064.669689000	88793.920142	729.2504530000006
f136	requirements/feature-ablation/tests/002.test.mjs	88796.299202000	89139.03967099999	342.74046899999666
f136	requirements/feature-ablation/tests/003.test.mjs	89141.639954000	89636.92477299999	495.28481899999315
f136	requirements/feature-ablation/tests/004.test.mjs	89639.451806000	90268.687956	629.236149999997
f136	requirements/guidance-delivery/tests/001.test.mjs	90271.028773000	90673.613476	402.58470300000045
f136	requirements/guidance-delivery/tests/002.test.mjs	90675.986426000	91098.46222	422.47579399999813
f136	requirements/guidance-delivery/tests/003.test.mjs	91100.733938000	91501.10478	400.37084199998935
f136	requirements/guidance-delivery/tests/004.test.mjs	91291.888694000	91826.152805	534.2641110000113
f136	requirements/guidance-delivery/tests/005.test.mjs	91503.310528000	92012.365193	509.0546650000033
f136	requirements/guidance-delivery/tests/006.test.mjs	91828.489080000	92283.40195099999	454.9128709999932
f136	requirements/guidance-delivery/tests/007.test.mjs	92014.549158000	92520.68416	506.13500200001
f136	requirements/guidance-delivery/tests/008.test.mjs	92286.673652000	92791.224426	504.550774000003
f136	requirements/guidance-delivery/tests/009.test.mjs	92523.035087000	92830.535575	307.50048800000513
f136	requirements/guidance-delivery/tests/011.test.mjs	92793.643756000	93152.148366	358.50460999998904
f136	requirements/guidance-delivery/tests/012.test.mjs	92833.356371000	92925.53903	92.18265899999824
f136	requirements/host-boundary/tests/001.test.mjs	92927.151352000	93052.147312	124.9959600000002
f136	requirements/host-boundary/tests/002.test.mjs	93054.942349000	93166.930989	111.98863999999594
f136	requirements/host-boundary/tests/003.test.mjs	93153.697934000	94472.842016	1319.144081999999
f136	requirements/host-boundary/tests/004.test.mjs	93168.944276000	93273.766114	104.82183800000348
f136	requirements/host-boundary/tests/005.test.mjs	93276.144062000	93436.766517	160.62245500000427
f136	requirements/host-boundary/tests/006.test.mjs	93439.138957000	93700.482277	261.34331999999995
f136	requirements/host-boundary/tests/007.test.mjs	93702.807134000	93779.607315	76.8001809999987
f136	requirements/host-boundary/tests/008.test.mjs	93781.905642000	93992.508694	210.60305200000585
f136	requirements/host-boundary/tests/009.test.mjs	93994.730547000	94089.41998199999	94.68943499999295
f136	requirements/host-boundary/tests/010.test.mjs	94091.738640000	94157.31211299999	65.57347299999674
f136	requirements/host-boundary/tests/011.test.mjs	94159.438936000	94285.179319	125.7403830000112
f136	requirements/host-boundary/tests/012.test.mjs	94287.398322000	94364.47187	77.0735480000003
f136	requirements/host-boundary/tests/013.test.mjs	94366.640887000	95784.011036	1417.3701489999949
f136	requirements/host-boundary/tests/014.test.mjs	94476.087242000	95132.238585	656.151343000005
f136	requirements/host-boundary/tests/015.test.mjs	95134.595435000	95256.494708	121.89927300000272
f136	requirements/host-boundary/tests/016.test.mjs	95258.714898000	95386.505914	127.79101600000286
f136	requirements/host-boundary/tests/017.test.mjs	95388.626213000	95516.308536	127.6823230000009
f136	requirements/host-boundary/tests/018.test.mjs	95518.647074000	95569.301027	50.65395300000091
f136	requirements/host-boundary/tests/019.test.mjs	95571.425302000	96254.78837	683.3630679999915
f136	requirements/host-boundary/tests/020.test.mjs	95792.069854000	96004.302455	212.23260099999607
f136	requirements/host-boundary/tests/021.test.mjs	96004.645983000	96186.007243	181.36126000000513
f136	requirements/host-boundary/tests/022.test.mjs	96188.243747000	96859.586144	671.3423970000003
f136	requirements/host-boundary/tests/023.test.mjs	96257.312668000	99795.884899	3538.5722309999983
f136	requirements/host-boundary/tests/024.test.mjs	96861.962429000	96951.361768	89.39933900001051
f136	requirements/host-boundary/tests/025.test.mjs	96954.307833000	97101.891045	147.58321199999773
f136	requirements/host-boundary/tests/026.test.mjs	97103.992215000	97376.237909	272.245694000012
f136	requirements/host-boundary/tests/027.test.mjs	97378.716980000	97533.899468	155.18248800000583
f136	requirements/host-boundary/tests/028.test.mjs	97536.225217000	97770.229355	234.00413800000388
f136	requirements/host-boundary/tests/029.test.mjs	97779.379941000	98523.33168999999	743.9517489999998
f136	requirements/host-boundary/tests/030.test.mjs	98526.446128000	98726.796813	200.3506849999976
f136	requirements/host-boundary/tests/031.test.mjs	98729.737990000	98931.24483899999	201.5068489999976
f136	requirements/host-boundary/tests/032.test.mjs	98933.930040000	111104.434182	12170.504142000005
f136	requirements/host-boundary/tests/033.test.mjs	99798.269261000	101859.283098	2061.013837000006
f136	requirements/host-provider-failure-ownership/tests/001.test.mjs	101861.647495000	103618.471647	1756.824152000001
f136	requirements/host-provider-failure-ownership/tests/002.test.mjs	103622.417851000	103678.842744	56.42489300000307
f136	requirements/host-provider-failure-ownership/tests/003.test.mjs	103681.280828000	103776.828865	95.54803700000048
f136	requirements/host-provider-failure-ownership/tests/004.test.mjs	103779.856433000	105167.45442	1387.597987000001
f136	requirements/host-provider-failure-ownership/tests/005.test.mjs	105171.358360000	105294.766077	123.40771699999459
f136	requirements/host-provider-failure-ownership/tests/006.test.mjs	105296.761057000	105373.227258	76.46620100000291
f136	requirements/host-provider-failure-ownership/tests/007.test.mjs	105375.487709000	105417.728582	42.240873000002466
f136	requirements/institutional-learning/tests/001.test.mjs	105420.128252000	106843.597522	1423.4692700000014
f136	requirements/institutional-learning/tests/002.test.mjs	106846.030102000	106934.676716	88.6466139999975
f136	requirements/institutional-learning/tests/003.test.mjs	106936.749319000	108455.646295	1518.8969760000036
f136	requirements/institutional-learning/tests/004.test.mjs	108457.994858000	109929.88171	1471.8868520000105
f136	requirements/institutional-learning/tests/005.test.mjs	109933.933508000	110015.337115	81.40360700000019
f136	requirements/institutional-learning/tests/006.test.mjs	110017.339672000	111730.377614	1713.0379419999954
f136	requirements/institutional-learning/tests/007.test.mjs	111107.039352000	112592.829381	1485.7900290000107
f136	requirements/institutional-learning/tests/008.test.mjs	111731.214737000	113534.949262	1803.7345249999926
f136	requirements/interaction-authority/tests/001.test.mjs	112596.316202000	113049.79903	453.4828279999929
f136	requirements/interaction-authority/tests/002.test.mjs	113052.508183000	113496.323961	443.8157780000038
f136	requirements/interaction-authority/tests/003.test.mjs	113498.662219000	114033.519525	534.8573059999908
f136	requirements/interaction-authority/tests/004.test.mjs	113538.311334000	113790.383431	252.07209699999657
f136	requirements/interaction-authority/tests/005.test.mjs	113792.948060000	114278.945815	485.99775500000396
f136	requirements/interaction-authority/tests/006.test.mjs	114035.772424000	114325.746505	289.9740810000076
f136	requirements/interaction-authority/tests/007.test.mjs	114281.246096000	114370.529146	89.28304999999818
f136	requirements/interaction-authority/tests/008.test.mjs	114328.070667000	114454.460652	126.38998500000162
f136	requirements/interaction-authority/tests/009.test.mjs	114373.749625000	114469.318974	95.5693489999976
f136	requirements/interaction-authority/tests/010.test.mjs	114457.073173000	114538.736112	81.66293900000164
f136	requirements/interaction-authority/tests/011.test.mjs	114471.384511000	116926.288465	2454.9039540000085
f136	requirements/interaction-authority/tests/012.test.mjs	114541.321733000	114622.681794	81.3600609999994
f136	requirements/interaction-authority/tests/013.test.mjs	114625.218807000	114865.22869	240.00988300000608
f136	requirements/interaction-authority/tests/014.test.mjs	114867.994873000	114952.777313	84.7824399999954
f136	requirements/interaction-authority/tests/015.test.mjs	114954.953867000	115339.432411	384.4785439999978
f136	requirements/interaction-authority/tests/016.test.mjs	115341.893749000	115457.335616	115.44186700000137
f136	requirements/interaction-authority/tests/017.test.mjs	115461.235690000	115999.281518	538.0458280000021
f136	requirements/interaction-authority/tests/018.test.mjs	116002.694076000	116098.20966	95.5155839999934
f136	requirements/interaction-authority/tests/019.test.mjs	116100.927410000	116485.818741	384.8913309999916
f136	requirements/interaction-authority/tests/020.test.mjs	116488.458814000	116531.678762	43.21994799999811
f136	requirements/interaction-authority/tests/021.test.mjs	116534.500219000	116895.97921599999	361.47899699999834
f136	requirements/interaction-authority/tests/022.test.mjs	116898.584557000	116989.367495	90.78293800000392
f136	requirements/interaction-authority/tests/023.test.mjs	116928.551329000	117016.40719	87.85586100000364
f136	requirements/intra-participant-parallelism/tests/001.test.mjs	116991.517799000	117036.649942	45.13214300000982
f136	requirements/intra-participant-parallelism/tests/002.test.mjs	117018.872370000	117098.467984	79.5956140000053
f136	requirements/intra-participant-parallelism/tests/003.test.mjs	117038.713936000	117128.555893	89.84195699999691
f136	requirements/intra-participant-parallelism/tests/004.test.mjs	117100.650036000	117198.989414	98.33937800000422
f136	requirements/intra-participant-parallelism/tests/005.test.mjs	117131.009886000	117241.064274	110.05438800000411
f136	requirements/intra-participant-parallelism/tests/006.test.mjs	117201.171737000	117285.442254	84.2705169999972
f136	requirements/intra-participant-parallelism/tests/007.test.mjs	117243.467495000	117324.115001	80.64750599999388
f136	requirements/intra-participant-parallelism/tests/008.test.mjs	117288.731747000	117375.615823	86.8840760000021
f136	requirements/intra-participant-parallelism/tests/009.test.mjs	117326.380720000	117601.94170899999	275.5609889999905
f136	requirements/intra-participant-parallelism/tests/010.test.mjs	117378.472102000	117418.607185	40.13508300000103
f136	requirements/intra-participant-parallelism/tests/011.test.mjs	117420.571078000	117524.419599	103.84852100000717
f136	requirements/intra-participant-parallelism/tests/012.test.mjs	117526.845459000	117921.590576	394.7451169999986
f136	requirements/intra-participant-parallelism/tests/013.test.mjs	117604.868655000	119502.82648799999	1897.9578329999931
f136	requirements/intra-participant-parallelism/tests/014.test.mjs	117923.892699000	118016.895796	93.00309699999343
f136	requirements/intra-participant-parallelism/tests/015.test.mjs	118020.664983000	118109.506562	88.84157899999991
f136	requirements/intra-participant-parallelism/tests/017.test.mjs	118111.880003000	119789.183085	1677.3030819999985
f136	requirements/js-semantic-surface/tests/001.test.mjs	119505.140098000	119659.513658	154.37355999999272
f136	requirements/js-semantic-surface/tests/002.test.mjs	119661.828655000	121501.747257	1839.9186019999906
f136	requirements/js-semantic-surface/tests/003.test.mjs	119790.632312000	121575.595355	1784.963042999996
f136	requirements/js-semantic-surface/tests/004.test.mjs	121503.860886000	121572.135895	68.2750090000045
f136	requirements/js-semantic-surface/tests/005.test.mjs	121574.634900000	121622.596868	47.9619679999887
f136	requirements/js-semantic-surface/tests/006.test.mjs	121577.632879000	125176.811575	3599.1786960000027
f136	requirements/knowledge-reuse/tests/001.test.mjs	121624.907869000	121952.435788	327.5279190000001
f136	requirements/knowledge-reuse/tests/002.test.mjs	121952.535058000	122309.050797	356.5157390000095
f136	requirements/knowledge-reuse/tests/003.test.mjs	122311.507143000	122439.106116	127.59897300000011
f136	requirements/knowledge-reuse/tests/004.test.mjs	122441.860722000	122831.541744	389.6810220000043
f136	requirements/knowledge-reuse/tests/005.test.mjs	122836.633211000	123588.432645	751.7994340000005
f136	requirements/knowledge-reuse/tests/006.test.mjs	123591.016133000	124003.730857	412.71472400000494
f136	requirements/knowledge-reuse/tests/007.test.mjs	124005.934702000	124268.581017	262.6463150000054
f136	requirements/knowledge-reuse/tests/008.test.mjs	124271.215602000	124555.74746099999	284.53185899999517
f136	requirements/knowledge-reuse/tests/009.test.mjs	124557.811025000	124823.54665	265.73562500000116
f136	requirements/knowledge-reuse/tests/010.test.mjs	124825.971759000	125868.97334899999	1043.0015899999999
f136	requirements/knowledge-reuse/tests/011.test.mjs	125179.424408000	125537.088045	357.6636370000051
f136	requirements/knowledge-reuse/tests/012.test.mjs	125539.929682000	125826.643298	286.71361599999364
f136	requirements/knowledge-reuse/tests/013.test.mjs	125829.371905000	125871.869979	42.498074000002816
f136	requirements/knowledge-reuse/tests/014.test.mjs	125871.041749000	125980.045564	109.00381500000367
f136	requirements/knowledge-reuse/tests/015.test.mjs	125873.677576000	126254.006425	380.3288489999977
f136	requirements/knowledge-reuse/tests/016.test.mjs	125982.023128000	126406.670938	424.64780999999493
f136	requirements/managed-chat-execution/tests/001.test.mjs	126256.303025000	126518.373796	262.0707709999988
f136	requirements/managed-chat-execution/tests/002.test.mjs	126408.992616000	126693.456373	284.46375699999044
f136	requirements/managed-chat-execution/tests/003.test.mjs	126521.120340000	128582.300453	2061.1801130000094
f136	requirements/managed-chat-execution/tests/004.test.mjs	126696.072209000	127025.906969	329.83476000001247
f136	requirements/managed-chat-execution/tests/005.test.mjs	127028.104595000	129289.004172	2260.899577000004
f136	requirements/managed-chat-execution/tests/006.test.mjs	128584.574944000	130092.942078	1508.367134
f136	requirements/managed-chat-execution/tests/007.test.mjs	129291.422841000	129596.473192	305.0503510000126
f136	requirements/managed-chat-execution/tests/008.test.mjs	129599.719746000	129648.335936	48.61619000000064
f136	requirements/managed-chat-execution/tests/009.test.mjs	129650.160709000	129798.504073	148.3433640000003
f136	requirements/managed-chat-execution/tests/010.test.mjs	129801.805614000	131865.73200100003	2063.9263870000286
f136	requirements/managed-chat-execution/tests/011.test.mjs	130095.414769000	130594.52844499999	499.1136759999936
f136	requirements/managed-chat-execution/tests/012.test.mjs	130596.977955000	131113.81994400002	516.8419890000223
f136	requirements/managed-chat-execution/tests/013.test.mjs	131116.056749000	131629.44742	513.390671000001
f136	requirements/managed-chat-execution/tests/014.test.mjs	131635.049723000	131909.294081	274.2443579999963
f136	requirements/managed-session-lifecycle/tests/001.test.mjs	131868.247526000	131957.062852	88.81532599998172
f136	requirements/managed-session-lifecycle/tests/002.test.mjs	131911.805830000	131988.964684	77.15885399997933
f136	requirements/managed-session-lifecycle/tests/003.test.mjs	131959.631568000	132036.29014700002	76.65857900000992
f136	requirements/managed-session-lifecycle/tests/004.test.mjs	131991.061768000	132727.236256	736.1744879999897
f136	requirements/managed-session-lifecycle/tests/005.test.mjs	132038.779042000	132136.73297100002	97.95392900001025
f136	requirements/managed-session-lifecycle/tests/006.test.mjs	132139.129867000	132915.239746	776.109878999996
f136	requirements/managed-session-lifecycle/tests/007.test.mjs	132729.586021000	133784.88284200002	1055.2968209999963
f136	requirements/managed-session-lifecycle/tests/008.test.mjs	132917.645866000	134127.672071	1210.026205000002
f136	requirements/managed-session-lifecycle/tests/009.test.mjs	133787.846428000	134574.68340200002	786.8369740000053
f136	requirements/managed-session-lifecycle/tests/010.test.mjs	134129.753606000	134223.330097	93.57649099998525
f136	requirements/managed-session-lifecycle/tests/011.test.mjs	134224.689017000	134340.97158900002	116.28257199999643
f136	requirements/managed-session-lifecycle/tests/012.test.mjs	134343.590891000	134638.91216200002	295.32127100002253
f136	requirements/managed-session-lifecycle/tests/013.test.mjs	134577.111906000	135360.44486400002	783.3329580000136
f136	requirements/managed-session-lifecycle/tests/014.test.mjs	134641.595711000	135295.119975	653.524264000007
f136	requirements/managed-session-lifecycle/tests/015.test.mjs	135297.194685000	136253.03551500003	955.840830000001
f136	requirements/managed-session-lifecycle/tests/016.test.mjs	135363.107290000	135496.399058	133.2917679999955
f136	requirements/managed-session-lifecycle/tests/017.test.mjs	135498.465240000	135626.278257	127.81301699997857
f136	requirements/managed-session-lifecycle/tests/018.test.mjs	135629.694431000	137710.449361	2080.7549299999955
f136	requirements/managed-session-lifecycle/tests/019.test.mjs	136255.624746000	138321.848112	2066.223365999991
f136	requirements/managed-session-lifecycle/tests/020.test.mjs	137712.781769000	139707.62148200002	1994.839712999994
f136	requirements/managed-session-lifecycle/tests/021.test.mjs	138324.088222000	138366.525916	42.437693999992916
f136	requirements/managed-session-lifecycle/tests/022.test.mjs	138368.837769000	138686.33793	317.5001610000036
f136	requirements/managed-session-lifecycle/tests/023.test.mjs	138687.506248000	138757.624734	70.11848599999212
f136	requirements/managed-session-lifecycle/tests/024.test.mjs	138763.739088000	138872.757996	109.01890799999819
f136	requirements/managed-session-lifecycle/tests/025.test.mjs	138875.357683000	139701.42949	826.0718070000003
f136	requirements/obligation-ledger/tests/001.test.mjs	139703.927419000	139999.502207	295.5747879999981
f136	requirements/obligation-ledger/tests/002.test.mjs	139709.471728000	140017.51490200002	308.0431740000204
f136	requirements/obligation-ledger/tests/003.test.mjs	140001.616131000	140042.293214	40.67708299998776
f136	requirements/obligation-ledger/tests/004.test.mjs	140019.757345000	140350.587402	330.83005699998466
f136	requirements/obligation-ledger/tests/005.test.mjs	140044.389142000	140364.046229	319.6570869999996
f136	requirements/obligation-ledger/tests/006.test.mjs	140353.002576000	140393.4217	40.41912400000729
f136	requirements/obligation-ledger/tests/007.test.mjs	140366.326048000	140408.74581000002	42.419762000004994
f136	requirements/office-capability/tests/001.test.mjs	140395.708585000	140437.63165700002	41.92307200000505
f136	requirements/office-capability/tests/003.test.mjs	140410.909930000	140483.55829900003	72.64836900000228
f136	requirements/office-capability/tests/004.test.mjs	140439.818125000	140480.51898300002	40.700857999996515
f136	requirements/office-capability/tests/005.test.mjs	140482.768728000	140524.30441500002	41.53568699999596
f136	requirements/office-capability/tests/006.test.mjs	140485.523484000	140530.04283800002	44.51935400001821
f136	requirements/office-capability/tests/007.test.mjs	140526.334023000	140639.684046	113.35002300000633
f136	requirements/office-capability/tests/011.test.mjs	140531.958859000	140573.39706000002	41.43820100001176
f136	requirements/office-capability/tests/012.test.mjs	140575.874217000	140651.75286	75.87864300000365
f136	requirements/office-capability/tests/015.test.mjs	140641.987857000	140710.094538	68.10668100000476
f136	requirements/office-capability/tests/016.test.mjs	140653.955643000	140718.91158100002	64.95593799999915
f136	requirements/office-capability/tests/017.test.mjs	140712.652643000	140781.791337	69.13869399999385
f136	requirements/office-capability/tests/018.test.mjs	140720.975345000	140789.93635600002	68.96101100000669
f136	requirements/participant-horizon/tests/001.test.mjs	140784.030325000	140826.820876	42.79055100001278
f136	requirements/participant-horizon/tests/002.test.mjs	140793.404048000	140854.430793	61.02674499998102
f136	requirements/participant-horizon/tests/003.test.mjs	140829.916917000	141085.381327	255.46440999998595
f136	requirements/participant-horizon/tests/004.test.mjs	140858.358008000	140903.33642	44.97841199999675
f136	requirements/participant-horizon/tests/005.test.mjs	140905.605803000	141158.30115100002	252.69534800000838
f136	requirements/participant-horizon/tests/006.test.mjs	141087.677722000	141132.991199	45.31347699998878
f136	requirements/participant-horizon/tests/007.test.mjs	141135.505493000	141178.269613	42.7641200000071
f136	requirements/participant-horizon/tests/008.test.mjs	141160.704217000	141202.17490100002	41.47068399999989
f136	requirements/participant-horizon/tests/009.test.mjs	141180.562157000	141780.01446900002	599.4523120000085
f136	requirements/participant-horizon/tests/010.test.mjs	141204.299617000	141777.126346	572.8267289999931
f136	requirements/participant-horizon/tests/011.test.mjs	141779.207286000	142378.684054	599.4767679999932
f136	requirements/participant-horizon/tests/012.test.mjs	141781.714679000	141874.812842	93.09816299998784
f136	requirements/participant-horizon/tests/013.test.mjs	141877.523161000	142049.41131000002	171.8881490000058
f136	requirements/participant-horizon/tests/014.test.mjs	142051.872468000	142099.546577	47.67410899998504
f136	requirements/participant-horizon/tests/015.test.mjs	142102.132759000	142181.80327300003	79.67051400002674
f136	requirements/participant-identity/tests/001.test.mjs	142184.477067000	142327.096365	142.61929800000507
f136	requirements/participant-identity/tests/002.test.mjs	142329.433341000	142847.98261	518.549268999981
f136	requirements/participant-identity/tests/003.test.mjs	142381.240952000	142454.799765	73.55881299998146
f136	requirements/participant-identity/tests/004.test.mjs	142457.267608000	142802.504744	345.23713599998155
f136	requirements/participant-identity/tests/005.test.mjs	142804.761499000	142911.805618	107.04411899999832
f136	requirements/participant-identity/tests/007.test.mjs	142850.622527000	142926.70953000002	76.08700300002238
f136	requirements/participant-identity/tests/008.test.mjs	142914.081692000	144318.19044900002	1404.108757000009
f136	requirements/participant-identity/tests/009.test.mjs	142928.754715000	144857.618618	1928.8639029999904
f136	requirements/participant-identity/tests/010.test.mjs	144321.407352000	144419.86344900003	98.4560970000166
f136	requirements/prefix-stability/tests/001.test.mjs	144421.871699000	145983.35317900003	1561.4814800000167
f136	requirements/prefix-stability/tests/002.test.mjs	144859.898828000	144991.872505	131.97367700000177
f136	requirements/prefix-stability/tests/003.test.mjs	144994.191910000	150637.496037	5643.304126999981
f136	requirements/prefix-stability/tests/004.test.mjs	145985.741343000	146083.86801200002	98.12666900001932
f136	requirements/prefix-stability/tests/005.test.mjs	146085.891836000	146177.144054	91.25221799997962
f136	requirements/prefix-stability/tests/006.test.mjs	146179.815024000	146457.534026	277.719001999998
f136	requirements/prefix-stability/tests/007.test.mjs	146459.725883000	146970.16948100002	510.44359800001257
f136	requirements/prefix-stability/tests/008.test.mjs	146976.320291000	147088.955676	112.6353850000014
f136	requirements/prefix-stability/tests/009.test.mjs	147091.154168000	147359.203676	268.0495079999964
f136	requirements/prefix-stability/tests/010.test.mjs	147361.571178000	147957.86901000002	596.2978320000111
f136	requirements/prefix-stability/tests/011.test.mjs	147959.962819000	148001.94781500002	41.98499600001378
f136	requirements/prefix-stability/tests/012.test.mjs	148004.179537000	154816.995617	6812.81607999999
f136	requirements/prefix-stability/tests/013.test.mjs	150639.908131000	150744.035936	104.12780499999644
f136	requirements/prefix-stability/tests/014.test.mjs	150746.202745000	151142.64843600002	396.4456910000008
f136	requirements/prefix-stability/tests/015.test.mjs	151144.857699000	151458.20608300003	313.3483840000117
f136	requirements/process-execution/tests/001.test.mjs	151460.784558000	151627.34678800002	166.56223000001046
f136	requirements/process-execution/tests/002.test.mjs	151629.782523000	153740.285137	2110.5026139999973
f136	requirements/process-execution/tests/003.test.mjs	153742.459127000	153897.51339500002	155.05426800000714
f136	requirements/process-execution/tests/004.test.mjs	153899.771521000	155153.57935	1253.8078289999976
f136	requirements/process-execution/tests/005.test.mjs	154819.055404000	155108.61590900001	289.5605050000013
f136	requirements/process-execution/tests/006.test.mjs	155110.579843000	157270.891165	2160.311321999994
f136	requirements/process-execution/tests/007.test.mjs	155155.775078000	155354.782592	199.00751399999717
f136	requirements/process-execution/tests/008.test.mjs	155356.946612000	155437.394062	80.44745000000694
f136	requirements/process-execution/tests/009.test.mjs	155439.518547000	155551.54095300002	112.02240600000368
f136	requirements/process-execution/tests/010.test.mjs	155553.525898000	155869.202328	315.67642999999225
f136	requirements/process-execution/tests/011.test.mjs	155871.479329000	156202.11679600002	330.6374669999932
f136	requirements/process-execution/tests/012.test.mjs	156204.178476000	156295.679501	91.50102500000503
f136	requirements/process-execution/tests/013.test.mjs	156297.876225000	156653.22441300002	355.3481880000036
f136	requirements/process-execution/tests/014.test.mjs	156655.232487000	156988.35888500002	333.12639800002216
f136	requirements/process-execution/tests/015.test.mjs	156990.820729000	157546.197363	555.3766340000147
f136	requirements/process-execution/tests/016.test.mjs	157273.237074000	157393.49036300002	120.25328900001477
f136	requirements/provider-attempt-recovery/tests/001.test.mjs	157395.860719000	157718.68735800002	322.82663900000625
f136	requirements/provider-attempt-recovery/tests/002.test.mjs	157547.070109000	157860.427082	313.3569729999872
f136	requirements/provider-attempt-recovery/tests/003.test.mjs	157723.726851000	158196.90789600002	473.1810450000048
f136	requirements/provider-attempt-recovery/tests/004.test.mjs	157862.053837000	158334.37160500002	472.3177680000081
f136	requirements/provider-attempt-recovery/tests/005.test.mjs	158199.294747000	158789.702846	590.408098999993
f136	requirements/provider-attempt-recovery/tests/006.test.mjs	158336.596516000	158426.19794800002	89.60143199999584
f136	requirements/provider-attempt-recovery/tests/007.test.mjs	158428.913855000	158786.86965200002	357.95579700000235
f136	requirements/provider-attempt-recovery/tests/008.test.mjs	158788.852263000	158941.519853	152.6675899999973
f136	requirements/provider-attempt-recovery/tests/009.test.mjs	158791.517934000	159078.700008	287.1820740000112
f136	requirements/provider-attempt-recovery/tests/010.test.mjs	158943.755891000	159052.279279	108.52338800000143
f136	requirements/provider-attempt-recovery/tests/011.test.mjs	159054.689245000	159394.210706	339.52146099999663
f136	requirements/provider-attempt-recovery/tests/012.test.mjs	159081.002597000	159250.491275	169.48867799999425
f136	requirements/provider-attempt-recovery/tests/013.test.mjs	159252.960340000	159338.415165	85.45482499999343
f136	requirements/provider-attempt-recovery/tests/014.test.mjs	159340.846538000	159726.08735400002	385.240816000005
f136	requirements/provider-attempt-recovery/tests/015.test.mjs	159396.573205000	159718.065596	321.49239099997794
f136	requirements/provider-attempt-recovery/tests/016.test.mjs	159720.666530000	159828.688251	108.02172099999734
f136	requirements/provider-attempt-recovery/tests/017.test.mjs	159728.541816000	159837.24180000002	108.69998400000622
f136	requirements/provider-attempt-recovery/tests/018.test.mjs	159831.490258000	159873.840675	42.35041700000875
f136	requirements/provider-attempt-recovery/tests/019.test.mjs	159839.612787000	160214.730756	375.11796899998444
f136	requirements/provider-attempt-recovery/tests/020.test.mjs	159875.885830000	160196.028591	320.1427609999955
f136	requirements/provider-attempt-recovery/tests/021.test.mjs	160198.827343000	160745.184329	546.3569859999989
f136	requirements/provider-attempt-recovery/tests/022.test.mjs	160216.967720000	160285.30038	68.33265999998548
f136	requirements/provider-attempt-recovery/tests/023.test.mjs	160287.633550000	160794.75118800002	507.1176380000252
f136	requirements/provider-language/tests/001.test.mjs	160748.561004000	160849.981646	101.42064199998276
f136	requirements/provider-language/tests/002.test.mjs	160797.156377000	160911.03919	113.88281300000381
f136	requirements/provider-language/tests/003.test.mjs	160852.472844000	160971.17561900002	118.70277500001248
f136	requirements/provider-language/tests/004.test.mjs	160913.808077000	161033.105845	119.29776799998945
f136	requirements/provider-language/tests/005.test.mjs	160973.590387000	161146.135065	172.54467800000566
f136	requirements/provider-language/tests/006.test.mjs	161035.218041000	161149.546291	114.32824999999139
f136	requirements/provider-language/tests/007.test.mjs	161148.550269000	161253.042791	104.49252200001501
f136	requirements/provider-language/tests/008.test.mjs	161151.379347000	161329.273495	177.89414799999213
f136	requirements/provider-language/tests/009.test.mjs	161255.705447000	161467.16628600002	211.46083900000667
f136	requirements/provider-language/tests/010.test.mjs	161331.718724000	161383.381725	51.66300100000808
f136	requirements/provider-language/tests/011.test.mjs	161388.056798000	161450.91617	62.85937200000626
f136	requirements/provider-language/tests/012.test.mjs	161451.961958000	161506.64300200003	54.681044000026304
f136	requirements/provider-language/tests/013.test.mjs	161469.398488000	162159.53566300002	690.1371750000108
f136	requirements/provider-projection/tests/001.test.mjs	161507.890088000	161588.777944	80.88785599998664
f136	requirements/provider-projection/tests/002.test.mjs	161591.189653000	161688.36201	97.1723570000031
f136	requirements/provider-projection/tests/003.test.mjs	161695.327058000	161929.946445	234.61938699998427
f136	requirements/provider-projection/tests/004.test.mjs	161932.547118000	162019.211413	86.66429499999504
f136	requirements/provider-projection/tests/005.test.mjs	162021.631990000	162155.913983	134.28199299998232
f136	requirements/provider-projection/tests/006.test.mjs	162158.153597000	162253.272708	95.11911099997815
f136	requirements/provider-projection/tests/007.test.mjs	162161.660498000	162219.056027	57.39552900000126
f136	requirements/provider-projection/tests/008.test.mjs	162221.707302000	162384.81367600002	163.1063739999954
f136	requirements/provider-projection/tests/009.test.mjs	162255.386537000	162420.137522	164.7509849999915
f136	requirements/provider-projection/tests/010.test.mjs	162387.627511000	162652.73119700002	265.10368600001675
f136	requirements/provider-projection/tests/011.test.mjs	162423.926103000	173115.55005800002	10691.623955000017
f136	requirements/provider-projection/tests/012.test.mjs	162655.723156000	162759.45845	103.7352939999837
f136	requirements/provider-projection/tests/013.test.mjs	162762.054497000	162907.66370900001	145.6092120000103
f136	requirements/provider-projection/tests/014.test.mjs	162909.878835000	163141.74279000002	231.863955000008
f136	requirements/relay-assessment/tests/001.test.mjs	163143.868957000	163231.607068	87.7381110000133
f136	requirements/relay-assessment/tests/002.test.mjs	163233.788724000	165892.115544	2658.3268199999875
f136	requirements/relay-assessment/tests/003.test.mjs	165894.148922000	165967.78826300002	73.63934100000188
f136	requirements/relay-assessment/tests/004.test.mjs	165970.041413000	166050.46251100002	80.42109800002072
f136	requirements/relay-assessment/tests/005.test.mjs	166052.451287000	166120.373423	67.92213600000832
f136	requirements/relay-assessment/tests/006.test.mjs	166122.642265000	167554.65165	1432.0093850000121
f136	requirements/relay-assessment/tests/007.test.mjs	167558.390410000	169147.473155	1589.0827449999924
f136	requirements/relay-assessment/tests/008.test.mjs	169151.345718000	171319.78228100002	2168.4365629999957
f136	requirements/relay-assessment/tests/009.test.mjs	171322.288628000	171370.08915500002	47.80052700001397
f136	requirements/relay-assessment/tests/010.test.mjs	171372.835049000	171454.93550000002	82.1004510000057
f136	requirements/relay-context-projection/tests/001.test.mjs	171457.402502000	173235.326302	1777.9237999999896
f136	requirements/relay-context-projection/tests/002.test.mjs	173117.758054000	176073.421489	2955.663434999995
f136	requirements/relay-context-projection/tests/003.test.mjs	173237.642311000	173280.285734	42.64342300000135
f136	requirements/relay-context-projection/tests/004.test.mjs	173284.730669000	173326.583885	41.853215999988606
f136	requirements/relay-context-projection/tests/005.test.mjs	173328.838471000	175008.114956	1679.2764849999803
f136	requirements/relay-context-projection/tests/006.test.mjs	175012.640312000	176740.475383	1727.8350710000086
f136	requirements/relay-context-projection/tests/007.test.mjs	176075.789441000	176117.97798300002	42.18854200001806
f136	requirements/relay-context-projection/tests/008.test.mjs	176120.247146000	177813.642013	1693.3948669999954
f136	requirements/relay-context-projection/tests/009.test.mjs	176744.924475000	176798.38146	53.456984999997076
f136	requirements/relay-incumbency/tests/001.test.mjs	176800.941331000	176879.48931200002	78.54798100001062
f136	requirements/relay-incumbency/tests/002.test.mjs	176881.992543000	176964.44828900002	82.45574600002146
f136	requirements/relay-incumbency/tests/003.test.mjs	176966.974870000	177059.945452	92.97058200000902
f136	requirements/relay-incumbency/tests/004.test.mjs	177062.726998000	177154.86139900002	92.13440100001753
f136	requirements/relay-incumbency/tests/005.test.mjs	177157.573836000	177238.016119	80.44228299998213
f136	requirements/relay-incumbency/tests/006.test.mjs	177240.649797000	177330.577835	89.92803799998364
f136	requirements/relay-incumbency/tests/008.test.mjs	177334.873174000	177438.667013	103.79383899999084
f136	requirements/relay-incumbency/tests/009.test.mjs	177441.356691000	177526.50315	85.1464589999814
f136	requirements/relay-incumbency/tests/010.test.mjs	177529.218697000	177616.291012	87.07231499999762
f136	requirements/relay-incumbency/tests/011.test.mjs	177618.763231000	177706.73559300002	87.97236200000043
f136	requirements/relay-incumbency/tests/012.test.mjs	177709.328104000	177795.23808	85.90997599999537
f136	requirements/relay-incumbency/tests/013.test.mjs	177798.741796000	177900.72966100002	101.98786500000278
f136	requirements/relay-retirement/tests/001.test.mjs	177816.230968000	177865.75011400002	49.519146000006
f136	requirements/relay-retirement/tests/002.test.mjs	177868.206870000	179680.54246000003	1812.3355900000024
f136	requirements/relay-retirement/tests/003.test.mjs	177903.156532000	179815.31106100001	1912.1545289999922
f136	requirements/relay-retirement/tests/004.test.mjs	179681.684724000	181362.426849	1680.7421249999898
f136	requirements/relay-retirement/tests/007.test.mjs	179819.423094000	179929.148125	109.72503099997994
f136	requirements/relay-retirement/tests/008.test.mjs	179931.521806000	183120.598915	3189.0771090000053
f136	requirements/relay-retirement/tests/009.test.mjs	181364.451904000	182110.17329200002	745.7213880000054
f136	requirements/repository-investigation/tests/001.test.mjs	182113.060273000	182160.949299	47.889025999989826
f136	requirements/repository-investigation/tests/002.test.mjs	182164.143478000	182281.408499	117.26502099999925
f136	requirements/repository-investigation/tests/003.test.mjs	182283.984736000	182330.56968000002	46.584944000002
f136	requirements/repository-investigation/tests/004.test.mjs	182333.142752000	182395.904121	62.76136899998528
f136	requirements/repository-investigation/tests/005.test.mjs	182401.326912000	182457.56390900002	56.236996999999974
f136	requirements/repository-investigation/tests/006.test.mjs	182459.939493000	182569.824679	109.88518599999952
f136	requirements/repository-investigation/tests/007.test.mjs	182572.859789000	182709.86565300002	137.0058640000061
f136	requirements/repository-investigation/tests/008.test.mjs	182712.310101000	182814.32065600003	102.0105550000153
f136	requirements/repository-investigation/tests/009.test.mjs	182816.635639000	183100.61216100003	283.97652200001176
f136	requirements/repository-programming/tests/001.test.mjs	183103.324253000	183348.45202300002	245.12777000002097
f136	requirements/repository-programming/tests/002.test.mjs	183123.011536000	183635.61297000002	512.6014340000111
f136	requirements/repository-programming/tests/003.test.mjs	183351.472460000	183513.53353100002	162.06107100000372
f136	requirements/repository-programming/tests/004.test.mjs	183516.515940000	183639.063976	122.54803599999286
f136	requirements/repository-programming/tests/005.test.mjs	183638.106662000	183818.982013	180.87535099999513
f136	requirements/repository-programming/tests/006.test.mjs	183641.102151000	183987.566691	346.4645400000154
f136	requirements/repository-programming/tests/007.test.mjs	183821.378839000	184138.273225	316.89438599999994
f136	requirements/repository-programming/tests/008.test.mjs	183991.325692000	184134.20662	142.88092799999868
f136	requirements/repository-programming/tests/009.test.mjs	184136.681063000	184267.288088	130.6070249999757
f136	requirements/repository-programming/tests/010.test.mjs	184140.155425000	184285.92278300002	145.76735800001188
f136	requirements/repository-programming/tests/011.test.mjs	184269.711505000	184580.216216	310.50471099998686
f136	requirements/repository-programming/tests/012.test.mjs	184287.088782000	184683.240071	396.15128900000127
f136	requirements/repository-programming/tests/013.test.mjs	184583.063301000	184882.309301	299.24599999998463
f136	requirements/repository-programming/tests/014.test.mjs	184686.975857000	185022.523515	335.54765799999586
f136	requirements/repository-programming/tests/015.test.mjs	184884.714249000	185255.38171500002	370.6674660000135
f136	requirements/repository-programming/tests/016.test.mjs	185024.623494000	185367.096391	342.47289699999965
f136	requirements/repository-programming/tests/017.test.mjs	185257.733883000	185453.418597	195.6847140000027
f136	requirements/repository-programming/tests/018.test.mjs	185369.804557000	185643.590765	273.7862079999759
f136	requirements/repository-programming/tests/019.test.mjs	185455.112323000	185747.443315	292.3309920000029
f136	requirements/repository-programming/tests/020.test.mjs	185644.601465000	186041.69063300002	397.0891680000059
f136	requirements/repository-programming/tests/021.test.mjs	185749.809324000	185801.09202100002	51.282697000016924
f136	requirements/repository-programming/tests/022.test.mjs	185802.131284000	185934.993626	132.86234200000763
f136	requirements/repository-programming/tests/023.test.mjs	185937.191292000	186187.20702200002	250.01573000001372
f136	requirements/repository-programming/tests/024.test.mjs	186044.190604000	186334.02490000002	289.83429600001546
f136	requirements/repository-programming/tests/025.test.mjs	186189.763028000	186522.445635	332.6826069999952
f136	requirements/repository-programming/tests/026.test.mjs	186338.580233000	186458.400108	119.8198749999865
f136	requirements/repository-programming/tests/027.test.mjs	186461.172280000	186608.850145	147.6778650000051
f136	requirements/requirement-grounding/tests/001.test.mjs	186525.238758000	186612.16416500002	86.92540700000245
f136	requirements/requirement-grounding/tests/002.test.mjs	186611.196004000	186695.87412000002	84.6781159999955
f136	requirements/requirement-grounding/tests/003.test.mjs	186614.400329000	186689.55399500002	75.15366599999834
f136	requirements/requirement-grounding/tests/004.test.mjs	186692.549124000	186766.469634	73.92050999999628
f136	requirements/requirement-grounding/tests/005.test.mjs	186697.895840000	187125.47532000003	427.5794800000149
f136	requirements/requirement-grounding/tests/006.test.mjs	186768.741958000	189403.86517600002	2635.1232180000225
f136	requirements/requirement-grounding/tests/007.test.mjs	187132.338164000	214326.439461	27194.101296999987
f136	requirements/requirement-grounding/tests/008.test.mjs	189407.724709000	191135.460636	1727.7359270000015
f136	requirements/requirement-grounding/tests/009.test.mjs	191136.194423000	191504.854908	368.66048500000034
f136	requirements/requirement-grounding/tests/010.test.mjs	191507.578201000	191911.093337	403.5151359999727
f136	requirements/requirement-grounding/tests/011.test.mjs	191913.403432000	196957.185109	5043.781676999992
f136	requirements/requirement-grounding/tests/012.test.mjs	196959.980417000	204320.438774	7360.458356999996
f136	requirements/requirement-system/tests/001.test.mjs	204323.340162000	204398.30008100002	74.95991900001536
f136	requirements/requirement-system/tests/004.test.mjs	204400.953389000	204476.410353	75.4569640000118
f136	requirements/requirement-system/tests/005.test.mjs	204478.764545000	204540.882233	62.11768799999845
f136	requirements/requirement-system/tests/006.test.mjs	204543.272850000	204609.052889	65.78003900000476
f136	requirements/requirement-system/tests/007.test.mjs	204612.353103000	204661.470883	49.117780000000494
f136	requirements/requirement-system/tests/008.test.mjs	204664.029984000	204714.88703800002	50.857053999992786
f136	requirements/requirement-system/tests/011.test.mjs	204717.369824000	204764.011734	46.64190999997663
f136	requirements/requirement-system/tests/017.test.mjs	204766.878259000	206100.59355700001	1333.7152979999955
f136	requirements/requirement-system/tests/018.test.mjs	206103.322704000	206159.527401	56.204696999979205
f136	requirements/semantic-trace/tests/001.test.mjs	206161.960582000	206486.636204	324.67562200000975
f136	requirements/semantic-trace/tests/002.test.mjs	206489.735475000	206987.956333	498.22085799998604
f136	requirements/semantic-trace/tests/003.test.mjs	206990.518443000	207335.830239	345.3117959999945
f136	requirements/semantic-trace/tests/004.test.mjs	207338.482090000	207610.991371	272.509281000006
f136	requirements/semantic-trace/tests/005.test.mjs	207613.731265000	207872.54960600002	258.8183410000056
f136	requirements/semantic-trace/tests/006.test.mjs	207875.177881000	208128.655604	253.47772299998906
f136	requirements/semantic-trace/tests/007.test.mjs	208131.108229000	208730.577213	599.4689840000065
f136	requirements/semantic-trace/tests/008.test.mjs	208733.481470000	208780.590119	47.108649000001606
f136	requirements/semantic-trace/tests/009.test.mjs	208783.180787000	209051.73267300002	268.5518860000011
f136	requirements/semantic-trace/tests/010.test.mjs	209054.203691000	209485.629034	431.4253430000099
f136	requirements/semantic-trace/tests/011.test.mjs	209488.339628000	209535.075385	46.73575699998764
f136	requirements/semantic-trace/tests/012.test.mjs	209537.653504000	209587.212235	49.55873099999735
f136	requirements/session-ontology/tests/001.test.mjs	209590.162826000	209677.132309	86.96948299999349
f136	requirements/session-ontology/tests/002.test.mjs	209680.058965000	209761.207891	81.14892599999439
f136	requirements/session-ontology/tests/003.test.mjs	209763.701073000	209841.18083300002	77.47976000001654
f136	requirements/session-ontology/tests/004.test.mjs	209844.391753000	209943.717804	99.32605100001092
f136	requirements/session-ontology/tests/005.test.mjs	209947.355182000	210050.192504	102.83732200000668
f136	requirements/session-ontology/tests/006.test.mjs	210055.080409000	210227.95475900001	172.87434999999823
f136	requirements/session-ontology/tests/007.test.mjs	210231.440087000	210321.022923	89.58283599998686
f136	requirements/session-ontology/tests/008.test.mjs	210323.802327000	210439.766634	115.96430699998746
f136	requirements/session-ontology/tests/009.test.mjs	210442.541020000	210539.481807	96.94078699999955
f136	requirements/session-ontology/tests/010.test.mjs	210541.586402000	210638.52775	96.94134799999301
f136	requirements/session-ontology/tests/011.test.mjs	210641.749801000	210695.66096900002	53.91116800002055
f136	requirements/session-ontology/tests/012.test.mjs	210699.344426000	210795.384083	96.03965699998662
f136	requirements/session-ontology/tests/014.test.mjs	210801.363815000	210853.657722	52.293906999984756
f136	requirements/speculative-investigation/tests/001.test.mjs	210857.369622000	211129.066258	271.69663600000786
f136	requirements/speculative-investigation/tests/002.test.mjs	211131.820153000	211990.85794500003	859.0377920000174
f136	requirements/speculative-investigation/tests/003.test.mjs	211993.798221000	212280.364455	286.5662339999981
f136	requirements/speculative-investigation/tests/004.test.mjs	212285.973112000	212718.431027	432.4579150000063
f136	requirements/speculative-investigation/tests/005.test.mjs	212721.245000000	213184.472014	463.2270139999746
f136	requirements/speculative-investigation/tests/006.test.mjs	213186.831151000	213588.612131	401.78097999998135
f136	requirements/speculative-investigation/tests/007.test.mjs	213592.329396000	213998.96098	406.6315839999879
f136	requirements/speculative-investigation/tests/008.test.mjs	214001.128439000	214407.901221	406.77278199998545
f136	requirements/speculative-investigation/tests/009.test.mjs	214330.339812000	216259.646928	1929.3071159999818
f136	requirements/speculative-investigation/tests/010.test.mjs	214410.385342000	214631.246145	220.86080299998866
f136	requirements/speculative-investigation/tests/011.test.mjs	214634.436736000	215412.735717	778.2989809999999
f136	requirements/speculative-investigation/tests/012.test.mjs	215415.042841000	216198.427096	783.3842549999827
f136	requirements/speculative-investigation/tests/013.test.mjs	216200.102172000	220814.71530500002	4614.613133000006
f136	requirements/speculative-investigation/tests/014.test.mjs	216262.951561000	216487.45634900001	224.5047879999911
f136	requirements/speculative-investigation/tests/015.test.mjs	216491.308648000	217602.19255500002	1110.8839070000104
f136	requirements/speculative-investigation/tests/016.test.mjs	217604.644021000	218390.18388700002	785.5398660000064
f136	requirements/speculative-investigation/tests/020.test.mjs	218392.667311000	218819.92382000003	427.2565089999989
f136	requirements/sphinx-v2/tests/001.test.mjs	218822.651919000	219114.81066100002	292.1587419999996
f136	requirements/sphinx-v2/tests/002.test.mjs	219117.355619000	219222.38910700002	105.0334880000155
f136	requirements/sphinx-v2/tests/004.test.mjs	219224.968549000	219543.05642	318.0878709999961
f136	requirements/sphinx-v2/tests/007.test.mjs	219545.743934000	219883.286082	337.5421480000077
f136	requirements/sphinx-v2/tests/010.test.mjs	219885.886225000	220619.502547	733.6163219999871
f136	requirements/sphinx-v2/tests/011.test.mjs	220622.270904000	220892.32614000002	270.0552360000147
f136	requirements/sphinx-v2/tests/012.test.mjs	220817.245762000	220863.792129	46.54636700000265
f136	requirements/sphinx-v2/tests/013.test.mjs	220866.210338000	220958.54636	92.33602200000314
f136	requirements/sphinx-v2/tests/014.test.mjs	220895.041056000	221006.840954	111.79989799999748
f136	requirements/sphinx-v2/tests/017.test.mjs	220960.994694000	221370.17199	409.17729599997983
f136	requirements/sphinx-v2/tests/018.test.mjs	221010.357329000	221123.394143	113.03681399999186
f136	requirements/sphinx-v2/tests/019.test.mjs	221126.939232000	222072.717524	945.7782920000027
f136	requirements/sphinx-v2/tests/020.test.mjs	221375.334128000	221999.664285	624.3301569999894
f136	requirements/sphinx-v2/tests/021.test.mjs	222002.775560000	222100.721576	97.94601600000169
f136	requirements/sphinx-v2/tests/022.test.mjs	222075.377367000	222118.57312900003	43.19576200001757
f136	requirements/sphinx-v2/tests/023.test.mjs	222103.102949000	222216.558404	113.45545499998843
f136	requirements/sphinx-v2/tests/025.test.mjs	222122.300503000	222232.99460200002	110.69409900001483
f136	requirements/sphinx-v2/tests/026.test.mjs	222219.478069000	222331.73152700003	112.25345800002106
f136	requirements/sphinx-v2/tests/029.test.mjs	222236.083643000	222344.179478	108.09583499998553
f136	requirements/sphinx-v2/tests/033.test.mjs	222334.330147000	224126.355119	1792.0249720000138
f136	requirements/sphinx-v2/tests/034.test.mjs	222347.135427000	222462.450004	115.31457700001192
f136	requirements/sphinx-v2/tests/036.test.mjs	222465.891406000	224920.63854400002	2454.747138000006
f136	requirements/structured-workflow/tests/003.test.mjs	224128.613677000	224251.234185	122.6205079999927
f136	requirements/structured-workflow/tests/004.test.mjs	224253.809826000	224389.69247900002	135.88265300000785
f136	requirements/structured-workflow/tests/005.test.mjs	224393.692494000	224825.089294	431.3967999999877
f136	requirements/structured-workflow/tests/006.test.mjs	224828.436108000	225245.99981200002	417.56370400000014
f136	requirements/structured-workflow/tests/009.test.mjs	224923.593613000	225031.69486000002	108.10124700001325
f136	requirements/structured-workflow/tests/010.test.mjs	225034.284307000	225563.209422	528.9251149999909
f136	requirements/structured-workflow/tests/011.test.mjs	225248.323679000	225463.603257	215.27957799998694
f136	requirements/structured-workflow/tests/012.test.mjs	225466.356531000	227550.66841	2084.311878999986
f136	requirements/structured-workflow/tests/013.test.mjs	225566.317542000	225771.32161100002	205.0040690000169
f136	requirements/structured-workflow/tests/014.test.mjs	225773.659509000	227082.84658900002	1309.1870800000033
f136	requirements/structured-workflow/tests/015.test.mjs	227085.535401000	227200.66820800002	115.13280700001633
f136	requirements/structured-workflow/tests/016.test.mjs	227202.919875000	227249.64337900002	46.723503999994136
f136	requirements/structured-workflow/tests/018.test.mjs	227252.113055000	227301.39112800002	49.27807299999404
f136	requirements/structured-workflow/tests/019.test.mjs	227303.703777000	227378.309333	74.60555599999498
f136	requirements/time-capability/tests/001.test.mjs	227380.934564000	227492.553534	111.61896999998135
f136	requirements/time-capability/tests/002.test.mjs	227495.318636000	227556.67392600002	61.35529000000679
f136	requirements/time-capability/tests/003.test.mjs	227553.052031000	227672.065478	119.01344700000482
f136	requirements/time-capability/tests/004.test.mjs	227558.953034000	227755.75950100002	196.8064670000167
f136	requirements/time-capability/tests/005.test.mjs	227674.424126000	227778.92168700002	104.4975610000256
f136	requirements/time-capability/tests/006.test.mjs	227764.380799000	227883.436258	119.05545899999561
f136	requirements/time-capability/tests/007.test.mjs	227781.593769000	227894.525574	112.93180500000017
f136	requirements/time-capability/tests/008.test.mjs	227886.490982000	228046.51000600003	160.01902400000836
f136	requirements/verification-system/tests/002.test.mjs	227896.882140000	227947.591828	50.70968800000264
f136	requirements/verification-system/tests/003.test.mjs	227950.636311000	228279.10599	328.46967900000163
f136	requirements/verification-system/tests/004.test.mjs	228048.897908000	228151.636625	102.73871700000018
f136	requirements/verification-system/tests/005.test.mjs	228154.244035000	231527.81172000003	3373.5676850000164
f136	requirements/verification-system/tests/006.test.mjs	228281.849319000	243664.638597	15382.789278000011
f136	requirements/verification-system/tests/007.test.mjs	231530.080513000	232043.33194300003	513.2514300000039
f136	requirements/verification-system/tests/008.test.mjs	232045.590771000	235369.66233400002	3324.071563000005
f136	requirements/verification-system/tests/009.test.mjs	235371.563692000	238646.12951700002	3274.565824999998
f136	requirements/verification-system/tests/010.test.mjs	238648.145968000	238901.06263300002	252.916664999997
f136	requirements/verification-system/tests/011.test.mjs	238903.242472000	241480.992013	2577.7495409999974
f136	requirements/verification-system/tests/012.test.mjs	241483.311823000	241537.94410700002	54.63228399999207
f136	requirements/verification-system/tests/014.test.mjs	241541.203594000	241837.30217200003	296.09857800000464
f136	requirements/verification-system/tests/015.test.mjs	241840.573372000	241906.204464	65.63109199999599
f136	requirements/verification-system/tests/016.test.mjs	241908.337923000	incomplete	incomplete
f136	requirements/verification-system/tests/017.test.mjs	243666.708305000	244869.235015	1202.5267100000056
f136	requirements/verification-system/tests/018.test.mjs	244871.339560000	244985.746451	114.40689099999145
f136	requirements/verification-system/tests/020.test.mjs	244987.915944000	245054.67280600002	66.75686200000928
f136	requirements/verification-system/tests/021.test.mjs	245056.758633000	247125.604804	2068.846170999983
f136	requirements/work-record/tests/001.test.mjs	247127.120771000	247623.076317	495.95554599998286
f136	requirements/work-record/tests/002.test.mjs	247626.176634000	248049.08121600002	422.9045820000174
f136	requirements/work-record/tests/003.test.mjs	248051.391967000	248326.427854	275.03588700000546
f136	requirements/work-record/tests/004.test.mjs	248329.374534000	249074.171911	744.7973770000099
f136	requirements/work-record/tests/005.test.mjs	249077.359124000	249478.156231	400.79710699999123
f136	requirements/work-record/tests/006.test.mjs	249480.480938000	250039.60571	559.124771999981
f136	requirements/work-record/tests/007.test.mjs	250041.717825000	250437.77563800002	396.05781300002127
f136	requirements/work-record/tests/008.test.mjs	250440.454164000	250771.49609	331.04192599997623
f136	requirements/work-record/tests/009.test.mjs	250773.914729000	251006.52928500003	232.614556000015
f136	requirements/work-record/tests/010.test.mjs	251009.206914000	251397.144872	387.937957999995
f136	requirements/work-record/tests/011.test.mjs	251399.699101000	252220.11717100002	820.4180700000143
f136	requirements/work-record/tests/012.test.mjs	252222.558574000	252292.198031	69.63945699998294
f136	requirements/work-record/tests/013.test.mjs	252294.901499000	252550.85529600002	255.95379700002377
f136	requirements/work-record/tests/014.test.mjs	252553.508829000	252792.082035	238.57320600000094
f136	requirements/work-record/tests/015.test.mjs	252794.804567000	253222.61321200003	427.8086450000119
f136	requirements/work-record/tests/016.test.mjs	253225.305483000	254341.65196800002	1116.3464850000164
f136	requirements/work-record/tests/017.test.mjs	254343.987701000	254391.87866500003	47.890964000020176
3bde	requirements/action-affordance/tests/001.test.mjs	43.339241000	458.07517699999994	414.7359359999999
3bde	requirements/action-affordance/tests/002.test.mjs	46.827252000	104.15787	57.33061799999996
3bde	requirements/action-affordance/tests/003.test.mjs	107.351226000	162.25718300000005	54.90595700000006
3bde	requirements/action-affordance/tests/004.test.mjs	164.793185000	227.72345600000006	62.93027100000006
3bde	requirements/action-affordance/tests/005.test.mjs	230.271058000	284.635663	54.36460499999998
3bde	requirements/action-affordance/tests/006.test.mjs	287.350576000	336.85038800000007	49.49981200000002
3bde	requirements/action-affordance/tests/007.test.mjs	341.399519000	514.6271240000001	173.22760500000004
3bde	requirements/action-affordance/tests/008.test.mjs	460.638288000	521.2538690000001	60.61558100000002
3bde	requirements/action-affordance/tests/009.test.mjs	517.744416000	958.298027	440.55361100000005
3bde	requirements/action-affordance/tests/010.test.mjs	524.682475000	578.575848	53.89337299999988
3bde	requirements/action-affordance/tests/011.test.mjs	581.061936000	631.329219	50.26728299999991
3bde	requirements/action-affordance/tests/012.test.mjs	634.283728000	692.0914829999999	57.807754999999815
3bde	requirements/action-affordance/tests/013.test.mjs	696.186428000	764.8410880000001	68.65466000000015
3bde	requirements/action-affordance/tests/014.test.mjs	767.272087000	1169.650572	402.37848499999996
3bde	requirements/action-affordance/tests/015.test.mjs	961.781776000	1380.15609	418.3743139999999
3bde	requirements/attention-regulation/tests/001.test.mjs	1172.481446000	1363.112431	190.630985
3bde	requirements/attention-regulation/tests/002.test.mjs	1364.339255000	3474.343087	2110.0038320000003
3bde	requirements/attention-regulation/tests/003.test.mjs	1382.085833000	1575.5672720000002	193.48143900000014
3bde	requirements/attention-regulation/tests/004.test.mjs	1577.930319000	4586.150277	3008.2199579999997
3bde	requirements/attention-regulation/tests/005.test.mjs	3477.079066000	5459.511246	1982.4321799999998
3bde	requirements/attention-regulation/tests/006.test.mjs	4588.920313000	4686.473676	97.55336299999999
3bde	requirements/behavior-diagnosis/tests/001.test.mjs	4688.755222000	4852.110971	163.3557490000003
3bde	requirements/behavior-diagnosis/tests/002.test.mjs	4853.727906000	4920.538653	66.81074699999954
3bde	requirements/behavior-diagnosis/tests/003.test.mjs	4924.680876000	5116.938924	192.2580479999997
3bde	requirements/behavior-diagnosis/tests/004.test.mjs	5119.058016000	5465.234331	346.1763149999997
3bde	requirements/behavior-diagnosis/tests/005.test.mjs	5462.500461000	5572.265944	109.76548300000013
3bde	requirements/behavior-diagnosis/tests/006.test.mjs	5466.003203000	7621.288509000001	2155.2853060000007
3bde	requirements/behavior-diagnosis/tests/007.test.mjs	5573.994002000	5822.149554	248.15555199999926
3bde	requirements/behavior-diagnosis/tests/008.test.mjs	5824.441393000	6271.739618	447.29822499999955
3bde	requirements/behavior-diagnosis/tests/009.test.mjs	6273.910609000	7611.737661	1337.8270519999996
3bde	requirements/behavior-diagnosis/tests/010.test.mjs	7613.832631000	8011.502477000001	397.6698460000007
3bde	requirements/behavior-diagnosis/tests/011.test.mjs	7623.276889000	7766.719753	143.44286400000055
3bde	requirements/behavior-diagnosis/tests/012.test.mjs	7769.965784000	8088.396679	318.4308949999995
3bde	requirements/behavior-diagnosis/tests/013.test.mjs	8014.108489000	8338.473483000002	324.3649940000023
3bde	requirements/behavior-diagnosis/tests/014.test.mjs	8090.740092000	8465.013213999999	374.2731219999978
3bde	requirements/behavior-diagnosis/tests/015.test.mjs	8340.664284000	8521.099046	180.43476200000077
3bde	requirements/behavior-diagnosis/tests/016.test.mjs	8467.003669000	9000.650744999999	533.6470759999975
3bde	requirements/behavior-diagnosis/tests/017.test.mjs	8523.385827000	15831.133988000001	7307.748161000003
3bde	requirements/behavior-diagnosis/tests/018.test.mjs	9002.433552000	11331.326722999998	2328.8931709999997
3bde	requirements/behavior-diagnosis/tests/019.test.mjs	11333.748396000	11385.294656999999	51.546260999999504
3bde	requirements/capability-enforcement/tests/001.test.mjs	11387.346767000	11498.546957999999	111.2001909999999
3bde	requirements/capability-enforcement/tests/002.test.mjs	11500.983206000	13037.634465	1536.6512589999984
3bde	requirements/capability-enforcement/tests/003.test.mjs	13039.890375000	13156.281454	116.3910790000009
3bde	requirements/capability-enforcement/tests/004.test.mjs	13158.550136000	13279.786456999998	121.23632099999668
3bde	requirements/capability-enforcement/tests/005.test.mjs	13282.335763000	13520.25832	237.9225570000017
3bde	requirements/capability-enforcement/tests/006.test.mjs	13522.564844000	16847.372807	3324.8079629999993
3bde	requirements/capability-enforcement/tests/007.test.mjs	15831.561884000	16575.542643	743.9807589999982
3bde	requirements/capability-enforcement/tests/009.test.mjs	16577.760830000	18354.041452	1776.280622000002
3bde	requirements/capability-enforcement/tests/010.test.mjs	16850.573512000	19542.385386	2691.811873999999
3bde	requirements/capability-enforcement/tests/011.test.mjs	18356.514175000	20182.541390000002	1826.027215000002
3bde	requirements/capability-enforcement/tests/012.test.mjs	19546.125252000	20028.234433	482.1091809999998
3bde	requirements/capability-enforcement/tests/013.test.mjs	20030.839628000	20116.848871000002	86.00924300000042
3bde	requirements/capability-enforcement/tests/014.test.mjs	20119.063950000	20175.600967000002	56.53701700000238
3bde	requirements/capability-enforcement/tests/015.test.mjs	20178.043852000	20345.914036000002	167.87018399999943
3bde	requirements/capability-enforcement/tests/016.test.mjs	20184.700948000	20355.909332	171.20838399999775
3bde	requirements/capability-enforcement/tests/017.test.mjs	20348.171846000	20441.399868	93.22802199999933
3bde	requirements/capability-enforcement/tests/018.test.mjs	20357.932394000	20459.126639000002	101.19424500000241
3bde	requirements/capability-enforcement/tests/019.test.mjs	20445.201030000	21346.668777000003	901.4677470000024
3bde	requirements/capability-enforcement/tests/020.test.mjs	20461.260479000	20512.601439000002	51.34096000000136
3bde	requirements/capability-enforcement/tests/021.test.mjs	20514.900036000	28036.131081	7521.231044999997
3bde	requirements/capability-enforcement/tests/023.test.mjs	21348.929543000	21890.248861	541.319317999998
3bde	requirements/capability-enforcement/tests/024.test.mjs	21892.430270000	23659.89936	1767.4690899999987
3bde	requirements/capability-enforcement/tests/025.test.mjs	23663.534912000	26757.28959	3093.754678000001
3bde	requirements/capability-enforcement/tests/026.test.mjs	26759.863887000	28152.970052	1393.106165000001
3bde	requirements/causal-wait/tests/001.test.mjs	28038.321337000	28149.612282000002	111.29094500000065
3bde	requirements/causal-wait/tests/002.test.mjs	28151.931409000	28266.092367	114.16095800000039
3bde	requirements/causal-wait/tests/003.test.mjs	28155.952520000	28771.320284	615.3677639999987
3bde	requirements/causal-wait/tests/004.test.mjs	28268.538001000	28378.008174000002	109.47017300000152
3bde	requirements/causal-wait/tests/005.test.mjs	28380.401329000	28629.880641	249.47931199999948
3bde	requirements/causal-wait/tests/006.test.mjs	28633.688461000	28822.069573	188.38111199999912
3bde	requirements/causal-wait/tests/007.test.mjs	28773.485284000	28936.5161	163.0308159999986
3bde	requirements/causal-wait/tests/008.test.mjs	28824.494978000	29121.086006	296.5910279999989
3bde	requirements/causal-wait/tests/009.test.mjs	28939.100621000	29130.095629	190.99500799999805
3bde	requirements/change-integration/tests/001.test.mjs	29123.370909000	29393.115797000002	269.7448880000011
3bde	requirements/change-integration/tests/002.test.mjs	29132.427129000	29568.659314	436.23218500000075
3bde	requirements/change-integration/tests/003.test.mjs	29395.939706000	29896.967898000003	501.0281920000016
3bde	requirements/change-integration/tests/004.test.mjs	29571.247122000	30311.598828000002	740.3517060000013
3bde	requirements/change-integration/tests/005.test.mjs	29899.351065000	30285.830883000002	386.4798179999998
3bde	requirements/change-integration/tests/006.test.mjs	30289.702368000	30579.585459	289.8830909999997
3bde	requirements/change-integration/tests/007.test.mjs	30313.923905000	30590.323595	276.399690000002
3bde	requirements/change-integration/tests/008.test.mjs	30582.304840000	31011.922533	429.61769300000014
3bde	requirements/change-integration/tests/009.test.mjs	30592.514292000	30849.523806	257.0095140000012
3bde	requirements/change-integration/tests/011.test.mjs	30851.676220000	30903.775398	52.09917800000039
3bde	requirements/change-integration/tests/013.test.mjs	30907.101899000	31186.513294	279.4113949999992
3bde	requirements/change-integration/tests/014.test.mjs	31014.176137000	31269.29328	255.1171429999995
3bde	requirements/change-integration/tests/015.test.mjs	31188.309797000	31444.66665	256.3568529999975
3bde	requirements/change-integration/tests/017.test.mjs	31271.567370000	31330.842723	59.275353000000905
3bde	requirements/cognitive-environment/tests/001.test.mjs	31333.360659000	31385.140966000003	51.7803070000009
3bde	requirements/cognitive-environment/tests/002.test.mjs	31387.675873000	31441.16771	53.4918370000014
3bde	requirements/cognitive-environment/tests/003.test.mjs	31443.716292000	31595.389043	151.67275099999824
3bde	requirements/cognitive-environment/tests/004.test.mjs	31446.842233000	31500.361210000003	53.51897700000336
3bde	requirements/cognitive-environment/tests/005.test.mjs	31502.936196000	31637.575631	134.63943499999732
3bde	requirements/cognitive-environment/tests/006.test.mjs	31598.143500000	31653.097859	54.954358999999386
3bde	requirements/cognitive-environment/tests/007.test.mjs	31639.762351000	31691.085297	51.32294600000023
3bde	requirements/cognitive-environment/tests/008.test.mjs	31655.168605000	31704.185056000002	49.016450999999506
3bde	requirements/cognitive-environment/tests/009.test.mjs	31693.231130000	31742.770392000002	49.539262000002054
3bde	requirements/cognitive-environment/tests/010.test.mjs	31706.390159000	31754.234096	47.84393699999782
3bde	requirements/cognitive-environment/tests/011.test.mjs	31744.859620000	31793.054102000002	48.19448200000261
3bde	requirements/cognitive-environment/tests/012.test.mjs	31756.546360000	31860.889794000002	104.34343400000216
3bde	requirements/cognitive-environment/tests/013.test.mjs	31795.414274000	31851.817412	56.40313799999785
3bde	requirements/cognitive-environment/tests/015.test.mjs	31854.096513000	36966.690316	5112.593803
3bde	requirements/cognitive-environment/tests/016.test.mjs	31862.875689000	31913.220234	50.344544999999925
3bde	requirements/cognitive-workspace/tests/001.test.mjs	31915.432091000	31965.912769000002	50.4806779999999
3bde	requirements/cognitive-workspace/tests/002.test.mjs	31968.856494000	32021.185974	52.32948000000033
3bde	requirements/cognitive-workspace/tests/003.test.mjs	32022.556454000	32079.613509000003	57.05705500000113
3bde	requirements/cognitive-workspace/tests/004.test.mjs	32080.782034000	32129.016195	48.23416100000031
3bde	requirements/cognitive-workspace/tests/005.test.mjs	32131.674865000	32179.958812	48.2839469999999
3bde	requirements/cognitive-workspace/tests/006.test.mjs	32186.098749000	32246.682437	60.5836879999988
3bde	requirements/cognitive-workspace/tests/007.test.mjs	32249.159006000	32308.126516	58.96751000000222
3bde	requirements/cognitive-workspace/tests/008.test.mjs	32310.052150000	32377.001583	66.94943300000159
3bde	requirements/cognitive-workspace/tests/009.test.mjs	32379.085813000	32442.229284999998	63.14347199999611
3bde	requirements/cognitive-workspace/tests/010.test.mjs	32444.841617000	32494.384796000002	49.54317900000024
3bde	requirements/concern-routing/tests/001.test.mjs	32497.191990000	32596.829870999998	99.6378809999951
3bde	requirements/concern-routing/tests/002.test.mjs	32599.366071000	37460.240531999996	4860.874460999996
3bde	requirements/concern-routing/tests/003.test.mjs	36969.211120000	38793.951861999994	1824.7407419999945
3bde	requirements/concern-routing/tests/004.test.mjs	37461.913894000	39659.688234999994	2197.7743409999966
3bde	requirements/concern-routing/tests/005.test.mjs	38796.522297000	40666.091017	1869.568720000003
3bde	requirements/concern-routing/tests/006.test.mjs	39661.823804000	42412.185538	2750.3617339999983
3bde	requirements/concern-routing/tests/007.test.mjs	40668.440250000	40729.275994999996	60.83574499999668
3bde	requirements/context-compression/tests/001.test.mjs	40731.768552000	40794.718800999995	62.95024900000135
3bde	requirements/context-compression/tests/002.test.mjs	40799.539788000	41238.598290999995	439.0585030000002
3bde	requirements/context-compression/tests/003.test.mjs	41241.130808000	41891.182418	650.0516100000023
3bde	requirements/context-compression/tests/004.test.mjs	41896.473307000	42063.407923	166.93461599999864
3bde	requirements/context-compression/tests/005.test.mjs	42066.100888000	42462.057840999994	395.9569529999935
3bde	requirements/context-compression/tests/006.test.mjs	42414.617823000	42790.279183	375.66135999999824
3bde	requirements/context-compression/tests/007.test.mjs	42465.133827000	42849.510457	384.37662999999884
3bde	requirements/context-compression/tests/008.test.mjs	42792.517096000	43179.537544	387.02044800000294
3bde	requirements/context-compression/tests/009.test.mjs	42851.658175000	43252.906987999995	401.24881299999834
3bde	requirements/context-compression/tests/010.test.mjs	43186.099119000	43346.085416999995	159.98629799999617
3bde	requirements/context-compression/tests/011.test.mjs	43255.387406000	43577.437025	322.0496190000049
3bde	requirements/context-compression/tests/012.test.mjs	43348.752885000	43654.647819	305.89493400000356
3bde	requirements/context-compression/tests/013.test.mjs	43578.443759000	43735.254709999994	156.81095099999948
3bde	requirements/context-compression/tests/014.test.mjs	43657.210710000	43852.650632	195.43992199999775
3bde	requirements/context-compression/tests/015.test.mjs	43737.770679000	43848.820377	111.04969800000254
3bde	requirements/context-compression/tests/016.test.mjs	43851.104797000	44167.093924999994	315.9891279999938
3bde	requirements/context-compression/tests/017.test.mjs	43855.135177000	44110.058326	254.923149000002
3bde	requirements/context-compression/tests/018.test.mjs	44112.289880000	46433.227922	2320.9380420000016
3bde	requirements/context-compression/tests/019.test.mjs	44169.516607000	44915.869975999994	746.3533689999967
3bde	requirements/context-compression/tests/020.test.mjs	44919.095670000	45142.273655	223.17798500000208
3bde	requirements/context-compression/tests/021.test.mjs	45144.216502000	45523.084737	378.86823500000173
3bde	requirements/context-compression/tests/022.test.mjs	45525.966020000	45949.127714999995	423.16169499999523
3bde	requirements/context-compression/tests/023.test.mjs	45951.122469000	46085.149142999995	134.02667400000064
3bde	requirements/context-compression/tests/024.test.mjs	46087.174031000	63968.909562999994	17881.735532
3bde	requirements/context-compression/tests/025.test.mjs	46436.103676000	46822.117027	386.0133510000014
3bde	requirements/context-compression/tests/026.test.mjs	46822.198158000	47567.856658	745.6584999999977
3bde	requirements/context-compression/tests/027.test.mjs	47570.447101000	48137.199669999995	566.7525689999966
3bde	requirements/context-compression/tests/028.test.mjs	48139.353771000	48255.57146	116.21768900000461
3bde	requirements/context-compression/tests/029.test.mjs	48257.650653000	48518.225914999995	260.5752619999985
3bde	requirements/context-compression/tests/030.test.mjs	48520.192428000	48770.994191	250.80176300000312
3bde	requirements/crash-reconciliation/tests/001.test.mjs	48772.998282000	48861.688392	88.69010999999591
3bde	requirements/crash-reconciliation/tests/002.test.mjs	48863.698574000	48985.617628	121.91905400000542
3bde	requirements/crash-reconciliation/tests/003.test.mjs	48988.497587000	49115.981345	127.48375800000213
3bde	requirements/crash-reconciliation/tests/004.test.mjs	49118.266358000	49175.981822999995	57.715464999993856
3bde	requirements/crash-reconciliation/tests/005.test.mjs	49178.227975000	49283.430828	105.2028530000025
3bde	requirements/crash-reconciliation/tests/006.test.mjs	49285.661581000	49405.842759	120.18117799999891
3bde	requirements/crash-reconciliation/tests/007.test.mjs	49407.922371000	49543.255004	135.33263299999817
3bde	requirements/crash-reconciliation/tests/008.test.mjs	49545.647869000	49640.629485	94.9816159999973
3bde	requirements/crash-reconciliation/tests/009.test.mjs	49642.776432000	49962.12324	319.34680800000206
3bde	requirements/crash-reconciliation/tests/010.test.mjs	49964.675927000	50074.982156	110.30622900000162
3bde	requirements/crash-reconciliation/tests/011.test.mjs	50077.497491000	50164.505925	87.00843400000304
3bde	requirements/crash-reconciliation/tests/012.test.mjs	50166.769514000	50276.531179	109.76166499999817
3bde	requirements/crash-reconciliation/tests/013.test.mjs	50278.900016000	50372.356131	93.45611500000086
3bde	requirements/crash-reconciliation/tests/014.test.mjs	50374.693563000	50474.177208999994	99.48364599999331
3bde	requirements/crash-reconciliation/tests/015.test.mjs	50476.389678000	51271.950549999994	795.5608719999946
3bde	requirements/crash-reconciliation/tests/016.test.mjs	51274.502806000	51408.768154	134.2653480000008
3bde	requirements/crash-reconciliation/tests/017.test.mjs	51410.913015000	51464.652098	53.73908300000039
3bde	requirements/crash-reconciliation/tests/018.test.mjs	51466.708838000	53534.529576999994	2067.8207389999952
3bde	requirements/crash-reconciliation/tests/019.test.mjs	53537.752733000	53595.868871	58.11613800000487
3bde	requirements/crash-reconciliation/tests/020.test.mjs	53598.106723000	54008.184484	410.07776100000046
3bde	requirements/crash-reconciliation/tests/021.test.mjs	54010.267772000	54341.107028	330.8392559999993
3bde	requirements/degeneration-guard/tests/001.test.mjs	54343.433759000	54636.532777	293.0990180000008
3bde	requirements/degeneration-guard/tests/002.test.mjs	54638.495581000	54925.095278999994	286.59969799999817
3bde	requirements/degeneration-guard/tests/003.test.mjs	54927.292858000	55230.928590999996	303.6357329999955
3bde	requirements/degeneration-guard/tests/004.test.mjs	55233.236535000	55988.432224	755.1956890000001
3bde	requirements/degeneration-guard/tests/005.test.mjs	55990.518648000	56249.959924999996	259.4412769999981
3bde	requirements/degeneration-guard/tests/006.test.mjs	56251.932378000	56575.784396999996	323.8520189999981
3bde	requirements/degeneration-guard/tests/007.test.mjs	56577.911156000	56920.745298999995	342.83414300000004
3bde	requirements/degeneration-guard/tests/008.test.mjs	56923.149719000	57237.352274	314.2025549999962
3bde	requirements/degeneration-guard/tests/009.test.mjs	57240.113796000	57578.615945	338.5021489999999
3bde	requirements/degeneration-guard/tests/010.test.mjs	57581.091445000	57873.925248	292.83380300000135
3bde	requirements/degeneration-guard/tests/011.test.mjs	57876.258268000	58014.842165999995	138.58389799999713
3bde	requirements/degeneration-guard/tests/012.test.mjs	58017.082085000	58067.832897	50.75081200000568
3bde	requirements/degeneration-guard/tests/013.test.mjs	58069.977069000	58378.825917999995	308.8488489999945
3bde	requirements/delegation/tests/001.test.mjs	58381.075385000	58431.612758999996	50.537373999999545
3bde	requirements/delegation/tests/002.test.mjs	58434.169747000	58523.562289999994	89.39254299999448
3bde	requirements/delegation/tests/003.test.mjs	58525.737519000	61093.646404	2567.9088850000044
3bde	requirements/delegation/tests/004.test.mjs	61096.094990000	61151.484624	55.389633999999205
3bde	requirements/delegation/tests/005.test.mjs	61153.709190000	61473.473026	319.76383600000554
3bde	requirements/delegation/tests/006.test.mjs	61476.546888000	62325.465454	848.9185660000003
3bde	requirements/delegation/tests/007.test.mjs	62327.914375000	63032.837009999996	704.9226349999954
3bde	requirements/delegation/tests/008.test.mjs	63034.862890000	63803.503914	768.6410240000041
3bde	requirements/delegation/tests/009.test.mjs	63805.621537000	64711.622128999996	906.0005919999967
3bde	requirements/delegation/tests/010.test.mjs	63971.320482000	64847.977049999994	876.6565679999985
3bde	requirements/delegation/tests/011.test.mjs	64713.225684000	65489.06223799999	775.8365539999941
3bde	requirements/delegation/tests/012.test.mjs	64852.104685000	65679.60132300001	827.4966380000114
3bde	requirements/delegation/tests/013.test.mjs	65494.337480000	65931.854146	437.51666600000317
3bde	requirements/delegation/tests/014.test.mjs	65682.365057000	66075.78091300001	393.4158560000069
3bde	requirements/delegation/tests/015.test.mjs	65934.368638000	66418.24749000001	483.8788520000089
3bde	requirements/delegation/tests/017.test.mjs	66078.121014000	66127.439491	49.318476999993436
3bde	requirements/delegation/tests/019.test.mjs	66129.393489000	66286.36024800001	156.96675900000264
3bde	requirements/delegation/tests/020.test.mjs	66288.617408000	66358.86561600001	70.24820800000452
3bde	requirements/delegation/tests/021.test.mjs	66362.119986000	66529.61668	167.4966940000013
3bde	requirements/delegation/tests/022.test.mjs	66421.875646000	66543.866549	121.99090299999807
3bde	requirements/delegation/tests/023.test.mjs	66532.093880000	67421.249608	889.1557279999979
3bde	requirements/delegation/tests/024.test.mjs	66545.840856000	68098.23470700001	1552.3938510000007
3bde	requirements/delegation/tests/025.test.mjs	67424.517172000	69086.054023	1661.5368509999971
3bde	requirements/delegation/tests/026.test.mjs	68101.423023000	71035.209497	2933.786473999993
3bde	requirements/delegation/tests/027.test.mjs	69088.382015000	70108.11010600001	1019.7280909999972
3bde	requirements/delegation/tests/028.test.mjs	70110.232537000	70385.11374300001	274.8812060000055
3bde	requirements/delegation/tests/029.test.mjs	70386.932712000	70555.58851700001	168.65580500000215
3bde	requirements/delegation/tests/030.test.mjs	70557.503009000	70606.765801	49.26279199999408
3bde	requirements/delegation/tests/031.test.mjs	70608.958463000	72043.415034	1434.4565710000024
3bde	requirements/delegation/tests/032.test.mjs	71038.705415000	71948.94573800001	910.2403230000054
3bde	requirements/dispatch-protocol/tests/001.test.mjs	71951.348702000	72497.205266	545.8565640000015
3bde	requirements/dispatch-protocol/tests/002.test.mjs	72045.650546000	72836.656721	791.0061750000023
3bde	requirements/dispatch-protocol/tests/003.test.mjs	72501.177752000	73478.458394	977.2806419999979
3bde	requirements/dispatch-protocol/tests/004.test.mjs	72839.333910000	73442.71712700001	603.3832170000096
3bde	requirements/dispatch-protocol/tests/005.test.mjs	73446.466767000	73777.100697	330.6339299999963
3bde	requirements/dispatch-protocol/tests/006.test.mjs	73480.703373000	73801.536881	320.8335079999961
3bde	requirements/dispatch-protocol/tests/007.test.mjs	73779.727107000	74988.105908	1208.378800999999
3bde	requirements/dispatch-protocol/tests/008.test.mjs	73803.777788000	74424.288425	620.5106369999994
3bde	requirements/dispatch-protocol/tests/009.test.mjs	74426.392182000	75252.693071	826.300888999991
3bde	requirements/dispatch-protocol/tests/010.test.mjs	74990.182163000	76163.11288500001	1172.9307220000046
3bde	requirements/dispatch-protocol/tests/011.test.mjs	75255.351875000	75806.87748200001	551.5256070000032
3bde	requirements/dispatch-protocol/tests/012.test.mjs	75809.341457000	76463.118797	653.7773400000005
3bde	requirements/dispatch-protocol/tests/013.test.mjs	76165.655689000	76748.603122	582.9474329999939
3bde	requirements/dispatch-protocol/tests/014.test.mjs	76465.114171000	76519.552383	54.438211999993655
3bde	requirements/dispatch-protocol/tests/015.test.mjs	76522.518505000	78758.307631	2235.7891260000033
3bde	requirements/distribution/tests/001.test.mjs	76750.745711000	76929.875726	179.1300149999879
3bde	requirements/distribution/tests/002.test.mjs	76933.170920000	77886.20064400001	953.0297240000073
3bde	requirements/distribution/tests/003.test.mjs	77888.719754000	78889.395227	1000.6754729999957
3bde	requirements/distribution/tests/004.test.mjs	78761.251331000	78819.078095	57.82676399999764
3bde	requirements/distribution/tests/005.test.mjs	78821.334741000	80577.460045	1756.125304000001
3bde	requirements/distribution/tests/006.test.mjs	78892.048747000	79043.28233300001	151.2335860000021
3bde	requirements/distribution/tests/007.test.mjs	79046.396035000	82636.11693100001	3589.7208960000135
3bde	requirements/distribution/tests/008.test.mjs	80579.995855000	80665.76881600001	85.77296100000967
3bde	requirements/distribution/tests/009.test.mjs	80668.338307000	80775.57917000001	107.24086300001363
3bde	requirements/distribution/tests/010.test.mjs	80777.720646000	80946.62187100001	168.9012250000087
3bde	requirements/durable-convergence/tests/001.test.mjs	80948.794574000	81218.27928100001	269.48470700001053
3bde	requirements/durable-convergence/tests/002.test.mjs	81220.654352000	82038.292209	817.6378570000088
3bde	requirements/durable-convergence/tests/003.test.mjs	82040.534033000	82512.44142500001	471.90739200000826
3bde	requirements/durable-convergence/tests/004.test.mjs	82514.759260000	82829.502768	314.74350799999957
3bde	requirements/durable-convergence/tests/005.test.mjs	82643.111484000	82984.274055	341.1625709999935
3bde	requirements/durable-convergence/tests/006.test.mjs	82831.884231000	83154.736441	322.8522099999973
3bde	requirements/durable-convergence/tests/007.test.mjs	82986.683545000	83404.428168	417.7446229999914
3bde	requirements/durable-convergence/tests/008.test.mjs	83157.419403000	83624.148866	466.72946299999603
3bde	requirements/durable-convergence/tests/009.test.mjs	83406.613665000	83771.54582300001	364.932157999996
3bde	requirements/durable-convergence/tests/010.test.mjs	83626.829568000	84084.955992	458.12642400000186
3bde	requirements/durable-convergence/tests/011.test.mjs	83773.720300000	84484.660619	710.9403190000012
3bde	requirements/durable-events/tests/001.test.mjs	84087.568630000	84454.512033	366.9434029999975
3bde	requirements/durable-events/tests/002.test.mjs	84456.769395000	86748.474551	2291.7051559999964
3bde	requirements/durable-events/tests/003.test.mjs	84487.303777000	84877.490445	390.1866679999948
3bde	requirements/durable-events/tests/004.test.mjs	84880.086358000	85467.462448	587.3760900000052
3bde	requirements/durable-events/tests/005.test.mjs	85469.777788000	85942.848373	473.070584999994
3bde	requirements/durable-events/tests/006.test.mjs	85945.151349000	86338.516019	393.3646699999954
3bde	requirements/durable-events/tests/007.test.mjs	86341.119263000	86674.38222900001	333.2629660000093
3bde	requirements/durable-events/tests/008.test.mjs	86676.718125000	86989.741534	313.02340900000127
3bde	requirements/durable-events/tests/009.test.mjs	86750.799078000	89181.93987500001	2431.140797
3bde	requirements/durable-events/tests/010.test.mjs	86992.705451000	87421.71819300001	429.01274200000626
3bde	requirements/durable-events/tests/011.test.mjs	87424.291423000	87757.277243	332.9858200000017
3bde	requirements/durable-events/tests/012.test.mjs	87759.513689000	88259.098113	499.5844240000006
3bde	requirements/durable-events/tests/013.test.mjs	88261.306494000	88896.269713	634.9632189999975
3bde	requirements/durable-events/tests/014.test.mjs	88898.663073000	89386.79729300001	488.1342200000072
3bde	requirements/durable-events/tests/015.test.mjs	89185.510955000	89499.98222600001	314.47127100000216
3bde	requirements/durable-events/tests/016.test.mjs	89389.635083000	91643.986436	2254.3513530000055
3bde	requirements/durable-events/tests/017.test.mjs	89502.191829000	89850.96069	348.7688610000041
3bde	requirements/durable-events/tests/018.test.mjs	89854.152459000	90330.34143100001	476.18897200000356
3bde	requirements/durable-events/tests/019.test.mjs	90332.674738000	92734.236952	2401.562214000005
3bde	requirements/durable-events/tests/020.test.mjs	91646.317853000	92022.399365	376.0815120000043
3bde	requirements/durable-events/tests/021.test.mjs	92024.473516000	92354.24836700001	329.7748510000092
3bde	requirements/durable-events/tests/022.test.mjs	92356.554791000	92621.41648700001	264.8616960000072
3bde	requirements/durable-events/tests/023.test.mjs	92623.786487000	93392.975384	769.188897
3bde	requirements/durable-events/tests/024.test.mjs	92736.455882000	92787.585871	51.12998899999366
3bde	requirements/durable-events/tests/025.test.mjs	92789.637280000	93230.86808900001	441.2308090000006
3bde	requirements/effect-accounting/tests/001.test.mjs	93231.727799000	93496.23511400001	264.50731500000984
3bde	requirements/effect-accounting/tests/002.test.mjs	93396.493653000	93662.466213	265.97256000000925
3bde	requirements/effect-accounting/tests/003.test.mjs	93498.616825000	94210.813211	712.196385999996
3bde	requirements/effect-accounting/tests/004.test.mjs	93664.748797000	93923.452313	258.7035159999941
3bde	requirements/effect-accounting/tests/005.test.mjs	93925.920332000	94470.939492	545.0191599999962
3bde	requirements/effect-accounting/tests/006.test.mjs	94213.551479000	94724.368432	510.8169530000014
3bde	requirements/effect-accounting/tests/007.test.mjs	94473.033347000	94833.897349	360.8640020000021
3bde	requirements/effect-accounting/tests/008.test.mjs	94726.869474000	95880.801032	1153.9315579999966
3bde	requirements/effect-accounting/tests/010.test.mjs	94836.413904000	94997.29182	160.87791599999764
3bde	requirements/effect-accounting/tests/012.test.mjs	94999.511161000	95261.465311	261.95415000000503
3bde	requirements/execution-failure-policy/tests/001.test.mjs	95263.866892000	95379.551318	115.68442599999253
3bde	requirements/execution-failure-policy/tests/002.test.mjs	95382.137003000	96270.11813	887.9811269999918
3bde	requirements/execution-failure-policy/tests/003.test.mjs	95882.935493000	96743.22099500001	860.2855019999988
3bde	requirements/execution-failure-policy/tests/004.test.mjs	96272.321471000	96424.086886	151.76541500000167
3bde	requirements/execution-failure-policy/tests/005.test.mjs	96426.309624000	96524.746403	98.43677899999602
3bde	requirements/execution-failure-policy/tests/006.test.mjs	96526.984409000	97363.868285	836.8838759999926
3bde	requirements/execution-failure-policy/tests/007.test.mjs	96745.886415000	97018.221111	272.33469600000535
3bde	requirements/execution-failure-policy/tests/008.test.mjs	97020.609747000	97292.70183	272.0920829999959
3bde	requirements/execution-failure-policy/tests/009.test.mjs	97295.120620000	97395.062032	99.94141200000013
3bde	requirements/execution-failure-policy/tests/010.test.mjs	97366.154240000	98291.67670200001	925.5224620000081
3bde	requirements/execution-failure-policy/tests/011.test.mjs	97397.628472000	98201.822287	804.1938149999914
3bde	requirements/execution-failure-policy/tests/012.test.mjs	98204.061475000	98522.85572400001	318.7942489999987
3bde	requirements/execution-failure-policy/tests/013.test.mjs	98294.358815000	98392.924105	98.56528999999864
3bde	requirements/execution-failure-policy/tests/014.test.mjs	98395.082613000	98471.565377	76.48276400000032
3bde	requirements/execution-model-routing/tests/001.test.mjs	98473.775631000	98622.39633	148.62069899999187
3bde	requirements/execution-model-routing/tests/002.test.mjs	98525.321364000	98720.33384	195.01247600000352
3bde	requirements/execution-model-routing/tests/003.test.mjs	98624.567019000	102589.48442000001	3964.917400999999
3bde	requirements/execution-model-routing/tests/004.test.mjs	98723.099608000	98900.751589	177.6519810000027
3bde	requirements/execution-model-routing/tests/005.test.mjs	98903.837444000	99039.68511800001	135.8476740000042
3bde	requirements/execution-model-routing/tests/006.test.mjs	99042.066811000	99230.329094	188.2622829999891
3bde	requirements/execution-model-routing/tests/007.test.mjs	99232.619257000	99379.585418	146.96616100000392
3bde	requirements/execution-model-routing/tests/008.test.mjs	99382.066975000	101039.98226	1657.9152849999955
3bde	requirements/execution-model-routing/tests/009.test.mjs	101042.884623000	103190.62362	2147.738996999993
3bde	requirements/execution-model-routing/tests/010.test.mjs	102594.566210000	103767.196953	1172.6307430000015
3bde	requirements/execution-model-routing/tests/011.test.mjs	103193.161697000	103241.67710700001	48.51541000000725
3bde	requirements/execution-model-routing/tests/012.test.mjs	103243.912933000	103431.83585100001	187.92291800001112
3bde	requirements/execution-model-routing/tests/013.test.mjs	103435.092493000	103625.65493	190.5624370000005
3bde	requirements/execution-model-routing/tests/014.test.mjs	103628.127315000	109071.162981	5443.035665999996
3bde	requirements/execution-model-routing/tests/015.test.mjs	103769.342177000	103963.100882	193.7587050000002
3bde	requirements/execution-model-routing/tests/016.test.mjs	103965.522179000	104037.44928300001	71.92710400000215
3bde	requirements/execution-model-routing/tests/017.test.mjs	104039.973845000	104228.3511	188.37725499999942
3bde	requirements/execution-model-routing/tests/018.test.mjs	104231.581423000	104381.560414	149.9789909999963
3bde	requirements/execution-model-routing/tests/019.test.mjs	104383.749920000	104530.64456500001	146.89464500000759
3bde	requirements/execution-model-routing/tests/020.test.mjs	104533.226852000	104698.17020400001	164.94335200000205
3bde	requirements/feature-ablation/tests/001.test.mjs	104701.215996000	105688.253815	987.0378190000047
3bde	requirements/feature-ablation/tests/002.test.mjs	105690.633134000	106105.237598	414.60446400000365
3bde	requirements/feature-ablation/tests/003.test.mjs	106107.441831000	106776.194103	668.7522719999979
3bde	requirements/feature-ablation/tests/004.test.mjs	106778.612247000	107558.42671300001	779.8144659999962
3bde	requirements/guidance-delivery/tests/001.test.mjs	107560.954481000	108102.433584	541.4791029999906
3bde	requirements/guidance-delivery/tests/002.test.mjs	108104.838220000	108672.55906300001	567.7208430000028
3bde	requirements/guidance-delivery/tests/003.test.mjs	108674.892516000	109185.372805	510.4802889999992
3bde	requirements/guidance-delivery/tests/004.test.mjs	109078.720269000	109767.230884	688.5106150000065
3bde	requirements/guidance-delivery/tests/005.test.mjs	109187.644684000	109824.19849000001	636.5538060000108
3bde	requirements/guidance-delivery/tests/006.test.mjs	109774.989409000	110373.715869	598.7264600000053
3bde	requirements/guidance-delivery/tests/007.test.mjs	109826.738448000	110482.103233	655.3647849999979
3bde	requirements/guidance-delivery/tests/008.test.mjs	110377.484944000	110992.81019100001	615.3252470000007
3bde	requirements/guidance-delivery/tests/009.test.mjs	110484.673877000	110856.86041000001	372.18653300000005
3bde	requirements/guidance-delivery/tests/011.test.mjs	110860.565986000	111329.120611	468.5546250000043
3bde	requirements/guidance-delivery/tests/012.test.mjs	110995.065198000	111098.96979	103.90459199999168
3bde	requirements/host-boundary/tests/001.test.mjs	111105.006064000	111309.01303	204.00696600000083
3bde	requirements/host-boundary/tests/002.test.mjs	111315.695956000	111439.41711000001	123.72115399999893
3bde	requirements/host-boundary/tests/003.test.mjs	111331.543773000	113002.28415600001	1670.7403830000112
3bde	requirements/host-boundary/tests/004.test.mjs	111442.068675000	111579.443752	137.37507700000424
3bde	requirements/host-boundary/tests/005.test.mjs	111581.990460000	111791.54341700001	209.55295700000715
3bde	requirements/host-boundary/tests/006.test.mjs	111793.796200000	112125.29256	331.4963599999901
3bde	requirements/host-boundary/tests/007.test.mjs	112127.341985000	112229.51586700001	102.17388200000278
3bde	requirements/host-boundary/tests/008.test.mjs	112231.918158000	112509.003563	277.08540500000527
3bde	requirements/host-boundary/tests/009.test.mjs	112511.703468000	112630.73107800001	119.02761000000464
3bde	requirements/host-boundary/tests/010.test.mjs	112632.999059000	112748.446112	115.44705299999623
3bde	requirements/host-boundary/tests/011.test.mjs	112754.421323000	112883.861078	129.43975499999942
3bde	requirements/host-boundary/tests/012.test.mjs	112886.243051000	112975.274307	89.03125600000203
3bde	requirements/host-boundary/tests/013.test.mjs	112977.561834000	114837.221516	1859.6596819999977
3bde	requirements/host-boundary/tests/014.test.mjs	113004.959846000	113845.442334	840.4824880000087
3bde	requirements/host-boundary/tests/015.test.mjs	113847.933771000	114019.190015	171.25624399998924
3bde	requirements/host-boundary/tests/016.test.mjs	114022.505946000	114194.19890300001	171.69295700000657
3bde	requirements/host-boundary/tests/017.test.mjs	114196.840830000	114327.489482	130.6486520000035
3bde	requirements/host-boundary/tests/018.test.mjs	114330.350316000	114404.96802	74.61770399998932
3bde	requirements/host-boundary/tests/019.test.mjs	114409.363551000	115321.979711	912.616160000005
3bde	requirements/host-boundary/tests/020.test.mjs	114840.696733000	115106.518786	265.82205299999623
3bde	requirements/host-boundary/tests/021.test.mjs	115109.162528000	115370.325179	261.162651000006
3bde	requirements/host-boundary/tests/022.test.mjs	115329.094363000	116221.80782	892.7134569999907
3bde	requirements/host-boundary/tests/023.test.mjs	115372.916031000	119769.415154	4396.499123000001
3bde	requirements/host-boundary/tests/024.test.mjs	116224.693390000	116363.191705	138.49831500000437
3bde	requirements/host-boundary/tests/025.test.mjs	116365.478511000	116549.31280300001	183.83429199999955
3bde	requirements/host-boundary/tests/026.test.mjs	116551.550075000	116927.35740000001	375.8073250000016
3bde	requirements/host-boundary/tests/027.test.mjs	116929.892195000	117096.80562700001	166.9134320000012
3bde	requirements/host-boundary/tests/028.test.mjs	117098.914211000	117382.196089	283.2818779999943
3bde	requirements/host-boundary/tests/029.test.mjs	117387.120793000	118313.29828300001	926.1774900000019
3bde	requirements/host-boundary/tests/030.test.mjs	118316.330448000	118556.360784	240.03033599999617
3bde	requirements/host-boundary/tests/031.test.mjs	118567.536568000	118775.916975	208.38040699998965
3bde	requirements/host-boundary/tests/032.test.mjs	118778.181330000	133441.834639	14663.653309000001
3bde	requirements/host-boundary/tests/033.test.mjs	119771.842521000	122483.163101	2711.3205799999996
3bde	requirements/host-provider-failure-ownership/tests/001.test.mjs	122485.789104000	124762.49517400001	2276.70607
3bde	requirements/host-provider-failure-ownership/tests/002.test.mjs	124765.257877000	124832.380313	67.12243599999056
3bde	requirements/host-provider-failure-ownership/tests/003.test.mjs	124834.915173000	124935.896426	100.98125300000538
3bde	requirements/host-provider-failure-ownership/tests/004.test.mjs	124938.813410000	126624.515455	1685.7020449999982
3bde	requirements/host-provider-failure-ownership/tests/005.test.mjs	126627.107019000	126769.380728	142.27370900000096
3bde	requirements/host-provider-failure-ownership/tests/006.test.mjs	126771.906941000	126868.923139	97.01619799999753
3bde	requirements/host-provider-failure-ownership/tests/007.test.mjs	126871.649504000	126924.06104	52.411535999999614
3bde	requirements/institutional-learning/tests/001.test.mjs	126926.677781000	128839.21116800001	1912.5333870000031
3bde	requirements/institutional-learning/tests/002.test.mjs	128840.771306000	128962.348706	121.57739999999467
3bde	requirements/institutional-learning/tests/003.test.mjs	128965.097140000	130831.49391399999	1866.3967739999935
3bde	requirements/institutional-learning/tests/004.test.mjs	130834.152122000	132665.093392	1830.9412700000103
3bde	requirements/institutional-learning/tests/005.test.mjs	132667.377855000	132772.119098	104.74124299999676
3bde	requirements/institutional-learning/tests/006.test.mjs	132774.923005000	134927.353726	2152.4307209999824
3bde	requirements/institutional-learning/tests/007.test.mjs	133444.531770000	135354.999105	1910.467334999994
3bde	requirements/institutional-learning/tests/008.test.mjs	134940.701403000	137222.783386	2282.081982999982
3bde	requirements/interaction-authority/tests/001.test.mjs	135357.875529000	135884.748585	526.8730559999822
3bde	requirements/interaction-authority/tests/002.test.mjs	135887.456996000	136418.967906	531.5109100000118
3bde	requirements/interaction-authority/tests/003.test.mjs	136421.797115000	137153.266321	731.4692060000089
3bde	requirements/interaction-authority/tests/004.test.mjs	137155.896106000	137497.238309	341.34220300000743
3bde	requirements/interaction-authority/tests/005.test.mjs	137225.761209000	137872.70593	646.944720999978
3bde	requirements/interaction-authority/tests/006.test.mjs	137500.731802000	137891.902073	391.17027100000996
3bde	requirements/interaction-authority/tests/007.test.mjs	137875.222285000	137988.186911	112.96462600000086
3bde	requirements/interaction-authority/tests/008.test.mjs	137894.446810000	138058.245485	163.79867499999818
3bde	requirements/interaction-authority/tests/009.test.mjs	137992.568377000	138119.92174	127.35336299997289
3bde	requirements/interaction-authority/tests/010.test.mjs	138061.186820000	138172.955219	111.76839899999322
3bde	requirements/interaction-authority/tests/011.test.mjs	138122.341966000	141208.647438	3086.3054720000073
3bde	requirements/interaction-authority/tests/012.test.mjs	138175.742730000	138280.38031500002	104.63758500001859
3bde	requirements/interaction-authority/tests/013.test.mjs	138282.818063000	138594.663719	311.8456559999904
3bde	requirements/interaction-authority/tests/014.test.mjs	138597.423285000	138700.232389	102.80910400001449
3bde	requirements/interaction-authority/tests/015.test.mjs	138702.529314000	139214.184023	511.6547089999949
3bde	requirements/interaction-authority/tests/016.test.mjs	139216.366796000	139333.95562700002	117.58883100000094
3bde	requirements/interaction-authority/tests/017.test.mjs	139336.721898000	140025.798178	689.0762799999793
3bde	requirements/interaction-authority/tests/018.test.mjs	140028.420059000	140170.76655200002	142.3464930000191
3bde	requirements/interaction-authority/tests/019.test.mjs	140173.227802000	140719.680287	546.4524849999871
3bde	requirements/interaction-authority/tests/020.test.mjs	140722.538738000	140775.232078	52.69333999999799
3bde	requirements/interaction-authority/tests/021.test.mjs	140777.429479000	141260.01382	482.58434099997976
3bde	requirements/interaction-authority/tests/022.test.mjs	141212.465087000	141345.632581	133.1674939999939
3bde	requirements/interaction-authority/tests/023.test.mjs	141263.145956000	141375.003583	111.85762700001942
3bde	requirements/intra-participant-parallelism/tests/001.test.mjs	141348.424548000	141404.164079	55.73953099999926
3bde	requirements/intra-participant-parallelism/tests/002.test.mjs	141377.661481000	141484.189668	106.52818699998898
3bde	requirements/intra-participant-parallelism/tests/003.test.mjs	141406.366949000	141528.903622	122.53667299999506
3bde	requirements/intra-participant-parallelism/tests/004.test.mjs	141486.729964000	141624.404266	137.67430199999944
3bde	requirements/intra-participant-parallelism/tests/005.test.mjs	141532.104640000	141694.345515	162.2408749999886
3bde	requirements/intra-participant-parallelism/tests/006.test.mjs	141626.851151000	141749.52321	122.67205900000408
3bde	requirements/intra-participant-parallelism/tests/007.test.mjs	141696.667770000	141808.73455300002	112.06678300001658
3bde	requirements/intra-participant-parallelism/tests/008.test.mjs	141752.003387000	141865.420094	113.41670699999668
3bde	requirements/intra-participant-parallelism/tests/009.test.mjs	141811.129734000	142171.848966	360.719231999974
3bde	requirements/intra-participant-parallelism/tests/010.test.mjs	141868.173911000	141918.116262	49.94235100000515
3bde	requirements/intra-participant-parallelism/tests/011.test.mjs	141921.047368000	142055.082335	134.03496700001415
3bde	requirements/intra-participant-parallelism/tests/012.test.mjs	142057.412653000	142573.61803	516.2053770000057
3bde	requirements/intra-participant-parallelism/tests/013.test.mjs	142174.108453000	144646.67073800002	2472.562285000022
3bde	requirements/intra-participant-parallelism/tests/014.test.mjs	142576.161395000	142695.467058	119.30566300000646
3bde	requirements/intra-participant-parallelism/tests/015.test.mjs	142697.993401000	142835.626253	137.63285199998063
3bde	requirements/intra-participant-parallelism/tests/017.test.mjs	142838.114065000	145101.474424	2263.360359000013
3bde	requirements/js-semantic-surface/tests/001.test.mjs	144650.129436000	144827.439579	177.3101429999806
3bde	requirements/js-semantic-surface/tests/002.test.mjs	144830.466885000	147341.295795	2510.828910000011
3bde	requirements/js-semantic-surface/tests/003.test.mjs	145107.278719000	147361.203623	2253.924904000014
3bde	requirements/js-semantic-surface/tests/004.test.mjs	147343.907725000	147446.777011	102.86928600000101
3bde	requirements/js-semantic-surface/tests/005.test.mjs	147364.418798000	147440.555451	76.13665299999411
3bde	requirements/js-semantic-surface/tests/006.test.mjs	147443.076232000	152160.467121	4717.390889000002
3bde	requirements/knowledge-reuse/tests/001.test.mjs	147448.965137000	147894.556645	445.59150800001225
3bde	requirements/knowledge-reuse/tests/002.test.mjs	147897.145464000	148341.999328	444.85386400000425
3bde	requirements/knowledge-reuse/tests/003.test.mjs	148345.644373000	148530.839016	185.19464299999527
3bde	requirements/knowledge-reuse/tests/004.test.mjs	148534.572756000	148999.27259900002	464.6998430000094
3bde	requirements/knowledge-reuse/tests/005.test.mjs	149006.664159000	150016.809675	1010.1455159999896
3bde	requirements/knowledge-reuse/tests/006.test.mjs	150019.241162000	150533.624629	514.3834670000069
3bde	requirements/knowledge-reuse/tests/007.test.mjs	150536.895375000	150874.91892	338.02354500000365
3bde	requirements/knowledge-reuse/tests/008.test.mjs	150877.686251000	151242.107983	364.42173199998797
3bde	requirements/knowledge-reuse/tests/009.test.mjs	151244.619713000	151595.34134400001	350.72163100002217
3bde	requirements/knowledge-reuse/tests/010.test.mjs	151597.987940000	152924.772623	1326.7846830000053
3bde	requirements/knowledge-reuse/tests/011.test.mjs	152162.544793000	152649.126292	486.5814989999926
3bde	requirements/knowledge-reuse/tests/012.test.mjs	152653.106008000	152996.168383	343.0623750000086
3bde	requirements/knowledge-reuse/tests/013.test.mjs	152926.916456000	152981.531616	54.615159999986645
3bde	requirements/knowledge-reuse/tests/014.test.mjs	152984.535275000	153124.709446	140.17417099999147
3bde	requirements/knowledge-reuse/tests/015.test.mjs	152998.245890000	153491.932826	493.6869360000128
3bde	requirements/knowledge-reuse/tests/016.test.mjs	153127.108779000	153690.723722	563.6149429999932
3bde	requirements/managed-chat-execution/tests/001.test.mjs	153494.426528000	153825.347659	330.92113099998096
3bde	requirements/managed-chat-execution/tests/002.test.mjs	153693.241629000	154062.275907	369.03427800000645
3bde	requirements/managed-chat-execution/tests/003.test.mjs	153829.520463000	156563.791379	2734.2709160000086
3bde	requirements/managed-chat-execution/tests/004.test.mjs	154064.575701000	154511.75093100002	447.17523000002257
3bde	requirements/managed-chat-execution/tests/005.test.mjs	154514.391485000	157445.674692	2931.2832070000004
3bde	requirements/managed-chat-execution/tests/006.test.mjs	156566.382109000	158570.729424	2004.3473149999918
3bde	requirements/managed-chat-execution/tests/007.test.mjs	157448.207649000	157849.011001	400.8033519999881
3bde	requirements/managed-chat-execution/tests/008.test.mjs	157851.327188000	157903.014085	51.686897000006866
3bde	requirements/managed-chat-execution/tests/009.test.mjs	157905.247142000	158074.553251	169.30610899999738
3bde	requirements/managed-chat-execution/tests/010.test.mjs	158077.254249000	160753.86230900002	2676.6080600000278
3bde	requirements/managed-chat-execution/tests/011.test.mjs	158574.240199000	159231.842051	657.6018520000216
3bde	requirements/managed-chat-execution/tests/012.test.mjs	159234.616018000	159949.113311	714.4972929999931
3bde	requirements/managed-chat-execution/tests/013.test.mjs	159951.928712000	160648.530213	696.6015009999974
3bde	requirements/managed-chat-execution/tests/014.test.mjs	160651.107600000	161009.613969	358.5063689999806
3bde	requirements/managed-session-lifecycle/tests/001.test.mjs	160756.955036000	160882.22207000002	125.26703400001861
3bde	requirements/managed-session-lifecycle/tests/002.test.mjs	160884.613281000	160984.077996	99.46471500000916
3bde	requirements/managed-session-lifecycle/tests/003.test.mjs	160986.560317000	161089.44192	102.88160300001618
3bde	requirements/managed-session-lifecycle/tests/004.test.mjs	161012.363067000	161996.966097	984.6030299999984
3bde	requirements/managed-session-lifecycle/tests/005.test.mjs	161091.716905000	161228.282387	136.56548200000543
3bde	requirements/managed-session-lifecycle/tests/006.test.mjs	161230.811791000	162269.231131	1038.419339999993
3bde	requirements/managed-session-lifecycle/tests/007.test.mjs	161999.354300000	163465.92679	1466.5724899999914
3bde	requirements/managed-session-lifecycle/tests/008.test.mjs	162271.533224000	163907.07125900002	1635.538035000005
3bde	requirements/managed-session-lifecycle/tests/009.test.mjs	163468.677560000	164500.328673	1031.651113
3bde	requirements/managed-session-lifecycle/tests/010.test.mjs	163909.932665000	164029.186513	119.25384799999301
3bde	requirements/managed-session-lifecycle/tests/011.test.mjs	164032.100057000	164169.799846	137.6997890000057
3bde	requirements/managed-session-lifecycle/tests/012.test.mjs	164174.100101000	164584.283652	410.1835509999946
3bde	requirements/managed-session-lifecycle/tests/013.test.mjs	164502.791345000	165526.09782	1023.3064749999903
3bde	requirements/managed-session-lifecycle/tests/014.test.mjs	164586.730066000	165456.982239	870.2521729999862
3bde	requirements/managed-session-lifecycle/tests/015.test.mjs	165459.524481000	166639.138175	1179.6136939999997
3bde	requirements/managed-session-lifecycle/tests/016.test.mjs	165528.814908000	165697.976997	169.16208899999037
3bde	requirements/managed-session-lifecycle/tests/017.test.mjs	165701.134080000	165862.076496	160.94241599997622
3bde	requirements/managed-session-lifecycle/tests/018.test.mjs	165864.792143000	168789.140458	2924.34831500001
3bde	requirements/managed-session-lifecycle/tests/019.test.mjs	166640.741069000	169292.976509	2652.2354399999895
3bde	requirements/managed-session-lifecycle/tests/020.test.mjs	168792.681309000	171278.630788	2485.9494790000026
3bde	requirements/managed-session-lifecycle/tests/021.test.mjs	169295.544144000	169352.277338	56.73319400000037
3bde	requirements/managed-session-lifecycle/tests/022.test.mjs	169354.781467000	169741.138513	386.3570460000192
3bde	requirements/managed-session-lifecycle/tests/023.test.mjs	169743.366789000	169843.670785	100.30399600000237
3bde	requirements/managed-session-lifecycle/tests/024.test.mjs	169846.089057000	169970.873235	124.7841780000017
3bde	requirements/managed-session-lifecycle/tests/025.test.mjs	169973.726093000	170977.553429	1003.8273359999876
3bde	requirements/obligation-ledger/tests/001.test.mjs	170980.504841000	171473.236274	492.731432999979
3bde	requirements/obligation-ledger/tests/002.test.mjs	171281.600814000	171692.360825	410.76001100000576
3bde	requirements/obligation-ledger/tests/003.test.mjs	171476.186839000	171529.006593	52.819753999996465
3bde	requirements/obligation-ledger/tests/004.test.mjs	171531.395560000	171978.287079	446.89151899999706
3bde	requirements/obligation-ledger/tests/005.test.mjs	171694.944033000	172122.514589	427.5705559999915
3bde	requirements/obligation-ledger/tests/006.test.mjs	171981.168140000	172032.860064	51.69192400001339
3bde	requirements/obligation-ledger/tests/007.test.mjs	172036.125866000	172085.91848300002	49.792616999999154
3bde	requirements/office-capability/tests/001.test.mjs	172088.512624000	172138.723452	50.210828000010224
3bde	requirements/office-capability/tests/003.test.mjs	172124.854134000	172220.295618	95.44148400000995
3bde	requirements/office-capability/tests/004.test.mjs	172140.953192000	172200.428025	59.474832999985665
3bde	requirements/office-capability/tests/005.test.mjs	172202.684365000	172253.120612	50.436247000005096
3bde	requirements/office-capability/tests/006.test.mjs	172222.471945000	172279.950626	57.47868100000778
3bde	requirements/office-capability/tests/007.test.mjs	172255.427106000	172409.745546	154.31843999997363
3bde	requirements/office-capability/tests/011.test.mjs	172282.302270000	172329.35757300002	47.055303000001004
3bde	requirements/office-capability/tests/012.test.mjs	172331.819566000	172426.200671	94.38110500000766
3bde	requirements/office-capability/tests/015.test.mjs	172412.014724000	172500.504565	88.48984100000234
3bde	requirements/office-capability/tests/016.test.mjs	172428.570781000	172511.755908	83.18512699997518
3bde	requirements/office-capability/tests/017.test.mjs	172503.162341000	172588.77777400002	85.61543299999903
3bde	requirements/office-capability/tests/018.test.mjs	172513.717910000	172598.673054	84.95514400000684
3bde	requirements/participant-horizon/tests/001.test.mjs	172591.474805000	172642.326898	50.852092999994056
3bde	requirements/participant-horizon/tests/002.test.mjs	172602.852424000	172678.813957	75.96153299999423
3bde	requirements/participant-horizon/tests/003.test.mjs	172645.414846000	172970.28415300002	324.8693070000154
3bde	requirements/participant-horizon/tests/004.test.mjs	172680.774596000	172733.36307	52.58847399998922
3bde	requirements/participant-horizon/tests/005.test.mjs	172735.733292000	173053.64516000001	317.9118679999956
3bde	requirements/participant-horizon/tests/006.test.mjs	172972.762557000	173026.253907	53.4913499999966
3bde	requirements/participant-horizon/tests/007.test.mjs	173029.462189000	173087.977758	58.51556899998104
3bde	requirements/participant-horizon/tests/008.test.mjs	173055.993749000	173106.63822700002	50.64447800000198
3bde	requirements/participant-horizon/tests/009.test.mjs	173090.485017000	173893.69526	803.2102430000086
3bde	requirements/participant-horizon/tests/010.test.mjs	173109.304327000	173923.871824	814.5674970000109
3bde	requirements/participant-horizon/tests/011.test.mjs	173896.388634000	174683.763129	787.3744949999964
3bde	requirements/participant-horizon/tests/012.test.mjs	173926.386329000	174060.556004	134.16967500001192
3bde	requirements/participant-horizon/tests/013.test.mjs	174062.948848000	174281.887602	218.93875400000252
3bde	requirements/participant-horizon/tests/014.test.mjs	174284.344155000	174330.820559	46.476404000015464
3bde	requirements/participant-horizon/tests/015.test.mjs	174333.584506000	174445.628216	112.0437099999981
3bde	requirements/participant-identity/tests/001.test.mjs	174449.108632000	174628.326995	179.21836299999268
3bde	requirements/participant-identity/tests/002.test.mjs	174632.056918000	175328.38932400002	696.3324060000014
3bde	requirements/participant-identity/tests/003.test.mjs	174686.194024000	174775.96063400002	89.76661000002059
3bde	requirements/participant-identity/tests/004.test.mjs	174779.099396000	175259.532147	480.4327509999857
3bde	requirements/participant-identity/tests/005.test.mjs	175261.861134000	175393.971262	132.11012800000026
3bde	requirements/participant-identity/tests/007.test.mjs	175330.785574000	175429.82428200002	99.03870800000732
3bde	requirements/participant-identity/tests/008.test.mjs	175396.387089000	177229.82104500002	1833.4339560000226
3bde	requirements/participant-identity/tests/009.test.mjs	175432.287762000	178010.552059	2578.264297000016
3bde	requirements/participant-identity/tests/010.test.mjs	177233.100490000	177365.312874	132.212383999984
3bde	requirements/prefix-stability/tests/001.test.mjs	177367.955080000	179460.10214	2092.1470599999884
3bde	requirements/prefix-stability/tests/002.test.mjs	178012.935406000	178180.708391	167.7729849999887
3bde	requirements/prefix-stability/tests/003.test.mjs	178183.553650000	185211.381658	7027.828007999982
3bde	requirements/prefix-stability/tests/004.test.mjs	179463.790727000	179592.790797	129.00006999998004
3bde	requirements/prefix-stability/tests/005.test.mjs	179595.577063000	179731.20337	135.62630699999863
3bde	requirements/prefix-stability/tests/006.test.mjs	179733.363403000	180092.190749	358.8273460000055
3bde	requirements/prefix-stability/tests/007.test.mjs	180095.506681000	180770.76193900002	675.2552580000192
3bde	requirements/prefix-stability/tests/008.test.mjs	180773.989337000	180944.85438	170.86504299999797
3bde	requirements/prefix-stability/tests/009.test.mjs	180949.689711000	181286.82398000002	337.13426900000195
3bde	requirements/prefix-stability/tests/010.test.mjs	181289.595231000	182028.950084	739.3548529999971
3bde	requirements/prefix-stability/tests/011.test.mjs	182031.256736000	182088.076087	56.819350999983726
3bde	requirements/prefix-stability/tests/012.test.mjs	182090.630882000	190071.886901	7981.256018999993
3bde	requirements/prefix-stability/tests/013.test.mjs	185213.482234000	185358.648706	145.1664720000117
3bde	requirements/prefix-stability/tests/014.test.mjs	185361.426303000	185891.46544	530.0391369999852
3bde	requirements/prefix-stability/tests/015.test.mjs	185893.725767000	186269.255345	375.52957800001604
3bde	requirements/process-execution/tests/001.test.mjs	186271.731784000	186489.92791600002	218.19613200001186
3bde	requirements/process-execution/tests/002.test.mjs	186492.344024000	188634.241036	2141.8970120000013
3bde	requirements/process-execution/tests/003.test.mjs	188636.633053000	188851.11387600002	214.48082300001988
3bde	requirements/process-execution/tests/004.test.mjs	188857.161303000	190146.506345	1289.3450420000008
3bde	requirements/process-execution/tests/005.test.mjs	190074.184398000	190484.18582400001	410.00142600000254
3bde	requirements/process-execution/tests/006.test.mjs	190149.073784000	192334.80725800002	2185.733474000008
3bde	requirements/process-execution/tests/007.test.mjs	190486.325747000	190725.18058400002	238.85483700002078
3bde	requirements/process-execution/tests/008.test.mjs	190727.191077000	190822.463025	95.2719480000087
3bde	requirements/process-execution/tests/009.test.mjs	190824.763017000	190965.47981000002	140.7167930000287
3bde	requirements/process-execution/tests/010.test.mjs	190967.687300000	191373.734267	406.04696700000204
3bde	requirements/process-execution/tests/011.test.mjs	191375.948789000	191816.477391	440.5286019999767
3bde	requirements/process-execution/tests/012.test.mjs	191818.751705000	191928.928428	110.1767230000114
3bde	requirements/process-execution/tests/013.test.mjs	191931.442606000	192384.51256200002	453.0699560000212
3bde	requirements/process-execution/tests/014.test.mjs	192337.407498000	192826.139639	488.73214099998586
3bde	requirements/process-execution/tests/015.test.mjs	192387.129375000	193117.076088	729.946712999983
3bde	requirements/process-execution/tests/016.test.mjs	192828.926990000	192982.292899	153.36590899998555
3bde	requirements/provider-attempt-recovery/tests/001.test.mjs	192984.633729000	193382.579772	397.94604300000356
3bde	requirements/provider-attempt-recovery/tests/002.test.mjs	193119.814285000	193516.661266	396.8469810000097
3bde	requirements/provider-attempt-recovery/tests/003.test.mjs	193384.916883000	194016.722516	631.8056330000109
3bde	requirements/provider-attempt-recovery/tests/004.test.mjs	193518.880007000	194100.435435	581.5554279999924
3bde	requirements/provider-attempt-recovery/tests/005.test.mjs	194019.010776000	194714.317264	695.306488000002
3bde	requirements/provider-attempt-recovery/tests/006.test.mjs	194102.896106000	194208.080288	105.18418199999724
3bde	requirements/provider-attempt-recovery/tests/007.test.mjs	194210.353510000	194654.45077300002	444.0972630000033
3bde	requirements/provider-attempt-recovery/tests/008.test.mjs	194656.995660000	194848.57798	191.5823199999868
3bde	requirements/provider-attempt-recovery/tests/009.test.mjs	194717.081419000	195092.448888	375.3674690000189
3bde	requirements/provider-attempt-recovery/tests/010.test.mjs	194850.997814000	194984.812274	133.81445999999414
3bde	requirements/provider-attempt-recovery/tests/011.test.mjs	194987.718904000	195466.892975	479.1740709999867
3bde	requirements/provider-attempt-recovery/tests/012.test.mjs	195095.264390000	195314.810263	219.54587299999548
3bde	requirements/provider-attempt-recovery/tests/013.test.mjs	195317.269000000	195423.068223	105.79922300000908
3bde	requirements/provider-attempt-recovery/tests/014.test.mjs	195425.324833000	195945.18172300002	519.8568900000246
3bde	requirements/provider-attempt-recovery/tests/015.test.mjs	195469.323084000	195861.69075500002	392.3676710000145
3bde	requirements/provider-attempt-recovery/tests/016.test.mjs	195864.450011000	196001.22631	136.7762989999901
3bde	requirements/provider-attempt-recovery/tests/017.test.mjs	195948.142434000	196083.42186600002	135.27943200001027
3bde	requirements/provider-attempt-recovery/tests/018.test.mjs	196005.505155000	196059.799654	54.294499000010546
3bde	requirements/provider-attempt-recovery/tests/019.test.mjs	196062.584227000	196546.491944	483.9077169999946
3bde	requirements/provider-attempt-recovery/tests/020.test.mjs	196086.219246000	196504.619985	418.40073900000425
3bde	requirements/provider-attempt-recovery/tests/021.test.mjs	196507.344188000	197188.639444	681.295255999983
3bde	requirements/provider-attempt-recovery/tests/022.test.mjs	196549.156484000	196636.820417	87.66393300000345
3bde	requirements/provider-attempt-recovery/tests/023.test.mjs	196640.423044000	197288.005756	647.5827120000031
3bde	requirements/provider-language/tests/001.test.mjs	197192.609875000	197319.577106	126.96723100001691
3bde	requirements/provider-language/tests/002.test.mjs	197290.556833000	197454.346507	163.78967399999965
3bde	requirements/provider-language/tests/003.test.mjs	197322.245832000	197477.885719	155.63988699999754
3bde	requirements/provider-language/tests/004.test.mjs	197456.736987000	197609.721361	152.98437399999239
3bde	requirements/provider-language/tests/005.test.mjs	197480.730635000	197683.217574	202.4869389999949
3bde	requirements/provider-language/tests/006.test.mjs	197614.462925000	197748.111652	133.6487269999925
3bde	requirements/provider-language/tests/007.test.mjs	197685.890896000	197824.44478700001	138.55389100001776
3bde	requirements/provider-language/tests/008.test.mjs	197750.831923000	197989.96718500002	239.13526200002525
3bde	requirements/provider-language/tests/009.test.mjs	197826.790813000	198105.889373	279.0985600000131
3bde	requirements/provider-language/tests/010.test.mjs	197992.926393000	198054.22471	61.298317000007955
3bde	requirements/provider-language/tests/011.test.mjs	198056.883830000	198131.593421	74.70959099999163
3bde	requirements/provider-language/tests/012.test.mjs	198108.594969000	198170.962026	62.36705699999584
3bde	requirements/provider-language/tests/013.test.mjs	198134.047980000	199082.06914500002	948.0211650000128
3bde	requirements/provider-projection/tests/001.test.mjs	198173.799836000	198281.11980400002	107.31996800002526
3bde	requirements/provider-projection/tests/002.test.mjs	198283.829939000	198396.176472	112.34653299997444
3bde	requirements/provider-projection/tests/003.test.mjs	198396.507198000	198700.791131	304.2839329999988
3bde	requirements/provider-projection/tests/004.test.mjs	198704.091615000	198823.710906	119.61929099998088
3bde	requirements/provider-projection/tests/005.test.mjs	198826.107618000	198994.838192	168.73057399998652
3bde	requirements/provider-projection/tests/006.test.mjs	198997.612354000	199119.731391	122.11903699999675
3bde	requirements/provider-projection/tests/007.test.mjs	199085.117670000	199163.818329	78.70065899999463
3bde	requirements/provider-projection/tests/008.test.mjs	199121.924584000	199338.377792	216.45320800002082
3bde	requirements/provider-projection/tests/009.test.mjs	199166.297053000	199383.78122	217.4841669999878
3bde	requirements/provider-projection/tests/010.test.mjs	199341.002127000	199692.868106	351.8659789999947
3bde	requirements/provider-projection/tests/011.test.mjs	199386.248533000	212561.001205	13174.752672000002
3bde	requirements/provider-projection/tests/012.test.mjs	199696.174719000	199828.270468	132.09574900000007
3bde	requirements/provider-projection/tests/013.test.mjs	199830.465754000	200000.867791	170.40203699999256
3bde	requirements/provider-projection/tests/014.test.mjs	200003.090067000	200304.536706	301.4466390000016
3bde	requirements/relay-assessment/tests/001.test.mjs	200307.232887000	200412.372653	105.13976600000751
3bde	requirements/relay-assessment/tests/002.test.mjs	200417.099282000	203901.002919	3483.9036369999812
3bde	requirements/relay-assessment/tests/003.test.mjs	203903.379052000	203996.749588	93.37053600000218
3bde	requirements/relay-assessment/tests/004.test.mjs	203999.148363000	204101.644764	102.49640099998214
3bde	requirements/relay-assessment/tests/005.test.mjs	204103.876469000	204198.26486300002	94.3883940000087
3bde	requirements/relay-assessment/tests/006.test.mjs	204202.092338000	206118.508656	1916.4163179999741
3bde	requirements/relay-assessment/tests/007.test.mjs	206121.999048000	208165.53573	2043.5366820000054
3bde	requirements/relay-assessment/tests/008.test.mjs	208169.236692000	210888.872888	2719.6361960000067
3bde	requirements/relay-assessment/tests/009.test.mjs	210892.128208000	210952.169965	60.04175699999905
3bde	requirements/relay-assessment/tests/010.test.mjs	210956.195329000	211081.398334	125.20300499998848
3bde	requirements/relay-context-projection/tests/001.test.mjs	211084.969260000	213196.447048	2111.4777879999892
3bde	requirements/relay-context-projection/tests/002.test.mjs	212563.384666000	216221.156028	3657.7713619999995
3bde	requirements/relay-context-projection/tests/003.test.mjs	213200.591573000	213260.188092	59.596518999984255
3bde	requirements/relay-context-projection/tests/004.test.mjs	213262.509661000	213312.79651800002	50.286856999999145
3bde	requirements/relay-context-projection/tests/005.test.mjs	213315.182481000	215399.398705	2084.2162240000034
3bde	requirements/relay-context-projection/tests/006.test.mjs	215401.231206000	217450.227993	2048.996787000011
3bde	requirements/relay-context-projection/tests/007.test.mjs	216223.591161000	216272.265976	48.67481499997666
3bde	requirements/relay-context-projection/tests/008.test.mjs	216274.860705000	218310.826154	2035.9654490000103
3bde	requirements/relay-context-projection/tests/009.test.mjs	217452.975676000	217524.280146	71.30447000000277
3bde	requirements/relay-incumbency/tests/001.test.mjs	217526.820196000	217614.19802100002	87.37782500000321
3bde	requirements/relay-incumbency/tests/002.test.mjs	217616.617115000	217716.113228	99.49611300000106
3bde	requirements/relay-incumbency/tests/003.test.mjs	217718.120295000	217838.65429900002	120.53400400001556
3bde	requirements/relay-incumbency/tests/004.test.mjs	217841.074374000	217939.859998	98.78562399998191
3bde	requirements/relay-incumbency/tests/005.test.mjs	217942.754626000	218039.979822	97.22519599998486
3bde	requirements/relay-incumbency/tests/006.test.mjs	218042.498299000	218151.576352	109.07805300000473
3bde	requirements/relay-incumbency/tests/008.test.mjs	218153.748756000	218271.96116	118.21240399999078
3bde	requirements/relay-incumbency/tests/009.test.mjs	218274.359264000	218397.624493	123.26522900001146
3bde	requirements/relay-incumbency/tests/010.test.mjs	218313.126025000	218422.521034	109.39500899999985
3bde	requirements/relay-incumbency/tests/011.test.mjs	218400.307086000	218494.647604	94.3405179999827
3bde	requirements/relay-incumbency/tests/012.test.mjs	218425.147274000	218518.129502	92.98222799997893
3bde	requirements/relay-incumbency/tests/013.test.mjs	218497.485495000	218601.95556	104.47006500000134
3bde	requirements/relay-retirement/tests/001.test.mjs	218521.252367000	218569.412947	48.160579999996116
3bde	requirements/relay-retirement/tests/002.test.mjs	218572.266769000	220522.232918	1949.9661489999853
3bde	requirements/relay-retirement/tests/003.test.mjs	218604.845241000	220650.24424200002	2045.3990010000125
3bde	requirements/relay-retirement/tests/004.test.mjs	220525.620334000	222627.92608900002	2102.3057550000085
3bde	requirements/relay-retirement/tests/007.test.mjs	220654.368980000	220774.78734	120.41836000001058
3bde	requirements/relay-retirement/tests/008.test.mjs	220777.183470000	224286.04188	3508.858409999986
3bde	requirements/relay-retirement/tests/009.test.mjs	222631.578345000	223606.848836	975.2704909999738
3bde	requirements/repository-investigation/tests/001.test.mjs	223610.662946000	223673.414124	62.75117800000589
3bde	requirements/repository-investigation/tests/002.test.mjs	223675.801316000	223804.98623100002	129.18491500001983
3bde	requirements/repository-investigation/tests/003.test.mjs	223807.460627000	223868.854962	61.394335000019055
3bde	requirements/repository-investigation/tests/004.test.mjs	223871.107827000	223921.638467	50.53064000001177
3bde	requirements/repository-investigation/tests/005.test.mjs	223924.915870000	223979.236026	54.32015600000159
3bde	requirements/repository-investigation/tests/006.test.mjs	223980.247141000	224107.925962	127.67882100000861
3bde	requirements/repository-investigation/tests/007.test.mjs	224110.323024000	224240.069295	129.7462709999818
3bde	requirements/repository-investigation/tests/008.test.mjs	224242.465431000	224373.57606300001	131.11063199999626
3bde	requirements/repository-investigation/tests/009.test.mjs	224288.293902000	224629.812943	341.5190409999923
3bde	requirements/repository-programming/tests/001.test.mjs	224376.524732000	224664.182554	287.6578220000083
3bde	requirements/repository-programming/tests/002.test.mjs	224632.896493000	225248.351289	615.4547960000054
3bde	requirements/repository-programming/tests/003.test.mjs	224666.458801000	224858.98993	192.53112900000997
3bde	requirements/repository-programming/tests/004.test.mjs	224861.733119000	225003.745242	142.01212299999315
3bde	requirements/repository-programming/tests/005.test.mjs	225006.047720000	225236.178332	230.1306120000081
3bde	requirements/repository-programming/tests/006.test.mjs	225238.542993000	225621.946332	383.4033389999822
3bde	requirements/repository-programming/tests/007.test.mjs	225250.848500000	225653.28858300002	402.44008300002315
3bde	requirements/repository-programming/tests/008.test.mjs	225626.097098000	225800.235322	174.1382239999948
3bde	requirements/repository-programming/tests/009.test.mjs	225655.631004000	225812.381403	156.75039900001138
3bde	requirements/repository-programming/tests/010.test.mjs	225802.668653000	225989.733471	187.06481800001347
3bde	requirements/repository-programming/tests/011.test.mjs	225814.957409000	226195.591671	380.63426200000686
3bde	requirements/repository-programming/tests/012.test.mjs	225992.509659000	226371.308005	378.79834599999595
3bde	requirements/repository-programming/tests/013.test.mjs	226198.320410000	226584.447481	386.12707099999534
3bde	requirements/repository-programming/tests/014.test.mjs	226374.122414000	226761.398041	387.27562699999544
3bde	requirements/repository-programming/tests/015.test.mjs	226587.049354000	226968.687629	381.6382749999757
3bde	requirements/repository-programming/tests/016.test.mjs	226765.628696000	227188.40243000002	422.7737340000167
3bde	requirements/repository-programming/tests/017.test.mjs	226971.185900000	227159.11267	187.92676999999094
3bde	requirements/repository-programming/tests/018.test.mjs	227161.644533000	227524.53691300002	362.8923800000048
3bde	requirements/repository-programming/tests/019.test.mjs	227191.192905000	227558.350045	367.1571399999957
3bde	requirements/repository-programming/tests/020.test.mjs	227526.997854000	228032.342894	505.3450399999856
3bde	requirements/repository-programming/tests/021.test.mjs	227561.068924000	227620.658271	59.589347000001
3bde	requirements/repository-programming/tests/022.test.mjs	227623.689070000	227804.113675	180.42460500000743
3bde	requirements/repository-programming/tests/023.test.mjs	227806.511719000	228098.178572	291.66685300000245
3bde	requirements/repository-programming/tests/024.test.mjs	228037.168196000	228373.458753	336.29055700000026
3bde	requirements/repository-programming/tests/025.test.mjs	228100.748997000	228472.61224400002	371.86324700000114
3bde	requirements/repository-programming/tests/026.test.mjs	228375.830408000	228517.842092	142.01168399999733
3bde	requirements/repository-programming/tests/027.test.mjs	228475.430920000	228647.570916	172.1399959999835
3bde	requirements/requirement-grounding/tests/001.test.mjs	228520.759551000	228615.272796	94.51324500000919
3bde	requirements/requirement-grounding/tests/002.test.mjs	228617.894766000	228719.049512	101.15474599998561
3bde	requirements/requirement-grounding/tests/003.test.mjs	228650.340301000	228744.838858	94.49855699998443
3bde	requirements/requirement-grounding/tests/004.test.mjs	228721.479466000	228814.595439	93.11597299997811
3bde	requirements/requirement-grounding/tests/005.test.mjs	228747.198776000	229210.250745	463.0519689999928
3bde	requirements/requirement-grounding/tests/006.test.mjs	228817.195689000	231794.080792	2976.8851029999787
3bde	requirements/requirement-grounding/tests/007.test.mjs	229211.522432000	261200.120272	31988.597840000002
3bde	requirements/requirement-grounding/tests/008.test.mjs	231797.051853000	233832.416132	2035.3642790000013
3bde	requirements/requirement-grounding/tests/009.test.mjs	233836.207229000	234294.888023	458.68079400001443
3bde	requirements/requirement-grounding/tests/010.test.mjs	234297.566104000	234800.701265	503.1351610000129
3bde	requirements/requirement-grounding/tests/011.test.mjs	234803.504634000	241018.50286900002	6214.998235000006
3bde	requirements/requirement-grounding/tests/012.test.mjs	241020.866499000	250247.382798	9226.51629900001
3bde	requirements/requirement-system/tests/001.test.mjs	250251.508047000	250350.578445	99.07039799998165
3bde	requirements/requirement-system/tests/004.test.mjs	250354.675501000	250456.186014	101.51051300001564
3bde	requirements/requirement-system/tests/005.test.mjs	250460.497810000	250521.990934	61.493124000000535
3bde	requirements/requirement-system/tests/006.test.mjs	250524.701730000	250586.79858200002	62.09685200001695
3bde	requirements/requirement-system/tests/007.test.mjs	250589.605790000	250643.641677	54.03588700000546
3bde	requirements/requirement-system/tests/008.test.mjs	250647.138726000	250703.930803	56.79207699999097
3bde	requirements/requirement-system/tests/011.test.mjs	250707.547125000	250764.401581	56.85445600000094
3bde	requirements/requirement-system/tests/017.test.mjs	250769.631021000	252391.259441	1621.6284199999936
3bde	requirements/requirement-system/tests/018.test.mjs	252393.768883000	252465.576682	71.80779900000198
3bde	requirements/semantic-trace/tests/001.test.mjs	252468.433169000	252902.087663	433.6544940000167
3bde	requirements/semantic-trace/tests/002.test.mjs	252905.227577000	253615.972152	710.7445749999897
3bde	requirements/semantic-trace/tests/003.test.mjs	253619.092503000	254077.210792	458.11828900000546
3bde	requirements/semantic-trace/tests/004.test.mjs	254079.838270000	254405.576375	325.7381049999967
3bde	requirements/semantic-trace/tests/005.test.mjs	254408.306768000	254722.93484600002	314.6280780000088
3bde	requirements/semantic-trace/tests/006.test.mjs	254726.168433000	255071.139499	344.97106599999825
3bde	requirements/semantic-trace/tests/007.test.mjs	255073.808188000	255689.760204	615.9520159999956
3bde	requirements/semantic-trace/tests/008.test.mjs	255691.181279000	255760.921818	69.74053899999126
3bde	requirements/semantic-trace/tests/009.test.mjs	255764.560802000	256076.717649	312.15684700000565
3bde	requirements/semantic-trace/tests/010.test.mjs	256079.342726000	256585.738175	506.3954490000033
3bde	requirements/semantic-trace/tests/011.test.mjs	256588.201100000	256641.149019	52.947918999998365
3bde	requirements/semantic-trace/tests/012.test.mjs	256643.378039000	256711.173331	67.79529199999524
3bde	requirements/session-ontology/tests/001.test.mjs	256714.146836000	256841.163235	127.01639900001464
3bde	requirements/session-ontology/tests/002.test.mjs	256844.361085000	256973.499785	129.13869999998133
3bde	requirements/session-ontology/tests/003.test.mjs	256976.815587000	257085.297735	108.48214800001006
3bde	requirements/session-ontology/tests/004.test.mjs	257088.561589000	257204.468642	115.90705299997353
3bde	requirements/session-ontology/tests/005.test.mjs	257207.115590000	257292.41034200002	85.29475200001616
3bde	requirements/session-ontology/tests/006.test.mjs	257295.045330000	257492.377779	197.33244900000864
3bde	requirements/session-ontology/tests/007.test.mjs	257494.808654000	257604.990929	110.18227499999921
3bde	requirements/session-ontology/tests/008.test.mjs	257607.709099000	257719.953961	112.24486199999228
3bde	requirements/session-ontology/tests/009.test.mjs	257722.776865000	257819.188674	96.411809000012
3bde	requirements/session-ontology/tests/010.test.mjs	257821.691870000	257928.501356	106.80948599998374
3bde	requirements/session-ontology/tests/011.test.mjs	257931.440407000	258003.144551	71.70414399998845
3bde	requirements/session-ontology/tests/012.test.mjs	258012.849286000	258136.613774	123.76448799998616
3bde	requirements/session-ontology/tests/014.test.mjs	258140.991423000	258192.811385	51.81996200000867
3bde	requirements/speculative-investigation/tests/001.test.mjs	258195.210249000	258545.120403	349.91015400001197
3bde	requirements/speculative-investigation/tests/002.test.mjs	258547.864529000	259650.362334	1102.4978049999918
3bde	requirements/speculative-investigation/tests/003.test.mjs	259653.639744000	259992.40345	338.7637059999979
3bde	requirements/speculative-investigation/tests/004.test.mjs	259995.045895000	260556.95998400002	561.9140889999981
3bde	requirements/speculative-investigation/tests/005.test.mjs	260559.443166000	261159.462673	600.01950699999
3bde	requirements/speculative-investigation/tests/006.test.mjs	261162.076196000	261640.72293900003	478.64674300001934
3bde	requirements/speculative-investigation/tests/007.test.mjs	261202.654271000	261634.85521500002	432.2009440000111
3bde	requirements/speculative-investigation/tests/008.test.mjs	261637.324415000	262081.12459	443.8001749999821
3bde	requirements/speculative-investigation/tests/009.test.mjs	261643.906575000	263719.11048599996	2075.2039109999605
3bde	requirements/speculative-investigation/tests/010.test.mjs	262083.936061000	262345.40650499996	261.47044399994775
3bde	requirements/speculative-investigation/tests/011.test.mjs	262348.150082000	263305.458733	957.3086510000285
3bde	requirements/speculative-investigation/tests/012.test.mjs	263308.132761000	264304.069838	995.9370770000387
3bde	requirements/speculative-investigation/tests/013.test.mjs	263723.836844000	268802.324769	5078.487925000023
3bde	requirements/speculative-investigation/tests/014.test.mjs	264307.052049000	264541.38077999995	234.32873099995777
3bde	requirements/speculative-investigation/tests/015.test.mjs	264543.905680000	266021.560344	1477.6546640000306
3bde	requirements/speculative-investigation/tests/016.test.mjs	266026.146626000	266953.354281	927.2076549999765
3bde	requirements/speculative-investigation/tests/020.test.mjs	266956.853044000	267478.282557	521.42951300001
3bde	requirements/sphinx-v2/tests/001.test.mjs	267481.172885000	267846.970665	365.7977800000226
3bde	requirements/sphinx-v2/tests/002.test.mjs	267849.499944000	267991.509875	142.00993100000778
3bde	requirements/sphinx-v2/tests/004.test.mjs	267994.334385000	268342.56249	348.2281049999874
3bde	requirements/sphinx-v2/tests/007.test.mjs	268345.266545000	268753.28833799995	408.0217929999926
3bde	requirements/sphinx-v2/tests/010.test.mjs	268755.726857000	269584.08704899997	828.3601919999928
3bde	requirements/sphinx-v2/tests/011.test.mjs	268805.105145000	269159.647604	354.5424590000184
3bde	requirements/sphinx-v2/tests/012.test.mjs	269162.379960000	269232.45898399997	70.07902399997693
3bde	requirements/sphinx-v2/tests/013.test.mjs	269236.496239000	269367.087435	130.59119599999394
3bde	requirements/sphinx-v2/tests/014.test.mjs	269369.805232000	269525.372613	155.56738100002985
3bde	requirements/sphinx-v2/tests/017.test.mjs	269529.339808000	270044.50641	515.1666020000121
3bde	requirements/sphinx-v2/tests/018.test.mjs	269588.094770000	269721.89579	133.80102000001352
3bde	requirements/sphinx-v2/tests/019.test.mjs	269725.278269000	270874.84082499996	1149.5625559999608
3bde	requirements/sphinx-v2/tests/020.test.mjs	270048.098559000	270822.78248299996	774.6839240000118
3bde	requirements/sphinx-v2/tests/021.test.mjs	270825.822108000	270932.567828	106.74572000000626
3bde	requirements/sphinx-v2/tests/022.test.mjs	270877.459830000	270927.66573999997	50.205910000018775
3bde	requirements/sphinx-v2/tests/023.test.mjs	270930.651360000	271068.225504	137.5741440000129
3bde	requirements/sphinx-v2/tests/025.test.mjs	270935.085164000	271076.629334	141.5441700000083
3bde	requirements/sphinx-v2/tests/026.test.mjs	271070.550871000	271214.78497499996	144.23410399997374
3bde	requirements/sphinx-v2/tests/029.test.mjs	271078.990801000	271218.13574	139.1449390000198
3bde	requirements/sphinx-v2/tests/033.test.mjs	271217.152508000	273419.670282	2202.517774000007
3bde	requirements/sphinx-v2/tests/034.test.mjs	271222.823826000	271367.82250199997	144.99867599998834
3bde	requirements/sphinx-v2/tests/036.test.mjs	271370.459460000	274409.801588	3039.3421279999893
3bde	requirements/structured-workflow/tests/003.test.mjs	273422.697748000	273583.976919	161.27917100000195
3bde	requirements/structured-workflow/tests/004.test.mjs	273586.393477000	273752.408672	166.0151950000436
3bde	requirements/structured-workflow/tests/005.test.mjs	273755.618758000	274253.874442	498.2556840000325
3bde	requirements/structured-workflow/tests/006.test.mjs	274256.831747000	274773.78814799996	516.956400999974
3bde	requirements/structured-workflow/tests/009.test.mjs	274412.228296000	274538.831569	126.60327299998607
3bde	requirements/structured-workflow/tests/010.test.mjs	274541.236696000	275098.19491099997	556.9582149999915
3bde	requirements/structured-workflow/tests/011.test.mjs	274776.259409000	275052.707857	276.4484480000101
3bde	requirements/structured-workflow/tests/012.test.mjs	275055.540019000	277380.67427699995	2325.1342580000055
3bde	requirements/structured-workflow/tests/013.test.mjs	275100.658371000	275334.045168	233.38679700001376
3bde	requirements/structured-workflow/tests/014.test.mjs	275336.850129000	277016.905438	1680.0553090000176
3bde	requirements/structured-workflow/tests/015.test.mjs	277020.897581000	277157.341431	136.44384999998147
3bde	requirements/structured-workflow/tests/016.test.mjs	277160.799097000	277216.01203399996	55.21293699997477
3bde	requirements/structured-workflow/tests/018.test.mjs	277218.255034000	277270.280627	52.02559299999848
3bde	requirements/structured-workflow/tests/019.test.mjs	277273.155717000	277362.34334099997	89.18762400001287
3bde	requirements/time-capability/tests/001.test.mjs	277364.929305000	277498.73117499996	133.80186999996658
3bde	requirements/time-capability/tests/002.test.mjs	277383.735485000	277457.862042	74.12655700003961
3bde	requirements/time-capability/tests/003.test.mjs	277460.460224000	277608.074317	147.61409300001105
3bde	requirements/time-capability/tests/004.test.mjs	277501.517076000	277739.804187	238.28711099998327
3bde	requirements/time-capability/tests/005.test.mjs	277610.964397000	277743.50880999997	132.54441299999598
3bde	requirements/time-capability/tests/006.test.mjs	277742.082718000	277902.273879	160.1911609999952
3bde	requirements/time-capability/tests/007.test.mjs	277745.859679000	277887.57973	141.72005100001115
3bde	requirements/time-capability/tests/008.test.mjs	277890.116869000	278068.36430799996	178.24743899999885
3bde	requirements/verification-system/tests/002.test.mjs	277904.714562000	277963.91658099997	59.20201900001848
3bde	requirements/verification-system/tests/003.test.mjs	277966.841734000	278365.35583699995	398.51410299999407
3bde	requirements/verification-system/tests/004.test.mjs	278070.896191000	278193.288113	122.3919220000389
3bde	requirements/verification-system/tests/005.test.mjs	278196.079308000	282519.421591	4323.342283000005
3bde	requirements/verification-system/tests/006.test.mjs	278368.339504000	294359.186603	15990.847099000006
3bde	requirements/verification-system/tests/007.test.mjs	282521.691668000	283155.21079299995	633.5191249999916
3bde	requirements/verification-system/tests/008.test.mjs	283157.670598000	287205.11844399996	4047.4478459999664
3bde	requirements/verification-system/tests/009.test.mjs	287207.130500000	291333.121322	4125.990822000022
3bde	requirements/verification-system/tests/010.test.mjs	291335.533184000	291656.29412599996	320.7609419999644
3bde	requirements/verification-system/tests/011.test.mjs	291658.555596000	294873.945273	3215.389676999999
3bde	requirements/verification-system/tests/012.test.mjs	294361.786649000	294425.767701	63.98105200001737
3bde	requirements/verification-system/tests/014.test.mjs	294428.516287000	294853.234237	424.7179500000202
3bde	requirements/verification-system/tests/015.test.mjs	294855.805583000	294934.910577	79.1049940000521
3bde	requirements/verification-system/tests/016.test.mjs	294876.445046000	incomplete	incomplete
3bde	requirements/verification-system/tests/017.test.mjs	294937.405261000	296636.067446	1698.6621850000229
3bde	requirements/verification-system/tests/018.test.mjs	296638.479937000	296773.55498799996	135.07505099999253
3bde	requirements/verification-system/tests/020.test.mjs	296775.908359000	296851.984488	76.07612899999367
3bde	requirements/verification-system/tests/021.test.mjs	296854.319100000	299082.234282	2227.915182000026
3bde	requirements/work-record/tests/001.test.mjs	299084.850933000	299623.86387899995	539.0129459999735
3bde	requirements/work-record/tests/002.test.mjs	299626.469059000	incomplete	incomplete
