runner: scoped 使用 TESTS_MJS_FILES=1 files
runner: build is current (1796 sources, 885 artifacts)
runner: discovery OVERRIDDEN by TESTS_MJS_FILES (1 file(s))
runner: 1 test file(s), 5000ms verdict-silence window
runner: file lifecycle {"entryFile":"/Users/yuanxi/Workwork/vibe-fs/requirements/verification-system/tests/016.test.mjs","pid":83436,"parentPid":83416,"type":"runner:file-start","elapsedMs":33.47729199999981}
[verification-test-start] {"pid":83437,"parentPid":83436,"entryFile":"/Users/yuanxi/Workwork/vibe-fs/requirements/verification-system/tests/016.test.mjs","name":"WHAT[verification-system-016] archive parent replacement cannot borrow an exact copy or delete its replacement","fullName":"WHAT[verification-system-016] archive parent replacement cannot borrow an exact copy or delete its replacement"}
[verification-test-start] {"pid":83437,"parentPid":83436,"entryFile":"/Users/yuanxi/Workwork/vibe-fs/requirements/verification-system/tests/016.test.mjs","name":"WHAT[verification-system-016] archive root replacement cannot borrow an exact copy or delete its replacement","fullName":"WHAT[verification-system-016] archive root replacement cannot borrow an exact copy or delete its replacement"}
[verification-test-start] {"pid":83437,"parentPid":83436,"entryFile":"/Users/yuanxi/Workwork/vibe-fs/requirements/verification-system/tests/016.test.mjs","name":"WHAT[verification-system-016] archive symbolic-root replacement cannot borrow an exact copy or delete its replacement","fullName":"WHAT[verification-system-016] archive symbolic-root replacement cannot borrow an exact copy or delete its replacement"}
[verification-test-start] {"pid":83437,"parentPid":83436,"entryFile":"/Users/yuanxi/Workwork/vibe-fs/requirements/verification-system/tests/016.test.mjs","name":"WHAT[verification-system-016] archive parent-with-missing-root replacement cannot borrow an exact copy or delete its replacement","fullName":"WHAT[verification-system-016] archive parent-with-missing-root replacement cannot borrow an exact copy or delete its replacement"}
[verification-test-start] {"pid":83437,"parentPid":83436,"entryFile":"/Users/yuanxi/Workwork/vibe-fs/requirements/verification-system/tests/016.test.mjs","name":"WHAT[verification-system-016] successful Node probe replacing its archive root cannot start another selected executable","fullName":"WHAT[verification-system-016] successful Node probe replacing its archive root cannot start another selected executable"}
[verification-fixture-phase] {"phase":"node-tools:archive-enter","pid":83437,"parentPid":83436,"elapsedMs":82.523333,"archivePath":"/var/folders/g_/3ydzn7kx5lg9ylq8fd9p_13r0000gn/T/node-probe-success-namespace-gmuOCh/tools.tar"}
[verification-fixture-phase] {"phase":"node-tools:archive-written","pid":83437,"parentPid":83436,"elapsedMs":85.054708,"archivePath":"/var/folders/g_/3ydzn7kx5lg9ylq8fd9p_13r0000gn/T/node-probe-success-namespace-gmuOCh/tools.tar","bytes":6656}
[verification-fixture-phase] {"phase":"node-tools:prepare-enter","pid":83437,"parentPid":83436,"elapsedMs":85.106125,"archivePath":"/var/folders/g_/3ydzn7kx5lg9ylq8fd9p_13r0000gn/T/node-probe-success-namespace-gmuOCh/tools.tar"}
[verification-tool-phase] {"phase":"monitor-spawned","pid":83437,"parentPid":83436,"at":1791193525423,"monitorPid":83438,"executable":"/private/var/folders/g_/3ydzn7kx5lg9ylq8fd9p_13r0000gn/T/node-probe-success-namespace-gmuOCh/candidates/verification-archive-ml8NCQ/toolchain/node/bin/node"}
[verification-tool-phase] {"phase":"tool-spawned","pid":83438,"parentPid":83437,"at":1791193525449,"toolPid":83439,"executable":"/private/var/folders/g_/3ydzn7kx5lg9ylq8fd9p_13r0000gn/T/node-probe-success-namespace-gmuOCh/candidates/verification-archive-ml8NCQ/toolchain/node/bin/node"}
[verification-tool-phase] {"phase":"tool-exited","pid":83438,"parentPid":83437,"at":1791193526732,"toolPid":83439,"exitCode":0,"signal":null}
[verification-tool-phase] {"phase":"group-drained","pid":83438,"parentPid":83437,"at":1791193526757,"toolPid":83439}
[verification-tool-phase] {"phase":"monitor-closed","pid":83437,"parentPid":83436,"at":1791193526759,"monitorPid":83438,"exitCode":0,"signal":null}
[verification-fixture-phase] {"phase":"node-tools:prepare-settled","pid":83437,"parentPid":83436,"elapsedMs":1425.715,"archivePath":"/var/folders/g_/3ydzn7kx5lg9ylq8fd9p_13r0000gn/T/node-probe-success-namespace-gmuOCh/tools.tar"}
[verification-test-start] {"pid":83437,"parentPid":83436,"entryFile":"/Users/yuanxi/Workwork/vibe-fs/requirements/verification-system/tests/016.test.mjs","name":"WHAT[verification-system-016] successful Node probe replacing its probe root cannot start another selected executable","fullName":"WHAT[verification-system-016] successful Node probe replacing its probe root cannot start another selected executable"}
[verification-fixture-phase] {"phase":"node-tools:archive-enter","pid":83437,"parentPid":83436,"elapsedMs":1429.646458,"archivePath":"/var/folders/g_/3ydzn7kx5lg9ylq8fd9p_13r0000gn/T/node-probe-success-namespace-7VrKVu/tools.tar"}
[verification-fixture-phase] {"phase":"node-tools:archive-written","pid":83437,"parentPid":83436,"elapsedMs":1431.725583,"archivePath":"/var/folders/g_/3ydzn7kx5lg9ylq8fd9p_13r0000gn/T/node-probe-success-namespace-7VrKVu/tools.tar","bytes":6656}
[verification-fixture-phase] {"phase":"node-tools:prepare-enter","pid":83437,"parentPid":83436,"elapsedMs":1431.76,"archivePath":"/var/folders/g_/3ydzn7kx5lg9ylq8fd9p_13r0000gn/T/node-probe-success-namespace-7VrKVu/tools.tar"}
[verification-tool-phase] {"phase":"monitor-spawned","pid":83437,"parentPid":83436,"at":1791193526769,"monitorPid":83444,"executable":"/private/var/folders/g_/3ydzn7kx5lg9ylq8fd9p_13r0000gn/T/node-probe-success-namespace-7VrKVu/candidates/verification-archive-qnVfyI/toolchain/node/bin/node"}
[verification-tool-phase] {"phase":"tool-spawned","pid":83444,"parentPid":83437,"at":1791193526798,"toolPid":83445,"executable":"/private/var/folders/g_/3ydzn7kx5lg9ylq8fd9p_13r0000gn/T/node-probe-success-namespace-7VrKVu/candidates/verification-archive-qnVfyI/toolchain/node/bin/node"}
[verification-tool-phase] {"phase":"tool-exited","pid":83444,"parentPid":83437,"at":1791193527378,"toolPid":83445,"exitCode":0,"signal":null}
[verification-tool-phase] {"phase":"group-drained","pid":83444,"parentPid":83437,"at":1791193527403,"toolPid":83445}
[verification-tool-phase] {"phase":"monitor-closed","pid":83437,"parentPid":83436,"at":1791193527406,"monitorPid":83444,"exitCode":0,"signal":null}
[verification-fixture-phase] {"phase":"node-tools:prepare-settled","pid":83437,"parentPid":83436,"elapsedMs":2072.386,"archivePath":"/var/folders/g_/3ydzn7kx5lg9ylq8fd9p_13r0000gn/T/node-probe-success-namespace-7VrKVu/tools.tar"}
[verification-test-start] {"pid":83437,"parentPid":83436,"entryFile":"/Users/yuanxi/Workwork/vibe-fs/requirements/verification-system/tests/016.test.mjs","name":"WHAT[verification-system-016] controlled runtime probe protocol alone supplies Node version platform and architecture before npm admission","fullName":"WHAT[verification-system-016] controlled runtime probe protocol alone supplies Node version platform and architecture before npm admission"}
[verification-fixture-phase] {"phase":"node-tools:archive-enter","pid":83437,"parentPid":83436,"elapsedMs":2075.320625,"archivePath":"/var/folders/g_/3ydzn7kx5lg9ylq8fd9p_13r0000gn/T/node-runtime-identity-eH7oUP/tools.tar"}
[verification-fixture-phase] {"phase":"node-tools:archive-written","pid":83437,"parentPid":83436,"elapsedMs":2076.316292,"archivePath":"/var/folders/g_/3ydzn7kx5lg9ylq8fd9p_13r0000gn/T/node-runtime-identity-eH7oUP/tools.tar","bytes":6144}
[verification-fixture-phase] {"phase":"node-tools:prepare-enter","pid":83437,"parentPid":83436,"elapsedMs":2076.363792,"archivePath":"/var/folders/g_/3ydzn7kx5lg9ylq8fd9p_13r0000gn/T/node-runtime-identity-eH7oUP/tools.tar"}
[verification-tool-phase] {"phase":"monitor-spawned","pid":83437,"parentPid":83436,"at":1791193527413,"monitorPid":83448,"executable":"/private/var/folders/g_/3ydzn7kx5lg9ylq8fd9p_13r0000gn/T/node-runtime-identity-eH7oUP/candidates/verification-archive-dPecQt/toolchain/node/bin/node"}
[verification-tool-phase] {"phase":"tool-spawned","pid":83448,"parentPid":83437,"at":1791193527440,"toolPid":83449,"executable":"/private/var/folders/g_/3ydzn7kx5lg9ylq8fd9p_13r0000gn/T/node-runtime-identity-eH7oUP/candidates/verification-archive-dPecQt/toolchain/node/bin/node"}
[verification-tool-phase] {"phase":"tool-exited","pid":83448,"parentPid":83437,"at":1791193528043,"toolPid":83449,"exitCode":0,"signal":null}
[verification-tool-phase] {"phase":"group-drained","pid":83448,"parentPid":83437,"at":1791193528067,"toolPid":83449}
[verification-tool-phase] {"phase":"monitor-closed","pid":83437,"parentPid":83436,"at":1791193528069,"monitorPid":83448,"exitCode":0,"signal":null}
[verification-tool-phase] {"phase":"monitor-spawned","pid":83437,"parentPid":83436,"at":1791193528070,"monitorPid":83451,"executable":"/private/var/folders/g_/3ydzn7kx5lg9ylq8fd9p_13r0000gn/T/node-runtime-identity-eH7oUP/candidates/verification-archive-dPecQt/toolchain/node/bin/node"}
[verification-tool-phase] {"phase":"tool-spawned","pid":83451,"parentPid":83437,"at":1791193528097,"toolPid":83452,"executable":"/private/var/folders/g_/3ydzn7kx5lg9ylq8fd9p_13r0000gn/T/node-runtime-identity-eH7oUP/candidates/verification-archive-dPecQt/toolchain/node/bin/node"}
[verification-tool-phase] {"phase":"tool-exited","pid":83451,"parentPid":83437,"at":1791193528125,"toolPid":83452,"exitCode":0,"signal":null}
[verification-tool-phase] {"phase":"group-drained","pid":83451,"parentPid":83437,"at":1791193528144,"toolPid":83452}
[verification-tool-phase] {"phase":"monitor-closed","pid":83437,"parentPid":83436,"at":1791193528146,"monitorPid":83451,"exitCode":0,"signal":null}
[verification-fixture-phase] {"phase":"node-tools:prepare-settled","pid":83437,"parentPid":83436,"elapsedMs":2812.144542,"archivePath":"/var/folders/g_/3ydzn7kx5lg9ylq8fd9p_13r0000gn/T/node-runtime-identity-eH7oUP/tools.tar"}
[verification-test-start] {"pid":83437,"parentPid":83436,"entryFile":"/Users/yuanxi/Workwork/vibe-fs/requirements/verification-system/tests/016.test.mjs","name":"WHAT[verification-system-016] controlled runtime probe protocol rejects an invalid Node version before npm admission","fullName":"WHAT[verification-system-016] controlled runtime probe protocol rejects an invalid Node version before npm admission"}
[verification-fixture-phase] {"phase":"node-tools:archive-enter","pid":83437,"parentPid":83436,"elapsedMs":2814.601792,"archivePath":"/var/folders/g_/3ydzn7kx5lg9ylq8fd9p_13r0000gn/T/node-runtime-identity-AjsqmW/tools.tar"}
[verification-fixture-phase] {"phase":"node-tools:archive-written","pid":83437,"parentPid":83436,"elapsedMs":2815.355333,"archivePath":"/var/folders/g_/3ydzn7kx5lg9ylq8fd9p_13r0000gn/T/node-runtime-identity-AjsqmW/tools.tar","bytes":6144}
[verification-fixture-phase] {"phase":"node-tools:prepare-enter","pid":83437,"parentPid":83436,"elapsedMs":2815.376833,"archivePath":"/var/folders/g_/3ydzn7kx5lg9ylq8fd9p_13r0000gn/T/node-runtime-identity-AjsqmW/tools.tar"}
[verification-tool-phase] {"phase":"monitor-spawned","pid":83437,"parentPid":83436,"at":1791193528152,"monitorPid":83454,"executable":"/private/var/folders/g_/3ydzn7kx5lg9ylq8fd9p_13r0000gn/T/node-runtime-identity-AjsqmW/candidates/verification-archive-hUgYEM/toolchain/node/bin/node"}
[verification-tool-phase] {"phase":"tool-spawned","pid":83454,"parentPid":83437,"at":1791193528178,"toolPid":83455,"executable":"/private/var/folders/g_/3ydzn7kx5lg9ylq8fd9p_13r0000gn/T/node-runtime-identity-AjsqmW/candidates/verification-archive-hUgYEM/toolchain/node/bin/node"}
[verification-tool-phase] {"phase":"tool-exited","pid":83454,"parentPid":83437,"at":1791193528679,"toolPid":83455,"exitCode":0,"signal":null}
[verification-tool-phase] {"phase":"group-drained","pid":83454,"parentPid":83437,"at":1791193528707,"toolPid":83455}
[verification-tool-phase] {"phase":"monitor-closed","pid":83437,"parentPid":83436,"at":1791193528709,"monitorPid":83454,"exitCode":0,"signal":null}
[verification-fixture-phase] {"phase":"node-tools:prepare-settled","pid":83437,"parentPid":83436,"elapsedMs":3375.886958,"archivePath":"/var/folders/g_/3ydzn7kx5lg9ylq8fd9p_13r0000gn/T/node-runtime-identity-AjsqmW/tools.tar"}
[verification-test-start] {"pid":83437,"parentPid":83436,"entryFile":"/Users/yuanxi/Workwork/vibe-fs/requirements/verification-system/tests/016.test.mjs","name":"WHAT[verification-system-016] failed Node probe preserves a copied replacement of its private probe root","fullName":"WHAT[verification-system-016] failed Node probe preserves a copied replacement of its private probe root"}
[verification-fixture-phase] {"phase":"node-tools:archive-enter","pid":83437,"parentPid":83436,"elapsedMs":3377.947458,"archivePath":"/var/folders/g_/3ydzn7kx5lg9ylq8fd9p_13r0000gn/T/node-probe-namespace-uHLuB8/tools.tar"}
[verification-fixture-phase] {"phase":"node-tools:archive-written","pid":83437,"parentPid":83436,"elapsedMs":3378.90525,"archivePath":"/var/folders/g_/3ydzn7kx5lg9ylq8fd9p_13r0000gn/T/node-probe-namespace-uHLuB8/tools.tar","bytes":6144}
[verification-fixture-phase] {"phase":"node-tools:prepare-enter","pid":83437,"parentPid":83436,"elapsedMs":3378.931,"archivePath":"/var/folders/g_/3ydzn7kx5lg9ylq8fd9p_13r0000gn/T/node-probe-namespace-uHLuB8/tools.tar"}
[verification-tool-phase] {"phase":"monitor-spawned","pid":83437,"parentPid":83436,"at":1791193528716,"monitorPid":83457,"executable":"/private/var/folders/g_/3ydzn7kx5lg9ylq8fd9p_13r0000gn/T/node-probe-namespace-uHLuB8/candidates/verification-archive-2PK4BP/toolchain/node/bin/node"}
[verification-tool-phase] {"phase":"tool-spawned","pid":83457,"parentPid":83437,"at":1791193528744,"toolPid":83458,"executable":"/private/var/folders/g_/3ydzn7kx5lg9ylq8fd9p_13r0000gn/T/node-probe-namespace-uHLuB8/candidates/verification-archive-2PK4BP/toolchain/node/bin/node"}
[verification-tool-phase] {"phase":"tool-exited","pid":83457,"parentPid":83437,"at":1791193529321,"toolPid":83458,"exitCode":73,"signal":null}
[verification-tool-phase] {"phase":"group-drained","pid":83457,"parentPid":83437,"at":1791193529345,"toolPid":83458}
[verification-tool-phase] {"phase":"monitor-closed","pid":83437,"parentPid":83436,"at":1791193529347,"monitorPid":83457,"exitCode":0,"signal":null}
[verification-fixture-phase] {"phase":"node-tools:prepare-settled","pid":83437,"parentPid":83436,"elapsedMs":4013.537625,"archivePath":"/var/folders/g_/3ydzn7kx5lg9ylq8fd9p_13r0000gn/T/node-probe-namespace-uHLuB8/tools.tar"}
[verification-test-start] {"pid":83437,"parentPid":83436,"entryFile":"/Users/yuanxi/Workwork/vibe-fs/requirements/verification-system/tests/016.test.mjs","name":"WHAT[verification-system-016] Node and npm role admission rejects invalid structure before archive reads or root allocation","fullName":"WHAT[verification-system-016] Node and npm role admission rejects invalid structure before archive reads or root allocation"}
[verification-test-start] {"pid":83437,"parentPid":83436,"entryFile":"/Users/yuanxi/Workwork/vibe-fs/requirements/verification-system/tests/016.test.mjs","name":"WHAT[verification-system-016] outside Node path fails with the typed role error before reading a missing archive","fullName":"WHAT[verification-system-016] Node and npm role admission rejects invalid structure before archive reads or root allocation > WHAT[verification-system-016] outside Node path fails with the typed role error before reading a missing archive"}
[verification-fixture-phase] {"phase":"node-tools:prepare-enter","pid":83437,"parentPid":83436,"elapsedMs":4016.147792,"archivePath":"/var/folders/g_/3ydzn7kx5lg9ylq8fd9p_13r0000gn/T/verification-tool-role-admission-Ccwl1X/missing-tools.tar"}
[verification-fixture-phase] {"phase":"node-tools:prepare-settled","pid":83437,"parentPid":83436,"elapsedMs":4016.267458,"archivePath":"/var/folders/g_/3ydzn7kx5lg9ylq8fd9p_13r0000gn/T/verification-tool-role-admission-Ccwl1X/missing-tools.tar"}
[verification-test-start] {"pid":83437,"parentPid":83436,"entryFile":"/Users/yuanxi/Workwork/vibe-fs/requirements/verification-system/tests/016.test.mjs","name":"WHAT[verification-system-016] Node traversal alias fails with the typed role error before reading a missing archive","fullName":"WHAT[verification-system-016] Node and npm role admission rejects invalid structure before archive reads or root allocation > WHAT[verification-system-016] Node traversal alias fails with the typed role error before reading a missing archive"}
[verification-fixture-phase] {"phase":"node-tools:prepare-enter","pid":83437,"parentPid":83436,"elapsedMs":4016.556875,"archivePath":"/var/folders/g_/3ydzn7kx5lg9ylq8fd9p_13r0000gn/T/verification-tool-role-admission-Ccwl1X/missing-tools.tar"}
[verification-fixture-phase] {"phase":"node-tools:prepare-settled","pid":83437,"parentPid":83436,"elapsedMs":4016.679833,"archivePath":"/var/folders/g_/3ydzn7kx5lg9ylq8fd9p_13r0000gn/T/verification-tool-role-admission-Ccwl1X/missing-tools.tar"}
[verification-test-start] {"pid":83437,"parentPid":83436,"entryFile":"/Users/yuanxi/Workwork/vibe-fs/requirements/verification-system/tests/016.test.mjs","name":"WHAT[verification-system-016] non-string Node role fails with the typed role error before reading a missing archive","fullName":"WHAT[verification-system-016] Node and npm role admission rejects invalid structure before archive reads or root allocation > WHAT[verification-system-016] non-string Node role fails with the typed role error before reading a missing archive"}
[verification-fixture-phase] {"phase":"node-tools:prepare-enter","pid":83437,"parentPid":83436,"elapsedMs":4016.88475,"archivePath":"/var/folders/g_/3ydzn7kx5lg9ylq8fd9p_13r0000gn/T/verification-tool-role-admission-Ccwl1X/missing-tools.tar"}
[verification-fixture-phase] {"phase":"node-tools:prepare-settled","pid":83437,"parentPid":83436,"elapsedMs":4016.921375,"archivePath":"/var/folders/g_/3ydzn7kx5lg9ylq8fd9p_13r0000gn/T/verification-tool-role-admission-Ccwl1X/missing-tools.tar"}
[verification-test-start] {"pid":83437,"parentPid":83436,"entryFile":"/Users/yuanxi/Workwork/vibe-fs/requirements/verification-system/tests/016.test.mjs","name":"WHAT[verification-system-016] absolute npm path fails with the typed role error before reading a missing archive","fullName":"WHAT[verification-system-016] Node and npm role admission rejects invalid structure before archive reads or root allocation > WHAT[verification-system-016] absolute npm path fails with the typed role error before reading a missing archive"}
[verification-fixture-phase] {"phase":"node-tools:prepare-enter","pid":83437,"parentPid":83436,"elapsedMs":4017.20075,"archivePath":"/var/folders/g_/3ydzn7kx5lg9ylq8fd9p_13r0000gn/T/verification-tool-role-admission-Ccwl1X/missing-tools.tar"}
[verification-fixture-phase] {"phase":"node-tools:prepare-settled","pid":83437,"parentPid":83436,"elapsedMs":4017.326708,"archivePath":"/var/folders/g_/3ydzn7kx5lg9ylq8fd9p_13r0000gn/T/verification-tool-role-admission-Ccwl1X/missing-tools.tar"}
[verification-test-start] {"pid":83437,"parentPid":83436,"entryFile":"/Users/yuanxi/Workwork/vibe-fs/requirements/verification-system/tests/016.test.mjs","name":"WHAT[verification-system-016] npm role outside its package fails with the typed role error before reading a missing archive","fullName":"WHAT[verification-system-016] Node and npm role admission rejects invalid structure before archive reads or root allocation > WHAT[verification-system-016] npm role outside its package fails with the typed role error before reading a missing archive"}
[verification-fixture-phase] {"phase":"node-tools:prepare-enter","pid":83437,"parentPid":83436,"elapsedMs":4017.92275,"archivePath":"/var/folders/g_/3ydzn7kx5lg9ylq8fd9p_13r0000gn/T/verification-tool-role-admission-Ccwl1X/missing-tools.tar"}
[verification-fixture-phase] {"phase":"node-tools:prepare-settled","pid":83437,"parentPid":83436,"elapsedMs":4017.959167,"archivePath":"/var/folders/g_/3ydzn7kx5lg9ylq8fd9p_13r0000gn/T/verification-tool-role-admission-Ccwl1X/missing-tools.tar"}
[verification-test-start] {"pid":83437,"parentPid":83436,"entryFile":"/Users/yuanxi/Workwork/vibe-fs/requirements/verification-system/tests/016.test.mjs","name":"WHAT[verification-system-016] npm traversal alias fails with the typed role error before reading a missing archive","fullName":"WHAT[verification-system-016] Node and npm role admission rejects invalid structure before archive reads or root allocation > WHAT[verification-system-016] npm traversal alias fails with the typed role error before reading a missing archive"}
[verification-fixture-phase] {"phase":"node-tools:prepare-enter","pid":83437,"parentPid":83436,"elapsedMs":4018.181583,"archivePath":"/var/folders/g_/3ydzn7kx5lg9ylq8fd9p_13r0000gn/T/verification-tool-role-admission-Ccwl1X/missing-tools.tar"}
[verification-fixture-phase] {"phase":"node-tools:prepare-settled","pid":83437,"parentPid":83436,"elapsedMs":4018.2425,"archivePath":"/var/folders/g_/3ydzn7kx5lg9ylq8fd9p_13r0000gn/T/verification-tool-role-admission-Ccwl1X/missing-tools.tar"}
[verification-test-start] {"pid":83437,"parentPid":83436,"entryFile":"/Users/yuanxi/Workwork/vibe-fs/requirements/verification-system/tests/016.test.mjs","name":"WHAT[verification-system-016] empty npm role fails with the typed role error before reading a missing archive","fullName":"WHAT[verification-system-016] Node and npm role admission rejects invalid structure before archive reads or root allocation > WHAT[verification-system-016] empty npm role fails with the typed role error before reading a missing archive"}
[verification-fixture-phase] {"phase":"node-tools:prepare-enter","pid":83437,"parentPid":83436,"elapsedMs":4018.595625,"archivePath":"/var/folders/g_/3ydzn7kx5lg9ylq8fd9p_13r0000gn/T/verification-tool-role-admission-Ccwl1X/missing-tools.tar"}
[verification-fixture-phase] {"phase":"node-tools:prepare-settled","pid":83437,"parentPid":83436,"elapsedMs":4018.63675,"archivePath":"/var/folders/g_/3ydzn7kx5lg9ylq8fd9p_13r0000gn/T/verification-tool-role-admission-Ccwl1X/missing-tools.tar"}
[verification-test-start] {"pid":83437,"parentPid":83436,"entryFile":"/Users/yuanxi/Workwork/vibe-fs/requirements/verification-system/tests/016.test.mjs","name":"WHAT[verification-system-016] already cancelled role admission preserves Error before role validation","fullName":"WHAT[verification-system-016] Node and npm role admission rejects invalid structure before archive reads or root allocation > WHAT[verification-system-016] already cancelled role admission preserves Error before role validation"}
[verification-fixture-phase] {"phase":"node-tools:prepare-enter","pid":83437,"parentPid":83436,"elapsedMs":4019.056,"archivePath":"/var/folders/g_/3ydzn7kx5lg9ylq8fd9p_13r0000gn/T/verification-tool-role-admission-Ccwl1X/missing-tools.tar"}
[verification-fixture-phase] {"phase":"node-tools:prepare-settled","pid":83437,"parentPid":83436,"elapsedMs":4019.193792,"archivePath":"/var/folders/g_/3ydzn7kx5lg9ylq8fd9p_13r0000gn/T/verification-tool-role-admission-Ccwl1X/missing-tools.tar"}
[verification-test-start] {"pid":83437,"parentPid":83436,"entryFile":"/Users/yuanxi/Workwork/vibe-fs/requirements/verification-system/tests/016.test.mjs","name":"WHAT[verification-system-016] already cancelled role admission preserves null before role validation","fullName":"WHAT[verification-system-016] Node and npm role admission rejects invalid structure before archive reads or root allocation > WHAT[verification-system-016] already cancelled role admission preserves null before role validation"}
[verification-fixture-phase] {"phase":"node-tools:prepare-enter","pid":83437,"parentPid":83436,"elapsedMs":4019.561,"archivePath":"/var/folders/g_/3ydzn7kx5lg9ylq8fd9p_13r0000gn/T/verification-tool-role-admission-Ccwl1X/missing-tools.tar"}
[verification-fixture-phase] {"phase":"node-tools:prepare-settled","pid":83437,"parentPid":83436,"elapsedMs":4019.593417,"archivePath":"/var/folders/g_/3ydzn7kx5lg9ylq8fd9p_13r0000gn/T/verification-tool-role-admission-Ccwl1X/missing-tools.tar"}
[verification-test-start] {"pid":83437,"parentPid":83436,"entryFile":"/Users/yuanxi/Workwork/vibe-fs/requirements/verification-system/tests/016.test.mjs","name":"WHAT[verification-system-016] selected Node and complete npm bundle preparation binds actual probes without borrowing ambient configuration","fullName":"WHAT[verification-system-016] selected Node and complete npm bundle preparation binds actual probes without borrowing ambient configuration"}
[verification-test-start] {"pid":83437,"parentPid":83436,"entryFile":"/Users/yuanxi/Workwork/vibe-fs/requirements/verification-system/tests/016.test.mjs","name":"WHAT[verification-system-016] the formal fixture captures an explicit complete npm package and actual selected Node binary","fullName":"WHAT[verification-system-016] selected Node and complete npm bundle preparation binds actual probes without borrowing ambient configuration > WHAT[verification-system-016] the formal fixture captures an explicit complete npm package and actual selected Node binary"}
[verification-fixture-phase] {"phase":"node-tools:archive-enter","pid":83437,"parentPid":83436,"elapsedMs":4657.018375,"archivePath":"/var/folders/g_/3ydzn7kx5lg9ylq8fd9p_13r0000gn/T/verification-node-tools-fixture-jmuZk8/tools.tar"}
[verification-fixture-phase] {"phase":"node-tools:archive-written","pid":83437,"parentPid":83436,"elapsedMs":4881.971833,"archivePath":"/var/folders/g_/3ydzn7kx5lg9ylq8fd9p_13r0000gn/T/verification-node-tools-fixture-jmuZk8/tools.tar","bytes":126579712}
[verification-test-start] {"pid":83437,"parentPid":83436,"entryFile":"/Users/yuanxi/Workwork/vibe-fs/requirements/verification-system/tests/016.test.mjs","name":"WHAT[verification-system-016] wrong selected tool archive digest publishes no candidate","fullName":"WHAT[verification-system-016] selected Node and complete npm bundle preparation binds actual probes without borrowing ambient configuration > WHAT[verification-system-016] wrong selected tool archive digest publishes no candidate"}
[verification-fixture-phase] {"phase":"node-tools:prepare-enter","pid":83437,"parentPid":83436,"elapsedMs":4926.240958,"archivePath":"/var/folders/g_/3ydzn7kx5lg9ylq8fd9p_13r0000gn/T/verification-node-tools-fixture-jmuZk8/tools.tar"}
[verification-fixture-phase] {"phase":"node-tools:prepare-settled","pid":83437,"parentPid":83436,"elapsedMs":4983.927875,"archivePath":"/var/folders/g_/3ydzn7kx5lg9ylq8fd9p_13r0000gn/T/verification-node-tools-fixture-jmuZk8/tools.tar"}
[verification-test-start] {"pid":83437,"parentPid":83436,"entryFile":"/Users/yuanxi/Workwork/vibe-fs/requirements/verification-system/tests/016.test.mjs","name":"WHAT[verification-system-016] tool role paths reject aliases and npm entrypoints outside the selected npm package","fullName":"WHAT[verification-system-016] selected Node and complete npm bundle preparation binds actual probes without borrowing ambient configuration > WHAT[verification-system-016] tool role paths reject aliases and npm entrypoints outside the selected npm package"}
[verification-fixture-phase] {"phase":"node-tools:prepare-enter","pid":83437,"parentPid":83436,"elapsedMs":4985.4035,"archivePath":"/var/folders/g_/3ydzn7kx5lg9ylq8fd9p_13r0000gn/T/verification-node-tools-fixture-jmuZk8/tools.tar"}
[verification-fixture-phase] {"phase":"node-tools:prepare-settled","pid":83437,"parentPid":83436,"elapsedMs":4985.468292,"archivePath":"/var/folders/g_/3ydzn7kx5lg9ylq8fd9p_13r0000gn/T/verification-node-tools-fixture-jmuZk8/tools.tar"}
[verification-fixture-phase] {"phase":"node-tools:prepare-enter","pid":83437,"parentPid":83436,"elapsedMs":4985.533083,"archivePath":"/var/folders/g_/3ydzn7kx5lg9ylq8fd9p_13r0000gn/T/verification-node-tools-fixture-jmuZk8/tools.tar"}
[verification-fixture-phase] {"phase":"node-tools:prepare-settled","pid":83437,"parentPid":83436,"elapsedMs":4985.565667,"archivePath":"/var/folders/g_/3ydzn7kx5lg9ylq8fd9p_13r0000gn/T/verification-node-tools-fixture-jmuZk8/tools.tar"}
[verification-fixture-phase] {"phase":"node-tools:prepare-enter","pid":83437,"parentPid":83436,"elapsedMs":4985.647083,"archivePath":"/var/folders/g_/3ydzn7kx5lg9ylq8fd9p_13r0000gn/T/verification-node-tools-fixture-jmuZk8/tools.tar"}
[verification-fixture-phase] {"phase":"node-tools:prepare-settled","pid":83437,"parentPid":83436,"elapsedMs":5818.499875,"archivePath":"/var/folders/g_/3ydzn7kx5lg9ylq8fd9p_13r0000gn/T/verification-node-tools-fixture-jmuZk8/tools.tar"}
[verification-test-start] {"pid":83437,"parentPid":83436,"entryFile":"/Users/yuanxi/Workwork/vibe-fs/requirements/verification-system/tests/016.test.mjs","name":"WHAT[verification-system-016] actual bundled Node and npm probes ignore hostile ambient HOME launchers and npm configuration","fullName":"WHAT[verification-system-016] selected Node and complete npm bundle preparation binds actual probes without borrowing ambient configuration > WHAT[verification-system-016] actual bundled Node and npm probes ignore hostile ambient HOME launchers and npm configuration"}
[verification-fixture-phase] {"phase":"node-tools:prepare-enter","pid":83437,"parentPid":83436,"elapsedMs":5819.392875,"archivePath":"/var/folders/g_/3ydzn7kx5lg9ylq8fd9p_13r0000gn/T/verification-node-tools-fixture-jmuZk8/tools.tar"}
[verification-tool-phase] {"phase":"monitor-spawned","pid":83437,"parentPid":83436,"at":1791193531781,"monitorPid":83465,"executable":"/private/var/folders/g_/3ydzn7kx5lg9ylq8fd9p_13r0000gn/T/verification-node-tools-fixture-jmuZk8/candidates/verification-archive-9R3kVo/toolchain/node/bin/node"}
[verification-tool-phase] {"phase":"tool-spawned","pid":83465,"parentPid":83437,"at":1791193531817,"toolPid":83466,"executable":"/private/var/folders/g_/3ydzn7kx5lg9ylq8fd9p_13r0000gn/T/verification-node-tools-fixture-jmuZk8/candidates/verification-archive-9R3kVo/toolchain/node/bin/node"}
[verification-tool-phase] {"phase":"tool-exited","pid":83465,"parentPid":83437,"at":1791193533026,"toolPid":83466,"exitCode":0,"signal":null}
[verification-tool-phase] {"phase":"group-drained","pid":83465,"parentPid":83437,"at":1791193533050,"toolPid":83466}
[verification-tool-phase] {"phase":"monitor-closed","pid":83437,"parentPid":83436,"at":1791193533052,"monitorPid":83465,"exitCode":0,"signal":null}
[verification-tool-phase] {"phase":"monitor-spawned","pid":83437,"parentPid":83436,"at":1791193533169,"monitorPid":83468,"executable":"/private/var/folders/g_/3ydzn7kx5lg9ylq8fd9p_13r0000gn/T/verification-node-tools-fixture-jmuZk8/candidates/verification-archive-9R3kVo/toolchain/node/bin/node"}
[verification-tool-phase] {"phase":"tool-spawned","pid":83468,"parentPid":83437,"at":1791193533195,"toolPid":83469,"executable":"/private/var/folders/g_/3ydzn7kx5lg9ylq8fd9p_13r0000gn/T/verification-node-tools-fixture-jmuZk8/candidates/verification-archive-9R3kVo/toolchain/node/bin/node"}
[verification-tool-phase] {"phase":"tool-exited","pid":83468,"parentPid":83437,"at":1791193533329,"toolPid":83469,"exitCode":0,"signal":null}
[verification-tool-phase] {"phase":"group-drained","pid":83468,"parentPid":83437,"at":1791193533349,"toolPid":83469}
[verification-tool-phase] {"phase":"monitor-closed","pid":83437,"parentPid":83436,"at":1791193533351,"monitorPid":83468,"exitCode":0,"signal":null}
[verification-fixture-phase] {"phase":"node-tools:prepare-settled","pid":83437,"parentPid":83436,"elapsedMs":8129.914292,"archivePath":"/var/folders/g_/3ydzn7kx5lg9ylq8fd9p_13r0000gn/T/verification-node-tools-fixture-jmuZk8/tools.tar"}
[verification-test-start] {"pid":83437,"parentPid":83436,"entryFile":"/Users/yuanxi/Workwork/vibe-fs/requirements/verification-system/tests/016.test.mjs","name":"WHAT[verification-system-016] a missing declared npm library cannot be borrowed from the candidate parent directory by the actual npm CLI","fullName":"WHAT[verification-system-016] selected Node and complete npm bundle preparation binds actual probes without borrowing ambient configuration > WHAT[verification-system-016] a missing declared npm library cannot be borrowed from the candidate parent directory by the actual npm CLI"}
[verification-fixture-phase] {"phase":"node-tools:archive-enter","pid":83437,"parentPid":83436,"elapsedMs":8431.241417,"archivePath":"/var/folders/g_/3ydzn7kx5lg9ylq8fd9p_13r0000gn/T/verification-node-tools-fixture-jmuZk8/tools.tar"}
[verification-fixture-phase] {"phase":"node-tools:archive-written","pid":83437,"parentPid":83436,"elapsedMs":8611.1055,"archivePath":"/var/folders/g_/3ydzn7kx5lg9ylq8fd9p_13r0000gn/T/verification-node-tools-fixture-jmuZk8/tools.tar","bytes":126546944}
[verification-fixture-phase] {"phase":"node-tools:prepare-enter","pid":83437,"parentPid":83436,"elapsedMs":8655.975042,"archivePath":"/var/folders/g_/3ydzn7kx5lg9ylq8fd9p_13r0000gn/T/verification-node-tools-fixture-jmuZk8/tools.tar"}
[verification-fixture-phase] {"phase":"node-tools:prepare-settled","pid":83437,"parentPid":83436,"elapsedMs":9462.576083,"archivePath":"/var/folders/g_/3ydzn7kx5lg9ylq8fd9p_13r0000gn/T/verification-node-tools-fixture-jmuZk8/tools.tar"}
[verification-test-start] {"pid":83437,"parentPid":83436,"entryFile":"/Users/yuanxi/Workwork/vibe-fs/requirements/verification-system/tests/016.test.mjs","name":"WHAT[verification-system-016] complete root npm dependencies cannot conceal a missing declared transitive production library","fullName":"WHAT[verification-system-016] selected Node and complete npm bundle preparation binds actual probes without borrowing ambient configuration > WHAT[verification-system-016] complete root npm dependencies cannot conceal a missing declared transitive production library"}
[verification-fixture-phase] {"phase":"node-tools:archive-enter","pid":83437,"parentPid":83436,"elapsedMs":9465.407375,"archivePath":"/var/folders/g_/3ydzn7kx5lg9ylq8fd9p_13r0000gn/T/verification-node-tools-fixture-jmuZk8/tools.tar"}
[verification-fixture-phase] {"phase":"node-tools:archive-written","pid":83437,"parentPid":83436,"elapsedMs":9617.218208,"archivePath":"/var/folders/g_/3ydzn7kx5lg9ylq8fd9p_13r0000gn/T/verification-node-tools-fixture-jmuZk8/tools.tar","bytes":126558208}
[verification-fixture-phase] {"phase":"node-tools:prepare-enter","pid":83437,"parentPid":83436,"elapsedMs":9658.012333,"archivePath":"/var/folders/g_/3ydzn7kx5lg9ylq8fd9p_13r0000gn/T/verification-node-tools-fixture-jmuZk8/tools.tar"}
[verification-fixture-phase] {"phase":"node-tools:prepare-settled","pid":83437,"parentPid":83436,"elapsedMs":10434.929542,"archivePath":"/var/folders/g_/3ydzn7kx5lg9ylq8fd9p_13r0000gn/T/verification-node-tools-fixture-jmuZk8/tools.tar"}
[verification-test-start] {"pid":83437,"parentPid":83436,"entryFile":"/Users/yuanxi/Workwork/vibe-fs/requirements/verification-system/tests/016.test.mjs","name":"WHAT[verification-system-016] a valid selected archive missing an npm required module fails the actual npm probe and reclaims its private resources","fullName":"WHAT[verification-system-016] selected Node and complete npm bundle preparation binds actual probes without borrowing ambient configuration > WHAT[verification-system-016] a valid selected archive missing an npm required module fails the actual npm probe and reclaims its private resources"}
[verification-fixture-phase] {"phase":"node-tools:archive-enter","pid":83437,"parentPid":83436,"elapsedMs":10436.40725,"archivePath":"/var/folders/g_/3ydzn7kx5lg9ylq8fd9p_13r0000gn/T/verification-node-tools-fixture-jmuZk8/tools.tar"}
[verification-fixture-phase] {"phase":"node-tools:archive-written","pid":83437,"parentPid":83436,"elapsedMs":10616.206333,"archivePath":"/var/folders/g_/3ydzn7kx5lg9ylq8fd9p_13r0000gn/T/verification-node-tools-fixture-jmuZk8/tools.tar","bytes":126578688}
[verification-fixture-phase] {"phase":"node-tools:prepare-enter","pid":83437,"parentPid":83436,"elapsedMs":10660.799167,"archivePath":"/var/folders/g_/3ydzn7kx5lg9ylq8fd9p_13r0000gn/T/verification-node-tools-fixture-jmuZk8/tools.tar"}
[verification-tool-phase] {"phase":"monitor-spawned","pid":83437,"parentPid":83436,"at":1791193536721,"monitorPid":83530,"executable":"/private/var/folders/g_/3ydzn7kx5lg9ylq8fd9p_13r0000gn/T/verification-node-tools-fixture-jmuZk8/candidates/verification-archive-5bKT7y/toolchain/node/bin/node"}
[verification-tool-phase] {"phase":"tool-spawned","pid":83530,"parentPid":83437,"at":1791193536756,"toolPid":83531,"executable":"/private/var/folders/g_/3ydzn7kx5lg9ylq8fd9p_13r0000gn/T/verification-node-tools-fixture-jmuZk8/candidates/verification-archive-5bKT7y/toolchain/node/bin/node"}
[verification-tool-phase] {"phase":"tool-exited","pid":83530,"parentPid":83437,"at":1791193537829,"toolPid":83531,"exitCode":0,"signal":null}
[verification-tool-phase] {"phase":"group-drained","pid":83530,"parentPid":83437,"at":1791193537851,"toolPid":83531}
[verification-tool-phase] {"phase":"monitor-closed","pid":83437,"parentPid":83436,"at":1791193537853,"monitorPid":83530,"exitCode":0,"signal":null}
[verification-tool-phase] {"phase":"monitor-spawned","pid":83437,"parentPid":83436,"at":1791193537964,"monitorPid":83533,"executable":"/private/var/folders/g_/3ydzn7kx5lg9ylq8fd9p_13r0000gn/T/verification-node-tools-fixture-jmuZk8/candidates/verification-archive-5bKT7y/toolchain/node/bin/node"}
[verification-tool-phase] {"phase":"tool-spawned","pid":83533,"parentPid":83437,"at":1791193537991,"toolPid":83534,"executable":"/private/var/folders/g_/3ydzn7kx5lg9ylq8fd9p_13r0000gn/T/verification-node-tools-fixture-jmuZk8/candidates/verification-archive-5bKT7y/toolchain/node/bin/node"}
[verification-tool-phase] {"phase":"tool-exited","pid":83533,"parentPid":83437,"at":1791193538013,"toolPid":83534,"exitCode":1,"signal":null}
[verification-tool-phase] {"phase":"group-drained","pid":83533,"parentPid":83437,"at":1791193538031,"toolPid":83534}
[verification-tool-phase] {"phase":"monitor-closed","pid":83437,"parentPid":83436,"at":1791193538032,"monitorPid":83533,"exitCode":0,"signal":null}
[verification-fixture-phase] {"phase":"node-tools:prepare-settled","pid":83437,"parentPid":83436,"elapsedMs":12858.679208,"archivePath":"/var/folders/g_/3ydzn7kx5lg9ylq8fd9p_13r0000gn/T/verification-node-tools-fixture-jmuZk8/tools.tar"}
[verification-test-start] {"pid":83437,"parentPid":83436,"entryFile":"/Users/yuanxi/Workwork/vibe-fs/requirements/verification-system/tests/016.test.mjs","name":"WHAT[verification-system-016] an internal symbolic Node entrypoint cannot stand in for the selected executable file","fullName":"WHAT[verification-system-016] selected Node and complete npm bundle preparation binds actual probes without borrowing ambient configuration > WHAT[verification-system-016] an internal symbolic Node entrypoint cannot stand in for the selected executable file"}
[verification-fixture-phase] {"phase":"node-tools:archive-enter","pid":83437,"parentPid":83436,"elapsedMs":12859.479542,"archivePath":"/var/folders/g_/3ydzn7kx5lg9ylq8fd9p_13r0000gn/T/verification-node-tools-fixture-jmuZk8/tools.tar"}
[verification-fixture-phase] {"phase":"node-tools:archive-written","pid":83437,"parentPid":83436,"elapsedMs":12992.429667,"archivePath":"/var/folders/g_/3ydzn7kx5lg9ylq8fd9p_13r0000gn/T/verification-node-tools-fixture-jmuZk8/tools.tar","bytes":126579200}
[verification-fixture-phase] {"phase":"node-tools:prepare-enter","pid":83437,"parentPid":83436,"elapsedMs":13033.333458,"archivePath":"/var/folders/g_/3ydzn7kx5lg9ylq8fd9p_13r0000gn/T/verification-node-tools-fixture-jmuZk8/tools.tar"}
[verification-fixture-phase] {"phase":"node-tools:prepare-settled","pid":83437,"parentPid":83436,"elapsedMs":13790.717417,"archivePath":"/var/folders/g_/3ydzn7kx5lg9ylq8fd9p_13r0000gn/T/verification-node-tools-fixture-jmuZk8/tools.tar"}
[verification-test-start] {"pid":83437,"parentPid":83436,"entryFile":"/Users/yuanxi/Workwork/vibe-fs/requirements/verification-system/tests/016.test.mjs","name":"WHAT[verification-system-016] a non-executable selected Node file cannot authorize a tool probe","fullName":"WHAT[verification-system-016] selected Node and complete npm bundle preparation binds actual probes without borrowing ambient configuration > WHAT[verification-system-016] a non-executable selected Node file cannot authorize a tool probe"}
[verification-fixture-phase] {"phase":"node-tools:archive-enter","pid":83437,"parentPid":83436,"elapsedMs":13791.562583,"archivePath":"/var/folders/g_/3ydzn7kx5lg9ylq8fd9p_13r0000gn/T/verification-node-tools-fixture-jmuZk8/tools.tar"}
[verification-fixture-phase] {"phase":"node-tools:archive-written","pid":83437,"parentPid":83436,"elapsedMs":14041.424458,"archivePath":"/var/folders/g_/3ydzn7kx5lg9ylq8fd9p_13r0000gn/T/verification-node-tools-fixture-jmuZk8/tools.tar","bytes":126579200}
[verification-fixture-phase] {"phase":"node-tools:prepare-enter","pid":83437,"parentPid":83436,"elapsedMs":14082.405375,"archivePath":"/var/folders/g_/3ydzn7kx5lg9ylq8fd9p_13r0000gn/T/verification-node-tools-fixture-jmuZk8/tools.tar"}
[verification-fixture-phase] {"phase":"node-tools:prepare-settled","pid":83437,"parentPid":83436,"elapsedMs":14816.809625,"archivePath":"/var/folders/g_/3ydzn7kx5lg9ylq8fd9p_13r0000gn/T/verification-node-tools-fixture-jmuZk8/tools.tar"}
[verification-test-start] {"pid":83437,"parentPid":83436,"entryFile":"/Users/yuanxi/Workwork/vibe-fs/requirements/verification-system/tests/016.test.mjs","name":"WHAT[verification-system-016] an actual npm CLI that adds an unselected file before reporting its real version cannot publish the original bundle identity","fullName":"WHAT[verification-system-016] selected Node and complete npm bundle preparation binds actual probes without borrowing ambient configuration > WHAT[verification-system-016] an actual npm CLI that adds an unselected file before reporting its real version cannot publish the original bundle identity"}
[verification-fixture-phase] {"phase":"node-tools:archive-enter","pid":83437,"parentPid":83436,"elapsedMs":14817.900458,"archivePath":"/var/folders/g_/3ydzn7kx5lg9ylq8fd9p_13r0000gn/T/verification-node-tools-fixture-jmuZk8/tools.tar"}
[verification-fixture-phase] {"phase":"node-tools:archive-written","pid":83437,"parentPid":83436,"elapsedMs":14949.844917,"archivePath":"/var/folders/g_/3ydzn7kx5lg9ylq8fd9p_13r0000gn/T/verification-node-tools-fixture-jmuZk8/tools.tar","bytes":126580224}
[verification-fixture-phase] {"phase":"node-tools:prepare-enter","pid":83437,"parentPid":83436,"elapsedMs":14990.576667,"archivePath":"/var/folders/g_/3ydzn7kx5lg9ylq8fd9p_13r0000gn/T/verification-node-tools-fixture-jmuZk8/tools.tar"}
[verification-tool-phase] {"phase":"monitor-spawned","pid":83437,"parentPid":83436,"at":1791193540943,"monitorPid":83536,"executable":"/private/var/folders/g_/3ydzn7kx5lg9ylq8fd9p_13r0000gn/T/verification-node-tools-fixture-jmuZk8/candidates/verification-archive-dQRwaw/toolchain/node/bin/node"}
[verification-tool-phase] {"phase":"tool-spawned","pid":83536,"parentPid":83437,"at":1791193540977,"toolPid":83537,"executable":"/private/var/folders/g_/3ydzn7kx5lg9ylq8fd9p_13r0000gn/T/verification-node-tools-fixture-jmuZk8/candidates/verification-archive-dQRwaw/toolchain/node/bin/node"}
[verification-tool-phase] {"phase":"tool-exited","pid":83536,"parentPid":83437,"at":1791193542096,"toolPid":83537,"exitCode":0,"signal":null}
[verification-tool-phase] {"phase":"group-drained","pid":83536,"parentPid":83437,"at":1791193542124,"toolPid":83537}
[verification-tool-phase] {"phase":"monitor-closed","pid":83437,"parentPid":83436,"at":1791193542126,"monitorPid":83536,"exitCode":0,"signal":null}
[verification-tool-phase] {"phase":"monitor-spawned","pid":83437,"parentPid":83436,"at":1791193542238,"monitorPid":83542,"executable":"/private/var/folders/g_/3ydzn7kx5lg9ylq8fd9p_13r0000gn/T/verification-node-tools-fixture-jmuZk8/candidates/verification-archive-dQRwaw/toolchain/node/bin/node"}
[verification-tool-phase] {"phase":"tool-spawned","pid":83542,"parentPid":83437,"at":1791193542265,"toolPid":83543,"executable":"/private/var/folders/g_/3ydzn7kx5lg9ylq8fd9p_13r0000gn/T/verification-node-tools-fixture-jmuZk8/candidates/verification-archive-dQRwaw/toolchain/node/bin/node"}
[verification-tool-phase] {"phase":"tool-exited","pid":83542,"parentPid":83437,"at":1791193542348,"toolPid":83543,"exitCode":0,"signal":null}
[verification-tool-phase] {"phase":"group-drained","pid":83542,"parentPid":83437,"at":1791193542366,"toolPid":83543}
[verification-tool-phase] {"phase":"monitor-closed","pid":83437,"parentPid":83436,"at":1791193542367,"monitorPid":83542,"exitCode":0,"signal":null}
[verification-fixture-phase] {"phase":"node-tools:prepare-settled","pid":83437,"parentPid":83436,"elapsedMs":17239.398,"archivePath":"/var/folders/g_/3ydzn7kx5lg9ylq8fd9p_13r0000gn/T/verification-node-tools-fixture-jmuZk8/tools.tar"}
[verification-test-start] {"pid":83437,"parentPid":83436,"entryFile":"/Users/yuanxi/Workwork/vibe-fs/requirements/verification-system/tests/016.test.mjs","name":"WHAT[verification-system-016] a held actual npm probe preserves Error cancellation and drains its process group","fullName":"WHAT[verification-system-016] selected Node and complete npm bundle preparation binds actual probes without borrowing ambient configuration > WHAT[verification-system-016] a held actual npm probe preserves Error cancellation and drains its process group"}
[verification-fixture-phase] {"phase":"node-tools:archive-enter","pid":83437,"parentPid":83436,"elapsedMs":17240.234958,"archivePath":"/var/folders/g_/3ydzn7kx5lg9ylq8fd9p_13r0000gn/T/verification-node-tools-fixture-jmuZk8/tools.tar"}
[verification-fixture-phase] {"phase":"node-tools:archive-written","pid":83437,"parentPid":83436,"elapsedMs":17371.592167,"archivePath":"/var/folders/g_/3ydzn7kx5lg9ylq8fd9p_13r0000gn/T/verification-node-tools-fixture-jmuZk8/tools.tar","bytes":126581248}
[verification-fixture-phase] {"phase":"node-tools:prepare-enter","pid":83437,"parentPid":83436,"elapsedMs":17413.659958,"archivePath":"/var/folders/g_/3ydzn7kx5lg9ylq8fd9p_13r0000gn/T/verification-node-tools-fixture-jmuZk8/tools.tar"}
[verification-tool-phase] {"phase":"monitor-spawned","pid":83437,"parentPid":83436,"at":1791193543361,"monitorPid":83547,"executable":"/private/var/folders/g_/3ydzn7kx5lg9ylq8fd9p_13r0000gn/T/verification-node-tools-fixture-jmuZk8/candidates/verification-archive-SIJo3F/toolchain/node/bin/node"}
[verification-tool-phase] {"phase":"tool-spawned","pid":83547,"parentPid":83437,"at":1791193543393,"toolPid":83548,"executable":"/private/var/folders/g_/3ydzn7kx5lg9ylq8fd9p_13r0000gn/T/verification-node-tools-fixture-jmuZk8/candidates/verification-archive-SIJo3F/toolchain/node/bin/node"}
[verification-tool-phase] {"phase":"tool-exited","pid":83547,"parentPid":83437,"at":1791193544462,"toolPid":83548,"exitCode":0,"signal":null}
[verification-tool-phase] {"phase":"group-drained","pid":83547,"parentPid":83437,"at":1791193544485,"toolPid":83548}
[verification-tool-phase] {"phase":"monitor-closed","pid":83437,"parentPid":83436,"at":1791193544487,"monitorPid":83547,"exitCode":0,"signal":null}
[verification-tool-phase] {"phase":"monitor-spawned","pid":83437,"parentPid":83436,"at":1791193544605,"monitorPid":83552,"executable":"/private/var/folders/g_/3ydzn7kx5lg9ylq8fd9p_13r0000gn/T/verification-node-tools-fixture-jmuZk8/candidates/verification-archive-SIJo3F/toolchain/node/bin/node"}
[verification-tool-phase] {"phase":"tool-spawned","pid":83552,"parentPid":83437,"at":1791193544632,"toolPid":83553,"executable":"/private/var/folders/g_/3ydzn7kx5lg9ylq8fd9p_13r0000gn/T/verification-node-tools-fixture-jmuZk8/candidates/verification-archive-SIJo3F/toolchain/node/bin/node"}
[verification-tool-phase] {"phase":"tool-exited","pid":83552,"parentPid":83437,"at":1791193544687,"toolPid":83553,"exitCode":null,"signal":"SIGKILL"}
[verification-tool-phase] {"phase":"group-drained","pid":83552,"parentPid":83437,"at":1791193544705,"toolPid":83553}
[verification-tool-phase] {"phase":"monitor-closed","pid":83437,"parentPid":83436,"at":1791193544707,"monitorPid":83552,"exitCode":0,"signal":null}
[verification-fixture-phase] {"phase":"node-tools:prepare-settled","pid":83437,"parentPid":83436,"elapsedMs":19525.481583,"archivePath":"/var/folders/g_/3ydzn7kx5lg9ylq8fd9p_13r0000gn/T/verification-node-tools-fixture-jmuZk8/tools.tar"}
[verification-test-start] {"pid":83437,"parentPid":83436,"entryFile":"/Users/yuanxi/Workwork/vibe-fs/requirements/verification-system/tests/016.test.mjs","name":"WHAT[verification-system-016] a held actual npm probe preserves null cancellation and drains its process group","fullName":"WHAT[verification-system-016] selected Node and complete npm bundle preparation binds actual probes without borrowing ambient configuration > WHAT[verification-system-016] a held actual npm probe preserves null cancellation and drains its process group"}
[verification-fixture-phase] {"phase":"node-tools:archive-enter","pid":83437,"parentPid":83436,"elapsedMs":19526.513833,"archivePath":"/var/folders/g_/3ydzn7kx5lg9ylq8fd9p_13r0000gn/T/verification-node-tools-fixture-jmuZk8/tools.tar"}
[verification-fixture-phase] {"phase":"node-tools:archive-written","pid":83437,"parentPid":83436,"elapsedMs":19659.843875,"archivePath":"/var/folders/g_/3ydzn7kx5lg9ylq8fd9p_13r0000gn/T/verification-node-tools-fixture-jmuZk8/tools.tar","bytes":126581248}
[verification-fixture-phase] {"phase":"node-tools:prepare-enter","pid":83437,"parentPid":83436,"elapsedMs":19700.787958,"archivePath":"/var/folders/g_/3ydzn7kx5lg9ylq8fd9p_13r0000gn/T/verification-node-tools-fixture-jmuZk8/tools.tar"}
[verification-tool-phase] {"phase":"monitor-spawned","pid":83437,"parentPid":83436,"at":1791193545652,"monitorPid":83556,"executable":"/private/var/folders/g_/3ydzn7kx5lg9ylq8fd9p_13r0000gn/T/verification-node-tools-fixture-jmuZk8/candidates/verification-archive-qPBx4a/toolchain/node/bin/node"}
[verification-tool-phase] {"phase":"tool-spawned","pid":83556,"parentPid":83437,"at":1791193545685,"toolPid":83557,"executable":"/private/var/folders/g_/3ydzn7kx5lg9ylq8fd9p_13r0000gn/T/verification-node-tools-fixture-jmuZk8/candidates/verification-archive-qPBx4a/toolchain/node/bin/node"}
[verification-tool-phase] {"phase":"tool-exited","pid":83556,"parentPid":83437,"at":1791193546818,"toolPid":83557,"exitCode":0,"signal":null}
[verification-tool-phase] {"phase":"group-drained","pid":83556,"parentPid":83437,"at":1791193546838,"toolPid":83557}
[verification-tool-phase] {"phase":"monitor-closed","pid":83437,"parentPid":83436,"at":1791193546840,"monitorPid":83556,"exitCode":0,"signal":null}
[verification-tool-phase] {"phase":"monitor-spawned","pid":83437,"parentPid":83436,"at":1791193546952,"monitorPid":83559,"executable":"/private/var/folders/g_/3ydzn7kx5lg9ylq8fd9p_13r0000gn/T/verification-node-tools-fixture-jmuZk8/candidates/verification-archive-qPBx4a/toolchain/node/bin/node"}
[verification-tool-phase] {"phase":"tool-spawned","pid":83559,"parentPid":83437,"at":1791193546979,"toolPid":83560,"executable":"/private/var/folders/g_/3ydzn7kx5lg9ylq8fd9p_13r0000gn/T/verification-node-tools-fixture-jmuZk8/candidates/verification-archive-qPBx4a/toolchain/node/bin/node"}
[verification-tool-phase] {"phase":"tool-exited","pid":83559,"parentPid":83437,"at":1791193547035,"toolPid":83560,"exitCode":null,"signal":"SIGKILL"}
[verification-tool-phase] {"phase":"group-drained","pid":83559,"parentPid":83437,"at":1791193547053,"toolPid":83560}
[verification-tool-phase] {"phase":"monitor-closed","pid":83437,"parentPid":83436,"at":1791193547055,"monitorPid":83559,"exitCode":0,"signal":null}
[verification-fixture-phase] {"phase":"node-tools:prepare-settled","pid":83437,"parentPid":83436,"elapsedMs":21882.351833,"archivePath":"/var/folders/g_/3ydzn7kx5lg9ylq8fd9p_13r0000gn/T/verification-node-tools-fixture-jmuZk8/tools.tar"}
[verification-test-start] {"pid":83437,"parentPid":83436,"entryFile":"/Users/yuanxi/Workwork/vibe-fs/requirements/verification-system/tests/016.test.mjs","name":"WHAT[verification-system-016] already aborted tool preparation preserves Error before reading a missing archive","fullName":"WHAT[verification-system-016] selected Node and complete npm bundle preparation binds actual probes without borrowing ambient configuration > WHAT[verification-system-016] already aborted tool preparation preserves Error before reading a missing archive"}
[verification-fixture-phase] {"phase":"node-tools:prepare-enter","pid":83437,"parentPid":83436,"elapsedMs":21883.2775,"archivePath":"/var/folders/g_/3ydzn7kx5lg9ylq8fd9p_13r0000gn/T/verification-node-tools-fixture-jmuZk8/missing-tools.tar"}
[verification-fixture-phase] {"phase":"node-tools:prepare-settled","pid":83437,"parentPid":83436,"elapsedMs":21883.34775,"archivePath":"/var/folders/g_/3ydzn7kx5lg9ylq8fd9p_13r0000gn/T/verification-node-tools-fixture-jmuZk8/missing-tools.tar"}
[verification-test-start] {"pid":83437,"parentPid":83436,"entryFile":"/Users/yuanxi/Workwork/vibe-fs/requirements/verification-system/tests/016.test.mjs","name":"WHAT[verification-system-016] already aborted tool preparation preserves null before reading a missing archive","fullName":"WHAT[verification-system-016] selected Node and complete npm bundle preparation binds actual probes without borrowing ambient configuration > WHAT[verification-system-016] already aborted tool preparation preserves null before reading a missing archive"}
[verification-fixture-phase] {"phase":"node-tools:prepare-enter","pid":83437,"parentPid":83436,"elapsedMs":21883.611458,"archivePath":"/var/folders/g_/3ydzn7kx5lg9ylq8fd9p_13r0000gn/T/verification-node-tools-fixture-jmuZk8/missing-tools.tar"}
[verification-fixture-phase] {"phase":"node-tools:prepare-settled","pid":83437,"parentPid":83436,"elapsedMs":21883.63925,"archivePath":"/var/folders/g_/3ydzn7kx5lg9ylq8fd9p_13r0000gn/T/verification-node-tools-fixture-jmuZk8/missing-tools.tar"}
[verification-test-start] {"pid":83437,"parentPid":83436,"entryFile":"/Users/yuanxi/Workwork/vibe-fs/requirements/verification-system/tests/016.test.mjs","name":"WHAT[verification-system-016] selected npm tools replaced during the actual runtime probe cannot start the next version probe","fullName":"WHAT[verification-system-016] selected npm tools replaced during the actual runtime probe cannot start the next version probe"}
[verification-test-start] {"pid":83437,"parentPid":83436,"entryFile":"/Users/yuanxi/Workwork/vibe-fs/requirements/verification-system/tests/016.test.mjs","name":"WHAT[verification-system-016] complete selected Node and npm archive capture preserves locked inputs before execution","fullName":"WHAT[verification-system-016] selected npm tools replaced during the actual runtime probe cannot start the next version probe > WHAT[verification-system-016] complete selected Node and npm archive capture preserves locked inputs before execution"}
[verification-fixture-phase] {"phase":"npm:version-enter","pid":83437,"parentPid":83436,"elapsedMs":22041.290167,"npmCli":"/private/tmp/vibe-fs-ci-selected-npm1094/package/bin/npm-cli.js"}
[verification-fixture-phase] {"phase":"npm:version-completed","pid":83437,"parentPid":83436,"elapsedMs":22125.031625,"npmCli":"/private/tmp/vibe-fs-ci-selected-npm1094/package/bin/npm-cli.js","version":"10.9.4"}
[verification-fixture-phase] {"phase":"npm:registry-listening","pid":83437,"parentPid":83436,"elapsedMs":22129.95525,"root":"/var/folders/g_/3ydzn7kx5lg9ylq8fd9p_13r0000gn/T/verification-npm-fixture-yhHt1q","registry":"http://127.0.0.1:57375"}
[verification-fixture-phase] {"phase":"npm:tool-capture-enter","pid":83437,"parentPid":83436,"elapsedMs":22181.494208,"root":"/var/folders/g_/3ydzn7kx5lg9ylq8fd9p_13r0000gn/T/verification-npm-fixture-yhHt1q"}
[verification-fixture-phase] {"phase":"npm:tool-archive-written","pid":83437,"parentPid":83436,"elapsedMs":22862.7485,"archivePath":"/var/folders/g_/3ydzn7kx5lg9ylq8fd9p_13r0000gn/T/verification-npm-fixture-yhHt1q/tools.tar","bytes":126581248}
[verification-test-start] {"pid":83437,"parentPid":83436,"entryFile":"/Users/yuanxi/Workwork/vibe-fs/requirements/verification-system/tests/016.test.mjs","name":"WHAT[verification-system-016] actual runtime probe refuses a complete copied tool owner before version or registry execution","fullName":"WHAT[verification-system-016] selected npm tools replaced during the actual runtime probe cannot start the next version probe > WHAT[verification-system-016] actual runtime probe refuses a complete copied tool owner before version or registry execution"}
[verification-fixture-phase] {"phase":"npm:archive-install-enter","pid":83437,"parentPid":83436,"elapsedMs":23342.327083,"archivePath":"/var/folders/g_/3ydzn7kx5lg9ylq8fd9p_13r0000gn/T/verification-npm-fixture-yhHt1q/tools.tar"}
[verification-tool-phase] {"phase":"monitor-spawned","pid":83437,"parentPid":83436,"at":1791193549381,"monitorPid":83566,"executable":"/private/var/folders/g_/3ydzn7kx5lg9ylq8fd9p_13r0000gn/T/verification-npm-fixture-yhHt1q/candidates/verification-archive-ELE3hq/toolchain/node/bin/node"}
[verification-tool-phase] {"phase":"tool-spawned","pid":83566,"parentPid":83437,"at":1791193549416,"toolPid":83567,"executable":"/private/var/folders/g_/3ydzn7kx5lg9ylq8fd9p_13r0000gn/T/verification-npm-fixture-yhHt1q/candidates/verification-archive-ELE3hq/toolchain/node/bin/node"}
[verification-tool-phase] {"phase":"tool-exited","pid":83566,"parentPid":83437,"at":1791193550508,"toolPid":83567,"exitCode":0,"signal":null}
[verification-tool-phase] {"phase":"group-drained","pid":83566,"parentPid":83437,"at":1791193550530,"toolPid":83567}
[verification-tool-phase] {"phase":"monitor-closed","pid":83437,"parentPid":83436,"at":1791193550532,"monitorPid":83566,"exitCode":0,"signal":null}
[verification-tool-phase] {"phase":"monitor-spawned","pid":83437,"parentPid":83436,"at":1791193550643,"monitorPid":83569,"executable":"/private/var/folders/g_/3ydzn7kx5lg9ylq8fd9p_13r0000gn/T/verification-npm-fixture-yhHt1q/candidates/verification-archive-ELE3hq/toolchain/node/bin/node"}
[verification-tool-phase] {"phase":"tool-spawned","pid":83569,"parentPid":83437,"at":1791193550671,"toolPid":83570,"executable":"/private/var/folders/g_/3ydzn7kx5lg9ylq8fd9p_13r0000gn/T/verification-npm-fixture-yhHt1q/candidates/verification-archive-ELE3hq/toolchain/node/bin/node"}
[verification-tool-phase] {"phase":"tool-exited","pid":83569,"parentPid":83437,"at":1791193550748,"toolPid":83570,"exitCode":0,"signal":null}
[verification-tool-phase] {"phase":"group-drained","pid":83569,"parentPid":83437,"at":1791193550767,"toolPid":83570}
[verification-tool-phase] {"phase":"monitor-closed","pid":83437,"parentPid":83436,"at":1791193550769,"monitorPid":83569,"exitCode":0,"signal":null}
[verification-tool-phase] {"phase":"monitor-spawned","pid":83437,"parentPid":83436,"at":1791193551031,"monitorPid":83572,"executable":"/private/var/folders/g_/3ydzn7kx5lg9ylq8fd9p_13r0000gn/T/verification-npm-fixture-yhHt1q/candidates/verification-archive-ELE3hq/toolchain/node/bin/node"}
[verification-tool-phase] {"phase":"tool-spawned","pid":83572,"parentPid":83437,"at":1791193551062,"toolPid":83573,"executable":"/private/var/folders/g_/3ydzn7kx5lg9ylq8fd9p_13r0000gn/T/verification-npm-fixture-yhHt1q/candidates/verification-archive-ELE3hq/toolchain/node/bin/node"}
[verification-tool-phase] {"phase":"tool-exited","pid":83572,"parentPid":83437,"at":1791193551089,"toolPid":83573,"exitCode":0,"signal":null}
[verification-tool-phase] {"phase":"group-drained","pid":83572,"parentPid":83437,"at":1791193551138,"toolPid":83573}
[verification-tool-phase] {"phase":"monitor-closed","pid":83437,"parentPid":83436,"at":1791193551674,"monitorPid":83572,"exitCode":0,"signal":null}
[verification-fixture-phase] {"phase":"npm:archive-install-settled","pid":83437,"parentPid":83436,"elapsedMs":26340.112125,"archivePath":"/var/folders/g_/3ydzn7kx5lg9ylq8fd9p_13r0000gn/T/verification-npm-fixture-yhHt1q/tools.tar"}
[verification-fixture-phase] {"phase":"npm:fixture-dispose-enter","pid":83437,"parentPid":83436,"elapsedMs":26340.367917,"root":"/var/folders/g_/3ydzn7kx5lg9ylq8fd9p_13r0000gn/T/verification-npm-fixture-yhHt1q"}
[verification-fixture-phase] {"phase":"npm:fixture-disposed","pid":83437,"parentPid":83436,"elapsedMs":26652.932167,"root":"/var/folders/g_/3ydzn7kx5lg9ylq8fd9p_13r0000gn/T/verification-npm-fixture-yhHt1q"}
[verification-test-start] {"pid":83437,"parentPid":83436,"entryFile":"/Users/yuanxi/Workwork/vibe-fs/requirements/verification-system/tests/016.test.mjs","name":"WHAT[verification-system-016] npm tool archive installation owns selected complete tools and locked dependencies through publication","fullName":"WHAT[verification-system-016] npm tool archive installation owns selected complete tools and locked dependencies through publication"}
[verification-test-start] {"pid":83437,"parentPid":83436,"entryFile":"/Users/yuanxi/Workwork/vibe-fs/requirements/verification-system/tests/016.test.mjs","name":"WHAT[verification-system-016] two actual locked registry packages preserve modes use the selected bundle layout and bind its complete identity after tools cleanup","fullName":"WHAT[verification-system-016] npm tool archive installation owns selected complete tools and locked dependencies through publication > WHAT[verification-system-016] two actual locked registry packages preserve modes use the selected bundle layout and bind its complete identity after tools cleanup"}
[verification-test-start] {"pid":83437,"parentPid":83436,"entryFile":"/Users/yuanxi/Workwork/vibe-fs/requirements/verification-system/tests/016.test.mjs","name":"WHAT[verification-system-016] complete selected Node and npm archive capture preserves locked inputs before execution","fullName":"WHAT[verification-system-016] npm tool archive installation owns selected complete tools and locked dependencies through publication > WHAT[verification-system-016] two actual locked registry packages preserve modes use the selected bundle layout and bind its complete identity after tools cleanup > WHAT[verification-system-016] complete selected Node and npm archive capture preserves locked inputs before execution"}
[verification-fixture-phase] {"phase":"npm:version-enter","pid":83437,"parentPid":83436,"elapsedMs":26654.485583,"npmCli":"/private/tmp/vibe-fs-ci-selected-npm1094/package/bin/npm-cli.js"}
[verification-fixture-phase] {"phase":"npm:version-completed","pid":83437,"parentPid":83436,"elapsedMs":26719.09,"npmCli":"/private/tmp/vibe-fs-ci-selected-npm1094/package/bin/npm-cli.js","version":"10.9.4"}
[verification-fixture-phase] {"phase":"npm:registry-listening","pid":83437,"parentPid":83436,"elapsedMs":26722.244708,"root":"/var/folders/g_/3ydzn7kx5lg9ylq8fd9p_13r0000gn/T/verification-npm-fixture-kRd6LR","registry":"http://127.0.0.1:57376"}
[verification-fixture-phase] {"phase":"npm:tool-capture-enter","pid":83437,"parentPid":83436,"elapsedMs":26773.891333,"root":"/var/folders/g_/3ydzn7kx5lg9ylq8fd9p_13r0000gn/T/verification-npm-fixture-kRd6LR"}
[verification-fixture-phase] {"phase":"npm:tool-archive-written","pid":83437,"parentPid":83436,"elapsedMs":27265.433875,"archivePath":"/var/folders/g_/3ydzn7kx5lg9ylq8fd9p_13r0000gn/T/verification-npm-fixture-kRd6LR/tools.tar","bytes":126581248}
[verification-fixture-phase] {"phase":"npm:archive-install-enter","pid":83437,"parentPid":83436,"elapsedMs":27743.238917,"archivePath":"/var/folders/g_/3ydzn7kx5lg9ylq8fd9p_13r0000gn/T/verification-npm-fixture-kRd6LR/tools.tar"}
[verification-test-start] {"pid":83437,"parentPid":83436,"entryFile":"/Users/yuanxi/Workwork/vibe-fs/requirements/verification-system/tests/016.test.mjs","name":"WHAT[verification-system-016] actual selected complete tools consume the locked request before its held tarball is released","fullName":"WHAT[verification-system-016] npm tool archive installation owns selected complete tools and locked dependencies through publication > WHAT[verification-system-016] two actual locked registry packages preserve modes use the selected bundle layout and bind its complete identity after tools cleanup > WHAT[verification-system-016] actual selected complete tools consume the locked request before its held tarball is released"}
[verification-tool-phase] {"phase":"monitor-spawned","pid":83437,"parentPid":83436,"at":1791193553691,"monitorPid":83576,"executable":"/private/var/folders/g_/3ydzn7kx5lg9ylq8fd9p_13r0000gn/T/verification-npm-fixture-kRd6LR/candidates/verification-archive-PRrQ6F/toolchain/node/bin/node"}
[verification-tool-phase] {"phase":"tool-spawned","pid":83576,"parentPid":83437,"at":1791193553726,"toolPid":83577,"executable":"/private/var/folders/g_/3ydzn7kx5lg9ylq8fd9p_13r0000gn/T/verification-npm-fixture-kRd6LR/candidates/verification-archive-PRrQ6F/toolchain/node/bin/node"}
[verification-tool-phase] {"phase":"tool-exited","pid":83576,"parentPid":83437,"at":1791193554784,"toolPid":83577,"exitCode":0,"signal":null}
[verification-tool-phase] {"phase":"group-drained","pid":83576,"parentPid":83437,"at":1791193554807,"toolPid":83577}
[verification-tool-phase] {"phase":"monitor-closed","pid":83437,"parentPid":83436,"at":1791193554809,"monitorPid":83576,"exitCode":0,"signal":null}
[verification-tool-phase] {"phase":"monitor-spawned","pid":83437,"parentPid":83436,"at":1791193554916,"monitorPid":83582,"executable":"/private/var/folders/g_/3ydzn7kx5lg9ylq8fd9p_13r0000gn/T/verification-npm-fixture-kRd6LR/candidates/verification-archive-PRrQ6F/toolchain/node/bin/node"}
[verification-tool-phase] {"phase":"tool-spawned","pid":83582,"parentPid":83437,"at":1791193554944,"toolPid":83583,"executable":"/private/var/folders/g_/3ydzn7kx5lg9ylq8fd9p_13r0000gn/T/verification-npm-fixture-kRd6LR/candidates/verification-archive-PRrQ6F/toolchain/node/bin/node"}
[verification-tool-phase] {"phase":"tool-exited","pid":83582,"parentPid":83437,"at":1791193555031,"toolPid":83583,"exitCode":0,"signal":null}
[verification-tool-phase] {"phase":"group-drained","pid":83582,"parentPid":83437,"at":1791193555050,"toolPid":83583}
[verification-tool-phase] {"phase":"monitor-closed","pid":83437,"parentPid":83436,"at":1791193555051,"monitorPid":83582,"exitCode":0,"signal":null}
[verification-tool-phase] {"phase":"monitor-spawned","pid":83437,"parentPid":83436,"at":1791193555295,"monitorPid":83585,"executable":"/private/var/folders/g_/3ydzn7kx5lg9ylq8fd9p_13r0000gn/T/verification-npm-fixture-kRd6LR/candidates/verification-archive-PRrQ6F/toolchain/node/bin/node"}
[verification-tool-phase] {"phase":"tool-spawned","pid":83585,"parentPid":83437,"at":1791193555324,"toolPid":83586,"executable":"/private/var/folders/g_/3ydzn7kx5lg9ylq8fd9p_13r0000gn/T/verification-npm-fixture-kRd6LR/candidates/verification-archive-PRrQ6F/toolchain/node/bin/node"}
[verification-tool-phase] {"phase":"tool-exited","pid":83585,"parentPid":83437,"at":1791193555345,"toolPid":83586,"exitCode":0,"signal":null}
[verification-tool-phase] {"phase":"group-drained","pid":83585,"parentPid":83437,"at":1791193555364,"toolPid":83586}
[verification-tool-phase] {"phase":"monitor-closed","pid":83437,"parentPid":83436,"at":1791193555365,"monitorPid":83585,"exitCode":0,"signal":null}
[verification-tool-phase] {"phase":"monitor-spawned","pid":83437,"parentPid":83436,"at":1791193555475,"monitorPid":83588,"executable":"/private/var/folders/g_/3ydzn7kx5lg9ylq8fd9p_13r0000gn/T/verification-npm-fixture-kRd6LR/candidates/verification-archive-PRrQ6F/toolchain/node/bin/node"}
[verification-tool-phase] {"phase":"tool-spawned","pid":83588,"parentPid":83437,"at":1791193555501,"toolPid":83589,"executable":"/private/var/folders/g_/3ydzn7kx5lg9ylq8fd9p_13r0000gn/T/verification-npm-fixture-kRd6LR/candidates/verification-archive-PRrQ6F/toolchain/node/bin/node"}
[verification-tool-phase] {"phase":"tool-exited","pid":83588,"parentPid":83437,"at":1791193555574,"toolPid":83589,"exitCode":0,"signal":null}
[verification-tool-phase] {"phase":"group-drained","pid":83588,"parentPid":83437,"at":1791193555592,"toolPid":83589}
[verification-tool-phase] {"phase":"monitor-closed","pid":83437,"parentPid":83436,"at":1791193555594,"monitorPid":83588,"exitCode":0,"signal":null}
[verification-tool-phase] {"phase":"monitor-spawned","pid":83437,"parentPid":83436,"at":1791193555702,"monitorPid":83591,"executable":"/private/var/folders/g_/3ydzn7kx5lg9ylq8fd9p_13r0000gn/T/verification-npm-fixture-kRd6LR/candidates/verification-archive-PRrQ6F/toolchain/node/bin/node"}
[verification-tool-phase] {"phase":"tool-spawned","pid":83591,"parentPid":83437,"at":1791193555728,"toolPid":83592,"executable":"/private/var/folders/g_/3ydzn7kx5lg9ylq8fd9p_13r0000gn/T/verification-npm-fixture-kRd6LR/candidates/verification-archive-PRrQ6F/toolchain/node/bin/node"}
[verification-fixture-phase] {"phase":"npm:registry-request","pid":83437,"parentPid":83436,"elapsedMs":30610.520708,"root":"/var/folders/g_/3ydzn7kx5lg9ylq8fd9p_13r0000gn/T/verification-npm-fixture-kRd6LR","method":"GET","path":"/wxs-fixture-leaf/-/wxs-fixture-leaf-1.0.0.tgz"}
[verification-test-start] {"pid":83437,"parentPid":83436,"entryFile":"/Users/yuanxi/Workwork/vibe-fs/requirements/verification-system/tests/016.test.mjs","name":"WHAT[verification-system-016] actual locked registry installation consumes the captured complete tool archive and reclaims selected tools","fullName":"WHAT[verification-system-016] npm tool archive installation owns selected complete tools and locked dependencies through publication > WHAT[verification-system-016] two actual locked registry packages preserve modes use the selected bundle layout and bind its complete identity after tools cleanup > WHAT[verification-system-016] actual locked registry installation consumes the captured complete tool archive and reclaims selected tools"}
[verification-fixture-phase] {"phase":"npm:registry-request","pid":83437,"parentPid":83436,"elapsedMs":30746.687917,"root":"/var/folders/g_/3ydzn7kx5lg9ylq8fd9p_13r0000gn/T/verification-npm-fixture-kRd6LR","method":"GET","path":"/wxs-fixture-parent/-/wxs-fixture-parent-1.0.0.tgz"}
[verification-tool-phase] {"phase":"tool-exited","pid":83591,"parentPid":83437,"at":1791193556177,"toolPid":83592,"exitCode":0,"signal":null}
[verification-tool-phase] {"phase":"group-drained","pid":83591,"parentPid":83437,"at":1791193556198,"toolPid":83592}
[verification-tool-phase] {"phase":"monitor-closed","pid":83437,"parentPid":83436,"at":1791193556200,"monitorPid":83591,"exitCode":0,"signal":null}
[verification-fixture-phase] {"phase":"npm:archive-install-settled","pid":83437,"parentPid":83436,"elapsedMs":31331.048125,"archivePath":"/var/folders/g_/3ydzn7kx5lg9ylq8fd9p_13r0000gn/T/verification-npm-fixture-kRd6LR/tools.tar"}
[verification-fixture-phase] {"phase":"npm:fixture-dispose-enter","pid":83437,"parentPid":83436,"elapsedMs":31357.545458,"root":"/var/folders/g_/3ydzn7kx5lg9ylq8fd9p_13r0000gn/T/verification-npm-fixture-kRd6LR"}
[verification-fixture-phase] {"phase":"npm:fixture-disposed","pid":83437,"parentPid":83436,"elapsedMs":31360.687083,"root":"/var/folders/g_/3ydzn7kx5lg9ylq8fd9p_13r0000gn/T/verification-npm-fixture-kRd6LR"}
[verification-test-start] {"pid":83437,"parentPid":83436,"entryFile":"/Users/yuanxi/Workwork/vibe-fs/requirements/verification-system/tests/016.test.mjs","name":"WHAT[verification-system-016] npm tool archive rejects non-CLI library bytes changed during a real held install and reclaims unpublished dependencies","fullName":"WHAT[verification-system-016] npm tool archive installation owns selected complete tools and locked dependencies through publication > WHAT[verification-system-016] npm tool archive rejects non-CLI library bytes changed during a real held install and reclaims unpublished dependencies"}
[verification-test-start] {"pid":83437,"parentPid":83436,"entryFile":"/Users/yuanxi/Workwork/vibe-fs/requirements/verification-system/tests/016.test.mjs","name":"WHAT[verification-system-016] complete selected Node and npm archive capture preserves locked inputs before execution","fullName":"WHAT[verification-system-016] npm tool archive installation owns selected complete tools and locked dependencies through publication > WHAT[verification-system-016] npm tool archive rejects non-CLI library bytes changed during a real held install and reclaims unpublished dependencies > WHAT[verification-system-016] complete selected Node and npm archive capture preserves locked inputs before execution"}
[verification-fixture-phase] {"phase":"npm:version-enter","pid":83437,"parentPid":83436,"elapsedMs":31361.700167,"npmCli":"/private/tmp/vibe-fs-ci-selected-npm1094/package/bin/npm-cli.js"}
[verification-fixture-phase] {"phase":"npm:version-completed","pid":83437,"parentPid":83436,"elapsedMs":31419.562833,"npmCli":"/private/tmp/vibe-fs-ci-selected-npm1094/package/bin/npm-cli.js","version":"10.9.4"}
[verification-fixture-phase] {"phase":"npm:registry-listening","pid":83437,"parentPid":83436,"elapsedMs":31421.179333,"root":"/var/folders/g_/3ydzn7kx5lg9ylq8fd9p_13r0000gn/T/verification-npm-fixture-4yDR4F","registry":"http://127.0.0.1:57386"}
[verification-fixture-phase] {"phase":"npm:tool-capture-enter","pid":83437,"parentPid":83436,"elapsedMs":31471.784458,"root":"/var/folders/g_/3ydzn7kx5lg9ylq8fd9p_13r0000gn/T/verification-npm-fixture-4yDR4F"}
[verification-fixture-phase] {"phase":"npm:tool-archive-written","pid":83437,"parentPid":83436,"elapsedMs":31928.613583,"archivePath":"/var/folders/g_/3ydzn7kx5lg9ylq8fd9p_13r0000gn/T/verification-npm-fixture-4yDR4F/tools.tar","bytes":126581248}
[verification-fixture-phase] {"phase":"npm:archive-install-enter","pid":83437,"parentPid":83436,"elapsedMs":32425.013083,"archivePath":"/var/folders/g_/3ydzn7kx5lg9ylq8fd9p_13r0000gn/T/verification-npm-fixture-4yDR4F/tools.tar"}
[verification-tool-phase] {"phase":"monitor-spawned","pid":83437,"parentPid":83436,"at":1791193558372,"monitorPid":83599,"executable":"/private/var/folders/g_/3ydzn7kx5lg9ylq8fd9p_13r0000gn/T/verification-npm-fixture-4yDR4F/candidates/verification-archive-7sgcpP/toolchain/node/bin/node"}
[verification-tool-phase] {"phase":"tool-spawned","pid":83599,"parentPid":83437,"at":1791193558404,"toolPid":83600,"executable":"/private/var/folders/g_/3ydzn7kx5lg9ylq8fd9p_13r0000gn/T/verification-npm-fixture-4yDR4F/candidates/verification-archive-7sgcpP/toolchain/node/bin/node"}
[verification-tool-phase] {"phase":"tool-exited","pid":83599,"parentPid":83437,"at":1791193559520,"toolPid":83600,"exitCode":0,"signal":null}
[verification-tool-phase] {"phase":"group-drained","pid":83599,"parentPid":83437,"at":1791193559543,"toolPid":83600}
[verification-tool-phase] {"phase":"monitor-closed","pid":83437,"parentPid":83436,"at":1791193559545,"monitorPid":83599,"exitCode":0,"signal":null}
[verification-tool-phase] {"phase":"monitor-spawned","pid":83437,"parentPid":83436,"at":1791193559657,"monitorPid":83602,"executable":"/private/var/folders/g_/3ydzn7kx5lg9ylq8fd9p_13r0000gn/T/verification-npm-fixture-4yDR4F/candidates/verification-archive-7sgcpP/toolchain/node/bin/node"}
[verification-tool-phase] {"phase":"tool-spawned","pid":83602,"parentPid":83437,"at":1791193559684,"toolPid":83603,"executable":"/private/var/folders/g_/3ydzn7kx5lg9ylq8fd9p_13r0000gn/T/verification-npm-fixture-4yDR4F/candidates/verification-archive-7sgcpP/toolchain/node/bin/node"}
[verification-tool-phase] {"phase":"tool-exited","pid":83602,"parentPid":83437,"at":1791193559755,"toolPid":83603,"exitCode":0,"signal":null}
[verification-tool-phase] {"phase":"group-drained","pid":83602,"parentPid":83437,"at":1791193559773,"toolPid":83603}
[verification-tool-phase] {"phase":"monitor-closed","pid":83437,"parentPid":83436,"at":1791193559774,"monitorPid":83602,"exitCode":0,"signal":null}
[verification-tool-phase] {"phase":"monitor-spawned","pid":83437,"parentPid":83436,"at":1791193560015,"monitorPid":83605,"executable":"/private/var/folders/g_/3ydzn7kx5lg9ylq8fd9p_13r0000gn/T/verification-npm-fixture-4yDR4F/candidates/verification-archive-7sgcpP/toolchain/node/bin/node"}
[verification-tool-phase] {"phase":"tool-spawned","pid":83605,"parentPid":83437,"at":1791193560048,"toolPid":83606,"executable":"/private/var/folders/g_/3ydzn7kx5lg9ylq8fd9p_13r0000gn/T/verification-npm-fixture-4yDR4F/candidates/verification-archive-7sgcpP/toolchain/node/bin/node"}
[verification-tool-phase] {"phase":"tool-exited","pid":83605,"parentPid":83437,"at":1791193560076,"toolPid":83606,"exitCode":0,"signal":null}
[verification-tool-phase] {"phase":"group-drained","pid":83605,"parentPid":83437,"at":1791193560103,"toolPid":83606}
[verification-tool-phase] {"phase":"monitor-closed","pid":83437,"parentPid":83436,"at":1791193560105,"monitorPid":83605,"exitCode":0,"signal":null}
[verification-tool-phase] {"phase":"monitor-spawned","pid":83437,"parentPid":83436,"at":1791193560226,"monitorPid":83608,"executable":"/private/var/folders/g_/3ydzn7kx5lg9ylq8fd9p_13r0000gn/T/verification-npm-fixture-4yDR4F/candidates/verification-archive-7sgcpP/toolchain/node/bin/node"}
[verification-tool-phase] {"phase":"tool-spawned","pid":83608,"parentPid":83437,"at":1791193560252,"toolPid":83609,"executable":"/private/var/folders/g_/3ydzn7kx5lg9ylq8fd9p_13r0000gn/T/verification-npm-fixture-4yDR4F/candidates/verification-archive-7sgcpP/toolchain/node/bin/node"}
[verification-tool-phase] {"phase":"tool-exited","pid":83608,"parentPid":83437,"at":1791193560326,"toolPid":83609,"exitCode":0,"signal":null}
[verification-tool-phase] {"phase":"group-drained","pid":83608,"parentPid":83437,"at":1791193560344,"toolPid":83609}
[verification-tool-phase] {"phase":"monitor-closed","pid":83437,"parentPid":83436,"at":1791193560346,"monitorPid":83608,"exitCode":0,"signal":null}
[verification-tool-phase] {"phase":"monitor-spawned","pid":83437,"parentPid":83436,"at":1791193560456,"monitorPid":83611,"executable":"/private/var/folders/g_/3ydzn7kx5lg9ylq8fd9p_13r0000gn/T/verification-npm-fixture-4yDR4F/candidates/verification-archive-7sgcpP/toolchain/node/bin/node"}
[verification-tool-phase] {"phase":"tool-spawned","pid":83611,"parentPid":83437,"at":1791193560484,"toolPid":83612,"executable":"/private/var/folders/g_/3ydzn7kx5lg9ylq8fd9p_13r0000gn/T/verification-npm-fixture-4yDR4F/candidates/verification-archive-7sgcpP/toolchain/node/bin/node"}
[verification-fixture-phase] {"phase":"npm:registry-request","pid":83437,"parentPid":83436,"elapsedMs":35334.334917,"root":"/var/folders/g_/3ydzn7kx5lg9ylq8fd9p_13r0000gn/T/verification-npm-fixture-4yDR4F","method":"GET","path":"/wxs-fixture-leaf/-/wxs-fixture-leaf-1.0.0.tgz"}
[verification-fixture-phase] {"phase":"npm:registry-request","pid":83437,"parentPid":83436,"elapsedMs":35469.9315,"root":"/var/folders/g_/3ydzn7kx5lg9ylq8fd9p_13r0000gn/T/verification-npm-fixture-4yDR4F","method":"GET","path":"/wxs-fixture-parent/-/wxs-fixture-parent-1.0.0.tgz"}
[verification-tool-phase] {"phase":"tool-exited","pid":83611,"parentPid":83437,"at":1791193560891,"toolPid":83612,"exitCode":0,"signal":null}
[verification-tool-phase] {"phase":"group-drained","pid":83611,"parentPid":83437,"at":1791193560909,"toolPid":83612}
[verification-tool-phase] {"phase":"monitor-closed","pid":83437,"parentPid":83436,"at":1791193560911,"monitorPid":83611,"exitCode":0,"signal":null}
[verification-fixture-phase] {"phase":"npm:archive-install-settled","pid":83437,"parentPid":83436,"elapsedMs":35827.732625,"archivePath":"/var/folders/g_/3ydzn7kx5lg9ylq8fd9p_13r0000gn/T/verification-npm-fixture-4yDR4F/tools.tar"}
[verification-fixture-phase] {"phase":"npm:fixture-dispose-enter","pid":83437,"parentPid":83436,"elapsedMs":35828.032667,"root":"/var/folders/g_/3ydzn7kx5lg9ylq8fd9p_13r0000gn/T/verification-npm-fixture-4yDR4F"}
[verification-fixture-phase] {"phase":"npm:fixture-disposed","pid":83437,"parentPid":83436,"elapsedMs":35831.54,"root":"/var/folders/g_/3ydzn7kx5lg9ylq8fd9p_13r0000gn/T/verification-npm-fixture-4yDR4F"}
[verification-test-start] {"pid":83437,"parentPid":83436,"entryFile":"/Users/yuanxi/Workwork/vibe-fs/requirements/verification-system/tests/016.test.mjs","name":"WHAT[verification-system-016] npm tool archive rejects new tool member changed during a real held install and reclaims unpublished dependencies","fullName":"WHAT[verification-system-016] npm tool archive installation owns selected complete tools and locked dependencies through publication > WHAT[verification-system-016] npm tool archive rejects new tool member changed during a real held install and reclaims unpublished dependencies"}
[verification-test-start] {"pid":83437,"parentPid":83436,"entryFile":"/Users/yuanxi/Workwork/vibe-fs/requirements/verification-system/tests/016.test.mjs","name":"WHAT[verification-system-016] complete selected Node and npm archive capture preserves locked inputs before execution","fullName":"WHAT[verification-system-016] npm tool archive installation owns selected complete tools and locked dependencies through publication > WHAT[verification-system-016] npm tool archive rejects new tool member changed during a real held install and reclaims unpublished dependencies > WHAT[verification-system-016] complete selected Node and npm archive capture preserves locked inputs before execution"}
[verification-fixture-phase] {"phase":"npm:version-enter","pid":83437,"parentPid":83436,"elapsedMs":35832.373333,"npmCli":"/private/tmp/vibe-fs-ci-selected-npm1094/package/bin/npm-cli.js"}
[verification-fixture-phase] {"phase":"npm:version-completed","pid":83437,"parentPid":83436,"elapsedMs":35896.406708,"npmCli":"/private/tmp/vibe-fs-ci-selected-npm1094/package/bin/npm-cli.js","version":"10.9.4"}
[verification-fixture-phase] {"phase":"npm:registry-listening","pid":83437,"parentPid":83436,"elapsedMs":35897.745458,"root":"/var/folders/g_/3ydzn7kx5lg9ylq8fd9p_13r0000gn/T/verification-npm-fixture-pxyh4D","registry":"http://127.0.0.1:57398"}
[verification-fixture-phase] {"phase":"npm:tool-capture-enter","pid":83437,"parentPid":83436,"elapsedMs":35952.290417,"root":"/var/folders/g_/3ydzn7kx5lg9ylq8fd9p_13r0000gn/T/verification-npm-fixture-pxyh4D"}
[verification-fixture-phase] {"phase":"npm:tool-archive-written","pid":83437,"parentPid":83436,"elapsedMs":36432.710208,"archivePath":"/var/folders/g_/3ydzn7kx5lg9ylq8fd9p_13r0000gn/T/verification-npm-fixture-pxyh4D/tools.tar","bytes":126581248}
[verification-fixture-phase] {"phase":"npm:archive-install-enter","pid":83437,"parentPid":83436,"elapsedMs":36911.068875,"archivePath":"/var/folders/g_/3ydzn7kx5lg9ylq8fd9p_13r0000gn/T/verification-npm-fixture-pxyh4D/tools.tar"}
[verification-tool-phase] {"phase":"monitor-spawned","pid":83437,"parentPid":83436,"at":1791193562843,"monitorPid":83616,"executable":"/private/var/folders/g_/3ydzn7kx5lg9ylq8fd9p_13r0000gn/T/verification-npm-fixture-pxyh4D/candidates/verification-archive-sXx1ZE/toolchain/node/bin/node"}
[verification-tool-phase] {"phase":"tool-spawned","pid":83616,"parentPid":83437,"at":1791193562879,"toolPid":83617,"executable":"/private/var/folders/g_/3ydzn7kx5lg9ylq8fd9p_13r0000gn/T/verification-npm-fixture-pxyh4D/candidates/verification-archive-sXx1ZE/toolchain/node/bin/node"}
[verification-tool-phase] {"phase":"tool-exited","pid":83616,"parentPid":83437,"at":1791193563955,"toolPid":83617,"exitCode":0,"signal":null}
[verification-tool-phase] {"phase":"group-drained","pid":83616,"parentPid":83437,"at":1791193563977,"toolPid":83617}
[verification-tool-phase] {"phase":"monitor-closed","pid":83437,"parentPid":83436,"at":1791193563979,"monitorPid":83616,"exitCode":0,"signal":null}
[verification-tool-phase] {"phase":"monitor-spawned","pid":83437,"parentPid":83436,"at":1791193564092,"monitorPid":83619,"executable":"/private/var/folders/g_/3ydzn7kx5lg9ylq8fd9p_13r0000gn/T/verification-npm-fixture-pxyh4D/candidates/verification-archive-sXx1ZE/toolchain/node/bin/node"}
[verification-tool-phase] {"phase":"tool-spawned","pid":83619,"parentPid":83437,"at":1791193564119,"toolPid":83620,"executable":"/private/var/folders/g_/3ydzn7kx5lg9ylq8fd9p_13r0000gn/T/verification-npm-fixture-pxyh4D/candidates/verification-archive-sXx1ZE/toolchain/node/bin/node"}
[verification-tool-phase] {"phase":"tool-exited","pid":83619,"parentPid":83437,"at":1791193564192,"toolPid":83620,"exitCode":0,"signal":null}
[verification-tool-phase] {"phase":"group-drained","pid":83619,"parentPid":83437,"at":1791193564212,"toolPid":83620}
[verification-tool-phase] {"phase":"monitor-closed","pid":83437,"parentPid":83436,"at":1791193564213,"monitorPid":83619,"exitCode":0,"signal":null}
[verification-tool-phase] {"phase":"monitor-spawned","pid":83437,"parentPid":83436,"at":1791193564456,"monitorPid":83622,"executable":"/private/var/folders/g_/3ydzn7kx5lg9ylq8fd9p_13r0000gn/T/verification-npm-fixture-pxyh4D/candidates/verification-archive-sXx1ZE/toolchain/node/bin/node"}
[verification-tool-phase] {"phase":"tool-spawned","pid":83622,"parentPid":83437,"at":1791193564484,"toolPid":83623,"executable":"/private/var/folders/g_/3ydzn7kx5lg9ylq8fd9p_13r0000gn/T/verification-npm-fixture-pxyh4D/candidates/verification-archive-sXx1ZE/toolchain/node/bin/node"}
[verification-tool-phase] {"phase":"tool-exited","pid":83622,"parentPid":83437,"at":1791193564508,"toolPid":83623,"exitCode":0,"signal":null}
[verification-tool-phase] {"phase":"group-drained","pid":83622,"parentPid":83437,"at":1791193564527,"toolPid":83623}
[verification-tool-phase] {"phase":"monitor-closed","pid":83437,"parentPid":83436,"at":1791193564528,"monitorPid":83622,"exitCode":0,"signal":null}
[verification-tool-phase] {"phase":"monitor-spawned","pid":83437,"parentPid":83436,"at":1791193564642,"monitorPid":83625,"executable":"/private/var/folders/g_/3ydzn7kx5lg9ylq8fd9p_13r0000gn/T/verification-npm-fixture-pxyh4D/candidates/verification-archive-sXx1ZE/toolchain/node/bin/node"}
[verification-tool-phase] {"phase":"tool-spawned","pid":83625,"parentPid":83437,"at":1791193564671,"toolPid":83626,"executable":"/private/var/folders/g_/3ydzn7kx5lg9ylq8fd9p_13r0000gn/T/verification-npm-fixture-pxyh4D/candidates/verification-archive-sXx1ZE/toolchain/node/bin/node"}
[verification-tool-phase] {"phase":"tool-exited","pid":83625,"parentPid":83437,"at":1791193564748,"toolPid":83626,"exitCode":0,"signal":null}
[verification-tool-phase] {"phase":"group-drained","pid":83625,"parentPid":83437,"at":1791193564774,"toolPid":83626}
[verification-tool-phase] {"phase":"monitor-closed","pid":83437,"parentPid":83436,"at":1791193564776,"monitorPid":83625,"exitCode":0,"signal":null}
[verification-tool-phase] {"phase":"monitor-spawned","pid":83437,"parentPid":83436,"at":1791193564890,"monitorPid":83628,"executable":"/private/var/folders/g_/3ydzn7kx5lg9ylq8fd9p_13r0000gn/T/verification-npm-fixture-pxyh4D/candidates/verification-archive-sXx1ZE/toolchain/node/bin/node"}
[verification-tool-phase] {"phase":"tool-spawned","pid":83628,"parentPid":83437,"at":1791193564917,"toolPid":83629,"executable":"/private/var/folders/g_/3ydzn7kx5lg9ylq8fd9p_13r0000gn/T/verification-npm-fixture-pxyh4D/candidates/verification-archive-sXx1ZE/toolchain/node/bin/node"}
[verification-fixture-phase] {"phase":"npm:registry-request","pid":83437,"parentPid":83436,"elapsedMs":39769.706375,"root":"/var/folders/g_/3ydzn7kx5lg9ylq8fd9p_13r0000gn/T/verification-npm-fixture-pxyh4D","method":"GET","path":"/wxs-fixture-leaf/-/wxs-fixture-leaf-1.0.0.tgz"}
[verification-fixture-phase] {"phase":"npm:registry-request","pid":83437,"parentPid":83436,"elapsedMs":39884.784542,"root":"/var/folders/g_/3ydzn7kx5lg9ylq8fd9p_13r0000gn/T/verification-npm-fixture-pxyh4D","method":"GET","path":"/wxs-fixture-parent/-/wxs-fixture-parent-1.0.0.tgz"}
[verification-tool-phase] {"phase":"tool-exited","pid":83628,"parentPid":83437,"at":1791193565300,"toolPid":83629,"exitCode":0,"signal":null}
[verification-tool-phase] {"phase":"group-drained","pid":83628,"parentPid":83437,"at":1791193565319,"toolPid":83629}
[verification-tool-phase] {"phase":"monitor-closed","pid":83437,"parentPid":83436,"at":1791193565320,"monitorPid":83628,"exitCode":0,"signal":null}
[verification-fixture-phase] {"phase":"npm:archive-install-settled","pid":83437,"parentPid":83436,"elapsedMs":40235.762333,"archivePath":"/var/folders/g_/3ydzn7kx5lg9ylq8fd9p_13r0000gn/T/verification-npm-fixture-pxyh4D/tools.tar"}
[verification-fixture-phase] {"phase":"npm:fixture-dispose-enter","pid":83437,"parentPid":83436,"elapsedMs":40236.071917,"root":"/var/folders/g_/3ydzn7kx5lg9ylq8fd9p_13r0000gn/T/verification-npm-fixture-pxyh4D"}
[verification-fixture-phase] {"phase":"npm:fixture-disposed","pid":83437,"parentPid":83436,"elapsedMs":40240.132333,"root":"/var/folders/g_/3ydzn7kx5lg9ylq8fd9p_13r0000gn/T/verification-npm-fixture-pxyh4D"}
[verification-test-start] {"pid":83437,"parentPid":83436,"entryFile":"/Users/yuanxi/Workwork/vibe-fs/requirements/verification-system/tests/016.test.mjs","name":"WHAT[verification-system-016] npm tool archive held install cancellation preserves Error and reclaims tools installation and dependencies","fullName":"WHAT[verification-system-016] npm tool archive installation owns selected complete tools and locked dependencies through publication > WHAT[verification-system-016] npm tool archive held install cancellation preserves Error and reclaims tools installation and dependencies"}
[verification-test-start] {"pid":83437,"parentPid":83436,"entryFile":"/Users/yuanxi/Workwork/vibe-fs/requirements/verification-system/tests/016.test.mjs","name":"WHAT[verification-system-016] complete selected Node and npm archive capture preserves locked inputs before execution","fullName":"WHAT[verification-system-016] npm tool archive installation owns selected complete tools and locked dependencies through publication > WHAT[verification-system-016] npm tool archive held install cancellation preserves Error and reclaims tools installation and dependencies > WHAT[verification-system-016] complete selected Node and npm archive capture preserves locked inputs before execution"}
[verification-fixture-phase] {"phase":"npm:version-enter","pid":83437,"parentPid":83436,"elapsedMs":40240.98125,"npmCli":"/private/tmp/vibe-fs-ci-selected-npm1094/package/bin/npm-cli.js"}
[verification-fixture-phase] {"phase":"npm:version-completed","pid":83437,"parentPid":83436,"elapsedMs":40304.237375,"npmCli":"/private/tmp/vibe-fs-ci-selected-npm1094/package/bin/npm-cli.js","version":"10.9.4"}
[verification-fixture-phase] {"phase":"npm:registry-listening","pid":83437,"parentPid":83436,"elapsedMs":40305.712167,"root":"/var/folders/g_/3ydzn7kx5lg9ylq8fd9p_13r0000gn/T/verification-npm-fixture-kyKloo","registry":"http://127.0.0.1:57404"}
[verification-fixture-phase] {"phase":"npm:tool-capture-enter","pid":83437,"parentPid":83436,"elapsedMs":40367.6005,"root":"/var/folders/g_/3ydzn7kx5lg9ylq8fd9p_13r0000gn/T/verification-npm-fixture-kyKloo"}
[verification-fixture-phase] {"phase":"npm:tool-archive-written","pid":83437,"parentPid":83436,"elapsedMs":40851.731667,"archivePath":"/var/folders/g_/3ydzn7kx5lg9ylq8fd9p_13r0000gn/T/verification-npm-fixture-kyKloo/tools.tar","bytes":126581248}
[verification-fixture-phase] {"phase":"npm:archive-install-enter","pid":83437,"parentPid":83436,"elapsedMs":41379.835,"archivePath":"/var/folders/g_/3ydzn7kx5lg9ylq8fd9p_13r0000gn/T/verification-npm-fixture-kyKloo/tools.tar"}
[verification-tool-phase] {"phase":"monitor-spawned","pid":83437,"parentPid":83436,"at":1791193567370,"monitorPid":83632,"executable":"/private/var/folders/g_/3ydzn7kx5lg9ylq8fd9p_13r0000gn/T/verification-npm-fixture-kyKloo/candidates/verification-archive-2ZjcxZ/toolchain/node/bin/node"}
[verification-tool-phase] {"phase":"tool-spawned","pid":83632,"parentPid":83437,"at":1791193567413,"toolPid":83633,"executable":"/private/var/folders/g_/3ydzn7kx5lg9ylq8fd9p_13r0000gn/T/verification-npm-fixture-kyKloo/candidates/verification-archive-2ZjcxZ/toolchain/node/bin/node"}
[verification-tool-phase] {"phase":"tool-exited","pid":83632,"parentPid":83437,"at":1791193568510,"toolPid":83633,"exitCode":0,"signal":null}
[verification-tool-phase] {"phase":"group-drained","pid":83632,"parentPid":83437,"at":1791193568532,"toolPid":83633}
[verification-tool-phase] {"phase":"monitor-closed","pid":83437,"parentPid":83436,"at":1791193568534,"monitorPid":83632,"exitCode":0,"signal":null}
[verification-tool-phase] {"phase":"monitor-spawned","pid":83437,"parentPid":83436,"at":1791193568648,"monitorPid":83635,"executable":"/private/var/folders/g_/3ydzn7kx5lg9ylq8fd9p_13r0000gn/T/verification-npm-fixture-kyKloo/candidates/verification-archive-2ZjcxZ/toolchain/node/bin/node"}
[verification-tool-phase] {"phase":"tool-spawned","pid":83635,"parentPid":83437,"at":1791193568675,"toolPid":83636,"executable":"/private/var/folders/g_/3ydzn7kx5lg9ylq8fd9p_13r0000gn/T/verification-npm-fixture-kyKloo/candidates/verification-archive-2ZjcxZ/toolchain/node/bin/node"}
[verification-tool-phase] {"phase":"tool-exited","pid":83635,"parentPid":83437,"at":1791193568752,"toolPid":83636,"exitCode":0,"signal":null}
[verification-tool-phase] {"phase":"group-drained","pid":83635,"parentPid":83437,"at":1791193568772,"toolPid":83636}
[verification-tool-phase] {"phase":"monitor-closed","pid":83437,"parentPid":83436,"at":1791193568774,"monitorPid":83635,"exitCode":0,"signal":null}
[verification-tool-phase] {"phase":"monitor-spawned","pid":83437,"parentPid":83436,"at":1791193569017,"monitorPid":83638,"executable":"/private/var/folders/g_/3ydzn7kx5lg9ylq8fd9p_13r0000gn/T/verification-npm-fixture-kyKloo/candidates/verification-archive-2ZjcxZ/toolchain/node/bin/node"}
[verification-tool-phase] {"phase":"tool-spawned","pid":83638,"parentPid":83437,"at":1791193569045,"toolPid":83639,"executable":"/private/var/folders/g_/3ydzn7kx5lg9ylq8fd9p_13r0000gn/T/verification-npm-fixture-kyKloo/candidates/verification-archive-2ZjcxZ/toolchain/node/bin/node"}
[verification-tool-phase] {"phase":"tool-exited","pid":83638,"parentPid":83437,"at":1791193569066,"toolPid":83639,"exitCode":0,"signal":null}
[verification-tool-phase] {"phase":"group-drained","pid":83638,"parentPid":83437,"at":1791193569085,"toolPid":83639}
[verification-tool-phase] {"phase":"monitor-closed","pid":83437,"parentPid":83436,"at":1791193569087,"monitorPid":83638,"exitCode":0,"signal":null}
[verification-tool-phase] {"phase":"monitor-spawned","pid":83437,"parentPid":83436,"at":1791193569195,"monitorPid":83641,"executable":"/private/var/folders/g_/3ydzn7kx5lg9ylq8fd9p_13r0000gn/T/verification-npm-fixture-kyKloo/candidates/verification-archive-2ZjcxZ/toolchain/node/bin/node"}
[verification-tool-phase] {"phase":"tool-spawned","pid":83641,"parentPid":83437,"at":1791193569226,"toolPid":83642,"executable":"/private/var/folders/g_/3ydzn7kx5lg9ylq8fd9p_13r0000gn/T/verification-npm-fixture-kyKloo/candidates/verification-archive-2ZjcxZ/toolchain/node/bin/node"}
[verification-tool-phase] {"phase":"tool-exited","pid":83641,"parentPid":83437,"at":1791193569330,"toolPid":83642,"exitCode":0,"signal":null}
[verification-tool-phase] {"phase":"group-drained","pid":83641,"parentPid":83437,"at":1791193569350,"toolPid":83642}
[verification-tool-phase] {"phase":"monitor-closed","pid":83437,"parentPid":83436,"at":1791193569351,"monitorPid":83641,"exitCode":0,"signal":null}
[verification-tool-phase] {"phase":"monitor-spawned","pid":83437,"parentPid":83436,"at":1791193569466,"monitorPid":83644,"executable":"/private/var/folders/g_/3ydzn7kx5lg9ylq8fd9p_13r0000gn/T/verification-npm-fixture-kyKloo/candidates/verification-archive-2ZjcxZ/toolchain/node/bin/node"}
[verification-tool-phase] {"phase":"tool-spawned","pid":83644,"parentPid":83437,"at":1791193569497,"toolPid":83645,"executable":"/private/var/folders/g_/3ydzn7kx5lg9ylq8fd9p_13r0000gn/T/verification-npm-fixture-kyKloo/candidates/verification-archive-2ZjcxZ/toolchain/node/bin/node"}
[verification-fixture-phase] {"phase":"npm:registry-request","pid":83437,"parentPid":83436,"elapsedMs":44395.429417,"root":"/var/folders/g_/3ydzn7kx5lg9ylq8fd9p_13r0000gn/T/verification-npm-fixture-kyKloo","method":"GET","path":"/wxs-fixture-leaf/-/wxs-fixture-leaf-1.0.0.tgz"}
[verification-fixture-phase] {"phase":"npm:registry-request","pid":83437,"parentPid":83436,"elapsedMs":44509.978,"root":"/var/folders/g_/3ydzn7kx5lg9ylq8fd9p_13r0000gn/T/verification-npm-fixture-kyKloo","method":"GET","path":"/wxs-fixture-parent/-/wxs-fixture-parent-1.0.0.tgz"}
[verification-tool-phase] {"phase":"tool-exited","pid":83644,"parentPid":83437,"at":1791193569848,"toolPid":83645,"exitCode":null,"signal":"SIGKILL"}
[verification-tool-phase] {"phase":"group-drained","pid":83644,"parentPid":83437,"at":1791193569867,"toolPid":83645}
[verification-tool-phase] {"phase":"monitor-closed","pid":83437,"parentPid":83436,"at":1791193569868,"monitorPid":83644,"exitCode":0,"signal":null}
[verification-fixture-phase] {"phase":"npm:archive-install-settled","pid":83437,"parentPid":83436,"elapsedMs":44695.796042,"archivePath":"/var/folders/g_/3ydzn7kx5lg9ylq8fd9p_13r0000gn/T/verification-npm-fixture-kyKloo/tools.tar"}
[verification-fixture-phase] {"phase":"npm:fixture-dispose-enter","pid":83437,"parentPid":83436,"elapsedMs":44696.009083,"root":"/var/folders/g_/3ydzn7kx5lg9ylq8fd9p_13r0000gn/T/verification-npm-fixture-kyKloo"}
[verification-fixture-phase] {"phase":"npm:fixture-disposed","pid":83437,"parentPid":83436,"elapsedMs":44699.626417,"root":"/var/folders/g_/3ydzn7kx5lg9ylq8fd9p_13r0000gn/T/verification-npm-fixture-kyKloo"}
[verification-test-start] {"pid":83437,"parentPid":83436,"entryFile":"/Users/yuanxi/Workwork/vibe-fs/requirements/verification-system/tests/016.test.mjs","name":"WHAT[verification-system-016] npm tool archive held install cancellation preserves null and reclaims tools installation and dependencies","fullName":"WHAT[verification-system-016] npm tool archive installation owns selected complete tools and locked dependencies through publication > WHAT[verification-system-016] npm tool archive held install cancellation preserves null and reclaims tools installation and dependencies"}
[verification-test-start] {"pid":83437,"parentPid":83436,"entryFile":"/Users/yuanxi/Workwork/vibe-fs/requirements/verification-system/tests/016.test.mjs","name":"WHAT[verification-system-016] complete selected Node and npm archive capture preserves locked inputs before execution","fullName":"WHAT[verification-system-016] npm tool archive installation owns selected complete tools and locked dependencies through publication > WHAT[verification-system-016] npm tool archive held install cancellation preserves null and reclaims tools installation and dependencies > WHAT[verification-system-016] complete selected Node and npm archive capture preserves locked inputs before execution"}
[verification-fixture-phase] {"phase":"npm:version-enter","pid":83437,"parentPid":83436,"elapsedMs":44700.43875,"npmCli":"/private/tmp/vibe-fs-ci-selected-npm1094/package/bin/npm-cli.js"}
[verification-fixture-phase] {"phase":"npm:version-completed","pid":83437,"parentPid":83436,"elapsedMs":44759.8235,"npmCli":"/private/tmp/vibe-fs-ci-selected-npm1094/package/bin/npm-cli.js","version":"10.9.4"}
[verification-fixture-phase] {"phase":"npm:registry-listening","pid":83437,"parentPid":83436,"elapsedMs":44761.079458,"root":"/var/folders/g_/3ydzn7kx5lg9ylq8fd9p_13r0000gn/T/verification-npm-fixture-f9glWK","registry":"http://127.0.0.1:57410"}
[verification-fixture-phase] {"phase":"npm:tool-capture-enter","pid":83437,"parentPid":83436,"elapsedMs":44811.967583,"root":"/var/folders/g_/3ydzn7kx5lg9ylq8fd9p_13r0000gn/T/verification-npm-fixture-f9glWK"}
[verification-fixture-phase] {"phase":"npm:tool-archive-written","pid":83437,"parentPid":83436,"elapsedMs":45286.874625,"archivePath":"/var/folders/g_/3ydzn7kx5lg9ylq8fd9p_13r0000gn/T/verification-npm-fixture-f9glWK/tools.tar","bytes":126581248}
[verification-fixture-phase] {"phase":"npm:archive-install-enter","pid":83437,"parentPid":83436,"elapsedMs":45816.555,"archivePath":"/var/folders/g_/3ydzn7kx5lg9ylq8fd9p_13r0000gn/T/verification-npm-fixture-f9glWK/tools.tar"}
[verification-tool-phase] {"phase":"monitor-spawned","pid":83437,"parentPid":83436,"at":1791193571950,"monitorPid":83648,"executable":"/private/var/folders/g_/3ydzn7kx5lg9ylq8fd9p_13r0000gn/T/verification-npm-fixture-f9glWK/candidates/verification-archive-0zRDqt/toolchain/node/bin/node"}
[verification-tool-phase] {"phase":"tool-spawned","pid":83648,"parentPid":83437,"at":1791193571990,"toolPid":83649,"executable":"/private/var/folders/g_/3ydzn7kx5lg9ylq8fd9p_13r0000gn/T/verification-npm-fixture-f9glWK/candidates/verification-archive-0zRDqt/toolchain/node/bin/node"}
[verification-tool-phase] {"phase":"tool-exited","pid":83648,"parentPid":83437,"at":1791193573108,"toolPid":83649,"exitCode":0,"signal":null}
[verification-tool-phase] {"phase":"group-drained","pid":83648,"parentPid":83437,"at":1791193573131,"toolPid":83649}
[verification-tool-phase] {"phase":"monitor-closed","pid":83437,"parentPid":83436,"at":1791193573134,"monitorPid":83648,"exitCode":0,"signal":null}
[verification-tool-phase] {"phase":"monitor-spawned","pid":83437,"parentPid":83436,"at":1791193573255,"monitorPid":83662,"executable":"/private/var/folders/g_/3ydzn7kx5lg9ylq8fd9p_13r0000gn/T/verification-npm-fixture-f9glWK/candidates/verification-archive-0zRDqt/toolchain/node/bin/node"}
[verification-tool-phase] {"phase":"tool-spawned","pid":83662,"parentPid":83437,"at":1791193573283,"toolPid":83663,"executable":"/private/var/folders/g_/3ydzn7kx5lg9ylq8fd9p_13r0000gn/T/verification-npm-fixture-f9glWK/candidates/verification-archive-0zRDqt/toolchain/node/bin/node"}
[verification-tool-phase] {"phase":"tool-exited","pid":83662,"parentPid":83437,"at":1791193573371,"toolPid":83663,"exitCode":0,"signal":null}
[verification-tool-phase] {"phase":"group-drained","pid":83662,"parentPid":83437,"at":1791193573390,"toolPid":83663}
[verification-tool-phase] {"phase":"monitor-closed","pid":83437,"parentPid":83436,"at":1791193573392,"monitorPid":83662,"exitCode":0,"signal":null}
[verification-tool-phase] {"phase":"monitor-spawned","pid":83437,"parentPid":83436,"at":1791193573636,"monitorPid":83665,"executable":"/private/var/folders/g_/3ydzn7kx5lg9ylq8fd9p_13r0000gn/T/verification-npm-fixture-f9glWK/candidates/verification-archive-0zRDqt/toolchain/node/bin/node"}
[verification-tool-phase] {"phase":"tool-spawned","pid":83665,"parentPid":83437,"at":1791193573663,"toolPid":83666,"executable":"/private/var/folders/g_/3ydzn7kx5lg9ylq8fd9p_13r0000gn/T/verification-npm-fixture-f9glWK/candidates/verification-archive-0zRDqt/toolchain/node/bin/node"}
[verification-tool-phase] {"phase":"tool-exited","pid":83665,"parentPid":83437,"at":1791193573685,"toolPid":83666,"exitCode":0,"signal":null}
[verification-tool-phase] {"phase":"group-drained","pid":83665,"parentPid":83437,"at":1791193573707,"toolPid":83666}
[verification-tool-phase] {"phase":"monitor-closed","pid":83437,"parentPid":83436,"at":1791193573709,"monitorPid":83665,"exitCode":0,"signal":null}
[verification-tool-phase] {"phase":"monitor-spawned","pid":83437,"parentPid":83436,"at":1791193573822,"monitorPid":83668,"executable":"/private/var/folders/g_/3ydzn7kx5lg9ylq8fd9p_13r0000gn/T/verification-npm-fixture-f9glWK/candidates/verification-archive-0zRDqt/toolchain/node/bin/node"}
[verification-tool-phase] {"phase":"tool-spawned","pid":83668,"parentPid":83437,"at":1791193573849,"toolPid":83669,"executable":"/private/var/folders/g_/3ydzn7kx5lg9ylq8fd9p_13r0000gn/T/verification-npm-fixture-f9glWK/candidates/verification-archive-0zRDqt/toolchain/node/bin/node"}
[verification-tool-phase] {"phase":"tool-exited","pid":83668,"parentPid":83437,"at":1791193573920,"toolPid":83669,"exitCode":0,"signal":null}
[verification-tool-phase] {"phase":"group-drained","pid":83668,"parentPid":83437,"at":1791193573939,"toolPid":83669}
[verification-tool-phase] {"phase":"monitor-closed","pid":83437,"parentPid":83436,"at":1791193573940,"monitorPid":83668,"exitCode":0,"signal":null}
[verification-tool-phase] {"phase":"monitor-spawned","pid":83437,"parentPid":83436,"at":1791193574049,"monitorPid":83671,"executable":"/private/var/folders/g_/3ydzn7kx5lg9ylq8fd9p_13r0000gn/T/verification-npm-fixture-f9glWK/candidates/verification-archive-0zRDqt/toolchain/node/bin/node"}
[verification-tool-phase] {"phase":"tool-spawned","pid":83671,"parentPid":83437,"at":1791193574077,"toolPid":83672,"executable":"/private/var/folders/g_/3ydzn7kx5lg9ylq8fd9p_13r0000gn/T/verification-npm-fixture-f9glWK/candidates/verification-archive-0zRDqt/toolchain/node/bin/node"}
[verification-fixture-phase] {"phase":"npm:registry-request","pid":83437,"parentPid":83436,"elapsedMs":48938.438167,"root":"/var/folders/g_/3ydzn7kx5lg9ylq8fd9p_13r0000gn/T/verification-npm-fixture-f9glWK","method":"GET","path":"/wxs-fixture-leaf/-/wxs-fixture-leaf-1.0.0.tgz"}
[verification-fixture-phase] {"phase":"npm:registry-request","pid":83437,"parentPid":83436,"elapsedMs":49048.184208,"root":"/var/folders/g_/3ydzn7kx5lg9ylq8fd9p_13r0000gn/T/verification-npm-fixture-f9glWK","method":"GET","path":"/wxs-fixture-parent/-/wxs-fixture-parent-1.0.0.tgz"}
[verification-tool-phase] {"phase":"tool-exited","pid":83671,"parentPid":83437,"at":1791193574385,"toolPid":83672,"exitCode":null,"signal":"SIGKILL"}
[verification-tool-phase] {"phase":"group-drained","pid":83671,"parentPid":83437,"at":1791193574404,"toolPid":83672}
[verification-tool-phase] {"phase":"monitor-closed","pid":83437,"parentPid":83436,"at":1791193574406,"monitorPid":83671,"exitCode":0,"signal":null}
[verification-fixture-phase] {"phase":"npm:archive-install-settled","pid":83437,"parentPid":83436,"elapsedMs":49236.265917,"archivePath":"/var/folders/g_/3ydzn7kx5lg9ylq8fd9p_13r0000gn/T/verification-npm-fixture-f9glWK/tools.tar"}
[verification-fixture-phase] {"phase":"npm:fixture-dispose-enter","pid":83437,"parentPid":83436,"elapsedMs":49236.4795,"root":"/var/folders/g_/3ydzn7kx5lg9ylq8fd9p_13r0000gn/T/verification-npm-fixture-f9glWK"}
[verification-fixture-phase] {"phase":"npm:fixture-disposed","pid":83437,"parentPid":83436,"elapsedMs":49238.997625,"root":"/var/folders/g_/3ydzn7kx5lg9ylq8fd9p_13r0000gn/T/verification-npm-fixture-f9glWK"}
[verification-test-start] {"pid":83437,"parentPid":83436,"entryFile":"/Users/yuanxi/Workwork/vibe-fs/requirements/verification-system/tests/016.test.mjs","name":"WHAT[verification-system-016] npm tool archive rejects a mismatched actual Node version before registry execution","fullName":"WHAT[verification-system-016] npm tool archive installation owns selected complete tools and locked dependencies through publication > WHAT[verification-system-016] npm tool archive rejects a mismatched actual Node version before registry execution"}
[verification-test-start] {"pid":83437,"parentPid":83436,"entryFile":"/Users/yuanxi/Workwork/vibe-fs/requirements/verification-system/tests/016.test.mjs","name":"WHAT[verification-system-016] complete selected Node and npm archive capture preserves locked inputs before execution","fullName":"WHAT[verification-system-016] npm tool archive installation owns selected complete tools and locked dependencies through publication > WHAT[verification-system-016] npm tool archive rejects a mismatched actual Node version before registry execution > WHAT[verification-system-016] complete selected Node and npm archive capture preserves locked inputs before execution"}
[verification-fixture-phase] {"phase":"npm:version-enter","pid":83437,"parentPid":83436,"elapsedMs":49239.7555,"npmCli":"/private/tmp/vibe-fs-ci-selected-npm1094/package/bin/npm-cli.js"}
[verification-fixture-phase] {"phase":"npm:version-completed","pid":83437,"parentPid":83436,"elapsedMs":49297.470667,"npmCli":"/private/tmp/vibe-fs-ci-selected-npm1094/package/bin/npm-cli.js","version":"10.9.4"}
[verification-fixture-phase] {"phase":"npm:registry-listening","pid":83437,"parentPid":83436,"elapsedMs":49298.742333,"root":"/var/folders/g_/3ydzn7kx5lg9ylq8fd9p_13r0000gn/T/verification-npm-fixture-vZn8ME","registry":"http://127.0.0.1:57414"}
[verification-fixture-phase] {"phase":"npm:tool-capture-enter","pid":83437,"parentPid":83436,"elapsedMs":49349.779375,"root":"/var/folders/g_/3ydzn7kx5lg9ylq8fd9p_13r0000gn/T/verification-npm-fixture-vZn8ME"}
[verification-fixture-phase] {"phase":"npm:tool-archive-written","pid":83437,"parentPid":83436,"elapsedMs":49835.688167,"archivePath":"/var/folders/g_/3ydzn7kx5lg9ylq8fd9p_13r0000gn/T/verification-npm-fixture-vZn8ME/tools.tar","bytes":126581248}
[verification-fixture-phase] {"phase":"npm:archive-install-enter","pid":83437,"parentPid":83436,"elapsedMs":50380.414208,"archivePath":"/var/folders/g_/3ydzn7kx5lg9ylq8fd9p_13r0000gn/T/verification-npm-fixture-vZn8ME/tools.tar"}
[verification-tool-phase] {"phase":"monitor-spawned","pid":83437,"parentPid":83436,"at":1791193576416,"monitorPid":83675,"executable":"/private/var/folders/g_/3ydzn7kx5lg9ylq8fd9p_13r0000gn/T/verification-npm-fixture-vZn8ME/candidates/verification-archive-JMYMWT/toolchain/node/bin/node"}
[verification-tool-phase] {"phase":"tool-spawned","pid":83675,"parentPid":83437,"at":1791193576453,"toolPid":83676,"executable":"/private/var/folders/g_/3ydzn7kx5lg9ylq8fd9p_13r0000gn/T/verification-npm-fixture-vZn8ME/candidates/verification-archive-JMYMWT/toolchain/node/bin/node"}
[verification-tool-phase] {"phase":"tool-exited","pid":83675,"parentPid":83437,"at":1791193577610,"toolPid":83676,"exitCode":0,"signal":null}
[verification-tool-phase] {"phase":"group-drained","pid":83675,"parentPid":83437,"at":1791193577632,"toolPid":83676}
[verification-tool-phase] {"phase":"monitor-closed","pid":83437,"parentPid":83436,"at":1791193577634,"monitorPid":83675,"exitCode":0,"signal":null}
[verification-tool-phase] {"phase":"monitor-spawned","pid":83437,"parentPid":83436,"at":1791193577749,"monitorPid":83678,"executable":"/private/var/folders/g_/3ydzn7kx5lg9ylq8fd9p_13r0000gn/T/verification-npm-fixture-vZn8ME/candidates/verification-archive-JMYMWT/toolchain/node/bin/node"}
[verification-tool-phase] {"phase":"tool-spawned","pid":83678,"parentPid":83437,"at":1791193577776,"toolPid":83679,"executable":"/private/var/folders/g_/3ydzn7kx5lg9ylq8fd9p_13r0000gn/T/verification-npm-fixture-vZn8ME/candidates/verification-archive-JMYMWT/toolchain/node/bin/node"}
[verification-tool-phase] {"phase":"tool-exited","pid":83678,"parentPid":83437,"at":1791193577861,"toolPid":83679,"exitCode":0,"signal":null}
[verification-tool-phase] {"phase":"group-drained","pid":83678,"parentPid":83437,"at":1791193577880,"toolPid":83679}
[verification-tool-phase] {"phase":"monitor-closed","pid":83437,"parentPid":83436,"at":1791193577882,"monitorPid":83678,"exitCode":0,"signal":null}
[verification-fixture-phase] {"phase":"npm:archive-install-settled","pid":83437,"parentPid":83436,"elapsedMs":52816.175458,"archivePath":"/var/folders/g_/3ydzn7kx5lg9ylq8fd9p_13r0000gn/T/verification-npm-fixture-vZn8ME/tools.tar"}
[verification-fixture-phase] {"phase":"npm:fixture-dispose-enter","pid":83437,"parentPid":83436,"elapsedMs":52816.334375,"root":"/var/folders/g_/3ydzn7kx5lg9ylq8fd9p_13r0000gn/T/verification-npm-fixture-vZn8ME"}
[verification-fixture-phase] {"phase":"npm:fixture-disposed","pid":83437,"parentPid":83436,"elapsedMs":52819.83975,"root":"/var/folders/g_/3ydzn7kx5lg9ylq8fd9p_13r0000gn/T/verification-npm-fixture-vZn8ME"}
[verification-test-start] {"pid":83437,"parentPid":83436,"entryFile":"/Users/yuanxi/Workwork/vibe-fs/requirements/verification-system/tests/016.test.mjs","name":"WHAT[verification-system-016] npm tool archive rejects a mismatched actual npm version before registry execution","fullName":"WHAT[verification-system-016] npm tool archive installation owns selected complete tools and locked dependencies through publication > WHAT[verification-system-016] npm tool archive rejects a mismatched actual npm version before registry execution"}
[verification-test-start] {"pid":83437,"parentPid":83436,"entryFile":"/Users/yuanxi/Workwork/vibe-fs/requirements/verification-system/tests/016.test.mjs","name":"WHAT[verification-system-016] complete selected Node and npm archive capture preserves locked inputs before execution","fullName":"WHAT[verification-system-016] npm tool archive installation owns selected complete tools and locked dependencies through publication > WHAT[verification-system-016] npm tool archive rejects a mismatched actual npm version before registry execution > WHAT[verification-system-016] complete selected Node and npm archive capture preserves locked inputs before execution"}
[verification-fixture-phase] {"phase":"npm:version-enter","pid":83437,"parentPid":83436,"elapsedMs":52820.768583,"npmCli":"/private/tmp/vibe-fs-ci-selected-npm1094/package/bin/npm-cli.js"}
[verification-fixture-phase] {"phase":"npm:version-completed","pid":83437,"parentPid":83436,"elapsedMs":52879.938167,"npmCli":"/private/tmp/vibe-fs-ci-selected-npm1094/package/bin/npm-cli.js","version":"10.9.4"}
[verification-fixture-phase] {"phase":"npm:registry-listening","pid":83437,"parentPid":83436,"elapsedMs":52881.337833,"root":"/var/folders/g_/3ydzn7kx5lg9ylq8fd9p_13r0000gn/T/verification-npm-fixture-KPKdiv","registry":"http://127.0.0.1:57416"}
[verification-fixture-phase] {"phase":"npm:tool-capture-enter","pid":83437,"parentPid":83436,"elapsedMs":52933.352208,"root":"/var/folders/g_/3ydzn7kx5lg9ylq8fd9p_13r0000gn/T/verification-npm-fixture-KPKdiv"}
[verification-fixture-phase] {"phase":"npm:tool-archive-written","pid":83437,"parentPid":83436,"elapsedMs":53442.271958,"archivePath":"/var/folders/g_/3ydzn7kx5lg9ylq8fd9p_13r0000gn/T/verification-npm-fixture-KPKdiv/tools.tar","bytes":126581248}
[verification-fixture-phase] {"phase":"npm:archive-install-enter","pid":83437,"parentPid":83436,"elapsedMs":53929.324167,"archivePath":"/var/folders/g_/3ydzn7kx5lg9ylq8fd9p_13r0000gn/T/verification-npm-fixture-KPKdiv/tools.tar"}
[verification-tool-phase] {"phase":"monitor-spawned","pid":83437,"parentPid":83436,"at":1791193579928,"monitorPid":83685,"executable":"/private/var/folders/g_/3ydzn7kx5lg9ylq8fd9p_13r0000gn/T/verification-npm-fixture-KPKdiv/candidates/verification-archive-2YsFNj/toolchain/node/bin/node"}
[verification-tool-phase] {"phase":"tool-spawned","pid":83685,"parentPid":83437,"at":1791193579974,"toolPid":83686,"executable":"/private/var/folders/g_/3ydzn7kx5lg9ylq8fd9p_13r0000gn/T/verification-npm-fixture-KPKdiv/candidates/verification-archive-2YsFNj/toolchain/node/bin/node"}
[verification-tool-phase] {"phase":"tool-exited","pid":83685,"parentPid":83437,"at":1791193581111,"toolPid":83686,"exitCode":0,"signal":null}
[verification-tool-phase] {"phase":"group-drained","pid":83685,"parentPid":83437,"at":1791193581138,"toolPid":83686}
[verification-tool-phase] {"phase":"monitor-closed","pid":83437,"parentPid":83436,"at":1791193581141,"monitorPid":83685,"exitCode":0,"signal":null}
[verification-tool-phase] {"phase":"monitor-spawned","pid":83437,"parentPid":83436,"at":1791193581275,"monitorPid":83688,"executable":"/private/var/folders/g_/3ydzn7kx5lg9ylq8fd9p_13r0000gn/T/verification-npm-fixture-KPKdiv/candidates/verification-archive-2YsFNj/toolchain/node/bin/node"}
[verification-tool-phase] {"phase":"tool-spawned","pid":83688,"parentPid":83437,"at":1791193581302,"toolPid":83689,"executable":"/private/var/folders/g_/3ydzn7kx5lg9ylq8fd9p_13r0000gn/T/verification-npm-fixture-KPKdiv/candidates/verification-archive-2YsFNj/toolchain/node/bin/node"}
[verification-tool-phase] {"phase":"tool-exited","pid":83688,"parentPid":83437,"at":1791193581385,"toolPid":83689,"exitCode":0,"signal":null}
[verification-tool-phase] {"phase":"group-drained","pid":83688,"parentPid":83437,"at":1791193581404,"toolPid":83689}
[verification-tool-phase] {"phase":"monitor-closed","pid":83437,"parentPid":83436,"at":1791193581406,"monitorPid":83688,"exitCode":0,"signal":null}
[verification-fixture-phase] {"phase":"npm:archive-install-settled","pid":83437,"parentPid":83436,"elapsedMs":56353.42775,"archivePath":"/var/folders/g_/3ydzn7kx5lg9ylq8fd9p_13r0000gn/T/verification-npm-fixture-KPKdiv/tools.tar"}
[verification-fixture-phase] {"phase":"npm:fixture-dispose-enter","pid":83437,"parentPid":83436,"elapsedMs":56353.578417,"root":"/var/folders/g_/3ydzn7kx5lg9ylq8fd9p_13r0000gn/T/verification-npm-fixture-KPKdiv"}
[verification-fixture-phase] {"phase":"npm:fixture-disposed","pid":83437,"parentPid":83436,"elapsedMs":56356.557417,"root":"/var/folders/g_/3ydzn7kx5lg9ylq8fd9p_13r0000gn/T/verification-npm-fixture-KPKdiv"}
[verification-test-start] {"pid":83437,"parentPid":83436,"entryFile":"/Users/yuanxi/Workwork/vibe-fs/requirements/verification-system/tests/016.test.mjs","name":"WHAT[verification-system-016] npm tool archive already aborted preserves Error before reading missing source or archive","fullName":"WHAT[verification-system-016] npm tool archive installation owns selected complete tools and locked dependencies through publication > WHAT[verification-system-016] npm tool archive already aborted preserves Error before reading missing source or archive"}
[verification-fixture-phase] {"phase":"npm:version-enter","pid":83437,"parentPid":83436,"elapsedMs":56357.166708,"npmCli":"/private/tmp/vibe-fs-ci-selected-npm1094/package/bin/npm-cli.js"}
[verification-fixture-phase] {"phase":"npm:version-completed","pid":83437,"parentPid":83436,"elapsedMs":56416.219958,"npmCli":"/private/tmp/vibe-fs-ci-selected-npm1094/package/bin/npm-cli.js","version":"10.9.4"}
[verification-fixture-phase] {"phase":"npm:registry-listening","pid":83437,"parentPid":83436,"elapsedMs":56417.517417,"root":"/var/folders/g_/3ydzn7kx5lg9ylq8fd9p_13r0000gn/T/verification-npm-fixture-A6cZoj","registry":"http://127.0.0.1:57419"}
[verification-fixture-phase] {"phase":"npm:archive-install-enter","pid":83437,"parentPid":83436,"elapsedMs":56468.547,"archivePath":"/var/folders/g_/3ydzn7kx5lg9ylq8fd9p_13r0000gn/T/verification-npm-fixture-A6cZoj/missing-tools.tar"}
[verification-fixture-phase] {"phase":"npm:archive-install-settled","pid":83437,"parentPid":83436,"elapsedMs":56468.799125,"archivePath":"/var/folders/g_/3ydzn7kx5lg9ylq8fd9p_13r0000gn/T/verification-npm-fixture-A6cZoj/missing-tools.tar"}
[verification-fixture-phase] {"phase":"npm:fixture-dispose-enter","pid":83437,"parentPid":83436,"elapsedMs":56468.89975,"root":"/var/folders/g_/3ydzn7kx5lg9ylq8fd9p_13r0000gn/T/verification-npm-fixture-A6cZoj"}
[verification-fixture-phase] {"phase":"npm:fixture-disposed","pid":83437,"parentPid":83436,"elapsedMs":56470.696542,"root":"/var/folders/g_/3ydzn7kx5lg9ylq8fd9p_13r0000gn/T/verification-npm-fixture-A6cZoj"}
[verification-test-start] {"pid":83437,"parentPid":83436,"entryFile":"/Users/yuanxi/Workwork/vibe-fs/requirements/verification-system/tests/016.test.mjs","name":"WHAT[verification-system-016] npm tool archive already aborted preserves null before reading missing source or archive","fullName":"WHAT[verification-system-016] npm tool archive installation owns selected complete tools and locked dependencies through publication > WHAT[verification-system-016] npm tool archive already aborted preserves null before reading missing source or archive"}
[verification-fixture-phase] {"phase":"npm:version-enter","pid":83437,"parentPid":83436,"elapsedMs":56471.221375,"npmCli":"/private/tmp/vibe-fs-ci-selected-npm1094/package/bin/npm-cli.js"}
[verification-fixture-phase] {"phase":"npm:version-completed","pid":83437,"parentPid":83436,"elapsedMs":56531.35775,"npmCli":"/private/tmp/vibe-fs-ci-selected-npm1094/package/bin/npm-cli.js","version":"10.9.4"}
[verification-fixture-phase] {"phase":"npm:registry-listening","pid":83437,"parentPid":83436,"elapsedMs":56532.01225,"root":"/var/folders/g_/3ydzn7kx5lg9ylq8fd9p_13r0000gn/T/verification-npm-fixture-pdUcLu","registry":"http://127.0.0.1:57420"}
[verification-fixture-phase] {"phase":"npm:archive-install-enter","pid":83437,"parentPid":83436,"elapsedMs":56583.588292,"archivePath":"/var/folders/g_/3ydzn7kx5lg9ylq8fd9p_13r0000gn/T/verification-npm-fixture-pdUcLu/missing-tools.tar"}
[verification-fixture-phase] {"phase":"npm:archive-install-settled","pid":83437,"parentPid":83436,"elapsedMs":56583.690917,"archivePath":"/var/folders/g_/3ydzn7kx5lg9ylq8fd9p_13r0000gn/T/verification-npm-fixture-pdUcLu/missing-tools.tar"}
[verification-fixture-phase] {"phase":"npm:fixture-dispose-enter","pid":83437,"parentPid":83436,"elapsedMs":56583.786917,"root":"/var/folders/g_/3ydzn7kx5lg9ylq8fd9p_13r0000gn/T/verification-npm-fixture-pdUcLu"}
[verification-fixture-phase] {"phase":"npm:fixture-disposed","pid":83437,"parentPid":83436,"elapsedMs":56584.495417,"root":"/var/folders/g_/3ydzn7kx5lg9ylq8fd9p_13r0000gn/T/verification-npm-fixture-pdUcLu"}
[verification-test-start] {"pid":83437,"parentPid":83436,"entryFile":"/Users/yuanxi/Workwork/vibe-fs/requirements/verification-system/tests/016.test.mjs","name":"WHAT[verification-system-016] successful SDK probe replacing its archive root cannot start another selected executable","fullName":"WHAT[verification-system-016] successful SDK probe replacing its archive root cannot start another selected executable"}
[verification-tool-phase] {"phase":"monitor-spawned","pid":83437,"parentPid":83436,"at":1791193581925,"monitorPid":83693,"executable":"/private/var/folders/g_/3ydzn7kx5lg9ylq8fd9p_13r0000gn/T/verification-dotnet-sdk-test-V8QhyO/candidates/verification-archive-Ll3gDM/dotnet-sdk/dotnet"}
[verification-tool-phase] {"phase":"tool-spawned","pid":83693,"parentPid":83437,"at":1791193581950,"toolPid":83694,"executable":"/private/var/folders/g_/3ydzn7kx5lg9ylq8fd9p_13r0000gn/T/verification-dotnet-sdk-test-V8QhyO/candidates/verification-archive-Ll3gDM/dotnet-sdk/dotnet"}
[verification-tool-phase] {"phase":"tool-exited","pid":83693,"parentPid":83437,"at":1791193582600,"toolPid":83694,"exitCode":0,"signal":null}
[verification-tool-phase] {"phase":"group-drained","pid":83693,"parentPid":83437,"at":1791193582625,"toolPid":83694}
[verification-tool-phase] {"phase":"monitor-closed","pid":83437,"parentPid":83436,"at":1791193582627,"monitorPid":83693,"exitCode":0,"signal":null}
[verification-test-start] {"pid":83437,"parentPid":83436,"entryFile":"/Users/yuanxi/Workwork/vibe-fs/requirements/verification-system/tests/016.test.mjs","name":"WHAT[verification-system-016] successful SDK probe replacing its probe root cannot start another selected executable","fullName":"WHAT[verification-system-016] successful SDK probe replacing its probe root cannot start another selected executable"}
[verification-tool-phase] {"phase":"monitor-spawned","pid":83437,"parentPid":83436,"at":1791193582632,"monitorPid":83696,"executable":"/private/var/folders/g_/3ydzn7kx5lg9ylq8fd9p_13r0000gn/T/verification-dotnet-sdk-test-BCkLxV/candidates/verification-archive-woPB1u/dotnet-sdk/dotnet"}
[verification-tool-phase] {"phase":"tool-spawned","pid":83696,"parentPid":83437,"at":1791193582659,"toolPid":83697,"executable":"/private/var/folders/g_/3ydzn7kx5lg9ylq8fd9p_13r0000gn/T/verification-dotnet-sdk-test-BCkLxV/candidates/verification-archive-woPB1u/dotnet-sdk/dotnet"}
[verification-tool-phase] {"phase":"tool-exited","pid":83696,"parentPid":83437,"at":1791193583377,"toolPid":83697,"exitCode":0,"signal":null}
[verification-tool-phase] {"phase":"group-drained","pid":83696,"parentPid":83437,"at":1791193583402,"toolPid":83697}
[verification-tool-phase] {"phase":"monitor-closed","pid":83437,"parentPid":83436,"at":1791193583404,"monitorPid":83696,"exitCode":0,"signal":null}
[verification-test-start] {"pid":83437,"parentPid":83436,"entryFile":"/Users/yuanxi/Workwork/vibe-fs/requirements/verification-system/tests/016.test.mjs","name":"WHAT[verification-system-016] failed SDK probe preserves a copied replacement of its private probe root","fullName":"WHAT[verification-system-016] failed SDK probe preserves a copied replacement of its private probe root"}
[verification-tool-phase] {"phase":"monitor-spawned","pid":83437,"parentPid":83436,"at":1791193583409,"monitorPid":83699,"executable":"/private/var/folders/g_/3ydzn7kx5lg9ylq8fd9p_13r0000gn/T/verification-dotnet-sdk-test-kSpq13/candidates/verification-archive-aS5eis/dotnet-sdk/dotnet"}
[verification-tool-phase] {"phase":"tool-spawned","pid":83699,"parentPid":83437,"at":1791193583437,"toolPid":83700,"executable":"/private/var/folders/g_/3ydzn7kx5lg9ylq8fd9p_13r0000gn/T/verification-dotnet-sdk-test-kSpq13/candidates/verification-archive-aS5eis/dotnet-sdk/dotnet"}
[verification-tool-phase] {"phase":"tool-exited","pid":83699,"parentPid":83437,"at":1791193583995,"toolPid":83700,"exitCode":73,"signal":null}
[verification-tool-phase] {"phase":"group-drained","pid":83699,"parentPid":83437,"at":1791193584020,"toolPid":83700}
[verification-tool-phase] {"phase":"monitor-closed","pid":83437,"parentPid":83436,"at":1791193584022,"monitorPid":83699,"exitCode":0,"signal":null}
[verification-test-start] {"pid":83437,"parentPid":83436,"entryFile":"/Users/yuanxi/Workwork/vibe-fs/requirements/verification-system/tests/016.test.mjs","name":"WHAT[verification-system-016] selected SDK archive failures reclaim private roots and preserve exact global.json bytes","fullName":"WHAT[verification-system-016] selected SDK archive failures reclaim private roots and preserve exact global.json bytes"}
[verification-test-start] {"pid":83437,"parentPid":83436,"entryFile":"/Users/yuanxi/Workwork/vibe-fs/requirements/verification-system/tests/016.test.mjs","name":"WHAT[verification-system-016] a missing selected SDK executable is not borrowed from ambient dotnet","fullName":"WHAT[verification-system-016] selected SDK archive failures reclaim private roots and preserve exact global.json bytes > WHAT[verification-system-016] a missing selected SDK executable is not borrowed from ambient dotnet"}
[verification-test-start] {"pid":83437,"parentPid":83436,"entryFile":"/Users/yuanxi/Workwork/vibe-fs/requirements/verification-system/tests/016.test.mjs","name":"WHAT[verification-system-016] a changed SDK archive digest publishes no candidate","fullName":"WHAT[verification-system-016] selected SDK archive failures reclaim private roots and preserve exact global.json bytes > WHAT[verification-system-016] a changed SDK archive digest publishes no candidate"}
[verification-test-start] {"pid":83437,"parentPid":83436,"entryFile":"/Users/yuanxi/Workwork/vibe-fs/requirements/verification-system/tests/016.test.mjs","name":"WHAT[verification-system-016] early SDK cancellation preserves Error before reading missing inputs","fullName":"WHAT[verification-system-016] selected SDK archive failures reclaim private roots and preserve exact global.json bytes > WHAT[verification-system-016] early SDK cancellation preserves Error before reading missing inputs"}
[verification-test-start] {"pid":83437,"parentPid":83436,"entryFile":"/Users/yuanxi/Workwork/vibe-fs/requirements/verification-system/tests/016.test.mjs","name":"WHAT[verification-system-016] early SDK cancellation preserves null before reading missing inputs","fullName":"WHAT[verification-system-016] selected SDK archive failures reclaim private roots and preserve exact global.json bytes > WHAT[verification-system-016] early SDK cancellation preserves null before reading missing inputs"}
[verification-test-start] {"pid":83437,"parentPid":83436,"entryFile":"/Users/yuanxi/Workwork/vibe-fs/requirements/verification-system/tests/016.test.mjs","name":"WHAT[verification-system-016] a failing actual executable probe does not publish its archive identity","fullName":"WHAT[verification-system-016] selected SDK archive failures reclaim private roots and preserve exact global.json bytes > WHAT[verification-system-016] a failing actual executable probe does not publish its archive identity"}
[verification-tool-phase] {"phase":"monitor-spawned","pid":83437,"parentPid":83436,"at":1791193584029,"monitorPid":83702,"executable":"/private/var/folders/g_/3ydzn7kx5lg9ylq8fd9p_13r0000gn/T/verification-dotnet-sdk-test-4NtpSY/candidates/verification-archive-egGf6v/dotnet-sdk/dotnet"}
[verification-tool-phase] {"phase":"tool-spawned","pid":83702,"parentPid":83437,"at":1791193584058,"toolPid":83703,"executable":"/private/var/folders/g_/3ydzn7kx5lg9ylq8fd9p_13r0000gn/T/verification-dotnet-sdk-test-4NtpSY/candidates/verification-archive-egGf6v/dotnet-sdk/dotnet"}
[verification-tool-phase] {"phase":"tool-exited","pid":83702,"parentPid":83437,"at":1791193585174,"toolPid":83703,"exitCode":73,"signal":null}
[verification-tool-phase] {"phase":"group-drained","pid":83702,"parentPid":83437,"at":1791193585198,"toolPid":83703}
[verification-tool-phase] {"phase":"monitor-closed","pid":83437,"parentPid":83436,"at":1791193585200,"monitorPid":83702,"exitCode":0,"signal":null}
[verification-test-start] {"pid":83437,"parentPid":83436,"entryFile":"/Users/yuanxi/Workwork/vibe-fs/requirements/verification-system/tests/016.test.mjs","name":"WHAT[verification-system-016] dotnet roles cannot use traversal or a symbolic executable alias","fullName":"WHAT[verification-system-016] selected SDK archive failures reclaim private roots and preserve exact global.json bytes > WHAT[verification-system-016] dotnet roles cannot use traversal or a symbolic executable alias"}
[verification-test-start] {"pid":83437,"parentPid":83436,"entryFile":"/Users/yuanxi/Workwork/vibe-fs/requirements/verification-system/tests/016.test.mjs","name":"WHAT[verification-system-016] a non-executable selected dotnet role cannot launch a probe","fullName":"WHAT[verification-system-016] selected SDK archive failures reclaim private roots and preserve exact global.json bytes > WHAT[verification-system-016] a non-executable selected dotnet role cannot launch a probe"}
[verification-test-start] {"pid":83437,"parentPid":83436,"entryFile":"/Users/yuanxi/Workwork/vibe-fs/requirements/verification-system/tests/016.test.mjs","name":"WHAT[verification-system-016] an escaping SDK archive link cannot capture a foreign runtime","fullName":"WHAT[verification-system-016] selected SDK archive failures reclaim private roots and preserve exact global.json bytes > WHAT[verification-system-016] an escaping SDK archive link cannot capture a foreign runtime"}
[verification-test-start] {"pid":83437,"parentPid":83436,"entryFile":"/Users/yuanxi/Workwork/vibe-fs/requirements/verification-system/tests/016.test.mjs","name":"WHAT[verification-system-016] SDK version and provenance come from the selected executable rather than its role name","fullName":"WHAT[verification-system-016] SDK version and provenance come from the selected executable rather than its role name"}
[verification-test-start] {"pid":83437,"parentPid":83436,"entryFile":"/Users/yuanxi/Workwork/vibe-fs/requirements/verification-system/tests/016.test.mjs","name":"WHAT[verification-system-016] actual selected version must match the explicitly expected SDK","fullName":"WHAT[verification-system-016] SDK version and provenance come from the selected executable rather than its role name > WHAT[verification-system-016] actual selected version must match the explicitly expected SDK"}
[verification-tool-phase] {"phase":"monitor-spawned","pid":83437,"parentPid":83436,"at":1791193585214,"monitorPid":83705,"executable":"/private/var/folders/g_/3ydzn7kx5lg9ylq8fd9p_13r0000gn/T/verification-dotnet-sdk-test-XraKDm/candidates/verification-archive-LOgj3i/dotnet-sdk/dotnet"}
[verification-tool-phase] {"phase":"tool-spawned","pid":83705,"parentPid":83437,"at":1791193585241,"toolPid":83706,"executable":"/private/var/folders/g_/3ydzn7kx5lg9ylq8fd9p_13r0000gn/T/verification-dotnet-sdk-test-XraKDm/candidates/verification-archive-LOgj3i/dotnet-sdk/dotnet"}
[verification-tool-phase] {"phase":"tool-exited","pid":83705,"parentPid":83437,"at":1791193585805,"toolPid":83706,"exitCode":0,"signal":null}
[verification-tool-phase] {"phase":"group-drained","pid":83705,"parentPid":83437,"at":1791193585829,"toolPid":83706}
[verification-tool-phase] {"phase":"monitor-closed","pid":83437,"parentPid":83436,"at":1791193585831,"monitorPid":83705,"exitCode":0,"signal":null}
[verification-test-start] {"pid":83437,"parentPid":83436,"entryFile":"/Users/yuanxi/Workwork/vibe-fs/requirements/verification-system/tests/016.test.mjs","name":"WHAT[verification-system-016] a selected wrapper cannot borrow SDK Base Path or runtimes from a live installation","fullName":"WHAT[verification-system-016] SDK version and provenance come from the selected executable rather than its role name > WHAT[verification-system-016] a selected wrapper cannot borrow SDK Base Path or runtimes from a live installation"}
[verification-tool-phase] {"phase":"monitor-spawned","pid":83437,"parentPid":83436,"at":1791193585835,"monitorPid":83708,"executable":"/private/var/folders/g_/3ydzn7kx5lg9ylq8fd9p_13r0000gn/T/verification-dotnet-sdk-test-XraKDm/candidates/verification-archive-x5aHXE/dotnet-sdk/dotnet"}
[verification-tool-phase] {"phase":"tool-spawned","pid":83708,"parentPid":83437,"at":1791193585863,"toolPid":83709,"executable":"/private/var/folders/g_/3ydzn7kx5lg9ylq8fd9p_13r0000gn/T/verification-dotnet-sdk-test-XraKDm/candidates/verification-archive-x5aHXE/dotnet-sdk/dotnet"}
[verification-tool-phase] {"phase":"tool-exited","pid":83708,"parentPid":83437,"at":1791193586494,"toolPid":83709,"exitCode":0,"signal":null}
[verification-tool-phase] {"phase":"group-drained","pid":83708,"parentPid":83437,"at":1791193586513,"toolPid":83709}
[verification-tool-phase] {"phase":"monitor-closed","pid":83437,"parentPid":83436,"at":1791193586515,"monitorPid":83708,"exitCode":0,"signal":null}
[verification-tool-phase] {"phase":"monitor-spawned","pid":83437,"parentPid":83436,"at":1791193586515,"monitorPid":83712,"executable":"/private/var/folders/g_/3ydzn7kx5lg9ylq8fd9p_13r0000gn/T/verification-dotnet-sdk-test-XraKDm/candidates/verification-archive-x5aHXE/dotnet-sdk/dotnet"}
[verification-tool-phase] {"phase":"tool-spawned","pid":83712,"parentPid":83437,"at":1791193586542,"toolPid":83713,"executable":"/private/var/folders/g_/3ydzn7kx5lg9ylq8fd9p_13r0000gn/T/verification-dotnet-sdk-test-XraKDm/candidates/verification-archive-x5aHXE/dotnet-sdk/dotnet"}
[verification-tool-phase] {"phase":"tool-exited","pid":83712,"parentPid":83437,"at":1791193586568,"toolPid":83713,"exitCode":0,"signal":null}
[verification-tool-phase] {"phase":"group-drained","pid":83712,"parentPid":83437,"at":1791193586587,"toolPid":83713}
[verification-tool-phase] {"phase":"monitor-closed","pid":83437,"parentPid":83436,"at":1791193586588,"monitorPid":83712,"exitCode":0,"signal":null}
[verification-test-start] {"pid":83437,"parentPid":83436,"entryFile":"/Users/yuanxi/Workwork/vibe-fs/requirements/verification-system/tests/016.test.mjs","name":"WHAT[verification-system-016] held SDK probe preserves Error cancellation and drains its actual process group","fullName":"WHAT[verification-system-016] held SDK probe preserves Error cancellation and drains its actual process group"}
[verification-tool-phase] {"phase":"monitor-spawned","pid":83437,"parentPid":83436,"at":1791193586593,"monitorPid":83716,"executable":"/private/var/folders/g_/3ydzn7kx5lg9ylq8fd9p_13r0000gn/T/verification-dotnet-sdk-test-REWukV/candidates/verification-archive-SUQnMB/dotnet-sdk/dotnet"}
[verification-tool-phase] {"phase":"tool-spawned","pid":83716,"parentPid":83437,"at":1791193586622,"toolPid":83717,"executable":"/private/var/folders/g_/3ydzn7kx5lg9ylq8fd9p_13r0000gn/T/verification-dotnet-sdk-test-REWukV/candidates/verification-archive-SUQnMB/dotnet-sdk/dotnet"}
[verification-tool-phase] {"phase":"tool-exited","pid":83716,"parentPid":83437,"at":1791193587276,"toolPid":83717,"exitCode":null,"signal":"SIGKILL"}
[verification-tool-phase] {"phase":"group-drained","pid":83716,"parentPid":83437,"at":1791193587297,"toolPid":83717}
[verification-tool-phase] {"phase":"monitor-closed","pid":83437,"parentPid":83436,"at":1791193587299,"monitorPid":83716,"exitCode":0,"signal":null}
[verification-test-start] {"pid":83437,"parentPid":83436,"entryFile":"/Users/yuanxi/Workwork/vibe-fs/requirements/verification-system/tests/016.test.mjs","name":"WHAT[verification-system-016] held SDK probe preserves null cancellation and drains its actual process group","fullName":"WHAT[verification-system-016] held SDK probe preserves null cancellation and drains its actual process group"}
[verification-tool-phase] {"phase":"monitor-spawned","pid":83437,"parentPid":83436,"at":1791193587304,"monitorPid":83720,"executable":"/private/var/folders/g_/3ydzn7kx5lg9ylq8fd9p_13r0000gn/T/verification-dotnet-sdk-test-4Qxl2W/candidates/verification-archive-W6YMvd/dotnet-sdk/dotnet"}
[verification-tool-phase] {"phase":"tool-spawned","pid":83720,"parentPid":83437,"at":1791193587331,"toolPid":83721,"executable":"/private/var/folders/g_/3ydzn7kx5lg9ylq8fd9p_13r0000gn/T/verification-dotnet-sdk-test-4Qxl2W/candidates/verification-archive-W6YMvd/dotnet-sdk/dotnet"}
[verification-tool-phase] {"phase":"tool-exited","pid":83720,"parentPid":83437,"at":1791193587942,"toolPid":83721,"exitCode":null,"signal":"SIGKILL"}
[verification-tool-phase] {"phase":"group-drained","pid":83720,"parentPid":83437,"at":1791193587964,"toolPid":83721}
[verification-tool-phase] {"phase":"monitor-closed","pid":83437,"parentPid":83436,"at":1791193587966,"monitorPid":83720,"exitCode":0,"signal":null}
[verification-test-start] {"pid":83437,"parentPid":83436,"entryFile":"/Users/yuanxi/Workwork/vibe-fs/requirements/verification-system/tests/016.test.mjs","name":"WHAT[verification-system-016] tool restore failure cannot delete a copied replacement of its owned root","fullName":"WHAT[verification-system-016] tool restore failure cannot delete a copied replacement of its owned root"}
[verification-tool-phase] {"phase":"monitor-spawned","pid":83437,"parentPid":83436,"at":1791193587971,"monitorPid":83724,"executable":"/private/var/folders/g_/3ydzn7kx5lg9ylq8fd9p_13r0000gn/T/verification-dotnet-restore-6tJ5FD/sdk/dotnet-sdk/dotnet"}
[verification-tool-phase] {"phase":"tool-spawned","pid":83724,"parentPid":83437,"at":1791193587998,"toolPid":83725,"executable":"/private/var/folders/g_/3ydzn7kx5lg9ylq8fd9p_13r0000gn/T/verification-dotnet-restore-6tJ5FD/sdk/dotnet-sdk/dotnet"}
[verification-tool-phase] {"phase":"tool-exited","pid":83724,"parentPid":83437,"at":1791193588519,"toolPid":83725,"exitCode":73,"signal":null}
[verification-tool-phase] {"phase":"group-drained","pid":83724,"parentPid":83437,"at":1791193588543,"toolPid":83725}
[verification-tool-phase] {"phase":"monitor-closed","pid":83437,"parentPid":83436,"at":1791193588545,"monitorPid":83724,"exitCode":0,"signal":null}
[verification-test-start] {"pid":83437,"parentPid":83436,"entryFile":"/Users/yuanxi/Workwork/vibe-fs/requirements/verification-system/tests/016.test.mjs","name":"WHAT[verification-system-016] tool preparation rejects a missing manifest before admitting selected archives","fullName":"WHAT[verification-system-016] tool preparation rejects a missing manifest before admitting selected archives"}
[verification-test-start] {"pid":83437,"parentPid":83436,"entryFile":"/Users/yuanxi/Workwork/vibe-fs/requirements/verification-system/tests/016.test.mjs","name":"WHAT[verification-system-016] tool preparation rejects a malformed JSON manifest before admitting selected archives","fullName":"WHAT[verification-system-016] tool preparation rejects a malformed JSON manifest before admitting selected archives"}
[verification-test-start] {"pid":83437,"parentPid":83436,"entryFile":"/Users/yuanxi/Workwork/vibe-fs/requirements/verification-system/tests/016.test.mjs","name":"WHAT[verification-system-016] tool preparation rejects a floating tool version manifest before admitting selected archives","fullName":"WHAT[verification-system-016] tool preparation rejects a floating tool version manifest before admitting selected archives"}
[verification-test-start] {"pid":83437,"parentPid":83436,"entryFile":"/Users/yuanxi/Workwork/vibe-fs/requirements/verification-system/tests/016.test.mjs","name":"WHAT[verification-system-016] tool preparation rejects a tool roll-forward manifest before admitting selected archives","fullName":"WHAT[verification-system-016] tool preparation rejects a tool roll-forward manifest before admitting selected archives"}
[verification-test-start] {"pid":83437,"parentPid":83436,"entryFile":"/Users/yuanxi/Workwork/vibe-fs/requirements/verification-system/tests/016.test.mjs","name":"WHAT[verification-system-016] tool preparation rejects a duplicate command manifest before admitting selected archives","fullName":"WHAT[verification-system-016] tool preparation rejects a duplicate command manifest before admitting selected archives"}
[verification-test-start] {"pid":83437,"parentPid":83436,"entryFile":"/Users/yuanxi/Workwork/vibe-fs/requirements/verification-system/tests/016.test.mjs","name":"WHAT[verification-system-016] tool archive SHA-512 and selected SDK global identity must match before restore","fullName":"WHAT[verification-system-016] tool archive SHA-512 and selected SDK global identity must match before restore"}
[verification-test-start] {"pid":83437,"parentPid":83436,"entryFile":"/Users/yuanxi/Workwork/vibe-fs/requirements/verification-system/tests/016.test.mjs","name":"WHAT[verification-system-016] a direct tool missing from the selected archive set cannot borrow ambient packages","fullName":"WHAT[verification-system-016] a direct tool missing from the selected archive set cannot borrow ambient packages"}
[verification-test-start] {"pid":83437,"parentPid":83436,"entryFile":"/Users/yuanxi/Workwork/vibe-fs/requirements/verification-system/tests/016.test.mjs","name":"WHAT[verification-system-016] actual selected executor failure retains its cause and reclaims the private restore roots","fullName":"WHAT[verification-system-016] actual selected executor failure retains its cause and reclaims the private restore roots"}
[verification-tool-phase] {"phase":"monitor-spawned","pid":83437,"parentPid":83436,"at":1791193588561,"monitorPid":83727,"executable":"/private/var/folders/g_/3ydzn7kx5lg9ylq8fd9p_13r0000gn/T/verification-dotnet-restore-blG5Ne/sdk/dotnet-sdk/dotnet"}
[verification-tool-phase] {"phase":"tool-spawned","pid":83727,"parentPid":83437,"at":1791193588590,"toolPid":83728,"executable":"/private/var/folders/g_/3ydzn7kx5lg9ylq8fd9p_13r0000gn/T/verification-dotnet-restore-blG5Ne/sdk/dotnet-sdk/dotnet"}
[verification-tool-phase] {"phase":"tool-exited","pid":83727,"parentPid":83437,"at":1791193589196,"toolPid":83728,"exitCode":73,"signal":null}
[verification-tool-phase] {"phase":"group-drained","pid":83727,"parentPid":83437,"at":1791193589221,"toolPid":83728}
[verification-tool-phase] {"phase":"monitor-closed","pid":83437,"parentPid":83436,"at":1791193589223,"monitorPid":83727,"exitCode":0,"signal":null}
[verification-test-start] {"pid":83437,"parentPid":83436,"entryFile":"/Users/yuanxi/Workwork/vibe-fs/requirements/verification-system/tests/016.test.mjs","name":"WHAT[verification-system-016] early tool cancellation preserves Error without reading missing source or archives","fullName":"WHAT[verification-system-016] early tool cancellation preserves Error without reading missing source or archives"}
[verification-test-start] {"pid":83437,"parentPid":83436,"entryFile":"/Users/yuanxi/Workwork/vibe-fs/requirements/verification-system/tests/016.test.mjs","name":"WHAT[verification-system-016] early tool cancellation preserves null without reading missing source or archives","fullName":"WHAT[verification-system-016] early tool cancellation preserves null without reading missing source or archives"}
[verification-test-start] {"pid":83437,"parentPid":83436,"entryFile":"/Users/yuanxi/Workwork/vibe-fs/requirements/verification-system/tests/016.test.mjs","name":"WHAT[verification-system-016] held tool restore preserves Error cancellation and drains its actual process group","fullName":"WHAT[verification-system-016] held tool restore preserves Error cancellation and drains its actual process group"}
[verification-tool-phase] {"phase":"monitor-spawned","pid":83437,"parentPid":83436,"at":1791193589230,"monitorPid":83732,"executable":"/private/var/folders/g_/3ydzn7kx5lg9ylq8fd9p_13r0000gn/T/verification-dotnet-restore-kGlxuE/sdk/dotnet-sdk/dotnet"}
[verification-tool-phase] {"phase":"tool-spawned","pid":83732,"parentPid":83437,"at":1791193589259,"toolPid":83733,"executable":"/private/var/folders/g_/3ydzn7kx5lg9ylq8fd9p_13r0000gn/T/verification-dotnet-restore-kGlxuE/sdk/dotnet-sdk/dotnet"}
[verification-tool-phase] {"phase":"tool-exited","pid":83732,"parentPid":83437,"at":1791193589849,"toolPid":83733,"exitCode":null,"signal":"SIGKILL"}
[verification-tool-phase] {"phase":"group-drained","pid":83732,"parentPid":83437,"at":1791193589873,"toolPid":83733}
[verification-tool-phase] {"phase":"monitor-closed","pid":83437,"parentPid":83436,"at":1791193589876,"monitorPid":83732,"exitCode":0,"signal":null}
[verification-test-start] {"pid":83437,"parentPid":83436,"entryFile":"/Users/yuanxi/Workwork/vibe-fs/requirements/verification-system/tests/016.test.mjs","name":"WHAT[verification-system-016] held tool restore preserves null cancellation and drains its actual process group","fullName":"WHAT[verification-system-016] held tool restore preserves null cancellation and drains its actual process group"}
[verification-tool-phase] {"phase":"monitor-spawned","pid":83437,"parentPid":83436,"at":1791193589881,"monitorPid":83745,"executable":"/private/var/folders/g_/3ydzn7kx5lg9ylq8fd9p_13r0000gn/T/verification-dotnet-restore-6hUyER/sdk/dotnet-sdk/dotnet"}
[verification-tool-phase] {"phase":"tool-spawned","pid":83745,"parentPid":83437,"at":1791193589914,"toolPid":83746,"executable":"/private/var/folders/g_/3ydzn7kx5lg9ylq8fd9p_13r0000gn/T/verification-dotnet-restore-6hUyER/sdk/dotnet-sdk/dotnet"}
[verification-tool-phase] {"phase":"tool-exited","pid":83745,"parentPid":83437,"at":1791193590516,"toolPid":83746,"exitCode":null,"signal":"SIGKILL"}
[verification-tool-phase] {"phase":"group-drained","pid":83745,"parentPid":83437,"at":1791193590538,"toolPid":83746}
[verification-tool-phase] {"phase":"monitor-closed","pid":83437,"parentPid":83436,"at":1791193590540,"monitorPid":83745,"exitCode":0,"signal":null}
[verification-test-start] {"pid":83437,"parentPid":83436,"entryFile":"/Users/yuanxi/Workwork/vibe-fs/requirements/verification-system/tests/016.test.mjs","name":"WHAT[verification-system-016] held tool restore reclaims its original canonical root after parent link replacement and preserves the foreign owner","fullName":"WHAT[verification-system-016] held tool restore reclaims its original canonical root after parent link replacement and preserves the foreign owner"}
[verification-tool-phase] {"phase":"monitor-spawned","pid":83437,"parentPid":83436,"at":1791193590545,"monitorPid":83749,"executable":"/private/var/folders/g_/3ydzn7kx5lg9ylq8fd9p_13r0000gn/T/verification-dotnet-restore-OOgs97/sdk/dotnet-sdk/dotnet"}
[verification-tool-phase] {"phase":"tool-spawned","pid":83749,"parentPid":83437,"at":1791193590574,"toolPid":83750,"executable":"/private/var/folders/g_/3ydzn7kx5lg9ylq8fd9p_13r0000gn/T/verification-dotnet-restore-OOgs97/sdk/dotnet-sdk/dotnet"}
[verification-tool-phase] {"phase":"tool-exited","pid":83749,"parentPid":83437,"at":1791193591209,"toolPid":83750,"exitCode":null,"signal":"SIGKILL"}
[verification-tool-phase] {"phase":"group-drained","pid":83749,"parentPid":83437,"at":1791193591232,"toolPid":83750}
[verification-tool-phase] {"phase":"monitor-closed","pid":83437,"parentPid":83436,"at":1791193591233,"monitorPid":83749,"exitCode":0,"signal":null}
[verification-test-start] {"pid":83437,"parentPid":83436,"entryFile":"/Users/yuanxi/Workwork/vibe-fs/requirements/verification-system/tests/016.test.mjs","name":"WHAT[verification-system-016] tool receipt rejects malformed resolver JSON and reclaims all owned restore output","fullName":"WHAT[verification-system-016] tool receipt rejects malformed resolver JSON and reclaims all owned restore output"}
[verification-tool-phase] {"phase":"monitor-spawned","pid":83437,"parentPid":83436,"at":1791193591249,"monitorPid":83754,"executable":"/private/var/folders/g_/3ydzn7kx5lg9ylq8fd9p_13r0000gn/T/verification-dotnet-restore-sDvsx2/sdk/dotnet-sdk/dotnet"}
[verification-tool-phase] {"phase":"tool-spawned","pid":83754,"parentPid":83437,"at":1791193591280,"toolPid":83755,"executable":"/private/var/folders/g_/3ydzn7kx5lg9ylq8fd9p_13r0000gn/T/verification-dotnet-restore-sDvsx2/sdk/dotnet-sdk/dotnet"}
[verification-tool-phase] {"phase":"tool-exited","pid":83754,"parentPid":83437,"at":1791193591899,"toolPid":83755,"exitCode":0,"signal":null}
[verification-tool-phase] {"phase":"group-drained","pid":83754,"parentPid":83437,"at":1791193591923,"toolPid":83755}
[verification-tool-phase] {"phase":"monitor-closed","pid":83437,"parentPid":83436,"at":1791193591925,"monitorPid":83754,"exitCode":0,"signal":null}
[verification-test-start] {"pid":83437,"parentPid":83436,"entryFile":"/Users/yuanxi/Workwork/vibe-fs/requirements/verification-system/tests/016.test.mjs","name":"WHAT[verification-system-016] tool receipt rejects wrong resolver version and reclaims all owned restore output","fullName":"WHAT[verification-system-016] tool receipt rejects wrong resolver version and reclaims all owned restore output"}
[verification-tool-phase] {"phase":"monitor-spawned","pid":83437,"parentPid":83436,"at":1791193591932,"monitorPid":83764,"executable":"/private/var/folders/g_/3ydzn7kx5lg9ylq8fd9p_13r0000gn/T/verification-dotnet-restore-JEARO5/sdk/dotnet-sdk/dotnet"}
[verification-tool-phase] {"phase":"tool-spawned","pid":83764,"parentPid":83437,"at":1791193591958,"toolPid":83766,"executable":"/private/var/folders/g_/3ydzn7kx5lg9ylq8fd9p_13r0000gn/T/verification-dotnet-restore-JEARO5/sdk/dotnet-sdk/dotnet"}
[verification-tool-phase] {"phase":"tool-exited","pid":83764,"parentPid":83437,"at":1791193592533,"toolPid":83766,"exitCode":0,"signal":null}
[verification-tool-phase] {"phase":"group-drained","pid":83764,"parentPid":83437,"at":1791193592559,"toolPid":83766}
[verification-tool-phase] {"phase":"monitor-closed","pid":83437,"parentPid":83436,"at":1791193592560,"monitorPid":83764,"exitCode":0,"signal":null}
[verification-test-start] {"pid":83437,"parentPid":83436,"entryFile":"/Users/yuanxi/Workwork/vibe-fs/requirements/verification-system/tests/016.test.mjs","name":"WHAT[verification-system-016] tool receipt rejects foreign executable and reclaims all owned restore output","fullName":"WHAT[verification-system-016] tool receipt rejects foreign executable and reclaims all owned restore output"}
[verification-tool-phase] {"phase":"monitor-spawned","pid":83437,"parentPid":83436,"at":1791193592567,"monitorPid":83773,"executable":"/private/var/folders/g_/3ydzn7kx5lg9ylq8fd9p_13r0000gn/T/verification-dotnet-restore-5kNmEK/sdk/dotnet-sdk/dotnet"}
[verification-tool-phase] {"phase":"tool-spawned","pid":83773,"parentPid":83437,"at":1791193592594,"toolPid":83774,"executable":"/private/var/folders/g_/3ydzn7kx5lg9ylq8fd9p_13r0000gn/T/verification-dotnet-restore-5kNmEK/sdk/dotnet-sdk/dotnet"}
[verification-tool-phase] {"phase":"tool-exited","pid":83773,"parentPid":83437,"at":1791193593217,"toolPid":83774,"exitCode":0,"signal":null}
[verification-tool-phase] {"phase":"group-drained","pid":83773,"parentPid":83437,"at":1791193593241,"toolPid":83774}
[verification-tool-phase] {"phase":"monitor-closed","pid":83437,"parentPid":83436,"at":1791193593243,"monitorPid":83773,"exitCode":0,"signal":null}
[verification-test-start] {"pid":83437,"parentPid":83436,"entryFile":"/Users/yuanxi/Workwork/vibe-fs/requirements/verification-system/tests/016.test.mjs","name":"WHAT[verification-system-016] tool receipt rejects unexpected command and reclaims all owned restore output","fullName":"WHAT[verification-system-016] tool receipt rejects unexpected command and reclaims all owned restore output"}
[verification-tool-phase] {"phase":"monitor-spawned","pid":83437,"parentPid":83436,"at":1791193593249,"monitorPid":83776,"executable":"/private/var/folders/g_/3ydzn7kx5lg9ylq8fd9p_13r0000gn/T/verification-dotnet-restore-NAj65J/sdk/dotnet-sdk/dotnet"}
[verification-tool-phase] {"phase":"tool-spawned","pid":83776,"parentPid":83437,"at":1791193593277,"toolPid":83777,"executable":"/private/var/folders/g_/3ydzn7kx5lg9ylq8fd9p_13r0000gn/T/verification-dotnet-restore-NAj65J/sdk/dotnet-sdk/dotnet"}
[verification-tool-phase] {"phase":"tool-exited","pid":83776,"parentPid":83437,"at":1791193594231,"toolPid":83777,"exitCode":0,"signal":null}
[verification-tool-phase] {"phase":"group-drained","pid":83776,"parentPid":83437,"at":1791193594255,"toolPid":83777}
[verification-tool-phase] {"phase":"monitor-closed","pid":83437,"parentPid":83436,"at":1791193594257,"monitorPid":83776,"exitCode":0,"signal":null}
[verification-test-start] {"pid":83437,"parentPid":83436,"entryFile":"/Users/yuanxi/Workwork/vibe-fs/requirements/verification-system/tests/016.test.mjs","name":"WHAT[verification-system-016] tool receipt rejects unselected package and reclaims all owned restore output","fullName":"WHAT[verification-system-016] tool receipt rejects unselected package and reclaims all owned restore output"}
[verification-tool-phase] {"phase":"monitor-spawned","pid":83437,"parentPid":83436,"at":1791193594263,"monitorPid":83779,"executable":"/private/var/folders/g_/3ydzn7kx5lg9ylq8fd9p_13r0000gn/T/verification-dotnet-restore-uWYkIQ/sdk/dotnet-sdk/dotnet"}
[verification-tool-phase] {"phase":"tool-spawned","pid":83779,"parentPid":83437,"at":1791193594291,"toolPid":83780,"executable":"/private/var/folders/g_/3ydzn7kx5lg9ylq8fd9p_13r0000gn/T/verification-dotnet-restore-uWYkIQ/sdk/dotnet-sdk/dotnet"}
[verification-tool-phase] {"phase":"tool-exited","pid":83779,"parentPid":83437,"at":1791193595243,"toolPid":83780,"exitCode":0,"signal":null}
[verification-tool-phase] {"phase":"group-drained","pid":83779,"parentPid":83437,"at":1791193595268,"toolPid":83780}
[verification-tool-phase] {"phase":"monitor-closed","pid":83437,"parentPid":83436,"at":1791193595270,"monitorPid":83779,"exitCode":0,"signal":null}
[verification-test-start] {"pid":83437,"parentPid":83436,"entryFile":"/Users/yuanxi/Workwork/vibe-fs/requirements/verification-system/tests/016.test.mjs","name":"WHAT[verification-system-016] tool receipt rejects unselected feed member and reclaims all owned restore output","fullName":"WHAT[verification-system-016] tool receipt rejects unselected feed member and reclaims all owned restore output"}
[verification-tool-phase] {"phase":"monitor-spawned","pid":83437,"parentPid":83436,"at":1791193595276,"monitorPid":83782,"executable":"/private/var/folders/g_/3ydzn7kx5lg9ylq8fd9p_13r0000gn/T/verification-dotnet-restore-pz4xI9/sdk/dotnet-sdk/dotnet"}
[verification-tool-phase] {"phase":"tool-spawned","pid":83782,"parentPid":83437,"at":1791193595304,"toolPid":83783,"executable":"/private/var/folders/g_/3ydzn7kx5lg9ylq8fd9p_13r0000gn/T/verification-dotnet-restore-pz4xI9/sdk/dotnet-sdk/dotnet"}
[verification-tool-phase] {"phase":"tool-exited","pid":83782,"parentPid":83437,"at":1791193595926,"toolPid":83783,"exitCode":0,"signal":null}
[verification-tool-phase] {"phase":"group-drained","pid":83782,"parentPid":83437,"at":1791193595947,"toolPid":83783}
[verification-tool-phase] {"phase":"monitor-closed","pid":83437,"parentPid":83436,"at":1791193595949,"monitorPid":83782,"exitCode":0,"signal":null}
[verification-test-start] {"pid":83437,"parentPid":83436,"entryFile":"/Users/yuanxi/Workwork/vibe-fs/requirements/verification-system/tests/016.test.mjs","name":"WHAT[verification-system-016] tool receipt rejects missing selected package and reclaims all owned restore output","fullName":"WHAT[verification-system-016] tool receipt rejects missing selected package and reclaims all owned restore output"}
[verification-tool-phase] {"phase":"monitor-spawned","pid":83437,"parentPid":83436,"at":1791193595956,"monitorPid":83785,"executable":"/private/var/folders/g_/3ydzn7kx5lg9ylq8fd9p_13r0000gn/T/verification-dotnet-restore-vSWv25/sdk/dotnet-sdk/dotnet"}
[verification-tool-phase] {"phase":"tool-spawned","pid":83785,"parentPid":83437,"at":1791193595985,"toolPid":83786,"executable":"/private/var/folders/g_/3ydzn7kx5lg9ylq8fd9p_13r0000gn/T/verification-dotnet-restore-vSWv25/sdk/dotnet-sdk/dotnet"}
[verification-tool-phase] {"phase":"tool-exited","pid":83785,"parentPid":83437,"at":1791193596490,"toolPid":83786,"exitCode":0,"signal":null}
[verification-tool-phase] {"phase":"group-drained","pid":83785,"parentPid":83437,"at":1791193596514,"toolPid":83786}
[verification-tool-phase] {"phase":"monitor-closed","pid":83437,"parentPid":83436,"at":1791193596516,"monitorPid":83785,"exitCode":0,"signal":null}
[verification-test-start] {"pid":83437,"parentPid":83436,"entryFile":"/Users/yuanxi/Workwork/vibe-fs/requirements/verification-system/tests/016.test.mjs","name":"WHAT[verification-system-016] tool receipt rejects changed package archive and reclaims all owned restore output","fullName":"WHAT[verification-system-016] tool receipt rejects changed package archive and reclaims all owned restore output"}
[verification-tool-phase] {"phase":"monitor-spawned","pid":83437,"parentPid":83436,"at":1791193596521,"monitorPid":83788,"executable":"/private/var/folders/g_/3ydzn7kx5lg9ylq8fd9p_13r0000gn/T/verification-dotnet-restore-dAorAu/sdk/dotnet-sdk/dotnet"}
[verification-tool-phase] {"phase":"tool-spawned","pid":83788,"parentPid":83437,"at":1791193596549,"toolPid":83789,"executable":"/private/var/folders/g_/3ydzn7kx5lg9ylq8fd9p_13r0000gn/T/verification-dotnet-restore-dAorAu/sdk/dotnet-sdk/dotnet"}
[verification-tool-phase] {"phase":"tool-exited","pid":83788,"parentPid":83437,"at":1791193597181,"toolPid":83789,"exitCode":0,"signal":null}
[verification-tool-phase] {"phase":"group-drained","pid":83788,"parentPid":83437,"at":1791193597206,"toolPid":83789}
[verification-tool-phase] {"phase":"monitor-closed","pid":83437,"parentPid":83436,"at":1791193597208,"monitorPid":83788,"exitCode":0,"signal":null}
[verification-test-start] {"pid":83437,"parentPid":83436,"entryFile":"/Users/yuanxi/Workwork/vibe-fs/requirements/verification-system/tests/016.test.mjs","name":"WHAT[verification-system-016] tool receipt rejects missing runtime DLL and reclaims all owned restore output","fullName":"WHAT[verification-system-016] tool receipt rejects missing runtime DLL and reclaims all owned restore output"}
[verification-tool-phase] {"phase":"monitor-spawned","pid":83437,"parentPid":83436,"at":1791193597214,"monitorPid":83797,"executable":"/private/var/folders/g_/3ydzn7kx5lg9ylq8fd9p_13r0000gn/T/verification-dotnet-restore-NVMKV0/sdk/dotnet-sdk/dotnet"}
[verification-tool-phase] {"phase":"tool-spawned","pid":83797,"parentPid":83437,"at":1791193597242,"toolPid":83798,"executable":"/private/var/folders/g_/3ydzn7kx5lg9ylq8fd9p_13r0000gn/T/verification-dotnet-restore-NVMKV0/sdk/dotnet-sdk/dotnet"}
[verification-tool-phase] {"phase":"tool-exited","pid":83797,"parentPid":83437,"at":1791193597750,"toolPid":83798,"exitCode":0,"signal":null}
[verification-tool-phase] {"phase":"group-drained","pid":83797,"parentPid":83437,"at":1791193597773,"toolPid":83798}
[verification-tool-phase] {"phase":"monitor-closed","pid":83437,"parentPid":83436,"at":1791193597774,"monitorPid":83797,"exitCode":0,"signal":null}
[verification-test-start] {"pid":83437,"parentPid":83436,"entryFile":"/Users/yuanxi/Workwork/vibe-fs/requirements/verification-system/tests/016.test.mjs","name":"WHAT[verification-system-016] tool receipt rejects malformed runtime deps JSON and reclaims all owned restore output","fullName":"WHAT[verification-system-016] tool receipt rejects malformed runtime deps JSON and reclaims all owned restore output"}
[verification-tool-phase] {"phase":"monitor-spawned","pid":83437,"parentPid":83436,"at":1791193597780,"monitorPid":83800,"executable":"/private/var/folders/g_/3ydzn7kx5lg9ylq8fd9p_13r0000gn/T/verification-dotnet-restore-xthOqV/sdk/dotnet-sdk/dotnet"}
[verification-tool-phase] {"phase":"tool-spawned","pid":83800,"parentPid":83437,"at":1791193597806,"toolPid":83801,"executable":"/private/var/folders/g_/3ydzn7kx5lg9ylq8fd9p_13r0000gn/T/verification-dotnet-restore-xthOqV/sdk/dotnet-sdk/dotnet"}
[verification-tool-phase] {"phase":"tool-exited","pid":83800,"parentPid":83437,"at":1791193598411,"toolPid":83801,"exitCode":0,"signal":null}
[verification-tool-phase] {"phase":"group-drained","pid":83800,"parentPid":83437,"at":1791193598436,"toolPid":83801}
[verification-tool-phase] {"phase":"monitor-closed","pid":83437,"parentPid":83436,"at":1791193598438,"monitorPid":83800,"exitCode":0,"signal":null}
[verification-test-start] {"pid":83437,"parentPid":83436,"entryFile":"/Users/yuanxi/Workwork/vibe-fs/requirements/verification-system/tests/016.test.mjs","name":"WHAT[verification-system-016] tool receipt rejects escaping runtime asset and reclaims all owned restore output","fullName":"WHAT[verification-system-016] tool receipt rejects escaping runtime asset and reclaims all owned restore output"}
[verification-tool-phase] {"phase":"monitor-spawned","pid":83437,"parentPid":83436,"at":1791193598444,"monitorPid":83803,"executable":"/private/var/folders/g_/3ydzn7kx5lg9ylq8fd9p_13r0000gn/T/verification-dotnet-restore-CweVdm/sdk/dotnet-sdk/dotnet"}
[verification-tool-phase] {"phase":"tool-spawned","pid":83803,"parentPid":83437,"at":1791193598472,"toolPid":83804,"executable":"/private/var/folders/g_/3ydzn7kx5lg9ylq8fd9p_13r0000gn/T/verification-dotnet-restore-CweVdm/sdk/dotnet-sdk/dotnet"}
[verification-tool-phase] {"phase":"tool-exited","pid":83803,"parentPid":83437,"at":1791193599409,"toolPid":83804,"exitCode":0,"signal":null}
[verification-tool-phase] {"phase":"group-drained","pid":83803,"parentPid":83437,"at":1791193599432,"toolPid":83804}
[verification-tool-phase] {"phase":"monitor-closed","pid":83437,"parentPid":83436,"at":1791193599434,"monitorPid":83803,"exitCode":0,"signal":null}
[verification-test-start] {"pid":83437,"parentPid":83436,"entryFile":"/Users/yuanxi/Workwork/vibe-fs/requirements/verification-system/tests/016.test.mjs","name":"WHAT[verification-system-016] tool receipt rejects changed selected SDK during execution and reclaims all owned restore output","fullName":"WHAT[verification-system-016] tool receipt rejects changed selected SDK during execution and reclaims all owned restore output"}
[verification-tool-phase] {"phase":"monitor-spawned","pid":83437,"parentPid":83436,"at":1791193599441,"monitorPid":83806,"executable":"/private/var/folders/g_/3ydzn7kx5lg9ylq8fd9p_13r0000gn/T/verification-dotnet-restore-U7igy0/sdk/dotnet-sdk/dotnet"}
[verification-tool-phase] {"phase":"tool-spawned","pid":83806,"parentPid":83437,"at":1791193599468,"toolPid":83807,"executable":"/private/var/folders/g_/3ydzn7kx5lg9ylq8fd9p_13r0000gn/T/verification-dotnet-restore-U7igy0/sdk/dotnet-sdk/dotnet"}
[verification-tool-phase] {"phase":"tool-exited","pid":83806,"parentPid":83437,"at":1791193600021,"toolPid":83807,"exitCode":0,"signal":null}
[verification-tool-phase] {"phase":"group-drained","pid":83806,"parentPid":83437,"at":1791193600044,"toolPid":83807}
[verification-tool-phase] {"phase":"monitor-closed","pid":83437,"parentPid":83436,"at":1791193600046,"monitorPid":83806,"exitCode":0,"signal":null}
[verification-test-start] {"pid":83437,"parentPid":83436,"entryFile":"/Users/yuanxi/Workwork/vibe-fs/requirements/verification-system/tests/016.test.mjs","name":"WHAT[verification-system-016] mutated selected SDK entry metadata cannot execute a foreign launcher under the original SDK digest","fullName":"WHAT[verification-system-016] mutated selected SDK entry metadata cannot execute a foreign launcher under the original SDK digest"}
[verification-test-start] {"pid":83437,"parentPid":83436,"entryFile":"/Users/yuanxi/Workwork/vibe-fs/requirements/verification-system/tests/016.test.mjs","name":"WHAT[verification-system-016] tool receipt revalidation rejects a changed public toolRoot and disposal preserves the foreign owner","fullName":"WHAT[verification-system-016] tool receipt revalidation rejects a changed public toolRoot and disposal preserves the foreign owner"}
[verification-tool-phase] {"phase":"monitor-spawned","pid":83437,"parentPid":83436,"at":1791193600054,"monitorPid":83809,"executable":"/private/var/folders/g_/3ydzn7kx5lg9ylq8fd9p_13r0000gn/T/verification-dotnet-restore-o6Jp6F/sdk/dotnet-sdk/dotnet"}
[verification-tool-phase] {"phase":"tool-spawned","pid":83809,"parentPid":83437,"at":1791193600084,"toolPid":83810,"executable":"/private/var/folders/g_/3ydzn7kx5lg9ylq8fd9p_13r0000gn/T/verification-dotnet-restore-o6Jp6F/sdk/dotnet-sdk/dotnet"}
[verification-tool-phase] {"phase":"tool-exited","pid":83809,"parentPid":83437,"at":1791193601032,"toolPid":83810,"exitCode":0,"signal":null}
[verification-tool-phase] {"phase":"group-drained","pid":83809,"parentPid":83437,"at":1791193601051,"toolPid":83810}
[verification-tool-phase] {"phase":"monitor-closed","pid":83437,"parentPid":83436,"at":1791193601053,"monitorPid":83809,"exitCode":0,"signal":null}
[verification-test-start] {"pid":83437,"parentPid":83436,"entryFile":"/Users/yuanxi/Workwork/vibe-fs/requirements/verification-system/tests/016.test.mjs","name":"WHAT[verification-system-016] tool receipt revalidation rejects a changed public executable and disposal preserves the foreign owner","fullName":"WHAT[verification-system-016] tool receipt revalidation rejects a changed public executable and disposal preserves the foreign owner"}
[verification-tool-phase] {"phase":"monitor-spawned","pid":83437,"parentPid":83436,"at":1791193601061,"monitorPid":83812,"executable":"/private/var/folders/g_/3ydzn7kx5lg9ylq8fd9p_13r0000gn/T/verification-dotnet-restore-HiIy9X/sdk/dotnet-sdk/dotnet"}
[verification-tool-phase] {"phase":"tool-spawned","pid":83812,"parentPid":83437,"at":1791193601087,"toolPid":83813,"executable":"/private/var/folders/g_/3ydzn7kx5lg9ylq8fd9p_13r0000gn/T/verification-dotnet-restore-HiIy9X/sdk/dotnet-sdk/dotnet"}
[verification-tool-phase] {"phase":"tool-exited","pid":83812,"parentPid":83437,"at":1791193601516,"toolPid":83813,"exitCode":0,"signal":null}
[verification-tool-phase] {"phase":"group-drained","pid":83812,"parentPid":83437,"at":1791193601540,"toolPid":83813}
[verification-tool-phase] {"phase":"monitor-closed","pid":83437,"parentPid":83436,"at":1791193601542,"monitorPid":83812,"exitCode":0,"signal":null}
[verification-test-start] {"pid":83437,"parentPid":83436,"entryFile":"/Users/yuanxi/Workwork/vibe-fs/requirements/verification-system/tests/016.test.mjs","name":"WHAT[verification-system-016] selected tool receipt binds the complete ordinary output inventory and rejects byte, mode, added and deleted members","fullName":"WHAT[verification-system-016] selected tool receipt binds the complete ordinary output inventory and rejects byte, mode, added and deleted members"}
[verification-tool-phase] {"phase":"monitor-spawned","pid":83437,"parentPid":83436,"at":1791193601550,"monitorPid":83815,"executable":"/private/var/folders/g_/3ydzn7kx5lg9ylq8fd9p_13r0000gn/T/verification-dotnet-restore-L4bBUA/sdk/dotnet-sdk/dotnet"}
[verification-tool-phase] {"phase":"tool-spawned","pid":83815,"parentPid":83437,"at":1791193601577,"toolPid":83816,"executable":"/private/var/folders/g_/3ydzn7kx5lg9ylq8fd9p_13r0000gn/T/verification-dotnet-restore-L4bBUA/sdk/dotnet-sdk/dotnet"}
[verification-tool-phase] {"phase":"tool-exited","pid":83815,"parentPid":83437,"at":1791193601982,"toolPid":83816,"exitCode":0,"signal":null}
[verification-tool-phase] {"phase":"group-drained","pid":83815,"parentPid":83437,"at":1791193602007,"toolPid":83816}
[verification-tool-phase] {"phase":"monitor-closed","pid":83437,"parentPid":83436,"at":1791193602008,"monitorPid":83815,"exitCode":0,"signal":null}
[verification-test-start] {"pid":83437,"parentPid":83436,"entryFile":"/Users/yuanxi/Workwork/vibe-fs/requirements/verification-system/tests/016.test.mjs","name":"WHAT[verification-system-016] captured tool output rejects byte mutation","fullName":"WHAT[verification-system-016] selected tool receipt binds the complete ordinary output inventory and rejects byte, mode, added and deleted members > WHAT[verification-system-016] captured tool output rejects byte mutation"}
[verification-test-start] {"pid":83437,"parentPid":83436,"entryFile":"/Users/yuanxi/Workwork/vibe-fs/requirements/verification-system/tests/016.test.mjs","name":"WHAT[verification-system-016] captured tool output rejects mode mutation","fullName":"WHAT[verification-system-016] selected tool receipt binds the complete ordinary output inventory and rejects byte, mode, added and deleted members > WHAT[verification-system-016] captured tool output rejects mode mutation"}
[verification-test-start] {"pid":83437,"parentPid":83436,"entryFile":"/Users/yuanxi/Workwork/vibe-fs/requirements/verification-system/tests/016.test.mjs","name":"WHAT[verification-system-016] captured tool output rejects added member","fullName":"WHAT[verification-system-016] selected tool receipt binds the complete ordinary output inventory and rejects byte, mode, added and deleted members > WHAT[verification-system-016] captured tool output rejects added member"}
[verification-test-start] {"pid":83437,"parentPid":83436,"entryFile":"/Users/yuanxi/Workwork/vibe-fs/requirements/verification-system/tests/016.test.mjs","name":"WHAT[verification-system-016] captured tool output rejects deleted member","fullName":"WHAT[verification-system-016] selected tool receipt binds the complete ordinary output inventory and rejects byte, mode, added and deleted members > WHAT[verification-system-016] captured tool output rejects deleted member"}
[verification-test-start] {"pid":83437,"parentPid":83436,"entryFile":"/Users/yuanxi/Workwork/vibe-fs/requirements/verification-system/tests/016.test.mjs","name":"WHAT[verification-system-016] project graph rejects foreign output directory without publishing a restore receipt","fullName":"WHAT[verification-system-016] corrupt graph cases preserve one shared actual Git candidate and own independent restore resources > WHAT[verification-system-016] project graph rejects foreign output directory without publishing a restore receipt"}
[verification-tool-phase] {"phase":"monitor-spawned","pid":83437,"parentPid":83436,"at":1791193602415,"monitorPid":83937,"executable":"/private/var/folders/g_/3ydzn7kx5lg9ylq8fd9p_13r0000gn/T/verification-nuget-project-test-jDpa4T/sdk/dotnet-sdk/dotnet"}
[verification-tool-phase] {"phase":"tool-spawned","pid":83937,"parentPid":83437,"at":1791193602442,"toolPid":83938,"executable":"/private/var/folders/g_/3ydzn7kx5lg9ylq8fd9p_13r0000gn/T/verification-nuget-project-test-jDpa4T/sdk/dotnet-sdk/dotnet"}
[verification-tool-phase] {"phase":"tool-exited","pid":83937,"parentPid":83437,"at":1791193603040,"toolPid":83938,"exitCode":0,"signal":null}
[verification-tool-phase] {"phase":"group-drained","pid":83937,"parentPid":83437,"at":1791193603065,"toolPid":83938}
[verification-tool-phase] {"phase":"monitor-closed","pid":83437,"parentPid":83436,"at":1791193603067,"monitorPid":83937,"exitCode":0,"signal":null}
[verification-tool-phase] {"phase":"monitor-spawned","pid":83437,"parentPid":83436,"at":1791193603069,"monitorPid":83940,"executable":"/private/var/folders/g_/3ydzn7kx5lg9ylq8fd9p_13r0000gn/T/verification-nuget-project-test-jDpa4T/sdk/dotnet-sdk/dotnet"}
[verification-tool-phase] {"phase":"tool-spawned","pid":83940,"parentPid":83437,"at":1791193603096,"toolPid":83941,"executable":"/private/var/folders/g_/3ydzn7kx5lg9ylq8fd9p_13r0000gn/T/verification-nuget-project-test-jDpa4T/sdk/dotnet-sdk/dotnet"}
[verification-tool-phase] {"phase":"tool-exited","pid":83940,"parentPid":83437,"at":1791193603124,"toolPid":83941,"exitCode":0,"signal":null}
[verification-tool-phase] {"phase":"group-drained","pid":83940,"parentPid":83437,"at":1791193603144,"toolPid":83941}
[verification-tool-phase] {"phase":"monitor-closed","pid":83437,"parentPid":83436,"at":1791193603146,"monitorPid":83940,"exitCode":0,"signal":null}
[verification-test-start] {"pid":83437,"parentPid":83436,"entryFile":"/Users/yuanxi/Workwork/vibe-fs/requirements/verification-system/tests/016.test.mjs","name":"WHAT[verification-system-016] project graph rejects unselected dependency edge without publishing a restore receipt","fullName":"WHAT[verification-system-016] corrupt graph cases preserve one shared actual Git candidate and own independent restore resources > WHAT[verification-system-016] project graph rejects unselected dependency edge without publishing a restore receipt"}
[verification-tool-phase] {"phase":"monitor-spawned","pid":83437,"parentPid":83436,"at":1791193603155,"monitorPid":83943,"executable":"/private/var/folders/g_/3ydzn7kx5lg9ylq8fd9p_13r0000gn/T/verification-nuget-project-test-JsuATZ/sdk/dotnet-sdk/dotnet"}
[verification-tool-phase] {"phase":"tool-spawned","pid":83943,"parentPid":83437,"at":1791193603181,"toolPid":83944,"executable":"/private/var/folders/g_/3ydzn7kx5lg9ylq8fd9p_13r0000gn/T/verification-nuget-project-test-JsuATZ/sdk/dotnet-sdk/dotnet"}
[verification-tool-phase] {"phase":"tool-exited","pid":83943,"parentPid":83437,"at":1791193603860,"toolPid":83944,"exitCode":0,"signal":null}
[verification-tool-phase] {"phase":"group-drained","pid":83943,"parentPid":83437,"at":1791193603884,"toolPid":83944}
[verification-tool-phase] {"phase":"monitor-closed","pid":83437,"parentPid":83436,"at":1791193603886,"monitorPid":83943,"exitCode":0,"signal":null}
[verification-tool-phase] {"phase":"monitor-spawned","pid":83437,"parentPid":83436,"at":1791193603888,"monitorPid":83946,"executable":"/private/var/folders/g_/3ydzn7kx5lg9ylq8fd9p_13r0000gn/T/verification-nuget-project-test-JsuATZ/sdk/dotnet-sdk/dotnet"}
[verification-tool-phase] {"phase":"tool-spawned","pid":83946,"parentPid":83437,"at":1791193603915,"toolPid":83947,"executable":"/private/var/folders/g_/3ydzn7kx5lg9ylq8fd9p_13r0000gn/T/verification-nuget-project-test-JsuATZ/sdk/dotnet-sdk/dotnet"}
[verification-tool-phase] {"phase":"tool-exited","pid":83946,"parentPid":83437,"at":1791193603941,"toolPid":83947,"exitCode":0,"signal":null}
[verification-tool-phase] {"phase":"group-drained","pid":83946,"parentPid":83437,"at":1791193603961,"toolPid":83947}
[verification-tool-phase] {"phase":"monitor-closed","pid":83437,"parentPid":83436,"at":1791193603963,"monitorPid":83946,"exitCode":0,"signal":null}
[verification-test-start] {"pid":83437,"parentPid":83436,"entryFile":"/Users/yuanxi/Workwork/vibe-fs/requirements/verification-system/tests/016.test.mjs","name":"WHAT[verification-system-016] project graph rejects target and lock dependency version disagreement without publishing a restore receipt","fullName":"WHAT[verification-system-016] corrupt graph cases preserve one shared actual Git candidate and own independent restore resources > WHAT[verification-system-016] project graph rejects target and lock dependency version disagreement without publishing a restore receipt"}
[verification-tool-phase] {"phase":"monitor-spawned","pid":83437,"parentPid":83436,"at":1791193603973,"monitorPid":83949,"executable":"/private/var/folders/g_/3ydzn7kx5lg9ylq8fd9p_13r0000gn/T/verification-nuget-project-test-bA8060/sdk/dotnet-sdk/dotnet"}
[verification-tool-phase] {"phase":"tool-spawned","pid":83949,"parentPid":83437,"at":1791193604005,"toolPid":83950,"executable":"/private/var/folders/g_/3ydzn7kx5lg9ylq8fd9p_13r0000gn/T/verification-nuget-project-test-bA8060/sdk/dotnet-sdk/dotnet"}
[verification-tool-phase] {"phase":"tool-exited","pid":83949,"parentPid":83437,"at":1791193604517,"toolPid":83950,"exitCode":0,"signal":null}
[verification-tool-phase] {"phase":"group-drained","pid":83949,"parentPid":83437,"at":1791193604541,"toolPid":83950}
[verification-tool-phase] {"phase":"monitor-closed","pid":83437,"parentPid":83436,"at":1791193604544,"monitorPid":83949,"exitCode":0,"signal":null}
[verification-tool-phase] {"phase":"monitor-spawned","pid":83437,"parentPid":83436,"at":1791193604545,"monitorPid":83952,"executable":"/private/var/folders/g_/3ydzn7kx5lg9ylq8fd9p_13r0000gn/T/verification-nuget-project-test-bA8060/sdk/dotnet-sdk/dotnet"}
[verification-tool-phase] {"phase":"tool-spawned","pid":83952,"parentPid":83437,"at":1791193604576,"toolPid":83953,"executable":"/private/var/folders/g_/3ydzn7kx5lg9ylq8fd9p_13r0000gn/T/verification-nuget-project-test-bA8060/sdk/dotnet-sdk/dotnet"}
[verification-tool-phase] {"phase":"tool-exited","pid":83952,"parentPid":83437,"at":1791193604602,"toolPid":83953,"exitCode":0,"signal":null}
[verification-tool-phase] {"phase":"group-drained","pid":83952,"parentPid":83437,"at":1791193604622,"toolPid":83953}
[verification-tool-phase] {"phase":"monitor-closed","pid":83437,"parentPid":83436,"at":1791193604624,"monitorPid":83952,"exitCode":0,"signal":null}
[verification-test-start] {"pid":83437,"parentPid":83436,"entryFile":"/Users/yuanxi/Workwork/vibe-fs/requirements/verification-system/tests/016.test.mjs","name":"WHAT[verification-system-016] project graph rejects null library without publishing a restore receipt","fullName":"WHAT[verification-system-016] corrupt graph cases preserve one shared actual Git candidate and own independent restore resources > WHAT[verification-system-016] project graph rejects null library without publishing a restore receipt"}
[verification-tool-phase] {"phase":"monitor-spawned","pid":83437,"parentPid":83436,"at":1791193604633,"monitorPid":83955,"executable":"/private/var/folders/g_/3ydzn7kx5lg9ylq8fd9p_13r0000gn/T/verification-nuget-project-test-S6a4oA/sdk/dotnet-sdk/dotnet"}
[verification-tool-phase] {"phase":"tool-spawned","pid":83955,"parentPid":83437,"at":1791193604659,"toolPid":83956,"executable":"/private/var/folders/g_/3ydzn7kx5lg9ylq8fd9p_13r0000gn/T/verification-nuget-project-test-S6a4oA/sdk/dotnet-sdk/dotnet"}
[verification-tool-phase] {"phase":"tool-exited","pid":83955,"parentPid":83437,"at":1791193605153,"toolPid":83956,"exitCode":0,"signal":null}
[verification-tool-phase] {"phase":"group-drained","pid":83955,"parentPid":83437,"at":1791193605178,"toolPid":83956}
[verification-tool-phase] {"phase":"monitor-closed","pid":83437,"parentPid":83436,"at":1791193605179,"monitorPid":83955,"exitCode":0,"signal":null}
[verification-tool-phase] {"phase":"monitor-spawned","pid":83437,"parentPid":83436,"at":1791193605181,"monitorPid":83958,"executable":"/private/var/folders/g_/3ydzn7kx5lg9ylq8fd9p_13r0000gn/T/verification-nuget-project-test-S6a4oA/sdk/dotnet-sdk/dotnet"}
[verification-tool-phase] {"phase":"tool-spawned","pid":83958,"parentPid":83437,"at":1791193605209,"toolPid":83959,"executable":"/private/var/folders/g_/3ydzn7kx5lg9ylq8fd9p_13r0000gn/T/verification-nuget-project-test-S6a4oA/sdk/dotnet-sdk/dotnet"}
[verification-tool-phase] {"phase":"tool-exited","pid":83958,"parentPid":83437,"at":1791193605240,"toolPid":83959,"exitCode":0,"signal":null}
[verification-tool-phase] {"phase":"group-drained","pid":83958,"parentPid":83437,"at":1791193605260,"toolPid":83959}
[verification-tool-phase] {"phase":"monitor-closed","pid":83437,"parentPid":83436,"at":1791193605261,"monitorPid":83958,"exitCode":0,"signal":null}
[verification-test-start] {"pid":83437,"parentPid":83436,"entryFile":"/Users/yuanxi/Workwork/vibe-fs/requirements/verification-system/tests/016.test.mjs","name":"WHAT[verification-system-016] project graph rejects null compile asset map without publishing a restore receipt","fullName":"WHAT[verification-system-016] corrupt graph cases preserve one shared actual Git candidate and own independent restore resources > WHAT[verification-system-016] project graph rejects null compile asset map without publishing a restore receipt"}
[verification-tool-phase] {"phase":"monitor-spawned","pid":83437,"parentPid":83436,"at":1791193605272,"monitorPid":83961,"executable":"/private/var/folders/g_/3ydzn7kx5lg9ylq8fd9p_13r0000gn/T/verification-nuget-project-test-gU0HEU/sdk/dotnet-sdk/dotnet"}
[verification-tool-phase] {"phase":"tool-spawned","pid":83961,"parentPid":83437,"at":1791193605301,"toolPid":83962,"executable":"/private/var/folders/g_/3ydzn7kx5lg9ylq8fd9p_13r0000gn/T/verification-nuget-project-test-gU0HEU/sdk/dotnet-sdk/dotnet"}
[verification-tool-phase] {"phase":"tool-exited","pid":83961,"parentPid":83437,"at":1791193605773,"toolPid":83962,"exitCode":0,"signal":null}
[verification-tool-phase] {"phase":"group-drained","pid":83961,"parentPid":83437,"at":1791193605793,"toolPid":83962}
[verification-tool-phase] {"phase":"monitor-closed","pid":83437,"parentPid":83436,"at":1791193605794,"monitorPid":83961,"exitCode":0,"signal":null}
[verification-tool-phase] {"phase":"monitor-spawned","pid":83437,"parentPid":83436,"at":1791193605796,"monitorPid":83964,"executable":"/private/var/folders/g_/3ydzn7kx5lg9ylq8fd9p_13r0000gn/T/verification-nuget-project-test-gU0HEU/sdk/dotnet-sdk/dotnet"}
[verification-tool-phase] {"phase":"tool-spawned","pid":83964,"parentPid":83437,"at":1791193605825,"toolPid":83965,"executable":"/private/var/folders/g_/3ydzn7kx5lg9ylq8fd9p_13r0000gn/T/verification-nuget-project-test-gU0HEU/sdk/dotnet-sdk/dotnet"}
[verification-tool-phase] {"phase":"tool-exited","pid":83964,"parentPid":83437,"at":1791193605852,"toolPid":83965,"exitCode":0,"signal":null}
[verification-tool-phase] {"phase":"group-drained","pid":83964,"parentPid":83437,"at":1791193605872,"toolPid":83965}
[verification-tool-phase] {"phase":"monitor-closed","pid":83437,"parentPid":83436,"at":1791193605874,"monitorPid":83964,"exitCode":0,"signal":null}
[verification-test-start] {"pid":83437,"parentPid":83436,"entryFile":"/Users/yuanxi/Workwork/vibe-fs/requirements/verification-system/tests/016.test.mjs","name":"WHAT[verification-system-016] project graph rejects array runtime asset map without publishing a restore receipt","fullName":"WHAT[verification-system-016] corrupt graph cases preserve one shared actual Git candidate and own independent restore resources > WHAT[verification-system-016] project graph rejects array runtime asset map without publishing a restore receipt"}
[verification-tool-phase] {"phase":"monitor-spawned","pid":83437,"parentPid":83436,"at":1791193605885,"monitorPid":83967,"executable":"/private/var/folders/g_/3ydzn7kx5lg9ylq8fd9p_13r0000gn/T/verification-nuget-project-test-VqSEMh/sdk/dotnet-sdk/dotnet"}
[verification-tool-phase] {"phase":"tool-spawned","pid":83967,"parentPid":83437,"at":1791193605912,"toolPid":83968,"executable":"/private/var/folders/g_/3ydzn7kx5lg9ylq8fd9p_13r0000gn/T/verification-nuget-project-test-VqSEMh/sdk/dotnet-sdk/dotnet"}
[verification-tool-phase] {"phase":"tool-exited","pid":83967,"parentPid":83437,"at":1791193606452,"toolPid":83968,"exitCode":0,"signal":null}
[verification-tool-phase] {"phase":"group-drained","pid":83967,"parentPid":83437,"at":1791193606477,"toolPid":83968}
[verification-tool-phase] {"phase":"monitor-closed","pid":83437,"parentPid":83436,"at":1791193606478,"monitorPid":83967,"exitCode":0,"signal":null}
[verification-tool-phase] {"phase":"monitor-spawned","pid":83437,"parentPid":83436,"at":1791193606485,"monitorPid":83970,"executable":"/private/var/folders/g_/3ydzn7kx5lg9ylq8fd9p_13r0000gn/T/verification-nuget-project-test-VqSEMh/sdk/dotnet-sdk/dotnet"}
[verification-tool-phase] {"phase":"tool-spawned","pid":83970,"parentPid":83437,"at":1791193606514,"toolPid":83971,"executable":"/private/var/folders/g_/3ydzn7kx5lg9ylq8fd9p_13r0000gn/T/verification-nuget-project-test-VqSEMh/sdk/dotnet-sdk/dotnet"}
[verification-tool-phase] {"phase":"tool-exited","pid":83970,"parentPid":83437,"at":1791193606544,"toolPid":83971,"exitCode":0,"signal":null}
[verification-tool-phase] {"phase":"group-drained","pid":83970,"parentPid":83437,"at":1791193606563,"toolPid":83971}
[verification-tool-phase] {"phase":"monitor-closed","pid":83437,"parentPid":83436,"at":1791193606565,"monitorPid":83970,"exitCode":0,"signal":null}
[verification-test-start] {"pid":83437,"parentPid":83436,"entryFile":"/Users/yuanxi/Workwork/vibe-fs/requirements/verification-system/tests/016.test.mjs","name":"WHAT[verification-system-016] project graph rejects null lock framework dependency map without publishing a restore receipt","fullName":"WHAT[verification-system-016] corrupt graph cases preserve one shared actual Git candidate and own independent restore resources > WHAT[verification-system-016] project graph rejects null lock framework dependency map without publishing a restore receipt"}
[verification-tool-phase] {"phase":"monitor-spawned","pid":83437,"parentPid":83436,"at":1791193606581,"monitorPid":83973,"executable":"/private/var/folders/g_/3ydzn7kx5lg9ylq8fd9p_13r0000gn/T/verification-nuget-project-test-yjNX5H/sdk/dotnet-sdk/dotnet"}
[verification-tool-phase] {"phase":"tool-spawned","pid":83973,"parentPid":83437,"at":1791193606608,"toolPid":83974,"executable":"/private/var/folders/g_/3ydzn7kx5lg9ylq8fd9p_13r0000gn/T/verification-nuget-project-test-yjNX5H/sdk/dotnet-sdk/dotnet"}
[verification-tool-phase] {"phase":"tool-exited","pid":83973,"parentPid":83437,"at":1791193607153,"toolPid":83974,"exitCode":0,"signal":null}
[verification-tool-phase] {"phase":"group-drained","pid":83973,"parentPid":83437,"at":1791193607178,"toolPid":83974}
[verification-tool-phase] {"phase":"monitor-closed","pid":83437,"parentPid":83436,"at":1791193607180,"monitorPid":83973,"exitCode":0,"signal":null}
[verification-tool-phase] {"phase":"monitor-spawned","pid":83437,"parentPid":83436,"at":1791193607182,"monitorPid":83976,"executable":"/private/var/folders/g_/3ydzn7kx5lg9ylq8fd9p_13r0000gn/T/verification-nuget-project-test-yjNX5H/sdk/dotnet-sdk/dotnet"}
[verification-tool-phase] {"phase":"tool-spawned","pid":83976,"parentPid":83437,"at":1791193607211,"toolPid":83977,"executable":"/private/var/folders/g_/3ydzn7kx5lg9ylq8fd9p_13r0000gn/T/verification-nuget-project-test-yjNX5H/sdk/dotnet-sdk/dotnet"}
[verification-tool-phase] {"phase":"tool-exited","pid":83976,"parentPid":83437,"at":1791193607236,"toolPid":83977,"exitCode":0,"signal":null}
[verification-tool-phase] {"phase":"group-drained","pid":83976,"parentPid":83437,"at":1791193607254,"toolPid":83977}
[verification-tool-phase] {"phase":"monitor-closed","pid":83437,"parentPid":83436,"at":1791193607256,"monitorPid":83976,"exitCode":0,"signal":null}
[verification-test-start] {"pid":83437,"parentPid":83436,"entryFile":"/Users/yuanxi/Workwork/vibe-fs/requirements/verification-system/tests/016.test.mjs","name":"WHAT[verification-system-016] project graph rejects array lock framework dependency map without publishing a restore receipt","fullName":"WHAT[verification-system-016] corrupt graph cases preserve one shared actual Git candidate and own independent restore resources > WHAT[verification-system-016] project graph rejects array lock framework dependency map without publishing a restore receipt"}
[verification-tool-phase] {"phase":"monitor-spawned","pid":83437,"parentPid":83436,"at":1791193607269,"monitorPid":83979,"executable":"/private/var/folders/g_/3ydzn7kx5lg9ylq8fd9p_13r0000gn/T/verification-nuget-project-test-yPU95N/sdk/dotnet-sdk/dotnet"}
[verification-tool-phase] {"phase":"tool-spawned","pid":83979,"parentPid":83437,"at":1791193607294,"toolPid":83980,"executable":"/private/var/folders/g_/3ydzn7kx5lg9ylq8fd9p_13r0000gn/T/verification-nuget-project-test-yPU95N/sdk/dotnet-sdk/dotnet"}
[verification-tool-phase] {"phase":"tool-exited","pid":83979,"parentPid":83437,"at":1791193607780,"toolPid":83980,"exitCode":0,"signal":null}
[verification-tool-phase] {"phase":"group-drained","pid":83979,"parentPid":83437,"at":1791193607803,"toolPid":83980}
[verification-tool-phase] {"phase":"monitor-closed","pid":83437,"parentPid":83436,"at":1791193607805,"monitorPid":83979,"exitCode":0,"signal":null}
[verification-tool-phase] {"phase":"monitor-spawned","pid":83437,"parentPid":83436,"at":1791193607807,"monitorPid":83982,"executable":"/private/var/folders/g_/3ydzn7kx5lg9ylq8fd9p_13r0000gn/T/verification-nuget-project-test-yPU95N/sdk/dotnet-sdk/dotnet"}
[verification-tool-phase] {"phase":"tool-spawned","pid":83982,"parentPid":83437,"at":1791193607834,"toolPid":83983,"executable":"/private/var/folders/g_/3ydzn7kx5lg9ylq8fd9p_13r0000gn/T/verification-nuget-project-test-yPU95N/sdk/dotnet-sdk/dotnet"}
[verification-tool-phase] {"phase":"tool-exited","pid":83982,"parentPid":83437,"at":1791193607863,"toolPid":83983,"exitCode":0,"signal":null}
[verification-tool-phase] {"phase":"group-drained","pid":83982,"parentPid":83437,"at":1791193607882,"toolPid":83983}
[verification-tool-phase] {"phase":"monitor-closed","pid":83437,"parentPid":83436,"at":1791193607883,"monitorPid":83982,"exitCode":0,"signal":null}
[verification-test-start] {"pid":83437,"parentPid":83436,"entryFile":"/Users/yuanxi/Workwork/vibe-fs/requirements/verification-system/tests/016.test.mjs","name":"WHAT[verification-system-016] project graph rejects malformed lock JSON without publishing a restore receipt","fullName":"WHAT[verification-system-016] corrupt graph cases preserve one shared actual Git candidate and own independent restore resources > WHAT[verification-system-016] project graph rejects malformed lock JSON without publishing a restore receipt"}
[verification-tool-phase] {"phase":"monitor-spawned","pid":83437,"parentPid":83436,"at":1791193607895,"monitorPid":83985,"executable":"/private/var/folders/g_/3ydzn7kx5lg9ylq8fd9p_13r0000gn/T/verification-nuget-project-test-q7Dprr/sdk/dotnet-sdk/dotnet"}
[verification-tool-phase] {"phase":"tool-spawned","pid":83985,"parentPid":83437,"at":1791193607921,"toolPid":83986,"executable":"/private/var/folders/g_/3ydzn7kx5lg9ylq8fd9p_13r0000gn/T/verification-nuget-project-test-q7Dprr/sdk/dotnet-sdk/dotnet"}
[verification-tool-phase] {"phase":"tool-exited","pid":83985,"parentPid":83437,"at":1791193608394,"toolPid":83986,"exitCode":0,"signal":null}
[verification-tool-phase] {"phase":"group-drained","pid":83985,"parentPid":83437,"at":1791193608418,"toolPid":83986}
[verification-tool-phase] {"phase":"monitor-closed","pid":83437,"parentPid":83436,"at":1791193608419,"monitorPid":83985,"exitCode":0,"signal":null}
[verification-tool-phase] {"phase":"monitor-spawned","pid":83437,"parentPid":83436,"at":1791193608421,"monitorPid":83988,"executable":"/private/var/folders/g_/3ydzn7kx5lg9ylq8fd9p_13r0000gn/T/verification-nuget-project-test-q7Dprr/sdk/dotnet-sdk/dotnet"}
[verification-tool-phase] {"phase":"tool-spawned","pid":83988,"parentPid":83437,"at":1791193608450,"toolPid":83989,"executable":"/private/var/folders/g_/3ydzn7kx5lg9ylq8fd9p_13r0000gn/T/verification-nuget-project-test-q7Dprr/sdk/dotnet-sdk/dotnet"}
[verification-tool-phase] {"phase":"tool-exited","pid":83988,"parentPid":83437,"at":1791193608476,"toolPid":83989,"exitCode":0,"signal":null}
[verification-tool-phase] {"phase":"group-drained","pid":83988,"parentPid":83437,"at":1791193608494,"toolPid":83989}
[verification-tool-phase] {"phase":"monitor-closed","pid":83437,"parentPid":83436,"at":1791193608496,"monitorPid":83988,"exitCode":0,"signal":null}
[verification-test-start] {"pid":83437,"parentPid":83436,"entryFile":"/Users/yuanxi/Workwork/vibe-fs/requirements/verification-system/tests/016.test.mjs","name":"WHAT[verification-system-016] project graph rejects malformed assets JSON without publishing a restore receipt","fullName":"WHAT[verification-system-016] corrupt graph cases preserve one shared actual Git candidate and own independent restore resources > WHAT[verification-system-016] project graph rejects malformed assets JSON without publishing a restore receipt"}
[verification-tool-phase] {"phase":"monitor-spawned","pid":83437,"parentPid":83436,"at":1791193608505,"monitorPid":83991,"executable":"/private/var/folders/g_/3ydzn7kx5lg9ylq8fd9p_13r0000gn/T/verification-nuget-project-test-5CzLj7/sdk/dotnet-sdk/dotnet"}
[verification-tool-phase] {"phase":"tool-spawned","pid":83991,"parentPid":83437,"at":1791193608531,"toolPid":83992,"executable":"/private/var/folders/g_/3ydzn7kx5lg9ylq8fd9p_13r0000gn/T/verification-nuget-project-test-5CzLj7/sdk/dotnet-sdk/dotnet"}
[verification-tool-phase] {"phase":"tool-exited","pid":83991,"parentPid":83437,"at":1791193609032,"toolPid":83992,"exitCode":0,"signal":null}
[verification-tool-phase] {"phase":"group-drained","pid":83991,"parentPid":83437,"at":1791193609055,"toolPid":83992}
[verification-tool-phase] {"phase":"monitor-closed","pid":83437,"parentPid":83436,"at":1791193609057,"monitorPid":83991,"exitCode":0,"signal":null}
[verification-tool-phase] {"phase":"monitor-spawned","pid":83437,"parentPid":83436,"at":1791193609059,"monitorPid":83994,"executable":"/private/var/folders/g_/3ydzn7kx5lg9ylq8fd9p_13r0000gn/T/verification-nuget-project-test-5CzLj7/sdk/dotnet-sdk/dotnet"}
[verification-tool-phase] {"phase":"tool-spawned","pid":83994,"parentPid":83437,"at":1791193609088,"toolPid":83995,"executable":"/private/var/folders/g_/3ydzn7kx5lg9ylq8fd9p_13r0000gn/T/verification-nuget-project-test-5CzLj7/sdk/dotnet-sdk/dotnet"}
[verification-tool-phase] {"phase":"tool-exited","pid":83994,"parentPid":83437,"at":1791193609114,"toolPid":83995,"exitCode":0,"signal":null}
[verification-tool-phase] {"phase":"group-drained","pid":83994,"parentPid":83437,"at":1791193609133,"toolPid":83995}
[verification-tool-phase] {"phase":"monitor-closed","pid":83437,"parentPid":83436,"at":1791193609134,"monitorPid":83994,"exitCode":0,"signal":null}
[verification-test-start] {"pid":83437,"parentPid":83436,"entryFile":"/Users/yuanxi/Workwork/vibe-fs/requirements/verification-system/tests/016.test.mjs","name":"WHAT[verification-system-016] project graph rejects lock contentHash disagreement without publishing a restore receipt","fullName":"WHAT[verification-system-016] corrupt graph cases preserve one shared actual Git candidate and own independent restore resources > WHAT[verification-system-016] project graph rejects lock contentHash disagreement without publishing a restore receipt"}
[verification-tool-phase] {"phase":"monitor-spawned","pid":83437,"parentPid":83436,"at":1791193609143,"monitorPid":83997,"executable":"/private/var/folders/g_/3ydzn7kx5lg9ylq8fd9p_13r0000gn/T/verification-nuget-project-test-wMYmI3/sdk/dotnet-sdk/dotnet"}
[verification-tool-phase] {"phase":"tool-spawned","pid":83997,"parentPid":83437,"at":1791193609168,"toolPid":83998,"executable":"/private/var/folders/g_/3ydzn7kx5lg9ylq8fd9p_13r0000gn/T/verification-nuget-project-test-wMYmI3/sdk/dotnet-sdk/dotnet"}
[verification-tool-phase] {"phase":"tool-exited","pid":83997,"parentPid":83437,"at":1791193609674,"toolPid":83998,"exitCode":0,"signal":null}
[verification-tool-phase] {"phase":"group-drained","pid":83997,"parentPid":83437,"at":1791193609699,"toolPid":83998}
[verification-tool-phase] {"phase":"monitor-closed","pid":83437,"parentPid":83436,"at":1791193609701,"monitorPid":83997,"exitCode":0,"signal":null}
[verification-tool-phase] {"phase":"monitor-spawned","pid":83437,"parentPid":83436,"at":1791193609702,"monitorPid":84000,"executable":"/private/var/folders/g_/3ydzn7kx5lg9ylq8fd9p_13r0000gn/T/verification-nuget-project-test-wMYmI3/sdk/dotnet-sdk/dotnet"}
[verification-tool-phase] {"phase":"tool-spawned","pid":84000,"parentPid":83437,"at":1791193609730,"toolPid":84001,"executable":"/private/var/folders/g_/3ydzn7kx5lg9ylq8fd9p_13r0000gn/T/verification-nuget-project-test-wMYmI3/sdk/dotnet-sdk/dotnet"}
[verification-tool-phase] {"phase":"tool-exited","pid":84000,"parentPid":83437,"at":1791193609755,"toolPid":84001,"exitCode":0,"signal":null}
[verification-tool-phase] {"phase":"group-drained","pid":84000,"parentPid":83437,"at":1791193609773,"toolPid":84001}
[verification-tool-phase] {"phase":"monitor-closed","pid":83437,"parentPid":83436,"at":1791193609775,"monitorPid":84000,"exitCode":0,"signal":null}
[verification-test-start] {"pid":83437,"parentPid":83436,"entryFile":"/Users/yuanxi/Workwork/vibe-fs/requirements/verification-system/tests/016.test.mjs","name":"WHAT[verification-system-016] project graph rejects raw archive sidecar disagreement without publishing a restore receipt","fullName":"WHAT[verification-system-016] corrupt graph cases preserve one shared actual Git candidate and own independent restore resources > WHAT[verification-system-016] project graph rejects raw archive sidecar disagreement without publishing a restore receipt"}
[verification-tool-phase] {"phase":"monitor-spawned","pid":83437,"parentPid":83436,"at":1791193609784,"monitorPid":84003,"executable":"/private/var/folders/g_/3ydzn7kx5lg9ylq8fd9p_13r0000gn/T/verification-nuget-project-test-0dOoZN/sdk/dotnet-sdk/dotnet"}
[verification-tool-phase] {"phase":"tool-spawned","pid":84003,"parentPid":83437,"at":1791193609809,"toolPid":84004,"executable":"/private/var/folders/g_/3ydzn7kx5lg9ylq8fd9p_13r0000gn/T/verification-nuget-project-test-0dOoZN/sdk/dotnet-sdk/dotnet"}
[verification-tool-phase] {"phase":"tool-exited","pid":84003,"parentPid":83437,"at":1791193610345,"toolPid":84004,"exitCode":0,"signal":null}
[verification-tool-phase] {"phase":"group-drained","pid":84003,"parentPid":83437,"at":1791193610370,"toolPid":84004}
[verification-tool-phase] {"phase":"monitor-closed","pid":83437,"parentPid":83436,"at":1791193610372,"monitorPid":84003,"exitCode":0,"signal":null}
[verification-tool-phase] {"phase":"monitor-spawned","pid":83437,"parentPid":83436,"at":1791193610374,"monitorPid":84006,"executable":"/private/var/folders/g_/3ydzn7kx5lg9ylq8fd9p_13r0000gn/T/verification-nuget-project-test-0dOoZN/sdk/dotnet-sdk/dotnet"}
[verification-tool-phase] {"phase":"tool-spawned","pid":84006,"parentPid":83437,"at":1791193610403,"toolPid":84007,"executable":"/private/var/folders/g_/3ydzn7kx5lg9ylq8fd9p_13r0000gn/T/verification-nuget-project-test-0dOoZN/sdk/dotnet-sdk/dotnet"}
[verification-tool-phase] {"phase":"tool-exited","pid":84006,"parentPid":83437,"at":1791193610430,"toolPid":84007,"exitCode":0,"signal":null}
[verification-tool-phase] {"phase":"group-drained","pid":84006,"parentPid":83437,"at":1791193610449,"toolPid":84007}
[verification-tool-phase] {"phase":"monitor-closed","pid":83437,"parentPid":83436,"at":1791193610451,"monitorPid":84006,"exitCode":0,"signal":null}
[verification-test-start] {"pid":83437,"parentPid":83436,"entryFile":"/Users/yuanxi/Workwork/vibe-fs/requirements/verification-system/tests/016.test.mjs","name":"WHAT[verification-system-016] project graph rejects changed restored archive bytes without publishing a restore receipt","fullName":"WHAT[verification-system-016] corrupt graph cases preserve one shared actual Git candidate and own independent restore resources > WHAT[verification-system-016] project graph rejects changed restored archive bytes without publishing a restore receipt"}
[verification-tool-phase] {"phase":"monitor-spawned","pid":83437,"parentPid":83436,"at":1791193610460,"monitorPid":84009,"executable":"/private/var/folders/g_/3ydzn7kx5lg9ylq8fd9p_13r0000gn/T/verification-nuget-project-test-QZfg14/sdk/dotnet-sdk/dotnet"}
[verification-tool-phase] {"phase":"tool-spawned","pid":84009,"parentPid":83437,"at":1791193610486,"toolPid":84010,"executable":"/private/var/folders/g_/3ydzn7kx5lg9ylq8fd9p_13r0000gn/T/verification-nuget-project-test-QZfg14/sdk/dotnet-sdk/dotnet"}
[verification-tool-phase] {"phase":"tool-exited","pid":84009,"parentPid":83437,"at":1791193610998,"toolPid":84010,"exitCode":0,"signal":null}
[verification-tool-phase] {"phase":"group-drained","pid":84009,"parentPid":83437,"at":1791193611017,"toolPid":84010}
[verification-tool-phase] {"phase":"monitor-closed","pid":83437,"parentPid":83436,"at":1791193611019,"monitorPid":84009,"exitCode":0,"signal":null}
[verification-tool-phase] {"phase":"monitor-spawned","pid":83437,"parentPid":83436,"at":1791193611020,"monitorPid":84012,"executable":"/private/var/folders/g_/3ydzn7kx5lg9ylq8fd9p_13r0000gn/T/verification-nuget-project-test-QZfg14/sdk/dotnet-sdk/dotnet"}
[verification-tool-phase] {"phase":"tool-spawned","pid":84012,"parentPid":83437,"at":1791193611048,"toolPid":84013,"executable":"/private/var/folders/g_/3ydzn7kx5lg9ylq8fd9p_13r0000gn/T/verification-nuget-project-test-QZfg14/sdk/dotnet-sdk/dotnet"}
[verification-tool-phase] {"phase":"tool-exited","pid":84012,"parentPid":83437,"at":1791193611077,"toolPid":84013,"exitCode":0,"signal":null}
[verification-tool-phase] {"phase":"group-drained","pid":84012,"parentPid":83437,"at":1791193611097,"toolPid":84013}
[verification-tool-phase] {"phase":"monitor-closed","pid":83437,"parentPid":83436,"at":1791193611098,"monitorPid":84012,"exitCode":0,"signal":null}
[verification-test-start] {"pid":83437,"parentPid":83436,"entryFile":"/Users/yuanxi/Workwork/vibe-fs/requirements/verification-system/tests/016.test.mjs","name":"WHAT[verification-system-016] project graph rejects missing runtime file without publishing a restore receipt","fullName":"WHAT[verification-system-016] corrupt graph cases preserve one shared actual Git candidate and own independent restore resources > WHAT[verification-system-016] project graph rejects missing runtime file without publishing a restore receipt"}
[verification-tool-phase] {"phase":"monitor-spawned","pid":83437,"parentPid":83436,"at":1791193611109,"monitorPid":84015,"executable":"/private/var/folders/g_/3ydzn7kx5lg9ylq8fd9p_13r0000gn/T/verification-nuget-project-test-42CRRQ/sdk/dotnet-sdk/dotnet"}
[verification-tool-phase] {"phase":"tool-spawned","pid":84015,"parentPid":83437,"at":1791193611136,"toolPid":84016,"executable":"/private/var/folders/g_/3ydzn7kx5lg9ylq8fd9p_13r0000gn/T/verification-nuget-project-test-42CRRQ/sdk/dotnet-sdk/dotnet"}
[verification-tool-phase] {"phase":"tool-exited","pid":84015,"parentPid":83437,"at":1791193611633,"toolPid":84016,"exitCode":0,"signal":null}
[verification-tool-phase] {"phase":"group-drained","pid":84015,"parentPid":83437,"at":1791193611657,"toolPid":84016}
[verification-tool-phase] {"phase":"monitor-closed","pid":83437,"parentPid":83436,"at":1791193611659,"monitorPid":84015,"exitCode":0,"signal":null}
[verification-tool-phase] {"phase":"monitor-spawned","pid":83437,"parentPid":83436,"at":1791193611661,"monitorPid":84018,"executable":"/private/var/folders/g_/3ydzn7kx5lg9ylq8fd9p_13r0000gn/T/verification-nuget-project-test-42CRRQ/sdk/dotnet-sdk/dotnet"}
[verification-tool-phase] {"phase":"tool-spawned","pid":84018,"parentPid":83437,"at":1791193611692,"toolPid":84019,"executable":"/private/var/folders/g_/3ydzn7kx5lg9ylq8fd9p_13r0000gn/T/verification-nuget-project-test-42CRRQ/sdk/dotnet-sdk/dotnet"}
[verification-tool-phase] {"phase":"tool-exited","pid":84018,"parentPid":83437,"at":1791193611719,"toolPid":84019,"exitCode":0,"signal":null}
[verification-tool-phase] {"phase":"group-drained","pid":84018,"parentPid":83437,"at":1791193611739,"toolPid":84019}
[verification-tool-phase] {"phase":"monitor-closed","pid":83437,"parentPid":83436,"at":1791193611740,"monitorPid":84018,"exitCode":0,"signal":null}
[verification-test-start] {"pid":83437,"parentPid":83436,"entryFile":"/Users/yuanxi/Workwork/vibe-fs/requirements/verification-system/tests/016.test.mjs","name":"WHAT[verification-system-016] project graph rejects foreign package folder without publishing a restore receipt","fullName":"WHAT[verification-system-016] corrupt graph cases preserve one shared actual Git candidate and own independent restore resources > WHAT[verification-system-016] project graph rejects foreign package folder without publishing a restore receipt"}
[verification-tool-phase] {"phase":"monitor-spawned","pid":83437,"parentPid":83436,"at":1791193611750,"monitorPid":84021,"executable":"/private/var/folders/g_/3ydzn7kx5lg9ylq8fd9p_13r0000gn/T/verification-nuget-project-test-2jjwzu/sdk/dotnet-sdk/dotnet"}
[verification-tool-phase] {"phase":"tool-spawned","pid":84021,"parentPid":83437,"at":1791193611775,"toolPid":84022,"executable":"/private/var/folders/g_/3ydzn7kx5lg9ylq8fd9p_13r0000gn/T/verification-nuget-project-test-2jjwzu/sdk/dotnet-sdk/dotnet"}
[verification-tool-phase] {"phase":"tool-exited","pid":84021,"parentPid":83437,"at":1791193612254,"toolPid":84022,"exitCode":0,"signal":null}
[verification-tool-phase] {"phase":"group-drained","pid":84021,"parentPid":83437,"at":1791193612279,"toolPid":84022}
[verification-tool-phase] {"phase":"monitor-closed","pid":83437,"parentPid":83436,"at":1791193612280,"monitorPid":84021,"exitCode":0,"signal":null}
[verification-tool-phase] {"phase":"monitor-spawned","pid":83437,"parentPid":83436,"at":1791193612282,"monitorPid":84024,"executable":"/private/var/folders/g_/3ydzn7kx5lg9ylq8fd9p_13r0000gn/T/verification-nuget-project-test-2jjwzu/sdk/dotnet-sdk/dotnet"}
[verification-tool-phase] {"phase":"tool-spawned","pid":84024,"parentPid":83437,"at":1791193612311,"toolPid":84025,"executable":"/private/var/folders/g_/3ydzn7kx5lg9ylq8fd9p_13r0000gn/T/verification-nuget-project-test-2jjwzu/sdk/dotnet-sdk/dotnet"}
[verification-tool-phase] {"phase":"tool-exited","pid":84024,"parentPid":83437,"at":1791193612339,"toolPid":84025,"exitCode":0,"signal":null}
[verification-tool-phase] {"phase":"group-drained","pid":84024,"parentPid":83437,"at":1791193612358,"toolPid":84025}
[verification-tool-phase] {"phase":"monitor-closed","pid":83437,"parentPid":83436,"at":1791193612359,"monitorPid":84024,"exitCode":0,"signal":null}
[verification-test-start] {"pid":83437,"parentPid":83436,"entryFile":"/Users/yuanxi/Workwork/vibe-fs/requirements/verification-system/tests/016.test.mjs","name":"WHAT[verification-system-016] project restore rejects an added feed archive changed by the first consumer before starting locked restore","fullName":"WHAT[verification-system-016] project restore rejects an added feed archive changed by the first consumer before starting locked restore"}
[verification-tool-phase] {"phase":"monitor-spawned","pid":83437,"parentPid":83436,"at":1791193612525,"monitorPid":84144,"executable":"/private/var/folders/g_/3ydzn7kx5lg9ylq8fd9p_13r0000gn/T/verification-nuget-project-test-JMEDGX/sdk/dotnet-sdk/dotnet"}
[verification-tool-phase] {"phase":"tool-spawned","pid":84144,"parentPid":83437,"at":1791193612549,"toolPid":84145,"executable":"/private/var/folders/g_/3ydzn7kx5lg9ylq8fd9p_13r0000gn/T/verification-nuget-project-test-JMEDGX/sdk/dotnet-sdk/dotnet"}
[verification-tool-phase] {"phase":"tool-exited","pid":84144,"parentPid":83437,"at":1791193613170,"toolPid":84145,"exitCode":0,"signal":null}
[verification-tool-phase] {"phase":"group-drained","pid":84144,"parentPid":83437,"at":1791193613195,"toolPid":84145}
[verification-tool-phase] {"phase":"monitor-closed","pid":83437,"parentPid":83436,"at":1791193613197,"monitorPid":84144,"exitCode":0,"signal":null}
[verification-tool-phase] {"phase":"monitor-spawned","pid":83437,"parentPid":83436,"at":1791193613199,"monitorPid":84147,"executable":"/private/var/folders/g_/3ydzn7kx5lg9ylq8fd9p_13r0000gn/T/verification-nuget-project-test-JMEDGX/sdk/dotnet-sdk/dotnet"}
[verification-tool-phase] {"phase":"tool-spawned","pid":84147,"parentPid":83437,"at":1791193613226,"toolPid":84148,"executable":"/private/var/folders/g_/3ydzn7kx5lg9ylq8fd9p_13r0000gn/T/verification-nuget-project-test-JMEDGX/sdk/dotnet-sdk/dotnet"}
[verification-tool-phase] {"phase":"tool-exited","pid":84147,"parentPid":83437,"at":1791193613253,"toolPid":84148,"exitCode":0,"signal":null}
[verification-tool-phase] {"phase":"group-drained","pid":84147,"parentPid":83437,"at":1791193613273,"toolPid":84148}
[verification-tool-phase] {"phase":"monitor-closed","pid":83437,"parentPid":83436,"at":1791193613274,"monitorPid":84147,"exitCode":0,"signal":null}
[verification-test-start] {"pid":83437,"parentPid":83436,"entryFile":"/Users/yuanxi/Workwork/vibe-fs/requirements/verification-system/tests/016.test.mjs","name":"WHAT[verification-system-016] project restore rejects selected feed bytes changed by the first consumer before starting locked restore","fullName":"WHAT[verification-system-016] project restore rejects selected feed bytes changed by the first consumer before starting locked restore"}
[verification-tool-phase] {"phase":"monitor-spawned","pid":83437,"parentPid":83436,"at":1791193613438,"monitorPid":84267,"executable":"/private/var/folders/g_/3ydzn7kx5lg9ylq8fd9p_13r0000gn/T/verification-nuget-project-test-bPrPip/sdk/dotnet-sdk/dotnet"}
[verification-tool-phase] {"phase":"tool-spawned","pid":84267,"parentPid":83437,"at":1791193613463,"toolPid":84268,"executable":"/private/var/folders/g_/3ydzn7kx5lg9ylq8fd9p_13r0000gn/T/verification-nuget-project-test-bPrPip/sdk/dotnet-sdk/dotnet"}
[verification-tool-phase] {"phase":"tool-exited","pid":84267,"parentPid":83437,"at":1791193614365,"toolPid":84268,"exitCode":0,"signal":null}
[verification-tool-phase] {"phase":"group-drained","pid":84267,"parentPid":83437,"at":1791193614389,"toolPid":84268}
[verification-tool-phase] {"phase":"monitor-closed","pid":83437,"parentPid":83436,"at":1791193614391,"monitorPid":84267,"exitCode":0,"signal":null}
[verification-tool-phase] {"phase":"monitor-spawned","pid":83437,"parentPid":83436,"at":1791193614393,"monitorPid":84271,"executable":"/private/var/folders/g_/3ydzn7kx5lg9ylq8fd9p_13r0000gn/T/verification-nuget-project-test-bPrPip/sdk/dotnet-sdk/dotnet"}
[verification-tool-phase] {"phase":"tool-spawned","pid":84271,"parentPid":83437,"at":1791193614420,"toolPid":84272,"executable":"/private/var/folders/g_/3ydzn7kx5lg9ylq8fd9p_13r0000gn/T/verification-nuget-project-test-bPrPip/sdk/dotnet-sdk/dotnet"}
[verification-tool-phase] {"phase":"tool-exited","pid":84271,"parentPid":83437,"at":1791193614447,"toolPid":84272,"exitCode":0,"signal":null}
[verification-tool-phase] {"phase":"group-drained","pid":84271,"parentPid":83437,"at":1791193614465,"toolPid":84272}
[verification-tool-phase] {"phase":"monitor-closed","pid":83437,"parentPid":83436,"at":1791193614466,"monitorPid":84271,"exitCode":0,"signal":null}
[verification-test-start] {"pid":83437,"parentPid":83436,"entryFile":"/Users/yuanxi/Workwork/vibe-fs/requirements/verification-system/tests/016.test.mjs","name":"WHAT[verification-system-016] project restore rejects the selected NuGet config changed by the first consumer before starting locked restore","fullName":"WHAT[verification-system-016] project restore rejects the selected NuGet config changed by the first consumer before starting locked restore"}
[verification-tool-phase] {"phase":"monitor-spawned","pid":83437,"parentPid":83436,"at":1791193614621,"monitorPid":84391,"executable":"/private/var/folders/g_/3ydzn7kx5lg9ylq8fd9p_13r0000gn/T/verification-nuget-project-test-WabL26/sdk/dotnet-sdk/dotnet"}
[verification-tool-phase] {"phase":"tool-spawned","pid":84391,"parentPid":83437,"at":1791193614647,"toolPid":84392,"executable":"/private/var/folders/g_/3ydzn7kx5lg9ylq8fd9p_13r0000gn/T/verification-nuget-project-test-WabL26/sdk/dotnet-sdk/dotnet"}
[verification-tool-phase] {"phase":"tool-exited","pid":84391,"parentPid":83437,"at":1791193615255,"toolPid":84392,"exitCode":0,"signal":null}
[verification-tool-phase] {"phase":"group-drained","pid":84391,"parentPid":83437,"at":1791193615279,"toolPid":84392}
[verification-tool-phase] {"phase":"monitor-closed","pid":83437,"parentPid":83436,"at":1791193615281,"monitorPid":84391,"exitCode":0,"signal":null}
[verification-tool-phase] {"phase":"monitor-spawned","pid":83437,"parentPid":83436,"at":1791193615284,"monitorPid":84394,"executable":"/private/var/folders/g_/3ydzn7kx5lg9ylq8fd9p_13r0000gn/T/verification-nuget-project-test-WabL26/sdk/dotnet-sdk/dotnet"}
[verification-tool-phase] {"phase":"tool-spawned","pid":84394,"parentPid":83437,"at":1791193615312,"toolPid":84395,"executable":"/private/var/folders/g_/3ydzn7kx5lg9ylq8fd9p_13r0000gn/T/verification-nuget-project-test-WabL26/sdk/dotnet-sdk/dotnet"}
[verification-tool-phase] {"phase":"tool-exited","pid":84394,"parentPid":83437,"at":1791193615340,"toolPid":84395,"exitCode":0,"signal":null}
[verification-tool-phase] {"phase":"group-drained","pid":84394,"parentPid":83437,"at":1791193615359,"toolPid":84395}
[verification-tool-phase] {"phase":"monitor-closed","pid":83437,"parentPid":83436,"at":1791193615361,"monitorPid":84394,"exitCode":0,"signal":null}
[verification-test-start] {"pid":83437,"parentPid":83436,"entryFile":"/Users/yuanxi/Workwork/vibe-fs/requirements/verification-system/tests/016.test.mjs","name":"WHAT[verification-system-016] project restore rejects a Git journal file changed by the first consumer before starting locked restore","fullName":"WHAT[verification-system-016] project restore rejects a Git journal file changed by the first consumer before starting locked restore"}
[verification-tool-phase] {"phase":"monitor-spawned","pid":83437,"parentPid":83436,"at":1791193615524,"monitorPid":84514,"executable":"/private/var/folders/g_/3ydzn7kx5lg9ylq8fd9p_13r0000gn/T/verification-nuget-project-test-olTmr8/sdk/dotnet-sdk/dotnet"}
[verification-tool-phase] {"phase":"tool-spawned","pid":84514,"parentPid":83437,"at":1791193615549,"toolPid":84515,"executable":"/private/var/folders/g_/3ydzn7kx5lg9ylq8fd9p_13r0000gn/T/verification-nuget-project-test-olTmr8/sdk/dotnet-sdk/dotnet"}
[verification-tool-phase] {"phase":"tool-exited","pid":84514,"parentPid":83437,"at":1791193616113,"toolPid":84515,"exitCode":0,"signal":null}
[verification-tool-phase] {"phase":"group-drained","pid":84514,"parentPid":83437,"at":1791193616133,"toolPid":84515}
[verification-tool-phase] {"phase":"monitor-closed","pid":83437,"parentPid":83436,"at":1791193616135,"monitorPid":84514,"exitCode":0,"signal":null}
[verification-tool-phase] {"phase":"monitor-spawned","pid":83437,"parentPid":83436,"at":1791193616136,"monitorPid":84517,"executable":"/private/var/folders/g_/3ydzn7kx5lg9ylq8fd9p_13r0000gn/T/verification-nuget-project-test-olTmr8/sdk/dotnet-sdk/dotnet"}
[verification-tool-phase] {"phase":"tool-spawned","pid":84517,"parentPid":83437,"at":1791193616163,"toolPid":84518,"executable":"/private/var/folders/g_/3ydzn7kx5lg9ylq8fd9p_13r0000gn/T/verification-nuget-project-test-olTmr8/sdk/dotnet-sdk/dotnet"}
[verification-tool-phase] {"phase":"tool-exited","pid":84517,"parentPid":83437,"at":1791193616190,"toolPid":84518,"exitCode":0,"signal":null}
[verification-tool-phase] {"phase":"group-drained","pid":84517,"parentPid":83437,"at":1791193616209,"toolPid":84518}
[verification-tool-phase] {"phase":"monitor-closed","pid":83437,"parentPid":83436,"at":1791193616211,"monitorPid":84517,"exitCode":0,"signal":null}
[verification-test-start] {"pid":83437,"parentPid":83436,"entryFile":"/Users/yuanxi/Workwork/vibe-fs/requirements/verification-system/tests/016.test.mjs","name":"WHAT[verification-system-016] fresh-cache locked project restore rejects graph change","fullName":"WHAT[verification-system-016] fresh-cache locked project restore rejects graph change"}
[verification-tool-phase] {"phase":"monitor-spawned","pid":83437,"parentPid":83436,"at":1791193616388,"monitorPid":84637,"executable":"/private/var/folders/g_/3ydzn7kx5lg9ylq8fd9p_13r0000gn/T/verification-nuget-project-test-T6RKaD/sdk/dotnet-sdk/dotnet"}
[verification-tool-phase] {"phase":"tool-spawned","pid":84637,"parentPid":83437,"at":1791193616413,"toolPid":84638,"executable":"/private/var/folders/g_/3ydzn7kx5lg9ylq8fd9p_13r0000gn/T/verification-nuget-project-test-T6RKaD/sdk/dotnet-sdk/dotnet"}
[verification-tool-phase] {"phase":"tool-exited","pid":84637,"parentPid":83437,"at":1791193617006,"toolPid":84638,"exitCode":0,"signal":null}
[verification-tool-phase] {"phase":"group-drained","pid":84637,"parentPid":83437,"at":1791193617030,"toolPid":84638}
[verification-tool-phase] {"phase":"monitor-closed","pid":83437,"parentPid":83436,"at":1791193617032,"monitorPid":84637,"exitCode":0,"signal":null}
[verification-tool-phase] {"phase":"monitor-spawned","pid":83437,"parentPid":83436,"at":1791193617034,"monitorPid":84640,"executable":"/private/var/folders/g_/3ydzn7kx5lg9ylq8fd9p_13r0000gn/T/verification-nuget-project-test-T6RKaD/sdk/dotnet-sdk/dotnet"}
[verification-tool-phase] {"phase":"tool-spawned","pid":84640,"parentPid":83437,"at":1791193617062,"toolPid":84641,"executable":"/private/var/folders/g_/3ydzn7kx5lg9ylq8fd9p_13r0000gn/T/verification-nuget-project-test-T6RKaD/sdk/dotnet-sdk/dotnet"}
[verification-tool-phase] {"phase":"tool-exited","pid":84640,"parentPid":83437,"at":1791193617089,"toolPid":84641,"exitCode":0,"signal":null}
[verification-tool-phase] {"phase":"group-drained","pid":84640,"parentPid":83437,"at":1791193617109,"toolPid":84641}
[verification-tool-phase] {"phase":"monitor-closed","pid":83437,"parentPid":83436,"at":1791193617110,"monitorPid":84640,"exitCode":0,"signal":null}
[verification-tool-phase] {"phase":"monitor-spawned","pid":83437,"parentPid":83436,"at":1791193617114,"monitorPid":84643,"executable":"/private/var/folders/g_/3ydzn7kx5lg9ylq8fd9p_13r0000gn/T/verification-nuget-project-test-T6RKaD/sdk/dotnet-sdk/dotnet"}
[verification-tool-phase] {"phase":"tool-spawned","pid":84643,"parentPid":83437,"at":1791193617140,"toolPid":84644,"executable":"/private/var/folders/g_/3ydzn7kx5lg9ylq8fd9p_13r0000gn/T/verification-nuget-project-test-T6RKaD/sdk/dotnet-sdk/dotnet"}
[verification-tool-phase] {"phase":"tool-exited","pid":84643,"parentPid":83437,"at":1791193617166,"toolPid":84644,"exitCode":0,"signal":null}
[verification-tool-phase] {"phase":"group-drained","pid":84643,"parentPid":83437,"at":1791193617184,"toolPid":84644}
[verification-tool-phase] {"phase":"monitor-closed","pid":83437,"parentPid":83436,"at":1791193617186,"monitorPid":84643,"exitCode":0,"signal":null}
[verification-test-start] {"pid":83437,"parentPid":83436,"entryFile":"/Users/yuanxi/Workwork/vibe-fs/requirements/verification-system/tests/016.test.mjs","name":"WHAT[verification-system-016] fresh-cache locked project restore rejects lock byte change","fullName":"WHAT[verification-system-016] fresh-cache locked project restore rejects lock byte change"}
[verification-tool-phase] {"phase":"monitor-spawned","pid":83437,"parentPid":83436,"at":1791193617343,"monitorPid":84763,"executable":"/private/var/folders/g_/3ydzn7kx5lg9ylq8fd9p_13r0000gn/T/verification-nuget-project-test-JUjtWT/sdk/dotnet-sdk/dotnet"}
[verification-tool-phase] {"phase":"tool-spawned","pid":84763,"parentPid":83437,"at":1791193617371,"toolPid":84764,"executable":"/private/var/folders/g_/3ydzn7kx5lg9ylq8fd9p_13r0000gn/T/verification-nuget-project-test-JUjtWT/sdk/dotnet-sdk/dotnet"}
[verification-tool-phase] {"phase":"tool-exited","pid":84763,"parentPid":83437,"at":1791193617981,"toolPid":84764,"exitCode":0,"signal":null}
[verification-tool-phase] {"phase":"group-drained","pid":84763,"parentPid":83437,"at":1791193618005,"toolPid":84764}
[verification-tool-phase] {"phase":"monitor-closed","pid":83437,"parentPid":83436,"at":1791193618007,"monitorPid":84763,"exitCode":0,"signal":null}
[verification-tool-phase] {"phase":"monitor-spawned","pid":83437,"parentPid":83436,"at":1791193618009,"monitorPid":84766,"executable":"/private/var/folders/g_/3ydzn7kx5lg9ylq8fd9p_13r0000gn/T/verification-nuget-project-test-JUjtWT/sdk/dotnet-sdk/dotnet"}
[verification-tool-phase] {"phase":"tool-spawned","pid":84766,"parentPid":83437,"at":1791193618037,"toolPid":84767,"executable":"/private/var/folders/g_/3ydzn7kx5lg9ylq8fd9p_13r0000gn/T/verification-nuget-project-test-JUjtWT/sdk/dotnet-sdk/dotnet"}
[verification-tool-phase] {"phase":"tool-exited","pid":84766,"parentPid":83437,"at":1791193618064,"toolPid":84767,"exitCode":0,"signal":null}
[verification-tool-phase] {"phase":"group-drained","pid":84766,"parentPid":83437,"at":1791193618083,"toolPid":84767}
[verification-tool-phase] {"phase":"monitor-closed","pid":83437,"parentPid":83436,"at":1791193618085,"monitorPid":84766,"exitCode":0,"signal":null}
[verification-tool-phase] {"phase":"monitor-spawned","pid":83437,"parentPid":83436,"at":1791193618088,"monitorPid":84769,"executable":"/private/var/folders/g_/3ydzn7kx5lg9ylq8fd9p_13r0000gn/T/verification-nuget-project-test-JUjtWT/sdk/dotnet-sdk/dotnet"}
[verification-tool-phase] {"phase":"tool-spawned","pid":84769,"parentPid":83437,"at":1791193618113,"toolPid":84770,"executable":"/private/var/folders/g_/3ydzn7kx5lg9ylq8fd9p_13r0000gn/T/verification-nuget-project-test-JUjtWT/sdk/dotnet-sdk/dotnet"}
[verification-tool-phase] {"phase":"tool-exited","pid":84769,"parentPid":83437,"at":1791193618137,"toolPid":84770,"exitCode":0,"signal":null}
[verification-tool-phase] {"phase":"group-drained","pid":84769,"parentPid":83437,"at":1791193618155,"toolPid":84770}
[verification-tool-phase] {"phase":"monitor-closed","pid":83437,"parentPid":83436,"at":1791193618157,"monitorPid":84769,"exitCode":0,"signal":null}
[verification-test-start] {"pid":83437,"parentPid":83436,"entryFile":"/Users/yuanxi/Workwork/vibe-fs/requirements/verification-system/tests/016.test.mjs","name":"WHAT[verification-system-016] fresh-cache locked project restore rejects physical locked restore failure","fullName":"WHAT[verification-system-016] fresh-cache locked project restore rejects physical locked restore failure"}
[verification-tool-phase] {"phase":"monitor-spawned","pid":83437,"parentPid":83436,"at":1791193618314,"monitorPid":84889,"executable":"/private/var/folders/g_/3ydzn7kx5lg9ylq8fd9p_13r0000gn/T/verification-nuget-project-test-uGWKcL/sdk/dotnet-sdk/dotnet"}
[verification-tool-phase] {"phase":"tool-spawned","pid":84889,"parentPid":83437,"at":1791193618338,"toolPid":84890,"executable":"/private/var/folders/g_/3ydzn7kx5lg9ylq8fd9p_13r0000gn/T/verification-nuget-project-test-uGWKcL/sdk/dotnet-sdk/dotnet"}
[verification-tool-phase] {"phase":"tool-exited","pid":84889,"parentPid":83437,"at":1791193618932,"toolPid":84890,"exitCode":0,"signal":null}
[verification-tool-phase] {"phase":"group-drained","pid":84889,"parentPid":83437,"at":1791193618956,"toolPid":84890}
[verification-tool-phase] {"phase":"monitor-closed","pid":83437,"parentPid":83436,"at":1791193618958,"monitorPid":84889,"exitCode":0,"signal":null}
[verification-tool-phase] {"phase":"monitor-spawned","pid":83437,"parentPid":83436,"at":1791193618960,"monitorPid":84892,"executable":"/private/var/folders/g_/3ydzn7kx5lg9ylq8fd9p_13r0000gn/T/verification-nuget-project-test-uGWKcL/sdk/dotnet-sdk/dotnet"}
[verification-tool-phase] {"phase":"tool-spawned","pid":84892,"parentPid":83437,"at":1791193618989,"toolPid":84893,"executable":"/private/var/folders/g_/3ydzn7kx5lg9ylq8fd9p_13r0000gn/T/verification-nuget-project-test-uGWKcL/sdk/dotnet-sdk/dotnet"}
[verification-tool-phase] {"phase":"tool-exited","pid":84892,"parentPid":83437,"at":1791193619015,"toolPid":84893,"exitCode":0,"signal":null}
[verification-tool-phase] {"phase":"group-drained","pid":84892,"parentPid":83437,"at":1791193619034,"toolPid":84893}
[verification-tool-phase] {"phase":"monitor-closed","pid":83437,"parentPid":83436,"at":1791193619035,"monitorPid":84892,"exitCode":0,"signal":null}
[verification-tool-phase] {"phase":"monitor-spawned","pid":83437,"parentPid":83436,"at":1791193619039,"monitorPid":84895,"executable":"/private/var/folders/g_/3ydzn7kx5lg9ylq8fd9p_13r0000gn/T/verification-nuget-project-test-uGWKcL/sdk/dotnet-sdk/dotnet"}
[verification-tool-phase] {"phase":"tool-spawned","pid":84895,"parentPid":83437,"at":1791193619066,"toolPid":84896,"executable":"/private/var/folders/g_/3ydzn7kx5lg9ylq8fd9p_13r0000gn/T/verification-nuget-project-test-uGWKcL/sdk/dotnet-sdk/dotnet"}
[verification-tool-phase] {"phase":"tool-exited","pid":84895,"parentPid":83437,"at":1791193619090,"toolPid":84896,"exitCode":74,"signal":null}
[verification-tool-phase] {"phase":"group-drained","pid":84895,"parentPid":83437,"at":1791193619108,"toolPid":84896}
[verification-tool-phase] {"phase":"monitor-closed","pid":83437,"parentPid":83436,"at":1791193619109,"monitorPid":84895,"exitCode":0,"signal":null}
[verification-test-start] {"pid":83437,"parentPid":83436,"entryFile":"/Users/yuanxi/Workwork/vibe-fs/requirements/verification-system/tests/016.test.mjs","name":"WHAT[verification-system-016] a changed public project root cannot borrow the prepared identity or redirect disposal","fullName":"WHAT[verification-system-016] a changed public project root cannot borrow the prepared identity or redirect disposal"}
[verification-tool-phase] {"phase":"monitor-spawned","pid":83437,"parentPid":83436,"at":1791193619263,"monitorPid":85015,"executable":"/private/var/folders/g_/3ydzn7kx5lg9ylq8fd9p_13r0000gn/T/verification-nuget-project-test-kq2US0/sdk/dotnet-sdk/dotnet"}
[verification-tool-phase] {"phase":"tool-spawned","pid":85015,"parentPid":83437,"at":1791193619288,"toolPid":85016,"executable":"/private/var/folders/g_/3ydzn7kx5lg9ylq8fd9p_13r0000gn/T/verification-nuget-project-test-kq2US0/sdk/dotnet-sdk/dotnet"}
[verification-tool-phase] {"phase":"tool-exited","pid":85015,"parentPid":83437,"at":1791193619863,"toolPid":85016,"exitCode":0,"signal":null}
[verification-tool-phase] {"phase":"group-drained","pid":85015,"parentPid":83437,"at":1791193619885,"toolPid":85016}
[verification-tool-phase] {"phase":"monitor-closed","pid":83437,"parentPid":83436,"at":1791193619886,"monitorPid":85015,"exitCode":0,"signal":null}
[verification-tool-phase] {"phase":"monitor-spawned","pid":83437,"parentPid":83436,"at":1791193619888,"monitorPid":85018,"executable":"/private/var/folders/g_/3ydzn7kx5lg9ylq8fd9p_13r0000gn/T/verification-nuget-project-test-kq2US0/sdk/dotnet-sdk/dotnet"}
[verification-tool-phase] {"phase":"tool-spawned","pid":85018,"parentPid":83437,"at":1791193619917,"toolPid":85019,"executable":"/private/var/folders/g_/3ydzn7kx5lg9ylq8fd9p_13r0000gn/T/verification-nuget-project-test-kq2US0/sdk/dotnet-sdk/dotnet"}
[verification-tool-phase] {"phase":"tool-exited","pid":85018,"parentPid":83437,"at":1791193619944,"toolPid":85019,"exitCode":0,"signal":null}
[verification-tool-phase] {"phase":"group-drained","pid":85018,"parentPid":83437,"at":1791193619962,"toolPid":85019}
[verification-tool-phase] {"phase":"monitor-closed","pid":83437,"parentPid":83436,"at":1791193619964,"monitorPid":85018,"exitCode":0,"signal":null}
[verification-tool-phase] {"phase":"monitor-spawned","pid":83437,"parentPid":83436,"at":1791193619968,"monitorPid":85021,"executable":"/private/var/folders/g_/3ydzn7kx5lg9ylq8fd9p_13r0000gn/T/verification-nuget-project-test-kq2US0/sdk/dotnet-sdk/dotnet"}
[verification-tool-phase] {"phase":"tool-spawned","pid":85021,"parentPid":83437,"at":1791193619995,"toolPid":85022,"executable":"/private/var/folders/g_/3ydzn7kx5lg9ylq8fd9p_13r0000gn/T/verification-nuget-project-test-kq2US0/sdk/dotnet-sdk/dotnet"}
[verification-tool-phase] {"phase":"tool-exited","pid":85021,"parentPid":83437,"at":1791193620021,"toolPid":85022,"exitCode":0,"signal":null}
[verification-tool-phase] {"phase":"group-drained","pid":85021,"parentPid":83437,"at":1791193620044,"toolPid":85022}
[verification-tool-phase] {"phase":"monitor-closed","pid":83437,"parentPid":83436,"at":1791193620045,"monitorPid":85021,"exitCode":0,"signal":null}
[verification-test-start] {"pid":83437,"parentPid":83436,"entryFile":"/Users/yuanxi/Workwork/vibe-fs/requirements/verification-system/tests/016.test.mjs","name":"WHAT[verification-system-016] a changed public project digest cannot claim the original prepared identity","fullName":"WHAT[verification-system-016] a changed public project digest cannot claim the original prepared identity"}
[verification-tool-phase] {"phase":"monitor-spawned","pid":83437,"parentPid":83436,"at":1791193620213,"monitorPid":85143,"executable":"/private/var/folders/g_/3ydzn7kx5lg9ylq8fd9p_13r0000gn/T/verification-nuget-project-test-J97IPA/sdk/dotnet-sdk/dotnet"}
[verification-tool-phase] {"phase":"tool-spawned","pid":85143,"parentPid":83437,"at":1791193620238,"toolPid":85144,"executable":"/private/var/folders/g_/3ydzn7kx5lg9ylq8fd9p_13r0000gn/T/verification-nuget-project-test-J97IPA/sdk/dotnet-sdk/dotnet"}
[verification-tool-phase] {"phase":"tool-exited","pid":85143,"parentPid":83437,"at":1791193620851,"toolPid":85144,"exitCode":0,"signal":null}
[verification-tool-phase] {"phase":"group-drained","pid":85143,"parentPid":83437,"at":1791193620873,"toolPid":85144}
[verification-tool-phase] {"phase":"monitor-closed","pid":83437,"parentPid":83436,"at":1791193620875,"monitorPid":85143,"exitCode":0,"signal":null}
[verification-tool-phase] {"phase":"monitor-spawned","pid":83437,"parentPid":83436,"at":1791193620877,"monitorPid":85146,"executable":"/private/var/folders/g_/3ydzn7kx5lg9ylq8fd9p_13r0000gn/T/verification-nuget-project-test-J97IPA/sdk/dotnet-sdk/dotnet"}
[verification-tool-phase] {"phase":"tool-spawned","pid":85146,"parentPid":83437,"at":1791193620903,"toolPid":85147,"executable":"/private/var/folders/g_/3ydzn7kx5lg9ylq8fd9p_13r0000gn/T/verification-nuget-project-test-J97IPA/sdk/dotnet-sdk/dotnet"}
[verification-tool-phase] {"phase":"tool-exited","pid":85146,"parentPid":83437,"at":1791193620932,"toolPid":85147,"exitCode":0,"signal":null}
[verification-tool-phase] {"phase":"group-drained","pid":85146,"parentPid":83437,"at":1791193620952,"toolPid":85147}
[verification-tool-phase] {"phase":"monitor-closed","pid":83437,"parentPid":83436,"at":1791193620954,"monitorPid":85146,"exitCode":0,"signal":null}
[verification-tool-phase] {"phase":"monitor-spawned","pid":83437,"parentPid":83436,"at":1791193620958,"monitorPid":85149,"executable":"/private/var/folders/g_/3ydzn7kx5lg9ylq8fd9p_13r0000gn/T/verification-nuget-project-test-J97IPA/sdk/dotnet-sdk/dotnet"}
[verification-tool-phase] {"phase":"tool-spawned","pid":85149,"parentPid":83437,"at":1791193620985,"toolPid":85150,"executable":"/private/var/folders/g_/3ydzn7kx5lg9ylq8fd9p_13r0000gn/T/verification-nuget-project-test-J97IPA/sdk/dotnet-sdk/dotnet"}
[verification-tool-phase] {"phase":"tool-exited","pid":85149,"parentPid":83437,"at":1791193621016,"toolPid":85150,"exitCode":0,"signal":null}
[verification-tool-phase] {"phase":"group-drained","pid":85149,"parentPid":83437,"at":1791193621035,"toolPid":85150}
[verification-tool-phase] {"phase":"monitor-closed","pid":83437,"parentPid":83436,"at":1791193621037,"monitorPid":85149,"exitCode":0,"signal":null}
[verification-test-start] {"pid":83437,"parentPid":83436,"entryFile":"/Users/yuanxi/Workwork/vibe-fs/requirements/verification-system/tests/016.test.mjs","name":"WHAT[verification-system-016] a prepared project rejects bytes output identity before further consumption","fullName":"WHAT[verification-system-016] a prepared project rejects bytes output identity before further consumption"}
[verification-tool-phase] {"phase":"monitor-spawned","pid":83437,"parentPid":83436,"at":1791193621234,"monitorPid":85277,"executable":"/private/var/folders/g_/3ydzn7kx5lg9ylq8fd9p_13r0000gn/T/verification-nuget-project-test-tU99In/sdk/dotnet-sdk/dotnet"}
[verification-tool-phase] {"phase":"tool-spawned","pid":85277,"parentPid":83437,"at":1791193621262,"toolPid":85278,"executable":"/private/var/folders/g_/3ydzn7kx5lg9ylq8fd9p_13r0000gn/T/verification-nuget-project-test-tU99In/sdk/dotnet-sdk/dotnet"}
[verification-tool-phase] {"phase":"tool-exited","pid":85277,"parentPid":83437,"at":1791193621863,"toolPid":85278,"exitCode":0,"signal":null}
[verification-tool-phase] {"phase":"group-drained","pid":85277,"parentPid":83437,"at":1791193621886,"toolPid":85278}
[verification-tool-phase] {"phase":"monitor-closed","pid":83437,"parentPid":83436,"at":1791193621888,"monitorPid":85277,"exitCode":0,"signal":null}
[verification-tool-phase] {"phase":"monitor-spawned","pid":83437,"parentPid":83436,"at":1791193621890,"monitorPid":85280,"executable":"/private/var/folders/g_/3ydzn7kx5lg9ylq8fd9p_13r0000gn/T/verification-nuget-project-test-tU99In/sdk/dotnet-sdk/dotnet"}
[verification-tool-phase] {"phase":"tool-spawned","pid":85280,"parentPid":83437,"at":1791193621918,"toolPid":85281,"executable":"/private/var/folders/g_/3ydzn7kx5lg9ylq8fd9p_13r0000gn/T/verification-nuget-project-test-tU99In/sdk/dotnet-sdk/dotnet"}
[verification-tool-phase] {"phase":"tool-exited","pid":85280,"parentPid":83437,"at":1791193621947,"toolPid":85281,"exitCode":0,"signal":null}
[verification-tool-phase] {"phase":"group-drained","pid":85280,"parentPid":83437,"at":1791193621966,"toolPid":85281}
[verification-tool-phase] {"phase":"monitor-closed","pid":83437,"parentPid":83436,"at":1791193621967,"monitorPid":85280,"exitCode":0,"signal":null}
[verification-tool-phase] {"phase":"monitor-spawned","pid":83437,"parentPid":83436,"at":1791193621971,"monitorPid":85283,"executable":"/private/var/folders/g_/3ydzn7kx5lg9ylq8fd9p_13r0000gn/T/verification-nuget-project-test-tU99In/sdk/dotnet-sdk/dotnet"}
[verification-tool-phase] {"phase":"tool-spawned","pid":85283,"parentPid":83437,"at":1791193621996,"toolPid":85284,"executable":"/private/var/folders/g_/3ydzn7kx5lg9ylq8fd9p_13r0000gn/T/verification-nuget-project-test-tU99In/sdk/dotnet-sdk/dotnet"}
[verification-tool-phase] {"phase":"tool-exited","pid":85283,"parentPid":83437,"at":1791193622023,"toolPid":85284,"exitCode":0,"signal":null}
[verification-tool-phase] {"phase":"group-drained","pid":85283,"parentPid":83437,"at":1791193622041,"toolPid":85284}
[verification-tool-phase] {"phase":"monitor-closed","pid":83437,"parentPid":83436,"at":1791193622042,"monitorPid":85283,"exitCode":0,"signal":null}
[verification-test-start] {"pid":83437,"parentPid":83436,"entryFile":"/Users/yuanxi/Workwork/vibe-fs/requirements/verification-system/tests/016.test.mjs","name":"WHAT[verification-system-016] a prepared project rejects mode output identity before further consumption","fullName":"WHAT[verification-system-016] a prepared project rejects mode output identity before further consumption"}
[verification-tool-phase] {"phase":"monitor-spawned","pid":83437,"parentPid":83436,"at":1791193622204,"monitorPid":85404,"executable":"/private/var/folders/g_/3ydzn7kx5lg9ylq8fd9p_13r0000gn/T/verification-nuget-project-test-OdMWOB/sdk/dotnet-sdk/dotnet"}
[verification-tool-phase] {"phase":"tool-spawned","pid":85404,"parentPid":83437,"at":1791193622230,"toolPid":85405,"executable":"/private/var/folders/g_/3ydzn7kx5lg9ylq8fd9p_13r0000gn/T/verification-nuget-project-test-OdMWOB/sdk/dotnet-sdk/dotnet"}
[verification-tool-phase] {"phase":"tool-exited","pid":85404,"parentPid":83437,"at":1791193622829,"toolPid":85405,"exitCode":0,"signal":null}
[verification-tool-phase] {"phase":"group-drained","pid":85404,"parentPid":83437,"at":1791193622853,"toolPid":85405}
[verification-tool-phase] {"phase":"monitor-closed","pid":83437,"parentPid":83436,"at":1791193622855,"monitorPid":85404,"exitCode":0,"signal":null}
[verification-tool-phase] {"phase":"monitor-spawned","pid":83437,"parentPid":83436,"at":1791193622857,"monitorPid":85407,"executable":"/private/var/folders/g_/3ydzn7kx5lg9ylq8fd9p_13r0000gn/T/verification-nuget-project-test-OdMWOB/sdk/dotnet-sdk/dotnet"}
[verification-tool-phase] {"phase":"tool-spawned","pid":85407,"parentPid":83437,"at":1791193622885,"toolPid":85408,"executable":"/private/var/folders/g_/3ydzn7kx5lg9ylq8fd9p_13r0000gn/T/verification-nuget-project-test-OdMWOB/sdk/dotnet-sdk/dotnet"}
[verification-tool-phase] {"phase":"tool-exited","pid":85407,"parentPid":83437,"at":1791193622912,"toolPid":85408,"exitCode":0,"signal":null}
[verification-tool-phase] {"phase":"group-drained","pid":85407,"parentPid":83437,"at":1791193622931,"toolPid":85408}
[verification-tool-phase] {"phase":"monitor-closed","pid":83437,"parentPid":83436,"at":1791193622932,"monitorPid":85407,"exitCode":0,"signal":null}
[verification-tool-phase] {"phase":"monitor-spawned","pid":83437,"parentPid":83436,"at":1791193622936,"monitorPid":85410,"executable":"/private/var/folders/g_/3ydzn7kx5lg9ylq8fd9p_13r0000gn/T/verification-nuget-project-test-OdMWOB/sdk/dotnet-sdk/dotnet"}
[verification-tool-phase] {"phase":"tool-spawned","pid":85410,"parentPid":83437,"at":1791193622968,"toolPid":85411,"executable":"/private/var/folders/g_/3ydzn7kx5lg9ylq8fd9p_13r0000gn/T/verification-nuget-project-test-OdMWOB/sdk/dotnet-sdk/dotnet"}
[verification-tool-phase] {"phase":"tool-exited","pid":85410,"parentPid":83437,"at":1791193622995,"toolPid":85411,"exitCode":0,"signal":null}
[verification-tool-phase] {"phase":"group-drained","pid":85410,"parentPid":83437,"at":1791193623014,"toolPid":85411}
[verification-tool-phase] {"phase":"monitor-closed","pid":83437,"parentPid":83436,"at":1791193623015,"monitorPid":85410,"exitCode":0,"signal":null}
[verification-test-start] {"pid":83437,"parentPid":83436,"entryFile":"/Users/yuanxi/Workwork/vibe-fs/requirements/verification-system/tests/016.test.mjs","name":"WHAT[verification-system-016] a prepared project rejects added output identity before further consumption","fullName":"WHAT[verification-system-016] a prepared project rejects added output identity before further consumption"}
[verification-tool-phase] {"phase":"monitor-spawned","pid":83437,"parentPid":83436,"at":1791193623212,"monitorPid":85533,"executable":"/private/var/folders/g_/3ydzn7kx5lg9ylq8fd9p_13r0000gn/T/verification-nuget-project-test-amWW00/sdk/dotnet-sdk/dotnet"}
[verification-tool-phase] {"phase":"tool-spawned","pid":85533,"parentPid":83437,"at":1791193623244,"toolPid":85534,"executable":"/private/var/folders/g_/3ydzn7kx5lg9ylq8fd9p_13r0000gn/T/verification-nuget-project-test-amWW00/sdk/dotnet-sdk/dotnet"}
[verification-tool-phase] {"phase":"tool-exited","pid":85533,"parentPid":83437,"at":1791193623842,"toolPid":85534,"exitCode":0,"signal":null}
[verification-tool-phase] {"phase":"group-drained","pid":85533,"parentPid":83437,"at":1791193623867,"toolPid":85534}
[verification-tool-phase] {"phase":"monitor-closed","pid":83437,"parentPid":83436,"at":1791193623868,"monitorPid":85533,"exitCode":0,"signal":null}
[verification-tool-phase] {"phase":"monitor-spawned","pid":83437,"parentPid":83436,"at":1791193623870,"monitorPid":85536,"executable":"/private/var/folders/g_/3ydzn7kx5lg9ylq8fd9p_13r0000gn/T/verification-nuget-project-test-amWW00/sdk/dotnet-sdk/dotnet"}
[verification-tool-phase] {"phase":"tool-spawned","pid":85536,"parentPid":83437,"at":1791193623898,"toolPid":85537,"executable":"/private/var/folders/g_/3ydzn7kx5lg9ylq8fd9p_13r0000gn/T/verification-nuget-project-test-amWW00/sdk/dotnet-sdk/dotnet"}
[verification-tool-phase] {"phase":"tool-exited","pid":85536,"parentPid":83437,"at":1791193623924,"toolPid":85537,"exitCode":0,"signal":null}
[verification-tool-phase] {"phase":"group-drained","pid":85536,"parentPid":83437,"at":1791193623943,"toolPid":85537}
[verification-tool-phase] {"phase":"monitor-closed","pid":83437,"parentPid":83436,"at":1791193623945,"monitorPid":85536,"exitCode":0,"signal":null}
[verification-tool-phase] {"phase":"monitor-spawned","pid":83437,"parentPid":83436,"at":1791193623948,"monitorPid":85539,"executable":"/private/var/folders/g_/3ydzn7kx5lg9ylq8fd9p_13r0000gn/T/verification-nuget-project-test-amWW00/sdk/dotnet-sdk/dotnet"}
[verification-tool-phase] {"phase":"tool-spawned","pid":85539,"parentPid":83437,"at":1791193623973,"toolPid":85540,"executable":"/private/var/folders/g_/3ydzn7kx5lg9ylq8fd9p_13r0000gn/T/verification-nuget-project-test-amWW00/sdk/dotnet-sdk/dotnet"}
[verification-tool-phase] {"phase":"tool-exited","pid":85539,"parentPid":83437,"at":1791193624000,"toolPid":85540,"exitCode":0,"signal":null}
[verification-tool-phase] {"phase":"group-drained","pid":85539,"parentPid":83437,"at":1791193624018,"toolPid":85540}
[verification-tool-phase] {"phase":"monitor-closed","pid":83437,"parentPid":83436,"at":1791193624019,"monitorPid":85539,"exitCode":0,"signal":null}
[verification-test-start] {"pid":83437,"parentPid":83436,"entryFile":"/Users/yuanxi/Workwork/vibe-fs/requirements/verification-system/tests/016.test.mjs","name":"WHAT[verification-system-016] a prepared project rejects missing output identity before further consumption","fullName":"WHAT[verification-system-016] a prepared project rejects missing output identity before further consumption"}
[verification-tool-phase] {"phase":"monitor-spawned","pid":83437,"parentPid":83436,"at":1791193624180,"monitorPid":85659,"executable":"/private/var/folders/g_/3ydzn7kx5lg9ylq8fd9p_13r0000gn/T/verification-nuget-project-test-e0APgj/sdk/dotnet-sdk/dotnet"}
[verification-tool-phase] {"phase":"tool-spawned","pid":85659,"parentPid":83437,"at":1791193624208,"toolPid":85660,"executable":"/private/var/folders/g_/3ydzn7kx5lg9ylq8fd9p_13r0000gn/T/verification-nuget-project-test-e0APgj/sdk/dotnet-sdk/dotnet"}
[verification-tool-phase] {"phase":"tool-exited","pid":85659,"parentPid":83437,"at":1791193624826,"toolPid":85660,"exitCode":0,"signal":null}
[verification-tool-phase] {"phase":"group-drained","pid":85659,"parentPid":83437,"at":1791193624850,"toolPid":85660}
[verification-tool-phase] {"phase":"monitor-closed","pid":83437,"parentPid":83436,"at":1791193624852,"monitorPid":85659,"exitCode":0,"signal":null}
[verification-tool-phase] {"phase":"monitor-spawned","pid":83437,"parentPid":83436,"at":1791193624853,"monitorPid":85662,"executable":"/private/var/folders/g_/3ydzn7kx5lg9ylq8fd9p_13r0000gn/T/verification-nuget-project-test-e0APgj/sdk/dotnet-sdk/dotnet"}
[verification-tool-phase] {"phase":"tool-spawned","pid":85662,"parentPid":83437,"at":1791193624882,"toolPid":85663,"executable":"/private/var/folders/g_/3ydzn7kx5lg9ylq8fd9p_13r0000gn/T/verification-nuget-project-test-e0APgj/sdk/dotnet-sdk/dotnet"}
[verification-tool-phase] {"phase":"tool-exited","pid":85662,"parentPid":83437,"at":1791193624910,"toolPid":85663,"exitCode":0,"signal":null}
[verification-tool-phase] {"phase":"group-drained","pid":85662,"parentPid":83437,"at":1791193624928,"toolPid":85663}
[verification-tool-phase] {"phase":"monitor-closed","pid":83437,"parentPid":83436,"at":1791193624930,"monitorPid":85662,"exitCode":0,"signal":null}
[verification-tool-phase] {"phase":"monitor-spawned","pid":83437,"parentPid":83436,"at":1791193624933,"monitorPid":85665,"executable":"/private/var/folders/g_/3ydzn7kx5lg9ylq8fd9p_13r0000gn/T/verification-nuget-project-test-e0APgj/sdk/dotnet-sdk/dotnet"}
[verification-tool-phase] {"phase":"tool-spawned","pid":85665,"parentPid":83437,"at":1791193624958,"toolPid":85666,"executable":"/private/var/folders/g_/3ydzn7kx5lg9ylq8fd9p_13r0000gn/T/verification-nuget-project-test-e0APgj/sdk/dotnet-sdk/dotnet"}
[verification-tool-phase] {"phase":"tool-exited","pid":85665,"parentPid":83437,"at":1791193624986,"toolPid":85666,"exitCode":0,"signal":null}
[verification-tool-phase] {"phase":"group-drained","pid":85665,"parentPid":83437,"at":1791193625003,"toolPid":85666}
[verification-tool-phase] {"phase":"monitor-closed","pid":83437,"parentPid":83436,"at":1791193625005,"monitorPid":85665,"exitCode":0,"signal":null}
[verification-test-start] {"pid":83437,"parentPid":83436,"entryFile":"/Users/yuanxi/Workwork/vibe-fs/requirements/verification-system/tests/016.test.mjs","name":"WHAT[verification-system-016] a changed project parent alias cannot redirect disposal into caller-owned data","fullName":"WHAT[verification-system-016] a changed project parent alias cannot redirect disposal into caller-owned data"}
[verification-tool-phase] {"phase":"monitor-spawned","pid":83437,"parentPid":83436,"at":1791193625175,"monitorPid":85785,"executable":"/private/var/folders/g_/3ydzn7kx5lg9ylq8fd9p_13r0000gn/T/verification-nuget-project-test-gvMwR2/sdk/dotnet-sdk/dotnet"}
[verification-tool-phase] {"phase":"tool-spawned","pid":85785,"parentPid":83437,"at":1791193625210,"toolPid":85786,"executable":"/private/var/folders/g_/3ydzn7kx5lg9ylq8fd9p_13r0000gn/T/verification-nuget-project-test-gvMwR2/sdk/dotnet-sdk/dotnet"}
[verification-tool-phase] {"phase":"tool-exited","pid":85785,"parentPid":83437,"at":1791193625801,"toolPid":85786,"exitCode":0,"signal":null}
[verification-tool-phase] {"phase":"group-drained","pid":85785,"parentPid":83437,"at":1791193625821,"toolPid":85786}
[verification-tool-phase] {"phase":"monitor-closed","pid":83437,"parentPid":83436,"at":1791193625822,"monitorPid":85785,"exitCode":0,"signal":null}
[verification-tool-phase] {"phase":"monitor-spawned","pid":83437,"parentPid":83436,"at":1791193625824,"monitorPid":85788,"executable":"/private/var/folders/g_/3ydzn7kx5lg9ylq8fd9p_13r0000gn/T/verification-nuget-project-test-gvMwR2/sdk/dotnet-sdk/dotnet"}
[verification-tool-phase] {"phase":"tool-spawned","pid":85788,"parentPid":83437,"at":1791193625850,"toolPid":85789,"executable":"/private/var/folders/g_/3ydzn7kx5lg9ylq8fd9p_13r0000gn/T/verification-nuget-project-test-gvMwR2/sdk/dotnet-sdk/dotnet"}
[verification-tool-phase] {"phase":"tool-exited","pid":85788,"parentPid":83437,"at":1791193625878,"toolPid":85789,"exitCode":0,"signal":null}
[verification-tool-phase] {"phase":"group-drained","pid":85788,"parentPid":83437,"at":1791193625897,"toolPid":85789}
[verification-tool-phase] {"phase":"monitor-closed","pid":83437,"parentPid":83436,"at":1791193625899,"monitorPid":85788,"exitCode":0,"signal":null}
[verification-tool-phase] {"phase":"monitor-spawned","pid":83437,"parentPid":83436,"at":1791193625903,"monitorPid":85791,"executable":"/private/var/folders/g_/3ydzn7kx5lg9ylq8fd9p_13r0000gn/T/verification-nuget-project-test-gvMwR2/sdk/dotnet-sdk/dotnet"}
[verification-tool-phase] {"phase":"tool-spawned","pid":85791,"parentPid":83437,"at":1791193625930,"toolPid":85792,"executable":"/private/var/folders/g_/3ydzn7kx5lg9ylq8fd9p_13r0000gn/T/verification-nuget-project-test-gvMwR2/sdk/dotnet-sdk/dotnet"}
[verification-tool-phase] {"phase":"tool-exited","pid":85791,"parentPid":83437,"at":1791193625958,"toolPid":85792,"exitCode":0,"signal":null}
[verification-tool-phase] {"phase":"group-drained","pid":85791,"parentPid":83437,"at":1791193625979,"toolPid":85792}
[verification-tool-phase] {"phase":"monitor-closed","pid":83437,"parentPid":83436,"at":1791193625980,"monitorPid":85791,"exitCode":0,"signal":null}
[verification-test-start] {"pid":83437,"parentPid":83436,"entryFile":"/Users/yuanxi/Workwork/vibe-fs/requirements/verification-system/tests/016.test.mjs","name":"WHAT[verification-system-016] project receipt binds a consistent two-package graph after both actual adapter processes start from empty private caches","fullName":"WHAT[verification-system-016] project receipt binds a consistent two-package graph after both actual adapter processes start from empty private caches"}
[verification-tool-phase] {"phase":"monitor-spawned","pid":83437,"parentPid":83436,"at":1791193626192,"monitorPid":85912,"executable":"/private/var/folders/g_/3ydzn7kx5lg9ylq8fd9p_13r0000gn/T/verification-nuget-project-test-DhV21N/sdk/dotnet-sdk/dotnet"}
[verification-tool-phase] {"phase":"tool-spawned","pid":85912,"parentPid":83437,"at":1791193626218,"toolPid":85913,"executable":"/private/var/folders/g_/3ydzn7kx5lg9ylq8fd9p_13r0000gn/T/verification-nuget-project-test-DhV21N/sdk/dotnet-sdk/dotnet"}
[verification-tool-phase] {"phase":"tool-exited","pid":85912,"parentPid":83437,"at":1791193626819,"toolPid":85913,"exitCode":0,"signal":null}
[verification-tool-phase] {"phase":"group-drained","pid":85912,"parentPid":83437,"at":1791193626843,"toolPid":85913}
[verification-tool-phase] {"phase":"monitor-closed","pid":83437,"parentPid":83436,"at":1791193626845,"monitorPid":85912,"exitCode":0,"signal":null}
[verification-tool-phase] {"phase":"monitor-spawned","pid":83437,"parentPid":83436,"at":1791193626847,"monitorPid":85915,"executable":"/private/var/folders/g_/3ydzn7kx5lg9ylq8fd9p_13r0000gn/T/verification-nuget-project-test-DhV21N/sdk/dotnet-sdk/dotnet"}
[verification-tool-phase] {"phase":"tool-spawned","pid":85915,"parentPid":83437,"at":1791193626884,"toolPid":85916,"executable":"/private/var/folders/g_/3ydzn7kx5lg9ylq8fd9p_13r0000gn/T/verification-nuget-project-test-DhV21N/sdk/dotnet-sdk/dotnet"}
[verification-tool-phase] {"phase":"tool-exited","pid":85915,"parentPid":83437,"at":1791193626915,"toolPid":85916,"exitCode":0,"signal":null}
[verification-tool-phase] {"phase":"group-drained","pid":85915,"parentPid":83437,"at":1791193626934,"toolPid":85916}
[verification-tool-phase] {"phase":"monitor-closed","pid":83437,"parentPid":83436,"at":1791193626936,"monitorPid":85915,"exitCode":0,"signal":null}
[verification-tool-phase] {"phase":"monitor-spawned","pid":83437,"parentPid":83436,"at":1791193626939,"monitorPid":85918,"executable":"/private/var/folders/g_/3ydzn7kx5lg9ylq8fd9p_13r0000gn/T/verification-nuget-project-test-DhV21N/sdk/dotnet-sdk/dotnet"}
[verification-tool-phase] {"phase":"tool-spawned","pid":85918,"parentPid":83437,"at":1791193626966,"toolPid":85919,"executable":"/private/var/folders/g_/3ydzn7kx5lg9ylq8fd9p_13r0000gn/T/verification-nuget-project-test-DhV21N/sdk/dotnet-sdk/dotnet"}
[verification-tool-phase] {"phase":"tool-exited","pid":85918,"parentPid":83437,"at":1791193626992,"toolPid":85919,"exitCode":0,"signal":null}
[verification-tool-phase] {"phase":"group-drained","pid":85918,"parentPid":83437,"at":1791193627010,"toolPid":85919}
[verification-tool-phase] {"phase":"monitor-closed","pid":83437,"parentPid":83436,"at":1791193627012,"monitorPid":85918,"exitCode":0,"signal":null}
[verification-test-start] {"pid":83437,"parentPid":83436,"entryFile":"/Users/yuanxi/Workwork/vibe-fs/requirements/verification-system/tests/016.test.mjs","name":"WHAT[verification-system-016] first restore root replacement cannot authorize deletion of the foreign package cache or locked restore","fullName":"WHAT[verification-system-016] first restore root replacement cannot authorize deletion of the foreign package cache or locked restore"}
[verification-tool-phase] {"phase":"monitor-spawned","pid":83437,"parentPid":83436,"at":1791193627170,"monitorPid":86038,"executable":"/private/var/folders/g_/3ydzn7kx5lg9ylq8fd9p_13r0000gn/T/verification-nuget-project-test-0RhSJS/sdk/dotnet-sdk/dotnet"}
[verification-tool-phase] {"phase":"tool-spawned","pid":86038,"parentPid":83437,"at":1791193627196,"toolPid":86039,"executable":"/private/var/folders/g_/3ydzn7kx5lg9ylq8fd9p_13r0000gn/T/verification-nuget-project-test-0RhSJS/sdk/dotnet-sdk/dotnet"}
[verification-tool-phase] {"phase":"tool-exited","pid":86038,"parentPid":83437,"at":1791193627799,"toolPid":86039,"exitCode":0,"signal":null}
[verification-tool-phase] {"phase":"group-drained","pid":86038,"parentPid":83437,"at":1791193627824,"toolPid":86039}
[verification-tool-phase] {"phase":"monitor-closed","pid":83437,"parentPid":83436,"at":1791193627826,"monitorPid":86038,"exitCode":0,"signal":null}
[verification-tool-phase] {"phase":"monitor-spawned","pid":83437,"parentPid":83436,"at":1791193627828,"monitorPid":86041,"executable":"/private/var/folders/g_/3ydzn7kx5lg9ylq8fd9p_13r0000gn/T/verification-nuget-project-test-0RhSJS/sdk/dotnet-sdk/dotnet"}
[verification-tool-phase] {"phase":"tool-spawned","pid":86041,"parentPid":83437,"at":1791193627856,"toolPid":86042,"executable":"/private/var/folders/g_/3ydzn7kx5lg9ylq8fd9p_13r0000gn/T/verification-nuget-project-test-0RhSJS/sdk/dotnet-sdk/dotnet"}
[verification-tool-phase] {"phase":"tool-exited","pid":86041,"parentPid":83437,"at":1791193627886,"toolPid":86042,"exitCode":0,"signal":null}
[verification-tool-phase] {"phase":"group-drained","pid":86041,"parentPid":83437,"at":1791193627904,"toolPid":86042}
[verification-tool-phase] {"phase":"monitor-closed","pid":83437,"parentPid":83436,"at":1791193627906,"monitorPid":86041,"exitCode":0,"signal":null}
[verification-test-start] {"pid":83437,"parentPid":83436,"entryFile":"/Users/yuanxi/Workwork/vibe-fs/requirements/verification-system/tests/016.test.mjs","name":"WHAT[verification-system-016] prepared NuGet project refuses an exact-copy parent replacement without deleting foreign data","fullName":"WHAT[verification-system-016] prepared NuGet project refuses an exact-copy parent replacement without deleting foreign data"}
[verification-tool-phase] {"phase":"monitor-spawned","pid":83437,"parentPid":83436,"at":1791193628067,"monitorPid":86161,"executable":"/private/var/folders/g_/3ydzn7kx5lg9ylq8fd9p_13r0000gn/T/verification-nuget-project-test-VBzHQK/sdk/dotnet-sdk/dotnet"}
[verification-tool-phase] {"phase":"tool-spawned","pid":86161,"parentPid":83437,"at":1791193628092,"toolPid":86162,"executable":"/private/var/folders/g_/3ydzn7kx5lg9ylq8fd9p_13r0000gn/T/verification-nuget-project-test-VBzHQK/sdk/dotnet-sdk/dotnet"}
[verification-tool-phase] {"phase":"tool-exited","pid":86161,"parentPid":83437,"at":1791193628691,"toolPid":86162,"exitCode":0,"signal":null}
[verification-tool-phase] {"phase":"group-drained","pid":86161,"parentPid":83437,"at":1791193628716,"toolPid":86162}
[verification-tool-phase] {"phase":"monitor-closed","pid":83437,"parentPid":83436,"at":1791193628718,"monitorPid":86161,"exitCode":0,"signal":null}
[verification-tool-phase] {"phase":"monitor-spawned","pid":83437,"parentPid":83436,"at":1791193628720,"monitorPid":86164,"executable":"/private/var/folders/g_/3ydzn7kx5lg9ylq8fd9p_13r0000gn/T/verification-nuget-project-test-VBzHQK/sdk/dotnet-sdk/dotnet"}
[verification-tool-phase] {"phase":"tool-spawned","pid":86164,"parentPid":83437,"at":1791193628751,"toolPid":86165,"executable":"/private/var/folders/g_/3ydzn7kx5lg9ylq8fd9p_13r0000gn/T/verification-nuget-project-test-VBzHQK/sdk/dotnet-sdk/dotnet"}
[verification-tool-phase] {"phase":"tool-exited","pid":86164,"parentPid":83437,"at":1791193628778,"toolPid":86165,"exitCode":0,"signal":null}
[verification-tool-phase] {"phase":"group-drained","pid":86164,"parentPid":83437,"at":1791193628796,"toolPid":86165}
[verification-tool-phase] {"phase":"monitor-closed","pid":83437,"parentPid":83436,"at":1791193628797,"monitorPid":86164,"exitCode":0,"signal":null}
[verification-tool-phase] {"phase":"monitor-spawned","pid":83437,"parentPid":83436,"at":1791193628801,"monitorPid":86167,"executable":"/private/var/folders/g_/3ydzn7kx5lg9ylq8fd9p_13r0000gn/T/verification-nuget-project-test-VBzHQK/sdk/dotnet-sdk/dotnet"}
[verification-tool-phase] {"phase":"tool-spawned","pid":86167,"parentPid":83437,"at":1791193628826,"toolPid":86168,"executable":"/private/var/folders/g_/3ydzn7kx5lg9ylq8fd9p_13r0000gn/T/verification-nuget-project-test-VBzHQK/sdk/dotnet-sdk/dotnet"}
[verification-tool-phase] {"phase":"tool-exited","pid":86167,"parentPid":83437,"at":1791193628851,"toolPid":86168,"exitCode":0,"signal":null}
[verification-tool-phase] {"phase":"group-drained","pid":86167,"parentPid":83437,"at":1791193628869,"toolPid":86168}
[verification-tool-phase] {"phase":"monitor-closed","pid":83437,"parentPid":83436,"at":1791193628870,"monitorPid":86167,"exitCode":0,"signal":null}
[verification-test-start] {"pid":83437,"parentPid":83436,"entryFile":"/Users/yuanxi/Workwork/vibe-fs/requirements/verification-system/tests/016.test.mjs","name":"WHAT[verification-system-016] prepared NuGet project refuses an exact-copy root replacement without deleting foreign data","fullName":"WHAT[verification-system-016] prepared NuGet project refuses an exact-copy root replacement without deleting foreign data"}
[verification-tool-phase] {"phase":"monitor-spawned","pid":83437,"parentPid":83436,"at":1791193629039,"monitorPid":86287,"executable":"/private/var/folders/g_/3ydzn7kx5lg9ylq8fd9p_13r0000gn/T/verification-nuget-project-test-FWyNMu/sdk/dotnet-sdk/dotnet"}
[verification-tool-phase] {"phase":"tool-spawned","pid":86287,"parentPid":83437,"at":1791193629065,"toolPid":86288,"executable":"/private/var/folders/g_/3ydzn7kx5lg9ylq8fd9p_13r0000gn/T/verification-nuget-project-test-FWyNMu/sdk/dotnet-sdk/dotnet"}
[verification-tool-phase] {"phase":"tool-exited","pid":86287,"parentPid":83437,"at":1791193630428,"toolPid":86288,"exitCode":0,"signal":null}
[verification-tool-phase] {"phase":"group-drained","pid":86287,"parentPid":83437,"at":1791193630454,"toolPid":86288}
[verification-tool-phase] {"phase":"monitor-closed","pid":83437,"parentPid":83436,"at":1791193630456,"monitorPid":86287,"exitCode":0,"signal":null}
[verification-tool-phase] {"phase":"monitor-spawned","pid":83437,"parentPid":83436,"at":1791193630458,"monitorPid":86290,"executable":"/private/var/folders/g_/3ydzn7kx5lg9ylq8fd9p_13r0000gn/T/verification-nuget-project-test-FWyNMu/sdk/dotnet-sdk/dotnet"}
[verification-tool-phase] {"phase":"tool-spawned","pid":86290,"parentPid":83437,"at":1791193630487,"toolPid":86291,"executable":"/private/var/folders/g_/3ydzn7kx5lg9ylq8fd9p_13r0000gn/T/verification-nuget-project-test-FWyNMu/sdk/dotnet-sdk/dotnet"}
[verification-tool-phase] {"phase":"tool-exited","pid":86290,"parentPid":83437,"at":1791193630512,"toolPid":86291,"exitCode":0,"signal":null}
[verification-tool-phase] {"phase":"group-drained","pid":86290,"parentPid":83437,"at":1791193630531,"toolPid":86291}
[verification-tool-phase] {"phase":"monitor-closed","pid":83437,"parentPid":83436,"at":1791193630532,"monitorPid":86290,"exitCode":0,"signal":null}
[verification-tool-phase] {"phase":"monitor-spawned","pid":83437,"parentPid":83436,"at":1791193630536,"monitorPid":86293,"executable":"/private/var/folders/g_/3ydzn7kx5lg9ylq8fd9p_13r0000gn/T/verification-nuget-project-test-FWyNMu/sdk/dotnet-sdk/dotnet"}
[verification-tool-phase] {"phase":"tool-spawned","pid":86293,"parentPid":83437,"at":1791193630563,"toolPid":86294,"executable":"/private/var/folders/g_/3ydzn7kx5lg9ylq8fd9p_13r0000gn/T/verification-nuget-project-test-FWyNMu/sdk/dotnet-sdk/dotnet"}
[verification-tool-phase] {"phase":"tool-exited","pid":86293,"parentPid":83437,"at":1791193630588,"toolPid":86294,"exitCode":0,"signal":null}
[verification-tool-phase] {"phase":"group-drained","pid":86293,"parentPid":83437,"at":1791193630606,"toolPid":86294}
[verification-tool-phase] {"phase":"monitor-closed","pid":83437,"parentPid":83436,"at":1791193630607,"monitorPid":86293,"exitCode":0,"signal":null}
[verification-test-start] {"pid":83437,"parentPid":83436,"entryFile":"/Users/yuanxi/Workwork/vibe-fs/requirements/verification-system/tests/016.test.mjs","name":"WHAT[verification-system-016] the prepared Git input revalidates bytes identity of input.txt","fullName":"WHAT[verification-system-016] the prepared Git input revalidates bytes identity of input.txt"}
[verification-test-start] {"pid":83437,"parentPid":83436,"entryFile":"/Users/yuanxi/Workwork/vibe-fs/requirements/verification-system/tests/016.test.mjs","name":"WHAT[verification-system-016] the prepared Git input revalidates mode identity of input.txt","fullName":"WHAT[verification-system-016] the prepared Git input revalidates mode identity of input.txt"}
[verification-test-start] {"pid":83437,"parentPid":83436,"entryFile":"/Users/yuanxi/Workwork/vibe-fs/requirements/verification-system/tests/016.test.mjs","name":"WHAT[verification-system-016] the prepared Git input revalidates missing identity of input.txt","fullName":"WHAT[verification-system-016] the prepared Git input revalidates missing identity of input.txt"}
[verification-test-start] {"pid":83437,"parentPid":83436,"entryFile":"/Users/yuanxi/Workwork/vibe-fs/requirements/verification-system/tests/016.test.mjs","name":"WHAT[verification-system-016] the prepared Git input revalidates bytes identity of .git/HEAD","fullName":"WHAT[verification-system-016] the prepared Git input revalidates bytes identity of .git/HEAD"}
[verification-test-start] {"pid":83437,"parentPid":83436,"entryFile":"/Users/yuanxi/Workwork/vibe-fs/requirements/verification-system/tests/016.test.mjs","name":"WHAT[verification-system-016] the prepared Git input revalidates mode identity of .git/HEAD","fullName":"WHAT[verification-system-016] the prepared Git input revalidates mode identity of .git/HEAD"}
[verification-test-start] {"pid":83437,"parentPid":83436,"entryFile":"/Users/yuanxi/Workwork/vibe-fs/requirements/verification-system/tests/016.test.mjs","name":"WHAT[verification-system-016] the prepared Git input revalidates missing identity of .git/HEAD","fullName":"WHAT[verification-system-016] the prepared Git input revalidates missing identity of .git/HEAD"}
[verification-test-start] {"pid":83437,"parentPid":83436,"entryFile":"/Users/yuanxi/Workwork/vibe-fs/requirements/verification-system/tests/016.test.mjs","name":"WHAT[verification-system-016] the prepared Git input rejects an added ordinary member unselected.txt","fullName":"WHAT[verification-system-016] the prepared Git input rejects an added ordinary member unselected.txt"}
[verification-test-start] {"pid":83437,"parentPid":83436,"entryFile":"/Users/yuanxi/Workwork/vibe-fs/requirements/verification-system/tests/016.test.mjs","name":"WHAT[verification-system-016] the prepared Git input rejects an added ordinary member .git/unselected","fullName":"WHAT[verification-system-016] the prepared Git input rejects an added ordinary member .git/unselected"}
[verification-test-start] {"pid":83437,"parentPid":83436,"entryFile":"/Users/yuanxi/Workwork/vibe-fs/requirements/verification-system/tests/016.test.mjs","name":"WHAT[verification-system-016] a changed public source root cannot borrow the captured Git identity or redirect disposal","fullName":"WHAT[verification-system-016] a changed public source root cannot borrow the captured Git identity or redirect disposal"}
[verification-test-start] {"pid":83437,"parentPid":83436,"entryFile":"/Users/yuanxi/Workwork/vibe-fs/requirements/verification-system/tests/016.test.mjs","name":"WHAT[verification-system-016] prepared Git input disposal reclaims its canonical owned root and preserves the foreign owner after parent link replacement","fullName":"WHAT[verification-system-016] prepared Git input disposal reclaims its canonical owned root and preserves the foreign owner after parent link replacement"}
[verification-test-start] {"pid":83437,"parentPid":83436,"entryFile":"/Users/yuanxi/Workwork/vibe-fs/requirements/verification-system/tests/016.test.mjs","name":"WHAT[verification-system-016] prepared Git input refuses validation and disposal through a replaced canonical parent link","fullName":"WHAT[verification-system-016] prepared Git input refuses validation and disposal through a replaced canonical parent link"}
[verification-test-start] {"pid":83437,"parentPid":83436,"entryFile":"/Users/yuanxi/Workwork/vibe-fs/requirements/verification-system/tests/016.test.mjs","name":"WHAT[verification-system-016] prepared Git input refuses validation and disposal through a replaced ordinary root","fullName":"WHAT[verification-system-016] prepared Git input refuses validation and disposal through a replaced ordinary root"}
[verification-test-start] {"pid":83437,"parentPid":83436,"entryFile":"/Users/yuanxi/Workwork/vibe-fs/requirements/verification-system/tests/016.test.mjs","name":"WHAT[verification-system-016] prepared Git input refuses missing-root disposal when its canonical parent was replaced","fullName":"WHAT[verification-system-016] prepared Git input refuses missing-root disposal when its canonical parent was replaced"}
[verification-test-start] {"pid":83437,"parentPid":83436,"entryFile":"/Users/yuanxi/Workwork/vibe-fs/requirements/verification-system/tests/016.test.mjs","name":"WHAT[verification-system-016] project preparation rejects missing or nonordinary selected path missing.fsproj","fullName":"WHAT[verification-system-016] project preparation rejects missing or nonordinary selected path missing.fsproj"}
[verification-test-start] {"pid":83437,"parentPid":83436,"entryFile":"/Users/yuanxi/Workwork/vibe-fs/requirements/verification-system/tests/016.test.mjs","name":"WHAT[verification-system-016] project preparation rejects missing or nonordinary selected path ../outside.fsproj","fullName":"WHAT[verification-system-016] project preparation rejects missing or nonordinary selected path ../outside.fsproj"}
[verification-test-start] {"pid":83437,"parentPid":83436,"entryFile":"/Users/yuanxi/Workwork/vibe-fs/requirements/verification-system/tests/016.test.mjs","name":"WHAT[verification-system-016] project preparation rejects missing or nonordinary selected path /absolute.fsproj","fullName":"WHAT[verification-system-016] project preparation rejects missing or nonordinary selected path /absolute.fsproj"}
[verification-test-start] {"pid":83437,"parentPid":83436,"entryFile":"/Users/yuanxi/Workwork/vibe-fs/requirements/verification-system/tests/016.test.mjs","name":"WHAT[verification-system-016] project preparation rejects missing or nonordinary selected path src/../src/Fixture.fsproj","fullName":"WHAT[verification-system-016] project preparation rejects missing or nonordinary selected path src/../src/Fixture.fsproj"}
[verification-test-start] {"pid":83437,"parentPid":83436,"entryFile":"/Users/yuanxi/Workwork/vibe-fs/requirements/verification-system/tests/016.test.mjs","name":"WHAT[verification-system-016] project preparation requires the captured Git source digest rather than a changed public claim","fullName":"WHAT[verification-system-016] project preparation requires the captured Git source digest rather than a changed public claim"}
[verification-test-start] {"pid":83437,"parentPid":83436,"entryFile":"/Users/yuanxi/Workwork/vibe-fs/requirements/verification-system/tests/016.test.mjs","name":"WHAT[verification-system-016] project preparation rejects a source containing a symbolic selected project without following its foreign target","fullName":"WHAT[verification-system-016] project preparation rejects a source containing a symbolic selected project without following its foreign target"}
[verification-test-start] {"pid":83437,"parentPid":83436,"entryFile":"/Users/yuanxi/Workwork/vibe-fs/requirements/verification-system/tests/016.test.mjs","name":"WHAT[verification-system-016] project preparation rejects selected archive byte identity mismatch before invoking MSBuild","fullName":"WHAT[verification-system-016] project preparation rejects selected archive byte identity mismatch before invoking MSBuild"}
[verification-test-start] {"pid":83437,"parentPid":83436,"entryFile":"/Users/yuanxi/Workwork/vibe-fs/requirements/verification-system/tests/016.test.mjs","name":"WHAT[verification-system-016] project preparation rejects bytes corruption in the actual tracked source before evaluation","fullName":"WHAT[verification-system-016] project preparation rejects bytes corruption in the actual tracked source before evaluation"}
[verification-test-start] {"pid":83437,"parentPid":83436,"entryFile":"/Users/yuanxi/Workwork/vibe-fs/requirements/verification-system/tests/016.test.mjs","name":"WHAT[verification-system-016] project preparation rejects mode corruption in the actual tracked source before evaluation","fullName":"WHAT[verification-system-016] project preparation rejects mode corruption in the actual tracked source before evaluation"}
[verification-test-start] {"pid":83437,"parentPid":83436,"entryFile":"/Users/yuanxi/Workwork/vibe-fs/requirements/verification-system/tests/016.test.mjs","name":"WHAT[verification-system-016] project preparation rejects missing corruption in the actual tracked source before evaluation","fullName":"WHAT[verification-system-016] project preparation rejects missing corruption in the actual tracked source before evaluation"}
[verification-test-start] {"pid":83437,"parentPid":83436,"entryFile":"/Users/yuanxi/Workwork/vibe-fs/requirements/verification-system/tests/016.test.mjs","name":"WHAT[verification-system-016] project preparation rejects evaluated project references instead of silently restoring a larger graph","fullName":"WHAT[verification-system-016] project preparation rejects evaluated project references instead of silently restoring a larger graph"}
[verification-tool-phase] {"phase":"monitor-spawned","pid":83437,"parentPid":83436,"at":1791193634694,"monitorPid":89108,"executable":"/private/var/folders/g_/3ydzn7kx5lg9ylq8fd9p_13r0000gn/T/verification-nuget-project-test-WAp3ur/sdk/dotnet-sdk/dotnet"}
[verification-tool-phase] {"phase":"tool-spawned","pid":89108,"parentPid":83437,"at":1791193634725,"toolPid":89109,"executable":"/private/var/folders/g_/3ydzn7kx5lg9ylq8fd9p_13r0000gn/T/verification-nuget-project-test-WAp3ur/sdk/dotnet-sdk/dotnet"}
[verification-tool-phase] {"phase":"tool-exited","pid":89108,"parentPid":83437,"at":1791193635371,"toolPid":89109,"exitCode":0,"signal":null}
[verification-tool-phase] {"phase":"group-drained","pid":89108,"parentPid":83437,"at":1791193635403,"toolPid":89109}
[verification-tool-phase] {"phase":"monitor-closed","pid":83437,"parentPid":83436,"at":1791193635406,"monitorPid":89108,"exitCode":0,"signal":null}
[verification-test-start] {"pid":83437,"parentPid":83436,"entryFile":"/Users/yuanxi/Workwork/vibe-fs/requirements/verification-system/tests/016.test.mjs","name":"WHAT[verification-system-016] project preparation rejects evaluated multiple target frameworks","fullName":"WHAT[verification-system-016] project preparation rejects evaluated multiple target frameworks"}
[verification-tool-phase] {"phase":"monitor-spawned","pid":83437,"parentPid":83436,"at":1791193635645,"monitorPid":89228,"executable":"/private/var/folders/g_/3ydzn7kx5lg9ylq8fd9p_13r0000gn/T/verification-nuget-project-test-dwSOO8/sdk/dotnet-sdk/dotnet"}
[verification-tool-phase] {"phase":"tool-spawned","pid":89228,"parentPid":83437,"at":1791193635671,"toolPid":89229,"executable":"/private/var/folders/g_/3ydzn7kx5lg9ylq8fd9p_13r0000gn/T/verification-nuget-project-test-dwSOO8/sdk/dotnet-sdk/dotnet"}
[verification-tool-phase] {"phase":"tool-exited","pid":89228,"parentPid":83437,"at":1791193636263,"toolPid":89229,"exitCode":0,"signal":null}
[verification-tool-phase] {"phase":"group-drained","pid":89228,"parentPid":83437,"at":1791193636286,"toolPid":89229}
[verification-tool-phase] {"phase":"monitor-closed","pid":83437,"parentPid":83436,"at":1791193636289,"monitorPid":89228,"exitCode":0,"signal":null}
[verification-test-start] {"pid":83437,"parentPid":83436,"entryFile":"/Users/yuanxi/Workwork/vibe-fs/requirements/verification-system/tests/016.test.mjs","name":"WHAT[verification-system-016] project preparation rejects an evaluated project path belonging to a different source entry","fullName":"WHAT[verification-system-016] project preparation rejects an evaluated project path belonging to a different source entry"}
[verification-tool-phase] {"phase":"monitor-spawned","pid":83437,"parentPid":83436,"at":1791193636485,"monitorPid":89348,"executable":"/private/var/folders/g_/3ydzn7kx5lg9ylq8fd9p_13r0000gn/T/verification-nuget-project-test-YiYZnM/sdk/dotnet-sdk/dotnet"}
[verification-tool-phase] {"phase":"tool-spawned","pid":89348,"parentPid":83437,"at":1791193636518,"toolPid":89349,"executable":"/private/var/folders/g_/3ydzn7kx5lg9ylq8fd9p_13r0000gn/T/verification-nuget-project-test-YiYZnM/sdk/dotnet-sdk/dotnet"}
[verification-tool-phase] {"phase":"tool-exited","pid":89348,"parentPid":83437,"at":1791193637111,"toolPid":89349,"exitCode":0,"signal":null}
[verification-tool-phase] {"phase":"group-drained","pid":89348,"parentPid":83437,"at":1791193637133,"toolPid":89349}
[verification-tool-phase] {"phase":"monitor-closed","pid":83437,"parentPid":83436,"at":1791193637135,"monitorPid":89348,"exitCode":0,"signal":null}
[verification-test-start] {"pid":83437,"parentPid":83436,"entryFile":"/Users/yuanxi/Workwork/vibe-fs/requirements/verification-system/tests/016.test.mjs","name":"WHAT[verification-system-016] actual selected project executor failure retains the physical cause and reclaims only owned output","fullName":"WHAT[verification-system-016] actual selected project executor failure retains the physical cause and reclaims only owned output"}
[verification-tool-phase] {"phase":"monitor-spawned","pid":83437,"parentPid":83436,"at":1791193637366,"monitorPid":89468,"executable":"/private/var/folders/g_/3ydzn7kx5lg9ylq8fd9p_13r0000gn/T/verification-nuget-project-test-HZmCVz/sdk/dotnet-sdk/dotnet"}
[verification-tool-phase] {"phase":"tool-spawned","pid":89468,"parentPid":83437,"at":1791193637392,"toolPid":89469,"executable":"/private/var/folders/g_/3ydzn7kx5lg9ylq8fd9p_13r0000gn/T/verification-nuget-project-test-HZmCVz/sdk/dotnet-sdk/dotnet"}
[verification-tool-phase] {"phase":"tool-exited","pid":89468,"parentPid":83437,"at":1791193638185,"toolPid":89469,"exitCode":0,"signal":null}
[verification-tool-phase] {"phase":"group-drained","pid":89468,"parentPid":83437,"at":1791193638207,"toolPid":89469}
[verification-tool-phase] {"phase":"monitor-closed","pid":83437,"parentPid":83436,"at":1791193638208,"monitorPid":89468,"exitCode":0,"signal":null}
[verification-tool-phase] {"phase":"monitor-spawned","pid":83437,"parentPid":83436,"at":1791193638210,"monitorPid":89471,"executable":"/private/var/folders/g_/3ydzn7kx5lg9ylq8fd9p_13r0000gn/T/verification-nuget-project-test-HZmCVz/sdk/dotnet-sdk/dotnet"}
[verification-tool-phase] {"phase":"tool-spawned","pid":89471,"parentPid":83437,"at":1791193638239,"toolPid":89472,"executable":"/private/var/folders/g_/3ydzn7kx5lg9ylq8fd9p_13r0000gn/T/verification-nuget-project-test-HZmCVz/sdk/dotnet-sdk/dotnet"}
[verification-tool-phase] {"phase":"tool-exited","pid":89471,"parentPid":83437,"at":1791193638262,"toolPid":89472,"exitCode":73,"signal":null}
[verification-tool-phase] {"phase":"group-drained","pid":89471,"parentPid":83437,"at":1791193638281,"toolPid":89472}
[verification-tool-phase] {"phase":"monitor-closed","pid":83437,"parentPid":83436,"at":1791193638283,"monitorPid":89471,"exitCode":0,"signal":null}
[verification-test-start] {"pid":83437,"parentPid":83436,"entryFile":"/Users/yuanxi/Workwork/vibe-fs/requirements/verification-system/tests/016.test.mjs","name":"WHAT[verification-system-016] early project cancellation preserves Error before reading absent inputs","fullName":"WHAT[verification-system-016] early project cancellation preserves Error before reading absent inputs"}
[verification-test-start] {"pid":83437,"parentPid":83436,"entryFile":"/Users/yuanxi/Workwork/vibe-fs/requirements/verification-system/tests/016.test.mjs","name":"WHAT[verification-system-016] early project cancellation preserves null before reading absent inputs","fullName":"WHAT[verification-system-016] early project cancellation preserves null before reading absent inputs"}
[verification-test-start] {"pid":83437,"parentPid":83436,"entryFile":"/Users/yuanxi/Workwork/vibe-fs/requirements/verification-system/tests/016.test.mjs","name":"WHAT[verification-system-016] held project restore preserves Error cancellation and drains its actual process group","fullName":"WHAT[verification-system-016] held project restore preserves Error cancellation and drains its actual process group"}
[verification-tool-phase] {"phase":"monitor-spawned","pid":83437,"parentPid":83436,"at":1791193638840,"monitorPid":89825,"executable":"/private/var/folders/g_/3ydzn7kx5lg9ylq8fd9p_13r0000gn/T/verification-nuget-project-test-ALAaVx/sdk/dotnet-sdk/dotnet"}
[verification-tool-phase] {"phase":"tool-spawned","pid":89825,"parentPid":83437,"at":1791193638866,"toolPid":89826,"executable":"/private/var/folders/g_/3ydzn7kx5lg9ylq8fd9p_13r0000gn/T/verification-nuget-project-test-ALAaVx/sdk/dotnet-sdk/dotnet"}
[verification-tool-phase] {"phase":"tool-exited","pid":89825,"parentPid":83437,"at":1791193639475,"toolPid":89826,"exitCode":0,"signal":null}
[verification-tool-phase] {"phase":"group-drained","pid":89825,"parentPid":83437,"at":1791193639500,"toolPid":89826}
[verification-tool-phase] {"phase":"monitor-closed","pid":83437,"parentPid":83436,"at":1791193639502,"monitorPid":89825,"exitCode":0,"signal":null}
[verification-tool-phase] {"phase":"monitor-spawned","pid":83437,"parentPid":83436,"at":1791193639504,"monitorPid":89828,"executable":"/private/var/folders/g_/3ydzn7kx5lg9ylq8fd9p_13r0000gn/T/verification-nuget-project-test-ALAaVx/sdk/dotnet-sdk/dotnet"}
[verification-tool-phase] {"phase":"tool-spawned","pid":89828,"parentPid":83437,"at":1791193639532,"toolPid":89829,"executable":"/private/var/folders/g_/3ydzn7kx5lg9ylq8fd9p_13r0000gn/T/verification-nuget-project-test-ALAaVx/sdk/dotnet-sdk/dotnet"}
[verification-tool-phase] {"phase":"tool-exited","pid":89828,"parentPid":83437,"at":1791193639589,"toolPid":89829,"exitCode":null,"signal":"SIGKILL"}
[verification-tool-phase] {"phase":"group-drained","pid":89828,"parentPid":83437,"at":1791193639608,"toolPid":89829}
[verification-tool-phase] {"phase":"monitor-closed","pid":83437,"parentPid":83436,"at":1791193639609,"monitorPid":89828,"exitCode":0,"signal":null}
[verification-test-start] {"pid":83437,"parentPid":83436,"entryFile":"/Users/yuanxi/Workwork/vibe-fs/requirements/verification-system/tests/016.test.mjs","name":"WHAT[verification-system-016] held project restore preserves null cancellation and drains its actual process group","fullName":"WHAT[verification-system-016] held project restore preserves null cancellation and drains its actual process group"}
[verification-tool-phase] {"phase":"monitor-spawned","pid":83437,"parentPid":83436,"at":1791193639772,"monitorPid":89950,"executable":"/private/var/folders/g_/3ydzn7kx5lg9ylq8fd9p_13r0000gn/T/verification-nuget-project-test-To0nGV/sdk/dotnet-sdk/dotnet"}
[verification-tool-phase] {"phase":"tool-spawned","pid":89950,"parentPid":83437,"at":1791193639797,"toolPid":89951,"executable":"/private/var/folders/g_/3ydzn7kx5lg9ylq8fd9p_13r0000gn/T/verification-nuget-project-test-To0nGV/sdk/dotnet-sdk/dotnet"}
[verification-tool-phase] {"phase":"tool-exited","pid":89950,"parentPid":83437,"at":1791193640397,"toolPid":89951,"exitCode":0,"signal":null}
[verification-tool-phase] {"phase":"group-drained","pid":89950,"parentPid":83437,"at":1791193640424,"toolPid":89951}
[verification-tool-phase] {"phase":"monitor-closed","pid":83437,"parentPid":83436,"at":1791193640426,"monitorPid":89950,"exitCode":0,"signal":null}
[verification-tool-phase] {"phase":"monitor-spawned","pid":83437,"parentPid":83436,"at":1791193640428,"monitorPid":89953,"executable":"/private/var/folders/g_/3ydzn7kx5lg9ylq8fd9p_13r0000gn/T/verification-nuget-project-test-To0nGV/sdk/dotnet-sdk/dotnet"}
[verification-tool-phase] {"phase":"tool-spawned","pid":89953,"parentPid":83437,"at":1791193640459,"toolPid":89954,"executable":"/private/var/folders/g_/3ydzn7kx5lg9ylq8fd9p_13r0000gn/T/verification-nuget-project-test-To0nGV/sdk/dotnet-sdk/dotnet"}
[verification-tool-phase] {"phase":"tool-exited","pid":89953,"parentPid":83437,"at":1791193640521,"toolPid":89954,"exitCode":null,"signal":"SIGKILL"}
[verification-tool-phase] {"phase":"group-drained","pid":89953,"parentPid":83437,"at":1791193640545,"toolPid":89954}
[verification-tool-phase] {"phase":"monitor-closed","pid":83437,"parentPid":83436,"at":1791193640547,"monitorPid":89953,"exitCode":0,"signal":null}
[verification-test-start] {"pid":83437,"parentPid":83436,"entryFile":"/Users/yuanxi/Workwork/vibe-fs/requirements/verification-system/tests/016.test.mjs","name":"WHAT[verification-system-016] malformed Fable admission preserves the public rejected Promise contract","fullName":"WHAT[verification-system-016] malformed Fable admission preserves the public rejected Promise contract"}
[verification-test-start] {"pid":83437,"parentPid":83436,"entryFile":"/Users/yuanxi/Workwork/vibe-fs/requirements/verification-system/tests/016.test.mjs","name":"WHAT[verification-system-016] Fable compilation requires four prepared input owners before publishing an output","fullName":"WHAT[verification-system-016] Fable compilation requires four prepared input owners before publishing an output"}
[verification-test-start] {"pid":83437,"parentPid":83436,"entryFile":"/Users/yuanxi/Workwork/vibe-fs/requirements/verification-system/tests/016.test.mjs","name":"WHAT[verification-system-016] Fable compilation rejects a mismatched source tree before executing","fullName":"WHAT[verification-system-016] Fable compilation rejects a mismatched source tree before executing"}
[verification-test-start] {"pid":83437,"parentPid":83436,"entryFile":"/Users/yuanxi/Workwork/vibe-fs/requirements/verification-system/tests/016.test.mjs","name":"WHAT[verification-system-016] Fable compilation rejects a mismatched source digest before executing","fullName":"WHAT[verification-system-016] Fable compilation rejects a mismatched source digest before executing"}
[verification-test-start] {"pid":83437,"parentPid":83436,"entryFile":"/Users/yuanxi/Workwork/vibe-fs/requirements/verification-system/tests/016.test.mjs","name":"WHAT[verification-system-016] Fable compilation rejects a mismatched project SDK before executing","fullName":"WHAT[verification-system-016] Fable compilation rejects a mismatched project SDK before executing"}
[verification-test-start] {"pid":83437,"parentPid":83436,"entryFile":"/Users/yuanxi/Workwork/vibe-fs/requirements/verification-system/tests/016.test.mjs","name":"WHAT[verification-system-016] Fable compilation rejects a mismatched tools SDK before executing","fullName":"WHAT[verification-system-016] Fable compilation rejects a mismatched tools SDK before executing"}
[verification-test-start] {"pid":83437,"parentPid":83436,"entryFile":"/Users/yuanxi/Workwork/vibe-fs/requirements/verification-system/tests/016.test.mjs","name":"WHAT[verification-system-016] Fable compilation rejects a mismatched original global before executing","fullName":"WHAT[verification-system-016] Fable compilation rejects a mismatched original global before executing"}
[verification-test-start] {"pid":83437,"parentPid":83436,"entryFile":"/Users/yuanxi/Workwork/vibe-fs/requirements/verification-system/tests/016.test.mjs","name":"WHAT[verification-system-016] Fable compilation rejects a mismatched original tool manifest before executing","fullName":"WHAT[verification-system-016] Fable compilation rejects a mismatched original tool manifest before executing"}
[verification-test-start] {"pid":83437,"parentPid":83436,"entryFile":"/Users/yuanxi/Workwork/vibe-fs/requirements/verification-system/tests/016.test.mjs","name":"WHAT[verification-system-016] Fable compilation rejects a missing selected Fable role before executing","fullName":"WHAT[verification-system-016] Fable compilation rejects a missing selected Fable role before executing"}
[verification-test-start] {"pid":83437,"parentPid":83436,"entryFile":"/Users/yuanxi/Workwork/vibe-fs/requirements/verification-system/tests/016.test.mjs","name":"WHAT[verification-system-016] Fable compilation rejects a duplicate selected Fable role before executing","fullName":"WHAT[verification-system-016] Fable compilation rejects a duplicate selected Fable role before executing"}
[verification-test-start] {"pid":83437,"parentPid":83436,"entryFile":"/Users/yuanxi/Workwork/vibe-fs/requirements/verification-system/tests/016.test.mjs","name":"WHAT[verification-system-016] Fable compilation rejects a foreign selected Fable role before executing","fullName":"WHAT[verification-system-016] Fable compilation rejects a foreign selected Fable role before executing"}
[verification-test-start] {"pid":83437,"parentPid":83436,"entryFile":"/Users/yuanxi/Workwork/vibe-fs/requirements/verification-system/tests/016.test.mjs","name":"WHAT[verification-system-016] selected Fable compilation preserves caller inputs and binds the seeded private output inventory","fullName":"WHAT[verification-system-016] selected Fable compilation preserves caller inputs and binds the seeded private output inventory"}
[verification-tool-phase] {"phase":"monitor-spawned","pid":83437,"parentPid":83436,"at":1791193642256,"monitorPid":91128,"executable":"/private/var/folders/g_/3ydzn7kx5lg9ylq8fd9p_13r0000gn/T/verification-fable-project-test-rWxPWG/sdk/dotnet-sdk/dotnet"}
[verification-tool-phase] {"phase":"tool-spawned","pid":91128,"parentPid":83437,"at":1791193642282,"toolPid":91129,"executable":"/private/var/folders/g_/3ydzn7kx5lg9ylq8fd9p_13r0000gn/T/verification-fable-project-test-rWxPWG/sdk/dotnet-sdk/dotnet"}
[verification-tool-phase] {"phase":"tool-exited","pid":91128,"parentPid":83437,"at":1791193642870,"toolPid":91129,"exitCode":0,"signal":null}
[verification-tool-phase] {"phase":"group-drained","pid":91128,"parentPid":83437,"at":1791193642895,"toolPid":91129}
[verification-tool-phase] {"phase":"monitor-closed","pid":83437,"parentPid":83436,"at":1791193642897,"monitorPid":91128,"exitCode":0,"signal":null}
[verification-test-start] {"pid":83437,"parentPid":83436,"entryFile":"/Users/yuanxi/Workwork/vibe-fs/requirements/verification-system/tests/016.test.mjs","name":"WHAT[verification-system-016] Fable compilation rejects empty JavaScript output without publication","fullName":"WHAT[verification-system-016] Fable compilation rejects empty JavaScript output without publication"}
[verification-tool-phase] {"phase":"monitor-spawned","pid":83437,"parentPid":83436,"at":1791193643071,"monitorPid":91248,"executable":"/private/var/folders/g_/3ydzn7kx5lg9ylq8fd9p_13r0000gn/T/verification-fable-project-test-cYUMEj/sdk/dotnet-sdk/dotnet"}
[verification-tool-phase] {"phase":"tool-spawned","pid":91248,"parentPid":83437,"at":1791193643098,"toolPid":91249,"executable":"/private/var/folders/g_/3ydzn7kx5lg9ylq8fd9p_13r0000gn/T/verification-fable-project-test-cYUMEj/sdk/dotnet-sdk/dotnet"}
[verification-tool-phase] {"phase":"tool-exited","pid":91248,"parentPid":83437,"at":1791193643712,"toolPid":91249,"exitCode":0,"signal":null}
[verification-tool-phase] {"phase":"group-drained","pid":91248,"parentPid":83437,"at":1791193643743,"toolPid":91249}
[verification-tool-phase] {"phase":"monitor-closed","pid":83437,"parentPid":83436,"at":1791193643745,"monitorPid":91248,"exitCode":0,"signal":null}
[verification-test-start] {"pid":83437,"parentPid":83436,"entryFile":"/Users/yuanxi/Workwork/vibe-fs/requirements/verification-system/tests/016.test.mjs","name":"WHAT[verification-system-016] Fable compilation rejects linked JavaScript output without publication","fullName":"WHAT[verification-system-016] Fable compilation rejects linked JavaScript output without publication"}
[verification-tool-phase] {"phase":"monitor-spawned","pid":83437,"parentPid":83436,"at":1791193643919,"monitorPid":91368,"executable":"/private/var/folders/g_/3ydzn7kx5lg9ylq8fd9p_13r0000gn/T/verification-fable-project-test-nDtVmf/sdk/dotnet-sdk/dotnet"}
[verification-tool-phase] {"phase":"tool-spawned","pid":91368,"parentPid":83437,"at":1791193643944,"toolPid":91369,"executable":"/private/var/folders/g_/3ydzn7kx5lg9ylq8fd9p_13r0000gn/T/verification-fable-project-test-nDtVmf/sdk/dotnet-sdk/dotnet"}
[verification-tool-phase] {"phase":"tool-exited","pid":91368,"parentPid":83437,"at":1791193644547,"toolPid":91369,"exitCode":0,"signal":null}
[verification-tool-phase] {"phase":"group-drained","pid":91368,"parentPid":83437,"at":1791193644572,"toolPid":91369}
[verification-tool-phase] {"phase":"monitor-closed","pid":83437,"parentPid":83436,"at":1791193644574,"monitorPid":91368,"exitCode":0,"signal":null}
[verification-test-start] {"pid":83437,"parentPid":83436,"entryFile":"/Users/yuanxi/Workwork/vibe-fs/requirements/verification-system/tests/016.test.mjs","name":"WHAT[verification-system-016] Fable process failure retains its physical cause and reclaims only compile output","fullName":"WHAT[verification-system-016] Fable process failure retains its physical cause and reclaims only compile output"}
[verification-tool-phase] {"phase":"monitor-spawned","pid":83437,"parentPid":83436,"at":1791193644752,"monitorPid":91488,"executable":"/private/var/folders/g_/3ydzn7kx5lg9ylq8fd9p_13r0000gn/T/verification-fable-project-test-oDspGk/sdk/dotnet-sdk/dotnet"}
[verification-tool-phase] {"phase":"tool-spawned","pid":91488,"parentPid":83437,"at":1791193644777,"toolPid":91489,"executable":"/private/var/folders/g_/3ydzn7kx5lg9ylq8fd9p_13r0000gn/T/verification-fable-project-test-oDspGk/sdk/dotnet-sdk/dotnet"}
[verification-tool-phase] {"phase":"tool-exited","pid":91488,"parentPid":83437,"at":1791193645341,"toolPid":91489,"exitCode":73,"signal":null}
[verification-tool-phase] {"phase":"group-drained","pid":91488,"parentPid":83437,"at":1791193645366,"toolPid":91489}
[verification-tool-phase] {"phase":"monitor-closed","pid":83437,"parentPid":83436,"at":1791193645368,"monitorPid":91488,"exitCode":0,"signal":null}
[verification-test-start] {"pid":83437,"parentPid":83436,"entryFile":"/Users/yuanxi/Workwork/vibe-fs/requirements/verification-system/tests/016.test.mjs","name":"WHAT[verification-system-016] early Fable cancellation preserves Error without reading absent owners","fullName":"WHAT[verification-system-016] early Fable cancellation preserves Error without reading absent owners"}
[verification-test-start] {"pid":83437,"parentPid":83436,"entryFile":"/Users/yuanxi/Workwork/vibe-fs/requirements/verification-system/tests/016.test.mjs","name":"WHAT[verification-system-016] early Fable cancellation preserves null without reading absent owners","fullName":"WHAT[verification-system-016] early Fable cancellation preserves null without reading absent owners"}
[verification-test-start] {"pid":83437,"parentPid":83436,"entryFile":"/Users/yuanxi/Workwork/vibe-fs/requirements/verification-system/tests/016.test.mjs","name":"WHAT[verification-system-016] compilation rejects source input changed by the actual selected consumer without publication","fullName":"WHAT[verification-system-016] compilation rejects source input changed by the actual selected consumer without publication"}
[verification-tool-phase] {"phase":"monitor-spawned","pid":83437,"parentPid":83436,"at":1791193645540,"monitorPid":91608,"executable":"/private/var/folders/g_/3ydzn7kx5lg9ylq8fd9p_13r0000gn/T/verification-fable-project-test-jlWIZJ/sdk/dotnet-sdk/dotnet"}
[verification-tool-phase] {"phase":"tool-spawned","pid":91608,"parentPid":83437,"at":1791193645564,"toolPid":91609,"executable":"/private/var/folders/g_/3ydzn7kx5lg9ylq8fd9p_13r0000gn/T/verification-fable-project-test-jlWIZJ/sdk/dotnet-sdk/dotnet"}
[verification-tool-phase] {"phase":"tool-exited","pid":91608,"parentPid":83437,"at":1791193646145,"toolPid":91609,"exitCode":0,"signal":null}
[verification-tool-phase] {"phase":"group-drained","pid":91608,"parentPid":83437,"at":1791193646171,"toolPid":91609}
[verification-tool-phase] {"phase":"monitor-closed","pid":83437,"parentPid":83436,"at":1791193646174,"monitorPid":91608,"exitCode":0,"signal":null}
[verification-test-start] {"pid":83437,"parentPid":83436,"entryFile":"/Users/yuanxi/Workwork/vibe-fs/requirements/verification-system/tests/016.test.mjs","name":"WHAT[verification-system-016] compilation rejects sdk input changed by the actual selected consumer without publication","fullName":"WHAT[verification-system-016] compilation rejects sdk input changed by the actual selected consumer without publication"}
[verification-tool-phase] {"phase":"monitor-spawned","pid":83437,"parentPid":83436,"at":1791193646352,"monitorPid":91728,"executable":"/private/var/folders/g_/3ydzn7kx5lg9ylq8fd9p_13r0000gn/T/verification-fable-project-test-MckkSI/sdk/dotnet-sdk/dotnet"}
[verification-tool-phase] {"phase":"tool-spawned","pid":91728,"parentPid":83437,"at":1791193646377,"toolPid":91729,"executable":"/private/var/folders/g_/3ydzn7kx5lg9ylq8fd9p_13r0000gn/T/verification-fable-project-test-MckkSI/sdk/dotnet-sdk/dotnet"}
[verification-tool-phase] {"phase":"tool-exited","pid":91728,"parentPid":83437,"at":1791193646980,"toolPid":91729,"exitCode":0,"signal":null}
[verification-tool-phase] {"phase":"group-drained","pid":91728,"parentPid":83437,"at":1791193647006,"toolPid":91729}
[verification-tool-phase] {"phase":"monitor-closed","pid":83437,"parentPid":83436,"at":1791193647008,"monitorPid":91728,"exitCode":0,"signal":null}
[verification-test-start] {"pid":83437,"parentPid":83436,"entryFile":"/Users/yuanxi/Workwork/vibe-fs/requirements/verification-system/tests/016.test.mjs","name":"WHAT[verification-system-016] compilation rejects tools input changed by the actual selected consumer without publication","fullName":"WHAT[verification-system-016] compilation rejects tools input changed by the actual selected consumer without publication"}
[verification-tool-phase] {"phase":"monitor-spawned","pid":83437,"parentPid":83436,"at":1791193647176,"monitorPid":91848,"executable":"/private/var/folders/g_/3ydzn7kx5lg9ylq8fd9p_13r0000gn/T/verification-fable-project-test-kyoOhS/sdk/dotnet-sdk/dotnet"}
[verification-tool-phase] {"phase":"tool-spawned","pid":91848,"parentPid":83437,"at":1791193647201,"toolPid":91849,"executable":"/private/var/folders/g_/3ydzn7kx5lg9ylq8fd9p_13r0000gn/T/verification-fable-project-test-kyoOhS/sdk/dotnet-sdk/dotnet"}
[verification-tool-phase] {"phase":"tool-exited","pid":91848,"parentPid":83437,"at":1791193647802,"toolPid":91849,"exitCode":0,"signal":null}
[verification-tool-phase] {"phase":"group-drained","pid":91848,"parentPid":83437,"at":1791193647827,"toolPid":91849}
[verification-tool-phase] {"phase":"monitor-closed","pid":83437,"parentPid":83436,"at":1791193647829,"monitorPid":91848,"exitCode":0,"signal":null}
[verification-test-start] {"pid":83437,"parentPid":83436,"entryFile":"/Users/yuanxi/Workwork/vibe-fs/requirements/verification-system/tests/016.test.mjs","name":"WHAT[verification-system-016] compilation rejects project input changed by the actual selected consumer without publication","fullName":"WHAT[verification-system-016] compilation rejects project input changed by the actual selected consumer without publication"}
[verification-tool-phase] {"phase":"monitor-spawned","pid":83437,"parentPid":83436,"at":1791193647998,"monitorPid":91968,"executable":"/private/var/folders/g_/3ydzn7kx5lg9ylq8fd9p_13r0000gn/T/verification-fable-project-test-MyfK3S/sdk/dotnet-sdk/dotnet"}
[verification-tool-phase] {"phase":"tool-spawned","pid":91968,"parentPid":83437,"at":1791193648023,"toolPid":91969,"executable":"/private/var/folders/g_/3ydzn7kx5lg9ylq8fd9p_13r0000gn/T/verification-fable-project-test-MyfK3S/sdk/dotnet-sdk/dotnet"}
[verification-tool-phase] {"phase":"tool-exited","pid":91968,"parentPid":83437,"at":1791193649454,"toolPid":91969,"exitCode":0,"signal":null}
[verification-tool-phase] {"phase":"group-drained","pid":91968,"parentPid":83437,"at":1791193649479,"toolPid":91969}
[verification-tool-phase] {"phase":"monitor-closed","pid":83437,"parentPid":83436,"at":1791193649481,"monitorPid":91968,"exitCode":0,"signal":null}
[verification-test-start] {"pid":83437,"parentPid":83436,"entryFile":"/Users/yuanxi/Workwork/vibe-fs/requirements/verification-system/tests/016.test.mjs","name":"WHAT[verification-system-016] held Fable compilation preserves Error cancellation and drains the actual process group","fullName":"WHAT[verification-system-016] held Fable compilation preserves Error cancellation and drains the actual process group"}
[verification-tool-phase] {"phase":"monitor-spawned","pid":83437,"parentPid":83436,"at":1791193649655,"monitorPid":92088,"executable":"/private/var/folders/g_/3ydzn7kx5lg9ylq8fd9p_13r0000gn/T/verification-fable-project-test-tfdgh6/sdk/dotnet-sdk/dotnet"}
[verification-tool-phase] {"phase":"tool-spawned","pid":92088,"parentPid":83437,"at":1791193649680,"toolPid":92090,"executable":"/private/var/folders/g_/3ydzn7kx5lg9ylq8fd9p_13r0000gn/T/verification-fable-project-test-tfdgh6/sdk/dotnet-sdk/dotnet"}
[verification-tool-phase] {"phase":"tool-exited","pid":92088,"parentPid":83437,"at":1791193650462,"toolPid":92090,"exitCode":null,"signal":"SIGKILL"}
[verification-tool-phase] {"phase":"group-drained","pid":92088,"parentPid":83437,"at":1791193650488,"toolPid":92090}
[verification-tool-phase] {"phase":"monitor-closed","pid":83437,"parentPid":83436,"at":1791193650491,"monitorPid":92088,"exitCode":0,"signal":null}
[verification-test-start] {"pid":83437,"parentPid":83436,"entryFile":"/Users/yuanxi/Workwork/vibe-fs/requirements/verification-system/tests/016.test.mjs","name":"WHAT[verification-system-016] held Fable compilation preserves null cancellation and drains the actual process group","fullName":"WHAT[verification-system-016] held Fable compilation preserves null cancellation and drains the actual process group"}
[verification-tool-phase] {"phase":"monitor-spawned","pid":83437,"parentPid":83436,"at":1791193650693,"monitorPid":92210,"executable":"/private/var/folders/g_/3ydzn7kx5lg9ylq8fd9p_13r0000gn/T/verification-fable-project-test-oJ2b31/sdk/dotnet-sdk/dotnet"}
[verification-tool-phase] {"phase":"tool-spawned","pid":92210,"parentPid":83437,"at":1791193650720,"toolPid":92211,"executable":"/private/var/folders/g_/3ydzn7kx5lg9ylq8fd9p_13r0000gn/T/verification-fable-project-test-oJ2b31/sdk/dotnet-sdk/dotnet"}
[verification-tool-phase] {"phase":"tool-exited","pid":92210,"parentPid":83437,"at":1791193651353,"toolPid":92211,"exitCode":null,"signal":"SIGKILL"}
[verification-tool-phase] {"phase":"group-drained","pid":92210,"parentPid":83437,"at":1791193651377,"toolPid":92211}
[verification-tool-phase] {"phase":"monitor-closed","pid":83437,"parentPid":83436,"at":1791193651378,"monitorPid":92210,"exitCode":0,"signal":null}
[verification-test-start] {"pid":83437,"parentPid":83436,"entryFile":"/Users/yuanxi/Workwork/vibe-fs/requirements/verification-system/tests/016.test.mjs","name":"WHAT[verification-system-016] Fable namespace cancellation preserves Error and reports refused foreign cleanup","fullName":"WHAT[verification-system-016] Fable namespace cancellation preserves Error and reports refused foreign cleanup"}
[verification-tool-phase] {"phase":"monitor-spawned","pid":83437,"parentPid":83436,"at":1791193651548,"monitorPid":92331,"executable":"/private/var/folders/g_/3ydzn7kx5lg9ylq8fd9p_13r0000gn/T/verification-fable-project-test-icryQh/sdk/dotnet-sdk/dotnet"}
[verification-tool-phase] {"phase":"tool-spawned","pid":92331,"parentPid":83437,"at":1791193651573,"toolPid":92332,"executable":"/private/var/folders/g_/3ydzn7kx5lg9ylq8fd9p_13r0000gn/T/verification-fable-project-test-icryQh/sdk/dotnet-sdk/dotnet"}
[verification-tool-phase] {"phase":"tool-exited","pid":92331,"parentPid":83437,"at":1791193652237,"toolPid":92332,"exitCode":null,"signal":"SIGKILL"}
[verification-tool-phase] {"phase":"group-drained","pid":92331,"parentPid":83437,"at":1791193652262,"toolPid":92332}
[verification-tool-phase] {"phase":"monitor-closed","pid":83437,"parentPid":83436,"at":1791193652264,"monitorPid":92331,"exitCode":0,"signal":null}
[verification-test-start] {"pid":83437,"parentPid":83436,"entryFile":"/Users/yuanxi/Workwork/vibe-fs/requirements/verification-system/tests/016.test.mjs","name":"WHAT[verification-system-016] Fable namespace cancellation preserves null and reports refused foreign cleanup","fullName":"WHAT[verification-system-016] Fable namespace cancellation preserves null and reports refused foreign cleanup"}
[verification-tool-phase] {"phase":"monitor-spawned","pid":83437,"parentPid":83436,"at":1791193652439,"monitorPid":92453,"executable":"/private/var/folders/g_/3ydzn7kx5lg9ylq8fd9p_13r0000gn/T/verification-fable-project-test-sifExM/sdk/dotnet-sdk/dotnet"}
[verification-tool-phase] {"phase":"tool-spawned","pid":92453,"parentPid":83437,"at":1791193652465,"toolPid":92454,"executable":"/private/var/folders/g_/3ydzn7kx5lg9ylq8fd9p_13r0000gn/T/verification-fable-project-test-sifExM/sdk/dotnet-sdk/dotnet"}
[verification-tool-phase] {"phase":"tool-exited","pid":92453,"parentPid":83437,"at":1791193653148,"toolPid":92454,"exitCode":null,"signal":"SIGKILL"}
[verification-tool-phase] {"phase":"group-drained","pid":92453,"parentPid":83437,"at":1791193653171,"toolPid":92454}
[verification-tool-phase] {"phase":"monitor-closed","pid":83437,"parentPid":83436,"at":1791193653173,"monitorPid":92453,"exitCode":0,"signal":null}
[verification-test-start] {"pid":83437,"parentPid":83436,"entryFile":"/Users/yuanxi/Workwork/vibe-fs/requirements/verification-system/tests/016.test.mjs","name":"WHAT[verification-system-016] changed public compileRoot cannot borrow the captured compile identity or redirect disposal","fullName":"WHAT[verification-system-016] changed public compileRoot cannot borrow the captured compile identity or redirect disposal"}
[verification-tool-phase] {"phase":"monitor-spawned","pid":83437,"parentPid":83436,"at":1791193653348,"monitorPid":92574,"executable":"/private/var/folders/g_/3ydzn7kx5lg9ylq8fd9p_13r0000gn/T/verification-fable-project-test-xRoolP/sdk/dotnet-sdk/dotnet"}
[verification-tool-phase] {"phase":"tool-spawned","pid":92574,"parentPid":83437,"at":1791193653374,"toolPid":92575,"executable":"/private/var/folders/g_/3ydzn7kx5lg9ylq8fd9p_13r0000gn/T/verification-fable-project-test-xRoolP/sdk/dotnet-sdk/dotnet"}
[verification-tool-phase] {"phase":"tool-exited","pid":92574,"parentPid":83437,"at":1791193653946,"toolPid":92575,"exitCode":0,"signal":null}
[verification-tool-phase] {"phase":"group-drained","pid":92574,"parentPid":83437,"at":1791193653967,"toolPid":92575}
[verification-tool-phase] {"phase":"monitor-closed","pid":83437,"parentPid":83436,"at":1791193653968,"monitorPid":92574,"exitCode":0,"signal":null}
[verification-test-start] {"pid":83437,"parentPid":83436,"entryFile":"/Users/yuanxi/Workwork/vibe-fs/requirements/verification-system/tests/016.test.mjs","name":"WHAT[verification-system-016] changed public compileDigest cannot borrow the captured compile identity or redirect disposal","fullName":"WHAT[verification-system-016] changed public compileDigest cannot borrow the captured compile identity or redirect disposal"}
[verification-tool-phase] {"phase":"monitor-spawned","pid":83437,"parentPid":83436,"at":1791193654144,"monitorPid":92695,"executable":"/private/var/folders/g_/3ydzn7kx5lg9ylq8fd9p_13r0000gn/T/verification-fable-project-test-erkbF7/sdk/dotnet-sdk/dotnet"}
[verification-tool-phase] {"phase":"tool-spawned","pid":92695,"parentPid":83437,"at":1791193654169,"toolPid":92696,"executable":"/private/var/folders/g_/3ydzn7kx5lg9ylq8fd9p_13r0000gn/T/verification-fable-project-test-erkbF7/sdk/dotnet-sdk/dotnet"}
[verification-tool-phase] {"phase":"tool-exited","pid":92695,"parentPid":83437,"at":1791193654778,"toolPid":92696,"exitCode":0,"signal":null}
[verification-tool-phase] {"phase":"group-drained","pid":92695,"parentPid":83437,"at":1791193654802,"toolPid":92696}
[verification-tool-phase] {"phase":"monitor-closed","pid":83437,"parentPid":83436,"at":1791193654804,"monitorPid":92695,"exitCode":0,"signal":null}
[verification-test-start] {"pid":83437,"parentPid":83436,"entryFile":"/Users/yuanxi/Workwork/vibe-fs/requirements/verification-system/tests/016.test.mjs","name":"WHAT[verification-system-016] Fable namespace canonical parent replacement cannot authorize revalidation or foreign disposal","fullName":"WHAT[verification-system-016] Fable namespace canonical parent replacement cannot authorize revalidation or foreign disposal"}
[verification-tool-phase] {"phase":"monitor-spawned","pid":83437,"parentPid":83436,"at":1791193654984,"monitorPid":92815,"executable":"/private/var/folders/g_/3ydzn7kx5lg9ylq8fd9p_13r0000gn/T/verification-fable-project-test-CBXy7i/sdk/dotnet-sdk/dotnet"}
[verification-tool-phase] {"phase":"tool-spawned","pid":92815,"parentPid":83437,"at":1791193655010,"toolPid":92816,"executable":"/private/var/folders/g_/3ydzn7kx5lg9ylq8fd9p_13r0000gn/T/verification-fable-project-test-CBXy7i/sdk/dotnet-sdk/dotnet"}
[verification-tool-phase] {"phase":"tool-exited","pid":92815,"parentPid":83437,"at":1791193655610,"toolPid":92816,"exitCode":0,"signal":null}
[verification-tool-phase] {"phase":"group-drained","pid":92815,"parentPid":83437,"at":1791193655629,"toolPid":92816}
[verification-tool-phase] {"phase":"monitor-closed","pid":83437,"parentPid":83436,"at":1791193655631,"monitorPid":92815,"exitCode":0,"signal":null}
[verification-test-start] {"pid":83437,"parentPid":83436,"entryFile":"/Users/yuanxi/Workwork/vibe-fs/requirements/verification-system/tests/016.test.mjs","name":"WHAT[verification-system-016] Fable namespace ordinary root replacement cannot authorize revalidation or foreign disposal","fullName":"WHAT[verification-system-016] Fable namespace ordinary root replacement cannot authorize revalidation or foreign disposal"}
[verification-tool-phase] {"phase":"monitor-spawned","pid":83437,"parentPid":83436,"at":1791193655842,"monitorPid":92935,"executable":"/private/var/folders/g_/3ydzn7kx5lg9ylq8fd9p_13r0000gn/T/verification-fable-project-test-FznimR/sdk/dotnet-sdk/dotnet"}
[verification-tool-phase] {"phase":"tool-spawned","pid":92935,"parentPid":83437,"at":1791193655871,"toolPid":92936,"executable":"/private/var/folders/g_/3ydzn7kx5lg9ylq8fd9p_13r0000gn/T/verification-fable-project-test-FznimR/sdk/dotnet-sdk/dotnet"}
[verification-tool-phase] {"phase":"tool-exited","pid":92935,"parentPid":83437,"at":1791193656448,"toolPid":92936,"exitCode":0,"signal":null}
[verification-tool-phase] {"phase":"group-drained","pid":92935,"parentPid":83437,"at":1791193656467,"toolPid":92936}
[verification-tool-phase] {"phase":"monitor-closed","pid":83437,"parentPid":83436,"at":1791193656469,"monitorPid":92935,"exitCode":0,"signal":null}
[verification-test-start] {"pid":83437,"parentPid":83436,"entryFile":"/Users/yuanxi/Workwork/vibe-fs/requirements/verification-system/tests/016.test.mjs","name":"WHAT[verification-system-016] Fable namespace missing root under a replaced parent cannot claim completed disposal","fullName":"WHAT[verification-system-016] Fable namespace missing root under a replaced parent cannot claim completed disposal"}
[verification-tool-phase] {"phase":"monitor-spawned","pid":83437,"parentPid":83436,"at":1791193656649,"monitorPid":93056,"executable":"/private/var/folders/g_/3ydzn7kx5lg9ylq8fd9p_13r0000gn/T/verification-fable-project-test-a06abW/sdk/dotnet-sdk/dotnet"}
[verification-tool-phase] {"phase":"tool-spawned","pid":93056,"parentPid":83437,"at":1791193656675,"toolPid":93057,"executable":"/private/var/folders/g_/3ydzn7kx5lg9ylq8fd9p_13r0000gn/T/verification-fable-project-test-a06abW/sdk/dotnet-sdk/dotnet"}
[verification-tool-phase] {"phase":"tool-exited","pid":93056,"parentPid":83437,"at":1791193657275,"toolPid":93057,"exitCode":0,"signal":null}
[verification-tool-phase] {"phase":"group-drained","pid":93056,"parentPid":83437,"at":1791193657300,"toolPid":93057}
[verification-tool-phase] {"phase":"monitor-closed","pid":83437,"parentPid":83436,"at":1791193657302,"monitorPid":93056,"exitCode":0,"signal":null}
[verification-test-start] {"pid":83437,"parentPid":83436,"entryFile":"/Users/yuanxi/Workwork/vibe-fs/requirements/verification-system/tests/016.test.mjs","name":"WHAT[verification-system-016] compiled JavaScript revalidation rejects bytes, mode, added and missing output members","fullName":"WHAT[verification-system-016] compiled JavaScript revalidation rejects bytes, mode, added and missing output members"}
[verification-tool-phase] {"phase":"monitor-spawned","pid":83437,"parentPid":83436,"at":1791193657473,"monitorPid":93176,"executable":"/private/var/folders/g_/3ydzn7kx5lg9ylq8fd9p_13r0000gn/T/verification-fable-project-test-5EEnEn/sdk/dotnet-sdk/dotnet"}
[verification-tool-phase] {"phase":"tool-spawned","pid":93176,"parentPid":83437,"at":1791193657498,"toolPid":93177,"executable":"/private/var/folders/g_/3ydzn7kx5lg9ylq8fd9p_13r0000gn/T/verification-fable-project-test-5EEnEn/sdk/dotnet-sdk/dotnet"}
[verification-tool-phase] {"phase":"tool-exited","pid":93176,"parentPid":83437,"at":1791193658081,"toolPid":93177,"exitCode":0,"signal":null}
[verification-tool-phase] {"phase":"group-drained","pid":93176,"parentPid":83437,"at":1791193658105,"toolPid":93177}
[verification-tool-phase] {"phase":"monitor-closed","pid":83437,"parentPid":83436,"at":1791193658107,"monitorPid":93176,"exitCode":0,"signal":null}
[verification-test-start] {"pid":83437,"parentPid":83436,"entryFile":"/Users/yuanxi/Workwork/vibe-fs/requirements/verification-system/tests/016.test.mjs","name":"bytes","fullName":"WHAT[verification-system-016] compiled JavaScript revalidation rejects bytes, mode, added and missing output members > bytes"}
[verification-test-start] {"pid":83437,"parentPid":83436,"entryFile":"/Users/yuanxi/Workwork/vibe-fs/requirements/verification-system/tests/016.test.mjs","name":"mode","fullName":"WHAT[verification-system-016] compiled JavaScript revalidation rejects bytes, mode, added and missing output members > mode"}
[verification-test-start] {"pid":83437,"parentPid":83436,"entryFile":"/Users/yuanxi/Workwork/vibe-fs/requirements/verification-system/tests/016.test.mjs","name":"added","fullName":"WHAT[verification-system-016] compiled JavaScript revalidation rejects bytes, mode, added and missing output members > added"}
[verification-test-start] {"pid":83437,"parentPid":83436,"entryFile":"/Users/yuanxi/Workwork/vibe-fs/requirements/verification-system/tests/016.test.mjs","name":"missing","fullName":"WHAT[verification-system-016] compiled JavaScript revalidation rejects bytes, mode, added and missing output members > missing"}
[verification-test-start] {"pid":83437,"parentPid":83436,"entryFile":"/Users/yuanxi/Workwork/vibe-fs/requirements/verification-system/tests/016.test.mjs","name":"WHAT[verification-system-016] the actual verification run binds its evidence to the same immutable candidate snapshot","fullName":"WHAT[verification-system-016] the actual verification run binds its evidence to the same immutable candidate snapshot"}
[verification-test-start] {"pid":83437,"parentPid":83436,"entryFile":"/Users/yuanxi/Workwork/vibe-fs/requirements/verification-system/tests/016.test.mjs","name":"WHAT[verification-system-016] npm installation uses the selected real CLI and two locked registry packages without lifecycle scripts or ambient launcher configuration","fullName":"WHAT[verification-system-016] npm installation uses the selected real CLI and two locked registry packages without lifecycle scripts or ambient launcher configuration"}
[verification-fixture-phase] {"phase":"npm:version-enter","pid":83437,"parentPid":83436,"elapsedMs":132795.616042,"npmCli":"/private/tmp/vibe-fs-ci-selected-npm1094/package/bin/npm-cli.js"}
[verification-fixture-phase] {"phase":"npm:version-completed","pid":83437,"parentPid":83436,"elapsedMs":132915.540417,"npmCli":"/private/tmp/vibe-fs-ci-selected-npm1094/package/bin/npm-cli.js","version":"10.9.4"}
[verification-fixture-phase] {"phase":"npm:registry-listening","pid":83437,"parentPid":83436,"elapsedMs":132916.634583,"root":"/var/folders/g_/3ydzn7kx5lg9ylq8fd9p_13r0000gn/T/verification-npm-fixture-KmWI8v","registry":"http://127.0.0.1:57461"}
[verification-tool-phase] {"phase":"monitor-spawned","pid":83437,"parentPid":83436,"at":1791193658415,"monitorPid":93180,"executable":"/private/var/folders/g_/3ydzn7kx5lg9ylq8fd9p_13r0000gn/T/verification-npm-fixture-KmWI8v/candidates/verification-npm-install-II90hI/tools/node"}
[verification-tool-phase] {"phase":"tool-spawned","pid":93180,"parentPid":83437,"at":1791193658450,"toolPid":93181,"executable":"/private/var/folders/g_/3ydzn7kx5lg9ylq8fd9p_13r0000gn/T/verification-npm-fixture-KmWI8v/candidates/verification-npm-install-II90hI/tools/node"}
[verification-tool-phase] {"phase":"tool-exited","pid":93180,"parentPid":83437,"at":1791193660216,"toolPid":93181,"exitCode":0,"signal":null}
[verification-tool-phase] {"phase":"group-drained","pid":93180,"parentPid":83437,"at":1791193660240,"toolPid":93181}
[verification-tool-phase] {"phase":"monitor-closed","pid":83437,"parentPid":83436,"at":1791193660242,"monitorPid":93180,"exitCode":0,"signal":null}
[verification-tool-phase] {"phase":"monitor-spawned","pid":83437,"parentPid":83436,"at":1791193660243,"monitorPid":93183,"executable":"/private/var/folders/g_/3ydzn7kx5lg9ylq8fd9p_13r0000gn/T/verification-npm-fixture-KmWI8v/candidates/verification-npm-install-II90hI/tools/node"}
[verification-tool-phase] {"phase":"tool-spawned","pid":93183,"parentPid":83437,"at":1791193660270,"toolPid":93184,"executable":"/private/var/folders/g_/3ydzn7kx5lg9ylq8fd9p_13r0000gn/T/verification-npm-fixture-KmWI8v/candidates/verification-npm-install-II90hI/tools/node"}
[verification-tool-phase] {"phase":"tool-exited","pid":93183,"parentPid":83437,"at":1791193660391,"toolPid":93184,"exitCode":0,"signal":null}
[verification-tool-phase] {"phase":"group-drained","pid":93183,"parentPid":83437,"at":1791193660412,"toolPid":93184}
[verification-tool-phase] {"phase":"monitor-closed","pid":83437,"parentPid":83436,"at":1791193660413,"monitorPid":93183,"exitCode":0,"signal":null}
[verification-tool-phase] {"phase":"monitor-spawned","pid":83437,"parentPid":83436,"at":1791193660414,"monitorPid":93186,"executable":"/private/var/folders/g_/3ydzn7kx5lg9ylq8fd9p_13r0000gn/T/verification-npm-fixture-KmWI8v/candidates/verification-npm-install-II90hI/tools/node"}
[verification-tool-phase] {"phase":"tool-spawned","pid":93186,"parentPid":83437,"at":1791193660443,"toolPid":93187,"executable":"/private/var/folders/g_/3ydzn7kx5lg9ylq8fd9p_13r0000gn/T/verification-npm-fixture-KmWI8v/candidates/verification-npm-install-II90hI/tools/node"}
[verification-fixture-phase] {"phase":"npm:registry-request","pid":83437,"parentPid":83436,"elapsedMs":135912.618375,"root":"/var/folders/g_/3ydzn7kx5lg9ylq8fd9p_13r0000gn/T/verification-npm-fixture-KmWI8v","method":"GET","path":"/wxs-fixture-leaf/-/wxs-fixture-leaf-1.0.0.tgz"}
[verification-fixture-phase] {"phase":"npm:registry-request","pid":83437,"parentPid":83436,"elapsedMs":135913.59975,"root":"/var/folders/g_/3ydzn7kx5lg9ylq8fd9p_13r0000gn/T/verification-npm-fixture-KmWI8v","method":"GET","path":"/wxs-fixture-parent/-/wxs-fixture-parent-1.0.0.tgz"}
[verification-tool-phase] {"phase":"tool-exited","pid":93186,"parentPid":83437,"at":1791193661330,"toolPid":93187,"exitCode":0,"signal":null}
[verification-tool-phase] {"phase":"group-drained","pid":93186,"parentPid":83437,"at":1791193661349,"toolPid":93187}
[verification-tool-phase] {"phase":"monitor-closed","pid":83437,"parentPid":83436,"at":1791193661351,"monitorPid":93186,"exitCode":0,"signal":null}
[verification-fixture-phase] {"phase":"npm:fixture-dispose-enter","pid":83437,"parentPid":83436,"elapsedMs":136079.762917,"root":"/var/folders/g_/3ydzn7kx5lg9ylq8fd9p_13r0000gn/T/verification-npm-fixture-KmWI8v"}
[verification-fixture-phase] {"phase":"npm:fixture-disposed","pid":83437,"parentPid":83436,"elapsedMs":136080.349125,"root":"/var/folders/g_/3ydzn7kx5lg9ylq8fd9p_13r0000gn/T/verification-npm-fixture-KmWI8v"}
[verification-test-start] {"pid":83437,"parentPid":83436,"entryFile":"/Users/yuanxi/Workwork/vibe-fs/requirements/verification-system/tests/016.test.mjs","name":"WHAT[verification-system-016] npm installation rejects real registry bytes that violate the selected lock integrity and reclaims all installation resources","fullName":"WHAT[verification-system-016] npm installation rejects real registry bytes that violate the selected lock integrity and reclaims all installation resources"}
[verification-fixture-phase] {"phase":"npm:version-enter","pid":83437,"parentPid":83436,"elapsedMs":136080.870583,"npmCli":"/private/tmp/vibe-fs-ci-selected-npm1094/package/bin/npm-cli.js"}
[verification-fixture-phase] {"phase":"npm:version-completed","pid":83437,"parentPid":83436,"elapsedMs":136141.438542,"npmCli":"/private/tmp/vibe-fs-ci-selected-npm1094/package/bin/npm-cli.js","version":"10.9.4"}
[verification-fixture-phase] {"phase":"npm:registry-listening","pid":83437,"parentPid":83436,"elapsedMs":136142.108,"root":"/var/folders/g_/3ydzn7kx5lg9ylq8fd9p_13r0000gn/T/verification-npm-fixture-XzFYiB","registry":"http://127.0.0.1:57465"}
[verification-tool-phase] {"phase":"monitor-spawned","pid":83437,"parentPid":83436,"at":1791193661620,"monitorPid":93191,"executable":"/private/var/folders/g_/3ydzn7kx5lg9ylq8fd9p_13r0000gn/T/verification-npm-fixture-XzFYiB/candidates/verification-npm-install-JXXMlG/tools/node"}
[verification-tool-phase] {"phase":"tool-spawned","pid":93191,"parentPid":83437,"at":1791193661655,"toolPid":93192,"executable":"/private/var/folders/g_/3ydzn7kx5lg9ylq8fd9p_13r0000gn/T/verification-npm-fixture-XzFYiB/candidates/verification-npm-install-JXXMlG/tools/node"}
[verification-tool-phase] {"phase":"tool-exited","pid":93191,"parentPid":83437,"at":1791193662778,"toolPid":93192,"exitCode":0,"signal":null}
[verification-tool-phase] {"phase":"group-drained","pid":93191,"parentPid":83437,"at":1791193662801,"toolPid":93192}
[verification-tool-phase] {"phase":"monitor-closed","pid":83437,"parentPid":83436,"at":1791193662803,"monitorPid":93191,"exitCode":0,"signal":null}
[verification-tool-phase] {"phase":"monitor-spawned","pid":83437,"parentPid":83436,"at":1791193662804,"monitorPid":93195,"executable":"/private/var/folders/g_/3ydzn7kx5lg9ylq8fd9p_13r0000gn/T/verification-npm-fixture-XzFYiB/candidates/verification-npm-install-JXXMlG/tools/node"}
[verification-tool-phase] {"phase":"tool-spawned","pid":93195,"parentPid":83437,"at":1791193662832,"toolPid":93196,"executable":"/private/var/folders/g_/3ydzn7kx5lg9ylq8fd9p_13r0000gn/T/verification-npm-fixture-XzFYiB/candidates/verification-npm-install-JXXMlG/tools/node"}
[verification-tool-phase] {"phase":"tool-exited","pid":93195,"parentPid":83437,"at":1791193662911,"toolPid":93196,"exitCode":0,"signal":null}
[verification-tool-phase] {"phase":"group-drained","pid":93195,"parentPid":83437,"at":1791193662930,"toolPid":93196}
[verification-tool-phase] {"phase":"monitor-closed","pid":83437,"parentPid":83436,"at":1791193662932,"monitorPid":93195,"exitCode":0,"signal":null}
[verification-tool-phase] {"phase":"monitor-spawned","pid":83437,"parentPid":83436,"at":1791193662932,"monitorPid":93198,"executable":"/private/var/folders/g_/3ydzn7kx5lg9ylq8fd9p_13r0000gn/T/verification-npm-fixture-XzFYiB/candidates/verification-npm-install-JXXMlG/tools/node"}
[verification-tool-phase] {"phase":"tool-spawned","pid":93198,"parentPid":83437,"at":1791193662959,"toolPid":93199,"executable":"/private/var/folders/g_/3ydzn7kx5lg9ylq8fd9p_13r0000gn/T/verification-npm-fixture-XzFYiB/candidates/verification-npm-install-JXXMlG/tools/node"}
[verification-fixture-phase] {"phase":"npm:registry-request","pid":83437,"parentPid":83436,"elapsedMs":137809.967375,"root":"/var/folders/g_/3ydzn7kx5lg9ylq8fd9p_13r0000gn/T/verification-npm-fixture-XzFYiB","method":"GET","path":"/wxs-fixture-leaf/-/wxs-fixture-leaf-1.0.0.tgz"}
[verification-fixture-phase] {"phase":"npm:registry-request","pid":83437,"parentPid":83436,"elapsedMs":137810.295958,"root":"/var/folders/g_/3ydzn7kx5lg9ylq8fd9p_13r0000gn/T/verification-npm-fixture-XzFYiB","method":"GET","path":"/wxs-fixture-parent/-/wxs-fixture-parent-1.0.0.tgz"}
[verification-fixture-phase] {"phase":"npm:registry-request","pid":83437,"parentPid":83436,"elapsedMs":137817.110625,"root":"/var/folders/g_/3ydzn7kx5lg9ylq8fd9p_13r0000gn/T/verification-npm-fixture-XzFYiB","method":"GET","path":"/wxs-fixture-leaf/-/wxs-fixture-leaf-1.0.0.tgz"}
[verification-tool-phase] {"phase":"tool-exited","pid":93198,"parentPid":83437,"at":1791193663227,"toolPid":93199,"exitCode":1,"signal":null}
[verification-tool-phase] {"phase":"group-drained","pid":93198,"parentPid":83437,"at":1791193663246,"toolPid":93199}
[verification-tool-phase] {"phase":"monitor-closed","pid":83437,"parentPid":83436,"at":1791193663247,"monitorPid":93198,"exitCode":0,"signal":null}
[verification-fixture-phase] {"phase":"npm:fixture-dispose-enter","pid":83437,"parentPid":83436,"elapsedMs":137944.078333,"root":"/var/folders/g_/3ydzn7kx5lg9ylq8fd9p_13r0000gn/T/verification-npm-fixture-XzFYiB"}
[verification-fixture-phase] {"phase":"npm:fixture-disposed","pid":83437,"parentPid":83436,"elapsedMs":137944.429417,"root":"/var/folders/g_/3ydzn7kx5lg9ylq8fd9p_13r0000gn/T/verification-npm-fixture-XzFYiB"}
[verification-test-start] {"pid":83437,"parentPid":83436,"entryFile":"/Users/yuanxi/Workwork/vibe-fs/requirements/verification-system/tests/016.test.mjs","name":"WHAT[verification-system-016] npm installation fails through real npm ci when a required transitive package is missing from the lock inventory","fullName":"WHAT[verification-system-016] npm installation fails through real npm ci when a required transitive package is missing from the lock inventory"}
[verification-fixture-phase] {"phase":"npm:version-enter","pid":83437,"parentPid":83436,"elapsedMs":137944.934917,"npmCli":"/private/tmp/vibe-fs-ci-selected-npm1094/package/bin/npm-cli.js"}
[verification-fixture-phase] {"phase":"npm:version-completed","pid":83437,"parentPid":83436,"elapsedMs":138004.426875,"npmCli":"/private/tmp/vibe-fs-ci-selected-npm1094/package/bin/npm-cli.js","version":"10.9.4"}
[verification-fixture-phase] {"phase":"npm:registry-listening","pid":83437,"parentPid":83436,"elapsedMs":138005.319083,"root":"/var/folders/g_/3ydzn7kx5lg9ylq8fd9p_13r0000gn/T/verification-npm-fixture-aml3V3","registry":"http://127.0.0.1:57469"}
[verification-tool-phase] {"phase":"monitor-spawned","pid":83437,"parentPid":83436,"at":1791193663467,"monitorPid":93202,"executable":"/private/var/folders/g_/3ydzn7kx5lg9ylq8fd9p_13r0000gn/T/verification-npm-fixture-aml3V3/candidates/verification-npm-install-gcCnOf/tools/node"}
[verification-tool-phase] {"phase":"tool-spawned","pid":93202,"parentPid":83437,"at":1791193663501,"toolPid":93203,"executable":"/private/var/folders/g_/3ydzn7kx5lg9ylq8fd9p_13r0000gn/T/verification-npm-fixture-aml3V3/candidates/verification-npm-install-gcCnOf/tools/node"}
[verification-tool-phase] {"phase":"tool-exited","pid":93202,"parentPid":83437,"at":1791193664552,"toolPid":93203,"exitCode":0,"signal":null}
[verification-tool-phase] {"phase":"group-drained","pid":93202,"parentPid":83437,"at":1791193664574,"toolPid":93203}
[verification-tool-phase] {"phase":"monitor-closed","pid":83437,"parentPid":83436,"at":1791193664576,"monitorPid":93202,"exitCode":0,"signal":null}
[verification-tool-phase] {"phase":"monitor-spawned","pid":83437,"parentPid":83436,"at":1791193664577,"monitorPid":93205,"executable":"/private/var/folders/g_/3ydzn7kx5lg9ylq8fd9p_13r0000gn/T/verification-npm-fixture-aml3V3/candidates/verification-npm-install-gcCnOf/tools/node"}
[verification-tool-phase] {"phase":"tool-spawned","pid":93205,"parentPid":83437,"at":1791193664604,"toolPid":93206,"executable":"/private/var/folders/g_/3ydzn7kx5lg9ylq8fd9p_13r0000gn/T/verification-npm-fixture-aml3V3/candidates/verification-npm-install-gcCnOf/tools/node"}
[verification-tool-phase] {"phase":"tool-exited","pid":93205,"parentPid":83437,"at":1791193664682,"toolPid":93206,"exitCode":0,"signal":null}
[verification-tool-phase] {"phase":"group-drained","pid":93205,"parentPid":83437,"at":1791193664701,"toolPid":93206}
[verification-tool-phase] {"phase":"monitor-closed","pid":83437,"parentPid":83436,"at":1791193664702,"monitorPid":93205,"exitCode":0,"signal":null}
[verification-tool-phase] {"phase":"monitor-spawned","pid":83437,"parentPid":83436,"at":1791193664702,"monitorPid":93208,"executable":"/private/var/folders/g_/3ydzn7kx5lg9ylq8fd9p_13r0000gn/T/verification-npm-fixture-aml3V3/candidates/verification-npm-install-gcCnOf/tools/node"}
[verification-tool-phase] {"phase":"tool-spawned","pid":93208,"parentPid":83437,"at":1791193664728,"toolPid":93209,"executable":"/private/var/folders/g_/3ydzn7kx5lg9ylq8fd9p_13r0000gn/T/verification-npm-fixture-aml3V3/candidates/verification-npm-install-gcCnOf/tools/node"}
[verification-fixture-phase] {"phase":"npm:registry-request","pid":83437,"parentPid":83436,"elapsedMs":139569.397542,"root":"/var/folders/g_/3ydzn7kx5lg9ylq8fd9p_13r0000gn/T/verification-npm-fixture-aml3V3","method":"GET","path":"/wxs-fixture-leaf"}
[verification-tool-phase] {"phase":"tool-exited","pid":93208,"parentPid":83437,"at":1791193664984,"toolPid":93209,"exitCode":1,"signal":null}
[verification-tool-phase] {"phase":"group-drained","pid":93208,"parentPid":83437,"at":1791193665003,"toolPid":93209}
[verification-tool-phase] {"phase":"monitor-closed","pid":83437,"parentPid":83436,"at":1791193665005,"monitorPid":93208,"exitCode":0,"signal":null}
[verification-fixture-phase] {"phase":"npm:fixture-dispose-enter","pid":83437,"parentPid":83436,"elapsedMs":139701.856833,"root":"/var/folders/g_/3ydzn7kx5lg9ylq8fd9p_13r0000gn/T/verification-npm-fixture-aml3V3"}
[verification-fixture-phase] {"phase":"npm:fixture-disposed","pid":83437,"parentPid":83436,"elapsedMs":139702.198667,"root":"/var/folders/g_/3ydzn7kx5lg9ylq8fd9p_13r0000gn/T/verification-npm-fixture-aml3V3"}
[verification-test-start] {"pid":83437,"parentPid":83436,"entryFile":"/Users/yuanxi/Workwork/vibe-fs/requirements/verification-system/tests/016.test.mjs","name":"WHAT[verification-system-016] npm installation refuses file git link and workspace dependency authorities before making registry requests","fullName":"WHAT[verification-system-016] npm installation refuses file git link and workspace dependency authorities before making registry requests"}
[verification-fixture-phase] {"phase":"npm:version-enter","pid":83437,"parentPid":83436,"elapsedMs":139702.752833,"npmCli":"/private/tmp/vibe-fs-ci-selected-npm1094/package/bin/npm-cli.js"}
[verification-fixture-phase] {"phase":"npm:version-completed","pid":83437,"parentPid":83436,"elapsedMs":139761.335792,"npmCli":"/private/tmp/vibe-fs-ci-selected-npm1094/package/bin/npm-cli.js","version":"10.9.4"}
[verification-fixture-phase] {"phase":"npm:registry-listening","pid":83437,"parentPid":83436,"elapsedMs":139761.967708,"root":"/var/folders/g_/3ydzn7kx5lg9ylq8fd9p_13r0000gn/T/verification-npm-fixture-cKsO0J","registry":"http://127.0.0.1:57472"}
[verification-test-start] {"pid":83437,"parentPid":83436,"entryFile":"/Users/yuanxi/Workwork/vibe-fs/requirements/verification-system/tests/016.test.mjs","name":"WHAT[verification-system-016] npm installation refuses file:../foreign","fullName":"WHAT[verification-system-016] npm installation refuses file git link and workspace dependency authorities before making registry requests > WHAT[verification-system-016] npm installation refuses file:../foreign"}
[verification-test-start] {"pid":83437,"parentPid":83436,"entryFile":"/Users/yuanxi/Workwork/vibe-fs/requirements/verification-system/tests/016.test.mjs","name":"WHAT[verification-system-016] npm installation refuses git+https://example.invalid/foreign.git","fullName":"WHAT[verification-system-016] npm installation refuses file git link and workspace dependency authorities before making registry requests > WHAT[verification-system-016] npm installation refuses git+https://example.invalid/foreign.git"}
[verification-test-start] {"pid":83437,"parentPid":83436,"entryFile":"/Users/yuanxi/Workwork/vibe-fs/requirements/verification-system/tests/016.test.mjs","name":"WHAT[verification-system-016] npm installation refuses link:../foreign","fullName":"WHAT[verification-system-016] npm installation refuses file git link and workspace dependency authorities before making registry requests > WHAT[verification-system-016] npm installation refuses link:../foreign"}
[verification-test-start] {"pid":83437,"parentPid":83436,"entryFile":"/Users/yuanxi/Workwork/vibe-fs/requirements/verification-system/tests/016.test.mjs","name":"WHAT[verification-system-016] npm installation refuses workspace:*","fullName":"WHAT[verification-system-016] npm installation refuses file git link and workspace dependency authorities before making registry requests > WHAT[verification-system-016] npm installation refuses workspace:*"}
[verification-test-start] {"pid":83437,"parentPid":83436,"entryFile":"/Users/yuanxi/Workwork/vibe-fs/requirements/verification-system/tests/016.test.mjs","name":"WHAT[verification-system-016] npm installation refuses .","fullName":"WHAT[verification-system-016] npm installation refuses file git link and workspace dependency authorities before making registry requests > WHAT[verification-system-016] npm installation refuses ."}
[verification-test-start] {"pid":83437,"parentPid":83436,"entryFile":"/Users/yuanxi/Workwork/vibe-fs/requirements/verification-system/tests/016.test.mjs","name":"WHAT[verification-system-016] npm installation refuses ..","fullName":"WHAT[verification-system-016] npm installation refuses file git link and workspace dependency authorities before making registry requests > WHAT[verification-system-016] npm installation refuses .."}
[verification-test-start] {"pid":83437,"parentPid":83436,"entryFile":"/Users/yuanxi/Workwork/vibe-fs/requirements/verification-system/tests/016.test.mjs","name":"WHAT[verification-system-016] npm installation refuses foreign.tgz","fullName":"WHAT[verification-system-016] npm installation refuses file git link and workspace dependency authorities before making registry requests > WHAT[verification-system-016] npm installation refuses foreign.tgz"}
[verification-test-start] {"pid":83437,"parentPid":83436,"entryFile":"/Users/yuanxi/Workwork/vibe-fs/requirements/verification-system/tests/016.test.mjs","name":"WHAT[verification-system-016] npm installation refuses foreign.tar.gz","fullName":"WHAT[verification-system-016] npm installation refuses file git link and workspace dependency authorities before making registry requests > WHAT[verification-system-016] npm installation refuses foreign.tar.gz"}
[verification-test-start] {"pid":83437,"parentPid":83436,"entryFile":"/Users/yuanxi/Workwork/vibe-fs/requirements/verification-system/tests/016.test.mjs","name":"WHAT[verification-system-016] npm installation refuses foreign.tar","fullName":"WHAT[verification-system-016] npm installation refuses file git link and workspace dependency authorities before making registry requests > WHAT[verification-system-016] npm installation refuses foreign.tar"}
[verification-fixture-phase] {"phase":"npm:fixture-dispose-enter","pid":83437,"parentPid":83436,"elapsedMs":139819.287125,"root":"/var/folders/g_/3ydzn7kx5lg9ylq8fd9p_13r0000gn/T/verification-npm-fixture-cKsO0J"}
[verification-fixture-phase] {"phase":"npm:fixture-disposed","pid":83437,"parentPid":83436,"elapsedMs":139819.736042,"root":"/var/folders/g_/3ydzn7kx5lg9ylq8fd9p_13r0000gn/T/verification-npm-fixture-cKsO0J"}
[verification-test-start] {"pid":83437,"parentPid":83436,"entryFile":"/Users/yuanxi/Workwork/vibe-fs/requirements/verification-system/tests/016.test.mjs","name":"WHAT[verification-system-016] cancelled actual npm installation preserves a replacement root and its original cancellation cause","fullName":"WHAT[verification-system-016] cancelled actual npm installation preserves a replacement root and its original cancellation cause"}
[verification-fixture-phase] {"phase":"npm:version-enter","pid":83437,"parentPid":83436,"elapsedMs":139820.161792,"npmCli":"/private/tmp/vibe-fs-ci-selected-npm1094/package/bin/npm-cli.js"}
[verification-fixture-phase] {"phase":"npm:version-completed","pid":83437,"parentPid":83436,"elapsedMs":139880.3765,"npmCli":"/private/tmp/vibe-fs-ci-selected-npm1094/package/bin/npm-cli.js","version":"10.9.4"}
[verification-fixture-phase] {"phase":"npm:registry-listening","pid":83437,"parentPid":83436,"elapsedMs":139881.03025,"root":"/var/folders/g_/3ydzn7kx5lg9ylq8fd9p_13r0000gn/T/verification-npm-fixture-5GVOFY","registry":"http://127.0.0.1:57473"}
[verification-tool-phase] {"phase":"monitor-spawned","pid":83437,"parentPid":83436,"at":1791193665338,"monitorPid":93215,"executable":"/private/var/folders/g_/3ydzn7kx5lg9ylq8fd9p_13r0000gn/T/verification-npm-fixture-5GVOFY/candidates/verification-npm-install-4PUKIt/tools/node"}
[verification-tool-phase] {"phase":"tool-spawned","pid":93215,"parentPid":83437,"at":1791193665371,"toolPid":93216,"executable":"/private/var/folders/g_/3ydzn7kx5lg9ylq8fd9p_13r0000gn/T/verification-npm-fixture-5GVOFY/candidates/verification-npm-install-4PUKIt/tools/node"}
[verification-tool-phase] {"phase":"tool-exited","pid":93215,"parentPid":83437,"at":1791193666554,"toolPid":93216,"exitCode":0,"signal":null}
[verification-tool-phase] {"phase":"group-drained","pid":93215,"parentPid":83437,"at":1791193666576,"toolPid":93216}
[verification-tool-phase] {"phase":"monitor-closed","pid":83437,"parentPid":83436,"at":1791193666578,"monitorPid":93215,"exitCode":0,"signal":null}
[verification-tool-phase] {"phase":"monitor-spawned","pid":83437,"parentPid":83436,"at":1791193666578,"monitorPid":93218,"executable":"/private/var/folders/g_/3ydzn7kx5lg9ylq8fd9p_13r0000gn/T/verification-npm-fixture-5GVOFY/candidates/verification-npm-install-4PUKIt/tools/node"}
[verification-tool-phase] {"phase":"tool-spawned","pid":93218,"parentPid":83437,"at":1791193666605,"toolPid":93219,"executable":"/private/var/folders/g_/3ydzn7kx5lg9ylq8fd9p_13r0000gn/T/verification-npm-fixture-5GVOFY/candidates/verification-npm-install-4PUKIt/tools/node"}
[verification-tool-phase] {"phase":"tool-exited","pid":93218,"parentPid":83437,"at":1791193666682,"toolPid":93219,"exitCode":0,"signal":null}
[verification-tool-phase] {"phase":"group-drained","pid":93218,"parentPid":83437,"at":1791193666701,"toolPid":93219}
[verification-tool-phase] {"phase":"monitor-closed","pid":83437,"parentPid":83436,"at":1791193666702,"monitorPid":93218,"exitCode":0,"signal":null}
[verification-tool-phase] {"phase":"monitor-spawned","pid":83437,"parentPid":83436,"at":1791193666702,"monitorPid":93221,"executable":"/private/var/folders/g_/3ydzn7kx5lg9ylq8fd9p_13r0000gn/T/verification-npm-fixture-5GVOFY/candidates/verification-npm-install-4PUKIt/tools/node"}
[verification-tool-phase] {"phase":"tool-spawned","pid":93221,"parentPid":83437,"at":1791193666731,"toolPid":93222,"executable":"/private/var/folders/g_/3ydzn7kx5lg9ylq8fd9p_13r0000gn/T/verification-npm-fixture-5GVOFY/candidates/verification-npm-install-4PUKIt/tools/node"}
[verification-fixture-phase] {"phase":"npm:registry-request","pid":83437,"parentPid":83436,"elapsedMs":141571.951625,"root":"/var/folders/g_/3ydzn7kx5lg9ylq8fd9p_13r0000gn/T/verification-npm-fixture-5GVOFY","method":"GET","path":"/wxs-fixture-leaf/-/wxs-fixture-leaf-1.0.0.tgz"}
[verification-fixture-phase] {"phase":"npm:registry-request","pid":83437,"parentPid":83436,"elapsedMs":141613.653875,"root":"/var/folders/g_/3ydzn7kx5lg9ylq8fd9p_13r0000gn/T/verification-npm-fixture-5GVOFY","method":"GET","path":"/wxs-fixture-parent/-/wxs-fixture-parent-1.0.0.tgz"}
[verification-tool-phase] {"phase":"tool-exited","pid":93221,"parentPid":83437,"at":1791193666951,"toolPid":93222,"exitCode":null,"signal":"SIGKILL"}
[verification-tool-phase] {"phase":"group-drained","pid":93221,"parentPid":83437,"at":1791193666970,"toolPid":93222}
[verification-tool-phase] {"phase":"monitor-closed","pid":83437,"parentPid":83436,"at":1791193666971,"monitorPid":93221,"exitCode":0,"signal":null}
[verification-fixture-phase] {"phase":"npm:fixture-dispose-enter","pid":83437,"parentPid":83436,"elapsedMs":141636.2875,"root":"/var/folders/g_/3ydzn7kx5lg9ylq8fd9p_13r0000gn/T/verification-npm-fixture-5GVOFY"}
[verification-fixture-phase] {"phase":"npm:fixture-disposed","pid":83437,"parentPid":83436,"elapsedMs":141651.198042,"root":"/var/folders/g_/3ydzn7kx5lg9ylq8fd9p_13r0000gn/T/verification-npm-fixture-5GVOFY"}
[verification-test-start] {"pid":83437,"parentPid":83436,"entryFile":"/Users/yuanxi/Workwork/vibe-fs/requirements/verification-system/tests/016.test.mjs","name":"WHAT[verification-system-016] npm installation cancellation closes the actual held tarball request preserves its original reason and reclaims partial installation","fullName":"WHAT[verification-system-016] npm installation cancellation closes the actual held tarball request preserves its original reason and reclaims partial installation"}
[verification-fixture-phase] {"phase":"npm:version-enter","pid":83437,"parentPid":83436,"elapsedMs":141651.746,"npmCli":"/private/tmp/vibe-fs-ci-selected-npm1094/package/bin/npm-cli.js"}
[verification-fixture-phase] {"phase":"npm:version-completed","pid":83437,"parentPid":83436,"elapsedMs":141724.922833,"npmCli":"/private/tmp/vibe-fs-ci-selected-npm1094/package/bin/npm-cli.js","version":"10.9.4"}
[verification-fixture-phase] {"phase":"npm:registry-listening","pid":83437,"parentPid":83436,"elapsedMs":141725.561583,"root":"/var/folders/g_/3ydzn7kx5lg9ylq8fd9p_13r0000gn/T/verification-npm-fixture-hFbVJG","registry":"http://127.0.0.1:57478"}
[verification-tool-phase] {"phase":"monitor-spawned","pid":83437,"parentPid":83436,"at":1791193667185,"monitorPid":93227,"executable":"/private/var/folders/g_/3ydzn7kx5lg9ylq8fd9p_13r0000gn/T/verification-npm-fixture-hFbVJG/candidates/verification-npm-install-zNM2sH/tools/node"}
[verification-tool-phase] {"phase":"tool-spawned","pid":93227,"parentPid":83437,"at":1791193667218,"toolPid":93228,"executable":"/private/var/folders/g_/3ydzn7kx5lg9ylq8fd9p_13r0000gn/T/verification-npm-fixture-hFbVJG/candidates/verification-npm-install-zNM2sH/tools/node"}
[verification-tool-phase] {"phase":"tool-exited","pid":93227,"parentPid":83437,"at":1791193668427,"toolPid":93228,"exitCode":0,"signal":null}
[verification-tool-phase] {"phase":"group-drained","pid":93227,"parentPid":83437,"at":1791193668450,"toolPid":93228}
[verification-tool-phase] {"phase":"monitor-closed","pid":83437,"parentPid":83436,"at":1791193668452,"monitorPid":93227,"exitCode":0,"signal":null}
[verification-tool-phase] {"phase":"monitor-spawned","pid":83437,"parentPid":83436,"at":1791193668453,"monitorPid":93230,"executable":"/private/var/folders/g_/3ydzn7kx5lg9ylq8fd9p_13r0000gn/T/verification-npm-fixture-hFbVJG/candidates/verification-npm-install-zNM2sH/tools/node"}
[verification-tool-phase] {"phase":"tool-spawned","pid":93230,"parentPid":83437,"at":1791193668483,"toolPid":93231,"executable":"/private/var/folders/g_/3ydzn7kx5lg9ylq8fd9p_13r0000gn/T/verification-npm-fixture-hFbVJG/candidates/verification-npm-install-zNM2sH/tools/node"}
[verification-tool-phase] {"phase":"tool-exited","pid":93230,"parentPid":83437,"at":1791193668563,"toolPid":93231,"exitCode":0,"signal":null}
[verification-tool-phase] {"phase":"group-drained","pid":93230,"parentPid":83437,"at":1791193668583,"toolPid":93231}
[verification-tool-phase] {"phase":"monitor-closed","pid":83437,"parentPid":83436,"at":1791193668585,"monitorPid":93230,"exitCode":0,"signal":null}
[verification-tool-phase] {"phase":"monitor-spawned","pid":83437,"parentPid":83436,"at":1791193668585,"monitorPid":93233,"executable":"/private/var/folders/g_/3ydzn7kx5lg9ylq8fd9p_13r0000gn/T/verification-npm-fixture-hFbVJG/candidates/verification-npm-install-zNM2sH/tools/node"}
[verification-tool-phase] {"phase":"tool-spawned","pid":93233,"parentPid":83437,"at":1791193668611,"toolPid":93234,"executable":"/private/var/folders/g_/3ydzn7kx5lg9ylq8fd9p_13r0000gn/T/verification-npm-fixture-hFbVJG/candidates/verification-npm-install-zNM2sH/tools/node"}
[verification-fixture-phase] {"phase":"npm:registry-request","pid":83437,"parentPid":83436,"elapsedMs":143457.990625,"root":"/var/folders/g_/3ydzn7kx5lg9ylq8fd9p_13r0000gn/T/verification-npm-fixture-hFbVJG","method":"GET","path":"/wxs-fixture-leaf/-/wxs-fixture-leaf-1.0.0.tgz"}
[verification-fixture-phase] {"phase":"npm:registry-request","pid":83437,"parentPid":83436,"elapsedMs":143458.336125,"root":"/var/folders/g_/3ydzn7kx5lg9ylq8fd9p_13r0000gn/T/verification-npm-fixture-hFbVJG","method":"GET","path":"/wxs-fixture-parent/-/wxs-fixture-parent-1.0.0.tgz"}
[verification-tool-phase] {"phase":"tool-exited","pid":93233,"parentPid":83437,"at":1791193668797,"toolPid":93234,"exitCode":null,"signal":"SIGKILL"}
[verification-tool-phase] {"phase":"group-drained","pid":93233,"parentPid":83437,"at":1791193668815,"toolPid":93234}
[verification-tool-phase] {"phase":"monitor-closed","pid":83437,"parentPid":83436,"at":1791193668817,"monitorPid":93233,"exitCode":0,"signal":null}
[verification-fixture-phase] {"phase":"npm:fixture-dispose-enter","pid":83437,"parentPid":83436,"elapsedMs":143490.095083,"root":"/var/folders/g_/3ydzn7kx5lg9ylq8fd9p_13r0000gn/T/verification-npm-fixture-hFbVJG"}
[verification-fixture-phase] {"phase":"npm:fixture-disposed","pid":83437,"parentPid":83436,"elapsedMs":143490.540125,"root":"/var/folders/g_/3ydzn7kx5lg9ylq8fd9p_13r0000gn/T/verification-npm-fixture-hFbVJG"}
[verification-test-start] {"pid":83437,"parentPid":83436,"entryFile":"/Users/yuanxi/Workwork/vibe-fs/requirements/verification-system/tests/016.test.mjs","name":"WHAT[verification-system-016] npm installation null reason cancellation preserves the exact reason after a real tarball request starts","fullName":"WHAT[verification-system-016] npm installation null reason cancellation preserves the exact reason after a real tarball request starts"}
[verification-fixture-phase] {"phase":"npm:version-enter","pid":83437,"parentPid":83436,"elapsedMs":143491.037292,"npmCli":"/private/tmp/vibe-fs-ci-selected-npm1094/package/bin/npm-cli.js"}
[verification-fixture-phase] {"phase":"npm:version-completed","pid":83437,"parentPid":83436,"elapsedMs":143547.824042,"npmCli":"/private/tmp/vibe-fs-ci-selected-npm1094/package/bin/npm-cli.js","version":"10.9.4"}
[verification-fixture-phase] {"phase":"npm:registry-listening","pid":83437,"parentPid":83436,"elapsedMs":143548.722458,"root":"/var/folders/g_/3ydzn7kx5lg9ylq8fd9p_13r0000gn/T/verification-npm-fixture-SXJEnW","registry":"http://127.0.0.1:57483"}
[verification-tool-phase] {"phase":"monitor-spawned","pid":83437,"parentPid":83436,"at":1791193669007,"monitorPid":93237,"executable":"/private/var/folders/g_/3ydzn7kx5lg9ylq8fd9p_13r0000gn/T/verification-npm-fixture-SXJEnW/candidates/verification-npm-install-KNojoC/tools/node"}
[verification-tool-phase] {"phase":"tool-spawned","pid":93237,"parentPid":83437,"at":1791193669041,"toolPid":93238,"executable":"/private/var/folders/g_/3ydzn7kx5lg9ylq8fd9p_13r0000gn/T/verification-npm-fixture-SXJEnW/candidates/verification-npm-install-KNojoC/tools/node"}
[verification-tool-phase] {"phase":"tool-exited","pid":93237,"parentPid":83437,"at":1791193670130,"toolPid":93238,"exitCode":0,"signal":null}
[verification-tool-phase] {"phase":"group-drained","pid":93237,"parentPid":83437,"at":1791193670152,"toolPid":93238}
[verification-tool-phase] {"phase":"monitor-closed","pid":83437,"parentPid":83436,"at":1791193670154,"monitorPid":93237,"exitCode":0,"signal":null}
[verification-tool-phase] {"phase":"monitor-spawned","pid":83437,"parentPid":83436,"at":1791193670155,"monitorPid":93240,"executable":"/private/var/folders/g_/3ydzn7kx5lg9ylq8fd9p_13r0000gn/T/verification-npm-fixture-SXJEnW/candidates/verification-npm-install-KNojoC/tools/node"}
[verification-tool-phase] {"phase":"tool-spawned","pid":93240,"parentPid":83437,"at":1791193670183,"toolPid":93241,"executable":"/private/var/folders/g_/3ydzn7kx5lg9ylq8fd9p_13r0000gn/T/verification-npm-fixture-SXJEnW/candidates/verification-npm-install-KNojoC/tools/node"}
[verification-tool-phase] {"phase":"tool-exited","pid":93240,"parentPid":83437,"at":1791193670267,"toolPid":93241,"exitCode":0,"signal":null}
[verification-tool-phase] {"phase":"group-drained","pid":93240,"parentPid":83437,"at":1791193670286,"toolPid":93241}
[verification-tool-phase] {"phase":"monitor-closed","pid":83437,"parentPid":83436,"at":1791193670287,"monitorPid":93240,"exitCode":0,"signal":null}
[verification-tool-phase] {"phase":"monitor-spawned","pid":83437,"parentPid":83436,"at":1791193670288,"monitorPid":93243,"executable":"/private/var/folders/g_/3ydzn7kx5lg9ylq8fd9p_13r0000gn/T/verification-npm-fixture-SXJEnW/candidates/verification-npm-install-KNojoC/tools/node"}
[verification-tool-phase] {"phase":"tool-spawned","pid":93243,"parentPid":83437,"at":1791193670315,"toolPid":93244,"executable":"/private/var/folders/g_/3ydzn7kx5lg9ylq8fd9p_13r0000gn/T/verification-npm-fixture-SXJEnW/candidates/verification-npm-install-KNojoC/tools/node"}
[verification-fixture-phase] {"phase":"npm:registry-request","pid":83437,"parentPid":83436,"elapsedMs":145183.37975,"root":"/var/folders/g_/3ydzn7kx5lg9ylq8fd9p_13r0000gn/T/verification-npm-fixture-SXJEnW","method":"GET","path":"/wxs-fixture-leaf/-/wxs-fixture-leaf-1.0.0.tgz"}
[verification-fixture-phase] {"phase":"npm:registry-request","pid":83437,"parentPid":83436,"elapsedMs":145183.619667,"root":"/var/folders/g_/3ydzn7kx5lg9ylq8fd9p_13r0000gn/T/verification-npm-fixture-SXJEnW","method":"GET","path":"/wxs-fixture-parent/-/wxs-fixture-parent-1.0.0.tgz"}
[verification-tool-phase] {"phase":"tool-exited","pid":93243,"parentPid":83437,"at":1791193670522,"toolPid":93244,"exitCode":null,"signal":"SIGKILL"}
[verification-tool-phase] {"phase":"group-drained","pid":93243,"parentPid":83437,"at":1791193670541,"toolPid":93244}
[verification-tool-phase] {"phase":"monitor-closed","pid":83437,"parentPid":83436,"at":1791193670543,"monitorPid":93243,"exitCode":0,"signal":null}
[verification-fixture-phase] {"phase":"npm:fixture-dispose-enter","pid":83437,"parentPid":83436,"elapsedMs":145215.860542,"root":"/var/folders/g_/3ydzn7kx5lg9ylq8fd9p_13r0000gn/T/verification-npm-fixture-SXJEnW"}
[verification-fixture-phase] {"phase":"npm:fixture-disposed","pid":83437,"parentPid":83436,"elapsedMs":145216.247417,"root":"/var/folders/g_/3ydzn7kx5lg9ylq8fd9p_13r0000gn/T/verification-npm-fixture-SXJEnW"}
[verification-test-start] {"pid":83437,"parentPid":83436,"entryFile":"/Users/yuanxi/Workwork/vibe-fs/requirements/verification-system/tests/016.test.mjs","name":"WHAT[verification-system-016] npm installation refuses source overrides with foreign dependency authority before launching npm","fullName":"WHAT[verification-system-016] npm installation refuses source overrides with foreign dependency authority before launching npm"}
[verification-fixture-phase] {"phase":"npm:version-enter","pid":83437,"parentPid":83436,"elapsedMs":145216.755125,"npmCli":"/private/tmp/vibe-fs-ci-selected-npm1094/package/bin/npm-cli.js"}
[verification-fixture-phase] {"phase":"npm:version-completed","pid":83437,"parentPid":83436,"elapsedMs":145285.530583,"npmCli":"/private/tmp/vibe-fs-ci-selected-npm1094/package/bin/npm-cli.js","version":"10.9.4"}
[verification-fixture-phase] {"phase":"npm:registry-listening","pid":83437,"parentPid":83436,"elapsedMs":145286.221042,"root":"/var/folders/g_/3ydzn7kx5lg9ylq8fd9p_13r0000gn/T/verification-npm-fixture-tWGJVe","registry":"http://127.0.0.1:57487"}
[verification-fixture-phase] {"phase":"npm:fixture-dispose-enter","pid":83437,"parentPid":83436,"elapsedMs":145341.201083,"root":"/var/folders/g_/3ydzn7kx5lg9ylq8fd9p_13r0000gn/T/verification-npm-fixture-tWGJVe"}
[verification-fixture-phase] {"phase":"npm:fixture-disposed","pid":83437,"parentPid":83436,"elapsedMs":145341.911292,"root":"/var/folders/g_/3ydzn7kx5lg9ylq8fd9p_13r0000gn/T/verification-npm-fixture-tWGJVe"}
[verification-test-start] {"pid":83437,"parentPid":83436,"entryFile":"/Users/yuanxi/Workwork/vibe-fs/requirements/verification-system/tests/016.test.mjs","name":"WHAT[verification-system-016] npm installation rejects registry escapes linked lock entries and source workspace authority before network or allocation","fullName":"WHAT[verification-system-016] npm installation rejects registry escapes linked lock entries and source workspace authority before network or allocation"}
[verification-fixture-phase] {"phase":"npm:version-enter","pid":83437,"parentPid":83436,"elapsedMs":145343.271042,"npmCli":"/private/tmp/vibe-fs-ci-selected-npm1094/package/bin/npm-cli.js"}
[verification-fixture-phase] {"phase":"npm:version-completed","pid":83437,"parentPid":83436,"elapsedMs":145404.84125,"npmCli":"/private/tmp/vibe-fs-ci-selected-npm1094/package/bin/npm-cli.js","version":"10.9.4"}
[verification-fixture-phase] {"phase":"npm:registry-listening","pid":83437,"parentPid":83436,"elapsedMs":145405.580292,"root":"/var/folders/g_/3ydzn7kx5lg9ylq8fd9p_13r0000gn/T/verification-npm-fixture-7zgSys","registry":"http://127.0.0.1:57488"}
[verification-test-start] {"pid":83437,"parentPid":83436,"entryFile":"/Users/yuanxi/Workwork/vibe-fs/requirements/verification-system/tests/016.test.mjs","name":"WHAT[verification-system-016] npm installation refuses different registry origin","fullName":"WHAT[verification-system-016] npm installation rejects registry escapes linked lock entries and source workspace authority before network or allocation > WHAT[verification-system-016] npm installation refuses different registry origin"}
[verification-test-start] {"pid":83437,"parentPid":83436,"entryFile":"/Users/yuanxi/Workwork/vibe-fs/requirements/verification-system/tests/016.test.mjs","name":"WHAT[verification-system-016] npm installation refuses registry path prefix sibling","fullName":"WHAT[verification-system-016] npm installation rejects registry escapes linked lock entries and source workspace authority before network or allocation > WHAT[verification-system-016] npm installation refuses registry path prefix sibling"}
[verification-test-start] {"pid":83437,"parentPid":83436,"entryFile":"/Users/yuanxi/Workwork/vibe-fs/requirements/verification-system/tests/016.test.mjs","name":"WHAT[verification-system-016] npm installation refuses registry credentials","fullName":"WHAT[verification-system-016] npm installation rejects registry escapes linked lock entries and source workspace authority before network or allocation > WHAT[verification-system-016] npm installation refuses registry credentials"}
[verification-test-start] {"pid":83437,"parentPid":83436,"entryFile":"/Users/yuanxi/Workwork/vibe-fs/requirements/verification-system/tests/016.test.mjs","name":"WHAT[verification-system-016] npm installation refuses registry query","fullName":"WHAT[verification-system-016] npm installation rejects registry escapes linked lock entries and source workspace authority before network or allocation > WHAT[verification-system-016] npm installation refuses registry query"}
[verification-test-start] {"pid":83437,"parentPid":83436,"entryFile":"/Users/yuanxi/Workwork/vibe-fs/requirements/verification-system/tests/016.test.mjs","name":"WHAT[verification-system-016] npm installation refuses registry fragment","fullName":"WHAT[verification-system-016] npm installation rejects registry escapes linked lock entries and source workspace authority before network or allocation > WHAT[verification-system-016] npm installation refuses registry fragment"}
[verification-test-start] {"pid":83437,"parentPid":83436,"entryFile":"/Users/yuanxi/Workwork/vibe-fs/requirements/verification-system/tests/016.test.mjs","name":"WHAT[verification-system-016] npm installation refuses nonlocal plaintext registry","fullName":"WHAT[verification-system-016] npm installation rejects registry escapes linked lock entries and source workspace authority before network or allocation > WHAT[verification-system-016] npm installation refuses nonlocal plaintext registry"}
[verification-test-start] {"pid":83437,"parentPid":83436,"entryFile":"/Users/yuanxi/Workwork/vibe-fs/requirements/verification-system/tests/016.test.mjs","name":"WHAT[verification-system-016] npm installation refuses locked tarball credentials","fullName":"WHAT[verification-system-016] npm installation rejects registry escapes linked lock entries and source workspace authority before network or allocation > WHAT[verification-system-016] npm installation refuses locked tarball credentials"}
[verification-test-start] {"pid":83437,"parentPid":83436,"entryFile":"/Users/yuanxi/Workwork/vibe-fs/requirements/verification-system/tests/016.test.mjs","name":"WHAT[verification-system-016] npm installation refuses locked tarball query","fullName":"WHAT[verification-system-016] npm installation rejects registry escapes linked lock entries and source workspace authority before network or allocation > WHAT[verification-system-016] npm installation refuses locked tarball query"}
[verification-test-start] {"pid":83437,"parentPid":83436,"entryFile":"/Users/yuanxi/Workwork/vibe-fs/requirements/verification-system/tests/016.test.mjs","name":"WHAT[verification-system-016] npm installation refuses locked tarball fragment","fullName":"WHAT[verification-system-016] npm installation rejects registry escapes linked lock entries and source workspace authority before network or allocation > WHAT[verification-system-016] npm installation refuses locked tarball fragment"}
[verification-test-start] {"pid":83437,"parentPid":83436,"entryFile":"/Users/yuanxi/Workwork/vibe-fs/requirements/verification-system/tests/016.test.mjs","name":"WHAT[verification-system-016] npm installation refuses linked lock member","fullName":"WHAT[verification-system-016] npm installation rejects registry escapes linked lock entries and source workspace authority before network or allocation > WHAT[verification-system-016] npm installation refuses linked lock member"}
[verification-test-start] {"pid":83437,"parentPid":83436,"entryFile":"/Users/yuanxi/Workwork/vibe-fs/requirements/verification-system/tests/016.test.mjs","name":"WHAT[verification-system-016] npm installation refuses source workspaces","fullName":"WHAT[verification-system-016] npm installation rejects registry escapes linked lock entries and source workspace authority before network or allocation > WHAT[verification-system-016] npm installation refuses source workspaces"}
[verification-test-start] {"pid":83437,"parentPid":83436,"entryFile":"/Users/yuanxi/Workwork/vibe-fs/requirements/verification-system/tests/016.test.mjs","name":"WHAT[verification-system-016] npm installation refuses locked root workspaces","fullName":"WHAT[verification-system-016] npm installation rejects registry escapes linked lock entries and source workspace authority before network or allocation > WHAT[verification-system-016] npm installation refuses locked root workspaces"}
[verification-test-start] {"pid":83437,"parentPid":83436,"entryFile":"/Users/yuanxi/Workwork/vibe-fs/requirements/verification-system/tests/016.test.mjs","name":"WHAT[verification-system-016] npm installation refuses nested git override","fullName":"WHAT[verification-system-016] npm installation rejects registry escapes linked lock entries and source workspace authority before network or allocation > WHAT[verification-system-016] npm installation refuses nested git override"}
[verification-test-start] {"pid":83437,"parentPid":83436,"entryFile":"/Users/yuanxi/Workwork/vibe-fs/requirements/verification-system/tests/016.test.mjs","name":"WHAT[verification-system-016] npm installation refuses link override","fullName":"WHAT[verification-system-016] npm installation rejects registry escapes linked lock entries and source workspace authority before network or allocation > WHAT[verification-system-016] npm installation refuses link override"}
[verification-test-start] {"pid":83437,"parentPid":83436,"entryFile":"/Users/yuanxi/Workwork/vibe-fs/requirements/verification-system/tests/016.test.mjs","name":"WHAT[verification-system-016] npm installation refuses workspace override","fullName":"WHAT[verification-system-016] npm installation rejects registry escapes linked lock entries and source workspace authority before network or allocation > WHAT[verification-system-016] npm installation refuses workspace override"}
[verification-test-start] {"pid":83437,"parentPid":83436,"entryFile":"/Users/yuanxi/Workwork/vibe-fs/requirements/verification-system/tests/016.test.mjs","name":"WHAT[verification-system-016] npm installation refuses local archive or directory override .","fullName":"WHAT[verification-system-016] npm installation rejects registry escapes linked lock entries and source workspace authority before network or allocation > WHAT[verification-system-016] npm installation refuses local archive or directory override ."}
[verification-test-start] {"pid":83437,"parentPid":83436,"entryFile":"/Users/yuanxi/Workwork/vibe-fs/requirements/verification-system/tests/016.test.mjs","name":"WHAT[verification-system-016] npm installation refuses local archive or directory override ..","fullName":"WHAT[verification-system-016] npm installation rejects registry escapes linked lock entries and source workspace authority before network or allocation > WHAT[verification-system-016] npm installation refuses local archive or directory override .."}
[verification-test-start] {"pid":83437,"parentPid":83436,"entryFile":"/Users/yuanxi/Workwork/vibe-fs/requirements/verification-system/tests/016.test.mjs","name":"WHAT[verification-system-016] npm installation refuses local archive or directory override foreign.tgz","fullName":"WHAT[verification-system-016] npm installation rejects registry escapes linked lock entries and source workspace authority before network or allocation > WHAT[verification-system-016] npm installation refuses local archive or directory override foreign.tgz"}
[verification-test-start] {"pid":83437,"parentPid":83436,"entryFile":"/Users/yuanxi/Workwork/vibe-fs/requirements/verification-system/tests/016.test.mjs","name":"WHAT[verification-system-016] npm installation refuses local archive or directory override foreign.tar.gz","fullName":"WHAT[verification-system-016] npm installation rejects registry escapes linked lock entries and source workspace authority before network or allocation > WHAT[verification-system-016] npm installation refuses local archive or directory override foreign.tar.gz"}
[verification-test-start] {"pid":83437,"parentPid":83436,"entryFile":"/Users/yuanxi/Workwork/vibe-fs/requirements/verification-system/tests/016.test.mjs","name":"WHAT[verification-system-016] npm installation refuses local archive or directory override foreign.tar","fullName":"WHAT[verification-system-016] npm installation rejects registry escapes linked lock entries and source workspace authority before network or allocation > WHAT[verification-system-016] npm installation refuses local archive or directory override foreign.tar"}
[verification-fixture-phase] {"phase":"npm:fixture-dispose-enter","pid":83437,"parentPid":83436,"elapsedMs":145470.938583,"root":"/var/folders/g_/3ydzn7kx5lg9ylq8fd9p_13r0000gn/T/verification-npm-fixture-7zgSys"}
[verification-fixture-phase] {"phase":"npm:fixture-disposed","pid":83437,"parentPid":83436,"elapsedMs":145471.365417,"root":"/var/folders/g_/3ydzn7kx5lg9ylq8fd9p_13r0000gn/T/verification-npm-fixture-7zgSys"}
[verification-test-start] {"pid":83437,"parentPid":83436,"entryFile":"/Users/yuanxi/Workwork/vibe-fs/requirements/verification-system/tests/016.test.mjs","name":"WHAT[verification-system-016] npm installation admits only the selected Node CLI hashes version and declared package manager","fullName":"WHAT[verification-system-016] npm installation admits only the selected Node CLI hashes version and declared package manager"}
[verification-fixture-phase] {"phase":"npm:version-enter","pid":83437,"parentPid":83436,"elapsedMs":145472.14,"npmCli":"/private/tmp/vibe-fs-ci-selected-npm1094/package/bin/npm-cli.js"}
[verification-fixture-phase] {"phase":"npm:version-completed","pid":83437,"parentPid":83436,"elapsedMs":145533.424458,"npmCli":"/private/tmp/vibe-fs-ci-selected-npm1094/package/bin/npm-cli.js","version":"10.9.4"}
[verification-fixture-phase] {"phase":"npm:registry-listening","pid":83437,"parentPid":83436,"elapsedMs":145534.099208,"root":"/var/folders/g_/3ydzn7kx5lg9ylq8fd9p_13r0000gn/T/verification-npm-fixture-D9h50A","registry":"http://127.0.0.1:57489"}
[verification-test-start] {"pid":83437,"parentPid":83436,"entryFile":"/Users/yuanxi/Workwork/vibe-fs/requirements/verification-system/tests/016.test.mjs","name":"WHAT[verification-system-016] npm installation refuses Node byte identity mismatch","fullName":"WHAT[verification-system-016] npm installation admits only the selected Node CLI hashes version and declared package manager > WHAT[verification-system-016] npm installation refuses Node byte identity mismatch"}
[verification-test-start] {"pid":83437,"parentPid":83436,"entryFile":"/Users/yuanxi/Workwork/vibe-fs/requirements/verification-system/tests/016.test.mjs","name":"WHAT[verification-system-016] npm installation refuses npm CLI byte identity mismatch","fullName":"WHAT[verification-system-016] npm installation admits only the selected Node CLI hashes version and declared package manager > WHAT[verification-system-016] npm installation refuses npm CLI byte identity mismatch"}
[verification-test-start] {"pid":83437,"parentPid":83436,"entryFile":"/Users/yuanxi/Workwork/vibe-fs/requirements/verification-system/tests/016.test.mjs","name":"WHAT[verification-system-016] npm installation refuses actual npm version mismatch","fullName":"WHAT[verification-system-016] npm installation admits only the selected Node CLI hashes version and declared package manager > WHAT[verification-system-016] npm installation refuses actual npm version mismatch"}
[verification-tool-phase] {"phase":"monitor-spawned","pid":83437,"parentPid":83436,"at":1791193671103,"monitorPid":93249,"executable":"/private/var/folders/g_/3ydzn7kx5lg9ylq8fd9p_13r0000gn/T/verification-npm-fixture-D9h50A/candidates/verification-npm-install-j38Zl4/tools/node"}
[verification-tool-phase] {"phase":"tool-spawned","pid":93249,"parentPid":83437,"at":1791193671137,"toolPid":93250,"executable":"/private/var/folders/g_/3ydzn7kx5lg9ylq8fd9p_13r0000gn/T/verification-npm-fixture-D9h50A/candidates/verification-npm-install-j38Zl4/tools/node"}
[verification-tool-phase] {"phase":"tool-exited","pid":93249,"parentPid":83437,"at":1791193672276,"toolPid":93250,"exitCode":0,"signal":null}
[verification-tool-phase] {"phase":"group-drained","pid":93249,"parentPid":83437,"at":1791193672299,"toolPid":93250}
[verification-tool-phase] {"phase":"monitor-closed","pid":83437,"parentPid":83436,"at":1791193672300,"monitorPid":93249,"exitCode":0,"signal":null}
[verification-tool-phase] {"phase":"monitor-spawned","pid":83437,"parentPid":83436,"at":1791193672301,"monitorPid":93255,"executable":"/private/var/folders/g_/3ydzn7kx5lg9ylq8fd9p_13r0000gn/T/verification-npm-fixture-D9h50A/candidates/verification-npm-install-j38Zl4/tools/node"}
[verification-tool-phase] {"phase":"tool-spawned","pid":93255,"parentPid":83437,"at":1791193672327,"toolPid":93256,"executable":"/private/var/folders/g_/3ydzn7kx5lg9ylq8fd9p_13r0000gn/T/verification-npm-fixture-D9h50A/candidates/verification-npm-install-j38Zl4/tools/node"}
[verification-tool-phase] {"phase":"tool-exited","pid":93255,"parentPid":83437,"at":1791193672413,"toolPid":93256,"exitCode":0,"signal":null}
[verification-tool-phase] {"phase":"group-drained","pid":93255,"parentPid":83437,"at":1791193672432,"toolPid":93256}
[verification-tool-phase] {"phase":"monitor-closed","pid":83437,"parentPid":83436,"at":1791193672434,"monitorPid":93255,"exitCode":0,"signal":null}
[verification-test-start] {"pid":83437,"parentPid":83436,"entryFile":"/Users/yuanxi/Workwork/vibe-fs/requirements/verification-system/tests/016.test.mjs","name":"WHAT[verification-system-016] npm installation refuses declared package manager mismatch","fullName":"WHAT[verification-system-016] npm installation admits only the selected Node CLI hashes version and declared package manager > WHAT[verification-system-016] npm installation refuses declared package manager mismatch"}
[verification-fixture-phase] {"phase":"npm:fixture-dispose-enter","pid":83437,"parentPid":83436,"elapsedMs":147106.56275,"root":"/var/folders/g_/3ydzn7kx5lg9ylq8fd9p_13r0000gn/T/verification-npm-fixture-D9h50A"}
[verification-fixture-phase] {"phase":"npm:fixture-disposed","pid":83437,"parentPid":83436,"elapsedMs":147106.906958,"root":"/var/folders/g_/3ydzn7kx5lg9ylq8fd9p_13r0000gn/T/verification-npm-fixture-D9h50A"}
[verification-test-start] {"pid":83437,"parentPid":83436,"entryFile":"/Users/yuanxi/Workwork/vibe-fs/requirements/verification-system/tests/016.test.mjs","name":"WHAT[verification-system-016] npm installation already aborted admission preserves Error and null reasons before reading missing source files","fullName":"WHAT[verification-system-016] npm installation already aborted admission preserves Error and null reasons before reading missing source files"}
[verification-fixture-phase] {"phase":"npm:version-enter","pid":83437,"parentPid":83436,"elapsedMs":147107.31825,"npmCli":"/private/tmp/vibe-fs-ci-selected-npm1094/package/bin/npm-cli.js"}
[verification-fixture-phase] {"phase":"npm:version-completed","pid":83437,"parentPid":83436,"elapsedMs":147165.385167,"npmCli":"/private/tmp/vibe-fs-ci-selected-npm1094/package/bin/npm-cli.js","version":"10.9.4"}
[verification-fixture-phase] {"phase":"npm:registry-listening","pid":83437,"parentPid":83436,"elapsedMs":147166.002833,"root":"/var/folders/g_/3ydzn7kx5lg9ylq8fd9p_13r0000gn/T/verification-npm-fixture-bZV4R4","registry":"http://127.0.0.1:57494"}
[verification-test-start] {"pid":83437,"parentPid":83436,"entryFile":"/Users/yuanxi/Workwork/vibe-fs/requirements/verification-system/tests/016.test.mjs","name":"WHAT[verification-system-016] npm installation already aborted with Error","fullName":"WHAT[verification-system-016] npm installation already aborted admission preserves Error and null reasons before reading missing source files > WHAT[verification-system-016] npm installation already aborted with Error"}
[verification-test-start] {"pid":83437,"parentPid":83436,"entryFile":"/Users/yuanxi/Workwork/vibe-fs/requirements/verification-system/tests/016.test.mjs","name":"WHAT[verification-system-016] npm installation already aborted with null","fullName":"WHAT[verification-system-016] npm installation already aborted admission preserves Error and null reasons before reading missing source files > WHAT[verification-system-016] npm installation already aborted with null"}
[verification-fixture-phase] {"phase":"npm:fixture-dispose-enter","pid":83437,"parentPid":83436,"elapsedMs":147218.676333,"root":"/var/folders/g_/3ydzn7kx5lg9ylq8fd9p_13r0000gn/T/verification-npm-fixture-bZV4R4"}
[verification-fixture-phase] {"phase":"npm:fixture-disposed","pid":83437,"parentPid":83436,"elapsedMs":147219.16275,"root":"/var/folders/g_/3ydzn7kx5lg9ylq8fd9p_13r0000gn/T/verification-npm-fixture-bZV4R4"}
[verification-test-start] {"pid":83437,"parentPid":83436,"entryFile":"/Users/yuanxi/Workwork/vibe-fs/requirements/verification-system/tests/016.test.mjs","name":"WHAT[verification-system-016] explicit dependency archive identity preserves complete bytes modes and internal links independently of its origin","fullName":"WHAT[verification-system-016] explicit dependency archive identity preserves complete bytes modes and internal links independently of its origin"}
[verification-test-start] {"pid":83437,"parentPid":83436,"entryFile":"/Users/yuanxi/Workwork/vibe-fs/requirements/verification-system/tests/016.test.mjs","name":"WHAT[verification-system-016] dependency preparation rejects an unselected archive and binds lockfile and executable bytes to identity","fullName":"WHAT[verification-system-016] dependency preparation rejects an unselected archive and binds lockfile and executable bytes to identity"}
[verification-test-start] {"pid":83437,"parentPid":83436,"entryFile":"/Users/yuanxi/Workwork/vibe-fs/requirements/verification-system/tests/016.test.mjs","name":"WHAT[verification-system-016] dependency archives reject external dangling cyclic aliasing and special entries without publishing or escaping their owned root","fullName":"WHAT[verification-system-016] dependency archives reject external dangling cyclic aliasing and special entries without publishing or escaping their owned root"}
[verification-test-start] {"pid":83437,"parentPid":83436,"entryFile":"/Users/yuanxi/Workwork/vibe-fs/requirements/verification-system/tests/016.test.mjs","name":"WHAT[verification-system-016] dependency preparation fully consumes compressed archives and refuses malformed or truncated input and linked lockfiles","fullName":"WHAT[verification-system-016] dependency preparation fully consumes compressed archives and refuses malformed or truncated input and linked lockfiles"}
[verification-test-start] {"pid":83437,"parentPid":83436,"entryFile":"/Users/yuanxi/Workwork/vibe-fs/requirements/verification-system/tests/016.test.mjs","name":"WHAT[verification-system-016] a selected Git tree preserves complete raw source bytes and its own corpus inventory despite later workspace and index edits","fullName":"WHAT[verification-system-016] a selected Git tree preserves complete raw source bytes and its own corpus inventory despite later workspace and index edits"}
[verification-test-start] {"pid":83437,"parentPid":83436,"entryFile":"/Users/yuanxi/Workwork/vibe-fs/requirements/verification-system/tests/016.test.mjs","name":"WHAT[verification-system-016] sha1 source candidate identity is independent of location and binds executable mode","fullName":"WHAT[verification-system-016] sha1 source candidate identity is independent of location and binds executable mode"}
[verification-test-start] {"pid":83437,"parentPid":83436,"entryFile":"/Users/yuanxi/Workwork/vibe-fs/requirements/verification-system/tests/016.test.mjs","name":"WHAT[verification-system-016] sha256 source candidate identity is independent of location and binds executable mode","fullName":"WHAT[verification-system-016] sha256 source candidate identity is independent of location and binds executable mode"}
[verification-test-start] {"pid":83437,"parentPid":83436,"entryFile":"/Users/yuanxi/Workwork/vibe-fs/requirements/verification-system/tests/016.test.mjs","name":"WHAT[verification-system-016] source preparation ignores replacement refs and inherited Git repository redirection","fullName":"WHAT[verification-system-016] source preparation ignores replacement refs and inherited Git repository redirection"}
[verification-test-start] {"pid":83437,"parentPid":83436,"entryFile":"/Users/yuanxi/Workwork/vibe-fs/requirements/verification-system/tests/016.test.mjs","name":"WHAT[verification-system-016] a tree topology that cannot be faithfully materialized fails and reclaims its partial source root","fullName":"WHAT[verification-system-016] a tree topology that cannot be faithfully materialized fails and reclaims its partial source root"}
[verification-test-start] {"pid":83437,"parentPid":83436,"entryFile":"/Users/yuanxi/Workwork/vibe-fs/requirements/verification-system/tests/016.test.mjs","name":"WHAT[verification-system-016] source preparation rejects unsupported Git entry 120000 without publishing a candidate","fullName":"WHAT[verification-system-016] source preparation rejects unsupported Git entry 120000 without publishing a candidate"}
[verification-test-start] {"pid":83437,"parentPid":83436,"entryFile":"/Users/yuanxi/Workwork/vibe-fs/requirements/verification-system/tests/016.test.mjs","name":"WHAT[verification-system-016] source preparation rejects unsupported Git entry 160000 without publishing a candidate","fullName":"WHAT[verification-system-016] source preparation rejects unsupported Git entry 160000 without publishing a candidate"}
[verification-test-start] {"pid":83437,"parentPid":83436,"entryFile":"/Users/yuanxi/Workwork/vibe-fs/requirements/verification-system/tests/016.test.mjs","name":"WHAT[verification-system-016] missing selected blobs fail source preparation without falling back to working files","fullName":"WHAT[verification-system-016] missing selected blobs fail source preparation without falling back to working files"}
[verification-test-start] {"pid":83437,"parentPid":83436,"entryFile":"/Users/yuanxi/Workwork/vibe-fs/requirements/verification-system/tests/016.test.mjs","name":"WHAT[verification-system-016] source preparation rejects repositories that may implicitly fetch promised objects","fullName":"WHAT[verification-system-016] source preparation rejects repositories that may implicitly fetch promised objects"}
[verification-test-start] {"pid":83437,"parentPid":83436,"entryFile":"/Users/yuanxi/Workwork/vibe-fs/requirements/verification-system/tests/016.test.mjs","name":"WHAT[verification-system-016] verification rejects an unsealed symbolic input at src before running stages","fullName":"WHAT[verification-system-016] verification rejects an unsealed symbolic input at src before running stages"}
[verification-test-start] {"pid":83437,"parentPid":83436,"entryFile":"/Users/yuanxi/Workwork/vibe-fs/requirements/verification-system/tests/016.test.mjs","name":"WHAT[verification-system-016] verification rejects an unsealed symbolic input at .github before running stages","fullName":"WHAT[verification-system-016] verification rejects an unsealed symbolic input at .github before running stages"}
[verification-test-start] {"pid":83437,"parentPid":83436,"entryFile":"/Users/yuanxi/Workwork/vibe-fs/requirements/verification-system/tests/016.test.mjs","name":"WHAT[verification-system-016] verification rejects an unsealed symbolic input at package.json before running stages","fullName":"WHAT[verification-system-016] verification rejects an unsealed symbolic input at package.json before running stages"}
[verification-test-start] {"pid":83437,"parentPid":83436,"entryFile":"/Users/yuanxi/Workwork/vibe-fs/requirements/verification-system/tests/016.test.mjs","name":"WHAT[verification-system-016] verification rejects an unsealed symbolic input at resources/linked.txt before running stages","fullName":"WHAT[verification-system-016] verification rejects an unsealed symbolic input at resources/linked.txt before running stages"}
[verification-test-start] {"pid":83437,"parentPid":83436,"entryFile":"/Users/yuanxi/Workwork/vibe-fs/requirements/verification-system/tests/016.test.mjs","name":"WHAT[verification-system-016] verification rejects an unsealed symbolic input at requirements/p/linked before running stages","fullName":"WHAT[verification-system-016] verification rejects an unsealed symbolic input at requirements/p/linked before running stages"}
[verification-test-start] {"pid":83437,"parentPid":83436,"entryFile":"/Users/yuanxi/Workwork/vibe-fs/requirements/verification-system/tests/016.test.mjs","name":"WHAT[verification-system-016] verification rejects an unsealed symbolic input at resources/obj before running stages","fullName":"WHAT[verification-system-016] verification rejects an unsealed symbolic input at resources/obj before running stages"}
[verification-test-start] {"pid":83437,"parentPid":83436,"entryFile":"/Users/yuanxi/Workwork/vibe-fs/requirements/verification-system/tests/016.test.mjs","name":"WHAT[verification-system-016] output directory names do not exclude ordinary input files, while root output links stay outside the closure","fullName":"WHAT[verification-system-016] output directory names do not exclude ordinary input files, while root output links stay outside the closure"}
[verification-test-start] {"pid":83437,"parentPid":83436,"entryFile":"/Users/yuanxi/Workwork/vibe-fs/requirements/verification-system/tests/016.test.mjs","name":"WHAT[verification-system-016] tracked corpus rejects a symbolic file outside ordinary input roots","fullName":"WHAT[verification-system-016] tracked corpus rejects a symbolic file outside ordinary input roots"}
[verification-test-start] {"pid":83437,"parentPid":83436,"entryFile":"/Users/yuanxi/Workwork/vibe-fs/requirements/verification-system/tests/016.test.mjs","name":"WHAT[verification-system-016] tracked corpus rejects a symbolic ancestor outside ordinary input roots","fullName":"WHAT[verification-system-016] tracked corpus rejects a symbolic ancestor outside ordinary input roots"}
[verification-test-start] {"pid":83437,"parentPid":83436,"entryFile":"/Users/yuanxi/Workwork/vibe-fs/requirements/verification-system/tests/016.test.mjs","name":"WHAT[verification-system-016] tracked corpus rejects a dangling symbolic file outside ordinary input roots","fullName":"WHAT[verification-system-016] tracked corpus rejects a dangling symbolic file outside ordinary input roots"}
[verification-test-start] {"pid":83437,"parentPid":83436,"entryFile":"/Users/yuanxi/Workwork/vibe-fs/requirements/verification-system/tests/016.test.mjs","name":"WHAT[verification-system-016] tracked corpus rejects a dangling symbolic ancestor outside ordinary input roots","fullName":"WHAT[verification-system-016] tracked corpus rejects a dangling symbolic ancestor outside ordinary input roots"}
[verification-test-start] {"pid":83437,"parentPid":83436,"entryFile":"/Users/yuanxi/Workwork/vibe-fs/requirements/verification-system/tests/016.test.mjs","name":"WHAT[verification-system-016] tracked corpus proposals contribute their actual content to verification inputs","fullName":"WHAT[verification-system-016] tracked corpus proposals contribute their actual content to verification inputs"}
[verification-test-start] {"pid":83437,"parentPid":83436,"entryFile":"/Users/yuanxi/Workwork/vibe-fs/requirements/verification-system/tests/016.test.mjs","name":"WHAT[verification-system-016] corpus tracking addition changes verification identity without changing file bytes","fullName":"WHAT[verification-system-016] corpus tracking addition changes verification identity without changing file bytes"}
[verification-test-start] {"pid":83437,"parentPid":83436,"entryFile":"/Users/yuanxi/Workwork/vibe-fs/requirements/verification-system/tests/016.test.mjs","name":"WHAT[verification-system-016] corpus tracking removal changes verification identity without changing file bytes","fullName":"WHAT[verification-system-016] corpus tracking removal changes verification identity without changing file bytes"}
[verification-test-start] {"pid":83437,"parentPid":83436,"entryFile":"/Users/yuanxi/Workwork/vibe-fs/requirements/verification-system/tests/016.test.mjs","name":"WHAT[verification-system-016] collectGeneratedInputs rejects failed Git corpus inventory","fullName":"WHAT[verification-system-016] collectGeneratedInputs rejects failed Git corpus inventory"}
fatal: .git/index: index file smaller than expected
[verification-test-start] {"pid":83437,"parentPid":83436,"entryFile":"/Users/yuanxi/Workwork/vibe-fs/requirements/verification-system/tests/016.test.mjs","name":"WHAT[verification-system-016] collectVerificationInputs rejects failed Git corpus inventory","fullName":"WHAT[verification-system-016] collectVerificationInputs rejects failed Git corpus inventory"}
fatal: .git/index: index file smaller than expected
[verification-test-start] {"pid":83437,"parentPid":83436,"entryFile":"/Users/yuanxi/Workwork/vibe-fs/requirements/verification-system/tests/016.test.mjs","name":"WHAT[verification-system-016] failed Git corpus inventory stops verification before any stage starts","fullName":"WHAT[verification-system-016] failed Git corpus inventory stops verification before any stage starts"}
fatal: .git/index: index file smaller than expected
[verification-test-start] {"pid":83437,"parentPid":83436,"entryFile":"/Users/yuanxi/Workwork/vibe-fs/requirements/verification-system/tests/016.test.mjs","name":"WHAT[verification-system-016] collectVerificationInputs collects expected relative paths and diff detects mutations","fullName":"WHAT[verification-system-016] collectVerificationInputs collects expected relative paths and diff detects mutations"}
[verification-test-start] {"pid":83437,"parentPid":83436,"entryFile":"/Users/yuanxi/Workwork/vibe-fs/requirements/verification-system/tests/016.test.mjs","name":"WHAT[verification-system-016] verify detects mid-flight inputs change via runStep perturbation and halts with fail","fullName":"WHAT[verification-system-016] verify detects mid-flight inputs change via runStep perturbation and halts with fail"}
[verification-test-start] {"pid":83437,"parentPid":83436,"entryFile":"/Users/yuanxi/Workwork/vibe-fs/requirements/verification-system/tests/016.test.mjs","name":"WHAT[verification-system-016] verify with isolated logDirectory creates run dir and latest link without touching repo root","fullName":"WHAT[verification-system-016] verify with isolated logDirectory creates run dir and latest link without touching repo root"}
[verification-test-start] {"pid":83437,"parentPid":83436,"entryFile":"/Users/yuanxi/Workwork/vibe-fs/requirements/verification-system/tests/016.test.mjs","name":"WHAT[verification-system-016] a detected step-boundary mutation prevents later steps","fullName":"WHAT[verification-system-016] a detected step-boundary mutation prevents later steps"}
[verification-test-start] {"pid":83437,"parentPid":83436,"entryFile":"/Users/yuanxi/Workwork/vibe-fs/requirements/verification-system/tests/016.test.mjs","name":"WHAT[verification-system-016] a mutation restored within one step still invalidates the run","fullName":"WHAT[verification-system-016] a mutation restored within one step still invalidates the run"}

[test-summary] 1 file(s), 286 passed, 0 failed, 14 skipped, 2 todo (150.76s wall, 217.85s test time)
  skip: /Users/yuanxi/Workwork/vibe-fs/requirements/verification-system/tests/016.test.mjs:WHAT[verification-system-016] a real readonly mount protects original role paths and rejects foreign or expired view capabilities — integration tier not enabled
  skip: /Users/yuanxi/Workwork/vibe-fs/requirements/verification-system/tests/016.test.mjs:WHAT[verification-system-016] an early Error action failure drains its actual Node consumer before readonly device recovery — integration tier not enabled
  skip: /Users/yuanxi/Workwork/vibe-fs/requirements/verification-system/tests/016.test.mjs:WHAT[verification-system-016] actual readonly mount cleanup preserves Error operation failure and restores every original directory — integration tier not enabled
  skip: /Users/yuanxi/Workwork/vibe-fs/requirements/verification-system/tests/016.test.mjs:WHAT[verification-system-016] cancellation of an attached readonly scope preserves Error and removes only its owned image — integration tier not enabled
  skip: /Users/yuanxi/Workwork/vibe-fs/requirements/verification-system/tests/016.test.mjs:WHAT[verification-system-016] an early null action failure drains its actual Node consumer before readonly device recovery — integration tier not enabled
runner: file lifecycle {"entryFile":"/Users/yuanxi/Workwork/vibe-fs/requirements/verification-system/tests/016.test.mjs","type":"runner:file-drained","elapsedMs":150792.594042}
  skip: /Users/yuanxi/Workwork/vibe-fs/requirements/verification-system/tests/016.test.mjs:WHAT[verification-system-016] actual readonly mount cleanup preserves null operation failure and restores every original directory — integration tier not enabled
  skip: /Users/yuanxi/Workwork/vibe-fs/requirements/verification-system/tests/016.test.mjs:WHAT[verification-system-016] cancellation of an attached readonly scope preserves null and removes only its owned image — integration tier not enabled
  skip: /Users/yuanxi/Workwork/vibe-fs/requirements/verification-system/tests/016.test.mjs:WHAT[verification-system-016] a successful action omitting await drains and rejects its actual Node consumer before readonly device recovery — integration tier not enabled
  skip: /Users/yuanxi/Workwork/vibe-fs/requirements/verification-system/tests/016.test.mjs:WHAT[verification-system-016] exact repository Git inputs install through a selected npm 11.12.1 bundle and real JavaScript consumers — integration tier not enabled
  skip: /Users/yuanxi/Workwork/vibe-fs/requirements/verification-system/tests/016.test.mjs:WHAT[verification-system-016] a complete selected SDK archive resolves the captured repository global.json and reclaims its owned roots — integration tier not enabled
  skip: /Users/yuanxi/Workwork/vibe-fs/requirements/verification-system/tests/016.test.mjs:WHAT[verification-system-016] selected complete SDK restores original repository local tools from explicitly identified NuGet archives — integration tier not enabled
  skip: /Users/yuanxi/Workwork/vibe-fs/requirements/verification-system/tests/016.test.mjs:WHAT[verification-system-016] selected complete Git source and SDK restore the original foundation identity project through a fresh-cache locked NuGet graph — integration tier not enabled
  skip: /Users/yuanxi/Workwork/vibe-fs/requirements/verification-system/tests/016.test.mjs:WHAT[verification-system-016] four selected input owners compile the original foundation identity project with Fable into isolated outputs — integration tier not enabled
  skip: /Users/yuanxi/Workwork/vibe-fs/requirements/verification-system/tests/016.test.mjs:WHAT[verification-system-016] mac readonly views protect actual original-project Fable inputs and restore all prepared owners — integration tier not enabled
  todo: /Users/yuanxi/Workwork/vibe-fs/requirements/verification-system/tests/016.test.mjs:WHAT[verification-system-016] the actual verification run binds its evidence to the same immutable candidate snapshot — reason not supplied
  todo: /Users/yuanxi/Workwork/vibe-fs/requirements/verification-system/tests/016.test.mjs:WHAT[verification-system-016] a mutation restored within one step still invalidates the run — D2: fixed isolated inputs selected; current runner still uses mutable inputs and step-boundary hashes miss this counterexample
runner: post-exit group verification/reclamation: pid=83436; elapsedMs=19.173; accepted=true
runner: 302 test(s), 217.8s of test time; max 29931ms, p90 1191ms, median 170ms
runner:   29931ms  WHAT[verification-system-016] npm tool archive installation owns selected complete tools and locked dependencies through publication
runner:   18020ms  WHAT[verification-system-016] selected Node and complete npm bundle preparation binds actual probes without borrowing ambient configuration
runner:    4707ms  WHAT[verification-system-016] two actual locked registry packages preserve modes use the selected bundle layout and bind its complete identity after tools cleanup
runner:    4613ms  WHAT[verification-system-016] selected npm tools replaced during the actual runtime probe cannot start the next version probe
runner:    4539ms  WHAT[verification-system-016] npm tool archive held install cancellation preserves null and reclaims tools installation and dependencies

runner: 286 passed, 0 failed; 1/1 planned file(s) completed
runner: partial evidence; 14 skipped, 2 TODO; excluded cases are not passes
runner: pending proof prevents complete acceptance
Error: runner: supervised suite failed (exit 1)
    at fail (file:///Users/yuanxi/Workwork/vibe-fs/requirements/verification-system/tests/e2e/support/supervise-node-test.mjs:221:25)
    at superviseOwnedNodeTest (file:///Users/yuanxi/Workwork/vibe-fs/requirements/verification-system/tests/e2e/support/supervise-node-test.mjs:455:5)
    at process.processTicksAndRejections (node:internal/process/task_queues:103:5)
    at async superviseNodeTest (file:///Users/yuanxi/Workwork/vibe-fs/requirements/verification-system/tests/e2e/support/supervise-node-test.mjs:199:14)
    at async file:///Users/yuanxi/Workwork/vibe-fs/requirements/verification-system/tests/run.mjs:94:1 {
  exitCode: 1
}
