entryFile	6bStartMs	6bCostMs	a15StartMs	a15CostMs	deltaMs
requirements/action-affordance/tests/001.test.mjs	34.99776400000002	268.12142	42.4062909999999	409.68595500000004	141.56453500000003
requirements/action-affordance/tests/002.test.mjs	37.64434499999999	41.459270000000004	46.85556599999995	53.35317699999996	11.893906999999956
requirements/action-affordance/tests/003.test.mjs	81.32408600000002	41.361107000000004	102.72550999999999	52.116690999999946	10.755583999999942
requirements/action-affordance/tests/004.test.mjs	124.52964800000007	41.7278849999999	157.16014599999994	52.72987599999999	11.00199100000009
requirements/action-affordance/tests/005.test.mjs	167.63514299999997	37.60614600000008	212.3429389999999	52.53972500000009	14.933579000000009
requirements/action-affordance/tests/006.test.mjs	206.82162600000004	46.00376599999993	267.1331829999999	51.07470999999998	5.070944000000054
requirements/action-affordance/tests/007.test.mjs	254.37955	138.09201000000007	320.6332839999999	177.55324499999995	39.461234999999874
requirements/action-affordance/tests/008.test.mjs	305.33228700000006	59.906383000000005	452.68306099999995	59.18209000000002	-0.7242929999999888
requirements/action-affordance/tests/009.test.mjs	367.54833199999996	289.39034200000003	501.287777	406.51337999999987	117.12303799999984
requirements/action-affordance/tests/010.test.mjs	395.17676500000005	39.60951899999998	514.9533059999999	48.73272100000008	9.123202000000106
requirements/action-affordance/tests/011.test.mjs	436.93216000000007	42.330585999999926	565.9498509999999	56.377668000000085	14.04708200000016
requirements/action-affordance/tests/012.test.mjs	480.893858	43.06748200000004	625.065159	52.96336099999985	9.895878999999809
requirements/action-affordance/tests/013.test.mjs	527.500611	42.500164999999924	679.7082719999999	55.14903000000004	12.648865000000114
requirements/action-affordance/tests/014.test.mjs	570.649615	290.30967899999996	737.0162149999999	409.6178110000001	119.30813200000011
requirements/action-affordance/tests/015.test.mjs	658.864787	279.9936	910.365967	421.29261799999995	141.29901799999993
requirements/attention-regulation/tests/001.test.mjs	862.5806170000001	134.79266099999995	1149.080505	189.52123000000006	54.72856900000011
requirements/attention-regulation/tests/002.test.mjs	943.15643	1519.3737259999998	1334.021729	2036.6932859999997	517.3195599999999
requirements/attention-regulation/tests/003.test.mjs	998.7855199999999	142.4264780000001	1340.556623	191.36064699999997	48.93416899999988
requirements/attention-regulation/tests/004.test.mjs	1142.999676	2216.1384220000004	1534.345621	2942.855016	726.7165939999995
requirements/attention-regulation/tests/005.test.mjs	2465.4243990000004	1490.767319999999	3371.701129	2013.9548210000003	523.1875010000012
requirements/attention-regulation/tests/006.test.mjs	3361.551732	85.18216200000006	4478.829087	100.29406799999924	15.11190599999918
requirements/behavior-diagnosis/tests/001.test.mjs	3448.324525	147.91233199999988	4581.403378999999	171.71255399999973	23.80022199999985
requirements/behavior-diagnosis/tests/002.test.mjs	3600.7096119999997	56.386844999999994	4755.853573	74.21155299999918	17.82470799999919
requirements/behavior-diagnosis/tests/003.test.mjs	3658.8398719999996	134.40696000000025	4835.523423999999	218.27148900000066	83.8645290000004
requirements/behavior-diagnosis/tests/004.test.mjs	3795.0162199999995	262.56483500000013	5056.243913	372.20546099999956	109.64062599999943
requirements/behavior-diagnosis/tests/005.test.mjs	3958.553839	95.98142899999948	5393.11486	109.44354299999941	13.462113999999929
requirements/behavior-diagnosis/tests/006.test.mjs	4056.900589	1605.2120320000004	5430.787816	2253.423597000001	648.2115650000005
requirements/behavior-diagnosis/tests/007.test.mjs	4059.0659779999996	199.25711300000057	5507.0780159999995	255.73154299999987	56.4744299999993
requirements/behavior-diagnosis/tests/008.test.mjs	4259.809854	311.2714069999993	5764.901561999999	462.9112580000001	151.63985100000082
requirements/behavior-diagnosis/tests/009.test.mjs	4573.066148	1067.916005	6230.007555	1356.17382	288.25781499999994
requirements/behavior-diagnosis/tests/010.test.mjs	5642.822406	276.7610059999997	7588.246387000001	411.09389199999896	134.33288599999923
requirements/behavior-diagnosis/tests/011.test.mjs	5663.950963	115.30457999999999	7686.540701	161.6179830000001	46.31340300000011
requirements/behavior-diagnosis/tests/012.test.mjs	5780.782114	231.9009130000004	7850.366964000001	344.8656429999992	112.96472999999878
requirements/behavior-diagnosis/tests/013.test.mjs	5921.622377	234.09019199999966	8001.587441	333.68897000000106	99.5987780000014
requirements/behavior-diagnosis/tests/014.test.mjs	6014.555461999999	253.89223000000038	8197.707776000001	347.1393859999989	93.24715599999854
requirements/behavior-diagnosis/tests/015.test.mjs	6157.3861	123.46326500000032	8338.669788000001	169.7617599999994	46.29849499999909
requirements/behavior-diagnosis/tests/016.test.mjs	6271.101075	365.14244599999984	8510.809265	514.3174610000005	149.1750150000007
requirements/behavior-diagnosis/tests/017.test.mjs	6282.356997	5881.734525999999	8547.183333	7602.551163999999	1720.8166379999993
requirements/behavior-diagnosis/tests/018.test.mjs	6637.968524	1663.2341159999996	9028.164408	2365.1661409999997	701.9320250000001
requirements/behavior-diagnosis/tests/019.test.mjs	8303.277401	45.29632400000082	11395.036750000001	52.554534999999305	7.258210999998482
requirements/capability-enforcement/tests/001.test.mjs	8350.149459	80.10368999999992	11449.749546000001	109.9608389999994	29.85714899999948
requirements/capability-enforcement/tests/002.test.mjs	8432.160835	1222.544754999999	11561.844651000001	1584.701728	362.156973000001
requirements/capability-enforcement/tests/003.test.mjs	9656.696387	80.54219299999932	13148.78167	113.99463699999978	33.45244400000047
requirements/capability-enforcement/tests/004.test.mjs	9739.098323	75.86113599999953	13264.774655000001	114.10945600000014	38.248320000000604
requirements/capability-enforcement/tests/005.test.mjs	9816.600570999999	176.8065540000007	13380.919828	242.33879800000068	65.53224399999999
requirements/capability-enforcement/tests/006.test.mjs	9996.408572	2632.2236869999997	13625.367401	3269.5859359999995	637.3622489999998
requirements/capability-enforcement/tests/007.test.mjs	12169.174461	710.1020069999995	16152.090433	711.034999999998	0.9329929999985325
requirements/capability-enforcement/tests/009.test.mjs	12631.818168	1547.9887849999996	16865.507496	1788.0876849999986	240.09889999999905
requirements/capability-enforcement/tests/010.test.mjs	12884.112643999999	2584.994350000001	16897.123575999998	2646.871024	61.876673999999184
requirements/capability-enforcement/tests/011.test.mjs	14187.668751	1726.225002000001	18656.805726	1915.4434360000014	189.21843400000034
requirements/capability-enforcement/tests/012.test.mjs	15471.666065	439.5479379999997	19546.403656	526.0899189999982	86.54198099999849
requirements/capability-enforcement/tests/013.test.mjs	15912.806957	65.85825799999839	20075.041470999997	87.33579500000269	21.477537000004304
requirements/capability-enforcement/tests/014.test.mjs	15915.406152	36.993437000000995	20164.723817	54.05282200000147	17.059385000000475
requirements/capability-enforcement/tests/015.test.mjs	15953.96618	114.31659300000138	20222.105987	158.25963499999853	43.94304199999715
requirements/capability-enforcement/tests/016.test.mjs	15980.177297	114.04524300000048	20382.949834	154.453290999998	40.40804799999751
requirements/capability-enforcement/tests/017.test.mjs	16069.450369	72.92377800000031	20541.072514	101.48584699999992	28.56206899999961
requirements/capability-enforcement/tests/018.test.mjs	16095.569055999998	72.66224100000181	20575.048398	111.46970399999918	38.80746299999737
requirements/capability-enforcement/tests/019.test.mjs	16143.714925999999	671.5646960000031	20644.669527	916.9746660000019	245.4099699999988
requirements/capability-enforcement/tests/020.test.mjs	16169.703524999999	46.54297399999996	20688.622738	52.54237800000192	5.9994040000019595
requirements/capability-enforcement/tests/021.test.mjs	16217.382928	5871.710710000001	20741.335704999998	7673.208483000002	1801.497773000001
requirements/capability-enforcement/tests/023.test.mjs	16815.337989000003	443.9517599999999	21565.943263999998	575.0108729999993	131.05911299999934
requirements/capability-enforcement/tests/024.test.mjs	17261.335315	1242.0867890000009	22143.160354	1740.9450969999998	498.85830799999894
requirements/capability-enforcement/tests/025.test.mjs	18505.539722	2250.947419	23886.413478	3110.3128340000003	859.3654150000002
requirements/capability-enforcement/tests/026.test.mjs	20758.622661	983.4442320000016	26999.235957999997	1365.9866739999998	382.5424419999981
requirements/causal-wait/tests/001.test.mjs	21744.370127000002	93.00669500000004	28367.337897999998	108.42841599999883	15.421720999998797
requirements/causal-wait/tests/002.test.mjs	21840.148729	84.99576499999966	28417.357609	105.97190799999953	20.976142999999865
requirements/causal-wait/tests/003.test.mjs	21926.818033000003	431.053351999999	28478.298058999997	598.231753	167.17840100000103
requirements/causal-wait/tests/004.test.mjs	22091.241519000003	83.1499139999978	28525.55342	104.8079039999975	21.6579899999997
requirements/causal-wait/tests/005.test.mjs	22176.075348000002	176.73718799999915	28632.651026	272.81856100000005	96.0813730000009
requirements/causal-wait/tests/006.test.mjs	22354.496243	133.9957280000017	28908.346217	180.3089059999984	46.3131779999967
requirements/causal-wait/tests/007.test.mjs	22359.612291	112.86892799999987	29079.234	151.09762399999818	38.22869599999831
requirements/causal-wait/tests/008.test.mjs	22475.159501000002	210.88010999999824	29090.860599	301.0968990000001	90.21678900000188
requirements/causal-wait/tests/009.test.mjs	22490.185773	163.15922000000137	29232.431311	217.79108799999813	54.63186799999676
requirements/change-integration/tests/001.test.mjs	22654.953895000002	181.91712199999893	29394.316319999998	282.3917990000009	100.47467700000198
requirements/change-integration/tests/002.test.mjs	22688.963675000003	289.28161999999793	29453.316455999997	448.0320000000029	158.75038000000495
requirements/change-integration/tests/003.test.mjs	22837.90105	319.2981480000017	29679.317168999998	462.1610010000004	142.86285299999872
requirements/change-integration/tests/004.test.mjs	22980.155690000003	652.9190669999989	29904.193293	766.4217419999986	113.50267499999973
requirements/change-integration/tests/005.test.mjs	23158.469705000003	279.96748599999773	30143.924575999998	419.48126400000183	139.5137780000041
requirements/change-integration/tests/006.test.mjs	23440.759951	179.65885700000217	30567.99554	293.3171309999998	113.65827399999762
requirements/change-integration/tests/007.test.mjs	23622.095438	185.47162899999967	30672.806574	283.3739979999991	97.90236899999945
requirements/change-integration/tests/008.test.mjs	23634.848100000003	302.8897959999995	30863.545763	453.5953240000017	150.70552800000223
requirements/change-integration/tests/009.test.mjs	23809.351376000002	183.3937679999981	30958.694292	273.83883499999865	90.44506700000056
requirements/change-integration/tests/011.test.mjs	23939.537237	40.47585500000059	31234.763691999997	51.4391620000024	10.963307000001805
requirements/change-integration/tests/013.test.mjs	23981.727248000003	193.34681799999817	31288.637666	305.1516980000015	111.80488000000332
requirements/change-integration/tests/014.test.mjs	23994.090029000003	171.31503499999963	31319.763632	277.2855129999989	105.97047799999928
requirements/change-integration/tests/015.test.mjs	24167.259416	172.52582900000198	31596.033141	254.70189199999731	82.17606299999534
requirements/change-integration/tests/017.test.mjs	24176.544354	36.78407399999924	31599.105550999997	49.950887000002695	13.166813000003458
requirements/cognitive-environment/tests/001.test.mjs	24214.969749	42.38836500000252	31651.419257999998	50.66366500000004	8.275299999997515
requirements/cognitive-environment/tests/002.test.mjs	24258.979742000003	41.21622199999911	31704.140240999997	52.44401400000061	11.2277920000015
requirements/cognitive-environment/tests/003.test.mjs	24303.138586	104.0861760000007	31759.07819	138.0934309999975	34.0072549999968
requirements/cognitive-environment/tests/004.test.mjs	24341.186206000002	40.30689699999857	31852.912559	52.35595699999976	12.049060000001191
requirements/cognitive-environment/tests/005.test.mjs	24384.185896000003	90.54788399999961	31899.372256	126.20354099999895	35.65565699999934
requirements/cognitive-environment/tests/006.test.mjs	24408.578384	38.36272699999972	31907.333620999998	49.32364400000006	10.960917000000336
requirements/cognitive-environment/tests/007.test.mjs	24448.388269000003	36.09648499999821	31959.033795	53.201380999998946	17.104896000000736
requirements/cognitive-environment/tests/008.test.mjs	24477.133656	39.94397200000094	32014.405485	51.497975999998744	11.554003999997803
requirements/cognitive-environment/tests/009.test.mjs	24485.805634	37.108728999999585	32028.016571	51.740318999996816	14.631589999997232
requirements/cognitive-environment/tests/010.test.mjs	24518.838219	36.09120400000029	32068.135635	50.94912900000054	14.85792500000025
requirements/cognitive-environment/tests/011.test.mjs	24524.370864	37.92877600000065	32082.185301999998	48.11472700000013	10.185950999999477
requirements/cognitive-environment/tests/012.test.mjs	24556.425343000003	78.53812599999947	32121.372542999998	108.9142090000023	30.376083000002836
requirements/cognitive-environment/tests/013.test.mjs	24564.123958	38.68627500000002	32133.031858999995	52.77032500000496	14.084050000004936
requirements/cognitive-environment/tests/015.test.mjs	24604.473919	4020.3369250000032	32188.322758000002	5128.330775999995	1107.993850999992
requirements/cognitive-environment/tests/016.test.mjs	24636.356441	37.33627900000283	32232.24789	48.05075200000283	10.714472999999998
requirements/cognitive-workspace/tests/001.test.mjs	24675.071506	39.30542100000093	32282.697480999996	55.67054900000221	16.365128000001278
requirements/cognitive-workspace/tests/002.test.mjs	24715.76738	46.168375000001106	32340.48551	52.67408499999874	6.505709999997634
requirements/cognitive-workspace/tests/003.test.mjs	24764.345025000002	35.03081699999893	32397.073514999996	51.65961800000514	16.628801000006206
requirements/cognitive-workspace/tests/004.test.mjs	24801.128588000003	40.54399799999737	32450.747039	50.86073399999441	10.316735999997036
requirements/cognitive-workspace/tests/005.test.mjs	24843.425163	40.80681700000059	32503.614786	54.15250000000378	13.345683000003191
requirements/cognitive-workspace/tests/006.test.mjs	24886.918852000003	55.64796899999783	32560.055505999997	48.46594400000322	-7.18202499999461
requirements/cognitive-workspace/tests/007.test.mjs	24944.020425000002	36.525032999998075	32610.759927	62.39796000000206	25.872927000003983
requirements/cognitive-workspace/tests/008.test.mjs	24982.203304000002	44.25297800000044	32679.356789999998	50.89898700000049	6.646009000000049
requirements/cognitive-workspace/tests/009.test.mjs	25028.123266000002	37.999401000000944	32732.509071	57.411605000001146	19.4122040000002
requirements/cognitive-workspace/tests/010.test.mjs	25068.902081	38.69713700000284	32791.999455	55.88024099999893	17.183103999996092
requirements/concern-routing/tests/001.test.mjs	25109.609846000003	80.83095799999865	32849.947714	99.82838899999479	18.99743099999614
requirements/concern-routing/tests/002.test.mjs	25193.166604000002	3437.8432680000005	32951.953857	4697.170016999997	1259.3267489999962
requirements/concern-routing/tests/003.test.mjs	28627.584004	1381.2298760000012	37319.257674	1892.9614230000007	511.7315469999994
requirements/concern-routing/tests/004.test.mjs	28632.729194000003	1670.5545409999977	37651.817783	2322.673082000001	652.1185410000035
requirements/concern-routing/tests/005.test.mjs	30011.456781	1346.3630630000007	39216.258391999996	1920.9565160000056	574.593453000005
requirements/concern-routing/tests/006.test.mjs	30306.143293	2075.2931780000035	39978.834839999996	2819.8395170000003	744.5463389999968
requirements/concern-routing/tests/007.test.mjs	31363.159063000003	47.93711699999767	41139.426740999996	56.62369200000103	8.686575000003359
requirements/context-compression/tests/001.test.mjs	31414.471432000002	45.743523000001005	41198.11715	51.90806400000292	6.164541000001918
requirements/context-compression/tests/002.test.mjs	31461.786794000003	329.76040699999794	41252.109732	469.17125600000145	139.4108490000035
requirements/context-compression/tests/003.test.mjs	31793.391673000002	604.6729809999961	41723.690249	650.6032059999998	45.9302250000037
requirements/context-compression/tests/004.test.mjs	32383.777828000002	104.26569400000153	42376.782781	149.48018699999375	45.21449299999222
requirements/context-compression/tests/005.test.mjs	32399.83946	259.56248600000254	42528.522535	390.20867900000303	130.6461930000005
requirements/context-compression/tests/006.test.mjs	32489.566008000005	265.28525599999557	42801.286071999995	390.6181510000024	125.33289500000683
requirements/context-compression/tests/007.test.mjs	32661.54568	242.34211899999718	42922.237247	374.05805600000167	131.7159370000045
requirements/context-compression/tests/008.test.mjs	32756.460324000003	271.76270499999737	43194.203687	390.6904020000002	118.92769700000281
requirements/context-compression/tests/009.test.mjs	32905.792889	296.935974	43303.319411	392.81186900000466	95.87589500000468
requirements/context-compression/tests/010.test.mjs	33030.987836	113.08784699999524	43587.186005999996	160.41484300000593	47.326996000010695
requirements/context-compression/tests/011.test.mjs	33146.177340999995	234.10887300000468	43702.642544999995	348.933993000006	114.82512000000133
requirements/context-compression/tests/012.test.mjs	33204.500749	222.40045200000168	43749.802927	312.7443710000007	90.343918999999
requirements/context-compression/tests/013.test.mjs	33382.406471999995	103.10870100000466	44053.826842999995	134.68335500000103	31.57465399999637
requirements/context-compression/tests/014.test.mjs	33428.530498	129.50877499999478	44064.490042	175.56657899999846	46.05780400000367
requirements/context-compression/tests/015.test.mjs	33487.114305999996	80.75428100000136	44190.848571999995	106.27398600000015	25.519704999998794
requirements/context-compression/tests/016.test.mjs	33560.170419999995	236.2319850000058	44242.415935	340.0775280000016	103.84554299999581
requirements/context-compression/tests/017.test.mjs	33569.602187	191.5076840000038	44298.646959	273.0376069999984	81.5299229999946
requirements/context-compression/tests/018.test.mjs	33763.025144	1690.2443779999958	44573.948392	2401.1988060000003	710.9544280000046
requirements/context-compression/tests/019.test.mjs	33798.255360999996	546.4334850000014	44584.731254	775.8520300000018	229.41854500000045
requirements/context-compression/tests/020.test.mjs	34349.133444	156.46798000000126	45363.206822	258.5220980000013	102.05411800000002
requirements/context-compression/tests/021.test.mjs	34507.390933999995	242.8417780000018	45624.522585	377.95164900000236	135.10987100000057
requirements/context-compression/tests/022.test.mjs	34752.389860999996	284.6056949999984	46004.6161	441.22580700000253	156.62011200000416
requirements/context-compression/tests/023.test.mjs	35043.717723999995	117.38224800000171	46448.353435	133.54013800000394	16.157890000002226
requirements/context-compression/tests/024.test.mjs	35163.187778	14469.485588999996	46584.335666	18986.888638999997	4517.403050000001
requirements/context-compression/tests/025.test.mjs	35456.165489	262.31768799999554	46975.993631	420.1256310000026	157.80794300000707
requirements/context-compression/tests/026.test.mjs	35722.465641999996	515.2395620000025	47398.702809	751.4756189999971	236.23605699999462
requirements/context-compression/tests/027.test.mjs	36239.741376	387.9134919999997	48152.319665999996	509.75225400000636	121.83876200000668
requirements/context-compression/tests/028.test.mjs	36629.772516	82.18183000000136	48664.150476999996	126.69765500000358	44.51582500000222
requirements/context-compression/tests/029.test.mjs	36713.941762999995	179.40167900000233	48793.746875	255.17245199999888	75.77077299999655
requirements/context-compression/tests/030.test.mjs	36895.416526	158.70624799999496	49051.243289	266.09797499999695	107.39172700000199
requirements/crash-reconciliation/tests/001.test.mjs	37055.874997	79.95770400000038	49319.588571	102.6147689999998	22.65706499999942
requirements/crash-reconciliation/tests/002.test.mjs	37137.680356	78.36074799999915	49424.313376	119.70392400000128	41.34317600000213
requirements/crash-reconciliation/tests/003.test.mjs	37217.904316	108.02128299999458	49546.279990999996	131.8211500000034	23.799867000008817
requirements/crash-reconciliation/tests/004.test.mjs	37327.548507	48.44952699999703	49680.596391	51.064674000001105	2.6151470000040717
requirements/crash-reconciliation/tests/005.test.mjs	37377.50888	79.90157799999724	49735.261825	112.2312399999937	32.32966199999646
requirements/crash-reconciliation/tests/006.test.mjs	37458.98839	78.8189510000011	49849.69225	111.36397800000123	32.54502700000012
requirements/crash-reconciliation/tests/007.test.mjs	37540.137961	90.34530599999562	49963.271780999996	151.2860639999999	60.94075800000428
requirements/crash-reconciliation/tests/008.test.mjs	37632.366631	69.02881799999886	50116.896772	116.49502699999721	47.466208999998344
requirements/crash-reconciliation/tests/009.test.mjs	37703.234006	213.47303599999577	50235.404502	308.9475160000002	95.4744800000044
requirements/crash-reconciliation/tests/010.test.mjs	37919.327974	71.9639909999969	50546.867714	108.50227499999892	36.53828400000202
requirements/crash-reconciliation/tests/011.test.mjs	37992.820802999995	69.55208900000434	50657.729152	94.9647829999958	25.41269399999146
requirements/crash-reconciliation/tests/012.test.mjs	38063.92226	76.89726099999825	50755.195383	108.19641399999819	31.299152999999933
requirements/crash-reconciliation/tests/013.test.mjs	38143.009108	64.65107500000158	50865.872847	95.05785699999979	30.406781999998202
requirements/crash-reconciliation/tests/014.test.mjs	38210.433988	75.9225179999994	50963.269566999996	96.87137800000346	20.94886000000406
requirements/crash-reconciliation/tests/015.test.mjs	38288.284284	574.4183699999994	51062.377247	763.9298290000006	189.5114590000012
requirements/crash-reconciliation/tests/016.test.mjs	38864.684753999994	114.79758300000685	51828.584785	152.2478409999967	37.450257999989844
requirements/crash-reconciliation/tests/017.test.mjs	38981.579147	40.00189800000226	51983.415442	57.69312799999898	17.69122999999672
requirements/crash-reconciliation/tests/018.test.mjs	39023.569905	1530.6588190000039	52043.307029999996	2142.1689380000025	611.5101189999987
requirements/crash-reconciliation/tests/019.test.mjs	40556.974888	41.55567500000325	54188.947229	71.54586399999971	29.990188999996462
requirements/crash-reconciliation/tests/020.test.mjs	40600.41316	275.35733900000196	54262.835196	395.37677899999835	120.0194399999964
requirements/crash-reconciliation/tests/021.test.mjs	40877.673774999996	236.11103000000003	54660.881593	337.6002440000011	101.48921400000108
requirements/degeneration-guard/tests/001.test.mjs	41115.829702999996	256.28702700000576	55000.903726	325.1752689999994	68.88824199999362
requirements/degeneration-guard/tests/002.test.mjs	41373.964384	226.66345799999544	55326.184111999995	308.8477930000008	82.18433500000538
requirements/degeneration-guard/tests/003.test.mjs	41602.54558	247.29828999999881	55637.16502	295.6859189999959	48.387628999997105
requirements/degeneration-guard/tests/004.test.mjs	41851.833736	618.6665289999946	55934.960724	735.5265290000025	116.86000000000786
requirements/degeneration-guard/tests/005.test.mjs	42472.269856	228.52894799999922	56672.696424	317.7527709999995	89.22382300000027
requirements/degeneration-guard/tests/006.test.mjs	42703.133597	250.1220949999988	56992.849076	325.3958679999996	75.2737730000008
requirements/degeneration-guard/tests/007.test.mjs	42955.382573999996	264.9258259999988	57320.321006	365.2082799999989	100.28245400000014
requirements/degeneration-guard/tests/008.test.mjs	43223.131038	237.16794700000173	57688.356859	322.0047689999992	84.83682199999748
requirements/degeneration-guard/tests/009.test.mjs	43462.402647999996	282.3345069999996	58012.595762	334.1323130000019	51.79780600000231
requirements/degeneration-guard/tests/010.test.mjs	43750.139067	233.02856600000086	58348.999358	291.99374499999976	58.9651789999989
requirements/degeneration-guard/tests/011.test.mjs	43985.124684999995	106.86783800000558	58643.171124	139.44392399999924	32.576085999993666
requirements/degeneration-guard/tests/012.test.mjs	44093.807573	42.29675899999711	58783.617290999995	55.06098700000439	12.764228000007279
requirements/degeneration-guard/tests/013.test.mjs	44137.851729999995	248.7627300000022	58841.229691	293.792766999999	45.03003699999681
requirements/delegation/tests/001.test.mjs	44388.481961	40.937033000001975	59137.152106	66.7225399999952	25.78550699999323
requirements/delegation/tests/002.test.mjs	44431.570999999996	67.51322400000208	59206.072653999996	100.7775030000048	33.264279000002716
requirements/delegation/tests/003.test.mjs	44500.776366	1829.3146669999987	59309.135849	2622.5613129999983	793.2466459999996
requirements/delegation/tests/004.test.mjs	46332.296206	43.554002999997465	61934.016807	54.47862000000168	10.924617000004218
requirements/delegation/tests/005.test.mjs	46377.855502	211.53917399999773	61990.84064	316.3870309999984	104.84785700000066
requirements/delegation/tests/006.test.mjs	46591.438034	610.5645749999967	62309.638389	904.6153560000021	294.0507810000054
requirements/delegation/tests/007.test.mjs	47204.481263999995	523.4657230000012	63216.574706	753.830753000002	230.36503000000084
requirements/delegation/tests/008.test.mjs	47730.200708	542.6892040000021	63972.864341	800.4710579999955	257.7818539999935
requirements/delegation/tests/009.test.mjs	48274.766052	600.0368329999983	64775.591679	856.287470999996	256.2506379999977
requirements/delegation/tests/010.test.mjs	48877.132591999994	552.2811170000059	65573.746962	860.8157719999872	308.5346549999813
requirements/delegation/tests/011.test.mjs	49431.577515	546.3760239999974	65633.547791	843.014296999987	296.63827299998957
requirements/delegation/tests/012.test.mjs	49635.219296999996	592.1120940000037	66439.04401499999	758.2307090000104	166.11861500000668
requirements/delegation/tests/013.test.mjs	49980.292054	312.64247199999954	66479.110594	367.180217000001	54.53774500000145
requirements/delegation/tests/014.test.mjs	50229.9076	275.4685150000005	66848.441464	476.13500899999053	200.66649399999005
requirements/delegation/tests/015.test.mjs	50295.026967	329.261639999997	67199.79693899999	472.6099180000019	143.34827800000494
requirements/delegation/tests/017.test.mjs	50507.197391999995	44.93105000000651	67326.884269	55.81371799999033	10.882667999983823
requirements/delegation/tests/019.test.mjs	50558.598643	116.64654200000223	67384.824714	167.33685799999512	50.69031599999289
requirements/delegation/tests/020.test.mjs	50626.207845	39.26756800000294	67554.642743	70.55114899999171	31.28358099998877
requirements/delegation/tests/021.test.mjs	50667.875445	97.60855699999956	67626.854379	138.9564079999982	41.34785099999863
requirements/delegation/tests/022.test.mjs	50676.937056999996	82.53086400000029	67675.05575099999	107.26397700000962	24.733113000009325
requirements/delegation/tests/023.test.mjs	50762.148735999996	670.2251270000052	67768.018452	932.6803639999998	262.45523699999467
requirements/delegation/tests/024.test.mjs	50766.996589999995	1205.333915000003	67784.443479	1599.7206730000034	394.38675800000055
requirements/delegation/tests/025.test.mjs	51435.141321999996	1215.2590370000034	68703.20610899999	1846.2339940000093	630.9749570000058
requirements/delegation/tests/026.test.mjs	51974.247548	2620.090597999995	69388.718669	2932.101085000002	312.01048700000683
requirements/delegation/tests/027.test.mjs	52652.140132	791.233441999997	70551.51523799999	1038.9512770000001	247.7178350000031
requirements/delegation/tests/028.test.mjs	53445.312783	222.74893499999598	71592.566442	287.62138799999957	64.87245300000359
requirements/delegation/tests/029.test.mjs	53669.803663	131.64895199999592	71882.089691	172.70127199999115	41.052319999995234
requirements/delegation/tests/030.test.mjs	53803.269301	36.30299799999921	72056.855193	49.003922999996576	12.700924999997369
requirements/delegation/tests/031.test.mjs	53841.025668999995	882.8156020000024	72107.793263	1595.2470089999988	712.4314069999964
requirements/delegation/tests/032.test.mjs	54596.56057	636.096243	72323.487043	889.0109200000006	252.91467700000067
requirements/dispatch-protocol/tests/001.test.mjs	54725.84717	432.03340699999535	73214.616785	564.1934479999909	132.16004099999554
requirements/dispatch-protocol/tests/002.test.mjs	55160.142961	491.21798000000126	73707.255361	783.9337189999933	292.715738999992
requirements/dispatch-protocol/tests/003.test.mjs	55234.335199	663.3662939999995	73781.31663	907.6115710000013	244.2452770000018
requirements/dispatch-protocol/tests/004.test.mjs	55654.982045	424.6551499999987	74494.660046	790.089942999999	365.43479300000035
requirements/dispatch-protocol/tests/005.test.mjs	55899.777295	267.86893899999995	74691.214116	376.078542999996	108.20960399999603
requirements/dispatch-protocol/tests/006.test.mjs	56081.372855	210.05608899999788	75069.923132	345.34740900000907	135.29132000001118
requirements/dispatch-protocol/tests/007.test.mjs	56169.709525	840.9879020000008	75286.839672	1591.609381999995	750.6214799999943
requirements/dispatch-protocol/tests/008.test.mjs	56293.707306	495.64695400000346	75416.618669	663.5311899999942	167.88423599999078
requirements/dispatch-protocol/tests/009.test.mjs	56791.665763	1148.9074390000023	76082.581316	1678.3729509999976	529.4655119999952
requirements/dispatch-protocol/tests/010.test.mjs	57013.086032	856.4195140000011	76880.504055	1116.6684139999998	260.2488999999987
requirements/dispatch-protocol/tests/011.test.mjs	57871.353594	408.72471799999767	77763.140774	543.1284909999958	134.40377299999818
requirements/dispatch-protocol/tests/012.test.mjs	57942.523451	504.07008199999837	77999.416837	710.4151290000009	206.34504700000252
requirements/dispatch-protocol/tests/013.test.mjs	58284.530652999994	403.6668870000067	78309.497316	554.1225740000082	150.4556870000015
requirements/dispatch-protocol/tests/014.test.mjs	58452.131577	40.318249999996624	78710.156904	80.00408899999456	39.68583899999794
requirements/dispatch-protocol/tests/015.test.mjs	58494.02712	1594.8647239999991	78795.491842	2242.0344590000022	647.1697350000031
requirements/distribution/tests/001.test.mjs	58688.262143	154.94236100000126	78866.703377	179.60535899999377	24.662997999992513
requirements/distribution/tests/002.test.mjs	58846.740887	659.5518779999984	79048.657148	963.0890450000006	303.5371670000022
requirements/distribution/tests/003.test.mjs	59508.275139	724.6396160000004	80014.100536	1070.3178199999966	345.6782039999962
requirements/distribution/tests/004.test.mjs	60091.137142	41.97004400000151	81040.534712	54.75543100001232	12.785387000010815
requirements/distribution/tests/005.test.mjs	60135.062674	1235.2672779999994	81086.900548	1817.7078799999872	582.4406019999878
requirements/distribution/tests/006.test.mjs	60234.605953	130.0944010000021	81097.325519	149.09384399998817	18.99944299998606
requirements/distribution/tests/007.test.mjs	60366.497198	2199.539886999999	81248.711169	3731.470113000003	1531.930226000004
requirements/distribution/tests/008.test.mjs	61372.603601999996	67.46901900000375	82906.742364	81.74524799999199	14.276228999988234
requirements/distribution/tests/009.test.mjs	61442.036223999996	81.39430200000061	82990.533919	105.50767600000836	24.113374000007752
requirements/distribution/tests/010.test.mjs	61525.375568999996	121.07821800000238	83098.537524	168.9179060000024	47.839688000000024
requirements/durable-convergence/tests/001.test.mjs	61648.156866	188.72991300000285	83269.89399899999	308.9226110000018	120.19269799999893
requirements/durable-convergence/tests/002.test.mjs	61839.005805	622.1558000000005	83581.70945	869.9373270000069	247.78152700000646
requirements/durable-convergence/tests/003.test.mjs	62463.031451999996	354.92527300000074	84453.944755	481.86254899999767	126.93727599999693
requirements/durable-convergence/tests/004.test.mjs	62569.107138	223.9727669999993	84938.608445	317.73545799999556	93.76269099999627
requirements/durable-convergence/tests/005.test.mjs	62795.194961	214.58923700000014	84982.735004	309.7576359999948	95.16839899999468
requirements/durable-convergence/tests/006.test.mjs	62819.65223	220.31113999999798	85259.065492	290.60188200000266	70.29074200000468
requirements/durable-convergence/tests/007.test.mjs	63011.703500999996	283.6212650000016	85295.11021099999	429.25519900000654	145.63393400000496
requirements/durable-convergence/tests/008.test.mjs	63041.969497	330.8961879999988	85551.883889	496.61240899999393	165.71622099999513
requirements/durable-convergence/tests/009.test.mjs	63297.178070999995	247.1730830000015	85726.698337	370.90922899999714	123.73614599999564
requirements/durable-convergence/tests/010.test.mjs	63375.071295	318.267022	86051.12258	459.37559700000565	141.10857500000566
requirements/durable-convergence/tests/011.test.mjs	63545.99166	489.7591800000009	86099.724515	720.6252200000017	230.8660400000008
requirements/durable-events/tests/001.test.mjs	63696.138051999995	238.69572200000403	86512.608425	372.1473249999981	133.45160299999407
requirements/durable-events/tests/002.test.mjs	63937.940805	1791.880556000011	86824.771606	2414.662485000008	622.781928999997
requirements/durable-events/tests/003.test.mjs	64037.544281999995	277.6131760000062	86887.001901	402.35388900000544	124.74071299999923
requirements/durable-events/tests/004.test.mjs	64317.154497999996	451.64882800000487	87294.064186	614.4572749999934	162.80844699998852
requirements/durable-events/tests/005.test.mjs	64772.493492	352.00330899999244	87910.901212	475.8656559999945	123.86234700000205
requirements/durable-events/tests/006.test.mjs	65126.449892	303.4458960000047	88389.270807	399.8265890000039	96.38069299999916
requirements/durable-events/tests/007.test.mjs	65431.810794	227.37944000001153	88791.506686	332.9201630000025	105.54072299999098
requirements/durable-events/tests/008.test.mjs	65660.98275600001	215.4414509999915	89126.577941	304.9532440000039	89.5117930000124
requirements/durable-events/tests/009.test.mjs	65731.983686	1859.4725250000047	89241.880817	2527.6819430000032	668.2094179999985
requirements/durable-events/tests/010.test.mjs	65878.04221900001	305.24941299999773	89435.033015	442.048701000007	136.79928800000926
requirements/durable-events/tests/011.test.mjs	66185.237229	232.93143199999759	89879.420205	381.10980999999447	148.17837799999688
requirements/durable-events/tests/012.test.mjs	66419.83056	373.1441909999994	90262.863971	534.0394649999944	160.89527399999497
requirements/durable-events/tests/013.test.mjs	66794.705357	473.75298300001305	90799.422848	676.503589999993	202.75060699997994
requirements/durable-events/tests/014.test.mjs	67270.24564000001	334.9625700000033	91478.623047	491.598576999997	156.6360069999937
requirements/durable-events/tests/015.test.mjs	67593.447536	204.35386299999664	91772.373368	303.898721000005	99.54485800000839
requirements/durable-events/tests/016.test.mjs	67606.78564700001	1732.225093999994	91972.621019	2270.319491999995	538.0943980000011
requirements/durable-events/tests/017.test.mjs	67800.099155	229.04578300000867	92078.786159	317.58074400000623	88.53496099999757
requirements/durable-events/tests/018.test.mjs	68031.16092400001	342.68607599999814	92399.095348	502.93581599999743	160.2497399999993
requirements/durable-events/tests/019.test.mjs	68375.546545	1862.2232879999938	92904.236704	2502.5257560000027	640.302468000009
requirements/durable-events/tests/020.test.mjs	69341.30638600001	277.3317849999876	94245.303952	391.9333170000027	114.60153200001514
requirements/durable-events/tests/021.test.mjs	69620.707077	221.11167100000603	94639.512898	337.910435999991	116.798764999985
requirements/durable-events/tests/022.test.mjs	69843.540512	225.06803599999694	94979.708409	282.3265769999998	57.25854100000288
requirements/durable-events/tests/023.test.mjs	70070.717524	601.050848999992	95264.32313599999	842.7993640000059	241.74851500001387
requirements/durable-events/tests/024.test.mjs	70240.176043	42.39258600000176	95409.145628	64.39892099999997	22.006334999998217
requirements/durable-events/tests/025.test.mjs	70285.12886200001	316.5590349999984	95476.03043299999	454.1530570000032	137.59402200000477
requirements/effect-accounting/tests/001.test.mjs	70603.51038400001	190.87312599999132	95932.373717	273.47633200000564	82.60320600001432
requirements/effect-accounting/tests/002.test.mjs	70673.485492	195.15647299999546	96109.806614	283.42668299999787	88.27021000000241
requirements/effect-accounting/tests/003.test.mjs	70796.22675100001	483.9769859999942	96207.909672	719.140287000002	235.16330100000778
requirements/effect-accounting/tests/004.test.mjs	70870.251921	180.85644299999694	96396.302189	256.87259600000107	76.01615300000412
requirements/effect-accounting/tests/005.test.mjs	71052.828637	386.39634600000863	96655.911905	569.4568859999999	183.0605399999913
requirements/effect-accounting/tests/006.test.mjs	71281.96447	359.2022069999948	96929.27936	516.310937000002	157.1087300000072
requirements/effect-accounting/tests/007.test.mjs	71441.140642	263.5261690000043	97227.662026	375.1673909999954	111.6412219999911
requirements/effect-accounting/tests/008.test.mjs	71642.839091	812.0938680000108	97448.811924	1217.0770239999983	404.9831559999875
requirements/effect-accounting/tests/010.test.mjs	71706.218911	109.15533599999617	97604.79613	163.1193510000012	53.96401500000502
requirements/effect-accounting/tests/012.test.mjs	71817.137457	191.51584999999614	97770.015733	284.6118620000052	93.09601200000907
requirements/execution-failure-policy/tests/001.test.mjs	72010.708431	84.19555899999978	98057.013706	111.73384099999384	27.53828199999407
requirements/execution-failure-policy/tests/002.test.mjs	72097.113693	630.093154000002	98170.887595	914.4670830000105	284.3739290000085
requirements/execution-failure-policy/tests/003.test.mjs	72457.136295	589.7247800000041	98669.102883	872.7932060000021	283.068425999998
requirements/execution-failure-policy/tests/004.test.mjs	72729.398352	114.82401700000628	99091.045448	146.29143599999952	31.467418999993242
requirements/execution-failure-policy/tests/005.test.mjs	72846.415997	70.5297189999983	99239.802213	99.03936899999098	28.50964999999269
requirements/execution-failure-policy/tests/006.test.mjs	72918.66766400001	623.4812859999947	99341.394395	887.2279310000013	263.74664500000654
requirements/execution-failure-policy/tests/007.test.mjs	73048.958256	206.59266300000309	99544.553808	291.35808000000543	84.76541700000234
requirements/execution-failure-policy/tests/008.test.mjs	73257.340499	190.8784990000131	99840.057363	287.4866820000025	96.60818299998937
requirements/execution-failure-policy/tests/009.test.mjs	73450.08198100001	94.61732699999993	100129.766558	101.99637500000244	7.379048000002513
requirements/execution-failure-policy/tests/010.test.mjs	73543.889184	752.6592979999987	100230.930059	979.1375029999908	226.47820499999216
requirements/execution-failure-policy/tests/011.test.mjs	73546.30116700001	558.2246379999997	100234.643753	864.2878139999957	306.063175999996
requirements/execution-failure-policy/tests/012.test.mjs	74106.82491200001	207.58593199998722	101101.323723	350.5806500000035	142.9947180000163
requirements/execution-failure-policy/tests/013.test.mjs	74301.11584500001	74.26480900000024	101212.906905	112.32052500000282	38.055716000002576
requirements/execution-failure-policy/tests/014.test.mjs	74316.58212	61.02211299999908	101327.649384	80.92743099998916	19.905317999990075
requirements/execution-model-routing/tests/001.test.mjs	74376.972798	130.54895500000566	101418.185427	143.688341999994	13.139386999988346
requirements/execution-model-routing/tests/002.test.mjs	74379.148562	170.0232329999999	101454.230477	207.79373099999793	37.77049799999804
requirements/execution-model-routing/tests/003.test.mjs	74509.329708	2872.898058000006	101565.442703	4019.4038370000053	1146.5057789999992
requirements/execution-model-routing/tests/004.test.mjs	74552.568893	126.59160699999484	101664.18777	185.34887299999536	58.75726600000053
requirements/execution-model-routing/tests/005.test.mjs	74680.688441	109.93317800000659	101852.041075	153.06212299999606	43.12894499998947
requirements/execution-model-routing/tests/006.test.mjs	74792.264297	140.6995900000038	102007.184997	192.82449800000177	52.12490799999796
requirements/execution-model-routing/tests/007.test.mjs	74934.67588200001	105.25544799999625	102203.068879	152.29495399999723	47.03950600000098
requirements/execution-model-routing/tests/008.test.mjs	75041.71824	1179.0618390000018	102358.043985	1703.1876869999978	524.125847999996
requirements/execution-model-routing/tests/009.test.mjs	76224.566879	1571.0898929999967	104063.921263	2227.7231810000085	656.6332880000118
requirements/execution-model-routing/tests/010.test.mjs	77387.031365	969.5457489999972	105588.498575	1219.4541819999868	249.9084329999896
requirements/execution-model-routing/tests/011.test.mjs	77797.805221	51.28315299999667	106294.140218	64.90649799999665	13.623344999999972
requirements/execution-model-routing/tests/012.test.mjs	77850.951621	123.66915200000221	106361.696469	205.79554399999324	82.12639199999103
requirements/execution-model-routing/tests/013.test.mjs	77976.325016	116.40476200000558	106570.201797	185.37305599999672	68.96829399999115
requirements/execution-model-routing/tests/014.test.mjs	78094.55098300001	4107.351865999997	106757.934407	5586.138034000003	1478.786168000006
requirements/execution-model-routing/tests/015.test.mjs	78358.675827	132.2823100000096	106810.518563	176.7182199999952	44.4359099999856
requirements/execution-model-routing/tests/016.test.mjs	78493.129197	49.298391999996966	106988.996189	71.32112300000153	22.02273100000457
requirements/execution-model-routing/tests/017.test.mjs	78545.13025500001	120.79440999998769	107062.791801	186.36800600000424	65.57359600001655
requirements/execution-model-routing/tests/018.test.mjs	78667.97297100001	98.25498399999924	107251.500368	171.77894400000514	73.5239600000059
requirements/execution-model-routing/tests/019.test.mjs	78768.198929	123.32913600000029	107425.667751	160.84486399999878	37.51572799999849
requirements/execution-model-routing/tests/020.test.mjs	78893.26199	126.46969000001263	107589.233832	195.71250999999756	69.24281999998493
requirements/feature-ablation/tests/001.test.mjs	79022.47629600001	574.4802400000044	107787.452674	987.4705220000033	412.99028199999884
requirements/feature-ablation/tests/002.test.mjs	79599.07029300001	306.9014079999906	108777.64408	427.5586539999931	120.65724600000249
requirements/feature-ablation/tests/003.test.mjs	79908.04430600001	404.79998599999817	109207.678198	676.9105960000015	272.11061000000336
requirements/feature-ablation/tests/004.test.mjs	80315.034151	593.474137000012	109887.237648	885.5277310000092	292.05359399999725
requirements/guidance-delivery/tests/001.test.mjs	80911.021324	395.41435400000773	110775.355337	542.486321000004	147.07196699999622
requirements/guidance-delivery/tests/002.test.mjs	81308.39721000001	397.24562299999525	111320.13514	601.7333119999967	204.4876890000014
requirements/guidance-delivery/tests/003.test.mjs	81707.69129700001	362.32604199998605	111924.414492	557.4444800000056	195.11843800001952
requirements/guidance-delivery/tests/004.test.mjs	82071.842355	417.9865340000106	112345.9368	625.582567999998	207.5960339999874
requirements/guidance-delivery/tests/005.test.mjs	82205.19296	485.3018400000001	112485.195118	653.7551279999898	168.4532879999897
requirements/guidance-delivery/tests/006.test.mjs	82490.993014	443.67213099999935	112975.015111	645.0774910000036	201.4053600000043
requirements/guidance-delivery/tests/007.test.mjs	82692.734775	469.5899380000046	113140.082234	652.3162599999923	182.7263219999877
requirements/guidance-delivery/tests/008.test.mjs	82936.84523600001	488.4435389999999	113628.080361	675.4722900000052	187.0287510000053
requirements/guidance-delivery/tests/009.test.mjs	83164.562745	281.0325040000025	113797.699098	386.3802660000074	105.34776200000488
requirements/guidance-delivery/tests/011.test.mjs	83427.466214	333.3730680000008	114186.290195	508.1551279999985	174.78205999999773
requirements/guidance-delivery/tests/012.test.mjs	83447.145994	75.56849000000511	114307.724375	110.42895899999712	34.86046899999201
requirements/host-boundary/tests/001.test.mjs	83523.52932900001	122.93618900000001	114420.723065	188.41769600000407	65.48150700000406
requirements/host-boundary/tests/002.test.mjs	83648.314503	115.17926000000443	114613.553607	142.7160850000073	27.536825000002864
requirements/host-boundary/tests/003.test.mjs	83762.696876	1240.8359259999997	114696.78277199999	1770.930945	530.0950190000003
requirements/host-boundary/tests/004.test.mjs	83766.122927	104.36940599999798	114759.615445	151.60806800000137	47.23866200000339
requirements/host-boundary/tests/005.test.mjs	83872.230077	162.97362600000633	114913.544627	213.6910029999999	50.717376999993576
requirements/host-boundary/tests/006.test.mjs	84036.830751	227.30496300000232	115129.989932	339.7661950000038	112.46123200000147
requirements/host-boundary/tests/007.test.mjs	84266.173372	71.5002450000029	115471.918022	103.54178899999533	32.04154399999243
requirements/host-boundary/tests/008.test.mjs	84339.50310900001	189.41410399999586	115577.78752	278.38210499999695	88.9680010000011
requirements/host-boundary/tests/009.test.mjs	84530.637996	88.99867200000153	115862.55146	122.8412299999909	33.84255799998937
requirements/host-boundary/tests/010.test.mjs	84621.29761000001	64.14547000000312	115987.835277	88.02340499999991	23.877934999996796
requirements/host-boundary/tests/011.test.mjs	84687.03272300001	115.70976899999368	116078.132461	174.15330199999153	58.44353299999784
requirements/host-boundary/tests/012.test.mjs	84804.929967	79.9172050000052	116255.116472	99.12072099999932	19.203515999994124
requirements/host-boundary/tests/013.test.mjs	84886.714445	1337.9267589999945	116356.498349	1918.4483489999984	580.5215900000039
requirements/host-boundary/tests/014.test.mjs	85006.508442	623.9543089999934	116472.132374	864.2513770000078	240.2970680000144
requirements/host-boundary/tests/015.test.mjs	85632.659029	118.2220110000053	117339.12218399999	167.9784040000086	49.7563930000033
requirements/host-boundary/tests/016.test.mjs	85752.742547	141.38116200000513	117509.371241	168.0075119999965	26.626349999991362
requirements/host-boundary/tests/017.test.mjs	85897.889714	106.4278900000063	117679.93459	156.87439299999096	50.44650299998466
requirements/host-boundary/tests/018.test.mjs	86006.702162	42.77698300000338	117842.085292	70.16728299998795	27.390299999984563
requirements/host-boundary/tests/019.test.mjs	86052.11731100001	653.6933869999921	117915.0441	998.0886119999923	344.3952250000002
requirements/host-boundary/tests/020.test.mjs	86227.00664800001	196.6017359999969	118278.42664599999	284.66264000000956	88.06090400001267
requirements/host-boundary/tests/021.test.mjs	86425.587912	167.95415400000638	118565.45574399999	245.95040700001118	77.9962530000048
requirements/host-boundary/tests/022.test.mjs	86595.62539300001	583.1263209999888	118815.297059	850.20848999999	267.08216900000116
requirements/host-boundary/tests/023.test.mjs	86707.760617	3383.4492519999912	118915.76914	4658.486894999995	1275.0376430000033
requirements/host-boundary/tests/024.test.mjs	87180.757937	100.15820900000108	119668.155312	121.1050350000005	20.94682599999942
requirements/host-boundary/tests/025.test.mjs	87282.848522	175.99636800000735	119791.616857	229.91286399999808	53.91649599999073
requirements/host-boundary/tests/026.test.mjs	87462.13115	251.4386119999981	120023.948994	327.2123399999982	75.77372800000012
requirements/host-boundary/tests/027.test.mjs	87715.565124	138.0601549999992	120353.666777	193.51856099998986	55.458405999990646
requirements/host-boundary/tests/028.test.mjs	87856.714813	195.7783710000076	120549.547462	280.08044599999266	84.30207499998505
requirements/host-boundary/tests/029.test.mjs	88055.097827	704.7235079999955	120832.925475	1014.4739890000055	309.75048100001004
requirements/host-boundary/tests/030.test.mjs	88761.944122	140.25688700001047	121850.219034	243.63408000000345	103.37719299999299
requirements/host-boundary/tests/031.test.mjs	88904.31848500001	196.15609199999017	122097.824323	240.55830000000424	44.40220800001407
requirements/host-boundary/tests/032.test.mjs	89104.005493	11043.951404000007	122347.087799	15578.035176000005	4534.083771999998
requirements/host-boundary/tests/033.test.mjs	90093.442043	2041.4137580000097	123576.927145	2873.3713780000107	831.957620000001
requirements/host-provider-failure-ownership/tests/001.test.mjs	92137.30565400001	1632.925464999993	126452.789274	2390.4073409999983	757.4818760000053
requirements/host-provider-failure-ownership/tests/002.test.mjs	93773.75144600001	52.6476479999983	128848.517722	63.35934399999678	10.711695999998483
requirements/host-provider-failure-ownership/tests/003.test.mjs	93828.471879	74.14866900000197	128914.07038	101.89047499999288	27.741805999990902
requirements/host-provider-failure-ownership/tests/004.test.mjs	93905.125363	1189.461982000008	129016.861722	1776.2988350000087	586.8368530000007
requirements/host-provider-failure-ownership/tests/005.test.mjs	95097.486086	113.9642540000059	130795.258265	148.17855000001146	34.21429600000556
requirements/host-provider-failure-ownership/tests/006.test.mjs	95213.389589	76.30746200001158	130945.79445100001	100.37021999998251	24.062757999970927
requirements/host-provider-failure-ownership/tests/007.test.mjs	95291.70024800001	43.75707999999577	131048.900736	65.26831600001606	21.51123600002029
requirements/institutional-learning/tests/001.test.mjs	95337.42521900001	1379.800138999999	131116.626273	1885.7474199999997	505.94728100000066
requirements/institutional-learning/tests/002.test.mjs	96720.046398	83.28744400000141	133007.355194	123.520554000017	40.233110000015586
requirements/institutional-learning/tests/003.test.mjs	96805.2865	1359.9335890000075	133133.44905800003	1923.6371549999749	563.7035659999674
requirements/institutional-learning/tests/004.test.mjs	98167.56627000001	1325.4332949999953	135059.684355	1931.6282540000102	606.1949590000149
requirements/institutional-learning/tests/005.test.mjs	99496.081504	88.1680389999965	136994.14524500002	110.92247999997926	22.754440999982762
requirements/institutional-learning/tests/006.test.mjs	99586.71764300001	1651.6125979999924	137108.165524	2192.8611450000026	541.2485470000101
requirements/institutional-learning/tests/007.test.mjs	100150.009921	1434.9353169999958	137927.49548800002	1993.8830580000067	558.9477410000109
requirements/institutional-learning/tests/008.test.mjs	101241.22043100001	1691.0100410000014	139303.795404	2386.698930000013	695.6888890000118
requirements/interaction-authority/tests/001.test.mjs	101587.91921800001	377.70057799998904	139923.85586600003	516.7970429999987	139.09646500000963
requirements/interaction-authority/tests/002.test.mjs	101967.42497000001	423.2950310000015	140443.311224	588.2657260000124	164.9706950000109
requirements/interaction-authority/tests/003.test.mjs	102396.614616	528.5208580000035	141034.19122600002	715.7358739999763	187.21501599997282
requirements/interaction-authority/tests/004.test.mjs	102927.167526	214.08112099999562	141694.26204	319.2577170000004	105.17659600000479
requirements/interaction-authority/tests/005.test.mjs	102934.346734	462.7330970000039	141752.33118200002	666.2021259999892	203.4690289999853
requirements/interaction-authority/tests/006.test.mjs	103143.556786	278.4677570000058	142016.39774000001	395.7670940000098	117.29933700000402
requirements/interaction-authority/tests/007.test.mjs	103402.206812	84.92642099999648	142414.721954	118.2168529999908	33.290431999994325
requirements/interaction-authority/tests/008.test.mjs	103423.750142	128.69617900000594	142420.73782	164.13377499999478	35.437595999988844
requirements/interaction-authority/tests/009.test.mjs	103487.58045200001	93.71428899999592	142535.34254200003	120.2684859999863	26.55419699999038
requirements/interaction-authority/tests/010.test.mjs	103554.227798	80.23677000000316	142587.140885	105.67243400000734	25.43566400000418
requirements/interaction-authority/tests/011.test.mjs	103582.91400100001	2247.9580559999886	142658.312305	3011.303023000015	763.3449670000264
requirements/interaction-authority/tests/012.test.mjs	103637.15438	73.04109600000083	142695.021645	97.87121300000581	24.830117000004975
requirements/interaction-authority/tests/013.test.mjs	103711.978948	218.11699300000328	142794.98869300002	326.36484799999744	108.24785499999416
requirements/interaction-authority/tests/014.test.mjs	103932.283225	95.62770100000489	143124.042156	103.64888600000995	8.021185000005062
requirements/interaction-authority/tests/015.test.mjs	104029.74098300001	357.47439199998917	143230.417598	484.3100459999987	126.83565400000953
requirements/interaction-authority/tests/016.test.mjs	104389.196716	94.81008100000327	143718.509296	123.34047300001839	28.530392000015127
requirements/interaction-authority/tests/017.test.mjs	104485.80641100001	512.5530369999906	143844.43686400002	727.3687009999994	214.81566400000884
requirements/interaction-authority/tests/018.test.mjs	105000.30331	88.20866400000523	144572.685583	121.34112200001255	33.13245800000732
requirements/interaction-authority/tests/019.test.mjs	105090.376793	356.6163430000015	144696.558456	523.1200580000004	166.50371499999892
requirements/interaction-authority/tests/020.test.mjs	105449.003051	40.16419199999655	145222.46252700003	55.64819899998838	15.484006999991834
requirements/interaction-authority/tests/021.test.mjs	105491.295305	352.1754419999925	145280.48837900002	528.8841740000062	176.7087320000137
requirements/interaction-authority/tests/022.test.mjs	105833.029354	90.90057100000558	145671.92185	155.41728299998795	64.51671199998236
requirements/interaction-authority/tests/023.test.mjs	105845.344769	81.19191700000374	145812.52802300002	112.24077000000398	31.048853000000236
requirements/intra-participant-parallelism/tests/001.test.mjs	105925.677811	41.56097600000794	145829.87062	49.353470000001835	7.792493999993894
requirements/intra-participant-parallelism/tests/002.test.mjs	105928.40760600001	76.77521599999454	145882.18909300002	110.66729299997678	33.89207699998224
requirements/intra-participant-parallelism/tests/003.test.mjs	105968.81983800001	85.35940399998799	145928.06127900002	115.7010200000077	30.341616000019712
requirements/intra-participant-parallelism/tests/004.test.mjs	106006.36604600001	103.81756499999028	145995.557455	128.77757000000565	24.96000500001537
requirements/intra-participant-parallelism/tests/005.test.mjs	106056.44171700001	106.58399400000053	146046.140022	139.62118400001782	33.03719000001729
requirements/intra-participant-parallelism/tests/006.test.mjs	106111.738985	80.66958200000226	146127.483492	116.03009900002507	35.36051700002281
requirements/intra-participant-parallelism/tests/007.test.mjs	106164.54397700001	75.46843700000318	146188.48741200002	107.19764900000882	31.729212000005646
requirements/intra-participant-parallelism/tests/008.test.mjs	106194.39583600001	76.19621299998835	146245.904554	108.50849999999627	32.31228700000793
requirements/intra-participant-parallelism/tests/009.test.mjs	106241.674947	243.03872699999192	146298.46715200003	365.7648189999745	122.7260919999826
requirements/intra-participant-parallelism/tests/010.test.mjs	106272.586034	39.843559999993886	146357.12796900002	50.23782499998924	10.394264999995357
requirements/intra-participant-parallelism/tests/011.test.mjs	106315.121411	102.17717300000368	146409.77168600002	140.56642399998964	38.38925099998596
requirements/intra-participant-parallelism/tests/012.test.mjs	106419.010752	342.6235080000042	146552.86014	518.5063530000043	175.8828450000001
requirements/intra-participant-parallelism/tests/013.test.mjs	106486.41854	1815.0826890000026	146667.17829900002	2541.030556999991	725.9478679999884
requirements/intra-participant-parallelism/tests/014.test.mjs	106763.823263	96.36951500001305	147074.04258500002	119.77102200000081	23.40150699998776
requirements/intra-participant-parallelism/tests/015.test.mjs	106864.14739	103.46679700000095	147196.497734	142.22883800001	38.76204100000905
requirements/intra-participant-parallelism/tests/017.test.mjs	106969.47535800001	1623.9544089999981	147341.051496	2253.5225400000054	629.5681310000073
requirements/js-semantic-surface/tests/001.test.mjs	108303.51389900001	156.15524999999616	149210.64987700002	188.18825099998503	32.03300099998887
requirements/js-semantic-surface/tests/002.test.mjs	108461.52197	1807.5257760000095	149401.118319	2498.5932690000045	691.067492999995
requirements/js-semantic-surface/tests/003.test.mjs	108598.17927800001	1730.7748789999896	149598.211068	2290.3418370000145	559.5669580000249
requirements/js-semantic-surface/tests/004.test.mjs	110271.12983600001	76.82497299999523	151891.482342	83.40166299999692	6.57669000000169
requirements/js-semantic-surface/tests/005.test.mjs	110332.983943	42.39489300000423	151902.17231700002	56.11719799999264	13.72230499998841
requirements/js-semantic-surface/tests/006.test.mjs	110349.53588200001	3301.455363000001	151960.79722200002	4675.022213999997	1373.566850999996
requirements/knowledge-reuse/tests/001.test.mjs	110377.224036	328.3040180000098	151977.076922	420.6669070000062	92.36288899999636
requirements/knowledge-reuse/tests/002.test.mjs	110708.129359	290.1670840000006	152401.040664	429.48624000002746	139.31915600002685
requirements/knowledge-reuse/tests/003.test.mjs	111000.189151	122.30171400000108	152833.20994600002	154.04536499999813	31.743650999997044
requirements/knowledge-reuse/tests/004.test.mjs	111125.16085700001	296.0096629999898	152992.089385	417.1624930000107	121.15283000002091
requirements/knowledge-reuse/tests/005.test.mjs	111426.21731600001	759.0253850000008	153414.57069800003	986.372801999998	227.34741699999722
requirements/knowledge-reuse/tests/006.test.mjs	112187.528644	391.65636500000255	154403.52082200002	549.5963659999834	157.94000099998084
requirements/knowledge-reuse/tests/007.test.mjs	112582.16631300001	264.60202299999946	154955.472107	340.39976699999534	75.79774399999587
requirements/knowledge-reuse/tests/008.test.mjs	112848.80018	237.12645900000643	155298.602847	368.3206599999976	131.19420099999115
requirements/knowledge-reuse/tests/009.test.mjs	113087.86185300001	252.69757199999003	155669.510641	361.9249970000237	109.22742500003369
requirements/knowledge-reuse/tests/010.test.mjs	113343.288094	961.019318000006	156034.010531	1421.120607000019	460.1012890000129
requirements/knowledge-reuse/tests/011.test.mjs	113652.90968000001	362.12434999999823	156638.35726100003	544.4846869999892	182.36033699999098
requirements/knowledge-reuse/tests/012.test.mjs	114017.24287900001	256.5851119999861	157189.078905	363.1781000000192	106.59298800003307
requirements/knowledge-reuse/tests/013.test.mjs	114276.084891	50.26583400000527	157457.450167	54.1513580000028	3.885523999997531
requirements/knowledge-reuse/tests/014.test.mjs	114306.19464100001	101.68536299999687	157513.86589500002	135.91069499999867	34.2253320000018
requirements/knowledge-reuse/tests/015.test.mjs	114328.3591	348.4704469999997	157555.29067500003	509.51678399997763	161.04633699997794
requirements/knowledge-reuse/tests/016.test.mjs	114410.174042	403.04610500000126	157652.090743	583.5730780000158	180.52697300001455
requirements/managed-chat-execution/tests/001.test.mjs	114678.91965200001	234.0235859999957	158067.13521200002	345.8039379999973	111.78035200000159
requirements/managed-chat-execution/tests/002.test.mjs	114815.016258	273.3655509999953	158238.34441000002	365.9173479999881	92.5517969999928
requirements/managed-chat-execution/tests/003.test.mjs	114914.97140000001	1918.3896749999985	158415.62245400003	2738.059446999978	819.6697719999793
requirements/managed-chat-execution/tests/004.test.mjs	115089.07726800001	319.56702600000426	158607.059096	456.62265400000615	137.0556280000019
requirements/managed-chat-execution/tests/005.test.mjs	115410.580465	2094.6476450000046	159066.08678	2941.834778999997	847.1871339999925
requirements/managed-chat-execution/tests/006.test.mjs	116835.40524000001	1441.2681029999949	161157.073372	1988.7736389999918	547.5055359999969
requirements/managed-chat-execution/tests/007.test.mjs	117507.249268	262.8584650000121	162010.42255100003	382.4627309999778	119.60426599996572
requirements/managed-chat-execution/tests/008.test.mjs	117772.52059100001	60.13572999999451	162396.051756	53.6497570000065	-6.485972999988007
requirements/managed-chat-execution/tests/009.test.mjs	117835.029624	144.65299100000993	162451.906212	189.23464599999716	44.58165499998722
requirements/managed-chat-execution/tests/010.test.mjs	117982.723402	1956.2050699999963	162643.949235	2718.2159990000073	762.010929000011
requirements/managed-chat-execution/tests/011.test.mjs	118279.449846	483.8329039999953	163148.674322	649.0362820000155	165.20337800002017
requirements/managed-chat-execution/tests/012.test.mjs	118765.186081	519.0050650000048	163800.161987	732.5877100000216	213.58264500001678
requirements/managed-chat-execution/tests/013.test.mjs	119284.285279	511.7923480000027	164537.532527	704.0317410000134	192.23939300001075
requirements/managed-chat-execution/tests/014.test.mjs	119798.281826	259.0463080000045	165244.56431500003	365.49249499998405	106.44618699997955
requirements/managed-session-lifecycle/tests/001.test.mjs	119941.03679700001	88.43203299999004	165365.47009900003	135.02906699999585	46.597034000005806
requirements/managed-session-lifecycle/tests/002.test.mjs	120031.704205	71.37579499999993	165503.20504700002	109.95796199998586	38.58216699998593
requirements/managed-session-lifecycle/tests/003.test.mjs	120058.97006	73.12198100000387	165612.109616	104.66955000002054	31.547569000016665
requirements/managed-session-lifecycle/tests/004.test.mjs	120105.1167	747.5624230000103	165615.253594	1020.374364999996	272.8119419999857
requirements/managed-session-lifecycle/tests/005.test.mjs	120133.943837	98.39669400001003	165719.46270200002	139.2182759999996	40.821581999989576
requirements/managed-session-lifecycle/tests/006.test.mjs	120234.131551	765.6135630000063	165860.90174700003	1059.740684999997	294.1271219999908
requirements/managed-session-lifecycle/tests/007.test.mjs	120855.24445700001	1084.536236999993	166637.989531	1429.070538	344.53430100000696
requirements/managed-session-lifecycle/tests/008.test.mjs	121001.95046400001	1246.8337299999985	166923.341545	1691.4790310000244	444.64530100002594
requirements/managed-session-lifecycle/tests/009.test.mjs	121941.89962200001	736.35182299999	168069.18530900002	1071.047877999983	334.69605499999307
requirements/managed-session-lifecycle/tests/010.test.mjs	122250.667963	102.0721840000042	168617.171934	142.60124600000563	40.52906200000143
requirements/managed-session-lifecycle/tests/011.test.mjs	122352.79346300001	112.4402609999961	168762.436187	130.19327899999917	17.753018000003067
requirements/managed-session-lifecycle/tests/012.test.mjs	122466.925828	265.9877220000053	168896.06125300002	414.47286899999017	148.48514699998486
requirements/managed-session-lifecycle/tests/013.test.mjs	122681.51737700001	787.7157119999902	169143.34415400002	1021.6442169999937	233.9285050000035
requirements/managed-session-lifecycle/tests/014.test.mjs	122734.498855	652.2174770000129	169312.911364	915.3282490000129	263.110772
requirements/managed-session-lifecycle/tests/015.test.mjs	123388.786959	918.4096109999955	170167.746174	1329.247553000023	410.8379420000274
requirements/managed-session-lifecycle/tests/016.test.mjs	123471.141051	117.52573400000983	170230.850225	163.7205440000107	46.19481000000087
requirements/managed-session-lifecycle/tests/017.test.mjs	123590.565717	125.96023799999966	170397.25348100002	183.9331499999971	57.97291199999745
requirements/managed-session-lifecycle/tests/018.test.mjs	123719.127047	1999.221562000006	170583.49402	2814.642262999987	815.4207009999809
requirements/managed-session-lifecycle/tests/019.test.mjs	124315.565369	1899.8444049999962	171499.686011	2696.3084199999867	796.4640149999905
requirements/managed-session-lifecycle/tests/020.test.mjs	125721.955293	1880.8648569999932	173400.893867	2633.647993999999	752.7831370000058
requirements/managed-session-lifecycle/tests/021.test.mjs	126217.70639600001	40.45358400000259	174198.47684800002	61.66563199998927	21.21204799998668
requirements/managed-session-lifecycle/tests/022.test.mjs	126260.133407	295.44708700000774	174262.66290800003	439.40433399999165	143.9572469999839
requirements/managed-session-lifecycle/tests/023.test.mjs	126557.621266	87.78699000000779	174704.467777	89.07431600001291	1.2873260000051232
requirements/managed-session-lifecycle/tests/024.test.mjs	126647.036922	121.13168800000858	174796.479865	167.95138700000825	46.81969899999967
requirements/managed-session-lifecycle/tests/025.test.mjs	126770.503735	752.8992230000003	174966.958084	1081.8848679999937	328.9856449999934
requirements/obligation-ledger/tests/001.test.mjs	127524.946288	298.6217069999984	176037.15552600002	421.71159500000067	123.08988800000225
requirements/obligation-ledger/tests/002.test.mjs	127608.14208	282.38421600000584	176051.163738	419.4651310000045	137.08091499999864
requirements/obligation-ledger/tests/003.test.mjs	127825.50772800001	41.47364499999094	176461.18224700002	49.890649999986636	8.417004999995697
requirements/obligation-ledger/tests/004.test.mjs	127868.668594	314.0325379999995	176473.185085	456.7602590000024	142.72772100000293
requirements/obligation-ledger/tests/005.test.mjs	127892.243035	299.11948799999664	176514.10721900003	419.6966099999845	120.57712199998787
requirements/obligation-ledger/tests/006.test.mjs	128184.42050200001	42.53636199999892	176932.388169	50.491528999991715	7.955166999992798
requirements/obligation-ledger/tests/007.test.mjs	128193.27915900001	46.682631999996374	176936.11312400002	51.94361899999785	5.260987000001478
requirements/office-capability/tests/001.test.mjs	128228.46204900001	47.30463099999179	176986.395698	48.06459900000482	0.759968000013032
requirements/office-capability/tests/003.test.mjs	128241.24434800001	71.90904600000067	176990.089589	86.06748600001447	14.158440000013798
requirements/office-capability/tests/004.test.mjs	128277.994562	39.18217000000004	177038.05594400002	51.56011099999887	12.377940999998827
requirements/office-capability/tests/005.test.mjs	128314.82755300001	46.81096199998865	177078.510803	50.77051199998823	3.959549999999581
requirements/office-capability/tests/006.test.mjs	128320.17394800001	50.527799999996205	177091.93387600002	57.0142689999775	6.486468999981298
requirements/office-capability/tests/007.test.mjs	128363.21056800001	104.81594099999347	177131.631981	145.20243100001244	40.386490000018966
requirements/office-capability/tests/011.test.mjs	128372.451098	37.453387000001385	177151.14588000003	49.88014799999655	12.426760999995167
requirements/office-capability/tests/012.test.mjs	128411.42974600001	69.34619199999725	177203.28087000002	91.63424600000144	22.288054000004195
requirements/office-capability/tests/015.test.mjs	128469.46896700001	61.0031799999997	177279.63420600002	86.0852700000105	25.082090000010794
requirements/office-capability/tests/016.test.mjs	128482.462879	60.39061500001117	177297.58737000002	84.66978899997775	24.279173999966588
requirements/office-capability/tests/017.test.mjs	128531.867786	64.08523199999763	177368.085166	87.56123099999968	23.475999000002048
requirements/office-capability/tests/018.test.mjs	128544.61204400001	65.81355399999302	177384.941966	87.30378799999016	21.490233999997145
requirements/participant-horizon/tests/001.test.mjs	128597.433949	39.21738400000322	177458.52060100003	51.35789600000135	12.140511999998125
requirements/participant-horizon/tests/002.test.mjs	128613.128194	59.79206200000772	177476.82646200003	75.1677979999804	15.375735999972676
requirements/participant-horizon/tests/003.test.mjs	128639.127148	221.23248299999977	177513.136709	318.33731999999145	97.10483699999168
requirements/participant-horizon/tests/004.test.mjs	128675.144283	36.65588900000148	177554.109331	52.68547799999942	16.02958899999794
requirements/participant-horizon/tests/005.test.mjs	128714.131616	223.90931300001102	177608.929286	321.8966890000156	97.98737600000459
requirements/participant-horizon/tests/006.test.mjs	128863.12474500001	44.40569200000027	177833.85788000003	50.654065999988234	6.248373999987962
requirements/participant-horizon/tests/007.test.mjs	128909.63788000001	43.3337840000022	177886.712314	54.00344000000041	10.669655999998213
requirements/participant-horizon/tests/008.test.mjs	128939.54574	36.72017400000186	177933.75716	52.827003999991575	16.106829999989714
requirements/participant-horizon/tests/009.test.mjs	128954.580587	541.1150219999981	177943.443379	819.9210790000216	278.80605700002343
requirements/participant-horizon/tests/010.test.mjs	128977.670972	563.4138989999919	177989.824238	839.7529980000108	276.3390990000189
requirements/participant-horizon/tests/011.test.mjs	129497.51230100001	553.4253069999977	178766.690505	760.3876990000135	206.96239200001583
requirements/participant-horizon/tests/012.test.mjs	129542.71614100001	93.74148599999899	178831.906133	131.68827400001464	37.94678800001566
requirements/participant-horizon/tests/013.test.mjs	129638.352985	160.84008599999652	178966.26322000002	220.141810000001	59.30172400000447
requirements/participant-horizon/tests/014.test.mjs	129800.395552	53.06100200000219	179189.214845	56.46998100000201	3.4089789999998175
requirements/participant-horizon/tests/015.test.mjs	129856.11976	79.52049900000566	179249.516387	111.76344000000972	32.242941000004066
requirements/participant-identity/tests/001.test.mjs	129938.627017	117.28792899999826	179372.09188300002	176.03276699999697	58.74483799999871
requirements/participant-identity/tests/002.test.mjs	130052.68011100001	480.39850199999637	179529.498534	700.6715749999858	220.27307299998938
requirements/participant-identity/tests/003.test.mjs	130058.12304800001	71.23463300000003	179550.484356	83.57847400000901	12.343841000008979
requirements/participant-identity/tests/004.test.mjs	130129.406162	305.8977050000103	179636.82321300003	461.497566999984	155.59986199997365
requirements/participant-identity/tests/005.test.mjs	130437.100109	99.06577699999616	180101.14832200002	132.34293099999195	33.27715399999579
requirements/participant-identity/tests/007.test.mjs	130534.91885100001	64.81091499999457	180232.445458	86.01897600002121	21.208061000026646
requirements/participant-identity/tests/008.test.mjs	130537.96942600001	1288.7990889999928	180235.621492	1843.9080660000036	555.1089770000108
requirements/participant-identity/tests/009.test.mjs	130602.13128100001	1822.0476980000094	180320.86264	2602.313162000006	780.2654639999964
requirements/participant-identity/tests/010.test.mjs	131830.49616100002	108.1825189999945	182083.37300400002	138.26020399999106	30.077684999996563
requirements/prefix-stability/tests/001.test.mjs	131940.67327	1500.418468000018	182224.149638	2168.3846920000215	667.9662240000034
requirements/prefix-stability/tests/002.test.mjs	132426.042514	126.86436700000195	182925.515137	176.547854000004	49.68348700000206
requirements/prefix-stability/tests/003.test.mjs	132556.128537	5377.851536000002	183104.399566	7378.630365000019	2000.7788290000171
requirements/prefix-stability/tests/004.test.mjs	133443.157545	79.50717200001236	184395.37672300002	119.49477799999295	39.98760599998059
requirements/prefix-stability/tests/005.test.mjs	133526.132716	96.93564500001958	184517.74590100002	122.51155299998936	25.575907999969786
requirements/prefix-stability/tests/006.test.mjs	133625.030466	251.32537299999967	184642.45777	351.6912230000016	100.36585000000196
requirements/prefix-stability/tests/007.test.mjs	133878.06290000002	461.66113199997926	184996.319598	636.814979000017	175.15384700003779
requirements/prefix-stability/tests/008.test.mjs	134341.659162	115.15605600000708	185635.72270900002	206.36050599999726	91.20444999999017
requirements/prefix-stability/tests/009.test.mjs	134459.592098	233.2371180000191	185844.386513	343.1038460000127	109.8667279999936
requirements/prefix-stability/tests/010.test.mjs	134694.731665	556.8305059999984	186189.99121600002	822.582808999985	265.75230299998657
requirements/prefix-stability/tests/011.test.mjs	135254.143841	38.09727399999974	187016.495457	45.9519389999914	7.854664999991655
requirements/prefix-stability/tests/012.test.mjs	135293.992195	6162.672778000007	187064.56230700001	8033.950611999986	1871.2778339999786
requirements/prefix-stability/tests/013.test.mjs	137935.976436	114.14457400000538	190485.59512900002	141.87551699997857	27.730942999973195
requirements/prefix-stability/tests/014.test.mjs	138052.001578	377.5528259999992	190630.370937	550.7485830000078	173.1957570000086
requirements/prefix-stability/tests/015.test.mjs	138431.93776600002	270.51982499999576	191183.643867	390.74394800001755	120.22412300002179
requirements/process-execution/tests/001.test.mjs	138704.64463	156.86930200000643	191577.48290600002	224.68022300000302	67.8109209999966
requirements/process-execution/tests/002.test.mjs	138863.792746	2102.7741610000085	191805.35153	2138.1842269999906	35.41006599998218
requirements/process-execution/tests/003.test.mjs	140968.78497100002	153.52585700000054	193945.836031	195.482084999996	41.95622799999546
requirements/process-execution/tests/004.test.mjs	141123.995378	1242.6889730000112	194143.58967800002	1286.524482000008	43.83550899999682
requirements/process-execution/tests/005.test.mjs	141458.386143	255.97074799999245	195100.645721	399.74424299999373	143.77349500000128
requirements/process-execution/tests/006.test.mjs	141716.044831	2134.365232000011	195432.607036	2203.7336860000214	69.36845400001039
requirements/process-execution/tests/007.test.mjs	142368.455198	177.38023199999589	195502.757576	259.89301600001636	82.51278400002047
requirements/process-execution/tests/008.test.mjs	142547.55302	70.74050700000953	195764.80667800002	96.0302119999833	25.289704999973765
requirements/process-execution/tests/009.test.mjs	142622.12521600001	98.56399199998123	195863.250581	146.44063700002152	47.8766450000403
requirements/process-execution/tests/010.test.mjs	142722.210547	271.4334010000166	196012.10549800002	413.4478939999826	142.01449299996602
requirements/process-execution/tests/011.test.mjs	142995.464138	301.8298309999809	196427.779681	464.66627499999595	162.83644400001504
requirements/process-execution/tests/012.test.mjs	143298.957834	85.19383400000515	196894.643401	116.5251050000079	31.331271000002744
requirements/process-execution/tests/013.test.mjs	143385.736011	308.8871649999928	197013.240793	467.6802500000049	158.79308500001207
requirements/process-execution/tests/014.test.mjs	143696.32518400002	321.8556830000016	197483.121862	489.43124700000044	167.57556399999885
requirements/process-execution/tests/015.test.mjs	143852.409553	506.158288000006	197639.04407300003	724.7024399999937	218.54415199998766
requirements/process-execution/tests/016.test.mjs	144021.138091	113.22344000000157	197975.05233600002	151.59636999998474	38.37292999998317
requirements/provider-attempt-recovery/tests/001.test.mjs	144135.99085200002	261.6022949999897	198129.184492	423.69364700000733	162.09135200001765
requirements/provider-attempt-recovery/tests/002.test.mjs	144360.548003	277.5251550000103	198366.292078	438.1742610000074	160.64910599999712
requirements/provider-attempt-recovery/tests/003.test.mjs	144399.37617200002	452.7666259999969	198556.068681	677.3490370000072	224.58241100001032
requirements/provider-attempt-recovery/tests/004.test.mjs	144641.479957	426.11981400000514	198807.32537500001	597.5139170000039	171.39410299999872
requirements/provider-attempt-recovery/tests/005.test.mjs	144854.08379200002	527.0432649999857	199236.406644	784.0773449999979	257.0340800000122
requirements/provider-attempt-recovery/tests/006.test.mjs	145069.37496400002	78.8188379999774	199410.081114	104.95711100002518	26.138273000047775
requirements/provider-attempt-recovery/tests/007.test.mjs	145150.307087	287.16681700001936	199517.905807	481.48034500001813	194.31352799999877
requirements/provider-attempt-recovery/tests/008.test.mjs	145386.149362	129.30505500000436	200003.088943	189.0154620000103	59.710407000005944
requirements/provider-attempt-recovery/tests/009.test.mjs	145439.252918	265.9852129999781	200022.61258100002	386.5370149999799	120.55180200000177
requirements/provider-attempt-recovery/tests/010.test.mjs	145517.461587	111.04222600001958	200194.95790600003	134.84274799999548	23.8005219999759
requirements/provider-attempt-recovery/tests/011.test.mjs	145630.30288200002	326.93308499999694	200337.531129	477.32996599999024	150.3968809999933
requirements/provider-attempt-recovery/tests/012.test.mjs	145707.132541	168.22023700000136	200411.680024	217.31472799999756	49.0944909999962
requirements/provider-attempt-recovery/tests/013.test.mjs	145877.549623	77.38241600000765	200631.70612000002	117.95132999998168	40.56891399997403
requirements/provider-attempt-recovery/tests/014.test.mjs	145956.49415	364.813983	200752.149416	519.5733270000201	154.75934400002006
requirements/provider-attempt-recovery/tests/015.test.mjs	145958.72468	266.43264799998724	200817.479568	417.5145490000141	151.08190100002685
requirements/provider-attempt-recovery/tests/016.test.mjs	146226.496084	120.48794699998689	201238.49365000002	130.42890800000168	9.940961000014795
requirements/provider-attempt-recovery/tests/017.test.mjs	146323.216846	110.72656800001278	201274.64248900002	142.4932390000031	31.76667099999031
requirements/provider-attempt-recovery/tests/018.test.mjs	146348.933893	50.04736799999955	201372.042801	63.555280000000494	13.507912000000942
requirements/provider-attempt-recovery/tests/019.test.mjs	146400.50871300002	337.4190649999946	201419.94128	513.4953250000253	176.07626000003074
requirements/provider-attempt-recovery/tests/020.test.mjs	146435.634896	281.00647600000957	201437.99555000002	436.16972999999416	155.1632539999846
requirements/provider-attempt-recovery/tests/021.test.mjs	146718.883056	468.49777900002664	201878.09918100003	679.9546049999772	211.45682599995052
requirements/provider-attempt-recovery/tests/022.test.mjs	146739.547231	67.30006300000241	201937.04699	90.69930500001647	23.399242000014056
requirements/provider-attempt-recovery/tests/023.test.mjs	146807.441272	479.8778300000122	202029.917317	658.359798999998	178.48196899998584
requirements/provider-language/tests/001.test.mjs	147189.730632	106.7614000000176	202560.44868700003	137.90031099997577	31.13891099995817
requirements/provider-language/tests/002.test.mjs	147289.183602	111.27766500000143	202691.206303	149.1837130000058	37.906048000004375
requirements/provider-language/tests/003.test.mjs	147298.406899	104.62875000000349	202700.561078	150.27010500000324	45.64135499999975
requirements/provider-language/tests/004.test.mjs	147402.212478	118.41883700000471	202842.940739	165.45925600000191	47.0404189999972
requirements/provider-language/tests/005.test.mjs	147404.963207	151.73788500000956	202853.657485	208.84968200000003	57.111796999990474
requirements/provider-language/tests/006.test.mjs	147522.175047	102.72101300000213	203010.831715	135.518167000002	32.797153999999864
requirements/provider-language/tests/007.test.mjs	147559.83412	104.62999200000195	203065.01734800002	140.27137199998833	35.641379999986384
requirements/provider-language/tests/008.test.mjs	147628.163315	172.41330099999323	203149.24966700003	241.9428740000003	69.52957300000708
requirements/provider-language/tests/009.test.mjs	147666.7529	195.09308000002056	203207.692528	281.31365999998525	86.22057999996468
requirements/provider-language/tests/010.test.mjs	147802.573455	45.597761999990325	203395.04453900002	59.98000399998273	14.382241999992402
requirements/provider-language/tests/011.test.mjs	147850.471908	49.24247299999115	203457.823661	75.18578900001012	25.943316000018967
requirements/provider-language/tests/012.test.mjs	147863.51425900002	48.64193799998611	203491.505674	61.869069999986095	13.227131999999983
requirements/provider-language/tests/013.test.mjs	147901.47660700002	716.3564279999991	203535.34453700003	934.5543249999755	218.19789699997636
requirements/provider-projection/tests/001.test.mjs	147913.55246	89.21537600000738	203556.06835400002	109.87159500000416	20.65621899999678
requirements/provider-projection/tests/002.test.mjs	148004.571979	80.59935699999915	203669.214752	116.85440500002005	36.255048000020906
requirements/provider-projection/tests/003.test.mjs	148086.280749	220.71043700000155	203787.56203	326.560530000017	105.85009300001548
requirements/provider-projection/tests/004.test.mjs	148309.274001	86.88445599999977	204116.386204	110.11485600000015	23.230400000000373
requirements/provider-projection/tests/005.test.mjs	148397.23792400002	128.63328300000285	204229.20519900002	183.28292399999918	54.649640999996336
requirements/provider-projection/tests/006.test.mjs	148527.909882	87.69064499999513	204414.781397	131.3736370000115	43.682992000016384
requirements/provider-projection/tests/007.test.mjs	148617.153563	52.88212900000508	204472.76765300002	79.38968900000327	26.507559999998193
requirements/provider-projection/tests/008.test.mjs	148619.382004	140.38771399998222	204548.72865300003	219.6649139999936	79.27720000001136
requirements/provider-projection/tests/009.test.mjs	148671.777343	151.5750570000091	204555.0019	216.74351300002309	65.16845600001398
requirements/provider-projection/tests/010.test.mjs	148763.482964	225.85977400001138	204770.608214	348.6288559999957	122.76908199998434
requirements/provider-projection/tests/011.test.mjs	148826.042282	10032.647261999984	204775.458623	13781.338312999986	3748.6910510000016
requirements/provider-projection/tests/012.test.mjs	148992.14020300002	98.01544799999101	205122.006475	144.1474589999998	46.13201100000879
requirements/provider-projection/tests/013.test.mjs	149091.74106	132.53024799999548	205269.14797000002	185.75251599997864	53.22226799998316
requirements/provider-projection/tests/014.test.mjs	149227.340879	209.50564600000507	205457.33323000002	324.6775149999885	115.17186899998342
requirements/relay-assessment/tests/001.test.mjs	149438.932934	75.0945729999803	205784.43335	111.1530999999959	36.0585270000156
requirements/relay-assessment/tests/002.test.mjs	149516.362008	2498.9091009999975	205899.056687	3604.764464000007	1105.8553630000097
requirements/relay-assessment/tests/003.test.mjs	152017.726295	84.65955700000632	209506.46465	110.55993200000376	25.90037499999744
requirements/relay-assessment/tests/004.test.mjs	152103.976118	70.1467470000207	209619.405807	96.66374700001325	26.51699999999255
requirements/relay-assessment/tests/005.test.mjs	152176.177942	80.11680499999784	209720.089749	99.98385700001381	19.867052000015974
requirements/relay-assessment/tests/006.test.mjs	152258.77767100002	1204.9308629999869	209822.80064700003	2038.3170899999968	833.38622700001
requirements/relay-assessment/tests/007.test.mjs	153465.820741	1398.4101599999995	211861.82439000002	2152.2319039999857	753.8217439999862
requirements/relay-assessment/tests/008.test.mjs	154865.15396300002	2023.258078999992	214017.050722	2864.7862859999877	841.5282069999957
requirements/relay-assessment/tests/009.test.mjs	156889.470972	43.102450999984285	216884.39517700003	51.349941999971634	8.247490999987349
requirements/relay-assessment/tests/010.test.mjs	156934.258999	76.70545399998082	216938.27448400002	107.98963999998523	31.28418600000441
requirements/relay-context-projection/tests/001.test.mjs	157012.725194	1552.0790060000145	217049.343549	2218.199255000014	666.1202489999996
requirements/relay-context-projection/tests/002.test.mjs	158566.745012	2633.3358440000156	218559.399848	3680.313918	1046.9780739999842
requirements/relay-context-projection/tests/003.test.mjs	158860.588873	41.86684800000512	219270.659787	69.76036899999599	27.89352099999087
requirements/relay-context-projection/tests/004.test.mjs	158904.39479700002	51.679959999979474	219343.113929	48.24487699999008	-3.4350829999893904
requirements/relay-context-projection/tests/005.test.mjs	158958.379165	1452.9189880000195	219394.12984500002	2078.983585000009	626.0645969999896
requirements/relay-context-projection/tests/006.test.mjs	160413.717469	1435.626298999996	221475.70095700002	2090.6521070000017	655.0258080000058
requirements/relay-context-projection/tests/007.test.mjs	161202.432861	38.85671900000307	222242.25258	50.07763500002329	11.220916000020225
requirements/relay-context-projection/tests/008.test.mjs	161243.39191	1444.6865110000072	222294.75184900002	2030.6555329999828	585.9690219999757
requirements/relay-context-projection/tests/009.test.mjs	161852.543614	49.61285299999872	223570.086065	64.11638900000253	14.503536000003805
requirements/relay-incumbency/tests/001.test.mjs	161904.35701900002	69.22852599999169	223636.69164	92.74478999999701	23.51626400000532
requirements/relay-incumbency/tests/002.test.mjs	161975.53977	85.90444800001569	223734.05187700002	127.44337999998243	41.538931999966735
requirements/relay-incumbency/tests/003.test.mjs	162063.418879	70.85885899999994	223864.051722	96.83353000000352	25.974671000003582
requirements/relay-incumbency/tests/004.test.mjs	162137.130367	67.80347399998573	223963.335586	100.41695900002378	32.613485000038054
requirements/relay-incumbency/tests/005.test.mjs	162207.124264	94.52969999998459	224066.31069500002	99.35724599999958	4.827546000014991
requirements/relay-incumbency/tests/006.test.mjs	162304.065903	84.96047200000612	224168.18797	115.76874400000088	30.80827199999476
requirements/relay-incumbency/tests/008.test.mjs	162390.931728	75.23146700000507	224286.41935900002	107.53270499999053	32.30123799998546
requirements/relay-incumbency/tests/009.test.mjs	162467.971511	73.19551600000705	224328.39806200002	118.1613939999952	44.96587799998815
requirements/relay-incumbency/tests/010.test.mjs	162543.446885	87.53217599997879	224399.457112	104.35375500001828	16.821579000039492
requirements/relay-incumbency/tests/011.test.mjs	162638.1423	92.12973200000124	224449.229564	96.9479360000114	4.818204000010155
requirements/relay-incumbency/tests/012.test.mjs	162690.39867700002	82.867179999972	224506.100821	92.70751500001643	9.840335000044433
requirements/relay-incumbency/tests/013.test.mjs	162731.29623	83.60155699998722	224548.420289	102.00966100001824	18.408104000031017
requirements/relay-retirement/tests/001.test.mjs	162775.145945	42.37269400001969	224601.13766500002	53.763185999996495	11.390491999976803
requirements/relay-retirement/tests/002.test.mjs	162816.54058	1388.0674850000069	224653.062108	1950.1444180000108	562.0769330000039
requirements/relay-retirement/tests/003.test.mjs	162819.189824	1503.4293190000171	224657.283113	2135.593882999994	632.164563999977
requirements/relay-retirement/tests/004.test.mjs	164206.461524	1574.144380999991	226609.613478	2187.14804	613.0036590000091
requirements/relay-retirement/tests/007.test.mjs	164325.142019	87.03087800001958	226796.39817600002	123.26922200000263	36.238343999983044
requirements/relay-retirement/tests/008.test.mjs	164413.934588	2624.0706920000084	226922.1155	3694.172187999997	1070.1014959999884
requirements/relay-retirement/tests/009.test.mjs	165783.047778	710.1658659999957	228801.103665	941.1154170000227	230.949551000027
requirements/repository-investigation/tests/001.test.mjs	166495.785303	53.02053700000397	229745.02554	68.33734399999958	15.316806999995606
requirements/repository-investigation/tests/002.test.mjs	166550.814473	96.62351599999238	229817.58657900002	142.83603599999333	46.21252000000095
requirements/repository-investigation/tests/003.test.mjs	166649.220803	44.63909499999136	229962.83179300002	51.52406100000371	6.884966000012355
requirements/repository-investigation/tests/004.test.mjs	166695.41951500002	44.64913299999898	230017.272929	56.5359120000212	11.886779000022216
requirements/repository-investigation/tests/005.test.mjs	166741.92869	37.990752999990946	230074.813571	61.62915300001623	23.638400000025285
requirements/repository-investigation/tests/006.test.mjs	166781.42743	97.81175200000871	230138.73726800003	143.02159699998447	45.20984499997576
requirements/repository-investigation/tests/007.test.mjs	166880.948821	96.83146400001715	230284.28170400002	149.57266799997888	52.741203999961726
requirements/repository-investigation/tests/008.test.mjs	166979.374459	88.82285899997805	230437.27774000002	141.1704659999814	52.347607000003336
requirements/repository-investigation/tests/009.test.mjs	167039.596782	269.235485000012	230581.153014	345.95899800001644	76.72351300000446
requirements/repository-programming/tests/001.test.mjs	167069.976562	194.4299469999969	230618.615836	282.45048999998835	88.02054299999145
requirements/repository-programming/tests/002.test.mjs	167266.174758	403.777952000004	230902.15503400002	614.5385289999831	210.7605769999791
requirements/repository-programming/tests/003.test.mjs	167310.569479	141.10611100000096	230930.10323200002	198.31314799998654	57.207036999985576
requirements/repository-programming/tests/004.test.mjs	167453.3311	109.04635499999858	231131.25615600002	156.90687700000126	47.860522000002675
requirements/repository-programming/tests/005.test.mjs	167564.334161	162.1512470000016	231288.238824	235.1281580000068	72.9769110000052
requirements/repository-programming/tests/006.test.mjs	167671.858683	338.5117170000158	231519.33745300001	391.44699900000705	52.935281999991275
requirements/repository-programming/tests/007.test.mjs	167728.289673	274.2513260000269	231525.78741000002	405.3515189999889	131.10019299996202
requirements/repository-programming/tests/008.test.mjs	168004.623312	130.87387199999648	231913.98828000002	170.3073259999801	39.43345399998361
requirements/repository-programming/tests/009.test.mjs	168011.837058	113.32814800000051	231933.656052	172.22787100001005	58.899723000009544
requirements/repository-programming/tests/010.test.mjs	168126.71886	135.6818360000034	232086.50230800002	191.2502899999963	55.568453999992926
requirements/repository-programming/tests/011.test.mjs	168137.260015	264.709486000007	232108.313277	391.8534360000049	127.14394999999786
requirements/repository-programming/tests/012.test.mjs	168263.850631	257.16761000000406	232280.444844	406.54887299999245	149.3812629999884
requirements/repository-programming/tests/013.test.mjs	168403.456152	261.2302830000117	232502.807116	395.009790000011	133.77950699999928
requirements/repository-programming/tests/014.test.mjs	168522.707992	272.95295700000133	232688.45236800003	427.86347699997714	154.9105199999758
requirements/repository-programming/tests/015.test.mjs	168666.374485	274.9557649999915	232901.495082	422.8551110000117	147.89934600002016
requirements/repository-programming/tests/016.test.mjs	168797.621877	290.8040069999988	233118.747498	429.41146500001196	138.60745800001314
requirements/repository-programming/tests/017.test.mjs	168943.347117	139.80468200001633	233329.060001	191.97080199999618	52.166119999979855
requirements/repository-programming/tests/018.test.mjs	169085.171492	269.1567670000077	233526.479945	370.00027100002626	100.84350400001858
requirements/repository-programming/tests/019.test.mjs	169091.121707	268.87573699999484	233550.50252100002	376.9739739999932	108.09823699999833
requirements/repository-programming/tests/020.test.mjs	169356.106612	341.4750930000155	233898.91181800002	529.3052939999907	187.8302009999752
requirements/repository-programming/tests/021.test.mjs	169361.837804	42.75081399999908	233929.909537	60.92509100001189	18.174277000012808
requirements/repository-programming/tests/022.test.mjs	169406.418428	130.7230930000078	233991.63805100002	162.87027700000908	32.14718400000129
requirements/repository-programming/tests/023.test.mjs	169538.708003	208.02775700000348	234156.797675	306.9609380000038	98.93318100000033
requirements/repository-programming/tests/024.test.mjs	169699.55119	225.4713580000098	234431.040539	343.1818950000161	117.7105370000063
requirements/repository-programming/tests/025.test.mjs	169748.200143	257.74351100000786	234467.259572	390.32986299999175	132.5863519999839
requirements/repository-programming/tests/026.test.mjs	169926.876276	114.63074799999595	234777.611034	157.9188950000098	43.28814700001385
requirements/repository-programming/tests/027.test.mjs	170007.98159500002	120.27182299998822	234861.04356700002	182.76231499999994	62.49049200001173
requirements/requirement-grounding/tests/001.test.mjs	170043.001012	72.64082100000815	234938.25638500002	108.67075499999919	36.029933999991044
requirements/requirement-grounding/tests/002.test.mjs	170117.169381	73.4003799999773	235046.161678	102.23537400001078	28.834994000033475
requirements/requirement-grounding/tests/003.test.mjs	170130.04750400002	67.22017899999628	235049.486547	103.02587899999344	35.80569999999716
requirements/requirement-grounding/tests/004.test.mjs	170192.07018500002	67.62679699997534	235151.262021	96.31937400001334	28.692577000038
requirements/requirement-grounding/tests/005.test.mjs	170198.887351	326.94180199998664	235155.35679700001	481.950359999988	155.00855800000136
requirements/requirement-grounding/tests/006.test.mjs	170261.745437	2197.5024269999994	235250.02198100003	3077.1402889999736	879.6378619999741
requirements/requirement-grounding/tests/007.test.mjs	170528.99542300001	23671.63918	235640.49487000002	33275.466109	9603.826929000003
requirements/requirement-grounding/tests/008.test.mjs	172461.57854800002	1523.1029109999945	238329.917519	2108.1034919999947	585.0005810000002
requirements/requirement-grounding/tests/009.test.mjs	173988.329654	347.1056779999926	240442.368346	498.2216260000132	151.11594800002058
requirements/requirement-grounding/tests/010.test.mjs	174337.821395	368.45430000001215	240943.20599900003	505.53841499998816	137.084114999976
requirements/requirement-grounding/tests/011.test.mjs	174708.50160000002	4371.742037999997	241451.436556	6578.406891999999	2206.6648540000024
requirements/requirement-grounding/tests/012.test.mjs	179082.197113	6500.68088900001	248032.05216700002	9062.90888100001	2562.227992
requirements/requirement-system/tests/001.test.mjs	185586.78925200002	60.35687199997483	257098.17273000002	76.17329199999222	15.816420000017388
requirements/requirement-system/tests/004.test.mjs	185648.767153	55.743914999999106	257177.043049	71.05659900000319	15.312684000004083
requirements/requirement-system/tests/005.test.mjs	185706.160088	59.207454999996116	257250.843097	63.8742880000209	4.666833000024781
requirements/requirement-system/tests/006.test.mjs	185767.18286600002	57.805340999999316	257317.03299	91.60041300000739	33.795072000008076
requirements/requirement-system/tests/007.test.mjs	185826.74319900002	54.839460999995936	257411.59066900003	75.48339899998973	20.643937999993796
requirements/requirement-system/tests/008.test.mjs	185883.508045	48.17823300001328	257489.912702	73.95115500001702	25.772922000003746
requirements/requirement-system/tests/011.test.mjs	185933.777108	44.05531299998984	257566.945152	54.04975900001591	9.994446000026073
requirements/requirement-system/tests/017.test.mjs	185979.66416800002	1276.313188	257623.339064	1698.8024350000196	422.48924700001953
requirements/requirement-system/tests/018.test.mjs	187258.078534	60.04628400001093	259324.642281	67.1538630000141	7.10757900000317
requirements/semantic-trace/tests/001.test.mjs	187319.975904	301.514743000007	259394.26444700002	391.8968869999808	90.38214399997378
requirements/semantic-trace/tests/002.test.mjs	187623.549122	460.9729619999998	259788.50694400002	677.3520429999917	216.37908099999186
requirements/semantic-trace/tests/003.test.mjs	188086.607465	335.9495689999894	260468.661487	519.0072170000058	183.05764800001634
requirements/semantic-trace/tests/004.test.mjs	188424.683448	248.69210899999598	260990.670278	348.98948400001973	100.29737500002375
requirements/semantic-trace/tests/005.test.mjs	188675.34951200002	236.61769600000116	261342.92562400002	406.28678199998103	169.66908599997987
requirements/semantic-trace/tests/006.test.mjs	188914.938634	246.84522000001743	261751.87239899999	333.45699900004547	86.61177900002804
requirements/semantic-trace/tests/007.test.mjs	189164.63320100002	482.1669759999786	262087.693377	697.0075599999982	214.8405840000196
requirements/semantic-trace/tests/008.test.mjs	189648.944418	41.68737900000997	262787.531616	47.92489300004672	6.237514000036754
requirements/semantic-trace/tests/009.test.mjs	189692.625867	276.28879099999904	262837.897302	307.46736899996176	31.178577999962727
requirements/semantic-trace/tests/010.test.mjs	189971.23672000002	332.5053949999856	263147.712646	529.9472400000086	197.44184500002302
requirements/semantic-trace/tests/011.test.mjs	190305.92869	41.052538999996614	263680.84839400003	65.31400799995754	24.261468999960925
requirements/semantic-trace/tests/012.test.mjs	190349.140373	40.11935300001642	263748.54499100003	61.239088999980595	21.119735999964178
requirements/session-ontology/tests/001.test.mjs	190391.100213	65.49009200002183	263813.252892	89.75337900000159	24.263286999979755
requirements/session-ontology/tests/002.test.mjs	190458.390684	72.77162499999395	263906.021214	99.21575700002722	26.444132000033278
requirements/session-ontology/tests/003.test.mjs	190533.372716	94.14200799999526	264010.072762	114.23886300000595	20.09685500001069
requirements/session-ontology/tests/004.test.mjs	190629.40804	75.04341199999908	264126.733107	93.79407100001117	18.750659000012092
requirements/session-ontology/tests/005.test.mjs	190707.184897	77.07866200001445	264224.36140500003	103.81708399998024	26.738421999965794
requirements/session-ontology/tests/006.test.mjs	190785.801431	138.1774049999949	264331.233045	243.32779700000538	105.15039200001047
requirements/session-ontology/tests/007.test.mjs	190924.904071	96.2535870000138	264577.53016900003	117.05882199999178	20.805234999977984
requirements/session-ontology/tests/008.test.mjs	191022.849797	80.74980200000573	264697.23513600003	110.79421699995873	30.044414999953005
requirements/session-ontology/tests/009.test.mjs	191105.490505	91.08398900000611	264810.917318	105.6413440000033	14.557354999997187
requirements/session-ontology/tests/010.test.mjs	191198.669971	81.09784500001115	264919.403045	86.18985000002431	5.09200500001316
requirements/session-ontology/tests/011.test.mjs	191282.431141	45.422392000007676	265008.10939500004	52.68383399996674	7.261441999959061
requirements/session-ontology/tests/012.test.mjs	191329.63616300002	64.20782499999041	265065.04526700004	108.90411999996286	44.69629499997245
requirements/session-ontology/tests/014.test.mjs	191395.492888	44.43225899999379	265176.383262	58.71555000002263	14.28329100002884
requirements/speculative-investigation/tests/001.test.mjs	191441.758421	252.36366800000542	265239.310965	425.12410700001055	172.76043900000514
requirements/speculative-investigation/tests/002.test.mjs	191696.456151	694.1485260000045	265667.410883	1053.0564090000116	358.90788300000713
requirements/speculative-investigation/tests/003.test.mjs	192392.764583	292.5008689999813	266722.89676800004	347.84864499996183	55.34777599998051
requirements/speculative-investigation/tests/004.test.mjs	192688.31653100002	397.4610209999955	267074.04819500004	533.4748079999699	136.0137869999744
requirements/speculative-investigation/tests/005.test.mjs	193088.65071400002	374.5295449999976	267610.07037100004	546.9140630000038	172.3845180000062
requirements/speculative-investigation/tests/006.test.mjs	193465.862682	426.8900480000011	268159.695809	567.6054160000058	140.71536800000467
requirements/speculative-investigation/tests/007.test.mjs	193893.708066	316.1047270000272	268729.466998	427.395249000052	111.2905220000248
requirements/speculative-investigation/tests/008.test.mjs	194202.524343	348.75622900002054	268918.51541	477.0584690000396	128.30224000001908
requirements/speculative-investigation/tests/009.test.mjs	194211.87148200002	1632.7677649999969	269160.437098	2184.8965069999686	552.1287419999717
requirements/speculative-investigation/tests/010.test.mjs	194554.359463	188.26437600000645	269398.154369	291.2504130000016	102.98603699999512
requirements/speculative-investigation/tests/011.test.mjs	194744.427822	671.9375780000119	269691.689388	952.2689719999908	280.3313939999789
requirements/speculative-investigation/tests/012.test.mjs	195418.665401	681.1367190000019	270647.279132	1025.4236789999995	344.28695999999763
requirements/speculative-investigation/tests/013.test.mjs	195846.951869	3739.2925490000052	271350.562041	5288.550071000005	1549.2575219999999
requirements/speculative-investigation/tests/014.test.mjs	196101.714095	167.47457300001406	271675.328235	259.0473050000146	91.57273200000054
requirements/speculative-investigation/tests/015.test.mjs	196270.95025	967.1107950000151	271937.217428	1409.890756000008	442.7799609999929
requirements/speculative-investigation/tests/016.test.mjs	197240.111821	646.48163200001	273349.618341	934.6300120000378	288.1483800000278
requirements/speculative-investigation/tests/020.test.mjs	197888.985449	361.5029419999919	274286.87719900004	569.4837169999955	207.98077500000363
requirements/sphinx-v2/tests/001.test.mjs	198252.333909	258.547556000005	274858.91641	363.9570899999817	105.4095339999767
requirements/sphinx-v2/tests/002.test.mjs	198512.751008	109.90244900001562	275225.251137	133.75631800002884	23.85386900001322
requirements/sphinx-v2/tests/004.test.mjs	198624.48917400002	250.22595100000035	275362.07555	399.60963199997786	149.3836809999775
requirements/sphinx-v2/tests/007.test.mjs	198876.562133	274.8370550000109	275764.312907	432.50383599998895	157.66678099997807
requirements/sphinx-v2/tests/010.test.mjs	199153.27774000002	631.3017829999735	276199.553769	864.5696130000288	233.26783000005526
requirements/sphinx-v2/tests/011.test.mjs	199588.502194	267.390922999999	276643.787588	385.4142620000057	118.02333900000667
requirements/sphinx-v2/tests/012.test.mjs	199786.384799	43.19118300001719	277031.429036	53.33025900000939	10.139075999992201
requirements/sphinx-v2/tests/013.test.mjs	199831.700571	75.4632500000007	277066.641713	107.53415099997073	32.070900999970036
requirements/sphinx-v2/tests/014.test.mjs	199857.632485	102.74220000000787	277087.403592	141.06682499998715	38.32462499997928
requirements/sphinx-v2/tests/017.test.mjs	199910.13471800002	359.5734930000035	277177.052861	543.1180489999824	183.5445559999789
requirements/sphinx-v2/tests/018.test.mjs	199965.193745	103.400335000013	277232.64669	129.41594400000758	26.015608999994583
requirements/sphinx-v2/tests/019.test.mjs	200071.155035	838.0061630000127	277365.132447	1177.5412379999761	339.5350749999634
requirements/sphinx-v2/tests/020.test.mjs	200271.471798	561.6005029999942	277723.07678	788.2888500000117	226.68834700001753
requirements/sphinx-v2/tests/021.test.mjs	200836.354146	87.01203600000008	278512.673254	111.7960890000104	24.784053000010317
requirements/sphinx-v2/tests/022.test.mjs	200910.01395	40.29075700000976	278545.408847	51.42415400000755	11.133396999997785
requirements/sphinx-v2/tests/023.test.mjs	200924.926792	94.9381519999879	278599.169361	143.879580000008	48.941428000020096
requirements/sphinx-v2/tests/025.test.mjs	200953.120572	94.845135999989	278627.220029	143.59425799996825	48.74912199997925
requirements/sphinx-v2/tests/026.test.mjs	201021.54899500002	96.96183199997176	278744.247755	143.93358299997635	46.97175100000459
requirements/sphinx-v2/tests/029.test.mjs	201049.71939800002	94.66410500000347	278773.67517	136.81973899999866	42.15563399999519
requirements/sphinx-v2/tests/033.test.mjs	201121.027102	1504.5183250000118	278892.14024700003	2267.1512349999975	762.6329099999857
requirements/sphinx-v2/tests/034.test.mjs	201147.670441	103.34355499999947	278913.38554	148.6258820000221	45.28232700002263
requirements/sphinx-v2/tests/036.test.mjs	201252.804568	2131.9540689999994	279065.02128600003	3094.079288000008	962.1252190000087
requirements/structured-workflow/tests/003.test.mjs	202627.381654	119.15272400001413	281163.05448600004	159.4826929999981	40.329968999983976
requirements/structured-workflow/tests/004.test.mjs	202748.310999	115.23817199998302	281324.860608	159.68346199998632	44.4452900000033
requirements/structured-workflow/tests/005.test.mjs	202866.12528500002	416.81337999997777	281486.843374	514.8931190000148	98.07973900003708
requirements/structured-workflow/tests/006.test.mjs	203285.157595	344.4812680000032	282005.11649700004	521.4922249999945	177.01095699999132
requirements/structured-workflow/tests/009.test.mjs	203387.16405	90.94220800002222	282161.834259	132.41683000000194	41.47462199997972
requirements/structured-workflow/tests/010.test.mjs	203480.22642300001	488.4526809999952	282297.206678	585.1820960000041	96.72941500000888
requirements/structured-workflow/tests/011.test.mjs	203631.453658	185.25066900000093	282528.84878400003	299.49391099996865	114.24324199996772
requirements/structured-workflow/tests/012.test.mjs	203818.46748700002	1768.2389979999862	282831.57283900003	2403.2180729999673	634.9790749999811
requirements/structured-workflow/tests/013.test.mjs	203970.44088900002	194.843274999992	282884.83237	248.53710100002354	53.69382600003155
requirements/structured-workflow/tests/014.test.mjs	204167.43452	1248.1449199999915	283135.920464	1714.4667979999795	466.3218779999879
requirements/structured-workflow/tests/015.test.mjs	205418.032432	111.51269500001217	284854.11679	135.4352250000229	23.922530000010738
requirements/structured-workflow/tests/016.test.mjs	205531.347133	45.461072000005515	284992.025083	58.14363800000865	12.682566000003135
requirements/structured-workflow/tests/018.test.mjs	205578.610177	39.02696200000355	285052.729459	57.364465999999084	18.337503999995533
requirements/structured-workflow/tests/019.test.mjs	205588.257778	68.41928699999698	285113.086456	85.18539400002919	16.766107000032207
requirements/time-capability/tests/001.test.mjs	205620.132136	95.83321800001431	285200.731943	131.9183980000089	36.08517999999458
requirements/time-capability/tests/002.test.mjs	205658.253503	47.334800999989966	285237.741523	68.09069099999033	20.755890000000363
requirements/time-capability/tests/003.test.mjs	205707.14858900002	109.53092999997898	285312.089202	141.1144220000133	31.583492000034312
requirements/time-capability/tests/004.test.mjs	205717.529522	181.63407800000277	285335.099314	234.89731600001687	53.2632380000141
requirements/time-capability/tests/005.test.mjs	205819.120038	92.72641300002579	285456.538684	126.32939899998019	33.6029859999544
requirements/time-capability/tests/006.test.mjs	205900.595999	104.2647129999823	285572.865659	151.57873400003882	47.31402100005653
requirements/time-capability/tests/007.test.mjs	205913.286469	101.48871400000644	285585.77372	142.05234600004042	40.56363200003398
requirements/time-capability/tests/008.test.mjs	206006.537037	141.89216099999612	285726.814162	173.76375199999893	31.87159100000281
requirements/verification-system/tests/002.test.mjs	206016.323093	43.38873199999216	285730.215152	59.91048000002047	16.52174800002831
requirements/verification-system/tests/003.test.mjs	206061.369172	281.8081729999976	285792.373037	404.83623800001806	123.02806500002043
requirements/verification-system/tests/004.test.mjs	206149.51636900002	94.33623499999521	285904.186107	124.46546100004343	30.12922600004822
requirements/verification-system/tests/005.test.mjs	206247.121542	2752.5543149999867	286031.795172	4409.480631000013	1656.9263160000264
requirements/verification-system/tests/007.test.mjs	209002.19560500002	472.6967369999911	290443.459217	675.3985990000074	202.70186200001626
requirements/verification-system/tests/008.test.mjs	209476.58092100002	2800.392160999996	291121.458582	4185.341981000034	1384.949820000038
requirements/verification-system/tests/009.test.mjs	212278.79702600001	3058.089704999991	295309.234848	4278.923707000038	1220.834002000047
requirements/verification-system/tests/010.test.mjs	215338.81234	214.49185600000783	299590.270976	330.9991030000383	116.50724700003047
