check	Set up job	﻿2026-10-05T18:19:23.6316541Z Current runner version: '2.337.0'
check	Set up job	2026-10-05T18:19:23.6342302Z ##[group]Runner Image Provisioner
check	Set up job	2026-10-05T18:19:23.6343166Z Hosted Compute Agent
check	Set up job	2026-10-05T18:19:23.6343933Z Version: 20260901.588
check	Set up job	2026-10-05T18:19:23.6344569Z Commit: f88ec8081b781fac6c440065ac7ff9e710ce3d0b
check	Set up job	2026-10-05T18:19:23.6345273Z Build Date: 2026-09-01T19:56:44Z
check	Set up job	2026-10-05T18:19:23.6346085Z Worker ID: {108ab220-09e6-49cd-b543-0a591cc384ad}
check	Set up job	2026-10-05T18:19:23.6346808Z Azure Region: westus
check	Set up job	2026-10-05T18:19:23.6347694Z ##[endgroup]
check	Set up job	2026-10-05T18:19:23.6349243Z ##[group]Operating System
check	Set up job	2026-10-05T18:19:23.6349880Z Ubuntu
check	Set up job	2026-10-05T18:19:23.6350524Z 24.04.5
check	Set up job	2026-10-05T18:19:23.6351039Z LTS
check	Set up job	2026-10-05T18:19:23.6351641Z ##[endgroup]
check	Set up job	2026-10-05T18:19:23.6352240Z ##[group]Runner Image
check	Set up job	2026-10-05T18:19:23.6352849Z Image: ubuntu-24.04
check	Set up job	2026-10-05T18:19:23.6353487Z Version: 20260927.320.1
check	Set up job	2026-10-05T18:19:23.6354555Z Included Software: https://github.com/actions/runner-images/blob/ubuntu24/20260927.320/images/ubuntu/Ubuntu2404-Readme.md
check	Set up job	2026-10-05T18:19:23.6356443Z Image Release: https://github.com/actions/runner-images/releases/tag/ubuntu24%2F20260927.320
check	Set up job	2026-10-05T18:19:23.6357642Z ##[endgroup]
check	Set up job	2026-10-05T18:19:23.6358913Z ##[group]GITHUB_TOKEN Permissions
check	Set up job	2026-10-05T18:19:23.6360809Z Contents: read
check	Set up job	2026-10-05T18:19:23.6361589Z Metadata: read
check	Set up job	2026-10-05T18:19:23.6362145Z Packages: read
check	Set up job	2026-10-05T18:19:23.6362891Z ##[endgroup]
check	Set up job	2026-10-05T18:19:23.6364976Z Secret source: None
check	Set up job	2026-10-05T18:19:23.6365931Z Cache mode: write
check	Set up job	2026-10-05T18:19:23.6366799Z Prepare workflow directory
check	Set up job	2026-10-05T18:19:23.6737851Z Prepare all required actions
check	Set up job	2026-10-05T18:19:23.6798885Z Getting action download info
check	Set up job	2026-10-05T18:19:24.0831374Z Download action repository 'actions/checkout@v4' (SHA:11d5960a326750d5838078e36cf38b85af677262)
check	Set up job	2026-10-05T18:19:24.1707330Z Download action repository 'actions/setup-node@v4' (SHA:49933ea5288caeca8642d1e84afbd3f7d6820020)
check	Set up job	2026-10-05T18:19:24.2671303Z Download action repository 'actions/setup-dotnet@v4' (SHA:67a3573c9a986a3f9c594539f4ab511d57bb3ce9)
check	Set up job	2026-10-05T18:19:24.6858776Z Download action repository 'actions/upload-artifact@v4' (SHA:ea165f8d65b6e75b540449e92b4886f43607fa02)
check	Set up job	2026-10-05T18:19:24.9001069Z Complete job name: check
check	Run actions/checkout@v4	﻿2026-10-05T18:19:24.9875494Z ##[group]Run actions/checkout@v4
check	Run actions/checkout@v4	2026-10-05T18:19:24.9876480Z with:
check	Run actions/checkout@v4	2026-10-05T18:19:24.9877562Z   repository: PamelaSprin47685ghall/vibe-fs
check	Run actions/checkout@v4	2026-10-05T18:19:24.9882229Z   token: ***
check	Run actions/checkout@v4	2026-10-05T18:19:24.9882720Z   ssh-strict: true
check	Run actions/checkout@v4	2026-10-05T18:19:24.9883210Z   ssh-user: git
check	Run actions/checkout@v4	2026-10-05T18:19:24.9883695Z   persist-credentials: true
check	Run actions/checkout@v4	2026-10-05T18:19:24.9884225Z   clean: true
check	Run actions/checkout@v4	2026-10-05T18:19:24.9884708Z   sparse-checkout-cone-mode: true
check	Run actions/checkout@v4	2026-10-05T18:19:24.9885274Z   fetch-depth: 1
check	Run actions/checkout@v4	2026-10-05T18:19:24.9885739Z   fetch-tags: false
check	Run actions/checkout@v4	2026-10-05T18:19:24.9886224Z   show-progress: true
check	Run actions/checkout@v4	2026-10-05T18:19:24.9886714Z   lfs: false
check	Run actions/checkout@v4	2026-10-05T18:19:24.9887164Z   submodules: false
check	Run actions/checkout@v4	2026-10-05T18:19:24.9888066Z   set-safe-directory: true
check	Run actions/checkout@v4	2026-10-05T18:19:24.9888645Z   allow-unsafe-pr-checkout: false
check	Run actions/checkout@v4	2026-10-05T18:19:24.9889602Z ##[endgroup]
check	Run actions/checkout@v4	2026-10-05T18:19:25.0934638Z Syncing repository: PamelaSprin47685ghall/vibe-fs
check	Run actions/checkout@v4	2026-10-05T18:19:25.0936689Z ##[group]Getting Git version info
check	Run actions/checkout@v4	2026-10-05T18:19:25.0937824Z Working directory is '/home/runner/work/vibe-fs/vibe-fs'
check	Run actions/checkout@v4	2026-10-05T18:19:25.0939110Z [command]/usr/bin/git version
check	Run actions/checkout@v4	2026-10-05T18:19:25.0995284Z git version 2.55.0
check	Run actions/checkout@v4	2026-10-05T18:19:25.1016853Z ##[endgroup]
check	Run actions/checkout@v4	2026-10-05T18:19:25.1031649Z Temporarily overriding HOME='/home/runner/work/_temp/2a49d5f5-dc20-4f11-ad5e-a09f0582bcc3' before making global git config changes
check	Run actions/checkout@v4	2026-10-05T18:19:25.1034420Z Adding repository directory to the temporary git global config as a safe directory
check	Run actions/checkout@v4	2026-10-05T18:19:25.1036756Z [command]/usr/bin/git config --global --add safe.directory /home/runner/work/vibe-fs/vibe-fs
check	Run actions/checkout@v4	2026-10-05T18:19:25.1095150Z Deleting the contents of '/home/runner/work/vibe-fs/vibe-fs'
check	Run actions/checkout@v4	2026-10-05T18:19:25.1100348Z ##[group]Initializing the repository
check	Run actions/checkout@v4	2026-10-05T18:19:25.1104276Z [command]/usr/bin/git init /home/runner/work/vibe-fs/vibe-fs
check	Run actions/checkout@v4	2026-10-05T18:19:25.1224986Z hint: Using 'master' as the name for the initial branch. This default branch name
check	Run actions/checkout@v4	2026-10-05T18:19:25.1227105Z hint: will change to "main" in Git 3.0. To configure the initial branch name
check	Run actions/checkout@v4	2026-10-05T18:19:25.1229728Z hint: to use in all of your new repositories, which will suppress this warning,
check	Run actions/checkout@v4	2026-10-05T18:19:25.1231481Z hint: call:
check	Run actions/checkout@v4	2026-10-05T18:19:25.1232621Z hint:
check	Run actions/checkout@v4	2026-10-05T18:19:25.1234236Z hint: 	git config --global init.defaultBranch <name>
check	Run actions/checkout@v4	2026-10-05T18:19:25.1235732Z hint:
check	Run actions/checkout@v4	2026-10-05T18:19:25.1237016Z hint: Names commonly chosen instead of 'master' are 'main', 'trunk' and
check	Run actions/checkout@v4	2026-10-05T18:19:25.1239228Z hint: 'development'. The just-created branch can be renamed via this command:
check	Run actions/checkout@v4	2026-10-05T18:19:25.1240782Z hint:
check	Run actions/checkout@v4	2026-10-05T18:19:25.1241752Z hint: 	git branch -m <name>
check	Run actions/checkout@v4	2026-10-05T18:19:25.1242817Z hint:
check	Run actions/checkout@v4	2026-10-05T18:19:25.1244166Z hint: Disable this message with "git config set advice.defaultBranchName false"
check	Run actions/checkout@v4	2026-10-05T18:19:25.1245623Z Initialized empty Git repository in /home/runner/work/vibe-fs/vibe-fs/.git/
check	Run actions/checkout@v4	2026-10-05T18:19:25.1248046Z [command]/usr/bin/git remote add origin https://github.com/PamelaSprin47685ghall/vibe-fs
check	Run actions/checkout@v4	2026-10-05T18:19:25.1302465Z ##[endgroup]
check	Run actions/checkout@v4	2026-10-05T18:19:25.1303397Z ##[group]Disabling automatic garbage collection
check	Run actions/checkout@v4	2026-10-05T18:19:25.1304143Z [command]/usr/bin/git config --local gc.auto 0
check	Run actions/checkout@v4	2026-10-05T18:19:25.1352041Z ##[endgroup]
check	Run actions/checkout@v4	2026-10-05T18:19:25.1353226Z ##[group]Setting up auth
check	Run actions/checkout@v4	2026-10-05T18:19:25.1360754Z [command]/usr/bin/git config --local --name-only --get-regexp core\.sshCommand
check	Run actions/checkout@v4	2026-10-05T18:19:25.1397333Z [command]/usr/bin/git submodule foreach --recursive sh -c "git config --local --name-only --get-regexp 'core\.sshCommand' && git config --local --unset-all 'core.sshCommand' || :"
check	Run actions/checkout@v4	2026-10-05T18:19:25.1785336Z [command]/usr/bin/git config --local --name-only --get-regexp http\.https\:\/\/github\.com\/\.extraheader
check	Run actions/checkout@v4	2026-10-05T18:19:25.1830198Z [command]/usr/bin/git submodule foreach --recursive sh -c "git config --local --name-only --get-regexp 'http\.https\:\/\/github\.com\/\.extraheader' && git config --local --unset-all 'http.https://github.com/.extraheader' || :"
check	Run actions/checkout@v4	2026-10-05T18:19:25.2134846Z [command]/usr/bin/git config --local --name-only --get-regexp ^includeIf\.gitdir:
check	Run actions/checkout@v4	2026-10-05T18:19:25.2141414Z [command]/usr/bin/git submodule foreach --recursive git config --local --show-origin --name-only --get-regexp remote.origin.url
check	Run actions/checkout@v4	2026-10-05T18:19:25.2328349Z [command]/usr/bin/git config --local http.https://github.com/.extraheader AUTHORIZATION: basic ***
check	Run actions/checkout@v4	2026-10-05T18:19:25.2368455Z ##[endgroup]
check	Run actions/checkout@v4	2026-10-05T18:19:25.2369419Z ##[group]Fetching the repository
check	Run actions/checkout@v4	2026-10-05T18:19:25.2378419Z [command]/usr/bin/git -c protocol.version=2 fetch --no-tags --prune --no-recurse-submodules --depth=1 origin +08ba7bb7e187f3c38cd240f87cf0111bee828430:refs/remotes/pull/53/merge
check	Run actions/checkout@v4	2026-10-05T18:19:28.4246524Z From https://github.com/PamelaSprin47685ghall/vibe-fs
check	Run actions/checkout@v4	2026-10-05T18:19:28.4252680Z  * [new ref]         08ba7bb7e187f3c38cd240f87cf0111bee828430 -> pull/53/merge
check	Run actions/checkout@v4	2026-10-05T18:19:28.4254925Z ##[endgroup]
check	Run actions/checkout@v4	2026-10-05T18:19:28.4255675Z ##[group]Determining the checkout info
check	Run actions/checkout@v4	2026-10-05T18:19:28.4256320Z ##[endgroup]
check	Run actions/checkout@v4	2026-10-05T18:19:28.4261156Z [command]/usr/bin/git sparse-checkout disable
check	Run actions/checkout@v4	2026-10-05T18:19:28.4324056Z [command]/usr/bin/git config --local --unset-all extensions.worktreeConfig
check	Run actions/checkout@v4	2026-10-05T18:19:28.4355716Z ##[group]Checking out the ref
check	Run actions/checkout@v4	2026-10-05T18:19:28.4359913Z [command]/usr/bin/git checkout --progress --force refs/remotes/pull/53/merge
check	Run actions/checkout@v4	2026-10-05T18:19:28.8411549Z Note: switching to 'refs/remotes/pull/53/merge'.
check	Run actions/checkout@v4	2026-10-05T18:19:28.8412230Z 
check	Run actions/checkout@v4	2026-10-05T18:19:28.8412641Z You are in 'detached HEAD' state. You can look around, make experimental
check	Run actions/checkout@v4	2026-10-05T18:19:28.8413579Z changes and commit them, and you can discard any commits you make in this
check	Run actions/checkout@v4	2026-10-05T18:19:28.8414502Z state without impacting any branches by switching back to a branch.
check	Run actions/checkout@v4	2026-10-05T18:19:28.8418664Z 
check	Run actions/checkout@v4	2026-10-05T18:19:28.8419107Z If you want to create a new branch to retain commits you create, you may
check	Run actions/checkout@v4	2026-10-05T18:19:28.8420490Z do so (now or later) by using -c with the switch command. Example:
check	Run actions/checkout@v4	2026-10-05T18:19:28.8421012Z 
check	Run actions/checkout@v4	2026-10-05T18:19:28.8421244Z   git switch -c <new-branch-name>
check	Run actions/checkout@v4	2026-10-05T18:19:28.8421620Z 
check	Run actions/checkout@v4	2026-10-05T18:19:28.8421853Z Or undo this operation with:
check	Run actions/checkout@v4	2026-10-05T18:19:28.8422177Z 
check	Run actions/checkout@v4	2026-10-05T18:19:28.8422373Z   git switch -
check	Run actions/checkout@v4	2026-10-05T18:19:28.8422714Z 
check	Run actions/checkout@v4	2026-10-05T18:19:28.8423143Z Turn off this advice by setting config variable advice.detachedHead to false
check	Run actions/checkout@v4	2026-10-05T18:19:28.8423762Z 
check	Run actions/checkout@v4	2026-10-05T18:19:28.8424423Z HEAD is now at 08ba7bb Merge a15d3549c3586d080cfdb64ce85ab2d463cae9db into e7a60a76927672d435a8c418ca199b0eed073ace
check	Run actions/checkout@v4	2026-10-05T18:19:28.8447240Z ##[endgroup]
check	Run actions/checkout@v4	2026-10-05T18:19:28.8493685Z [command]/usr/bin/git log -1 --format=%H
check	Run actions/checkout@v4	2026-10-05T18:19:28.8521475Z 08ba7bb7e187f3c38cd240f87cf0111bee828430
check	Run actions/setup-node@v4	﻿2026-10-05T18:19:28.8806312Z ##[group]Run actions/setup-node@v4
check	Run actions/setup-node@v4	2026-10-05T18:19:28.8806694Z with:
check	Run actions/setup-node@v4	2026-10-05T18:19:28.8806975Z   node-version: 22
check	Run actions/setup-node@v4	2026-10-05T18:19:28.8807238Z   cache: npm
check	Run actions/setup-node@v4	2026-10-05T18:19:28.8807856Z   always-auth: false
check	Run actions/setup-node@v4	2026-10-05T18:19:28.8808142Z   check-latest: false
check	Run actions/setup-node@v4	2026-10-05T18:19:28.8811143Z   token: ***
check	Run actions/setup-node@v4	2026-10-05T18:19:28.8811426Z ##[endgroup]
check	Run actions/setup-node@v4	2026-10-05T18:19:29.0235919Z Found in cache @ /opt/hostedtoolcache/node/22.23.3/x64
check	Run actions/setup-node@v4	2026-10-05T18:19:29.0241396Z (node:2323) [DEP0040] DeprecationWarning: The `punycode` module is deprecated. Please use a userland alternative instead.
check	Run actions/setup-node@v4	2026-10-05T18:19:29.0242509Z (Use `node --trace-deprecation ...` to show where the warning was created)
check	Run actions/setup-node@v4	2026-10-05T18:19:29.0252241Z ##[group]Environment details
check	Run actions/setup-node@v4	2026-10-05T18:19:29.4207810Z node: v22.23.3
check	Run actions/setup-node@v4	2026-10-05T18:19:29.4208139Z npm: 10.9.9
check	Run actions/setup-node@v4	2026-10-05T18:19:29.4208347Z yarn: 1.22.22
check	Run actions/setup-node@v4	2026-10-05T18:19:29.4208904Z ##[endgroup]
check	Run actions/setup-node@v4	2026-10-05T18:19:29.4230790Z [command]/opt/hostedtoolcache/node/22.23.3/x64/bin/npm config get cache
check	Run actions/setup-node@v4	2026-10-05T18:19:29.5338003Z /home/runner/.npm
check	Run actions/setup-node@v4	2026-10-05T18:19:29.8182882Z npm cache is not found
check	Run actions/setup-dotnet@v4	﻿2026-10-05T18:19:29.8332420Z ##[group]Run actions/setup-dotnet@v4
check	Run actions/setup-dotnet@v4	2026-10-05T18:19:29.8332721Z with:
check	Run actions/setup-dotnet@v4	2026-10-05T18:19:29.8332934Z   global-json-file: global.json
check	Run actions/setup-dotnet@v4	2026-10-05T18:19:29.8333185Z   cache: false
check	Run actions/setup-dotnet@v4	2026-10-05T18:19:29.8333389Z ##[endgroup]
check	Run actions/setup-dotnet@v4	2026-10-05T18:19:29.9737206Z (node:2366) [DEP0040] DeprecationWarning: The `punycode` module is deprecated. Please use a userland alternative instead.
check	Run actions/setup-dotnet@v4	2026-10-05T18:19:29.9738515Z (Use `node --trace-deprecation ...` to show where the warning was created)
check	Run actions/setup-dotnet@v4	2026-10-05T18:19:29.9755885Z [command]/home/runner/work/_actions/actions/setup-dotnet/v4/externals/install-dotnet.sh --skip-non-versioned-files --runtime dotnet --channel LTS
check	Run actions/setup-dotnet@v4	2026-10-05T18:19:30.4367864Z dotnet-install: .NET Core Runtime with version '10.0.12' is already installed.
check	Run actions/setup-dotnet@v4	2026-10-05T18:19:30.4446346Z [command]/home/runner/work/_actions/actions/setup-dotnet/v4/externals/install-dotnet.sh --skip-non-versioned-files --channel 10.0
check	Run actions/setup-dotnet@v4	2026-10-05T18:19:30.8165513Z dotnet-install: .NET Core SDK with version '10.0.401' is already installed.
check	Run npm ci	﻿2026-10-05T18:19:30.8319964Z ##[group]Run npm ci
check	Run npm ci	2026-10-05T18:19:30.8320287Z ^[[36;1mnpm ci^[[0m
check	Run npm ci	2026-10-05T18:19:30.8578653Z shell: /usr/bin/bash -e {0}
check	Run npm ci	2026-10-05T18:19:30.8578991Z env:
check	Run npm ci	2026-10-05T18:19:30.8579240Z   DOTNET_ROOT: /usr/share/dotnet
check	Run npm ci	2026-10-05T18:19:30.8579554Z ##[endgroup]
check	Run npm ci	2026-10-05T18:19:33.8553265Z npm warn deprecated glob@10.5.0: Old versions of glob are not supported, and contain widely publicized security vulnerabilities, which have been fixed in the current version. Please update. Support for old versions may be purchased (at exorbitant rates) by contacting i@izs.me
check	Run npm ci	2026-10-05T18:19:38.4997580Z 
check	Run npm ci	2026-10-05T18:19:38.4999148Z added 236 packages, and audited 237 packages in 8s
check	Run npm ci	2026-10-05T18:19:38.4999656Z 
check	Run npm ci	2026-10-05T18:19:38.5000173Z 63 packages are looking for funding
check	Run npm ci	2026-10-05T18:19:38.5000866Z   run `npm fund` for details
check	Run npm ci	2026-10-05T18:19:38.5129506Z 
check	Run npm ci	2026-10-05T18:19:38.5130336Z 10 vulnerabilities (3 moderate, 7 high)
check	Run npm ci	2026-10-05T18:19:38.5130771Z 
check	Run npm ci	2026-10-05T18:19:38.5131461Z To address issues that do not require attention, run:
check	Run npm ci	2026-10-05T18:19:38.5131889Z   npm audit fix
check	Run npm ci	2026-10-05T18:19:38.5132026Z 
check	Run npm ci	2026-10-05T18:19:38.5132252Z Some issues need review, and may require choosing
check	Run npm ci	2026-10-05T18:19:38.5132626Z a different dependency.
check	Run npm ci	2026-10-05T18:19:38.5132785Z 
check	Run npm ci	2026-10-05T18:19:38.5132925Z Run `npm audit` for details.
check	Run dotnet tool restore	﻿2026-10-05T18:19:38.5703465Z ##[group]Run dotnet tool restore
check	Run dotnet tool restore	2026-10-05T18:19:38.5703807Z ^[[36;1mdotnet tool restore^[[0m
check	Run dotnet tool restore	2026-10-05T18:19:38.5773726Z shell: /usr/bin/bash -e {0}
check	Run dotnet tool restore	2026-10-05T18:19:38.5773994Z env:
check	Run dotnet tool restore	2026-10-05T18:19:38.5774202Z   DOTNET_ROOT: /usr/share/dotnet
check	Run dotnet tool restore	2026-10-05T18:19:38.5774469Z ##[endgroup]
check	Run dotnet tool restore	2026-10-05T18:19:47.3561831Z Tool 'fantomas' (version '6.3.0') was restored. Available commands: fantomas
check	Run dotnet tool restore	2026-10-05T18:19:47.3563441Z Tool 'fable' (version '5.13.0') was restored. Available commands: fable
check	Run dotnet tool restore	2026-10-05T18:19:47.3567674Z 
check	Run dotnet tool restore	2026-10-05T18:19:47.3570316Z A newer version of tool 'fantomas' is available (version '8.0.7'). Consider updating your manifest file.
check	Run dotnet tool restore	2026-10-05T18:19:47.3571838Z A newer version of tool 'fable' is available (version '5.19.0'). Consider updating your manifest file.
check	Run dotnet tool restore	2026-10-05T18:19:47.3572538Z 
check	Run dotnet tool restore	2026-10-05T18:19:47.3573040Z Restore was successful.
check	Run verification	﻿2026-10-05T18:19:47.3731882Z ##[group]Run set -x
check	Run verification	2026-10-05T18:19:47.3732170Z ^[[36;1mset -x^[[0m
check	Run verification	2026-10-05T18:19:47.3732435Z ^[[36;1mif node scripts/verify.mjs --release; then^[[0m
check	Run verification	2026-10-05T18:19:47.3732747Z ^[[36;1m  exit 0^[[0m
check	Run verification	2026-10-05T18:19:47.3732949Z ^[[36;1melse^[[0m
check	Run verification	2026-10-05T18:19:47.3733152Z ^[[36;1m  CODE=$?^[[0m
check	Run verification	2026-10-05T18:19:47.3733421Z ^[[36;1m  echo "::error::verify:release exited with $CODE"^[[0m
check	Run verification	2026-10-05T18:19:47.3733913Z ^[[36;1m  find .fable-build/verify-logs/ -type f -name "*.log" | sort | while read -r file; do^[[0m
check	Run verification	2026-10-05T18:19:47.3734469Z ^[[36;1m    echo "::error file=$file::$(head -n 1 "$file") | $(tail -n 1 "$file")"^[[0m
check	Run verification	2026-10-05T18:19:47.3734837Z ^[[36;1m  done^[[0m
check	Run verification	2026-10-05T18:19:47.3735039Z ^[[36;1m  exit $CODE^[[0m
check	Run verification	2026-10-05T18:19:47.3735263Z ^[[36;1mfi^[[0m
check	Run verification	2026-10-05T18:19:47.3797092Z shell: /usr/bin/bash -e {0}
check	Run verification	2026-10-05T18:19:47.3797586Z env:
check	Run verification	2026-10-05T18:19:47.3797801Z   DOTNET_ROOT: /usr/share/dotnet
check	Run verification	2026-10-05T18:19:47.3798085Z   NODE_TEST_CONCURRENCY: 2
check	Run verification	2026-10-05T18:19:47.3798333Z   UNIT_VERDICT_SILENCE_MS: 30000
check	Run verification	2026-10-05T18:19:47.3798608Z ##[endgroup]
check	Run verification	2026-10-05T18:19:47.3898654Z + node scripts/verify.mjs --release
check	Run verification	2026-10-05T18:19:47.8629985Z 
check	Run verification	2026-10-05T18:19:47.8630759Z === verify: release  inputs=495ae777c02acbeb ===
check	Run verification	2026-10-05T18:19:48.0566817Z Analyzing
check	Run verification	2026-10-05T18:19:49.0573078Z   0% [0 / 1] [1 running] format:check
check	Run verification	2026-10-05T18:20:00.6252901Z   format:check   OK  12.8s
check	Run verification	2026-10-05T18:20:01.1672147Z Analyzing
check	Run verification	2026-10-05T18:20:02.1680044Z   0% [0 / 1] [1 running] check
check	Run verification	2026-10-05T18:20:07.3339657Z shard-edge-audit (report-only): 518 finding(s) [high=92 medium=3 low=423]
check	Run verification	2026-10-05T18:20:07.3341176Z   Set SHARD_EDGE_AUDIT_STRICT=1 to make this gate fail. Findings:
check	Run verification	2026-10-05T18:20:07.3344575Z   [low] src/Wanxiangshu/Wanxiangshu.Owner.action-affordance.opencode-tools-executortoolsurface.fsproj -> Wanxiangshu.Owner.behavior-diagnosis.enforcer-continuation.fsproj: type-name 'Context' (src/Wanxiangshu/OpenCode/Tools/ChronicleTool.fsi:3, src/Wanxiangshu/OpenCode/Tools/ChronicleTool.fs:4)
check	Run verification	2026-10-05T18:20:07.3356324Z   [high] src/Wanxiangshu/Wanxiangshu.Owner.action-affordance.opencode-tools-executortoolsurface.fsproj -> Wanxiangshu.Owner.action-affordance.opencode-tools-statictools.fsproj: module-prefix 'StaticTools' (src/Wanxiangshu/OpenCode/Tools/AssumeTool.fs:25)
check	Run verification	2026-10-05T18:20:07.3362052Z   [low] src/Wanxiangshu/Wanxiangshu.Owner.action-affordance.opencode-tools-statictools.fsproj -> Wanxiangshu.Owner.change-integration.git-integrationgate.fsproj: type-name 'Orchestrator' (src/Wanxiangshu/OpenCode/Tools/StaticTools.fs:153, src/Wanxiangshu/OpenCode/Tools/StaticTools.fs:154, src/Wanxiangshu/OpenCode/Tools/StaticTools.fs:155)
check	Run verification	2026-10-05T18:20:07.3368161Z   [low] src/Wanxiangshu/Wanxiangshu.Owner.action-affordance.persistence-runtime-path.fsproj -> Wanxiangshu.Owner.opencode-plugin.plugin-composition.fsproj: type-name 'Host' (src/Wanxiangshu/Persistence/Journal/RuntimePath.fs:6)
check	Run verification	2026-10-05T18:20:07.3382059Z   [low] src/Wanxiangshu/Wanxiangshu.Owner.behavior-diagnosis.enforcer-codec.fsproj -> Wanxiangshu.Owner.behavior-diagnosis.enforcer-continuation.fsproj: type-name 'Context' (src/Wanxiangshu/Enforcer/Cycle/Commit.fsi:18, src/Wanxiangshu/Enforcer/Cycle/Commit.fsi:26, src/Wanxiangshu/Enforcer/Cycle/Commit.fs:6)
check	Run verification	2026-10-05T18:20:07.3387310Z   [high] src/Wanxiangshu/Wanxiangshu.Owner.behavior-diagnosis.enforcer-codec.fsproj -> Wanxiangshu.Owner.durable-composition.composition-durable-contextfact.fsproj: module-prefix 'ContextFact' (src/Wanxiangshu/Enforcer/Cycle/Commit.fs:188, src/Wanxiangshu/Enforcer/Cycle/Commit.fs:330)
check	Run verification	2026-10-05T18:20:07.3393301Z   [low] src/Wanxiangshu/Wanxiangshu.Owner.behavior-diagnosis.enforcer-codec.fsproj -> Wanxiangshu.Owner.knowledge-reuse.repository-knowledge-casebook-model.fsproj: type-name 'Entry' (src/Wanxiangshu/Enforcer/ObservationSurface.fs:49, src/Wanxiangshu/Enforcer/ObservationSurface.fs:66, src/Wanxiangshu/Enforcer/ObservationSurface.fs:281)
check	Run verification	2026-10-05T18:20:07.3399123Z   [low] src/Wanxiangshu/Wanxiangshu.Owner.behavior-diagnosis.enforcer-codec.fsproj -> Wanxiangshu.Owner.epistemic-reasoning.sphinx-v2-core.fsproj: type-name 'ObservationProjection' (src/Wanxiangshu/Enforcer/ObservationSurface.fs:303, src/Wanxiangshu/Enforcer/ObservationSurface.fs:308)
check	Run verification	2026-10-05T18:20:07.3404217Z   [low] src/Wanxiangshu/Wanxiangshu.Owner.behavior-diagnosis.enforcer-codec.fsproj -> Wanxiangshu.Owner.dispatch-protocol.dispatch-runtime.fsproj: type-name 'Runtime' (src/Wanxiangshu/Enforcer/Cycle/Commit.fs:10)
check	Run verification	2026-10-05T18:20:07.3408090Z   [low] src/Wanxiangshu/Wanxiangshu.Owner.behavior-diagnosis.enforcer-continuation.fsproj -> Wanxiangshu.Owner.epistemic-reasoning.sphinx-v2-core.fsproj: type-name 'Attempt' (src/Wanxiangshu/Enforcer/Cycle/Recovery.fs:17, src/Wanxiangshu/Enforcer/Continuation.fs:17)
check	Run verification	2026-10-05T18:20:07.3412596Z   [low] src/Wanxiangshu/Wanxiangshu.Owner.behavior-diagnosis.enforcer-continuation.fsproj -> Wanxiangshu.Owner.opencode-plugin.plugin-composition.fsproj: type-name 'Host' (src/Wanxiangshu/Enforcer/Cycle/Recovery.fs:15, src/Wanxiangshu/Enforcer/Continuation.fs:15, src/Wanxiangshu/Enforcer/BlogSurface.fs:15)
check	Run verification	2026-10-05T18:20:07.3417339Z   [low] src/Wanxiangshu/Wanxiangshu.Owner.behavior-diagnosis.enforcer-projection.fsproj -> Wanxiangshu.Owner.context-compression.context-companion-companionfactfold.fsproj: static-member 'Companion' (src/Wanxiangshu/Enforcer/Observation.fsi:3, src/Wanxiangshu/Enforcer/Observation.fs:3)
check	Run verification	2026-10-05T18:20:07.3421731Z   [low] src/Wanxiangshu/Wanxiangshu.Owner.behavior-diagnosis.enforcer-projection.fsproj -> Wanxiangshu.Owner.context-compression.context-companion-companionfactfold.fsproj: type-name 'Companion' (src/Wanxiangshu/Enforcer/Observation.fsi:3, src/Wanxiangshu/Enforcer/Observation.fs:3)
check	Run verification	2026-10-05T18:20:07.3424000Z   [low] src/Wanxiangshu/Wanxiangshu.Owner.behavior-diagnosis.enforcer-projection.fsproj -> Wanxiangshu.Owner.behavior-diagnosis.enforcer-continuation.fsproj: type-name 'Context' (src/Wanxiangshu/Enforcer/Observation.fsi:3, src/Wanxiangshu/Enforcer/Observation.fs:3)
check	Run verification	2026-10-05T18:20:07.3426243Z   [low] src/Wanxiangshu/Wanxiangshu.Owner.behavior-diagnosis.enforcer-projection.fsproj -> Wanxiangshu.Owner.epistemic-reasoning.sphinx-v2-core.fsproj: type-name 'ObservationProjection' (src/Wanxiangshu/Enforcer/Observation.fsi:7, src/Wanxiangshu/Enforcer/Observation.fs:15)
check	Run verification	2026-10-05T18:20:07.3429125Z   [low] src/Wanxiangshu/Wanxiangshu.Owner.behavior-diagnosis.enforcer-repair.fsproj -> Wanxiangshu.Owner.context-compression.context-companion-companionfactfold.fsproj: static-member 'Companion' (src/Wanxiangshu/Enforcer/Repair.fsi:11, src/Wanxiangshu/Enforcer/Repair.fs:4, src/Wanxiangshu/Enforcer/Cycle/BloggerProbe.fsi:45)
check	Run verification	2026-10-05T18:20:07.3432779Z   [low] src/Wanxiangshu/Wanxiangshu.Owner.behavior-diagnosis.enforcer-repair.fsproj -> Wanxiangshu.Owner.context-compression.context-companion-companionfactfold.fsproj: type-name 'Companion' (src/Wanxiangshu/Enforcer/Repair.fsi:11, src/Wanxiangshu/Enforcer/Repair.fs:4, src/Wanxiangshu/Enforcer/Cycle/BloggerProbe.fsi:45)
check	Run verification	2026-10-05T18:20:07.3435481Z   [low] src/Wanxiangshu/Wanxiangshu.Owner.behavior-diagnosis.enforcer-repair.fsproj -> Wanxiangshu.Owner.behavior-diagnosis.enforcer-continuation.fsproj: type-name 'Context' (src/Wanxiangshu/Enforcer/Repair.fsi:11, src/Wanxiangshu/Enforcer/Repair.fs:4, src/Wanxiangshu/Enforcer/Cycle/BloggerProbe.fsi:45)
check	Run verification	2026-10-05T18:20:07.3439762Z   [low] src/Wanxiangshu/Wanxiangshu.Owner.behavior-diagnosis.enforcer-repair.fsproj -> Wanxiangshu.Owner.interaction-authority.interaction-authority-projection-queries.fsproj: type-name 'DispatchStatus' (src/Wanxiangshu/Enforcer/Cycle/BloggerProbe.fs:147, src/Wanxiangshu/Enforcer/Cycle/BloggerProbe.fs:148, src/Wanxiangshu/Enforcer/Cycle/BloggerProbe.fs:149)
check	Run verification	2026-10-05T18:20:07.3443924Z   [low] src/Wanxiangshu/Wanxiangshu.Owner.behavior-diagnosis.enforcer-repair.fsproj -> Wanxiangshu.Owner.opencode-plugin.plugin-composition.fsproj: type-name 'Host' (src/Wanxiangshu/Enforcer/Repair.fs:8)
check	Run verification	2026-10-05T18:20:07.3446430Z   [high] src/Wanxiangshu/Wanxiangshu.Owner.behavior-diagnosis.enforcer-repair.fsproj -> Wanxiangshu.Owner.interaction-authority.interaction-authority-projection-queries.fsproj: module-prefix 'PromptAuthorityProjectionQueries' (src/Wanxiangshu/Enforcer/Cycle/BloggerProbe.fs:33, src/Wanxiangshu/Enforcer/Cycle/BloggerProbe.fs:120, src/Wanxiangshu/Enforcer/Cycle/BloggerProbe.fs:121)
check	Run verification	2026-10-05T18:20:07.3450733Z   [low] src/Wanxiangshu/Wanxiangshu.Owner.behavior-diagnosis.enforcer-repair.fsproj -> Wanxiangshu.Owner.dispatch-protocol.dispatch-runtime.fsproj: static-member 'Runtime' (src/Wanxiangshu/Enforcer/Repair.fsi:11)
check	Run verification	2026-10-05T18:20:07.3454138Z   [low] src/Wanxiangshu/Wanxiangshu.Owner.behavior-diagnosis.enforcer-repair.fsproj -> Wanxiangshu.Owner.dispatch-protocol.dispatch-runtime.fsproj: type-name 'Runtime' (src/Wanxiangshu/Enforcer/Repair.fsi:11, src/Wanxiangshu/Enforcer/Repair.fs:4, src/Wanxiangshu/Enforcer/Cycle/BloggerProbe.fs:5)
check	Run verification	2026-10-05T18:20:07.3456814Z   [low] src/Wanxiangshu/Wanxiangshu.Owner.capability-enforcement.opencode-host-managedagentconfig.fsproj -> Wanxiangshu.Owner.behavior-diagnosis.enforcer-continuation.fsproj: type-name 'Context' (src/Wanxiangshu/OpenCode/Host/ManagedAgentConfig.fs:8, src/Wanxiangshu/OpenCode/Host/ManagedAgentConfig.fs:9, src/Wanxiangshu/OpenCode/Host/ManagedAgentConfig.fs:10)
check	Run verification	2026-10-05T18:20:07.3459960Z   [low] src/Wanxiangshu/Wanxiangshu.Owner.capability-enforcement.opencode-host-managedagentconfig.fsproj -> Wanxiangshu.Owner.opencode-plugin.plugin-composition.fsproj: type-name 'Host' (src/Wanxiangshu/OpenCode/Host/ManagedAgentConfig.fs:19, src/Wanxiangshu/OpenCode/Tools/ToolRegistry.fsi:10, src/Wanxiangshu/OpenCode/Tools/ToolRegistry.fs:17)
check	Run verification	2026-10-05T18:20:07.3462363Z   [low] src/Wanxiangshu/Wanxiangshu.Owner.capability-enforcement.opencode-host-managedagentconfig.fsproj -> Wanxiangshu.Owner.opencode-plugin.plugin-composition.fsproj: static-member 'Host' (src/Wanxiangshu/OpenCode/Tools/ToolRegistry.fs:17)
check	Run verification	2026-10-05T18:20:07.3464922Z   [low] src/Wanxiangshu/Wanxiangshu.Owner.causal-wait.execution-session-wait-proof-surface.fsproj -> Wanxiangshu.Owner.process-execution.process-processrequest.fsproj: type-name 'PtyId' (src/Wanxiangshu/Execution/Session/Wait/Surface.fs:353, src/Wanxiangshu/Execution/Session/Wait/Surface.fs:359, src/Wanxiangshu/Execution/Session/Wait/Surface.fs:367)
check	Run verification	2026-10-05T18:20:07.3467917Z   [low] src/Wanxiangshu/Wanxiangshu.Owner.causal-wait.execution-session-wait-proof-surface.fsproj -> Wanxiangshu.Owner.dispatch-protocol.dispatch-runtime.fsproj: static-member 'Runtime' (src/Wanxiangshu/Execution/Session/Wait/Surface.fs:237, src/Wanxiangshu/Execution/Session/Wait/Surface.fs:241, src/Wanxiangshu/Execution/Session/Wait/Surface.fs:271)
check	Run verification	2026-10-05T18:20:07.3470654Z   [low] src/Wanxiangshu/Wanxiangshu.Owner.causal-wait.execution-session-wait-proof-surface.fsproj -> Wanxiangshu.Owner.dispatch-protocol.dispatch-runtime.fsproj: type-name 'Runtime' (src/Wanxiangshu/Execution/Session/Wait/Surface.fs:16, src/Wanxiangshu/Execution/Session/Wait/Surface.fs:237, src/Wanxiangshu/Execution/Session/Wait/Surface.fs:241)
check	Run verification	2026-10-05T18:20:07.3473616Z   [low] src/Wanxiangshu/Wanxiangshu.Owner.causal-wait.execution-session-wait-proof-surface.fsproj -> Wanxiangshu.Owner.epistemic-reasoning.sphinx-v2-integration.fsproj: type-name 'RuntimeHandle' (src/Wanxiangshu/Execution/Session/Wait/Surface.fs:15, src/Wanxiangshu/Execution/Session/Wait/Surface.fs:211, src/Wanxiangshu/Execution/Session/Wait/Surface.fs:236)
check	Run verification	2026-10-05T18:20:07.3476106Z   [low] src/Wanxiangshu/Wanxiangshu.Owner.change-integration.change-fact.fsproj -> Wanxiangshu.Owner.change-integration.git-integrationgate.fsproj: type-name 'Orchestrator' (src/Wanxiangshu/Change/Fact.fs:9, src/Wanxiangshu/Change/Fact.fs:12, src/Wanxiangshu/Change/Fact.fs:15)
check	Run verification	2026-10-05T18:20:07.3479100Z   [low] src/Wanxiangshu/Wanxiangshu.Owner.change-integration.change-orchestrator-port-adapter.fsproj -> Wanxiangshu.Owner.change-integration.git-integrationgate.fsproj: type-name 'Orchestrator' (src/Wanxiangshu/Change/Orchestrator/OrchestratorJournalAdapter.fs:14, src/Wanxiangshu/Change/Orchestrator/OrchestratorJournalAdapter.fs:17, src/Wanxiangshu/Change/Orchestrator/OrchestratorJournalAdapter.fs:22)
check	Run verification	2026-10-05T18:20:07.3481871Z   [low] src/Wanxiangshu/Wanxiangshu.Owner.change-integration.git-integrationgate.fsproj -> Wanxiangshu.Owner.behavior-diagnosis.enforcer-continuation.fsproj: type-name 'Context' (src/Wanxiangshu/Change/Host/Types.fsi:12, src/Wanxiangshu/Change/Host/Types.fs:12)
check	Run verification	2026-10-05T18:20:07.3484172Z   [low] src/Wanxiangshu/Wanxiangshu.Owner.change-integration.git-integrationgate.fsproj -> Wanxiangshu.Owner.opencode-plugin.plugin-composition.fsproj: type-name 'Host' (src/Wanxiangshu/Git/IntegrationGate.fs:8, src/Wanxiangshu/Change/Program.fs:9, src/Wanxiangshu/Change/Host/GitAdapter.fsi:1)
check	Run verification	2026-10-05T18:20:07.3486521Z   [low] src/Wanxiangshu/Wanxiangshu.Owner.change-integration.git-integrationgate.fsproj -> Wanxiangshu.Owner.opencode-plugin.plugin-composition.fsproj: static-member 'Host' (src/Wanxiangshu/Change/Host/Surface.fs:373, src/Wanxiangshu/Change/Host/Surface.fs:376, src/Wanxiangshu/Change/Host/Surface.fs:382)
check	Run verification	2026-10-05T18:20:07.3494444Z   [medium] src/Wanxiangshu/Wanxiangshu.Owner.change-integration.git-integrationgate.fsproj -> Wanxiangshu.Owner.action-affordance.opencode-tools-executortoolsurface.fsproj, Wanxiangshu.Owner.attention-regulation.interaction-attention-fold.fsproj, Wanxiangshu.Owner.capability-enforcement.opencode-host-managedagentconfig.fsproj, Wanxiangshu.Owner.concern-routing.interaction-concern-fold.fsproj, Wanxiangshu.Owner.delegation.execution-delegation-hostturnobservedsurface.fsproj, Wanxiangshu.Owner.institutional-learning.enforcer-institutionallearning-fold.fsproj, Wanxiangshu.Owner.interaction.opencode-tools-filemutationtools.fsproj, Wanxiangshu.Owner.intra-participant-parallelism.execution-fission-opencode-host.fsproj, Wanxiangshu.Owner.knowledge-reuse.opencode-tools-bookkeepertool.fsproj, Wanxiangshu.Owner.knowledge-reuse.opencode-tools-fetchtool.fsproj, Wanxiangshu.Owner.participant-horizon.execution-session-opencode-horizontool.fsproj, Wanxiangshu.Owner.process-execution.opencode-tools-ptytool.fsproj, Wanxiangshu.Owner.relay-assessment.mission-relay-reviewtool.fsproj, Wanxiangshu.Owner.relay-retirement.mission-relay-suicidetool.fsproj, Wanxiangshu.Owner.repository-programming.repository-programming-js-capability.fsproj: module-prefix 'Path' (src/Wanxiangshu/Git/IntegrationGate.fs:46, src/Wanxiangshu/Git/IntegrationGate.fs:46, src/Wanxiangshu/Change/Runtime.fs:113)
check	Run verification	2026-10-05T18:20:07.3502163Z   [low] src/Wanxiangshu/Wanxiangshu.Owner.cognitive-environment.resources-promptresources.fsproj -> Wanxiangshu.Owner.change-integration.git-integrationgate.fsproj: type-name 'Orchestrator' (src/Wanxiangshu/Resources/PromptResources.fs:11, src/Wanxiangshu/Resources/PromptResources.fs:89)
check	Run verification	2026-10-05T18:20:07.3504291Z   [low] src/Wanxiangshu/Wanxiangshu.Owner.cognitive-environment.resources-promptsurface.fsproj -> Wanxiangshu.Owner.change-integration.git-integrationgate.fsproj: type-name 'Orchestrator' (src/Wanxiangshu/Resources/PromptSurface.fs:89)
check	Run verification	2026-10-05T18:20:07.3506799Z   [low] src/Wanxiangshu/Wanxiangshu.Owner.context-compression.companion-host-blogger.fsproj -> Wanxiangshu.Owner.epistemic-reasoning.sphinx-v2-core.fsproj: type-name 'Attempt' (src/Wanxiangshu/Context/Companion/HostBlogger.fs:8, src/Wanxiangshu/Context/Companion/HostBlogger.fs:34, src/Wanxiangshu/Context/Companion/JournalPort.fs:8)
check	Run verification	2026-10-05T18:20:07.3511224Z   [low] src/Wanxiangshu/Wanxiangshu.Owner.context-compression.companion-host-blogger.fsproj -> Wanxiangshu.Owner.behavior-diagnosis.enforcer-continuation.fsproj: type-name 'Context' (src/Wanxiangshu/Context/Companion/HostBlogger.fsi:1, src/Wanxiangshu/Context/Companion/HostBlogger.fsi:4, src/Wanxiangshu/Context/Companion/HostBlogger.fs:1)
check	Run verification	2026-10-05T18:20:07.3514192Z   [high] src/Wanxiangshu/Wanxiangshu.Owner.context-compression.companion-host-blogger.fsproj -> Wanxiangshu.Owner.epistemic-reasoning.sphinx-v2-core.fsproj: module-prefix 'Context' (src/Wanxiangshu/Context/Companion/Blogger/Runtime/Coordinator.fs:157, src/Wanxiangshu/Context/Companion/Blogger/Runtime/Coordinator.fs:159, src/Wanxiangshu/Context/Companion/Blogger/Runtime/Coordinator.fs:177)
check	Run verification	2026-10-05T18:20:07.3517193Z   [low] src/Wanxiangshu/Wanxiangshu.Owner.context-compression.companion-host-blogger.fsproj -> Wanxiangshu.Owner.opencode-plugin.plugin-composition.fsproj: type-name 'Host' (src/Wanxiangshu/Context/Companion/HostBlogger.fs:29, src/Wanxiangshu/Context/Companion/HostBlogger.fs:38, src/Wanxiangshu/Context/Companion/JournalPort.fs:20)
check	Run verification	2026-10-05T18:20:07.3520227Z   [low] src/Wanxiangshu/Wanxiangshu.Owner.context-compression.context-companion-companionfactfold.fsproj -> Wanxiangshu.Owner.behavior-diagnosis.enforcer-continuation.fsproj: type-name 'Context' (src/Wanxiangshu/Context/Companion/Model.fsi:1, src/Wanxiangshu/Context/Companion/Model.fsi:4, src/Wanxiangshu/Context/Companion/Model.fsi:5)
check	Run verification	2026-10-05T18:20:07.3523132Z   [low] src/Wanxiangshu/Wanxiangshu.Owner.context-compression.context-companion-fact.fsproj -> Wanxiangshu.Owner.epistemic-reasoning.sphinx-v2-core.fsproj: type-name 'Attempt' (src/Wanxiangshu/Participant/Provider/Attempt/TerminalValidity.fsi:1, src/Wanxiangshu/Participant/Provider/Attempt/TerminalValidity.fs:1, src/Wanxiangshu/Context/Companion/Blogger/Runtime/CycleProjection.fsi:6)
check	Run verification	2026-10-05T18:20:07.3526159Z   [low] src/Wanxiangshu/Wanxiangshu.Owner.context-compression.context-companion-fact.fsproj -> Wanxiangshu.Owner.context-compression.context-companion-companionfactfold.fsproj: static-member 'Companion' (src/Wanxiangshu/Context/Companion/Blogger/Toml.fsi:1, src/Wanxiangshu/Context/Companion/Blogger/Toml.fs:1, src/Wanxiangshu/Context/Companion/Blogger/ItemWire.fsi:1)
check	Run verification	2026-10-05T18:20:07.3529344Z   [low] src/Wanxiangshu/Wanxiangshu.Owner.context-compression.context-companion-fact.fsproj -> Wanxiangshu.Owner.context-compression.context-companion-companionfactfold.fsproj: type-name 'Companion' (src/Wanxiangshu/Context/Companion/Blogger/Toml.fsi:1, src/Wanxiangshu/Context/Companion/Blogger/Toml.fs:1, src/Wanxiangshu/Context/Companion/Blogger/ItemWire.fsi:1)
check	Run verification	2026-10-05T18:20:07.3532176Z   [low] src/Wanxiangshu/Wanxiangshu.Owner.context-compression.context-companion-fact.fsproj -> Wanxiangshu.Owner.behavior-diagnosis.enforcer-continuation.fsproj: type-name 'Context' (src/Wanxiangshu/Context/Companion/Blogger/Toml.fsi:1, src/Wanxiangshu/Context/Companion/Blogger/Toml.fs:1, src/Wanxiangshu/Context/Companion/Blogger/ItemWire.fsi:1)
check	Run verification	2026-10-05T18:20:07.3534924Z   [low] src/Wanxiangshu/Wanxiangshu.Owner.context-compression.context-companion-fact.fsproj -> Wanxiangshu.Owner.knowledge-reuse.repository-knowledge-casebook-model.fsproj: type-name 'Entry' (src/Wanxiangshu/Context/Companion/Blogger/Projection.fsi:8, src/Wanxiangshu/Context/Companion/Blogger/Projection.fs:15)
check	Run verification	2026-10-05T18:20:07.3537656Z   [low] src/Wanxiangshu/Wanxiangshu.Owner.context-compression.context-companion-fact.fsproj -> Wanxiangshu.Owner.opencode-plugin.plugin-composition.fsproj: type-name 'Host' (src/Wanxiangshu/Host/CompactionPolicy.fsi:1, src/Wanxiangshu/Host/CompactionPolicy.fs:1, src/Wanxiangshu/Context/Companion/Blogger/Request.fs:5)
check	Run verification	2026-10-05T18:20:07.3540450Z   [low] src/Wanxiangshu/Wanxiangshu.Owner.context-compression.context-companion-fact.fsproj -> Wanxiangshu.Owner.dispatch-protocol.dispatch-runtime.fsproj: type-name 'Runtime' (src/Wanxiangshu/Context/Companion/Blogger/Runtime/CycleProjection.fsi:1, src/Wanxiangshu/Context/Companion/Blogger/Runtime/CycleProjection.fs:1)
check	Run verification	2026-10-05T18:20:07.3543074Z   [low] src/Wanxiangshu/Wanxiangshu.Owner.context-compression.context-companion-fact.fsproj -> Wanxiangshu.Owner.action-affordance.runtime.fsproj: type-name 'Tool' (src/Wanxiangshu/Context/Companion/Blogger/ItemWire.fsi:7, src/Wanxiangshu/Context/Companion/Blogger/ItemWire.fs:14, src/Wanxiangshu/Context/Companion/Blogger/ItemWire.fs:47)
check	Run verification	2026-10-05T18:20:07.3546078Z   [high] src/Wanxiangshu/Wanxiangshu.Owner.context-compression.context-companion-fact.fsproj -> Wanxiangshu.Owner.provider-language.participant-provider-language.fsproj, Wanxiangshu.Owner.provider-language.participant-provider-languagesurface.fsproj, Wanxiangshu.Owner.runtime-platform.language.fsproj: open 'Wanxiangshu.Participant.Provider' (src/Wanxiangshu/Context/Companion/Builder.fs:6)
check	Run verification	2026-10-05T18:20:07.3549774Z   [high] src/Wanxiangshu/Wanxiangshu.Owner.context-compression.context-companion-fact.fsproj -> Wanxiangshu.Owner.provider-language.participant-provider-language.fsproj, Wanxiangshu.Owner.provider-language.participant-provider-languagesurface.fsproj, Wanxiangshu.Owner.runtime-platform.language.fsproj: qualified 'Wanxiangshu.Participant.Provider' (src/Wanxiangshu/Context/Companion/Builder.fs:6)
check	Run verification	2026-10-05T18:20:07.3552641Z   [low] src/Wanxiangshu/Wanxiangshu.Owner.context-compression.context-companion-facts.fsproj -> Wanxiangshu.Owner.context-compression.context-companion-companionfactfold.fsproj: type-name 'Companion' (src/Wanxiangshu/Context/Companion/Facts.fsi:1, src/Wanxiangshu/Context/Companion/Facts.fs:1)
check	Run verification	2026-10-05T18:20:07.3555339Z   [low] src/Wanxiangshu/Wanxiangshu.Owner.context-compression.context-companion-facts.fsproj -> Wanxiangshu.Owner.behavior-diagnosis.enforcer-continuation.fsproj: type-name 'Context' (src/Wanxiangshu/Context/Companion/Facts.fsi:1, src/Wanxiangshu/Context/Companion/Facts.fs:1)
check	Run verification	2026-10-05T18:20:07.3559963Z   [low] src/Wanxiangshu/Wanxiangshu.Owner.context-compression.context-companion-fold.fsproj -> Wanxiangshu.Owner.context-compression.context-companion-companionfactfold.fsproj: type-name 'Companion' (src/Wanxiangshu/Context/Companion/CompanionFactFold.fsi:1, src/Wanxiangshu/Context/Companion/CompanionFactFold.fs:1)
check	Run verification	2026-10-05T18:20:07.3565063Z   [low] src/Wanxiangshu/Wanxiangshu.Owner.context-compression.context-companion-fold.fsproj -> Wanxiangshu.Owner.behavior-diagnosis.enforcer-continuation.fsproj: type-name 'Context' (src/Wanxiangshu/Context/Companion/CompanionFactFold.fsi:1, src/Wanxiangshu/Context/Companion/CompanionFactFold.fsi:3, src/Wanxiangshu/Context/Companion/CompanionFactFold.fs:1)
check	Run verification	2026-10-05T18:20:07.3570250Z   [low] src/Wanxiangshu/Wanxiangshu.Owner.context-compression.context-companion-foldsurface.fsproj -> Wanxiangshu.Owner.epistemic-reasoning.sphinx-v2-core.fsproj: type-name 'Attempt' (src/Wanxiangshu/Context/Companion/Blogger/OpenCode/PluginScope.fs:25, src/Wanxiangshu/Context/Companion/Blogger/OpenCode/PluginScope.fs:38)
check	Run verification	2026-10-05T18:20:07.3575287Z   [low] src/Wanxiangshu/Wanxiangshu.Owner.context-compression.context-companion-foldsurface.fsproj -> Wanxiangshu.Owner.behavior-diagnosis.enforcer-continuation.fsproj: type-name 'Context' (src/Wanxiangshu/Context/Companion/Blogger/OpenCode/PluginScope.fsi:1, src/Wanxiangshu/Context/Companion/Blogger/OpenCode/PluginScope.fsi:6, src/Wanxiangshu/Context/Companion/Blogger/OpenCode/PluginScope.fsi:7)
check	Run verification	2026-10-05T18:20:07.3578609Z   [high] src/Wanxiangshu/Wanxiangshu.Owner.context-compression.context-companion-foldsurface.fsproj -> Wanxiangshu.Owner.speculative-investigation.strength-event-vocabulary-contract.fsproj: module-prefix 'Delegation' (src/Wanxiangshu/Context/Companion/Blogger/OpenCode/PluginScope.fs:15, src/Wanxiangshu/Context/Companion/Blogger/OpenCode/PluginScope.fs:30)
check	Run verification	2026-10-05T18:20:07.3581501Z   [low] src/Wanxiangshu/Wanxiangshu.Owner.context-compression.context-companion-foldsurface.fsproj -> Wanxiangshu.Owner.opencode-plugin.plugin-composition.fsproj: type-name 'Host' (src/Wanxiangshu/Context/Companion/Blogger/OpenCode/PluginScope.fs:20, src/Wanxiangshu/Context/Companion/Blogger/MainContext.fs:11)
check	Run verification	2026-10-05T18:20:07.3584150Z   [low] src/Wanxiangshu/Wanxiangshu.Owner.context-compression.context-companion-runtimesurface.fsproj -> Wanxiangshu.Owner.behavior-diagnosis.enforcer-continuation.fsproj: type-name 'Context' (src/Wanxiangshu/Context/Companion/Transform.fsi:1, src/Wanxiangshu/Context/Companion/Transform.fsi:5, src/Wanxiangshu/Context/Companion/Transform.fsi:6)
check	Run verification	2026-10-05T18:20:07.3586953Z   [low] src/Wanxiangshu/Wanxiangshu.Owner.context-compression.context-companion-runtimesurface.fsproj -> Wanxiangshu.Owner.opencode-plugin.plugin-composition.fsproj: type-name 'Host' (src/Wanxiangshu/OpenCode/Host/HostCompactionGate.fsi:5, src/Wanxiangshu/OpenCode/Host/HostCompactionGate.fs:11, src/Wanxiangshu/OpenCode/Host/HostCompactionObserver.fsi:5)
check	Run verification	2026-10-05T18:20:07.3589852Z   [low] src/Wanxiangshu/Wanxiangshu.Owner.context-compression.runtime.fsproj -> Wanxiangshu.Owner.epistemic-reasoning.sphinx-v2-core.fsproj: type-name 'Attempt' (src/Wanxiangshu/Context/Companion/FoldSurface.fs:22, src/Wanxiangshu/Context/Companion/CompressionSurface.fs:13)
check	Run verification	2026-10-05T18:20:07.3591860Z   [high] src/Wanxiangshu/Wanxiangshu.Owner.context-compression.runtime.fsproj -> Wanxiangshu.Owner.epistemic-reasoning.sphinx-v2-core.fsproj: module-prefix 'Budget' (src/Wanxiangshu/Context/Companion/FoldSurface.fs:338)
check	Run verification	2026-10-05T18:20:07.3594176Z   [low] src/Wanxiangshu/Wanxiangshu.Owner.context-compression.runtime.fsproj -> Wanxiangshu.Owner.behavior-diagnosis.enforcer-continuation.fsproj: type-name 'Context' (src/Wanxiangshu/Context/Companion/Blogger/TomlSurface.fsi:1, src/Wanxiangshu/Context/Companion/Blogger/TomlSurface.fs:1, src/Wanxiangshu/Context/Companion/Blogger/DeltaSurface.fsi:1)
check	Run verification	2026-10-05T18:20:07.3596973Z   [low] src/Wanxiangshu/Wanxiangshu.Owner.context-compression.runtime.fsproj -> Wanxiangshu.Owner.knowledge-reuse.repository-knowledge-casebook-model.fsproj: type-name 'Entry' (src/Wanxiangshu/Context/Companion/Blogger/FrameSurface.fs:30, src/Wanxiangshu/Context/Companion/Blogger/FrameSurface.fs:43, src/Wanxiangshu/Context/Companion/Blogger/FrameSurface.fs:149)
check	Run verification	2026-10-05T18:20:07.3599968Z   [low] src/Wanxiangshu/Wanxiangshu.Owner.context-compression.runtime.fsproj -> Wanxiangshu.Owner.opencode-plugin.plugin-composition.fsproj: type-name 'Host' (src/Wanxiangshu/Host/Contract/CompactionPolicySurface.fsi:1, src/Wanxiangshu/Host/Contract/CompactionPolicySurface.fs:1, src/Wanxiangshu/Host/Contract/CompactionPolicySurface.fs:4)
check	Run verification	2026-10-05T18:20:07.3602345Z   [low] src/Wanxiangshu/Wanxiangshu.Owner.context-compression.runtime.fsproj -> Wanxiangshu.Owner.opencode-plugin.plugin-composition.fsproj: static-member 'Host' (src/Wanxiangshu/Context/Companion/FoldSurface.fs:18, src/Wanxiangshu/Context/Companion/FoldSurface.fs:19)
check	Run verification	2026-10-05T18:20:07.3604271Z   [low] src/Wanxiangshu/Wanxiangshu.Owner.context-compression.runtime.fsproj -> Wanxiangshu.Owner.change-integration.git-integrationgate.fsproj: type-name 'ManagerJob' (src/Wanxiangshu/Context/Companion/FoldSurface.fs:314)
check	Run verification	2026-10-05T18:20:07.3606563Z   [high] src/Wanxiangshu/Wanxiangshu.Owner.context-compression.runtime.fsproj -> Wanxiangshu.Owner.epistemic-reasoning.sphinx-v2-core.fsproj: module-prefix 'Profile' (src/Wanxiangshu/Context/Companion/CompressionSurface.fs:198, src/Wanxiangshu/Context/Companion/CompressionSurface.fs:206, src/Wanxiangshu/Context/Companion/CompressionSurface.fs:207)
check	Run verification	2026-10-05T18:20:07.3609390Z   [low] src/Wanxiangshu/Wanxiangshu.Owner.context-compression.runtime.fsproj -> Wanxiangshu.Owner.action-affordance.runtime.fsproj: type-name 'Tool' (src/Wanxiangshu/Context/Companion/Blogger/TomlSurface.fsi:17, src/Wanxiangshu/Context/Companion/Blogger/TomlSurface.fs:17, src/Wanxiangshu/Context/Companion/Blogger/TomlSurface.fs:36)
check	Run verification	2026-10-05T18:20:07.3611862Z   [low] src/Wanxiangshu/Wanxiangshu.Owner.degeneration-guard.execution-session-loopdetector.fsproj -> Wanxiangshu.Owner.dispatch-protocol.foundation-llm-facing.fsproj: type-name 'Field' (src/Wanxiangshu/Execution/Session/LoopDetectorSurface.fs:79)
check	Run verification	2026-10-05T18:20:07.3614328Z   [low] src/Wanxiangshu/Wanxiangshu.Owner.delegation.delegation-host-adapter.fsproj -> Wanxiangshu.Owner.epistemic-reasoning.sphinx-v2-core.fsproj: type-name 'Attempt' (src/Wanxiangshu/Execution/Delegation/SyncDelegate/Runtime.fsi:14, src/Wanxiangshu/Execution/Delegation/SyncDelegate/Runtime.fs:10, src/Wanxiangshu/Execution/Delegation/SyncDelegate/Runtime.fs:32)
check	Run verification	2026-10-05T18:20:07.3617584Z   [low] src/Wanxiangshu/Wanxiangshu.Owner.delegation.delegation-host-adapter.fsproj -> Wanxiangshu.Owner.context-compression.context-companion-companionfactfold.fsproj: static-member 'Companion' (src/Wanxiangshu/Execution/Delegation/SyncDelegate/Runtime.fs:3, src/Wanxiangshu/Execution/Delegation/SyncDelegate/Runtime.fs:19, src/Wanxiangshu/Execution/Delegation/Fork/Host/PendingRun.fs:4)
check	Run verification	2026-10-05T18:20:07.3620942Z   [low] src/Wanxiangshu/Wanxiangshu.Owner.delegation.delegation-host-adapter.fsproj -> Wanxiangshu.Owner.context-compression.context-companion-companionfactfold.fsproj: type-name 'Companion' (src/Wanxiangshu/Execution/Delegation/SyncDelegate/Runtime.fs:3, src/Wanxiangshu/Execution/Delegation/SyncDelegate/Runtime.fs:18, src/Wanxiangshu/Execution/Delegation/SyncDelegate/Runtime.fs:19)
check	Run verification	2026-10-05T18:20:07.3623913Z   [low] src/Wanxiangshu/Wanxiangshu.Owner.delegation.delegation-host-adapter.fsproj -> Wanxiangshu.Owner.behavior-diagnosis.enforcer-continuation.fsproj: type-name 'Context' (src/Wanxiangshu/Execution/Delegation/SyncDelegate/Runtime.fsi:6, src/Wanxiangshu/Execution/Delegation/SyncDelegate/Runtime.fs:3, src/Wanxiangshu/Execution/Delegation/SyncDelegate/Runtime.fs:18)
check	Run verification	2026-10-05T18:20:07.3628312Z   [high] src/Wanxiangshu/Wanxiangshu.Owner.delegation.delegation-host-adapter.fsproj -> Wanxiangshu.Owner.speculative-investigation.strength-event-vocabulary-contract.fsproj: module-prefix 'Delegation' (src/Wanxiangshu/Execution/Delegation/SyncDelegate/Runtime.fsi:1, src/Wanxiangshu/Execution/Delegation/SyncDelegate/Runtime.fs:1, src/Wanxiangshu/Execution/Delegation/SyncDelegate/Runtime.fs:23)
check	Run verification	2026-10-05T18:20:07.3631480Z   [low] src/Wanxiangshu/Wanxiangshu.Owner.delegation.delegation-host-adapter.fsproj -> Wanxiangshu.Owner.opencode-plugin.plugin-composition.fsproj: type-name 'Host' (src/Wanxiangshu/Execution/Delegation/SyncDelegate/Runtime.fs:27, src/Wanxiangshu/Execution/Delegation/SyncDelegate/Runtime.fs:35, src/Wanxiangshu/Execution/Delegation/Fork/Host/PendingRun.fsi:1)
check	Run verification	2026-10-05T18:20:07.3634416Z   [high] src/Wanxiangshu/Wanxiangshu.Owner.delegation.delegation-joinguard-port.fsproj -> Wanxiangshu.Owner.speculative-investigation.strength-event-vocabulary-contract.fsproj: module-prefix 'Delegation' (src/Wanxiangshu/Execution/Delegation/Fork/OpenCode/HostJoinGuardJournalPort.fsi:1, src/Wanxiangshu/Execution/Delegation/Fork/OpenCode/HostJoinGuardJournalPort.fs:1)
check	Run verification	2026-10-05T18:20:07.3637590Z   [high] src/Wanxiangshu/Wanxiangshu.Owner.delegation.delegation-linkage-projection.fsproj -> Wanxiangshu.Owner.epistemic-reasoning.sphinx-v2-core.fsproj: module-prefix 'Work' (src/Wanxiangshu/Execution/Delegation/LinkageProjection.fs:469, src/Wanxiangshu/Execution/Delegation/LinkageProjection.fs:583, src/Wanxiangshu/Execution/Delegation/LinkageProjection.fs:592)
check	Run verification	2026-10-05T18:20:07.3640722Z   [high] src/Wanxiangshu/Wanxiangshu.Owner.delegation.delegation-pty-adapter.fsproj -> Wanxiangshu.Owner.speculative-investigation.strength-event-vocabulary-contract.fsproj: module-prefix 'Delegation' (src/Wanxiangshu/Execution/Delegation/Fork/Host/Pty.fsi:1, src/Wanxiangshu/Execution/Delegation/Fork/Host/Pty.fs:1)
check	Run verification	2026-10-05T18:20:07.3643625Z   [low] src/Wanxiangshu/Wanxiangshu.Owner.delegation.delegation-pty-adapter.fsproj -> Wanxiangshu.Owner.opencode-plugin.plugin-composition.fsproj: type-name 'Host' (src/Wanxiangshu/Execution/Delegation/Fork/Host/Pty.fsi:1, src/Wanxiangshu/Execution/Delegation/Fork/Host/Pty.fs:1)
check	Run verification	2026-10-05T18:20:07.3646389Z   [high] src/Wanxiangshu/Wanxiangshu.Owner.delegation.delegation-recovery-runtime.fsproj -> Wanxiangshu.Owner.speculative-investigation.strength-event-vocabulary-contract.fsproj: module-prefix 'Delegation' (src/Wanxiangshu/Execution/Delegation/Fork/ChildRecovery.fsi:1, src/Wanxiangshu/Execution/Delegation/Fork/ChildRecovery.fs:1, src/Wanxiangshu/Execution/Delegation/Handle/CompletionCodec.fsi:1)
check	Run verification	2026-10-05T18:20:07.3649828Z   [high] src/Wanxiangshu/Wanxiangshu.Owner.delegation.delegation-sync-runtime.fsproj -> Wanxiangshu.Owner.speculative-investigation.strength-event-vocabulary-contract.fsproj: module-prefix 'Delegation' (src/Wanxiangshu/Execution/Delegation/SyncDelegate/Wait.fsi:1, src/Wanxiangshu/Execution/Delegation/SyncDelegate/Wait.fs:1, src/Wanxiangshu/Execution/Delegation/SyncDelegate/Store.fsi:1)
check	Run verification	2026-10-05T18:20:07.3652511Z   [low] src/Wanxiangshu/Wanxiangshu.Owner.delegation.execution-delegation-fact.fsproj -> Wanxiangshu.Owner.process-execution.process-processrequest.fsproj: type-name 'Command' (src/Wanxiangshu/Execution/Delegation/Fork/Model.fsi:37, src/Wanxiangshu/Execution/Delegation/Fork/Model.fs:50)
check	Run verification	2026-10-05T18:20:07.3654919Z   [low] src/Wanxiangshu/Wanxiangshu.Owner.delegation.execution-delegation-fact.fsproj -> Wanxiangshu.Owner.behavior-diagnosis.enforcer-continuation.fsproj: type-name 'Context' (src/Wanxiangshu/Execution/Delegation/Handoff.fsi:4, src/Wanxiangshu/Execution/Delegation/Handoff.fs:6)
check	Run verification	2026-10-05T18:20:07.3657307Z   [high] src/Wanxiangshu/Wanxiangshu.Owner.delegation.execution-delegation-fact.fsproj -> Wanxiangshu.Owner.speculative-investigation.strength-event-vocabulary-contract.fsproj: module-prefix 'Delegation' (src/Wanxiangshu/Execution/Delegation/Fork/Model.fsi:1, src/Wanxiangshu/Execution/Delegation/Fork/Model.fs:1)
check	Run verification	2026-10-05T18:20:07.3659967Z   [low] src/Wanxiangshu/Wanxiangshu.Owner.delegation.execution-delegation-fact.fsproj -> Wanxiangshu.Owner.process-execution.process-processrequest.fsproj: type-name 'PtyId' (src/Wanxiangshu/Execution/Delegation/Fork/Model.fsi:35, src/Wanxiangshu/Execution/Delegation/Fork/Model.fs:48)
check	Run verification	2026-10-05T18:20:07.3663042Z   [low] src/Wanxiangshu/Wanxiangshu.Owner.delegation.execution-delegation-fork-runtime.fsproj -> Wanxiangshu.Owner.epistemic-reasoning.sphinx-v2-core.fsproj: type-name 'Assignment' (src/Wanxiangshu/Execution/Delegation/Fork/Payload.fsi:6, src/Wanxiangshu/Execution/Delegation/Fork/Payload.fs:16, src/Wanxiangshu/Execution/Delegation/Fork/Payload.fs:58)
check	Run verification	2026-10-05T18:20:07.3665436Z   [low] src/Wanxiangshu/Wanxiangshu.Owner.delegation.execution-delegation-fork-runtime.fsproj -> Wanxiangshu.Owner.epistemic-reasoning.sphinx-v2-core.fsproj: static-member 'Assignment' (src/Wanxiangshu/Execution/Delegation/Fork/Payload.fs:58)
check	Run verification	2026-10-05T18:20:07.3668565Z   [high] src/Wanxiangshu/Wanxiangshu.Owner.delegation.execution-delegation-fork-runtime.fsproj -> Wanxiangshu.Owner.speculative-investigation.strength-event-vocabulary-contract.fsproj: module-prefix 'Delegation' (src/Wanxiangshu/Execution/Delegation/Fork/Payload.fsi:1, src/Wanxiangshu/Execution/Delegation/Fork/Payload.fs:1, src/Wanxiangshu/Execution/Delegation/Fork/RuntimeContract.fsi:1)
check	Run verification	2026-10-05T18:20:07.3671116Z   [low] src/Wanxiangshu/Wanxiangshu.Owner.delegation.execution-delegation-fork-runtime.fsproj -> Wanxiangshu.Owner.process-execution.process-processrequest.fsproj: type-name 'PtyId' (src/Wanxiangshu/Execution/Delegation/Fork/Runtime.fs:260)
check	Run verification	2026-10-05T18:20:07.3673906Z   [low] src/Wanxiangshu/Wanxiangshu.Owner.delegation.execution-delegation-hostturnobservedsurface.fsproj -> Wanxiangshu.Owner.opencode-plugin.plugin-composition.fsproj: type-name 'Host' (src/Wanxiangshu/Execution/Delegation/Join.fsi:5, src/Wanxiangshu/Execution/Delegation/Join.fs:8, src/Wanxiangshu/Execution/Delegation/Fork/OpenCode/JoinResultRenderer.fs:9)
check	Run verification	2026-10-05T18:20:07.3676444Z   [low] src/Wanxiangshu/Wanxiangshu.Owner.delegation.execution-delegation-ledger.fsproj -> Wanxiangshu.Owner.behavior-diagnosis.enforcer-continuation.fsproj: type-name 'Context' (src/Wanxiangshu/Execution/Delegation/HandoffLedger.fs:6)
check	Run verification	2026-10-05T18:20:07.3679351Z   [high] src/Wanxiangshu/Wanxiangshu.Owner.delegation.execution-delegation-syncdelegate-model.fsproj -> Wanxiangshu.Owner.speculative-investigation.strength-event-vocabulary-contract.fsproj: module-prefix 'Delegation' (src/Wanxiangshu/Execution/Delegation/SyncDelegate/Model.fsi:1, src/Wanxiangshu/Execution/Delegation/SyncDelegate/Model.fs:1, src/Wanxiangshu/Execution/Delegation/HandoffIdentity.fsi:3)
check	Run verification	2026-10-05T18:20:07.3682453Z   [low] src/Wanxiangshu/Wanxiangshu.Owner.delegation.execution-delegation-syncdelegate-model.fsproj -> Wanxiangshu.Owner.process-execution.process-processrequest.fsproj: type-name 'PtyId' (src/Wanxiangshu/Execution/Session/AgentCompletion.fsi:31, src/Wanxiangshu/Execution/Session/AgentCompletion.fsi:36, src/Wanxiangshu/Execution/Session/AgentCompletion.fsi:43)
check	Run verification	2026-10-05T18:20:07.3685324Z   [high] src/Wanxiangshu/Wanxiangshu.Owner.delegation.join-attempt-registry.fsproj -> Wanxiangshu.Owner.speculative-investigation.strength-event-vocabulary-contract.fsproj: module-prefix 'Delegation' (src/Wanxiangshu/Execution/Delegation/Handle/JoinInterruptRegistry.fsi:1, src/Wanxiangshu/Execution/Delegation/Handle/JoinInterruptRegistry.fs:1)
check	Run verification	2026-10-05T18:20:07.3688352Z   [low] src/Wanxiangshu/Wanxiangshu.Owner.delegation.join-attempt-registry.fsproj -> Wanxiangshu.Owner.dispatch-protocol.foundation-llm-facing.fsproj: type-name 'Value' (src/Wanxiangshu/Execution/Delegation/Handle/JoinInterruptRegistry.fs:83, src/Wanxiangshu/Execution/Delegation/Handle/JoinInterruptRegistry.fs:85)
check	Run verification	2026-10-05T18:20:07.3690981Z   [low] src/Wanxiangshu/Wanxiangshu.Owner.delegation.runtime.fsproj -> Wanxiangshu.Owner.behavior-diagnosis.enforcer-continuation.fsproj: type-name 'Context' (src/Wanxiangshu/Execution/Delegation/HandoffSurface.fs:3, src/Wanxiangshu/Execution/Delegation/Fork/OpenCode/ToolSurface.fs:8, src/Wanxiangshu/Execution/Delegation/SyncDelegate/Surface.fs:10)
check	Run verification	2026-10-05T18:20:07.3693659Z   [low] src/Wanxiangshu/Wanxiangshu.Owner.delegation.runtime.fsproj -> Wanxiangshu.Owner.opencode-plugin.plugin-composition.fsproj: type-name 'Host' (src/Wanxiangshu/Execution/Delegation/Fork/Host/Restart.fsi:1, src/Wanxiangshu/Execution/Delegation/Fork/Host/Restart.fs:1, src/Wanxiangshu/Execution/Delegation/Fork/Host/JoinSurface.fsi:1)
check	Run verification	2026-10-05T18:20:07.3696599Z   [high] src/Wanxiangshu/Wanxiangshu.Owner.delegation.runtime.fsproj -> Wanxiangshu.Owner.process-execution.opencode-tools-ptytool.fsproj: module-prefix 'Run' (src/Wanxiangshu/Execution/Delegation/Fork/Host/HostForkRunLifecycleSurface.fs:70, src/Wanxiangshu/Execution/Delegation/Fork/Host/HostForkRunLifecycleSurface.fs:73, src/Wanxiangshu/Execution/Delegation/Fork/Host/HostForkRunLifecycleSurface.fs:75)
check	Run verification	2026-10-05T18:20:07.3700287Z   [low] src/Wanxiangshu/Wanxiangshu.Owner.dispatch-protocol.chat-admission-transaction.fsproj -> Wanxiangshu.Owner.behavior-diagnosis.enforcer-continuation.fsproj: type-name 'Context' (src/Wanxiangshu/OpenCode/Host/ChatAdmission/ProviderLifecycle.fs:7, src/Wanxiangshu/OpenCode/Host/ChatAdmission/ProviderLifecycle.fs:8, src/Wanxiangshu/OpenCode/Host/ChatAdmission/TransactionSurface.fs:8)
check	Run verification	2026-10-05T18:20:07.3703300Z   [low] src/Wanxiangshu/Wanxiangshu.Owner.dispatch-protocol.composition-turn-observation-port.fsproj -> Wanxiangshu.Owner.context-compression.context-companion-companionfactfold.fsproj: static-member 'Companion' (src/Wanxiangshu/Composition/Turn/TurnObservationPort.fsi:3, src/Wanxiangshu/Composition/Turn/TurnObservationPort.fs:3)
check	Run verification	2026-10-05T18:20:07.3706210Z   [low] src/Wanxiangshu/Wanxiangshu.Owner.dispatch-protocol.composition-turn-observation-port.fsproj -> Wanxiangshu.Owner.context-compression.context-companion-companionfactfold.fsproj: type-name 'Companion' (src/Wanxiangshu/Composition/Turn/TurnObservationPort.fsi:3, src/Wanxiangshu/Composition/Turn/TurnObservationPort.fs:3)
check	Run verification	2026-10-05T18:20:07.3709419Z   [low] src/Wanxiangshu/Wanxiangshu.Owner.dispatch-protocol.composition-turn-observation-port.fsproj -> Wanxiangshu.Owner.behavior-diagnosis.enforcer-continuation.fsproj: type-name 'Context' (src/Wanxiangshu/Composition/Turn/TurnObservationPort.fsi:3, src/Wanxiangshu/Composition/Turn/TurnObservationPort.fs:3)
check	Run verification	2026-10-05T18:20:07.3712459Z   [low] src/Wanxiangshu/Wanxiangshu.Owner.dispatch-protocol.composition-turn-reconcilesurface.fsproj -> Wanxiangshu.Owner.host-boundary.host-root-workspace-contract.fsproj: type-name 'IRootWorkspaceReader' (src/Wanxiangshu/Interaction/Dispatch/DispatchSurface.fsi:14, src/Wanxiangshu/Interaction/Dispatch/DispatchSurface.fs:93, src/Wanxiangshu/Interaction/Dispatch/DispatchSurface.fs:94)
check	Run verification	2026-10-05T18:20:07.3715817Z   [low] src/Wanxiangshu/Wanxiangshu.Owner.dispatch-protocol.composition-turn-recovery-workflow.fsproj -> Wanxiangshu.Owner.behavior-diagnosis.enforcer-continuation.fsproj: type-name 'Context' (src/Wanxiangshu/Participant/Provider/Attempt/Fallback/Workflow.fsi:5, src/Wanxiangshu/Participant/Provider/Attempt/Fallback/Workflow.fs:6, src/Wanxiangshu/Participant/Provider/Attempt/Fallback/Workflow.fs:7)
check	Run verification	2026-10-05T18:20:07.3719857Z   [low] src/Wanxiangshu/Wanxiangshu.Owner.dispatch-protocol.composition-turn-recovery-workflow.fsproj -> Wanxiangshu.Owner.provider-attempt-recovery.participant-provider-attempt-failure.fsproj: type-name 'ProviderFailureEvidence' (src/Wanxiangshu/Participant/Provider/Attempt/Fallback/Workflow.fs:678, src/Wanxiangshu/Participant/Provider/Attempt/Fallback/Workflow.fs:692, src/Wanxiangshu/Participant/Provider/Attempt/Fallback/Workflow.fs:821)
check	Run verification	2026-10-05T18:20:07.3723131Z   [low] src/Wanxiangshu/Wanxiangshu.Owner.dispatch-protocol.composition-turn-scheduler.fsproj -> Wanxiangshu.Owner.opencode-plugin.plugin-composition.fsproj: type-name 'Host' (src/Wanxiangshu/Composition/Turn/Scheduler.fsi:8, src/Wanxiangshu/Composition/Turn/Scheduler.fsi:9, src/Wanxiangshu/Composition/Turn/Scheduler.fs:11)
check	Run verification	2026-10-05T18:20:07.3726022Z   [low] src/Wanxiangshu/Wanxiangshu.Owner.dispatch-protocol.dispatch-attempt-planner.fsproj -> Wanxiangshu.Owner.epistemic-reasoning.sphinx-v2-core.fsproj: type-name 'Attempt' (src/Wanxiangshu/Participant/Provider/Attempt/Planner.fsi:1, src/Wanxiangshu/Participant/Provider/Attempt/Planner.fsi:6, src/Wanxiangshu/Participant/Provider/Attempt/Planner.fs:1)
check	Run verification	2026-10-05T18:20:07.3729053Z   [low] src/Wanxiangshu/Wanxiangshu.Owner.dispatch-protocol.dispatch-attempt-planner.fsproj -> Wanxiangshu.Owner.behavior-diagnosis.enforcer-continuation.fsproj: type-name 'Context' (src/Wanxiangshu/Participant/Provider/Attempt/Planner.fsi:3, src/Wanxiangshu/Participant/Provider/Attempt/Planner.fs:4)
check	Run verification	2026-10-05T18:20:07.3732047Z   [low] src/Wanxiangshu/Wanxiangshu.Owner.dispatch-protocol.dispatch-attempt-planner.fsproj -> Wanxiangshu.Owner.prefix-stability.mission-obligation-todo-prefixepoch.fsproj: type-name 'NoCandidateReason' (src/Wanxiangshu/Participant/Provider/Attempt/Planner.fsi:11, src/Wanxiangshu/Participant/Provider/Attempt/Planner.fsi:20, src/Wanxiangshu/Participant/Provider/Attempt/Planner.fsi:33)
check	Run verification	2026-10-05T18:20:07.3734899Z   [low] src/Wanxiangshu/Wanxiangshu.Owner.dispatch-protocol.dispatch-attempt-planner.fsproj -> Wanxiangshu.Owner.prefix-stability.mission-obligation-todo-prefixepoch.fsproj: static-member 'NoCandidateReason' (src/Wanxiangshu/Participant/Provider/Attempt/Planner.fs:112)
check	Run verification	2026-10-05T18:20:07.3737950Z   [low] src/Wanxiangshu/Wanxiangshu.Owner.dispatch-protocol.dispatch-attempt-planner.fsproj -> Wanxiangshu.Owner.session-ontology.execution-session-syncdelegaterole.fsproj: type-name 'Origin' (src/Wanxiangshu/Participant/Provider/Attempt/Planner.fsi:16, src/Wanxiangshu/Participant/Provider/Attempt/Planner.fs:42, src/Wanxiangshu/Participant/Provider/Attempt/Planner.fs:88)
check	Run verification	2026-10-05T18:20:07.3740916Z   [high] src/Wanxiangshu/Wanxiangshu.Owner.dispatch-protocol.dispatch-attempt-planner.fsproj -> Wanxiangshu.Owner.epistemic-reasoning.sphinx-v2-core.fsproj: module-prefix 'Profile' (src/Wanxiangshu/Participant/Provider/Attempt/Planner.fs:151)
check	Run verification	2026-10-05T18:20:07.3743480Z   [low] src/Wanxiangshu/Wanxiangshu.Owner.dispatch-protocol.dispatch-attempt-surface.fsproj -> Wanxiangshu.Owner.epistemic-reasoning.sphinx-v2-core.fsproj: type-name 'Attempt' (src/Wanxiangshu/Participant/Provider/Attempt/PlannerSurface.fsi:1, src/Wanxiangshu/Participant/Provider/Attempt/PlannerSurface.fs:1)
check	Run verification	2026-10-05T18:20:07.3745894Z   [low] src/Wanxiangshu/Wanxiangshu.Owner.dispatch-protocol.dispatch-attempt-surface.fsproj -> Wanxiangshu.Owner.behavior-diagnosis.enforcer-continuation.fsproj: type-name 'Context' (src/Wanxiangshu/Participant/Provider/Attempt/PlannerSurface.fs:4)
check	Run verification	2026-10-05T18:20:07.3748538Z   [low] src/Wanxiangshu/Wanxiangshu.Owner.dispatch-protocol.dispatch-attempt-surface.fsproj -> Wanxiangshu.Owner.prefix-stability.mission-obligation-todo-prefixepoch.fsproj: static-member 'NoCandidateReason' (src/Wanxiangshu/Participant/Provider/Attempt/PlannerSurface.fs:90)
check	Run verification	2026-10-05T18:20:07.3751242Z   [low] src/Wanxiangshu/Wanxiangshu.Owner.dispatch-protocol.dispatch-attempt-surface.fsproj -> Wanxiangshu.Owner.prefix-stability.mission-obligation-todo-prefixepoch.fsproj: type-name 'NoCandidateReason' (src/Wanxiangshu/Participant/Provider/Attempt/PlannerSurface.fs:90)
check	Run verification	2026-10-05T18:20:07.3755010Z   [low] src/Wanxiangshu/Wanxiangshu.Owner.dispatch-protocol.dispatch-runtime.fsproj -> Wanxiangshu.Owner.epistemic-reasoning.sphinx-v2-core.fsproj: type-name 'Attempt' (src/Wanxiangshu/Interaction/Dispatch/Send.fs:14)
check	Run verification	2026-10-05T18:20:07.3757806Z   [low] src/Wanxiangshu/Wanxiangshu.Owner.dispatch-protocol.dispatch-runtime.fsproj -> Wanxiangshu.Owner.managed-chat-execution.execution-session-chatexecution-fact.fsproj: type-name 'ChatAdmissionIntent' (src/Wanxiangshu/Interaction/Dispatch/Dispatcher.fsi:58, src/Wanxiangshu/Interaction/Dispatch/Dispatcher.fs:276, src/Wanxiangshu/Interaction/Dispatch/Dispatcher.fs:286)
check	Run verification	2026-10-05T18:20:07.3760663Z   [high] src/Wanxiangshu/Wanxiangshu.Owner.dispatch-protocol.dispatch-runtime.fsproj -> Wanxiangshu.Owner.speculative-investigation.strength-event-vocabulary-contract.fsproj: module-prefix 'Delegation' (src/Wanxiangshu/Interaction/Dispatch/JournalPort.fsi:21, src/Wanxiangshu/Interaction/Dispatch/JournalPort.fs:20)
check	Run verification	2026-10-05T18:20:07.3763210Z   [low] src/Wanxiangshu/Wanxiangshu.Owner.dispatch-protocol.dispatch-runtime.fsproj -> Wanxiangshu.Owner.opencode-plugin.plugin-composition.fsproj: type-name 'Host' (src/Wanxiangshu/Interaction/Dispatch/Dispatcher.fs:13, src/Wanxiangshu/Interaction/Dispatch/Send.fs:4, src/Wanxiangshu/Interaction/Dispatch/Send.fs:10)
check	Run verification	2026-10-05T18:20:07.3766310Z   [high] src/Wanxiangshu/Wanxiangshu.Owner.dispatch-protocol.dispatch-runtime.fsproj -> Wanxiangshu.Owner.provider-language.participant-provider-language.fsproj, Wanxiangshu.Owner.provider-language.participant-provider-languagesurface.fsproj, Wanxiangshu.Owner.runtime-platform.language.fsproj: open 'Wanxiangshu.Participant.Provider' (src/Wanxiangshu/Interaction/Dispatch/Dispatcher.fs:15, src/Wanxiangshu/Interaction/Dispatch/Send.fs:13)
check	Run verification	2026-10-05T18:20:07.3773048Z   [high] src/Wanxiangshu/Wanxiangshu.Owner.dispatch-protocol.dispatch-runtime.fsproj -> Wanxiangshu.Owner.provider-language.participant-provider-language.fsproj, Wanxiangshu.Owner.provider-language.participant-provider-languagesurface.fsproj, Wanxiangshu.Owner.runtime-platform.language.fsproj: qualified 'Wanxiangshu.Participant.Provider' (src/Wanxiangshu/Interaction/Dispatch/Dispatcher.fs:15, src/Wanxiangshu/Interaction/Dispatch/Send.fs:13)
check	Run verification	2026-10-05T18:20:07.3776510Z   [low] src/Wanxiangshu/Wanxiangshu.Owner.dispatch-protocol.execution-session-recovery-model.fsproj -> Wanxiangshu.Owner.context-compression.context-companion-companionfactfold.fsproj: type-name 'Companion' (src/Wanxiangshu/Execution/Session/Recovery/Model.fsi:29, src/Wanxiangshu/Execution/Session/Recovery/Model.fs:44, src/Wanxiangshu/Execution/Session/Recovery/Model.fs:62)
check	Run verification	2026-10-05T18:20:07.3782012Z   [low] src/Wanxiangshu/Wanxiangshu.Owner.dispatch-protocol.execution-session-recovery-model.fsproj -> Wanxiangshu.Owner.change-integration.git-integrationgate.fsproj: type-name 'ManagerJob' (src/Wanxiangshu/Execution/Session/Recovery/Model.fsi:31, src/Wanxiangshu/Execution/Session/Recovery/Model.fs:46, src/Wanxiangshu/Execution/Session/Recovery/Model.fs:64)
check	Run verification	2026-10-05T18:20:07.3787245Z   [low] src/Wanxiangshu/Wanxiangshu.Owner.dispatch-protocol.execution-session-recovery-model.fsproj -> Wanxiangshu.Owner.host-boundary.host-opencode-types.fsproj: type-name 'OpencodeModel' (src/Wanxiangshu/Composition/Turn/Observation.fsi:18, src/Wanxiangshu/Composition/Turn/Observation.fs:31)
check	Run verification	2026-10-05T18:20:07.3792019Z   [low] src/Wanxiangshu/Wanxiangshu.Owner.dispatch-protocol.execution-session-recovery-model.fsproj -> Wanxiangshu.Owner.participant-identity.participant-persona.fsproj: type-name 'Persona' (src/Wanxiangshu/Composition/Turn/Program.fs:8, src/Wanxiangshu/Composition/Turn/Observation.fs:5)
check	Run verification	2026-10-05T18:20:07.3796726Z   [low] src/Wanxiangshu/Wanxiangshu.Owner.dispatch-protocol.execution-session-recovery-model.fsproj -> Wanxiangshu.Owner.epistemic-reasoning.sphinx-v2-core.fsproj: type-name 'SnapshotError' (src/Wanxiangshu/Composition/Turn/Program.fsi:51, src/Wanxiangshu/Composition/Turn/Program.fs:88, src/Wanxiangshu/Composition/Turn/Program.fs:211)
check	Run verification	2026-10-05T18:20:07.3802563Z   [high] src/Wanxiangshu/Wanxiangshu.Owner.dispatch-protocol.execution-session-recovery-model.fsproj -> Wanxiangshu.Owner.office-capability.foundation-officecapability.fsproj, Wanxiangshu.Owner.participant-identity.participant-persona.fsproj: open 'Wanxiangshu.Participant.Persona' (src/Wanxiangshu/Composition/Turn/Program.fs:8, src/Wanxiangshu/Composition/Turn/Observation.fs:5)
check	Run verification	2026-10-05T18:20:07.3808901Z   [high] src/Wanxiangshu/Wanxiangshu.Owner.dispatch-protocol.execution-session-recovery-model.fsproj -> Wanxiangshu.Owner.office-capability.foundation-officecapability.fsproj, Wanxiangshu.Owner.participant-identity.participant-persona.fsproj: qualified 'Wanxiangshu.Participant.Persona' (src/Wanxiangshu/Composition/Turn/Program.fs:8, src/Wanxiangshu/Composition/Turn/Observation.fs:5)
check	Run verification	2026-10-05T18:20:07.3815373Z   [high] src/Wanxiangshu/Wanxiangshu.Owner.dispatch-protocol.execution-session-recovery-model.fsproj -> Wanxiangshu.Owner.provider-language.participant-provider-language.fsproj, Wanxiangshu.Owner.provider-language.participant-provider-languagesurface.fsproj, Wanxiangshu.Owner.runtime-platform.language.fsproj: open 'Wanxiangshu.Participant.Provider' (src/Wanxiangshu/Composition/Turn/Program.fs:9)
check	Run verification	2026-10-05T18:20:07.3821305Z   [high] src/Wanxiangshu/Wanxiangshu.Owner.dispatch-protocol.execution-session-recovery-model.fsproj -> Wanxiangshu.Owner.provider-language.participant-provider-language.fsproj, Wanxiangshu.Owner.provider-language.participant-provider-languagesurface.fsproj, Wanxiangshu.Owner.runtime-platform.language.fsproj: qualified 'Wanxiangshu.Participant.Provider' (src/Wanxiangshu/Composition/Turn/Program.fs:9)
check	Run verification	2026-10-05T18:20:07.3827136Z   [low] src/Wanxiangshu/Wanxiangshu.Owner.dispatch-protocol.foundation-identity.fsproj -> Wanxiangshu.Owner.change-integration.git-integrationgate.fsproj: type-name 'ManagerJob' (src/Wanxiangshu/Foundation/Identity.fsi:45, src/Wanxiangshu/Foundation/Identity.fs:185, src/Wanxiangshu/Foundation/Identity.fs:348)
check	Run verification	2026-10-05T18:20:07.3832359Z   [low] src/Wanxiangshu/Wanxiangshu.Owner.dispatch-protocol.foundation-outcome.fsproj -> Wanxiangshu.Owner.durable-events.composition-durable-fact.fsproj: type-name 'Fact' (src/Wanxiangshu/Foundation/Outcome.fsi:63, src/Wanxiangshu/Foundation/Outcome.fs:108, src/Wanxiangshu/Foundation/Outcome.fs:113)
check	Run verification	2026-10-05T18:20:07.3838215Z   [low] src/Wanxiangshu/Wanxiangshu.Owner.dispatch-protocol.interaction-attempt-contract.fsproj -> Wanxiangshu.Owner.epistemic-reasoning.sphinx-v2-core.fsproj: type-name 'Attempt' (src/Wanxiangshu/Interaction/Attempt/AttemptExecutionProfile.fsi:1, src/Wanxiangshu/Interaction/Attempt/AttemptExecutionProfile.fsi:8, src/Wanxiangshu/Interaction/Attempt/AttemptExecutionProfile.fs:1)
check	Run verification	2026-10-05T18:20:07.3844045Z   [low] src/Wanxiangshu/Wanxiangshu.Owner.dispatch-protocol.interaction-attempt-contract.fsproj -> Wanxiangshu.Owner.behavior-diagnosis.enforcer-continuation.fsproj: type-name 'Context' (src/Wanxiangshu/Interaction/Attempt/AttemptExecutionProfile.fsi:3, src/Wanxiangshu/Interaction/Attempt/AttemptExecutionProfile.fs:3)
check	Run verification	2026-10-05T18:20:07.3849620Z   [low] src/Wanxiangshu/Wanxiangshu.Owner.dispatch-protocol.interaction-attempt-contract.fsproj -> Wanxiangshu.Owner.session-ontology.execution-session-syncdelegaterole.fsproj: type-name 'Origin' (src/Wanxiangshu/Interaction/Attempt/AttemptExecutionProfile.fsi:14, src/Wanxiangshu/Interaction/Attempt/AttemptExecutionProfile.fs:26, src/Wanxiangshu/Interaction/Attempt/AttemptExecutionProfile.fs:89)
check	Run verification	2026-10-05T18:20:07.3852697Z   [low] src/Wanxiangshu/Wanxiangshu.Owner.dispatch-protocol.interaction-repair-completedturn.fsproj -> Wanxiangshu.Owner.epistemic-reasoning.sphinx-v2-core.fsproj: type-name 'Attempt' (src/Wanxiangshu/Interaction/Authority/Child.fs:3, src/Wanxiangshu/Interaction/Authority/Child.fs:16, src/Wanxiangshu/Interaction/Repair/CompletedTurn.fs:16)
check	Run verification	2026-10-05T18:20:07.3856841Z   [low] src/Wanxiangshu/Wanxiangshu.Owner.dispatch-protocol.interaction-repair-completedturn.fsproj -> Wanxiangshu.Owner.context-compression.context-companion-companionfactfold.fsproj: static-member 'Companion' (src/Wanxiangshu/Interaction/Authority/Child.fs:7, src/Wanxiangshu/Interaction/Repair/CompletedTurn.fs:6, src/Wanxiangshu/Interaction/Repair/CompletedTurn.fs:21)
check	Run verification	2026-10-05T18:20:07.3863143Z   [low] src/Wanxiangshu/Wanxiangshu.Owner.dispatch-protocol.interaction-repair-completedturn.fsproj -> Wanxiangshu.Owner.context-compression.context-companion-companionfactfold.fsproj: type-name 'Companion' (src/Wanxiangshu/Interaction/Authority/Child.fs:6, src/Wanxiangshu/Interaction/Authority/Child.fs:7, src/Wanxiangshu/Interaction/Repair/CompletedTurn.fs:5)
check	Run verification	2026-10-05T18:20:07.3868807Z   [low] src/Wanxiangshu/Wanxiangshu.Owner.dispatch-protocol.interaction-repair-completedturn.fsproj -> Wanxiangshu.Owner.behavior-diagnosis.enforcer-continuation.fsproj: type-name 'Context' (src/Wanxiangshu/Interaction/Authority/Child.fs:6, src/Wanxiangshu/Interaction/Authority/Child.fs:7, src/Wanxiangshu/Interaction/Authority/Child.fs:8)
check	Run verification	2026-10-05T18:20:07.3874191Z   [high] src/Wanxiangshu/Wanxiangshu.Owner.dispatch-protocol.interaction-repair-completedturn.fsproj -> Wanxiangshu.Owner.speculative-investigation.strength-event-vocabulary-contract.fsproj: module-prefix 'Delegation' (src/Wanxiangshu/Interaction/Authority/Child.fs:9, src/Wanxiangshu/Interaction/Repair/CompletedTurn.fs:8, src/Wanxiangshu/Interaction/Repair/CompletedTurn.fs:22)
check	Run verification	2026-10-05T18:20:07.3879445Z   [low] src/Wanxiangshu/Wanxiangshu.Owner.dispatch-protocol.interaction-repair-completedturn.fsproj -> Wanxiangshu.Owner.opencode-plugin.plugin-composition.fsproj: type-name 'Host' (src/Wanxiangshu/Interaction/Authority/Child.fs:12, src/Wanxiangshu/Interaction/Authority/Child.fs:18, src/Wanxiangshu/Interaction/Repair/CompletedTurn.fs:11)
check	Run verification	2026-10-05T18:20:07.3882153Z   [low] src/Wanxiangshu/Wanxiangshu.Owner.dispatch-protocol.interaction-repair-completedturn.fsproj -> Wanxiangshu.Owner.change-integration.git-integrationgate.fsproj: type-name 'Orchestrator' (src/Wanxiangshu/Interaction/Repair/CompletedTurn.fs:57)
check	Run verification	2026-10-05T18:20:07.3885939Z   [high] src/Wanxiangshu/Wanxiangshu.Owner.dispatch-protocol.interaction-repair-completedturn.fsproj -> Wanxiangshu.Owner.provider-language.participant-provider-language.fsproj, Wanxiangshu.Owner.provider-language.participant-provider-languagesurface.fsproj, Wanxiangshu.Owner.runtime-platform.language.fsproj: open 'Wanxiangshu.Participant.Provider' (src/Wanxiangshu/Interaction/Authority/Child.fs:15, src/Wanxiangshu/Interaction/Repair/CompletedTurn.fs:15, src/Wanxiangshu/Interaction/Repair/CompletedTurn.fs:26)
check	Run verification	2026-10-05T18:20:07.3891239Z   [high] src/Wanxiangshu/Wanxiangshu.Owner.dispatch-protocol.interaction-repair-completedturn.fsproj -> Wanxiangshu.Owner.provider-language.participant-provider-language.fsproj, Wanxiangshu.Owner.provider-language.participant-provider-languagesurface.fsproj, Wanxiangshu.Owner.runtime-platform.language.fsproj: qualified 'Wanxiangshu.Participant.Provider' (src/Wanxiangshu/Interaction/Authority/Child.fs:15, src/Wanxiangshu/Interaction/Repair/CompletedTurn.fs:15, src/Wanxiangshu/Interaction/Repair/CompletedTurn.fs:26)
check	Run verification	2026-10-05T18:20:07.3894794Z   [low] src/Wanxiangshu/Wanxiangshu.Owner.dispatch.session-recovery-coordinator.fsproj -> Wanxiangshu.Owner.context-compression.context-companion-companionfactfold.fsproj: type-name 'Companion' (src/Wanxiangshu/Execution/Session/Recovery/Surface.fs:22)
check	Run verification	2026-10-05T18:20:07.3896896Z   [low] src/Wanxiangshu/Wanxiangshu.Owner.dispatch.session-recovery-coordinator.fsproj -> Wanxiangshu.Owner.change-integration.git-integrationgate.fsproj: type-name 'ManagerJob' (src/Wanxiangshu/Execution/Session/Recovery/Surface.fs:32)
check	Run verification	2026-10-05T18:20:07.3899158Z   [low] src/Wanxiangshu/Wanxiangshu.Owner.distribution.assemblyinfo.fsproj -> Wanxiangshu.Owner.dispatch-protocol.dispatch-runtime.fsproj: type-name 'Runtime' (src/Wanxiangshu/AssemblyInfo.fs:3)
check	Run verification	2026-10-05T18:20:07.3901709Z   [low] src/Wanxiangshu/Wanxiangshu.Owner.durable-composition.composition-durable-contextfact.fsproj -> Wanxiangshu.Owner.context-compression.context-companion-companionfactfold.fsproj: type-name 'Companion' (src/Wanxiangshu/Composition/Durable/CompanionFact.fsi:4, src/Wanxiangshu/Composition/Durable/CompanionFact.fs:4, src/Wanxiangshu/Composition/Durable/CompanionFact.fs:10)
check	Run verification	2026-10-05T18:20:07.3905035Z   [low] src/Wanxiangshu/Wanxiangshu.Owner.durable-composition.composition-durable-contextfact.fsproj -> Wanxiangshu.Owner.behavior-diagnosis.enforcer-continuation.fsproj: type-name 'Context' (src/Wanxiangshu/Composition/Durable/CompanionFact.fsi:4, src/Wanxiangshu/Composition/Durable/CompanionFact.fs:4, src/Wanxiangshu/Composition/Durable/CompanionFact.fs:28)
check	Run verification	2026-10-05T18:20:07.3908323Z   [low] src/Wanxiangshu/Wanxiangshu.Owner.durable-composition.composition-durable-providerfailure-fact.fsproj -> Wanxiangshu.Owner.epistemic-reasoning.sphinx-v2-core.fsproj: type-name 'Attempt' (src/Wanxiangshu/Composition/Durable/ProviderFailureFact.fsi:5, src/Wanxiangshu/Composition/Durable/ProviderFailureFact.fs:4)
check	Run verification	2026-10-05T18:20:07.3910683Z   [low] src/Wanxiangshu/Wanxiangshu.Owner.durable-composition.durable-adapter-delegation.fsproj -> Wanxiangshu.Owner.opencode-plugin.plugin-composition.fsproj: type-name 'Host' (src/Wanxiangshu/Composition/Durable/DelegationJournalAdapter.fs:6)
check	Run verification	2026-10-05T18:20:07.3913178Z   [low] src/Wanxiangshu/Wanxiangshu.Owner.durable-composition.durable-adapter-requirement-grounding.fsproj -> Wanxiangshu.Owner.opencode-plugin.plugin-composition.fsproj: static-member 'Host' (src/Wanxiangshu/Composition/Durable/RequirementGroundingJournalAdapter.fsi:3, src/Wanxiangshu/Composition/Durable/RequirementGroundingJournalAdapter.fs:7)
check	Run verification	2026-10-05T18:20:07.3916377Z   [low] src/Wanxiangshu/Wanxiangshu.Owner.durable-composition.durable-adapter-requirement-grounding.fsproj -> Wanxiangshu.Owner.opencode-plugin.plugin-composition.fsproj: type-name 'Host' (src/Wanxiangshu/Composition/Durable/RequirementGroundingJournalAdapter.fsi:3, src/Wanxiangshu/Composition/Durable/RequirementGroundingJournalAdapter.fs:6, src/Wanxiangshu/Composition/Durable/RequirementGroundingJournalAdapter.fs:7)
check	Run verification	2026-10-05T18:20:07.3919387Z   [low] src/Wanxiangshu/Wanxiangshu.Owner.durable-composition.durable-adapter-session-started-at.fsproj -> Wanxiangshu.Owner.opencode-plugin.plugin-composition.fsproj: type-name 'Host' (src/Wanxiangshu/Composition/Durable/SessionStartedAtJournalAdapter.fs:9)
check	Run verification	2026-10-05T18:20:07.3921563Z   [low] src/Wanxiangshu/Wanxiangshu.Owner.durable-composition.durable-trace-capture.fsproj -> Wanxiangshu.Owner.epistemic-reasoning.sphinx-v2-core.fsproj: type-name 'Attempt' (src/Wanxiangshu/Context/Trace/Capture.fs:21, src/Wanxiangshu/Context/Trace/Capture.fs:47)
check	Run verification	2026-10-05T18:20:07.3923840Z   [low] src/Wanxiangshu/Wanxiangshu.Owner.durable-composition.durable-trace-capture.fsproj -> Wanxiangshu.Owner.context-compression.context-companion-companionfactfold.fsproj: static-member 'Companion' (src/Wanxiangshu/Context/Trace/Capture.fs:9, src/Wanxiangshu/Context/Trace/Capture.fs:37)
check	Run verification	2026-10-05T18:20:07.3926568Z   [low] src/Wanxiangshu/Wanxiangshu.Owner.durable-composition.durable-trace-capture.fsproj -> Wanxiangshu.Owner.context-compression.context-companion-companionfactfold.fsproj: type-name 'Companion' (src/Wanxiangshu/Context/Trace/Capture.fs:8, src/Wanxiangshu/Context/Trace/Capture.fs:9, src/Wanxiangshu/Context/Trace/Capture.fs:36)
check	Run verification	2026-10-05T18:20:07.3929384Z   [low] src/Wanxiangshu/Wanxiangshu.Owner.durable-composition.durable-trace-capture.fsproj -> Wanxiangshu.Owner.behavior-diagnosis.enforcer-continuation.fsproj: type-name 'Context' (src/Wanxiangshu/Context/Trace/Capture.fsi:1, src/Wanxiangshu/Context/Trace/Capture.fs:1, src/Wanxiangshu/Context/Trace/Capture.fs:8)
check	Run verification	2026-10-05T18:20:07.3931877Z   [high] src/Wanxiangshu/Wanxiangshu.Owner.durable-composition.durable-trace-capture.fsproj -> Wanxiangshu.Owner.speculative-investigation.strength-event-vocabulary-contract.fsproj: module-prefix 'Delegation' (src/Wanxiangshu/Context/Trace/Capture.fs:12, src/Wanxiangshu/Context/Trace/Capture.fs:40)
check	Run verification	2026-10-05T18:20:07.3934358Z   [low] src/Wanxiangshu/Wanxiangshu.Owner.durable-composition.durable-trace-capture.fsproj -> Wanxiangshu.Owner.opencode-plugin.plugin-composition.fsproj: type-name 'Host' (src/Wanxiangshu/Context/Trace/Capture.fs:16, src/Wanxiangshu/Context/Trace/Capture.fs:25, src/Wanxiangshu/Context/Trace/Materialization.fs:10)
check	Run verification	2026-10-05T18:20:07.3937847Z   [high] src/Wanxiangshu/Wanxiangshu.Owner.durable-composition.durable-trace-capture.fsproj -> Wanxiangshu.Owner.provider-language.participant-provider-language.fsproj, Wanxiangshu.Owner.provider-language.participant-provider-languagesurface.fsproj, Wanxiangshu.Owner.runtime-platform.language.fsproj: open 'Wanxiangshu.Participant.Provider' (src/Wanxiangshu/Context/Trace/Capture.fs:20, src/Wanxiangshu/Context/Trace/Capture.fs:46)
check	Run verification	2026-10-05T18:20:07.3941542Z   [high] src/Wanxiangshu/Wanxiangshu.Owner.durable-composition.durable-trace-capture.fsproj -> Wanxiangshu.Owner.provider-language.participant-provider-language.fsproj, Wanxiangshu.Owner.provider-language.participant-provider-languagesurface.fsproj, Wanxiangshu.Owner.runtime-platform.language.fsproj: qualified 'Wanxiangshu.Participant.Provider' (src/Wanxiangshu/Context/Trace/Capture.fs:20, src/Wanxiangshu/Context/Trace/Capture.fs:46)
check	Run verification	2026-10-05T18:20:07.3944454Z   [low] src/Wanxiangshu/Wanxiangshu.Owner.durable-convergence.eventstore-integrator-contract.fsproj -> Wanxiangshu.Owner.durable-events.persistence-journal-promptfactcodec.fsproj: type-name 'StreamId' (src/Wanxiangshu/Persistence/EventStore/IntegrationKernel.fs:47)
check	Run verification	2026-10-05T18:20:07.3947100Z   [high] src/Wanxiangshu/Wanxiangshu.Owner.durable-convergence.eventstore-integrator-engine.fsproj -> Wanxiangshu.Owner.epistemic-reasoning.sphinx-v2-core.fsproj: module-prefix 'Decode' (src/Wanxiangshu/Persistence/EventStore/IntegratorEngine.fs:91, src/Wanxiangshu/Persistence/EventStore/IntegratorEngine.fs:93, src/Wanxiangshu/Persistence/EventStore/IntegratorEngine.fs:94)
check	Run verification	2026-10-05T18:20:07.3950396Z   [high] src/Wanxiangshu/Wanxiangshu.Owner.durable-convergence.eventstore-integrator-engine.fsproj -> Wanxiangshu.Owner.epistemic-reasoning.sphinx-v2-core.fsproj: module-prefix 'Encode' (src/Wanxiangshu/Persistence/EventStore/IntegratorEngine.fs:81, src/Wanxiangshu/Persistence/EventStore/IntegratorEngine.fs:82, src/Wanxiangshu/Persistence/EventStore/IntegratorEngine.fs:83)
check	Run verification	2026-10-05T18:20:07.3953398Z   [low] src/Wanxiangshu/Wanxiangshu.Owner.durable-convergence.eventstore-integrator-engine.fsproj -> Wanxiangshu.Owner.dispatch-protocol.foundation-llm-facing.fsproj: type-name 'Field' (src/Wanxiangshu/Persistence/EventStore/IntegratorEngine.fs:94, src/Wanxiangshu/Persistence/EventStore/IntegratorEngine.fs:95, src/Wanxiangshu/Persistence/EventStore/IntegratorEngine.fs:96)
check	Run verification	2026-10-05T18:20:07.3955964Z   [low] src/Wanxiangshu/Wanxiangshu.Owner.durable-convergence.eventstore-integrator-engine.fsproj -> Wanxiangshu.Owner.durable-events.persistence-journal-promptfactcodec.fsproj: type-name 'StreamId' (src/Wanxiangshu/Persistence/EventStore/IntegratorEngine.fs:399)
check	Run verification	2026-10-05T18:20:07.3958929Z   [high] src/Wanxiangshu/Wanxiangshu.Owner.durable-convergence.eventstore-merge-runtime.fsproj -> Wanxiangshu.Owner.host-boundary.host-signal-adapter.fsproj: module-prefix 'Events' (src/Wanxiangshu/Persistence/EventStore/EventKWayMerge.fs:66, src/Wanxiangshu/Persistence/EventStore/EventKWayMerge.fs:72)
check	Run verification	2026-10-05T18:20:07.3961772Z   [low] src/Wanxiangshu/Wanxiangshu.Owner.durable-convergence.eventstore-sync-runtime.fsproj -> Wanxiangshu.Owner.knowledge-reuse.repository-knowledge-casebook-model.fsproj: static-member 'Entry' (src/Wanxiangshu/Persistence/EventStore/WriterStreamSync.fs:302, src/Wanxiangshu/Persistence/EventStore/WriterStreamSync.fs:303, src/Wanxiangshu/Persistence/EventStore/WriterStreamSync.fs:356)
check	Run verification	2026-10-05T18:20:07.3964874Z   [low] src/Wanxiangshu/Wanxiangshu.Owner.durable-convergence.eventstore-sync-runtime.fsproj -> Wanxiangshu.Owner.knowledge-reuse.repository-knowledge-casebook-model.fsproj: type-name 'Entry' (src/Wanxiangshu/Persistence/EventStore/WriterStreamSync.fs:40, src/Wanxiangshu/Persistence/EventStore/WriterStreamSync.fs:258, src/Wanxiangshu/Persistence/EventStore/WriterStreamSync.fs:268)
check	Run verification	2026-10-05T18:20:07.3967879Z   [high] src/Wanxiangshu/Wanxiangshu.Owner.durable-convergence.eventstore-sync-runtime.fsproj -> Wanxiangshu.Owner.durable-convergence.persistence-eventstore-processeventlog.fsproj: module-prefix 'EventStore' (src/Wanxiangshu/Persistence/EventStore/WriterStreamSync.fs:720)
check	Run verification	2026-10-05T18:20:07.3969853Z   [low] src/Wanxiangshu/Wanxiangshu.Owner.durable-convergence.git-hook-sync.fsproj -> Wanxiangshu.Owner.opencode-plugin.plugin-composition.fsproj: type-name 'Host' (src/Wanxiangshu/Git/Hook/Dispatcher.fs:7)
check	Run verification	2026-10-05T18:20:07.3971762Z   [low] src/Wanxiangshu/Wanxiangshu.Owner.durable-events.composition-durable-fact.fsproj -> Wanxiangshu.Owner.epistemic-reasoning.sphinx-v2-core.fsproj: type-name 'Attempt' (src/Wanxiangshu/Composition/Durable/Fact.fsi:16, src/Wanxiangshu/Composition/Durable/Fact.fs:17)
check	Run verification	2026-10-05T18:20:07.3974212Z   [low] src/Wanxiangshu/Wanxiangshu.Owner.durable-events.composition-durable-fact.fsproj -> Wanxiangshu.Owner.context-compression.context-companion-companionfactfold.fsproj: type-name 'Companion' (src/Wanxiangshu/Composition/Durable/Fact.fsi:5, src/Wanxiangshu/Composition/Durable/Fact.fsi:47, src/Wanxiangshu/Composition/Durable/Fact.fs:5)
check	Run verification	2026-10-05T18:20:07.3976840Z   [low] src/Wanxiangshu/Wanxiangshu.Owner.durable-events.composition-durable-fact.fsproj -> Wanxiangshu.Owner.behavior-diagnosis.enforcer-continuation.fsproj: type-name 'Context' (src/Wanxiangshu/Composition/Durable/Fact.fsi:5, src/Wanxiangshu/Composition/Durable/Fact.fsi:48, src/Wanxiangshu/Composition/Durable/Fact.fs:5)
check	Run verification	2026-10-05T18:20:07.3979729Z   [low] src/Wanxiangshu/Wanxiangshu.Owner.durable-events.composition-durable-fact.fsproj -> Wanxiangshu.Owner.opencode-plugin.plugin-composition.fsproj: type-name 'Host' (src/Wanxiangshu/Composition/Durable/Fact.fsi:11, src/Wanxiangshu/Composition/Durable/Fact.fsi:49, src/Wanxiangshu/Composition/Durable/Fact.fs:16)
check	Run verification	2026-10-05T18:20:07.3983116Z   [low] src/Wanxiangshu/Wanxiangshu.Owner.durable-events.composition-durable-fact.fsproj -> Wanxiangshu.Owner.change-integration.git-integrationgate.fsproj: type-name 'Orchestrator' (src/Wanxiangshu/Composition/Durable/Fact.fsi:46, src/Wanxiangshu/Composition/Durable/Fact.fs:55)
check	Run verification	2026-10-05T18:20:07.3987583Z   [low] src/Wanxiangshu/Wanxiangshu.Owner.durable-events.composition-durable-fact.fsproj -> Wanxiangshu.Owner.dispatch-protocol.dispatch-runtime.fsproj: type-name 'Runtime' (src/Wanxiangshu/Composition/Durable/Fact.fsi:59, src/Wanxiangshu/Composition/Durable/Fact.fs:68)
check	Run verification	2026-10-05T18:20:07.3992382Z   [low] src/Wanxiangshu/Wanxiangshu.Owner.durable-events.composition-durable-fold.fsproj -> Wanxiangshu.Owner.epistemic-reasoning.sphinx-v2-core.fsproj: type-name 'Attempt' (src/Wanxiangshu/Composition/Durable/DomainFamilyBridge.fsi:5, src/Wanxiangshu/Composition/Durable/DomainFamilyBridge.fs:9, src/Wanxiangshu/Composition/Durable/Fold.fs:13)
check	Run verification	2026-10-05T18:20:07.3998483Z   [low] src/Wanxiangshu/Wanxiangshu.Owner.durable-events.composition-durable-fold.fsproj -> Wanxiangshu.Owner.behavior-diagnosis.enforcer-continuation.fsproj: type-name 'Context' (src/Wanxiangshu/Context/Companion/Blogger/ContextFactFold.fsi:1, src/Wanxiangshu/Context/Companion/Blogger/ContextFactFold.fsi:3, src/Wanxiangshu/Context/Companion/Blogger/ContextFactFold.fsi:4)
check	Run verification	2026-10-05T18:20:07.4003928Z   [low] src/Wanxiangshu/Wanxiangshu.Owner.durable-events.composition-durable-fold.fsproj -> Wanxiangshu.Owner.knowledge-reuse.repository-knowledge-casebook-model.fsproj: type-name 'Entry' (src/Wanxiangshu/Context/Companion/Blogger/ContextFactFold.fs:214, src/Wanxiangshu/Context/Companion/Blogger/ContextFactFold.fs:228)
check	Run verification	2026-10-05T18:20:07.4009194Z   [low] src/Wanxiangshu/Wanxiangshu.Owner.durable-events.composition-durable-fold.fsproj -> Wanxiangshu.Owner.opencode-plugin.plugin-composition.fsproj: type-name 'Host' (src/Wanxiangshu/Composition/Durable/HostFactFold.fsi:3, src/Wanxiangshu/Composition/Durable/HostFactFold.fs:4, src/Wanxiangshu/Composition/Durable/HostFactFold.fs:5)
check	Run verification	2026-10-05T18:20:07.4014156Z   [low] src/Wanxiangshu/Wanxiangshu.Owner.durable-events.composition-durable-fold.fsproj -> Wanxiangshu.Owner.opencode-plugin.plugin-composition.fsproj: static-member 'Host' (src/Wanxiangshu/Composition/Durable/HostFactFold.fs:5, src/Wanxiangshu/Composition/Durable/HostFactFold.fs:6)
check	Run verification	2026-10-05T18:20:07.4019024Z   [low] src/Wanxiangshu/Wanxiangshu.Owner.durable-events.composition-durable-fold.fsproj -> Wanxiangshu.Owner.change-integration.git-integrationgate.fsproj: type-name 'Orchestrator' (src/Wanxiangshu/Composition/Durable/Fold.fs:90, src/Wanxiangshu/Composition/Durable/Fold.fs:93, src/Wanxiangshu/Composition/Durable/Fold.fs:96)
check	Run verification	2026-10-05T18:20:07.4023794Z   [low] src/Wanxiangshu/Wanxiangshu.Owner.durable-events.composition-durable-fold.fsproj -> Wanxiangshu.Owner.host-provider-failure-ownership.opencode-host-providerfailurepresentation.fsproj: type-name 'Presentation' (src/Wanxiangshu/Composition/Durable/HostFactFold.fs:149)
check	Run verification	2026-10-05T18:20:07.4028564Z   [low] src/Wanxiangshu/Wanxiangshu.Owner.durable-events.composition-durable-projection.fsproj -> Wanxiangshu.Owner.epistemic-reasoning.sphinx-v2-core.fsproj: type-name 'Attempt' (src/Wanxiangshu/Composition/Durable/Projection.fsi:23, src/Wanxiangshu/Composition/Durable/Projection.fs:23)
check	Run verification	2026-10-05T18:20:07.4033850Z   [low] src/Wanxiangshu/Wanxiangshu.Owner.durable-events.composition-durable-projection.fsproj -> Wanxiangshu.Owner.context-compression.context-companion-companionfactfold.fsproj: static-member 'Companion' (src/Wanxiangshu/Composition/Durable/Projection.fsi:5, src/Wanxiangshu/Composition/Durable/Projection.fsi:6, src/Wanxiangshu/Composition/Durable/Projection.fs:5)
check	Run verification	2026-10-05T18:20:07.4039829Z   [low] src/Wanxiangshu/Wanxiangshu.Owner.durable-events.composition-durable-projection.fsproj -> Wanxiangshu.Owner.context-compression.context-companion-companionfactfold.fsproj: type-name 'Companion' (src/Wanxiangshu/Composition/Durable/Projection.fsi:4, src/Wanxiangshu/Composition/Durable/Projection.fsi:5, src/Wanxiangshu/Composition/Durable/Projection.fsi:6)
check	Run verification	2026-10-05T18:20:07.4045415Z   [low] src/Wanxiangshu/Wanxiangshu.Owner.durable-events.composition-durable-projection.fsproj -> Wanxiangshu.Owner.behavior-diagnosis.enforcer-continuation.fsproj: type-name 'Context' (src/Wanxiangshu/Composition/Durable/Projection.fsi:4, src/Wanxiangshu/Composition/Durable/Projection.fsi:5, src/Wanxiangshu/Composition/Durable/Projection.fsi:6)
check	Run verification	2026-10-05T18:20:07.4050875Z   [low] src/Wanxiangshu/Wanxiangshu.Owner.durable-events.composition-durable-projection.fsproj -> Wanxiangshu.Owner.opencode-plugin.plugin-composition.fsproj: static-member 'Host' (src/Wanxiangshu/Composition/Durable/Projection.fsi:21, src/Wanxiangshu/Composition/Durable/Projection.fsi:22, src/Wanxiangshu/Composition/Durable/Projection.fs:21)
check	Run verification	2026-10-05T18:20:07.4056268Z   [low] src/Wanxiangshu/Wanxiangshu.Owner.durable-events.composition-durable-projection.fsproj -> Wanxiangshu.Owner.opencode-plugin.plugin-composition.fsproj: type-name 'Host' (src/Wanxiangshu/Composition/Durable/Projection.fsi:21, src/Wanxiangshu/Composition/Durable/Projection.fsi:22, src/Wanxiangshu/Composition/Durable/Projection.fs:21)
check	Run verification	2026-10-05T18:20:07.4061732Z   [low] src/Wanxiangshu/Wanxiangshu.Owner.durable-events.composition-durable-projection.fsproj -> Wanxiangshu.Owner.change-integration.git-integrationgate.fsproj: type-name 'Orchestrator' (src/Wanxiangshu/Composition/Durable/Projection.fsi:46, src/Wanxiangshu/Composition/Durable/Projection.fs:80, src/Wanxiangshu/Composition/Durable/Projection.fs:135)
check	Run verification	2026-10-05T18:20:07.4066641Z   [low] src/Wanxiangshu/Wanxiangshu.Owner.durable-events.composition-durable-projection.fsproj -> Wanxiangshu.Owner.dispatch-protocol.dispatch-runtime.fsproj: type-name 'Runtime' (src/Wanxiangshu/Composition/Durable/Projection.fsi:6, src/Wanxiangshu/Composition/Durable/Projection.fs:6)
check	Run verification	2026-10-05T18:20:07.4071594Z   [low] src/Wanxiangshu/Wanxiangshu.Owner.durable-events.durable-journal-port-adapter.fsproj -> Wanxiangshu.Owner.epistemic-reasoning.sphinx-v2-core.fsproj: type-name 'Attempt' (src/Wanxiangshu/Composition/Durable/AgentJournalPortAdapter.fsi:9, src/Wanxiangshu/Composition/Durable/AgentJournalPortAdapter.fs:16)
check	Run verification	2026-10-05T18:20:07.4076901Z   [low] src/Wanxiangshu/Wanxiangshu.Owner.durable-events.durable-journal-port-adapter.fsproj -> Wanxiangshu.Owner.context-compression.context-companion-companionfactfold.fsproj: static-member 'Companion' (src/Wanxiangshu/Composition/Durable/AgentJournalPortAdapter.fs:6, src/Wanxiangshu/Composition/Durable/AgentJournalPortAdapter.fs:25)
check	Run verification	2026-10-05T18:20:07.4083050Z   [low] src/Wanxiangshu/Wanxiangshu.Owner.durable-events.durable-journal-port-adapter.fsproj -> Wanxiangshu.Owner.context-compression.context-companion-companionfactfold.fsproj: type-name 'Companion' (src/Wanxiangshu/Composition/Durable/AgentJournalPortAdapter.fs:5, src/Wanxiangshu/Composition/Durable/AgentJournalPortAdapter.fs:6, src/Wanxiangshu/Composition/Durable/AgentJournalPortAdapter.fs:25)
check	Run verification	2026-10-05T18:20:07.4089475Z   [low] src/Wanxiangshu/Wanxiangshu.Owner.durable-events.durable-journal-port-adapter.fsproj -> Wanxiangshu.Owner.behavior-diagnosis.enforcer-continuation.fsproj: type-name 'Context' (src/Wanxiangshu/Composition/Durable/AgentJournalPortAdapter.fsi:13, src/Wanxiangshu/Composition/Durable/AgentJournalPortAdapter.fs:5, src/Wanxiangshu/Composition/Durable/AgentJournalPortAdapter.fs:6)
check	Run verification	2026-10-05T18:20:07.4095834Z   [high] src/Wanxiangshu/Wanxiangshu.Owner.durable-events.durable-journal-port-adapter.fsproj -> Wanxiangshu.Owner.speculative-investigation.strength-event-vocabulary-contract.fsproj: module-prefix 'Delegation' (src/Wanxiangshu/Composition/Durable/AgentJournalPortAdapter.fsi:16, src/Wanxiangshu/Composition/Durable/AgentJournalPortAdapter.fs:24, src/Wanxiangshu/Composition/Durable/PromptJournalAdapter.fs:61)
check	Run verification	2026-10-05T18:20:07.4101806Z   [low] src/Wanxiangshu/Wanxiangshu.Owner.durable-events.durable-journal-port-adapter.fsproj -> Wanxiangshu.Owner.opencode-plugin.plugin-composition.fsproj: static-member 'Host' (src/Wanxiangshu/Composition/Durable/AgentJournalPortAdapter.fsi:10, src/Wanxiangshu/Composition/Durable/AgentJournalPortAdapter.fs:21)
check	Run verification	2026-10-05T18:20:07.4107303Z   [low] src/Wanxiangshu/Wanxiangshu.Owner.durable-events.durable-journal-port-adapter.fsproj -> Wanxiangshu.Owner.opencode-plugin.plugin-composition.fsproj: type-name 'Host' (src/Wanxiangshu/Composition/Durable/AgentJournalPortAdapter.fsi:10, src/Wanxiangshu/Composition/Durable/AgentJournalPortAdapter.fs:21, src/Wanxiangshu/Composition/Durable/AgentJournalPortAdapter.fs:23)
check	Run verification	2026-10-05T18:20:07.4113136Z   [low] src/Wanxiangshu/Wanxiangshu.Owner.durable-events.persistence-eventstore-canonicalcodec.fsproj -> Wanxiangshu.Owner.durable-events.persistence-journal-promptfactcodec.fsproj: type-name 'StreamId' (src/Wanxiangshu/Persistence/EventStore/CanonicalEventCodec.fs:16, src/Wanxiangshu/Persistence/EventStore/CanonicalEventCodec.fs:100)
check	Run verification	2026-10-05T18:20:07.4118631Z   [low] src/Wanxiangshu/Wanxiangshu.Owner.durable-events.persistence-eventstore-model.fsproj -> Wanxiangshu.Owner.durable-events.persistence-journal-promptfactcodec.fsproj: type-name 'StreamId' (src/Wanxiangshu/Persistence/EventStore/Model.fsi:21, src/Wanxiangshu/Persistence/EventStore/Model.fs:29)
check	Run verification	2026-10-05T18:20:07.4123785Z   [low] src/Wanxiangshu/Wanxiangshu.Owner.durable-events.persistence-eventstore-storetypes.fsproj -> Wanxiangshu.Owner.dispatch-protocol.interaction-dispatch-opencode-ingresscodec.fsproj: type-name 'Store' (src/Wanxiangshu/Persistence/EventStore/EventStoreHandle.fsi:9, src/Wanxiangshu/Persistence/EventStore/EventStoreHandle.fs:13)
check	Run verification	2026-10-05T18:20:07.4128941Z   [low] src/Wanxiangshu/Wanxiangshu.Owner.durable-events.persistence-eventstore-strengthsurface.fsproj -> Wanxiangshu.Owner.dispatch-protocol.interaction-dispatch-opencode-ingresscodec.fsproj: type-name 'Store' (src/Wanxiangshu/Persistence/EventStore/StrengthSurface.fs:15)
check	Run verification	2026-10-05T18:20:07.4134029Z   [low] src/Wanxiangshu/Wanxiangshu.Owner.durable-events.persistence-journal-agentjournal.fsproj -> Wanxiangshu.Owner.epistemic-reasoning.sphinx-v2-core.fsproj: type-name 'Attempt' (src/Wanxiangshu/Persistence/Journal/AgentJournal.fs:16, src/Wanxiangshu/Composition/Durable/ChatExecutionJournal.fsi:11, src/Wanxiangshu/Composition/Durable/ChatExecutionJournal.fs:15)
check	Run verification	2026-10-05T18:20:07.4139380Z   [low] src/Wanxiangshu/Wanxiangshu.Owner.durable-events.persistence-journal-agentjournal.fsproj -> Wanxiangshu.Owner.context-compression.context-companion-companionfactfold.fsproj: type-name 'Companion' (src/Wanxiangshu/Persistence/Journal/AgentJournal.fs:73)
check	Run verification	2026-10-05T18:20:07.4143603Z   [low] src/Wanxiangshu/Wanxiangshu.Owner.durable-events.persistence-journal-agentjournal.fsproj -> Wanxiangshu.Owner.behavior-diagnosis.enforcer-continuation.fsproj: type-name 'Context' (src/Wanxiangshu/Persistence/Journal/AgentJournal.fs:74, src/Wanxiangshu/Composition/Durable/ChatExecutionJournal.fsi:6, src/Wanxiangshu/Composition/Durable/ChatExecutionJournal.fs:10)
check	Run verification	2026-10-05T18:20:07.4146146Z   [low] src/Wanxiangshu/Wanxiangshu.Owner.durable-events.persistence-journal-agentjournal.fsproj -> Wanxiangshu.Owner.opencode-plugin.plugin-composition.fsproj: type-name 'Host' (src/Wanxiangshu/Persistence/Journal/AgentJournal.fs:75)
check	Run verification	2026-10-05T18:20:07.4148307Z   [low] src/Wanxiangshu/Wanxiangshu.Owner.durable-events.persistence-journal-agentjournal.fsproj -> Wanxiangshu.Owner.change-integration.git-integrationgate.fsproj: type-name 'Orchestrator' (src/Wanxiangshu/Persistence/Journal/AgentJournal.fs:72)
check	Run verification	2026-10-05T18:20:07.4150764Z   [low] src/Wanxiangshu/Wanxiangshu.Owner.durable-events.persistence-journal-agentjournal.fsproj -> Wanxiangshu.Owner.epistemic-reasoning.sphinx-v2-core.fsproj: type-name 'Revision' (src/Wanxiangshu/Persistence/Journal/AgentJournal.fsi:15, src/Wanxiangshu/Persistence/Journal/AgentJournal.fsi:44, src/Wanxiangshu/Persistence/Journal/AgentJournal.fs:23)
check	Run verification	2026-10-05T18:20:07.4153985Z   [high] src/Wanxiangshu/Wanxiangshu.Owner.durable-events.persistence-journal-agentjournal.fsproj -> Wanxiangshu.Owner.provider-language.participant-provider-language.fsproj, Wanxiangshu.Owner.provider-language.participant-provider-languagesurface.fsproj, Wanxiangshu.Owner.runtime-platform.language.fsproj: open 'Wanxiangshu.Participant.Provider' (src/Wanxiangshu/Composition/Durable/ChatExecutionJournal.fs:18)
check	Run verification	2026-10-05T18:20:07.4157682Z   [high] src/Wanxiangshu/Wanxiangshu.Owner.durable-events.persistence-journal-agentjournal.fsproj -> Wanxiangshu.Owner.provider-language.participant-provider-language.fsproj, Wanxiangshu.Owner.provider-language.participant-provider-languagesurface.fsproj, Wanxiangshu.Owner.runtime-platform.language.fsproj: qualified 'Wanxiangshu.Participant.Provider' (src/Wanxiangshu/Composition/Durable/ChatExecutionJournal.fs:18)
check	Run verification	2026-10-05T18:20:07.4161060Z   [low] src/Wanxiangshu/Wanxiangshu.Owner.durable-events.persistence-journal-eventstorewriter.fsproj -> Wanxiangshu.Owner.behavior-diagnosis.enforcer-continuation.fsproj: type-name 'Context' (src/Wanxiangshu/Persistence/Journal/EventStoreJournalWriter.fs:15, src/Wanxiangshu/Persistence/Journal/EventStoreJournalWriter.fs:154, src/Wanxiangshu/Persistence/Journal/EventStoreJournalWriter.fs:157)
check	Run verification	2026-10-05T18:20:07.4163815Z   [low] src/Wanxiangshu/Wanxiangshu.Owner.durable-events.persistence-journal-eventstorewriter.fsproj -> Wanxiangshu.Owner.opencode-plugin.plugin-composition.fsproj: type-name 'Host' (src/Wanxiangshu/Persistence/Journal/EventStoreJournalWriter.fs:11)
check	Run verification	2026-10-05T18:20:07.4166444Z   [high] src/Wanxiangshu/Wanxiangshu.Owner.durable-events.persistence-journal-eventstorewriter.fsproj -> Wanxiangshu.Owner.epistemic-reasoning.sphinx-v2-core.fsproj: module-prefix 'Work' (src/Wanxiangshu/Persistence/Journal/EventStoreJournalWriter.fs:253, src/Wanxiangshu/Persistence/Journal/EventStoreJournalWriter.fs:254, src/Wanxiangshu/Persistence/Journal/EventStoreJournalWriter.fs:255)
check	Run verification	2026-10-05T18:20:07.4169101Z   [low] src/Wanxiangshu/Wanxiangshu.Owner.durable-events.persistence-journal-promptfactcodec.fsproj -> Wanxiangshu.Owner.epistemic-reasoning.sphinx-v2-core.fsproj: type-name 'Attempt' (src/Wanxiangshu/Persistence/Journal/Envelope.fs:23)
check	Run verification	2026-10-05T18:20:07.4171506Z   [low] src/Wanxiangshu/Wanxiangshu.Owner.durable-events.persistence-journal-promptfactcodec.fsproj -> Wanxiangshu.Owner.context-compression.context-companion-companionfactfold.fsproj: type-name 'Companion' (src/Wanxiangshu/Persistence/Journal/Envelope.fs:10, src/Wanxiangshu/Persistence/Journal/Envelope.fs:316)
check	Run verification	2026-10-05T18:20:07.4174216Z   [low] src/Wanxiangshu/Wanxiangshu.Owner.durable-events.persistence-journal-promptfactcodec.fsproj -> Wanxiangshu.Owner.behavior-diagnosis.enforcer-continuation.fsproj: type-name 'Context' (src/Wanxiangshu/Persistence/Journal/Envelope.fs:10, src/Wanxiangshu/Persistence/Journal/Envelope.fs:317, src/Wanxiangshu/Composition/Durable/ProjectionUpdate.fsi:3)
check	Run verification	2026-10-05T18:20:07.4177148Z   [high] src/Wanxiangshu/Wanxiangshu.Owner.durable-events.persistence-journal-promptfactcodec.fsproj -> Wanxiangshu.Owner.epistemic-reasoning.sphinx-v2-core.fsproj: module-prefix 'Decode' (src/Wanxiangshu/Persistence/Journal/PromptFactCodec.fs:122, src/Wanxiangshu/Persistence/Journal/PromptFactCodec.fs:122, src/Wanxiangshu/Persistence/Journal/PromptFactCodec.fs:123)
check	Run verification	2026-10-05T18:20:07.4180215Z   [high] src/Wanxiangshu/Wanxiangshu.Owner.durable-events.persistence-journal-promptfactcodec.fsproj -> Wanxiangshu.Owner.epistemic-reasoning.sphinx-v2-core.fsproj: module-prefix 'Encode' (src/Wanxiangshu/Persistence/Journal/PromptFactCodec.fs:13, src/Wanxiangshu/Persistence/Journal/PromptFactCodec.fs:13, src/Wanxiangshu/Persistence/Journal/PromptFactCodec.fs:13)
check	Run verification	2026-10-05T18:20:07.4183369Z   [low] src/Wanxiangshu/Wanxiangshu.Owner.durable-events.persistence-journal-promptfactcodec.fsproj -> Wanxiangshu.Owner.opencode-plugin.plugin-composition.fsproj: type-name 'Host' (src/Wanxiangshu/Persistence/Journal/FactCodec.fs:12, src/Wanxiangshu/Persistence/Journal/FactCodec.fs:171, src/Wanxiangshu/Persistence/Journal/Envelope.fs:17)
check	Run verification	2026-10-05T18:20:07.4188331Z   [low] src/Wanxiangshu/Wanxiangshu.Owner.durable-events.persistence-journal-promptfactcodec.fsproj -> Wanxiangshu.Owner.opencode-plugin.plugin-composition.fsproj: static-member 'Host' (src/Wanxiangshu/Composition/Durable/ProjectionUpdate.fs:9, src/Wanxiangshu/Composition/Durable/ProjectionUpdate.fs:10)
check	Run verification	2026-10-05T18:20:07.4192433Z   [low] src/Wanxiangshu/Wanxiangshu.Owner.durable-events.persistence-journal-promptfactcodec.fsproj -> Wanxiangshu.Owner.change-integration.git-integrationgate.fsproj: type-name 'Orchestrator' (src/Wanxiangshu/Persistence/Journal/Envelope.fs:315)
check	Run verification	2026-10-05T18:20:07.4196321Z   [low] src/Wanxiangshu/Wanxiangshu.Owner.durable-events.persistence-journal-promptfactcodec.fsproj -> Wanxiangshu.Owner.host-provider-failure-ownership.opencode-host-providerfailurepresentation.fsproj: type-name 'Presentation' (src/Wanxiangshu/Persistence/Journal/Envelope.fs:271)
check	Run verification	2026-10-05T18:20:07.4199349Z   [low] src/Wanxiangshu/Wanxiangshu.Owner.durable-events.persistence-journal-promptfactcodec.fsproj -> Wanxiangshu.Owner.dispatch-protocol.dispatch-runtime.fsproj: type-name 'Runtime' (src/Wanxiangshu/Persistence/Journal/FactCodec.fs:153, src/Wanxiangshu/Persistence/Journal/FactCodec.fs:154, src/Wanxiangshu/Persistence/Journal/Envelope.fs:331)
check	Run verification	2026-10-05T18:20:07.4202068Z   [low] src/Wanxiangshu/Wanxiangshu.Owner.durable-events.persistence-journal-surface.fsproj -> Wanxiangshu.Owner.behavior-diagnosis.enforcer-continuation.fsproj: type-name 'Context' (src/Wanxiangshu/Persistence/Journal/Surface.fs:12, src/Wanxiangshu/Persistence/Journal/Surface.fs:22, src/Wanxiangshu/Persistence/Journal/Surface.fs:23)
check	Run verification	2026-10-05T18:20:07.4206577Z   [low] src/Wanxiangshu/Wanxiangshu.Owner.durable-events.persistence-journal-surface.fsproj -> Wanxiangshu.Owner.opencode-plugin.plugin-composition.fsproj: static-member 'Host' (src/Wanxiangshu/Persistence/Journal/Surface.fs:26, src/Wanxiangshu/Persistence/Journal/Surface.fs:27)
check	Run verification	2026-10-05T18:20:07.4211155Z   [low] src/Wanxiangshu/Wanxiangshu.Owner.durable-events.persistence-journal-surface.fsproj -> Wanxiangshu.Owner.opencode-plugin.plugin-composition.fsproj: type-name 'Host' (src/Wanxiangshu/Persistence/Journal/Surface.fs:14, src/Wanxiangshu/Persistence/Journal/Surface.fs:26, src/Wanxiangshu/Persistence/Journal/Surface.fs:27)
check	Run verification	2026-10-05T18:20:07.4214336Z   [low] src/Wanxiangshu/Wanxiangshu.Owner.durable-events.persistence-journal-surface.fsproj -> Wanxiangshu.Owner.change-integration.git-integrationgate.fsproj: type-name 'ManagerJob' (src/Wanxiangshu/Persistence/Journal/Surface.fs:191)
check	Run verification	2026-10-05T18:20:07.4216406Z   [high] src/Wanxiangshu/Wanxiangshu.Owner.durable-events.runtime.fsproj -> Wanxiangshu.Owner.epistemic-reasoning.sphinx-v2-integration.fsproj: module-prefix 'Bind' (src/Wanxiangshu/Persistence/EventStore/Surface.fs:117, src/Wanxiangshu/Persistence/EventStore/Surface.fs:117)
check	Run verification	2026-10-05T18:20:07.4218510Z   [low] src/Wanxiangshu/Wanxiangshu.Owner.durable-events.runtime.fsproj -> Wanxiangshu.Owner.behavior-diagnosis.enforcer-continuation.fsproj: type-name 'Context' (src/Wanxiangshu/Persistence/Journal/CodecSurface.fs:10)
check	Run verification	2026-10-05T18:20:07.4220797Z   [low] src/Wanxiangshu/Wanxiangshu.Owner.durable-events.runtime.fsproj -> Wanxiangshu.Owner.change-integration.git-integrationgate.fsproj: type-name 'Orchestrator' (src/Wanxiangshu/Persistence/Journal/FactCodecSurface.fs:211, src/Wanxiangshu/Persistence/Journal/FactCodecSurface.fs:220, src/Wanxiangshu/Persistence/Journal/FactCodecSurface.fs:229)
check	Run verification	2026-10-05T18:20:07.4223558Z   [low] src/Wanxiangshu/Wanxiangshu.Owner.durable-events.runtime.fsproj -> Wanxiangshu.Owner.dispatch-protocol.interaction-dispatch-opencode-ingresscodec.fsproj: static-member 'Store' (src/Wanxiangshu/Persistence/EventStore/Surface.fs:136, src/Wanxiangshu/Persistence/EventStore/Surface.fs:152, src/Wanxiangshu/Persistence/EventStore/Surface.fs:160)
check	Run verification	2026-10-05T18:20:07.4226314Z   [low] src/Wanxiangshu/Wanxiangshu.Owner.durable-events.runtime.fsproj -> Wanxiangshu.Owner.dispatch-protocol.interaction-dispatch-opencode-ingresscodec.fsproj: type-name 'Store' (src/Wanxiangshu/Persistence/EventStore/Surface.fs:136, src/Wanxiangshu/Persistence/EventStore/Surface.fs:152, src/Wanxiangshu/Persistence/EventStore/Surface.fs:160)
check	Run verification	2026-10-05T18:20:07.4228735Z   [high] src/Wanxiangshu/Wanxiangshu.Owner.durable-events.runtime.fsproj -> Wanxiangshu.Owner.epistemic-reasoning.sphinx-v2-integration.fsproj: open 'Wanxiangshu.Sphinx.V2.Composition' (src/Wanxiangshu/Persistence/EventStore/Surface.fs:9)
check	Run verification	2026-10-05T18:20:07.4230682Z   [high] src/Wanxiangshu/Wanxiangshu.Owner.durable-events.runtime.fsproj -> Wanxiangshu.Owner.epistemic-reasoning.sphinx-v2-integration.fsproj: qualified 'Wanxiangshu.Sphinx.V2.Composition' (src/Wanxiangshu/Persistence/EventStore/Surface.fs:9)
check	Run verification	2026-10-05T18:20:07.4233137Z   [low] src/Wanxiangshu/Wanxiangshu.Owner.durable-events.strength-persistence-durabilityport.fsproj -> Wanxiangshu.Owner.epistemic-reasoning.sphinx-v2-core.fsproj: type-name 'DecisionId' (src/Wanxiangshu/Strength/Persistence/DurabilityPort.fsi:23, src/Wanxiangshu/Strength/Persistence/DurabilityPort.fs:23, src/Wanxiangshu/Strength/Persistence/Store.fs:38)
check	Run verification	2026-10-05T18:20:07.4236058Z   [high] src/Wanxiangshu/Wanxiangshu.Owner.durable-events.strength-persistence-durabilityport.fsproj -> Wanxiangshu.Owner.epistemic-reasoning.sphinx-v2-core.fsproj: module-prefix 'Decode' (src/Wanxiangshu/Strength/Persistence/Store.fs:244, src/Wanxiangshu/Strength/Persistence/Store.fs:245, src/Wanxiangshu/Strength/Persistence/Store.fs:246)
check	Run verification	2026-10-05T18:20:07.4238924Z   [high] src/Wanxiangshu/Wanxiangshu.Owner.durable-events.strength-persistence-durabilityport.fsproj -> Wanxiangshu.Owner.epistemic-reasoning.sphinx-v2-core.fsproj: module-prefix 'Encode' (src/Wanxiangshu/Strength/Persistence/Store.fs:120, src/Wanxiangshu/Strength/Persistence/Store.fs:121, src/Wanxiangshu/Strength/Persistence/Store.fs:122)
check	Run verification	2026-10-05T18:20:07.4241655Z   [low] src/Wanxiangshu/Wanxiangshu.Owner.durable-events.strength-persistence-durabilityport.fsproj -> Wanxiangshu.Owner.dispatch-protocol.foundation-llm-facing.fsproj: type-name 'Field' (src/Wanxiangshu/Strength/Persistence/Store.fs:245, src/Wanxiangshu/Strength/Persistence/Store.fs:246, src/Wanxiangshu/Strength/Persistence/Store.fs:247)
check	Run verification	2026-10-05T18:20:07.4244100Z   [low] src/Wanxiangshu/Wanxiangshu.Owner.durable-events.strength-persistence-durabilityport.fsproj -> Wanxiangshu.Owner.opencode-plugin.plugin-composition.fsproj: type-name 'Host' (src/Wanxiangshu/Strength/Persistence/Durability.fs:6)
check	Run verification	2026-10-05T18:20:07.4246133Z   [low] src/Wanxiangshu/Wanxiangshu.Owner.durable-events.strength-persistence-durabilityport.fsproj -> Wanxiangshu.Owner.durable-events.persistence-journal-promptfactcodec.fsproj: type-name 'StreamId' (src/Wanxiangshu/Strength/Persistence/Store.fs:295)
check	Run verification	2026-10-05T18:20:07.4248418Z   [low] src/Wanxiangshu/Wanxiangshu.Owner.epistemic-reasoning.sphinx-v2-core.fsproj -> Wanxiangshu.Owner.behavior-diagnosis.enforcer-continuation.fsproj: type-name 'Context' (src/Wanxiangshu/Sphinx/V2/Runtime/Context.fsi:32, src/Wanxiangshu/Sphinx/V2/Runtime/Context.fs:41)
check	Run verification	2026-10-05T18:20:07.4250857Z   [low] src/Wanxiangshu/Wanxiangshu.Owner.epistemic-reasoning.sphinx-v2-core.fsproj -> Wanxiangshu.Owner.interaction-authority.opencode-host-chatadmission-intent.fsproj: type-name 'Decision' (src/Wanxiangshu/Sphinx/V2/Core/Events.fsi:82, src/Wanxiangshu/Sphinx/V2/Core/Events.fs:90, src/Wanxiangshu/Sphinx/V2/Core/Representation.fs:334)
check	Run verification	2026-10-05T18:20:07.4253360Z   [low] src/Wanxiangshu/Wanxiangshu.Owner.epistemic-reasoning.sphinx-v2-core.fsproj -> Wanxiangshu.Owner.delegation.delegation-sync-runtime.fsproj: type-name 'Dependencies' (src/Wanxiangshu/Sphinx/V2/Core/Work.fsi:27, src/Wanxiangshu/Sphinx/V2/Core/Work.fs:37, src/Wanxiangshu/Sphinx/V2/Core/Work.fs:75)
check	Run verification	2026-10-05T18:20:07.4255377Z   [low] src/Wanxiangshu/Wanxiangshu.Owner.epistemic-reasoning.sphinx-v2-core.fsproj -> Wanxiangshu.Owner.opencode-plugin.plugin-composition.fsproj: type-name 'Host' (src/Wanxiangshu/Sphinx/V2/Core/Projection.fs:167)
check	Run verification	2026-10-05T18:20:07.4257788Z   [low] src/Wanxiangshu/Wanxiangshu.Owner.epistemic-reasoning.sphinx-v2-core.fsproj -> Wanxiangshu.Owner.epistemic-reasoning.sphinx-v2-integration.fsproj: type-name 'ProviderAdapter' (src/Wanxiangshu/Sphinx/V2/Plugins/Provider/Adapter.fsi:26, src/Wanxiangshu/Sphinx/V2/Plugins/Provider/Adapter.fs:34, src/Wanxiangshu/Sphinx/V2/Runtime/Surface.fs:222)
check	Run verification	2026-10-05T18:20:07.4260366Z   [low] src/Wanxiangshu/Wanxiangshu.Owner.epistemic-reasoning.sphinx-v2-core.fsproj -> Wanxiangshu.Owner.participant-identity.foundation-roles.fsproj: type-name 'Role' (src/Wanxiangshu/Sphinx/V2/Core/Graph.fsi:13, src/Wanxiangshu/Sphinx/V2/Core/Graph.fs:30, src/Wanxiangshu/Sphinx/V2/Core/Representation.fs:121)
check	Run verification	2026-10-05T18:20:07.4262809Z   [low] src/Wanxiangshu/Wanxiangshu.Owner.epistemic-reasoning.sphinx-v2-core.fsproj -> Wanxiangshu.Owner.dispatch-protocol.dispatch-runtime.fsproj: type-name 'Runtime' (src/Wanxiangshu/Sphinx/V2/Runtime/Contracts.fsi:1, src/Wanxiangshu/Sphinx/V2/Runtime/Contracts.fs:1, src/Wanxiangshu/Sphinx/V2/Runtime/Ports.fsi:1)
check	Run verification	2026-10-05T18:20:07.4265415Z   [low] src/Wanxiangshu/Wanxiangshu.Owner.epistemic-reasoning.sphinx-v2-core.fsproj -> Wanxiangshu.Owner.session-ontology.execution-session-syncdelegaterole.fsproj: type-name 'Spec' (src/Wanxiangshu/Sphinx/V2/Core/Work.fsi:35, src/Wanxiangshu/Sphinx/V2/Core/Work.fs:45, src/Wanxiangshu/Sphinx/V2/Core/State.fs:143)
check	Run verification	2026-10-05T18:20:07.4268053Z   [low] src/Wanxiangshu/Wanxiangshu.Owner.epistemic-reasoning.sphinx-v2-core.fsproj -> Wanxiangshu.Owner.session-ontology.execution-session-syncdelegaterole.fsproj: static-member 'Spec' (src/Wanxiangshu/Sphinx/V2/Core/State.fs:143, src/Wanxiangshu/Sphinx/V2/Core/Reducer.fs:240, src/Wanxiangshu/Sphinx/V2/Core/Reducer.fs:242)
check	Run verification	2026-10-05T18:20:07.4270321Z   [low] src/Wanxiangshu/Wanxiangshu.Owner.epistemic-reasoning.sphinx-v2-core.fsproj -> Wanxiangshu.Owner.action-affordance.runtime.fsproj: type-name 'Tool' (src/Wanxiangshu/Sphinx/V2/Hosts/Mcp/Tool.fsi:67, src/Wanxiangshu/Sphinx/V2/Hosts/Mcp/Tool.fs:72)
check	Run verification	2026-10-05T18:20:07.4272594Z   [low] src/Wanxiangshu/Wanxiangshu.Owner.epistemic-reasoning.sphinx-v2-integration.fsproj -> Wanxiangshu.Owner.opencode-plugin.plugin-composition.fsproj: type-name 'Host' (src/Wanxiangshu/Sphinx/V2/Composition/Bind.fs:25, src/Wanxiangshu/Sphinx/V2/Composition/Commands.fs:9, src/Wanxiangshu/Sphinx/V2/Hosts/Mcp/Server.fs:9)
check	Run verification	2026-10-05T18:20:07.4275140Z   [low] src/Wanxiangshu/Wanxiangshu.Owner.epistemic-reasoning.sphinx-v2-integration.fsproj -> Wanxiangshu.Owner.action-affordance.runtime.fsproj: type-name 'Tool' (src/Wanxiangshu/Sphinx/V2/Wire/Surface.fs:44, src/Wanxiangshu/Sphinx/V2/Wire/Surface.fs:52, src/Wanxiangshu/Sphinx/V2/Wire/Surface.fs:55)
check	Run verification	2026-10-05T18:20:07.4277775Z   [low] src/Wanxiangshu/Wanxiangshu.Owner.execution-failure-policy.execution-failure-decision.fsproj -> Wanxiangshu.Owner.epistemic-reasoning.sphinx-v2-core.fsproj: type-name 'Attempt' (src/Wanxiangshu/Execution/Failure/Decision.fsi:5, src/Wanxiangshu/Execution/Failure/Decision.fs:5, src/Wanxiangshu/Execution/Failure/Policy.fs:3)
check	Run verification	2026-10-05T18:20:07.4280087Z   [high] src/Wanxiangshu/Wanxiangshu.Owner.execution-failure-policy.execution-failure-decision.fsproj -> Wanxiangshu.Owner.epistemic-reasoning.sphinx-v2-core.fsproj: module-prefix 'DecisionId' (src/Wanxiangshu/Execution/Failure/Surface.fs:137)
check	Run verification	2026-10-05T18:20:07.4282070Z   [low] src/Wanxiangshu/Wanxiangshu.Owner.execution-failure-policy.execution-failure-decision.fsproj -> Wanxiangshu.Owner.epistemic-reasoning.sphinx-v2-core.fsproj: type-name 'DecisionId' (src/Wanxiangshu/Execution/Failure/Surface.fs:137)
check	Run verification	2026-10-05T18:20:07.4284232Z   [low] src/Wanxiangshu/Wanxiangshu.Owner.execution-failure-policy.execution-failure-decision.fsproj -> Wanxiangshu.Owner.dispatch-protocol.foundation-llm-facing.fsproj: type-name 'Value' (src/Wanxiangshu/Execution/Failure/Surface.fs:137, src/Wanxiangshu/Execution/Failure/Surface.fs:148)
check	Run verification	2026-10-05T18:20:07.4286549Z   [low] src/Wanxiangshu/Wanxiangshu.Owner.execution-failure-policy.execution-failure-model.fsproj -> Wanxiangshu.Owner.epistemic-reasoning.sphinx-v2-core.fsproj: type-name 'Attempt' (src/Wanxiangshu/Execution/Failure/Model.fsi:4, src/Wanxiangshu/Execution/Failure/Model.fs:3)
check	Run verification	2026-10-05T18:20:07.4288894Z   [low] src/Wanxiangshu/Wanxiangshu.Owner.execution-failure-policy.execution-failure-model.fsproj -> Wanxiangshu.Owner.epistemic-reasoning.sphinx-v2-core.fsproj: type-name 'DecisionId' (src/Wanxiangshu/Execution/Failure/Model.fsi:67, src/Wanxiangshu/Execution/Failure/Model.fs:75)
check	Run verification	2026-10-05T18:20:07.4291352Z   [low] src/Wanxiangshu/Wanxiangshu.Owner.execution-failure-policy.execution-failure-model.fsproj -> Wanxiangshu.Owner.dispatch-protocol.foundation-llm-facing.fsproj: type-name 'Value' (src/Wanxiangshu/Execution/Failure/Model.fsi:35, src/Wanxiangshu/Execution/Failure/Model.fsi:62, src/Wanxiangshu/Execution/Failure/Model.fs:36)
check	Run verification	2026-10-05T18:20:07.4294202Z   [low] src/Wanxiangshu/Wanxiangshu.Owner.execution-model-routing.opencode-host-modelroutingsurface.fsproj -> Wanxiangshu.Owner.epistemic-reasoning.sphinx-v2-integration.fsproj: type-name 'RuntimeHandle' (src/Wanxiangshu/OpenCode/Host/ModelRoutingSurface.fs:15, src/Wanxiangshu/OpenCode/Host/ModelRoutingSurface.fs:373, src/Wanxiangshu/OpenCode/Host/ModelRoutingSurface.fs:539)
check	Run verification	2026-10-05T18:20:07.4297245Z   [low] src/Wanxiangshu/Wanxiangshu.Owner.execution-model-routing.strength-policy.fsproj -> Wanxiangshu.Owner.epistemic-reasoning.sphinx-v2-core.fsproj: type-name 'Fence' (src/Wanxiangshu/OpenCode/Host/ModelCapacity/Model.fsi:63, src/Wanxiangshu/OpenCode/Host/ModelCapacity/Model.fsi:100, src/Wanxiangshu/OpenCode/Host/ModelCapacity/Model.fs:63)
check	Run verification	2026-10-05T18:20:07.4300070Z   [high] src/Wanxiangshu/Wanxiangshu.Owner.execution-model-routing.strength-policy.fsproj -> Wanxiangshu.Owner.relay-assessment.mission-relay-assessment.fsproj: module-prefix 'Model' (src/Wanxiangshu/OpenCode/Host/ModelRouting.fs:310, src/Wanxiangshu/OpenCode/Host/ModelRouting.fs:312, src/Wanxiangshu/OpenCode/Host/ModelRouting.fs:313)
check	Run verification	2026-10-05T18:20:07.4302754Z   [low] src/Wanxiangshu/Wanxiangshu.Owner.execution-model-routing.strength-policy.fsproj -> Wanxiangshu.Owner.epistemic-reasoning.sphinx-v2-core.fsproj: type-name 'NodeId' (src/Wanxiangshu/OpenCode/Host/ModelCapacity/Model.fsi:99, src/Wanxiangshu/OpenCode/Host/ModelCapacity/Model.fs:94, src/Wanxiangshu/OpenCode/Host/ModelCapacity/Queue.fs:106)
check	Run verification	2026-10-05T18:20:07.4305364Z   [high] src/Wanxiangshu/Wanxiangshu.Owner.feature-ablation.ablation-kernel.fsproj -> Wanxiangshu.Owner.epistemic-reasoning.sphinx-v2-core.fsproj: module-prefix 'Decode' (src/Wanxiangshu/Ablation/Manifest.fs:36, src/Wanxiangshu/Ablation/Manifest.fs:37, src/Wanxiangshu/Ablation/Manifest.fs:38)
check	Run verification	2026-10-05T18:20:07.4307774Z   [low] src/Wanxiangshu/Wanxiangshu.Owner.feature-ablation.ablation-kernel.fsproj -> Wanxiangshu.Owner.dispatch-protocol.foundation-llm-facing.fsproj: type-name 'Field' (src/Wanxiangshu/Ablation/Manifest.fs:37, src/Wanxiangshu/Ablation/Manifest.fs:38, src/Wanxiangshu/Ablation/Manifest.fs:39)
check	Run verification	2026-10-05T18:20:07.4310510Z   [low] src/Wanxiangshu/Wanxiangshu.Owner.guidance-delivery.enforcer-guidance-tip.fsproj -> Wanxiangshu.Owner.behavior-diagnosis.enforcer-continuation.fsproj: type-name 'Context' (src/Wanxiangshu/OpenCode/Host/PairProgrammingThoughtTransform.fs:21, src/Wanxiangshu/OpenCode/Host/PairProgrammingThoughtSurface.fs:8, src/Wanxiangshu/OpenCode/Host/PairProgrammingThoughtSurface.fs:9)
check	Run verification	2026-10-05T18:20:07.4313350Z   [low] src/Wanxiangshu/Wanxiangshu.Owner.guidance-delivery.enforcer-guidance-tip.fsproj -> Wanxiangshu.Owner.opencode-plugin.plugin-composition.fsproj: type-name 'Host' (src/Wanxiangshu/Enforcer/Guidance/Tip.fsi:4, src/Wanxiangshu/Enforcer/Guidance/Tip.fs:6, src/Wanxiangshu/OpenCode/Host/PairProgrammingThoughtTransform.fsi:7)
check	Run verification	2026-10-05T18:20:07.4316201Z   [low] src/Wanxiangshu/Wanxiangshu.Owner.guidance-delivery.enforcer-guidance-tip.fsproj -> Wanxiangshu.Owner.opencode-plugin.plugin-composition.fsproj: static-member 'Host' (src/Wanxiangshu/OpenCode/Host/PairProgrammingThoughtTransform.fs:20, src/Wanxiangshu/OpenCode/Host/PairProgrammingThoughtTransform.fs:22, src/Wanxiangshu/OpenCode/Host/PairProgrammingThoughtSurface.fs:12)
check	Run verification	2026-10-05T18:20:07.4319319Z   [low] src/Wanxiangshu/Wanxiangshu.Owner.guidance-delivery.enforcer-guidance-tip.fsproj -> Wanxiangshu.Owner.host-provider-failure-ownership.opencode-host-providerfailurepresentation.fsproj: type-name 'Presentation' (src/Wanxiangshu/Enforcer/Guidance/Tip.fsi:12, src/Wanxiangshu/Enforcer/Guidance/Tip.fs:20, src/Wanxiangshu/Enforcer/Guidance/Tip.fs:94)
check	Run verification	2026-10-05T18:20:07.4322439Z   [low] src/Wanxiangshu/Wanxiangshu.Owner.guidance-delivery.enforcer-guidance-tip.fsproj -> Wanxiangshu.Owner.behavior-diagnosis.enforcer-continuation.fsproj: type-name 'SessionTermination' (src/Wanxiangshu/OpenCode/Host/PairProgrammingThoughtTransform.fs:1285, src/Wanxiangshu/OpenCode/Host/PairProgrammingThoughtTransform.fs:1357, src/Wanxiangshu/OpenCode/Host/PairProgrammingThoughtTransform.fs:1370)
check	Run verification	2026-10-05T18:20:07.4325807Z   [low] src/Wanxiangshu/Wanxiangshu.Owner.guidance-delivery.opencode-host-pairprogramming-guidelineprojection.fsproj -> Wanxiangshu.Owner.opencode-plugin.plugin-composition.fsproj: static-member 'Host' (src/Wanxiangshu/OpenCode/Host/PairProgramming/GuidelineProjection.fsi:1, src/Wanxiangshu/OpenCode/Host/PairProgramming/GuidelineProjection.fs:1, src/Wanxiangshu/OpenCode/Host/PairProgramming/GuidelineSurface.fsi:1)
check	Run verification	2026-10-05T18:20:07.4329480Z   [low] src/Wanxiangshu/Wanxiangshu.Owner.guidance-delivery.opencode-host-pairprogramming-guidelineprojection.fsproj -> Wanxiangshu.Owner.opencode-plugin.plugin-composition.fsproj: type-name 'Host' (src/Wanxiangshu/OpenCode/Host/PairProgramming/GuidelineProjection.fsi:1, src/Wanxiangshu/OpenCode/Host/PairProgramming/GuidelineProjection.fs:1, src/Wanxiangshu/OpenCode/Host/PairProgramming/GuidelineSurface.fsi:1)
check	Run verification	2026-10-05T18:20:07.4332536Z   [low] src/Wanxiangshu/Wanxiangshu.Owner.guidance-delivery.opencode-host-pairprogrammingcalibration.fsproj -> Wanxiangshu.Owner.opencode-plugin.plugin-composition.fsproj: type-name 'Host' (src/Wanxiangshu/OpenCode/Host/PairProgrammingCalibrationSurface.fsi:1, src/Wanxiangshu/OpenCode/Host/PairProgrammingCalibrationSurface.fs:1)
check	Run verification	2026-10-05T18:20:07.4335354Z   [low] src/Wanxiangshu/Wanxiangshu.Owner.host-boundary.host-diagnostics-runtime.fsproj -> Wanxiangshu.Owner.epistemic-reasoning.sphinx-v2-core.fsproj: type-name 'Attempt' (src/Wanxiangshu/OpenCode/Host/ReliabilityDiagnostics.fsi:9, src/Wanxiangshu/OpenCode/Host/ReliabilityDiagnostics.fs:5, src/Wanxiangshu/OpenCode/Host/ReliabilityDiagnosticsSurface.fs:8)
check	Run verification	2026-10-05T18:20:07.4338311Z   [low] src/Wanxiangshu/Wanxiangshu.Owner.host-boundary.host-diagnostics-runtime.fsproj -> Wanxiangshu.Owner.behavior-diagnosis.enforcer-continuation.fsproj: type-name 'Context' (src/Wanxiangshu/OpenCode/Host/HookPolicy.fsi:91, src/Wanxiangshu/OpenCode/Host/HookPolicy.fs:94, src/Wanxiangshu/OpenCode/Host/HookPolicy.fs:110)
check	Run verification	2026-10-05T18:20:07.4341052Z   [low] src/Wanxiangshu/Wanxiangshu.Owner.host-boundary.host-diagnostics-runtime.fsproj -> Wanxiangshu.Owner.opencode-plugin.plugin-composition.fsproj: type-name 'Host' (src/Wanxiangshu/OpenCode/Host/ReliabilityDiagnostics.fsi:1, src/Wanxiangshu/OpenCode/Host/ReliabilityDiagnostics.fs:1, src/Wanxiangshu/OpenCode/Host/ReliabilityDiagnosticsSurface.fsi:1)
check	Run verification	2026-10-05T18:20:07.4344382Z   [high] src/Wanxiangshu/Wanxiangshu.Owner.host-boundary.host-diagnostics-runtime.fsproj -> Wanxiangshu.Owner.epistemic-reasoning.sphinx-v2-core.fsproj: module-prefix 'Recovery' (src/Wanxiangshu/OpenCode/Host/ReliabilityDiagnosticsSurface.fs:474, src/Wanxiangshu/OpenCode/Host/ReliabilityDiagnosticsSurface.fs:475)
check	Run verification	2026-10-05T18:20:07.4347999Z   [low] src/Wanxiangshu/Wanxiangshu.Owner.host-boundary.host-signal-adapter.fsproj -> Wanxiangshu.Owner.epistemic-reasoning.sphinx-v2-core.fsproj: type-name 'Attempt' (src/Wanxiangshu/OpenCode/Codec/HostEventCodec.fs:73, src/Wanxiangshu/OpenCode/Signals/HostSignal.fsi:13, src/Wanxiangshu/OpenCode/Signals/HostSignal.fs:17)
check	Run verification	2026-10-05T18:20:07.4350661Z   [low] src/Wanxiangshu/Wanxiangshu.Owner.host-boundary.host-signal-adapter.fsproj -> Wanxiangshu.Owner.dispatch-protocol.foundation-llm-facing.fsproj: type-name 'Value' (src/Wanxiangshu/OpenCode/Host/Events.fs:80)
check	Run verification	2026-10-05T18:20:07.4352411Z   [low] src/Wanxiangshu/Wanxiangshu.Owner.host-boundary.host-tool-adapter.fsproj -> Wanxiangshu.Owner.opencode-plugin.plugin-composition.fsproj: type-name 'Host' (src/Wanxiangshu/OpenCode/Codec/ToolHostCodec.fs:11)
check	Run verification	2026-10-05T18:20:07.4354594Z   [low] src/Wanxiangshu/Wanxiangshu.Owner.host-boundary.loop-event-codec.fsproj -> Wanxiangshu.Owner.dispatch-protocol.foundation-llm-facing.fsproj: type-name 'Field' (src/Wanxiangshu/OpenCode/Codec/LoopEventCodec.fsi:10, src/Wanxiangshu/OpenCode/Codec/LoopEventCodec.fs:19, src/Wanxiangshu/OpenCode/Codec/LoopEventCodec.fs:52)
check	Run verification	2026-10-05T18:20:07.4357092Z   [low] src/Wanxiangshu/Wanxiangshu.Owner.host-boundary.opencode-host-fissionhostsurface.fsproj -> Wanxiangshu.Owner.behavior-diagnosis.enforcer-continuation.fsproj: type-name 'Context' (src/Wanxiangshu/OpenCode/Host/FissionHostSurface.fs:8, src/Wanxiangshu/OpenCode/Host/FissionHostSurface.fs:9)
check	Run verification	2026-10-05T18:20:07.4359810Z   [low] src/Wanxiangshu/Wanxiangshu.Owner.host-boundary.opencode-host-fissionhostsurface.fsproj -> Wanxiangshu.Owner.opencode-plugin.plugin-composition.fsproj: type-name 'Host' (src/Wanxiangshu/OpenCode/Host/FissionHostSurface.fsi:1, src/Wanxiangshu/OpenCode/Host/FissionHostSurface.fs:1)
check	Run verification	2026-10-05T18:20:07.4361942Z   [low] src/Wanxiangshu/Wanxiangshu.Owner.host-boundary.opencode-host-hostsignalbootstrap.fsproj -> Wanxiangshu.Owner.opencode-plugin.plugin-composition.fsproj: type-name 'Host' (src/Wanxiangshu/OpenCode/Host/HostSignalBootstrap.fs:19)
check	Run verification	2026-10-05T18:20:07.4364502Z   [high] src/Wanxiangshu/Wanxiangshu.Owner.host-boundary.opencode-host-hostsignalbootstrap.fsproj -> Wanxiangshu.Owner.dispatch-protocol.chat-admission-transaction.fsproj: module-prefix 'ProviderLifecycle' (src/Wanxiangshu/OpenCode/Host/HostSignalBootstrap.fs:395, src/Wanxiangshu/OpenCode/Host/HostSignalBootstrap.fs:402, src/Wanxiangshu/OpenCode/Host/HostSignalBootstrap.fs:442)
check	Run verification	2026-10-05T18:20:07.4367147Z   [high] src/Wanxiangshu/Wanxiangshu.Owner.host-boundary.opencode-host-hostsignalbootstrap.fsproj -> Wanxiangshu.Owner.host-boundary.opencode-host-providerrunbinding.fsproj: module-prefix 'ProviderRunBinding' (src/Wanxiangshu/OpenCode/Host/HostSignalBootstrap.fs:207)
check	Run verification	2026-10-05T18:20:07.4369882Z   [low] src/Wanxiangshu/Wanxiangshu.Owner.host-boundary.opencode-host-hostsignalbootstrap.fsproj -> Wanxiangshu.Owner.dispatch-protocol.chat-admission-transaction.fsproj: type-name 'ProviderStartObservationError' (src/Wanxiangshu/OpenCode/Host/HostSignalBootstrap.fs:395, src/Wanxiangshu/OpenCode/Host/HostSignalBootstrap.fs:442)
check	Run verification	2026-10-05T18:20:07.4372342Z   [low] src/Wanxiangshu/Wanxiangshu.Owner.host-boundary.opencode-host-pluginrecoveryscopesurface.fsproj -> Wanxiangshu.Owner.behavior-diagnosis.enforcer-continuation.fsproj: type-name 'Context' (src/Wanxiangshu/OpenCode/Host/PluginRecoveryScopeSurface.fs:4)
check	Run verification	2026-10-05T18:20:07.4374911Z   [low] src/Wanxiangshu/Wanxiangshu.Owner.host-boundary.opencode-host-sharedstate.fsproj -> Wanxiangshu.Owner.context-compression.context-companion-companionfactfold.fsproj: static-member 'Companion' (src/Wanxiangshu/OpenCode/Host/SharedState.fsi:4, src/Wanxiangshu/OpenCode/Host/SharedState.fsi:5, src/Wanxiangshu/OpenCode/Host/SharedState.fs:4)
check	Run verification	2026-10-05T18:20:07.4377846Z   [low] src/Wanxiangshu/Wanxiangshu.Owner.host-boundary.opencode-host-sharedstate.fsproj -> Wanxiangshu.Owner.context-compression.context-companion-companionfactfold.fsproj: type-name 'Companion' (src/Wanxiangshu/OpenCode/Host/SharedState.fsi:4, src/Wanxiangshu/OpenCode/Host/SharedState.fsi:5, src/Wanxiangshu/OpenCode/Host/SharedState.fs:4)
check	Run verification	2026-10-05T18:20:07.4380529Z   [low] src/Wanxiangshu/Wanxiangshu.Owner.host-boundary.opencode-host-sharedstate.fsproj -> Wanxiangshu.Owner.behavior-diagnosis.enforcer-continuation.fsproj: type-name 'Context' (src/Wanxiangshu/OpenCode/Host/SharedState.fsi:4, src/Wanxiangshu/OpenCode/Host/SharedState.fsi:5, src/Wanxiangshu/OpenCode/Host/SharedState.fs:4)
check	Run verification	2026-10-05T18:20:07.4382883Z   [low] src/Wanxiangshu/Wanxiangshu.Owner.host-boundary.opencode-host-sharedstate.fsproj -> Wanxiangshu.Owner.dispatch-protocol.dispatch-runtime.fsproj: type-name 'Runtime' (src/Wanxiangshu/OpenCode/Host/SharedState.fsi:5, src/Wanxiangshu/OpenCode/Host/SharedState.fs:5)
check	Run verification	2026-10-05T18:20:07.4385424Z   [low] src/Wanxiangshu/Wanxiangshu.Owner.host-boundary.opencode-host-sharedstatesurface.fsproj -> Wanxiangshu.Owner.epistemic-reasoning.sphinx-v2-core.fsproj: type-name 'Attempt' (src/Wanxiangshu/OpenCode/Host/PluginSessionScope.fs:22, src/Wanxiangshu/OpenCode/Host/PluginSessionScope.fs:42, src/Wanxiangshu/OpenCode/Host/PluginRecoveryScope.fsi:8)
check	Run verification	2026-10-05T18:20:07.4388350Z   [low] src/Wanxiangshu/Wanxiangshu.Owner.host-boundary.opencode-host-sharedstatesurface.fsproj -> Wanxiangshu.Owner.behavior-diagnosis.enforcer-continuation.fsproj: type-name 'Context' (src/Wanxiangshu/OpenCode/Host/PluginSessionScope.fsi:6, src/Wanxiangshu/OpenCode/Host/PluginSessionScope.fs:8, src/Wanxiangshu/OpenCode/Host/PluginSessionScope.fs:9)
check	Run verification	2026-10-05T18:20:07.4391496Z   [high] src/Wanxiangshu/Wanxiangshu.Owner.host-boundary.opencode-host-sharedstatesurface.fsproj -> Wanxiangshu.Owner.speculative-investigation.strength-event-vocabulary-contract.fsproj: module-prefix 'Delegation' (src/Wanxiangshu/OpenCode/Host/PluginSessionScope.fsi:7, src/Wanxiangshu/OpenCode/Host/PluginSessionScope.fs:13, src/Wanxiangshu/OpenCode/Host/PluginSessionScope.fs:32)
check	Run verification	2026-10-05T18:20:07.4394457Z   [low] src/Wanxiangshu/Wanxiangshu.Owner.host-boundary.opencode-host-sharedstatesurface.fsproj -> Wanxiangshu.Owner.opencode-plugin.plugin-composition.fsproj: type-name 'Host' (src/Wanxiangshu/OpenCode/Host/PluginSessionScope.fs:17, src/Wanxiangshu/OpenCode/Host/PluginSessionScope.fs:26, src/Wanxiangshu/OpenCode/Host/PluginRecoveryScope.fs:16)
check	Run verification	2026-10-05T18:20:07.4397299Z   [high] src/Wanxiangshu/Wanxiangshu.Owner.host-boundary.opencode-host-sharedstatesurface.fsproj -> Wanxiangshu.Owner.epistemic-reasoning.sphinx-v2-core.fsproj: module-prefix 'Profile' (src/Wanxiangshu/OpenCode/Host/PluginRecoveryScope.fs:151, src/Wanxiangshu/OpenCode/Host/PluginRecoveryScope.fs:261, src/Wanxiangshu/OpenCode/Host/PluginRecoveryScope.fs:266)
check	Run verification	2026-10-05T18:20:07.4399888Z   [low] src/Wanxiangshu/Wanxiangshu.Owner.host-boundary.opencode-host-workspaceeventstore.fsproj -> Wanxiangshu.Owner.behavior-diagnosis.enforcer-continuation.fsproj: type-name 'Context' (src/Wanxiangshu/OpenCode/Host/WorkspaceSharedJournal.fs:7)
check	Run verification	2026-10-05T18:20:07.4402286Z   [low] src/Wanxiangshu/Wanxiangshu.Owner.host-boundary.provider-system-transform.fsproj -> Wanxiangshu.Owner.change-integration.git-integrationgate.fsproj: type-name 'Orchestrator' (src/Wanxiangshu/OpenCode/Host/ProviderSystemTransform.fs:63, src/Wanxiangshu/OpenCode/Host/ProviderSystemTransform.fs:101)
check	Run verification	2026-10-05T18:20:07.4405417Z   [low] src/Wanxiangshu/Wanxiangshu.Owner.host-provider-failure-ownership.opencode-host-providerfailurepresentation.fsproj -> Wanxiangshu.Owner.execution-failure-policy.execution-failure-decision.fsproj: type-name 'ExecutionFailureDecision' (src/Wanxiangshu/OpenCode/Host/ProviderFailurePresentation.fsi:12, src/Wanxiangshu/OpenCode/Host/ProviderFailurePresentation.fsi:14, src/Wanxiangshu/OpenCode/Host/ProviderFailurePresentation.fs:12)
check	Run verification	2026-10-05T18:20:07.4408715Z   [high] src/Wanxiangshu/Wanxiangshu.Owner.host-provider-failure-ownership.opencode-host-providerfailurepresentation.fsproj -> Wanxiangshu.Owner.execution-failure-policy.execution-failure-decision.fsproj: module-prefix 'ExecutionFailurePolicy' (src/Wanxiangshu/OpenCode/Host/ProviderFailurePresentation.fs:45)
check	Run verification	2026-10-05T18:20:07.4411982Z   [low] src/Wanxiangshu/Wanxiangshu.Owner.host-provider-failure-ownership.opencode-host-providerfailurepresentation.fsproj -> Wanxiangshu.Owner.execution-failure-policy.execution-failure-decision.fsproj: static-member 'ExecutionFailureResolution' (src/Wanxiangshu/OpenCode/Host/ProviderFailurePresentation.fs:14, src/Wanxiangshu/OpenCode/Host/ProviderFailurePresentation.fs:15, src/Wanxiangshu/OpenCode/Host/ProviderFailurePresentation.fs:16)
check	Run verification	2026-10-05T18:20:07.4415691Z   [low] src/Wanxiangshu/Wanxiangshu.Owner.host-provider-failure-ownership.opencode-host-providerfailurepresentation.fsproj -> Wanxiangshu.Owner.execution-failure-policy.execution-failure-decision.fsproj: type-name 'ExecutionFailureResolution' (src/Wanxiangshu/OpenCode/Host/ProviderFailurePresentation.fs:14, src/Wanxiangshu/OpenCode/Host/ProviderFailurePresentation.fs:15, src/Wanxiangshu/OpenCode/Host/ProviderFailurePresentation.fs:16)
check	Run verification	2026-10-05T18:20:07.4421579Z   [medium] src/Wanxiangshu/Wanxiangshu.Owner.host-provider-failure-ownership.opencode-host-providerfailurepresentation.fsproj -> Wanxiangshu.Owner.durable-events.runtime.fsproj, Wanxiangshu.Owner.epistemic-reasoning.sphinx-v2-core.fsproj, Wanxiangshu.Owner.epistemic-reasoning.sphinx-v2-integration.fsproj, Wanxiangshu.Owner.execution-failure-policy.execution-failure-decision.fsproj, Wanxiangshu.Owner.interaction-authority.runtime.fsproj, Wanxiangshu.Owner.managed-chat-execution.runtime.fsproj, Wanxiangshu.Owner.relay-assessment.mission-relay-assessment.fsproj, Wanxiangshu.Owner.relay-incumbency.mission-relay-core.fsproj, Wanxiangshu.Owner.relay-retirement.mission-relay-retirement.fsproj, Wanxiangshu.Owner.requirement-grounding.requirement-grounding-model.fsproj: module-prefix 'Surface' (src/Wanxiangshu/OpenCode/Host/ProviderFailurePresentation.fs:44)
check	Run verification	2026-10-05T18:20:07.4426419Z   [low] src/Wanxiangshu/Wanxiangshu.Owner.institutional-learning.enforcer-institutionallearning-facts.fsproj -> Wanxiangshu.Owner.opencode-plugin.plugin-composition.fsproj: type-name 'Host' (src/Wanxiangshu/Enforcer/InstitutionalLearning/Enhancer.fs:5)
check	Run verification	2026-10-05T18:20:07.4429012Z   [low] src/Wanxiangshu/Wanxiangshu.Owner.interaction-authority.interaction-authority-fact.fsproj -> Wanxiangshu.Owner.session-ontology.execution-session-syncdelegaterole.fsproj: type-name 'Origin' (src/Wanxiangshu/Interaction/Authority/Run.fs:63, src/Wanxiangshu/Interaction/Authority/Run.fs:82, src/Wanxiangshu/Interaction/Authority/Run.fs:211)
check	Run verification	2026-10-05T18:20:07.4431534Z   [low] src/Wanxiangshu/Wanxiangshu.Owner.interaction-authority.interaction-authority-fold.fsproj -> Wanxiangshu.Owner.epistemic-reasoning.sphinx-v2-core.fsproj: type-name 'Attempt' (src/Wanxiangshu/Interaction/Authority/Fold.fsi:4, src/Wanxiangshu/Interaction/Authority/Fold.fs:4)
check	Run verification	2026-10-05T18:20:07.4433818Z   [low] src/Wanxiangshu/Wanxiangshu.Owner.interaction-authority.interaction-authority-fold.fsproj -> Wanxiangshu.Owner.session-ontology.execution-session-syncdelegaterole.fsproj: type-name 'Origin' (src/Wanxiangshu/Interaction/Authority/Fold.fs:124)
check	Run verification	2026-10-05T18:20:07.4436452Z   [low] src/Wanxiangshu/Wanxiangshu.Owner.interaction-authority.interaction-authority-identityseed.fsproj -> Wanxiangshu.Owner.interaction-authority.interaction-authority-model.fsproj: type-name 'ContinuationKind' (src/Wanxiangshu/Interaction/Authority/Facts.fsi:23, src/Wanxiangshu/Interaction/Authority/Facts.fs:30, src/Wanxiangshu/Interaction/Authority/PromptSessionFact.fsi:11)
check	Run verification	2026-10-05T18:20:07.4439622Z   [low] src/Wanxiangshu/Wanxiangshu.Owner.interaction-authority.interaction-authority-identityseed.fsproj -> Wanxiangshu.Owner.interaction-authority.interaction-authority-model.fsproj: type-name 'IdentitySeed' (src/Wanxiangshu/Interaction/Authority/Facts.fsi:11, src/Wanxiangshu/Interaction/Authority/Facts.fsi:26, src/Wanxiangshu/Interaction/Authority/Facts.fs:12)
check	Run verification	2026-10-05T18:20:07.4442143Z   [low] src/Wanxiangshu/Wanxiangshu.Owner.interaction-authority.interaction-authority-ledger.fsproj -> Wanxiangshu.Owner.session-ontology.execution-session-syncdelegaterole.fsproj: type-name 'Origin' (src/Wanxiangshu/Interaction/Authority/Ledger.fs:87)
check	Run verification	2026-10-05T18:20:07.4444350Z   [low] src/Wanxiangshu/Wanxiangshu.Owner.interaction-authority.interaction-authority-model.fsproj -> Wanxiangshu.Owner.epistemic-reasoning.sphinx-v2-core.fsproj: type-name 'Attempt' (src/Wanxiangshu/Interaction/Authority/Model.fsi:6, src/Wanxiangshu/Interaction/Authority/Model.fs:5)
check	Run verification	2026-10-05T18:20:07.4446956Z   [low] src/Wanxiangshu/Wanxiangshu.Owner.interaction-authority.interaction-authority-model.fsproj -> Wanxiangshu.Owner.session-ontology.execution-session-syncdelegaterole.fsproj: type-name 'Origin' (src/Wanxiangshu/Interaction/Authority/Model.fsi:72, src/Wanxiangshu/Interaction/Authority/Model.fsi:83, src/Wanxiangshu/Interaction/Authority/Model.fs:165)
check	Run verification	2026-10-05T18:20:07.4449761Z   [low] src/Wanxiangshu/Wanxiangshu.Owner.interaction-authority.interaction-repair-interactionrepair.fsproj -> Wanxiangshu.Owner.epistemic-reasoning.sphinx-v2-core.fsproj: type-name 'Attempt' (src/Wanxiangshu/Interaction/Repair/InteractionRepair.fs:16, src/Wanxiangshu/Interaction/Repair/InteractionRepair.fs:17)
check	Run verification	2026-10-05T18:20:07.4452205Z   [high] src/Wanxiangshu/Wanxiangshu.Owner.interaction-authority.interaction-repair-interactionrepair.fsproj -> Wanxiangshu.Owner.context-compression.companion-host-blogger.fsproj: module-prefix 'BloggerCoordinator' (src/Wanxiangshu/Interaction/Repair/InteractionRepair.fs:195)
check	Run verification	2026-10-05T18:20:07.4455192Z   [low] src/Wanxiangshu/Wanxiangshu.Owner.interaction-authority.interaction-repair-interactionrepair.fsproj -> Wanxiangshu.Owner.context-compression.companion-host-blogger.fsproj: static-member 'BloggerRepairOutcome' (src/Wanxiangshu/Interaction/Repair/InteractionRepair.fs:173, src/Wanxiangshu/Interaction/Repair/InteractionRepair.fs:174, src/Wanxiangshu/Interaction/Repair/InteractionRepair.fs:175)
check	Run verification	2026-10-05T18:20:07.4458593Z   [low] src/Wanxiangshu/Wanxiangshu.Owner.interaction-authority.interaction-repair-interactionrepair.fsproj -> Wanxiangshu.Owner.context-compression.companion-host-blogger.fsproj: type-name 'BloggerRepairOutcome' (src/Wanxiangshu/Interaction/Repair/InteractionRepair.fs:171, src/Wanxiangshu/Interaction/Repair/InteractionRepair.fs:173, src/Wanxiangshu/Interaction/Repair/InteractionRepair.fs:174)
check	Run verification	2026-10-05T18:20:07.4461762Z   [low] src/Wanxiangshu/Wanxiangshu.Owner.interaction-authority.interaction-repair-interactionrepair.fsproj -> Wanxiangshu.Owner.behavior-diagnosis.enforcer-continuation.fsproj: type-name 'Context' (src/Wanxiangshu/Interaction/Repair/InteractionRepair.fsi:5, src/Wanxiangshu/Interaction/Repair/InteractionRepair.fs:7, src/Wanxiangshu/Interaction/Repair/InteractionRepair.fs:8)
check	Run verification	2026-10-05T18:20:07.4464856Z   [high] src/Wanxiangshu/Wanxiangshu.Owner.interaction-authority.interaction-repair-interactionrepair.fsproj -> Wanxiangshu.Owner.dispatch-protocol.session-nudge.fsproj: module-prefix 'HostSessionNudge' (src/Wanxiangshu/Interaction/Repair/InteractionRepair.fs:50, src/Wanxiangshu/Interaction/Repair/InteractionRepair.fs:63, src/Wanxiangshu/Interaction/Repair/InteractionRepair.fs:64)
check	Run verification	2026-10-05T18:20:07.4468266Z   [low] src/Wanxiangshu/Wanxiangshu.Owner.interaction-authority.interaction-repair-interactionrepair.fsproj -> Wanxiangshu.Owner.context-compression.companion-host-blogger.fsproj: type-name 'IBloggerRuntimeHost' (src/Wanxiangshu/Interaction/Repair/InteractionRepair.fsi:11, src/Wanxiangshu/Interaction/Repair/InteractionRepair.fs:184, src/Wanxiangshu/Interaction/Repair/InteractionRepair.fs:211)
check	Run verification	2026-10-05T18:20:07.4471454Z   [low] src/Wanxiangshu/Wanxiangshu.Owner.interaction-authority.interaction-repair-interactionrepair.fsproj -> Wanxiangshu.Owner.dispatch-protocol.session-nudge.fsproj: type-name 'IdleContinuationOutcome' (src/Wanxiangshu/Interaction/Repair/InteractionRepair.fs:63, src/Wanxiangshu/Interaction/Repair/InteractionRepair.fs:64, src/Wanxiangshu/Interaction/Repair/InteractionRepair.fs:65)
check	Run verification	2026-10-05T18:20:07.4474639Z   [low] src/Wanxiangshu/Wanxiangshu.Owner.interaction-authority.interaction-repair-interactionrepair.fsproj -> Wanxiangshu.Owner.host-boundary.host-root-workspace-contract.fsproj: type-name 'IRootWorkspaceReader' (src/Wanxiangshu/Interaction/Repair/InteractionRepair.fsi:15, src/Wanxiangshu/Interaction/Repair/InteractionRepair.fsi:24, src/Wanxiangshu/Interaction/Repair/InteractionRepair.fsi:34)
check	Run verification	2026-10-05T18:20:07.4477932Z   [low] src/Wanxiangshu/Wanxiangshu.Owner.interaction-authority.opencode-host-chatadmission-intent.fsproj -> Wanxiangshu.Owner.managed-chat-execution.execution-session-chatexecution-facts.fsproj: type-name 'AcceptedChatExecutionEvidence' (src/Wanxiangshu/OpenCode/Host/ChatAdmission/Intent.fsi:27, src/Wanxiangshu/OpenCode/Host/ChatAdmission/Intent.fs:31)
check	Run verification	2026-10-05T18:20:07.4480871Z   [low] src/Wanxiangshu/Wanxiangshu.Owner.interaction-authority.opencode-host-chatadmission-intent.fsproj -> Wanxiangshu.Owner.managed-chat-execution.execution-session-chatexecution-fact.fsproj: type-name 'ChatAdmissionIntent' (src/Wanxiangshu/OpenCode/Host/ChatAdmission/Intent.fsi:8, src/Wanxiangshu/OpenCode/Host/ChatAdmission/Intent.fs:11)
check	Run verification	2026-10-05T18:20:07.4483954Z   [low] src/Wanxiangshu/Wanxiangshu.Owner.interaction-authority.opencode-host-chatadmission-intent.fsproj -> Wanxiangshu.Owner.managed-chat-execution.execution-session-chatexecution-facts.fsproj: type-name 'ChatExecutionKey' (src/Wanxiangshu/OpenCode/Host/ChatAdmission/Intent.fsi:41, src/Wanxiangshu/OpenCode/Host/ChatAdmission/Intent.fsi:49, src/Wanxiangshu/OpenCode/Host/ChatAdmission/Intent.fsi:55)
check	Run verification	2026-10-05T18:20:07.4487661Z   [medium] src/Wanxiangshu/Wanxiangshu.Owner.interaction-authority.opencode-host-chatadmission-intent.fsproj -> Wanxiangshu.Owner.epistemic-reasoning.sphinx-v2-core.fsproj, Wanxiangshu.Owner.relay-incumbency.mission-relay-core.fsproj: module-prefix 'Decision' (src/Wanxiangshu/OpenCode/Host/ChatAdmission/Intent.fs:93, src/Wanxiangshu/OpenCode/Host/ChatAdmission/Intent.fs:94, src/Wanxiangshu/OpenCode/Host/ChatAdmission/Intent.fs:95)
check	Run verification	2026-10-05T18:20:07.4490657Z   [low] src/Wanxiangshu/Wanxiangshu.Owner.interaction-authority.opencode-host-chatadmission-intent.fsproj -> Wanxiangshu.Owner.change-integration.git-integrationgate.fsproj: type-name 'Orchestrator' (src/Wanxiangshu/OpenCode/Host/TerminalPolicy.fs:45, src/Wanxiangshu/OpenCode/Host/TerminalPolicy.fs:78)
check	Run verification	2026-10-05T18:20:07.4494561Z   [high] src/Wanxiangshu/Wanxiangshu.Owner.interaction-authority.opencode-host-chatadmission-intent.fsproj -> Wanxiangshu.Owner.managed-chat-execution.execution-session-chatexecution-fact.fsproj, Wanxiangshu.Owner.managed-chat-execution.execution-session-chatexecution-facts.fsproj, Wanxiangshu.Owner.managed-chat-execution.execution-session-chatexecution-fold.fsproj, Wanxiangshu.Owner.managed-chat-execution.runtime.fsproj: open 'Wanxiangshu.Execution.Session.ChatExecution' (src/Wanxiangshu/OpenCode/Host/ChatAdmission/Intent.fsi:4, src/Wanxiangshu/OpenCode/Host/ChatAdmission/Intent.fs:8)
check	Run verification	2026-10-05T18:20:07.4500032Z   [high] src/Wanxiangshu/Wanxiangshu.Owner.interaction-authority.opencode-host-chatadmission-intent.fsproj -> Wanxiangshu.Owner.managed-chat-execution.execution-session-chatexecution-fact.fsproj, Wanxiangshu.Owner.managed-chat-execution.execution-session-chatexecution-facts.fsproj, Wanxiangshu.Owner.managed-chat-execution.execution-session-chatexecution-fold.fsproj, Wanxiangshu.Owner.managed-chat-execution.runtime.fsproj: qualified 'Wanxiangshu.Execution.Session.ChatExecution' (src/Wanxiangshu/OpenCode/Host/ChatAdmission/Intent.fsi:4, src/Wanxiangshu/OpenCode/Host/ChatAdmission/Intent.fs:8)
check	Run verification	2026-10-05T18:20:07.4504190Z   [low] src/Wanxiangshu/Wanxiangshu.Owner.interaction-authority.runtime.fsproj -> Wanxiangshu.Owner.managed-chat-execution.execution-session-chatexecution-fact.fsproj: type-name 'ChatAdmissionIntent' (src/Wanxiangshu/OpenCode/Host/ChatAdmission/IntentSurface.fs:141, src/Wanxiangshu/OpenCode/Host/ChatAdmission/IntentSurface.fs:143, src/Wanxiangshu/OpenCode/Host/ChatAdmission/IntentSurface.fs:145)
check	Run verification	2026-10-05T18:20:07.4507300Z   [low] src/Wanxiangshu/Wanxiangshu.Owner.interaction.opencode-tools-filemutationtools.fsproj -> Wanxiangshu.Owner.session-ontology.execution-session-syncdelegaterole.fsproj: static-member 'Spec' (src/Wanxiangshu/OpenCode/Tools/FileMutationSurface.fs:33, src/Wanxiangshu/OpenCode/Tools/FileMutationSurface.fs:36, src/Wanxiangshu/OpenCode/Tools/FileMutationSurface.fs:41)
check	Run verification	2026-10-05T18:20:07.4510437Z   [low] src/Wanxiangshu/Wanxiangshu.Owner.interaction.opencode-tools-filemutationtools.fsproj -> Wanxiangshu.Owner.session-ontology.execution-session-syncdelegaterole.fsproj: type-name 'Spec' (src/Wanxiangshu/OpenCode/Tools/FileMutationSurface.fs:14, src/Wanxiangshu/OpenCode/Tools/FileMutationSurface.fs:33, src/Wanxiangshu/OpenCode/Tools/FileMutationSurface.fs:36)
check	Run verification	2026-10-05T18:20:07.4513360Z   [low] src/Wanxiangshu/Wanxiangshu.Owner.intra-participant-parallelism.execution-fission-fact.fsproj -> Wanxiangshu.Owner.delegation.delegation-recovery-runtime.fsproj: type-name 'FailedPayload' (src/Wanxiangshu/Execution/Fission/Projection.fs:135, src/Wanxiangshu/Execution/Fission/Projection.fs:471, src/Wanxiangshu/Execution/Fission/Projection.fs:485)
check	Run verification	2026-10-05T18:20:07.4515992Z   [low] src/Wanxiangshu/Wanxiangshu.Owner.intra-participant-parallelism.execution-fission-facts.fsproj -> Wanxiangshu.Owner.durable-events.persistence-eventstore-model.fsproj: type-name 'PayloadRef' (src/Wanxiangshu/Execution/Fission/Facts.fsi:30, src/Wanxiangshu/Execution/Fission/Facts.fs:31)
check	Run verification	2026-10-05T18:20:07.4518748Z   [low] src/Wanxiangshu/Wanxiangshu.Owner.intra-participant-parallelism.execution-fission-fold.fsproj -> Wanxiangshu.Owner.delegation.delegation-sync-runtime.fsproj: static-member 'Dependencies' (src/Wanxiangshu/Execution/Fission/Admission.fs:92, src/Wanxiangshu/Execution/Fission/Admission.fs:145, src/Wanxiangshu/Execution/Fission/Admission.fs:199)
check	Run verification	2026-10-05T18:20:07.4521665Z   [low] src/Wanxiangshu/Wanxiangshu.Owner.intra-participant-parallelism.execution-fission-fold.fsproj -> Wanxiangshu.Owner.delegation.delegation-sync-runtime.fsproj: type-name 'Dependencies' (src/Wanxiangshu/Execution/Fission/Admission.fs:39, src/Wanxiangshu/Execution/Fission/Admission.fs:92, src/Wanxiangshu/Execution/Fission/Admission.fs:145)
check	Run verification	2026-10-05T18:20:07.4524321Z   [low] src/Wanxiangshu/Wanxiangshu.Owner.intra-participant-parallelism.execution-fission-opencode-host.fsproj -> Wanxiangshu.Owner.behavior-diagnosis.enforcer-continuation.fsproj: type-name 'Context' (src/Wanxiangshu/Execution/Fission/OpenCode/Host.fs:8, src/Wanxiangshu/Execution/Fission/OpenCode/Tool.fs:7)
check	Run verification	2026-10-05T18:20:07.4527047Z   [low] src/Wanxiangshu/Wanxiangshu.Owner.intra-participant-parallelism.execution-fission-opencode-host.fsproj -> Wanxiangshu.Owner.opencode-plugin.plugin-composition.fsproj: type-name 'Host' (src/Wanxiangshu/Execution/Fission/OpenCode/Host.fs:15, src/Wanxiangshu/Execution/Fission/OpenCode/Tool.fs:8, src/Wanxiangshu/Execution/Fission/OpenCode/Tool.fs:13)
check	Run verification	2026-10-05T18:20:07.4530219Z   [high] src/Wanxiangshu/Wanxiangshu.Owner.knowledge-reuse.repository-knowledge-casebook-model.fsproj -> Wanxiangshu.Owner.epistemic-reasoning.sphinx-v2-core.fsproj: module-prefix 'Decode' (src/Wanxiangshu/Repository/Knowledge/Casebook/Capture.fs:384, src/Wanxiangshu/Repository/Knowledge/Casebook/Capture.fs:384, src/Wanxiangshu/Repository/Knowledge/Casebook/Capture.fs:385)
check	Run verification	2026-10-05T18:20:07.4533208Z   [high] src/Wanxiangshu/Wanxiangshu.Owner.knowledge-reuse.repository-knowledge-casebook-model.fsproj -> Wanxiangshu.Owner.epistemic-reasoning.sphinx-v2-core.fsproj: module-prefix 'Encode' (src/Wanxiangshu/Repository/Knowledge/Casebook/Capture.fs:325, src/Wanxiangshu/Repository/Knowledge/Casebook/Capture.fs:326, src/Wanxiangshu/Repository/Knowledge/Casebook/Capture.fs:327)
check	Run verification	2026-10-05T18:20:07.4535682Z   [low] src/Wanxiangshu/Wanxiangshu.Owner.knowledge-reuse.repository-knowledge-casebook-model.fsproj -> Wanxiangshu.Owner.opencode-plugin.plugin-composition.fsproj: type-name 'Host' (src/Wanxiangshu/Repository/Knowledge/Casebook/Capture.fs:8)
check	Run verification	2026-10-05T18:20:07.4538460Z   [low] src/Wanxiangshu/Wanxiangshu.Owner.knowledge-reuse.repository-knowledge-casebook-model.fsproj -> Wanxiangshu.Owner.dispatch-protocol.dispatch-runtime.fsproj: type-name 'Runtime' (src/Wanxiangshu/Repository/Knowledge/Casebook/BookkeeperRuntime.fs:38, src/Wanxiangshu/Repository/Knowledge/Casebook/BookkeeperRuntime.fs:148, src/Wanxiangshu/Repository/Knowledge/Casebook/BookkeeperRuntime.fs:221)
check	Run verification	2026-10-05T18:20:07.4541145Z   [low] src/Wanxiangshu/Wanxiangshu.Owner.knowledge-reuse.repository-knowledge-casebook-model.fsproj -> Wanxiangshu.Owner.durable-events.persistence-journal-promptfactcodec.fsproj: type-name 'StreamId' (src/Wanxiangshu/Repository/Knowledge/Casebook/Store.fs:204)
check	Run verification	2026-10-05T18:20:07.4543157Z   [high] src/Wanxiangshu/Wanxiangshu.Owner.knowledge-reuse.runtime.fsproj -> Wanxiangshu.Owner.epistemic-reasoning.sphinx-v2-core.fsproj: module-prefix 'Contract' (src/Wanxiangshu/Repository/Knowledge/Casebook/FetchSurface.fs:33)
check	Run verification	2026-10-05T18:20:07.4545527Z   [low] src/Wanxiangshu/Wanxiangshu.Owner.knowledge-reuse.runtime.fsproj -> Wanxiangshu.Owner.opencode-plugin.plugin-composition.fsproj: type-name 'Host' (src/Wanxiangshu/Repository/Knowledge/Casebook/BookkeeperSurface.fs:11, src/Wanxiangshu/Repository/Knowledge/Casebook/BookkeeperSurface.fs:12, src/Wanxiangshu/Repository/Knowledge/Casebook/FetchSurface.fs:4)
check	Run verification	2026-10-05T18:20:07.4548598Z   [low] src/Wanxiangshu/Wanxiangshu.Owner.knowledge-reuse.runtime.fsproj -> Wanxiangshu.Owner.dispatch-protocol.interaction-dispatch-opencode-ingresscodec.fsproj: type-name 'Store' (src/Wanxiangshu/Repository/Knowledge/Casebook/BookkeeperRefreshSurface.fs:8, src/Wanxiangshu/Repository/Knowledge/Casebook/FetchSurface.fs:12, src/Wanxiangshu/Repository/Knowledge/Casebook/Surface.fs:11)
check	Run verification	2026-10-05T18:20:07.4552098Z   [high] src/Wanxiangshu/Wanxiangshu.Owner.managed-chat-execution.execution-session-chatexecution-fact.fsproj -> Wanxiangshu.Owner.interaction-authority.opencode-host-chatadmission-intent.fsproj: module-prefix 'ChatAdmissionIntent' (src/Wanxiangshu/Execution/Session/ChatExecution/Admission.fs:64, src/Wanxiangshu/Execution/Session/ChatExecution/Admission.fs:65, src/Wanxiangshu/Execution/Session/ChatExecution/Admission.fs:66)
check	Run verification	2026-10-05T18:20:07.4555461Z   [low] src/Wanxiangshu/Wanxiangshu.Owner.managed-chat-execution.execution-session-chatexecution-fact.fsproj -> Wanxiangshu.Owner.delegation.delegation-recovery-runtime.fsproj: type-name 'TerminalEvidence' (src/Wanxiangshu/Execution/Session/ChatExecution/Recovery.fsi:44, src/Wanxiangshu/Execution/Session/ChatExecution/Recovery.fs:44, src/Wanxiangshu/Execution/Session/ChatExecution/Recovery.fs:160)
check	Run verification	2026-10-05T18:20:07.4558752Z   [low] src/Wanxiangshu/Wanxiangshu.Owner.managed-chat-execution.execution-session-chatexecution-facts.fsproj -> Wanxiangshu.Owner.epistemic-reasoning.sphinx-v2-core.fsproj: type-name 'Attempt' (src/Wanxiangshu/Execution/Session/ChatExecution/Facts.fsi:7, src/Wanxiangshu/Execution/Session/ChatExecution/Facts.fs:6, src/Wanxiangshu/Execution/Session/ChatExecution/Acceptance.fsi:10)
check	Run verification	2026-10-05T18:20:07.4561988Z   [low] src/Wanxiangshu/Wanxiangshu.Owner.managed-chat-execution.execution-session-chatexecution-facts.fsproj -> Wanxiangshu.Owner.behavior-diagnosis.enforcer-continuation.fsproj: type-name 'Context' (src/Wanxiangshu/Execution/Session/ChatExecution/Facts.fsi:3, src/Wanxiangshu/Execution/Session/ChatExecution/Facts.fs:4, src/Wanxiangshu/Execution/Session/ChatExecution/Acceptance.fsi:5)
check	Run verification	2026-10-05T18:20:07.4565199Z   [low] src/Wanxiangshu/Wanxiangshu.Owner.managed-chat-execution.execution-session-chatexecution-facts.fsproj -> Wanxiangshu.Owner.session-ontology.execution-session-syncdelegaterole.fsproj: type-name 'Origin' (src/Wanxiangshu/Execution/Session/ChatExecution/Facts.fsi:21, src/Wanxiangshu/Execution/Session/ChatExecution/Facts.fs:23, src/Wanxiangshu/Execution/Session/ChatExecution/Projection.fs:87)
check	Run verification	2026-10-05T18:20:07.4567976Z   [low] src/Wanxiangshu/Wanxiangshu.Owner.managed-chat-execution.execution-session-chatexecution-fold.fsproj -> Wanxiangshu.Owner.durable-events.composition-durable-fact.fsproj: type-name 'Fact' (src/Wanxiangshu/Execution/Session/ChatExecution/Fold.fs:10)
check	Run verification	2026-10-05T18:20:07.4570191Z   [low] src/Wanxiangshu/Wanxiangshu.Owner.managed-chat-execution.opencode-host-chatadmission-transaction.fsproj -> Wanxiangshu.Owner.behavior-diagnosis.enforcer-continuation.fsproj: type-name 'Context' (src/Wanxiangshu/OpenCode/Host/SessionRecoveryHostSurface.fs:6)
check	Run verification	2026-10-05T18:20:07.4572935Z   [low] src/Wanxiangshu/Wanxiangshu.Owner.managed-chat-execution.opencode-host-chatadmission-transaction.fsproj -> Wanxiangshu.Owner.opencode-plugin.plugin-composition.fsproj: type-name 'Host' (src/Wanxiangshu/OpenCode/Host/SessionRecoveryHostSurface.fsi:10, src/Wanxiangshu/OpenCode/Host/SessionRecoveryHostSurface.fs:37, src/Wanxiangshu/OpenCode/Host/SessionRecoveryHostSurface.fs:182)
check	Run verification	2026-10-05T18:20:07.4576144Z   [low] src/Wanxiangshu/Wanxiangshu.Owner.managed-chat-execution.opencode-host-chatadmission-transaction.fsproj -> Wanxiangshu.Owner.opencode-plugin.plugin-composition.fsproj: static-member 'Host' (src/Wanxiangshu/OpenCode/Host/SessionRecoveryHostSurface.fs:198, src/Wanxiangshu/OpenCode/Host/SessionRecoveryHostSurface.fs:270, src/Wanxiangshu/OpenCode/Host/SessionRecoveryHostSurface.fs:314)
check	Run verification	2026-10-05T18:20:07.4579242Z   [low] src/Wanxiangshu/Wanxiangshu.Owner.managed-chat-execution.opencode-host-chatadmission-transaction.fsproj -> Wanxiangshu.Owner.delegation.delegation-recovery-runtime.fsproj: type-name 'TerminalEvidence' (src/Wanxiangshu/OpenCode/Host/SessionRecoveryHost.fs:299, src/Wanxiangshu/OpenCode/Host/SessionRecoveryHostSurface.fs:272)
check	Run verification	2026-10-05T18:20:07.4582262Z   [low] src/Wanxiangshu/Wanxiangshu.Owner.managed-chat-execution.runtime.fsproj -> Wanxiangshu.Owner.behavior-diagnosis.enforcer-continuation.fsproj: type-name 'Context' (src/Wanxiangshu/Execution/Session/ChatExecution/RecoverySurface.fs:4, src/Wanxiangshu/Execution/Session/ChatExecution/RecoveryRuntimeSurface.fs:5, src/Wanxiangshu/Execution/Session/ChatExecution/Surface.fs:9)
check	Run verification	2026-10-05T18:20:07.4585612Z   [low] src/Wanxiangshu/Wanxiangshu.Owner.managed-session-lifecycle.execution-session-recoveryclosureprojection.fsproj -> Wanxiangshu.Owner.context-compression.context-companion-companionfactfold.fsproj: type-name 'Companion' (src/Wanxiangshu/Execution/Session/RecoveryClosureProjection.fs:17, src/Wanxiangshu/Execution/Session/RecoveryClosureProjection.fs:35, src/Wanxiangshu/Execution/Session/RecoveryClosureProjection.fs:142)
check	Run verification	2026-10-05T18:20:07.4589251Z   [low] src/Wanxiangshu/Wanxiangshu.Owner.managed-session-lifecycle.execution-session-recoveryclosureprojection.fsproj -> Wanxiangshu.Owner.change-integration.git-integrationgate.fsproj: type-name 'ManagerJob' (src/Wanxiangshu/Execution/Session/RecoveryClosureProjection.fs:19, src/Wanxiangshu/Execution/Session/RecoveryClosureProjection.fs:72, src/Wanxiangshu/Execution/Session/RecoveryClosureProjection.fs:75)
check	Run verification	2026-10-05T18:20:07.4592578Z   [low] src/Wanxiangshu/Wanxiangshu.Owner.managed-session-lifecycle.opencode-host-pluginruntimescope.fsproj -> Wanxiangshu.Owner.behavior-diagnosis.enforcer-continuation.fsproj: type-name 'Context' (src/Wanxiangshu/OpenCode/Host/PluginRuntimeScope.fsi:5, src/Wanxiangshu/OpenCode/Host/PluginRuntimeScope.fsi:6, src/Wanxiangshu/OpenCode/Host/PluginRuntimeScope.fs:5)
check	Run verification	2026-10-05T18:20:07.4595552Z   [low] src/Wanxiangshu/Wanxiangshu.Owner.managed-session-lifecycle.opencode-host-pluginruntimescope.fsproj -> Wanxiangshu.Owner.opencode-plugin.plugin-composition.fsproj: type-name 'Host' (src/Wanxiangshu/OpenCode/Host/PluginRuntimeScope.fsi:13, src/Wanxiangshu/OpenCode/Host/PluginRuntimeScope.fs:13, src/Wanxiangshu/OpenCode/Host/PluginRuntimeScope.fs:65)
check	Run verification	2026-10-05T18:20:07.4598732Z   [low] src/Wanxiangshu/Wanxiangshu.Owner.managed-session-lifecycle.opencode-host-pluginruntimescope.fsproj -> Wanxiangshu.Owner.degeneration-guard.execution-session-loopdetector.fsproj: type-name 'LoopSensor' (src/Wanxiangshu/OpenCode/Host/PluginRuntimeScope.fsi:75, src/Wanxiangshu/OpenCode/Host/PluginRuntimeScope.fs:206, src/Wanxiangshu/OpenCode/Host/PluginRuntimeScope.fs:409)
check	Run verification	2026-10-05T18:20:07.4601451Z   [high] src/Wanxiangshu/Wanxiangshu.Owner.managed-session-lifecycle.opencode-host-pluginruntimescope.fsproj -> Wanxiangshu.Owner.degeneration-guard.execution-session-loopdetector.fsproj: module-prefix 'LoopSensor' (src/Wanxiangshu/OpenCode/Host/PluginRuntimeScope.fs:409)
check	Run verification	2026-10-05T18:20:07.4604146Z   [low] src/Wanxiangshu/Wanxiangshu.Owner.managed-session-lifecycle.opencode-host-turnruntimepreparation.fsproj -> Wanxiangshu.Owner.behavior-diagnosis.enforcer-continuation.fsproj: type-name 'Context' (src/Wanxiangshu/OpenCode/Host/HostTurnObserver.fs:7, src/Wanxiangshu/OpenCode/Host/HostSessionDeletion.fs:6, src/Wanxiangshu/OpenCode/Host/HostSessionDeletion.fs:7)
check	Run verification	2026-10-05T18:20:07.4606683Z   [low] src/Wanxiangshu/Wanxiangshu.Owner.managed-session-lifecycle.opencode-host-turnruntimepreparation.fsproj -> Wanxiangshu.Owner.opencode-plugin.plugin-composition.fsproj: type-name 'Host' (src/Wanxiangshu/OpenCode/Host/HostSessionDeletion.fs:13)
check	Run verification	2026-10-05T18:20:07.4609157Z   [low] src/Wanxiangshu/Wanxiangshu.Owner.managed-session-lifecycle.opencode-tools-toolruntimescope.fsproj -> Wanxiangshu.Owner.behavior-diagnosis.enforcer-continuation.fsproj: type-name 'Context' (src/Wanxiangshu/OpenCode/Tools/ToolRuntimeScope.fsi:8, src/Wanxiangshu/OpenCode/Tools/ToolRuntimeScope.fs:9)
check	Run verification	2026-10-05T18:20:07.4611880Z   [low] src/Wanxiangshu/Wanxiangshu.Owner.managed-session-lifecycle.opencode-tools-toolruntimescope.fsproj -> Wanxiangshu.Owner.opencode-plugin.plugin-composition.fsproj: type-name 'Host' (src/Wanxiangshu/OpenCode/Tools/ToolRuntimeScope.fsi:7, src/Wanxiangshu/OpenCode/Tools/ToolRuntimeScope.fsi:11, src/Wanxiangshu/OpenCode/Tools/ToolRuntimeScope.fs:7)
check	Run verification	2026-10-05T18:20:07.4614881Z   [high] src/Wanxiangshu/Wanxiangshu.Owner.managed-session-lifecycle.session-attachment-contract.fsproj -> Wanxiangshu.Owner.speculative-investigation.strength-event-vocabulary-contract.fsproj: module-prefix 'Delegation' (src/Wanxiangshu/Execution/Session/Attachment/ReuseScope.fsi:4, src/Wanxiangshu/Execution/Session/Attachment/ReuseScope.fs:4)
check	Run verification	2026-10-05T18:20:07.4618221Z   [low] src/Wanxiangshu/Wanxiangshu.Owner.managed-session-lifecycle.session-attachment-runtime.fsproj -> Wanxiangshu.Owner.context-compression.context-companion-companionfactfold.fsproj: type-name 'Companion' (src/Wanxiangshu/Execution/Session/Attachment/AttachmentSurface.fs:295, src/Wanxiangshu/Execution/Session/Attachment/AttachmentSurface.fs:390, src/Wanxiangshu/Execution/Session/Attachment/CompanionLeaseRuntime.fs:41)
check	Run verification	2026-10-05T18:20:07.4621737Z   [high] src/Wanxiangshu/Wanxiangshu.Owner.managed-session-lifecycle.session-attachment-runtime.fsproj -> Wanxiangshu.Owner.speculative-investigation.strength-event-vocabulary-contract.fsproj: module-prefix 'Delegation' (src/Wanxiangshu/Execution/Session/Attachment/AttachedRuntime.fsi:4, src/Wanxiangshu/Execution/Session/Attachment/AttachedRuntime.fs:5, src/Wanxiangshu/Execution/Session/Attachment/AttachmentSurface.fs:6)
check	Run verification	2026-10-05T18:20:07.4624629Z   [low] src/Wanxiangshu/Wanxiangshu.Owner.managed-session-lifecycle.session-attachment-runtime.fsproj -> Wanxiangshu.Owner.opencode-plugin.plugin-composition.fsproj: type-name 'Host' (src/Wanxiangshu/Execution/Session/Attachment/CompanionLeaseRuntime.fsi:8)
check	Run verification	2026-10-05T18:20:07.4627461Z   [low] src/Wanxiangshu/Wanxiangshu.Owner.managed-session-lifecycle.session-attachment-runtime.fsproj -> Wanxiangshu.Owner.dispatch-protocol.foundation-llm-facing.fsproj: type-name 'Value' (src/Wanxiangshu/Execution/Session/Attachment/AttachmentSurface.fs:107, src/Wanxiangshu/Execution/Session/Attachment/AttachmentSurface.fs:107, src/Wanxiangshu/Execution/Session/Attachment/AttachmentSurface.fs:108)
check	Run verification	2026-10-05T18:20:07.4631750Z   [high] src/Wanxiangshu/Wanxiangshu.Owner.managed-session-lifecycle.session-attachment-runtime.fsproj -> Wanxiangshu.Owner.guidance-delivery.opencode-host-pairprogrammingcalibration.fsproj, Wanxiangshu.Owner.host-boundary.host-diagnostics-runtime.fsproj, Wanxiangshu.Owner.host-boundary.opencode-host-fissionhostsurface.fsproj, Wanxiangshu.Owner.opencode-plugin.plugin-composition.fsproj, Wanxiangshu.Owner.requirement-grounding.opencode-host-requirementgrounding-runtime.fsproj: open 'Wanxiangshu.OpenCode.Host' (src/Wanxiangshu/Execution/Session/Attachment/CompanionLeaseRuntime.fsi:8)
check	Run verification	2026-10-05T18:20:07.4636960Z   [high] src/Wanxiangshu/Wanxiangshu.Owner.managed-session-lifecycle.session-attachment-runtime.fsproj -> Wanxiangshu.Owner.guidance-delivery.opencode-host-pairprogrammingcalibration.fsproj, Wanxiangshu.Owner.host-boundary.host-diagnostics-runtime.fsproj, Wanxiangshu.Owner.host-boundary.opencode-host-fissionhostsurface.fsproj, Wanxiangshu.Owner.opencode-plugin.plugin-composition.fsproj, Wanxiangshu.Owner.requirement-grounding.opencode-host-requirementgrounding-runtime.fsproj: qualified 'Wanxiangshu.OpenCode.Host' (src/Wanxiangshu/Execution/Session/Attachment/CompanionLeaseRuntime.fsi:8)
check	Run verification	2026-10-05T18:20:07.4640618Z   [low] src/Wanxiangshu/Wanxiangshu.Owner.office-capability.foundation-officecapability.fsproj -> Wanxiangshu.Owner.change-integration.git-integrationgate.fsproj: type-name 'Orchestrator' (src/Wanxiangshu/Foundation/OfficeCapability.fs:60)
check	Run verification	2026-10-05T18:20:07.4644295Z   [high] src/Wanxiangshu/Wanxiangshu.Owner.opencode-plugin.plugin-composition.fsproj -> Wanxiangshu.Owner.dispatch-protocol.chat-admission-transaction.fsproj: module-prefix 'ProviderLifecycle' (src/Wanxiangshu/OpenCode/Plugin/PluginTransforms.fs:103, src/Wanxiangshu/OpenCode/Plugin/PluginTransforms.fs:111, src/Wanxiangshu/OpenCode/Plugin/PluginTransforms.fs:275)
check	Run verification	2026-10-05T18:20:07.4649214Z   [low] src/Wanxiangshu/Wanxiangshu.Owner.opencode-plugin.plugin-composition.fsproj -> Wanxiangshu.Owner.dispatch-protocol.chat-admission-transaction.fsproj: type-name 'ProviderStartObservationError' (src/Wanxiangshu/OpenCode/Plugin/PluginTransforms.fs:103)
check	Run verification	2026-10-05T18:20:07.4651920Z   [low] src/Wanxiangshu/Wanxiangshu.Owner.opencode-plugin.plugin-composition.fsproj -> Wanxiangshu.Owner.action-affordance.runtime.fsproj: type-name 'Tool' (src/Wanxiangshu/OpenCode/Host/ManagerReviewContract.fsi:8, src/Wanxiangshu/OpenCode/Host/ManagerReviewContract.fs:12, src/Wanxiangshu/OpenCode/Host/ManagerReviewContract.fs:120)
check	Run verification	2026-10-05T18:20:07.4654470Z   [low] src/Wanxiangshu/Wanxiangshu.Owner.participant-horizon.execution-session-opencode-horizontool.fsproj -> Wanxiangshu.Owner.context-compression.context-companion-companionfactfold.fsproj: static-member 'Companion' (src/Wanxiangshu/Execution/Session/OpenCode/HorizonTool.fs:6)
check	Run verification	2026-10-05T18:20:07.4656861Z   [low] src/Wanxiangshu/Wanxiangshu.Owner.participant-horizon.execution-session-opencode-horizontool.fsproj -> Wanxiangshu.Owner.context-compression.context-companion-companionfactfold.fsproj: type-name 'Companion' (src/Wanxiangshu/Execution/Session/OpenCode/HorizonTool.fs:6)
check	Run verification	2026-10-05T18:20:07.4659432Z   [low] src/Wanxiangshu/Wanxiangshu.Owner.participant-horizon.execution-session-opencode-horizontool.fsproj -> Wanxiangshu.Owner.behavior-diagnosis.enforcer-continuation.fsproj: type-name 'Context' (src/Wanxiangshu/Execution/Session/OpenCode/HorizonTool.fs:6)
check	Run verification	2026-10-05T18:20:07.4662408Z   [high] src/Wanxiangshu/Wanxiangshu.Owner.participant-horizon.execution-session-opencode-horizontool.fsproj -> Wanxiangshu.Owner.speculative-investigation.strength-event-vocabulary-contract.fsproj: module-prefix 'Delegation' (src/Wanxiangshu/Execution/Session/OpenCode/HorizonTool.fsi:6, src/Wanxiangshu/Execution/Session/OpenCode/HorizonTool.fs:8, src/Wanxiangshu/Execution/Session/OpenCode/HorizonTool.fs:9)
check	Run verification	2026-10-05T18:20:07.4665610Z   [low] src/Wanxiangshu/Wanxiangshu.Owner.participant-horizon.execution-session-opencode-horizontool.fsproj -> Wanxiangshu.Owner.opencode-plugin.plugin-composition.fsproj: type-name 'Host' (src/Wanxiangshu/Execution/Session/OpenCode/HorizonTool.fsi:6, src/Wanxiangshu/Execution/Session/OpenCode/HorizonTool.fs:8, src/Wanxiangshu/Execution/Session/OpenCode/HorizonTool.fs:12)
check	Run verification	2026-10-05T18:20:07.4668565Z   [high] src/Wanxiangshu/Wanxiangshu.Owner.participant-horizon.opencode-host-messagevisibility.fsproj -> Wanxiangshu.Owner.time-capability.process-deadline-contract.fsproj: module-prefix 'Deadline' (src/Wanxiangshu/OpenCode/Host/MessageVisibility.fs:54, src/Wanxiangshu/OpenCode/Host/MessageVisibility.fs:73)
check	Run verification	2026-10-05T18:20:07.4671317Z   [low] src/Wanxiangshu/Wanxiangshu.Owner.participant-horizon.opencode-host-messagevisibility.fsproj -> Wanxiangshu.Owner.time-capability.process-deadline-contract.fsproj: type-name 'Deadline' (src/Wanxiangshu/OpenCode/Host/MessageVisibility.fs:18, src/Wanxiangshu/OpenCode/Host/MessageVisibility.fs:54, src/Wanxiangshu/OpenCode/Host/MessageVisibility.fs:66)
check	Run verification	2026-10-05T18:20:07.4673969Z   [low] src/Wanxiangshu/Wanxiangshu.Owner.participant-identity.foundation-roles.fsproj -> Wanxiangshu.Owner.change-integration.git-integrationgate.fsproj: type-name 'Orchestrator' (src/Wanxiangshu/Foundation/Roles.fsi:6, src/Wanxiangshu/Foundation/Roles.fs:8, src/Wanxiangshu/Foundation/Roles.fs:21)
check	Run verification	2026-10-05T18:20:07.4676109Z   [low] src/Wanxiangshu/Wanxiangshu.Owner.participant-identity.participant-persona.fsproj -> Wanxiangshu.Owner.change-integration.git-integrationgate.fsproj: type-name 'Orchestrator' (src/Wanxiangshu/Participant/Persona/Catalog.fs:68)
check	Run verification	2026-10-05T18:20:07.4679142Z   [low] src/Wanxiangshu/Wanxiangshu.Owner.participant-identity.participant-persona.fsproj -> Wanxiangshu.Owner.session-ontology.execution-session-syncdelegaterole.fsproj: type-name 'Origin' (src/Wanxiangshu/Participant/Persona/Identity.fsi:33, src/Wanxiangshu/Participant/Persona/Identity.fs:34, src/Wanxiangshu/Participant/Persona/Identity.fs:55)
check	Run verification	2026-10-05T18:20:07.4681524Z   [low] src/Wanxiangshu/Wanxiangshu.Owner.participant-identity.participant-persona.fsproj -> Wanxiangshu.Owner.dispatch-protocol.foundation-llm-facing.fsproj: type-name 'Value' (src/Wanxiangshu/Participant/Persona/Identity.fs:92)
check	Run verification	2026-10-05T18:20:07.4683758Z   [low] src/Wanxiangshu/Wanxiangshu.Owner.prefix-stability.context-prefix-candidate.fsproj -> Wanxiangshu.Owner.behavior-diagnosis.enforcer-continuation.fsproj: type-name 'Context' (src/Wanxiangshu/Context/Prefix/Candidate.fsi:1, src/Wanxiangshu/Context/Prefix/Candidate.fs:1)
check	Run verification	2026-10-05T18:20:07.4686007Z   [low] src/Wanxiangshu/Wanxiangshu.Owner.prefix-stability.context-prefix-wire-port.fsproj -> Wanxiangshu.Owner.epistemic-reasoning.sphinx-v2-core.fsproj: type-name 'Attempt' (src/Wanxiangshu/Context/Prefix/WirePort.fsi:8, src/Wanxiangshu/Context/Prefix/WirePort.fs:8)
check	Run verification	2026-10-05T18:20:07.4688455Z   [low] src/Wanxiangshu/Wanxiangshu.Owner.prefix-stability.context-prefix-wire-port.fsproj -> Wanxiangshu.Owner.context-compression.context-companion-companionfactfold.fsproj: static-member 'Companion' (src/Wanxiangshu/Context/Prefix/WirePort.fsi:4, src/Wanxiangshu/Context/Prefix/WirePort.fs:4)
check	Run verification	2026-10-05T18:20:07.4690913Z   [low] src/Wanxiangshu/Wanxiangshu.Owner.prefix-stability.context-prefix-wire-port.fsproj -> Wanxiangshu.Owner.context-compression.context-companion-companionfactfold.fsproj: type-name 'Companion' (src/Wanxiangshu/Context/Prefix/WirePort.fsi:4, src/Wanxiangshu/Context/Prefix/WirePort.fs:4)
check	Run verification	2026-10-05T18:20:07.4693553Z   [low] src/Wanxiangshu/Wanxiangshu.Owner.prefix-stability.context-prefix-wire-port.fsproj -> Wanxiangshu.Owner.behavior-diagnosis.enforcer-continuation.fsproj: type-name 'Context' (src/Wanxiangshu/Context/Prefix/WirePort.fsi:1, src/Wanxiangshu/Context/Prefix/WirePort.fsi:4, src/Wanxiangshu/Context/Prefix/WirePort.fsi:5)
check	Run verification	2026-10-05T18:20:07.4696016Z   [low] src/Wanxiangshu/Wanxiangshu.Owner.prefix-stability.context-prefix-wire.fsproj -> Wanxiangshu.Owner.epistemic-reasoning.sphinx-v2-core.fsproj: type-name 'Attempt' (src/Wanxiangshu/Context/Prefix/Wire.fsi:7, src/Wanxiangshu/Context/Prefix/Wire.fs:19, src/Wanxiangshu/Context/Prefix/Wire.fs:20)
check	Run verification	2026-10-05T18:20:07.4698535Z   [low] src/Wanxiangshu/Wanxiangshu.Owner.prefix-stability.context-prefix-wire.fsproj -> Wanxiangshu.Owner.context-compression.context-companion-companionfactfold.fsproj: static-member 'Companion' (src/Wanxiangshu/Context/Prefix/Wire.fs:9, src/Wanxiangshu/Context/Prefix/XWireSurface.fs:14)
check	Run verification	2026-10-05T18:20:07.4701057Z   [low] src/Wanxiangshu/Wanxiangshu.Owner.prefix-stability.context-prefix-wire.fsproj -> Wanxiangshu.Owner.context-compression.context-companion-companionfactfold.fsproj: type-name 'Companion' (src/Wanxiangshu/Context/Prefix/Wire.fs:8, src/Wanxiangshu/Context/Prefix/Wire.fs:9, src/Wanxiangshu/Context/Prefix/XWireSurface.fs:13)
check	Run verification	2026-10-05T18:20:07.4703573Z   [low] src/Wanxiangshu/Wanxiangshu.Owner.prefix-stability.context-prefix-wire.fsproj -> Wanxiangshu.Owner.behavior-diagnosis.enforcer-continuation.fsproj: type-name 'Context' (src/Wanxiangshu/Context/Prefix/Wire.fsi:1, src/Wanxiangshu/Context/Prefix/Wire.fs:1, src/Wanxiangshu/Context/Prefix/Wire.fs:8)
check	Run verification	2026-10-05T18:20:07.4706123Z   [low] src/Wanxiangshu/Wanxiangshu.Owner.prefix-stability.context-prefix-wire.fsproj -> Wanxiangshu.Owner.knowledge-reuse.repository-knowledge-casebook-model.fsproj: type-name 'Entry' (src/Wanxiangshu/Context/Prefix/XWireSurface.fs:837)
check	Run verification	2026-10-05T18:20:07.4708450Z   [low] src/Wanxiangshu/Wanxiangshu.Owner.prefix-stability.context-prefix-wire.fsproj -> Wanxiangshu.Owner.opencode-plugin.plugin-composition.fsproj: type-name 'Host' (src/Wanxiangshu/Context/Prefix/Wire.fs:14, src/Wanxiangshu/Context/Prefix/XWireSurface.fs:9)
check	Run verification	2026-10-05T18:20:07.4710844Z   [low] src/Wanxiangshu/Wanxiangshu.Owner.prefix-stability.context-prefix-wire.fsproj -> Wanxiangshu.Owner.host-boundary.opencode-host-sharedstatesurface.fsproj: type-name 'PendingAttemptPlanAdmission' (src/Wanxiangshu/Context/Prefix/Wire.fsi:23, src/Wanxiangshu/Context/Prefix/Wire.fs:37, src/Wanxiangshu/Context/Prefix/Wire.fs:535)
check	Run verification	2026-10-05T18:20:07.4713551Z   [high] src/Wanxiangshu/Wanxiangshu.Owner.prefix-stability.context-prefix-wire.fsproj -> Wanxiangshu.Owner.host-boundary.opencode-host-sharedstatesurface.fsproj: module-prefix 'PendingAttemptPlanAdmission' (src/Wanxiangshu/Context/Prefix/Wire.fs:535, src/Wanxiangshu/Context/Prefix/Wire.fs:536, src/Wanxiangshu/Context/Prefix/Wire.fs:537)
check	Run verification	2026-10-05T18:20:07.4716336Z   [high] src/Wanxiangshu/Wanxiangshu.Owner.prefix-stability.context-prefix-wire.fsproj -> Wanxiangshu.Owner.epistemic-reasoning.sphinx-v2-core.fsproj: module-prefix 'Profile' (src/Wanxiangshu/Context/Prefix/Wire.fs:380, src/Wanxiangshu/Context/Prefix/XWireSurface.fs:591, src/Wanxiangshu/Context/Prefix/XWireSurface.fs:603)
check	Run verification	2026-10-05T18:20:07.4718692Z   [low] src/Wanxiangshu/Wanxiangshu.Owner.prefix-stability.mission-obligation-todo-prefixepoch.fsproj -> Wanxiangshu.Owner.epistemic-reasoning.sphinx-v2-core.fsproj: type-name 'Attempt' (src/Wanxiangshu/Context/Prefix/Surface.fs:8)
check	Run verification	2026-10-05T18:20:07.4721168Z   [low] src/Wanxiangshu/Wanxiangshu.Owner.prefix-stability.mission-obligation-todo-prefixepoch.fsproj -> Wanxiangshu.Owner.context-compression.context-companion-companionfactfold.fsproj: type-name 'Companion' (src/Wanxiangshu/Context/Prefix/ProbeSelection.fs:3, src/Wanxiangshu/Context/Prefix/Projection.fs:3, src/Wanxiangshu/Context/Prefix/Surface.fs:7)
check	Run verification	2026-10-05T18:20:07.4724172Z   [low] src/Wanxiangshu/Wanxiangshu.Owner.prefix-stability.mission-obligation-todo-prefixepoch.fsproj -> Wanxiangshu.Owner.behavior-diagnosis.enforcer-continuation.fsproj: type-name 'Context' (src/Wanxiangshu/Context/Prefix/ProbeSelection.fsi:1, src/Wanxiangshu/Context/Prefix/ProbeSelection.fs:1, src/Wanxiangshu/Context/Prefix/ProbeSelection.fs:3)
check	Run verification	2026-10-05T18:20:07.4726714Z   [low] src/Wanxiangshu/Wanxiangshu.Owner.process-execution.host-contract-toolresultbound.fsproj -> Wanxiangshu.Owner.opencode-plugin.plugin-composition.fsproj: type-name 'Host' (src/Wanxiangshu/Host/Contract/ToolResultBound.fsi:1, src/Wanxiangshu/Host/Contract/ToolResultBound.fs:1)
check	Run verification	2026-10-05T18:20:07.4729293Z   [low] src/Wanxiangshu/Wanxiangshu.Owner.process-execution.process-processrequest.fsproj -> Wanxiangshu.Owner.dispatch-protocol.foundation-llm-facing.fsproj: type-name 'Value' (src/Wanxiangshu/Process/NodeProcessHost.fs:156, src/Wanxiangshu/Process/NodeProcessHost.fs:176, src/Wanxiangshu/Process/NodeProcessHost.fs:180)
check	Run verification	2026-10-05T18:20:07.4732185Z   [low] src/Wanxiangshu/Wanxiangshu.Owner.provider-attempt-recovery.composition-turn-ordinaryturnworkflow.fsproj -> Wanxiangshu.Owner.behavior-diagnosis.enforcer-continuation.fsproj: type-name 'Context' (src/Wanxiangshu/Composition/Turn/OrdinaryTurnWorkflow.fsi:5, src/Wanxiangshu/Composition/Turn/OrdinaryTurnWorkflow.fs:6, src/Wanxiangshu/Composition/Turn/OrdinaryTurnWorkflow.fs:7)
check	Run verification	2026-10-05T18:20:07.4734908Z   [low] src/Wanxiangshu/Wanxiangshu.Owner.provider-attempt-recovery.composition-turn-ordinaryturnworkflow.fsproj -> Wanxiangshu.Owner.knowledge-reuse.repository-knowledge-casebook-model.fsproj: type-name 'Entry' (src/Wanxiangshu/Composition/Turn/OrdinaryTurnWorkflow.fs:48)
check	Run verification	2026-10-05T18:20:07.4737149Z   [low] src/Wanxiangshu/Wanxiangshu.Owner.provider-attempt-recovery.composition-turn-ordinaryturnworkflow.fsproj -> Wanxiangshu.Owner.opencode-plugin.plugin-composition.fsproj: type-name 'Host' (src/Wanxiangshu/Composition/Turn/OrdinaryTurnWorkflow.fs:15)
check	Run verification	2026-10-05T18:20:07.4739932Z   [low] src/Wanxiangshu/Wanxiangshu.Owner.provider-attempt-recovery.participant-provider-attempt-failure.fsproj -> Wanxiangshu.Owner.epistemic-reasoning.sphinx-v2-core.fsproj: type-name 'Attempt' (src/Wanxiangshu/Participant/Provider/Attempt/Failure.fsi:1, src/Wanxiangshu/Participant/Provider/Attempt/Failure.fs:1, src/Wanxiangshu/Participant/Provider/Attempt/FailureSurface.fsi:1)
check	Run verification	2026-10-05T18:20:07.4743141Z   [low] src/Wanxiangshu/Wanxiangshu.Owner.provider-attempt-recovery.participant-provider-attempt-failure.fsproj -> Wanxiangshu.Owner.execution-failure-policy.execution-failure-model.fsproj: type-name 'ExecutionFailure' (src/Wanxiangshu/Participant/Provider/Attempt/Failure.fsi:19, src/Wanxiangshu/Participant/Provider/Attempt/Failure.fs:19, src/Wanxiangshu/Participant/Provider/Attempt/Failure.fs:32)
check	Run verification	2026-10-05T18:20:07.4746559Z   [low] src/Wanxiangshu/Wanxiangshu.Owner.provider-attempt-recovery.participant-provider-attempt-failure.fsproj -> Wanxiangshu.Owner.execution-failure-policy.execution-failure-model.fsproj: static-member 'ExecutionFailure' (src/Wanxiangshu/Participant/Provider/Attempt/Failure.fs:32, src/Wanxiangshu/Participant/Provider/Attempt/Failure.fs:33, src/Wanxiangshu/Participant/Provider/Attempt/Failure.fs:34)
check	Run verification	2026-10-05T18:20:07.4750425Z   [high] src/Wanxiangshu/Wanxiangshu.Owner.provider-attempt-recovery.participant-provider-attempt-failure.fsproj -> Wanxiangshu.Owner.execution-failure-policy.execution-failure-decision.fsproj, Wanxiangshu.Owner.execution-failure-policy.execution-failure-model.fsproj: open 'Wanxiangshu.Execution.Failure' (src/Wanxiangshu/Participant/Provider/Attempt/Failure.fsi:3, src/Wanxiangshu/Participant/Provider/Attempt/Failure.fs:3, src/Wanxiangshu/Participant/Provider/Attempt/FailureSurface.fs:6)
check	Run verification	2026-10-05T18:20:07.4754564Z   [high] src/Wanxiangshu/Wanxiangshu.Owner.provider-attempt-recovery.participant-provider-attempt-failure.fsproj -> Wanxiangshu.Owner.execution-failure-policy.execution-failure-decision.fsproj, Wanxiangshu.Owner.execution-failure-policy.execution-failure-model.fsproj: qualified 'Wanxiangshu.Execution.Failure' (src/Wanxiangshu/Participant/Provider/Attempt/Failure.fsi:3, src/Wanxiangshu/Participant/Provider/Attempt/Failure.fs:3, src/Wanxiangshu/Participant/Provider/Attempt/FailureSurface.fs:6)
check	Run verification	2026-10-05T18:20:07.4758495Z   [low] src/Wanxiangshu/Wanxiangshu.Owner.provider-attempt-recovery.participant-provider-attempt-fallback-fact.fsproj -> Wanxiangshu.Owner.epistemic-reasoning.sphinx-v2-core.fsproj: type-name 'Attempt' (src/Wanxiangshu/Participant/Provider/Attempt/FailureBudget.fsi:1, src/Wanxiangshu/Participant/Provider/Attempt/FailureBudget.fs:1, src/Wanxiangshu/Participant/Provider/Attempt/RetryPolicy.fsi:1)
check	Run verification	2026-10-05T18:20:07.4761272Z   [high] src/Wanxiangshu/Wanxiangshu.Owner.provider-attempt-recovery.participant-provider-attempt-fallback-fact.fsproj -> Wanxiangshu.Owner.epistemic-reasoning.sphinx-v2-core.fsproj: module-prefix 'Budget' (src/Wanxiangshu/Participant/Provider/Attempt/Fallback/Projection.fs:57)
check	Run verification	2026-10-05T18:20:07.4763866Z   [low] src/Wanxiangshu/Wanxiangshu.Owner.provider-attempt-recovery.participant-provider-attempt-fallback-facts.fsproj -> Wanxiangshu.Owner.epistemic-reasoning.sphinx-v2-core.fsproj: type-name 'Attempt' (src/Wanxiangshu/Participant/Provider/Attempt/Fallback/Facts.fsi:1, src/Wanxiangshu/Participant/Provider/Attempt/Fallback/Facts.fs:1)
check	Run verification	2026-10-05T18:20:07.4767147Z   [low] src/Wanxiangshu/Wanxiangshu.Owner.provider-attempt-recovery.participant-provider-attempt-fallback-fold.fsproj -> Wanxiangshu.Owner.epistemic-reasoning.sphinx-v2-core.fsproj: type-name 'Attempt' (src/Wanxiangshu/Participant/Provider/Attempt/Fallback/ProviderFailureFactFold.fsi:1, src/Wanxiangshu/Participant/Provider/Attempt/Fallback/ProviderFailureFactFold.fs:1, src/Wanxiangshu/Participant/Provider/Attempt/Fallback/ProviderFailureFactFold.fs:4)
check	Run verification	2026-10-05T18:20:07.4770749Z   [low] src/Wanxiangshu/Wanxiangshu.Owner.provider-attempt-recovery.participant-provider-attempt-fallback-fold.fsproj -> Wanxiangshu.Owner.provider-attempt-recovery.participant-provider-attempt-failure.fsproj: type-name 'ProviderFailureEvidence' (src/Wanxiangshu/Participant/Provider/Attempt/Fallback/Evidence.fsi:7, src/Wanxiangshu/Participant/Provider/Attempt/Fallback/Evidence.fs:7)
check	Run verification	2026-10-05T18:20:07.4774048Z   [low] src/Wanxiangshu/Wanxiangshu.Owner.provider-attempt-recovery.participant-provider-attempt-fallback-ledger.fsproj -> Wanxiangshu.Owner.epistemic-reasoning.sphinx-v2-core.fsproj: type-name 'Attempt' (src/Wanxiangshu/Participant/Provider/Attempt/Fallback/Ledger.fsi:1, src/Wanxiangshu/Participant/Provider/Attempt/Fallback/Ledger.fs:1, src/Wanxiangshu/Participant/Provider/Attempt/Fallback/Ledger.fs:7)
check	Run verification	2026-10-05T18:20:07.4777123Z   [high] src/Wanxiangshu/Wanxiangshu.Owner.provider-attempt-recovery.participant-provider-attempt-fallback-ledger.fsproj -> Wanxiangshu.Owner.epistemic-reasoning.sphinx-v2-core.fsproj: module-prefix 'Budget' (src/Wanxiangshu/Participant/Provider/Attempt/Fallback/Ledger.fs:141, src/Wanxiangshu/Participant/Provider/Attempt/Fallback/Ledger.fs:207)
check	Run verification	2026-10-05T18:20:07.4780738Z   [high] src/Wanxiangshu/Wanxiangshu.Owner.provider-attempt-recovery.participant-provider-attempt-fallback-ledger.fsproj -> Wanxiangshu.Owner.provider-language.participant-provider-language.fsproj, Wanxiangshu.Owner.provider-language.participant-provider-languagesurface.fsproj, Wanxiangshu.Owner.runtime-platform.language.fsproj: open 'Wanxiangshu.Participant.Provider' (src/Wanxiangshu/Participant/Provider/Attempt/Fallback/Ledger.fs:6)
check	Run verification	2026-10-05T18:20:07.4784579Z   [high] src/Wanxiangshu/Wanxiangshu.Owner.provider-attempt-recovery.participant-provider-attempt-fallback-ledger.fsproj -> Wanxiangshu.Owner.provider-language.participant-provider-language.fsproj, Wanxiangshu.Owner.provider-language.participant-provider-languagesurface.fsproj, Wanxiangshu.Owner.runtime-platform.language.fsproj: qualified 'Wanxiangshu.Participant.Provider' (src/Wanxiangshu/Participant/Provider/Attempt/Fallback/Ledger.fs:6)
check	Run verification	2026-10-05T18:20:07.4787987Z   [low] src/Wanxiangshu/Wanxiangshu.Owner.provider-attempt-recovery.participant-provider-attempt-requestkind.fsproj -> Wanxiangshu.Owner.epistemic-reasoning.sphinx-v2-core.fsproj: type-name 'Attempt' (src/Wanxiangshu/Participant/Provider/Attempt/RequestKind.fsi:1, src/Wanxiangshu/Participant/Provider/Attempt/RequestKind.fs:1)
check	Run verification	2026-10-05T18:20:07.4790641Z   [low] src/Wanxiangshu/Wanxiangshu.Owner.provider-attempt-recovery.provider-failure-surface.fsproj -> Wanxiangshu.Owner.behavior-diagnosis.enforcer-continuation.fsproj: type-name 'Context' (src/Wanxiangshu/Participant/Provider/Attempt/Fallback/ProviderFailureSurface.fs:7)
check	Run verification	2026-10-05T18:20:07.4794213Z   [low] src/Wanxiangshu/Wanxiangshu.Owner.provider-attempt-recovery.provider-failure-surface.fsproj -> Wanxiangshu.Owner.provider-attempt-recovery.participant-provider-attempt-failure.fsproj: type-name 'ProviderFailureEvidence' (src/Wanxiangshu/Participant/Provider/Attempt/Fallback/ProviderFailureSurface.fs:573, src/Wanxiangshu/Participant/Provider/Attempt/Fallback/ProviderFailureSurface.fs:737)
check	Run verification	2026-10-05T18:20:07.4800194Z   [low] src/Wanxiangshu/Wanxiangshu.Owner.provider-projection.opencode-codec-providerwiredecode.fsproj -> Wanxiangshu.Owner.opencode-plugin.plugin-composition.fsproj: type-name 'Host' (src/Wanxiangshu/OpenCode/Codec/ProviderWireDecode.fs:9, src/Wanxiangshu/OpenCode/Codec/ProviderWireCapture.fs:7, src/Wanxiangshu/OpenCode/Codec/ProjectionMessageEdit.fs:8)
check	Run verification	2026-10-05T18:20:07.4804393Z   [low] src/Wanxiangshu/Wanxiangshu.Owner.relay-assessment.mission-relay-reviewtool.fsproj -> Wanxiangshu.Owner.opencode-plugin.plugin-composition.fsproj: type-name 'Host' (src/Wanxiangshu/Mission/Relay/OpenCode/ReviewTool.fs:11)
check	Run verification	2026-10-05T18:20:07.4806355Z   [low] src/Wanxiangshu/Wanxiangshu.Owner.relay-assessment.mission-relay-workspace-snapshot.fsproj -> Wanxiangshu.Owner.opencode-plugin.plugin-composition.fsproj: type-name 'Host' (src/Wanxiangshu/Mission/Relay/OpenCode/WorkspaceSnapshot.fs:4)
check	Run verification	2026-10-05T18:20:07.4808907Z   [low] src/Wanxiangshu/Wanxiangshu.Owner.relay-incumbency.mission-relay-core.fsproj -> Wanxiangshu.Owner.interaction-authority.opencode-host-chatadmission-intent.fsproj: type-name 'Decision' (src/Wanxiangshu/Mission/Relay/Fold.fsi:46, src/Wanxiangshu/Mission/Relay/Fold.fs:783, src/Wanxiangshu/Mission/Relay/Surface.fs:32)
check	Run verification	2026-10-05T18:20:07.4811460Z   [low] src/Wanxiangshu/Wanxiangshu.Owner.relay-incumbency.mission-relay-core.fsproj -> Wanxiangshu.Owner.epistemic-reasoning.sphinx-v2-core.fsproj: type-name 'SnapshotId' (src/Wanxiangshu/Mission/Relay/Contract.fsi:105, src/Wanxiangshu/Mission/Relay/Contract.fsi:123, src/Wanxiangshu/Mission/Relay/Contract.fs:151)
check	Run verification	2026-10-05T18:20:07.4813942Z   [low] src/Wanxiangshu/Wanxiangshu.Owner.relay-incumbency.mission-relay-core.fsproj -> Wanxiangshu.Owner.dispatch-protocol.foundation-identity.fsproj: type-name 'ToolCallId' (src/Wanxiangshu/Mission/Relay/Contract.fsi:87, src/Wanxiangshu/Mission/Relay/Contract.fsi:118, src/Wanxiangshu/Mission/Relay/Contract.fs:133)
check	Run verification	2026-10-05T18:20:07.4816477Z   [low] src/Wanxiangshu/Wanxiangshu.Owner.relay-retirement.composition-turn-workflow.fsproj -> Wanxiangshu.Owner.behavior-diagnosis.enforcer-continuation.fsproj: type-name 'Context' (src/Wanxiangshu/Composition/Turn/Workflow.fsi:5, src/Wanxiangshu/Composition/Turn/Workflow.fs:5)
check	Run verification	2026-10-05T18:20:07.4819018Z   [low] src/Wanxiangshu/Wanxiangshu.Owner.relay-retirement.composition-turn-workflow.fsproj -> Wanxiangshu.Owner.opencode-plugin.plugin-composition.fsproj: type-name 'Host' (src/Wanxiangshu/Mission/Manager/Workflow.fsi:6, src/Wanxiangshu/Mission/Manager/Workflow.fs:10, src/Wanxiangshu/Composition/Turn/Workflow.fs:10)
check	Run verification	2026-10-05T18:20:07.4821200Z   [low] src/Wanxiangshu/Wanxiangshu.Owner.relay-retirement.mission-relay-suicidetool.fsproj -> Wanxiangshu.Owner.opencode-plugin.plugin-composition.fsproj: type-name 'Host' (src/Wanxiangshu/Mission/Relay/OpenCode/SuicideTool.fs:11)
check	Run verification	2026-10-05T18:20:07.4824803Z   [high] src/Wanxiangshu/Wanxiangshu.Owner.repository-programming.repository-programming-js-capability.fsproj -> Wanxiangshu.Owner.epistemic-reasoning.sphinx-v2-core.fsproj: module-prefix 'Decode' (src/Wanxiangshu/Repository/Programming/Js/TransactionStore.fs:38, src/Wanxiangshu/Repository/Programming/Js/TransactionStore.fs:39, src/Wanxiangshu/Repository/Programming/Js/TransactionStore.fs:40)
check	Run verification	2026-10-05T18:20:07.4831673Z   [high] src/Wanxiangshu/Wanxiangshu.Owner.repository-programming.repository-programming-js-capability.fsproj -> Wanxiangshu.Owner.epistemic-reasoning.sphinx-v2-core.fsproj: module-prefix 'Encode' (src/Wanxiangshu/Repository/Programming/Js/TransactionStore.fs:29, src/Wanxiangshu/Repository/Programming/Js/TransactionStore.fs:30, src/Wanxiangshu/Repository/Programming/Js/TransactionStore.fs:33)
check	Run verification	2026-10-05T18:20:07.4837681Z   [low] src/Wanxiangshu/Wanxiangshu.Owner.repository-programming.repository-programming-js-capability.fsproj -> Wanxiangshu.Owner.dispatch-protocol.foundation-llm-facing.fsproj: type-name 'Field' (src/Wanxiangshu/Repository/Programming/Js/TransactionStore.fs:39, src/Wanxiangshu/Repository/Programming/Js/TransactionStore.fs:40, src/Wanxiangshu/Repository/Programming/Js/TransactionStore.fs:41)
check	Run verification	2026-10-05T18:20:07.4840998Z   [low] src/Wanxiangshu/Wanxiangshu.Owner.repository-programming.repository-programming-js-capability.fsproj -> Wanxiangshu.Owner.session-ontology.execution-session-syncdelegaterole.fsproj: type-name 'Spec' (src/Wanxiangshu/Repository/Programming/Js/Anchor.fsi:9, src/Wanxiangshu/Repository/Programming/Js/Anchor.fs:16, src/Wanxiangshu/Repository/Programming/Js/Anchor.fs:28)
check	Run verification	2026-10-05T18:20:07.4843990Z   [low] src/Wanxiangshu/Wanxiangshu.Owner.repository-programming.repository-programming-js-capability.fsproj -> Wanxiangshu.Owner.durable-events.persistence-journal-promptfactcodec.fsproj: type-name 'StreamId' (src/Wanxiangshu/Repository/Programming/Js/TransactionStore.fs:92, src/Wanxiangshu/Repository/Programming/Js/TransactionStore.fs:117)
check	Run verification	2026-10-05T18:20:07.4847004Z   [low] src/Wanxiangshu/Wanxiangshu.Owner.repository-programming.runtime.fsproj -> Wanxiangshu.Owner.session-ontology.execution-session-syncdelegaterole.fsproj: type-name 'Spec' (src/Wanxiangshu/Repository/Programming/Js/TransactionSurface.fs:63, src/Wanxiangshu/Repository/Programming/Js/OpenCode/ToolHostSurface.fs:15, src/Wanxiangshu/Repository/Programming/Js/OpenCode/ToolHostSurface.fs:54)
check	Run verification	2026-10-05T18:20:07.4850310Z   [low] src/Wanxiangshu/Wanxiangshu.Owner.repository-programming.runtime.fsproj -> Wanxiangshu.Owner.session-ontology.execution-session-syncdelegaterole.fsproj: static-member 'Spec' (src/Wanxiangshu/Repository/Programming/Js/OpenCode/ToolHostSurface.fs:54, src/Wanxiangshu/Repository/Programming/Js/OpenCode/ToolHostSurface.fs:57, src/Wanxiangshu/Repository/Programming/Js/OpenCode/ToolHostSurface.fs:60)
check	Run verification	2026-10-05T18:20:07.4852961Z   [low] src/Wanxiangshu/Wanxiangshu.Owner.repository-programming.runtime.fsproj -> Wanxiangshu.Owner.dispatch-protocol.interaction-dispatch-opencode-ingresscodec.fsproj: type-name 'Store' (src/Wanxiangshu/Repository/Programming/Js/TransactionSurface.fs:162)
check	Run verification	2026-10-05T18:20:07.4855282Z   [low] src/Wanxiangshu/Wanxiangshu.Owner.requirement-grounding.host-fact.fsproj -> Wanxiangshu.Owner.opencode-plugin.plugin-composition.fsproj: type-name 'Host' (src/Wanxiangshu/Host/Fact.fsi:1, src/Wanxiangshu/Host/Fact.fs:1, src/Wanxiangshu/Host/Fact.fs:7)
check	Run verification	2026-10-05T18:20:07.4857494Z   [low] src/Wanxiangshu/Wanxiangshu.Owner.requirement-grounding.host-fact.fsproj -> Wanxiangshu.Owner.host-provider-failure-ownership.opencode-host-providerfailurepresentation.fsproj: type-name 'Presentation' (src/Wanxiangshu/Host/Fact.fsi:48)
check	Run verification	2026-10-05T18:20:07.4859698Z   [low] src/Wanxiangshu/Wanxiangshu.Owner.requirement-grounding.opencode-host-requirementgrounding-runtime.fsproj -> Wanxiangshu.Owner.behavior-diagnosis.enforcer-continuation.fsproj: type-name 'Context' (src/Wanxiangshu/OpenCode/Host/RequirementGroundingSurface.fs:8)
check	Run verification	2026-10-05T18:20:07.4862482Z   [low] src/Wanxiangshu/Wanxiangshu.Owner.requirement-grounding.opencode-host-requirementgrounding-runtime.fsproj -> Wanxiangshu.Owner.opencode-plugin.plugin-composition.fsproj: static-member 'Host' (src/Wanxiangshu/OpenCode/Host/RequirementGrounding/Runtime.fsi:1, src/Wanxiangshu/OpenCode/Host/RequirementGrounding/Runtime.fsi:5, src/Wanxiangshu/OpenCode/Host/RequirementGrounding/Runtime.fs:1)
check	Run verification	2026-10-05T18:20:07.4865813Z   [low] src/Wanxiangshu/Wanxiangshu.Owner.requirement-grounding.opencode-host-requirementgrounding-runtime.fsproj -> Wanxiangshu.Owner.opencode-plugin.plugin-composition.fsproj: type-name 'Host' (src/Wanxiangshu/OpenCode/Host/RequirementGrounding/Runtime.fsi:1, src/Wanxiangshu/OpenCode/Host/RequirementGrounding/Runtime.fsi:5, src/Wanxiangshu/OpenCode/Host/RequirementGrounding/Runtime.fs:1)
check	Run verification	2026-10-05T18:20:07.4869359Z   [low] src/Wanxiangshu/Wanxiangshu.Owner.requirement-grounding.opencode-host-requirementgrounding-runtime.fsproj -> Wanxiangshu.Owner.epistemic-reasoning.sphinx-v2-integration.fsproj: type-name 'RuntimeHandle' (src/Wanxiangshu/OpenCode/Host/RequirementGroundingRepositorySurface.fs:16, src/Wanxiangshu/OpenCode/Host/RequirementGroundingRepositorySurface.fs:21, src/Wanxiangshu/OpenCode/Host/RequirementGroundingRepositorySurface.fs:38)
check	Run verification	2026-10-05T18:20:07.4872365Z   [low] src/Wanxiangshu/Wanxiangshu.Owner.requirement-grounding.requirement-grounding-model.fsproj -> Wanxiangshu.Owner.opencode-plugin.plugin-composition.fsproj: type-name 'Host' (src/Wanxiangshu/Requirement/Grounding/Model.fs:3, src/Wanxiangshu/Host/Facts.fsi:1, src/Wanxiangshu/Host/Facts.fs:1)
check	Run verification	2026-10-05T18:20:07.4874827Z   [low] src/Wanxiangshu/Wanxiangshu.Owner.requirement-grounding.requirement-grounding-model.fsproj -> Wanxiangshu.Owner.host-provider-failure-ownership.opencode-host-providerfailurepresentation.fsproj: type-name 'Presentation' (src/Wanxiangshu/Host/Facts.fsi:40, src/Wanxiangshu/Host/Facts.fs:40)
check	Run verification	2026-10-05T18:20:07.4877813Z   [low] src/Wanxiangshu/Wanxiangshu.Owner.requirement-grounding.requirement-grounding-projection.fsproj -> Wanxiangshu.Owner.opencode-plugin.plugin-composition.fsproj: static-member 'Host' (src/Wanxiangshu/OpenCode/Host/RequirementGrounding/Projection.fsi:1, src/Wanxiangshu/OpenCode/Host/RequirementGrounding/Projection.fs:1, src/Wanxiangshu/OpenCode/Host/RequirementGrounding/Port.fsi:1)
check	Run verification	2026-10-05T18:20:07.4880946Z   [low] src/Wanxiangshu/Wanxiangshu.Owner.requirement-grounding.requirement-grounding-projection.fsproj -> Wanxiangshu.Owner.opencode-plugin.plugin-composition.fsproj: type-name 'Host' (src/Wanxiangshu/OpenCode/Host/RequirementGrounding/Projection.fsi:1, src/Wanxiangshu/OpenCode/Host/RequirementGrounding/Projection.fs:1, src/Wanxiangshu/OpenCode/Host/RequirementGrounding/Port.fsi:1)
check	Run verification	2026-10-05T18:20:07.4883344Z   [low] src/Wanxiangshu/Wanxiangshu.Owner.runtime-platform.digest.fsproj -> Wanxiangshu.Owner.opencode-plugin.plugin-composition.fsproj: type-name 'Host' (src/Wanxiangshu/Host/Digest.fsi:1, src/Wanxiangshu/Host/Digest.fs:1)
check	Run verification	2026-10-05T18:20:07.4885460Z   [low] src/Wanxiangshu/Wanxiangshu.Owner.semantic-trace.context-trace-cursor.fsproj -> Wanxiangshu.Owner.behavior-diagnosis.enforcer-continuation.fsproj: type-name 'Context' (src/Wanxiangshu/Context/Trace/Cursor.fsi:1, src/Wanxiangshu/Context/Trace/Cursor.fs:1)
check	Run verification	2026-10-05T18:20:07.4887833Z   [low] src/Wanxiangshu/Wanxiangshu.Owner.semantic-trace.context-trace-model.fsproj -> Wanxiangshu.Owner.context-compression.context-companion-companionfactfold.fsproj: static-member 'Companion' (src/Wanxiangshu/Context/Trace/Projection.fsi:3, src/Wanxiangshu/Context/Trace/Projection.fs:3)
check	Run verification	2026-10-05T18:20:07.4890204Z   [low] src/Wanxiangshu/Wanxiangshu.Owner.semantic-trace.context-trace-model.fsproj -> Wanxiangshu.Owner.context-compression.context-companion-companionfactfold.fsproj: type-name 'Companion' (src/Wanxiangshu/Context/Trace/Projection.fsi:3, src/Wanxiangshu/Context/Trace/Projection.fs:3)
check	Run verification	2026-10-05T18:20:07.4892586Z   [low] src/Wanxiangshu/Wanxiangshu.Owner.semantic-trace.context-trace-model.fsproj -> Wanxiangshu.Owner.behavior-diagnosis.enforcer-continuation.fsproj: type-name 'Context' (src/Wanxiangshu/Context/Trace/Model.fsi:1, src/Wanxiangshu/Context/Trace/Model.fs:1, src/Wanxiangshu/Context/Trace/Projection.fsi:1)
check	Run verification	2026-10-05T18:20:07.4895390Z   [low] src/Wanxiangshu/Wanxiangshu.Owner.semantic-trace.context-trace-semantictracesurface.fsproj -> Wanxiangshu.Owner.behavior-diagnosis.enforcer-continuation.fsproj: type-name 'Context' (src/Wanxiangshu/Context/Trace/SemanticTraceSurface.fsi:1, src/Wanxiangshu/Context/Trace/SemanticTraceSurface.fs:1, src/Wanxiangshu/Context/Trace/SemanticTraceSurface.fs:8)
check	Run verification	2026-10-05T18:20:07.4898454Z   [low] src/Wanxiangshu/Wanxiangshu.Owner.session-ontology.execution-session-association.fsproj -> Wanxiangshu.Owner.context-compression.context-companion-companionfactfold.fsproj: type-name 'Companion' (src/Wanxiangshu/Execution/Session/Association.fsi:6, src/Wanxiangshu/Execution/Session/Association.fs:22, src/Wanxiangshu/Execution/Session/Association.fs:94)
check	Run verification	2026-10-05T18:20:07.4901179Z   [low] src/Wanxiangshu/Wanxiangshu.Owner.session-ontology.execution-session-ownership.fsproj -> Wanxiangshu.Owner.context-compression.context-companion-companionfactfold.fsproj: type-name 'Companion' (src/Wanxiangshu/Execution/Session/Ownership.fsi:12, src/Wanxiangshu/Execution/Session/Ownership.fs:20)
check	Run verification	2026-10-05T18:20:07.4903905Z   [low] src/Wanxiangshu/Wanxiangshu.Owner.session-ontology.execution-session-syncdelegaterole.fsproj -> Wanxiangshu.Owner.context-compression.context-companion-companionfactfold.fsproj: type-name 'Companion' (src/Wanxiangshu/Execution/Session/Attachment/AttachmentLeaseCore.fs:67, src/Wanxiangshu/Execution/Session/Attachment/AttachmentLeaseCore.fs:207)
check	Run verification	2026-10-05T18:20:07.4906737Z   [low] src/Wanxiangshu/Wanxiangshu.Owner.session-ontology.execution-session-syncdelegaterole.fsproj -> Wanxiangshu.Owner.dispatch-protocol.foundation-llm-facing.fsproj: static-member 'Value' (src/Wanxiangshu/Execution/Session/Attachment/AttachmentLeaseCore.fs:256, src/Wanxiangshu/Execution/Session/Attachment/AttachmentLeaseCore.fs:272)
check	Run verification	2026-10-05T18:20:07.4909582Z   [low] src/Wanxiangshu/Wanxiangshu.Owner.session-ontology.execution-session-syncdelegaterole.fsproj -> Wanxiangshu.Owner.dispatch-protocol.foundation-llm-facing.fsproj: type-name 'Value' (src/Wanxiangshu/Execution/Session/Attachment/AttachmentLeaseCore.fs:256, src/Wanxiangshu/Execution/Session/Attachment/AttachmentLeaseCore.fs:272)
check	Run verification	2026-10-05T18:20:07.4911982Z   [low] src/Wanxiangshu/Wanxiangshu.Owner.session-ontology.opencode-host-sessionexecutionbinding.fsproj -> Wanxiangshu.Owner.behavior-diagnosis.enforcer-continuation.fsproj: type-name 'Context' (src/Wanxiangshu/OpenCode/Host/SessionExecutionBinding.fs:6)
check	Run verification	2026-10-05T18:20:07.4914141Z   [low] src/Wanxiangshu/Wanxiangshu.Owner.speculative-investigation.strength-delegation-contract.fsproj -> Wanxiangshu.Owner.epistemic-reasoning.sphinx-v2-core.fsproj: type-name 'Attempt' (src/Wanxiangshu/Strength/Policy.fsi:5, src/Wanxiangshu/Strength/Policy.fs:5)
check	Run verification	2026-10-05T18:20:07.4916624Z   [low] src/Wanxiangshu/Wanxiangshu.Owner.speculative-investigation.strength-delegation-contract.fsproj -> Wanxiangshu.Owner.epistemic-reasoning.sphinx-v2-core.fsproj: type-name 'DecisionId' (src/Wanxiangshu/Strength/Events.fsi:11, src/Wanxiangshu/Strength/Events.fsi:21, src/Wanxiangshu/Strength/Events.fsi:27)
check	Run verification	2026-10-05T18:20:07.4919363Z   [low] src/Wanxiangshu/Wanxiangshu.Owner.speculative-investigation.strength-event-vocabulary-contract.fsproj -> Wanxiangshu.Owner.epistemic-reasoning.sphinx-v2-core.fsproj: type-name 'DecisionId' (src/Wanxiangshu/Strength/Delegation.fsi:16, src/Wanxiangshu/Strength/Delegation.fsi:26, src/Wanxiangshu/Strength/Delegation.fsi:45)
check	Run verification	2026-10-05T18:20:07.4922276Z   [low] src/Wanxiangshu/Wanxiangshu.Owner.speculative-investigation.strength-event-vocabulary-contract.fsproj -> Wanxiangshu.Owner.speculative-investigation.strength-delegation-contract.fsproj: type-name 'DelegationHistoryImported' (src/Wanxiangshu/Strength/EventVocabulary.fsi:8, src/Wanxiangshu/Strength/EventVocabulary.fs:8, src/Wanxiangshu/Strength/EventVocabulary.fs:18)
check	Run verification	2026-10-05T18:20:07.4924780Z   [low] src/Wanxiangshu/Wanxiangshu.Owner.speculative-investigation.strength-frame-contract.fsproj -> Wanxiangshu.Owner.epistemic-reasoning.sphinx-v2-core.fsproj: type-name 'Attempt' (src/Wanxiangshu/Strength/Replica/BatchCollector.fs:6)
check	Run verification	2026-10-05T18:20:07.4927776Z   [high] src/Wanxiangshu/Wanxiangshu.Owner.speculative-investigation.strength-frame-contract.fsproj -> Wanxiangshu.Owner.provider-language.participant-provider-language.fsproj, Wanxiangshu.Owner.provider-language.participant-provider-languagesurface.fsproj, Wanxiangshu.Owner.runtime-platform.language.fsproj: open 'Wanxiangshu.Participant.Provider' (src/Wanxiangshu/Strength/Replica/BatchCollector.fs:5)
check	Run verification	2026-10-05T18:20:07.4931289Z   [high] src/Wanxiangshu/Wanxiangshu.Owner.speculative-investigation.strength-frame-contract.fsproj -> Wanxiangshu.Owner.provider-language.participant-provider-language.fsproj, Wanxiangshu.Owner.provider-language.participant-provider-languagesurface.fsproj, Wanxiangshu.Owner.runtime-platform.language.fsproj: qualified 'Wanxiangshu.Participant.Provider' (src/Wanxiangshu/Strength/Replica/BatchCollector.fs:5)
check	Run verification	2026-10-05T18:20:07.4934621Z   [low] src/Wanxiangshu/Wanxiangshu.Owner.speculative-investigation.strength-migration.fsproj -> Wanxiangshu.Owner.epistemic-reasoning.sphinx-v2-core.fsproj: type-name 'DecisionId' (src/Wanxiangshu/Strength/Migration/DelegationHistoryMigration.fsi:14, src/Wanxiangshu/Strength/Migration/DelegationHistoryMigration.fsi:26, src/Wanxiangshu/Strength/Migration/DelegationHistoryMigration.fs:16)
check	Run verification	2026-10-05T18:20:07.4937865Z   [high] src/Wanxiangshu/Wanxiangshu.Owner.speculative-investigation.strength-migration.fsproj -> Wanxiangshu.Owner.epistemic-reasoning.sphinx-v2-core.fsproj: module-prefix 'Decode' (src/Wanxiangshu/Strength/Migration/LegacyProtocolClassifier.fs:47, src/Wanxiangshu/Strength/Migration/LegacyProtocolClassifier.fs:47, src/Wanxiangshu/Strength/Migration/LegacyProtocolClassifier.fs:50)
check	Run verification	2026-10-05T18:20:07.4940971Z   [low] src/Wanxiangshu/Wanxiangshu.Owner.speculative-investigation.strength-migration.fsproj -> Wanxiangshu.Owner.dispatch-protocol.foundation-llm-facing.fsproj: type-name 'Field' (src/Wanxiangshu/Strength/Migration/LegacyProtocolClassifier.fs:47, src/Wanxiangshu/Strength/Migration/DelegationHistoryMigration.fs:61, src/Wanxiangshu/Strength/Migration/DelegationHistoryMigration.fs:62)
check	Run verification	2026-10-05T18:20:07.4943606Z   [low] src/Wanxiangshu/Wanxiangshu.Owner.speculative-investigation.strength-migration.fsproj -> Wanxiangshu.Owner.durable-events.persistence-journal-promptfactcodec.fsproj: type-name 'StreamId' (src/Wanxiangshu/Strength/Migration/DelegationHistoryMigration.fs:326)
check	Run verification	2026-10-05T18:20:07.4946040Z   [low] src/Wanxiangshu/Wanxiangshu.Owner.speculative-investigation.strength-opencode-delegate.fsproj -> Wanxiangshu.Owner.epistemic-reasoning.sphinx-v2-core.fsproj: type-name 'Attempt' (src/Wanxiangshu/Strength/OpenCode/Delegate.fsi:8, src/Wanxiangshu/Strength/OpenCode/Delegate.fs:17, src/Wanxiangshu/Strength/Surface.fs:21)
check	Run verification	2026-10-05T18:20:07.4948638Z   [low] src/Wanxiangshu/Wanxiangshu.Owner.speculative-investigation.strength-opencode-delegate.fsproj -> Wanxiangshu.Owner.context-compression.context-companion-companionfactfold.fsproj: type-name 'Companion' (src/Wanxiangshu/Strength/Surface.fs:648)
check	Run verification	2026-10-05T18:20:07.4951107Z   [low] src/Wanxiangshu/Wanxiangshu.Owner.speculative-investigation.strength-opencode-delegate.fsproj -> Wanxiangshu.Owner.behavior-diagnosis.enforcer-continuation.fsproj: type-name 'Context' (src/Wanxiangshu/Strength/OpenCode/Delegate.fs:8, src/Wanxiangshu/Strength/OpenCode/Delegate.fs:130, src/Wanxiangshu/Strength/OpenCode/Delegate.fs:132)
check	Run verification	2026-10-05T18:20:07.4953838Z   [low] src/Wanxiangshu/Wanxiangshu.Owner.speculative-investigation.strength-opencode-delegate.fsproj -> Wanxiangshu.Owner.epistemic-reasoning.sphinx-v2-core.fsproj: type-name 'DecisionId' (src/Wanxiangshu/Strength/OpenCode/Delegate.fs:838, src/Wanxiangshu/Strength/OpenCode/Delegate.fs:873, src/Wanxiangshu/Strength/OpenCode/Delegate.fs:935)
check	Run verification	2026-10-05T18:20:07.4956468Z   [high] src/Wanxiangshu/Wanxiangshu.Owner.speculative-investigation.strength-opencode-delegate.fsproj -> Wanxiangshu.Owner.epistemic-reasoning.sphinx-v2-core.fsproj: module-prefix 'Decode' (src/Wanxiangshu/Strength/Surface.fs:1142, src/Wanxiangshu/Strength/Surface.fs:1145, src/Wanxiangshu/Strength/Surface.fs:1146)
check	Run verification	2026-10-05T18:20:07.4959319Z   [low] src/Wanxiangshu/Wanxiangshu.Owner.speculative-investigation.strength-opencode-delegate.fsproj -> Wanxiangshu.Owner.opencode-plugin.plugin-composition.fsproj: type-name 'Host' (src/Wanxiangshu/Strength/OpenCode/Delegate.fsi:6, src/Wanxiangshu/Strength/OpenCode/Delegate.fs:13, src/Wanxiangshu/Strength/Surface.fs:14)
check	Run verification	2026-10-05T18:20:07.4961589Z   [low] src/Wanxiangshu/Wanxiangshu.Owner.speculative-investigation.strength-opencode-delegate.fsproj -> Wanxiangshu.Owner.change-integration.git-integrationgate.fsproj: type-name 'Orchestrator' (src/Wanxiangshu/Strength/Surface.fs:601)
check	Run verification	2026-10-05T18:20:07.4963784Z   [high] src/Wanxiangshu/Wanxiangshu.Owner.speculative-investigation.strength-opencode-delegate.fsproj -> Wanxiangshu.Owner.epistemic-reasoning.sphinx-v2-core.fsproj: module-prefix 'Profile' (src/Wanxiangshu/Strength/OpenCode/Delegate.fs:142, src/Wanxiangshu/Strength/OpenCode/Delegate.fs:143)
check	Run verification	2026-10-05T18:20:07.4966296Z   [low] src/Wanxiangshu/Wanxiangshu.Owner.speculative-investigation.strength-opencode-delegate.fsproj -> Wanxiangshu.Owner.epistemic-reasoning.sphinx-v2-integration.fsproj: type-name 'RuntimeHandle' (src/Wanxiangshu/Strength/Surface.fs:48, src/Wanxiangshu/Strength/Surface.fs:1713, src/Wanxiangshu/Strength/Surface.fs:1716)
check	Run verification	2026-10-05T18:20:07.4968837Z   [low] src/Wanxiangshu/Wanxiangshu.Owner.speculative-investigation.strength-projection.fsproj -> Wanxiangshu.Owner.epistemic-reasoning.sphinx-v2-core.fsproj: type-name 'Attempt' (src/Wanxiangshu/Strength/Projection/Model.fs:9, src/Wanxiangshu/Strength/Replica/TraceRecovery.fs:7)
check	Run verification	2026-10-05T18:20:07.4971294Z   [low] src/Wanxiangshu/Wanxiangshu.Owner.speculative-investigation.strength-projection.fsproj -> Wanxiangshu.Owner.epistemic-reasoning.sphinx-v2-core.fsproj: type-name 'DecisionId' (src/Wanxiangshu/Strength/Projection/Model.fs:304, src/Wanxiangshu/Strength/Projection/Model.fs:304, src/Wanxiangshu/Strength/Projection/Model.fs:313)
check	Run verification	2026-10-05T18:20:07.4973871Z   [low] src/Wanxiangshu/Wanxiangshu.Owner.speculative-investigation.strength-replica-core.fsproj -> Wanxiangshu.Owner.epistemic-reasoning.sphinx-v2-core.fsproj: type-name 'Attempt' (src/Wanxiangshu/Strength/Replica/Commit.fs:7, src/Wanxiangshu/Strength/Replica/Promotion.fs:7, src/Wanxiangshu/Strength/Runtime.fs:8)
check	Run verification	2026-10-05T18:20:07.4976186Z   [low] src/Wanxiangshu/Wanxiangshu.Owner.speculative-investigation.strength-replica-core.fsproj -> Wanxiangshu.Owner.epistemic-reasoning.sphinx-v2-core.fsproj: type-name 'DecisionId' (src/Wanxiangshu/Strength/Runtime.fsi:10, src/Wanxiangshu/Strength/Runtime.fs:25)
check	Run verification	2026-10-05T18:20:07.4978474Z   [low] src/Wanxiangshu/Wanxiangshu.Owner.speculative-investigation.strength-replica-core.fsproj -> Wanxiangshu.Owner.dispatch-protocol.foundation-llm-facing.fsproj: type-name 'Value' (src/Wanxiangshu/Strength/Runtime.fs:133, src/Wanxiangshu/Strength/Runtime.fs:149)
check	Run verification	2026-10-05T18:20:07.4981130Z   [high] src/Wanxiangshu/Wanxiangshu.Owner.speculative-investigation.strength-replica-core.fsproj -> Wanxiangshu.Owner.speculative-investigation.strength-projection.fsproj: open 'Wanxiangshu.Strength.Projection' (src/Wanxiangshu/Strength/Replica/Commit.fs:11, src/Wanxiangshu/Strength/Replica/Promotion.fs:11, src/Wanxiangshu/Strength/Runtime.fs:11)
check	Run verification	2026-10-05T18:20:07.4983994Z   [high] src/Wanxiangshu/Wanxiangshu.Owner.speculative-investigation.strength-replica-core.fsproj -> Wanxiangshu.Owner.speculative-investigation.strength-projection.fsproj: qualified 'Wanxiangshu.Strength.Projection' (src/Wanxiangshu/Strength/Replica/Commit.fs:11, src/Wanxiangshu/Strength/Replica/Promotion.fs:11, src/Wanxiangshu/Strength/Runtime.fs:11)
check	Run verification	2026-10-05T18:20:07.4986401Z   [low] src/Wanxiangshu/Wanxiangshu.Owner.speculative-investigation.strength-replica-runtime.fsproj -> Wanxiangshu.Owner.epistemic-reasoning.sphinx-v2-core.fsproj: type-name 'Attempt' (src/Wanxiangshu/Strength/Replica/Runtime.fs:19)
check	Run verification	2026-10-05T18:20:07.4988829Z   [low] src/Wanxiangshu/Wanxiangshu.Owner.speculative-investigation.strength-replica-runtime.fsproj -> Wanxiangshu.Owner.epistemic-reasoning.sphinx-v2-core.fsproj: type-name 'DecisionId' (src/Wanxiangshu/Strength/Replica/Transform.fs:607, src/Wanxiangshu/Strength/Replica/Runtime.fs:91, src/Wanxiangshu/Strength/Replica/Runtime.fs:107)
check	Run verification	2026-10-05T18:20:07.4991418Z   [low] src/Wanxiangshu/Wanxiangshu.Owner.speculative-investigation.strength-replica-runtime.fsproj -> Wanxiangshu.Owner.opencode-plugin.plugin-composition.fsproj: type-name 'Host' (src/Wanxiangshu/Strength/Replica/Transform.fs:9, src/Wanxiangshu/Strength/Replica/Runtime.fs:14)
check	Run verification	2026-10-05T18:20:07.4993712Z   [low] src/Wanxiangshu/Wanxiangshu.Owner.speculative-investigation.strength-turnevidence.fsproj -> Wanxiangshu.Owner.behavior-diagnosis.enforcer-continuation.fsproj: type-name 'Context' (src/Wanxiangshu/Strength/OpenCode/Replay.fsi:6, src/Wanxiangshu/Strength/OpenCode/Replay.fs:7)
check	Run verification	2026-10-05T18:20:07.4996121Z   [low] src/Wanxiangshu/Wanxiangshu.Owner.speculative-investigation.strength-turnevidence.fsproj -> Wanxiangshu.Owner.epistemic-reasoning.sphinx-v2-core.fsproj: type-name 'DecisionId' (src/Wanxiangshu/Strength/Lifecycle.fs:30, src/Wanxiangshu/Strength/Lifecycle.fs:44, src/Wanxiangshu/Strength/Lifecycle.fs:88)
check	Run verification	2026-10-05T18:20:07.4999185Z   [low] src/Wanxiangshu/Wanxiangshu.Owner.speculative-investigation.strength-turnevidence.fsproj -> Wanxiangshu.Owner.opencode-plugin.plugin-composition.fsproj: type-name 'Host' (src/Wanxiangshu/Strength/OpenCode/Replay.fs:10)
check	Run verification	2026-10-05T18:20:07.5003100Z   [low] src/Wanxiangshu/Wanxiangshu.Owner.time-capability.foundation-temporal.fsproj -> Wanxiangshu.Owner.behavior-diagnosis.enforcer-continuation.fsproj: type-name 'Context' (src/Wanxiangshu/Process/Surface.fs:38, src/Wanxiangshu/Process/Surface.fs:369)
check	Run verification	2026-10-05T18:20:07.5005874Z   [high] src/Wanxiangshu/Wanxiangshu.Owner.time-capability.foundation-temporal.fsproj -> Wanxiangshu.Owner.speculative-investigation.strength-event-vocabulary-contract.fsproj: module-prefix 'Delegation' (src/Wanxiangshu/Process/Surface.fsi:4, src/Wanxiangshu/Process/Surface.fs:10)
check	Run verification	2026-10-05T18:20:07.5008538Z   [low] src/Wanxiangshu/Wanxiangshu.Owner.time-capability.process-virtual-timing.fsproj -> Wanxiangshu.Owner.dispatch-protocol.foundation-llm-facing.fsproj: type-name 'Value' (src/Wanxiangshu/Process/VirtualTiming.fs:50, src/Wanxiangshu/Process/VirtualTiming.fs:51, src/Wanxiangshu/Process/VirtualTiming.fs:59)
check	Run verification	2026-10-05T18:20:07.5012776Z   [low] src/Wanxiangshu/Wanxiangshu.Owner.verification-system.verification-eventstorewritersurface.fsproj -> Wanxiangshu.Owner.behavior-diagnosis.enforcer-continuation.fsproj: type-name 'Context' (src/Wanxiangshu/Verification/EventStoreWriterSurface.fs:10, src/Wanxiangshu/Verification/TemporalSurface.fs:14, src/Wanxiangshu/Verification/JournalPortObservationSurface.fs:8)
check	Run verification	2026-10-05T18:20:07.5019527Z   [low] src/Wanxiangshu/Wanxiangshu.Owner.verification-system.verification-eventstorewritersurface.fsproj -> Wanxiangshu.Owner.opencode-plugin.plugin-composition.fsproj: type-name 'Host' (src/Wanxiangshu/Verification/TemporalSurface.fs:880)
check	Run verification	2026-10-05T18:20:07.5024287Z   [low] src/Wanxiangshu/Wanxiangshu.Owner.work-record.mission-workrecord-materialize-runtime.fsproj -> Wanxiangshu.Owner.context-compression.context-companion-companionfactfold.fsproj: static-member 'Companion' (src/Wanxiangshu/Mission/WorkRecord/Materialize.fs:7)
check	Run verification	2026-10-05T18:20:07.5028939Z   [low] src/Wanxiangshu/Wanxiangshu.Owner.work-record.mission-workrecord-materialize-runtime.fsproj -> Wanxiangshu.Owner.context-compression.context-companion-companionfactfold.fsproj: type-name 'Companion' (src/Wanxiangshu/Mission/WorkRecord/Materialize.fs:7)
check	Run verification	2026-10-05T18:20:07.5033934Z   [low] src/Wanxiangshu/Wanxiangshu.Owner.work-record.mission-workrecord-materialize-runtime.fsproj -> Wanxiangshu.Owner.behavior-diagnosis.enforcer-continuation.fsproj: type-name 'Context' (src/Wanxiangshu/Mission/WorkRecord/Materialize.fsi:5, src/Wanxiangshu/Mission/WorkRecord/Materialize.fs:7, src/Wanxiangshu/Mission/WorkRecord/Materialize.fs:8)
check	Run verification	2026-10-05T18:20:07.5039077Z   [low] src/Wanxiangshu/Wanxiangshu.Owner.work-record.mission-workrecord-materialize-runtime.fsproj -> Wanxiangshu.Owner.opencode-plugin.plugin-composition.fsproj: type-name 'Host' (src/Wanxiangshu/Mission/WorkRecord/Materialize.fs:11)
check	Run verification	2026-10-05T18:20:07.5043619Z   [low] src/Wanxiangshu/Wanxiangshu.Owner.work-record.mission-workrecord-model.fsproj -> Wanxiangshu.Owner.behavior-diagnosis.enforcer-continuation.fsproj: type-name 'Context' (src/Wanxiangshu/Mission/WorkRecord/Model.fsi:3, src/Wanxiangshu/Mission/WorkRecord/Model.fs:3, src/Wanxiangshu/Mission/WorkRecord/OpeningSemanticSurface.fs:4)
check	Run verification	2026-10-05T18:20:07.5048583Z   [low] src/Wanxiangshu/Wanxiangshu.Owner.work-record.mission-workrecord-surface.fsproj -> Wanxiangshu.Owner.behavior-diagnosis.enforcer-continuation.fsproj: type-name 'Context' (src/Wanxiangshu/Mission/WorkRecord/Surface.fs:6, src/Wanxiangshu/Mission/WorkRecord/Surface.fs:8)
check	Run verification	2026-10-05T18:20:07.5050940Z   check          OK  6.4s
check	Run verification	2026-10-05T18:21:28.3607668Z   build          OK  80.6s
check	Run verification	2026-10-05T18:21:29.3293543Z runner: build is current (1798 sources, 884 artifacts)
check	Run verification	2026-10-05T18:21:29.3355179Z runner: 821 test file(s), 30000ms verdict-silence window
check	Run verification	2026-10-05T18:21:29.3880627Z runner: file lifecycle {"entryFile":"/home/runner/work/vibe-fs/vibe-fs/requirements/action-affordance/tests/001.test.mjs","pid":3076,"parentPid":3067,"type":"runner:file-start","elapsedMs":42.4062909999999}
check	Run verification	2026-10-05T18:21:29.3920763Z runner: file lifecycle {"entryFile":"/home/runner/work/vibe-fs/vibe-fs/requirements/action-affordance/tests/002.test.mjs","pid":3076,"parentPid":3067,"type":"runner:file-start","elapsedMs":46.85556599999995}
check	Run verification	2026-10-05T18:21:29.4455077Z runner: file lifecycle {"entryFile":"/home/runner/work/vibe-fs/vibe-fs/requirements/action-affordance/tests/002.test.mjs","type":"runner:file-drained","elapsedMs":100.20874299999991}
check	Run verification	2026-10-05T18:21:29.4479817Z runner: file lifecycle {"entryFile":"/home/runner/work/vibe-fs/vibe-fs/requirements/action-affordance/tests/003.test.mjs","pid":3076,"parentPid":3067,"type":"runner:file-start","elapsedMs":102.72550999999999}
check	Run verification	2026-10-05T18:21:29.5002588Z runner: file lifecycle {"entryFile":"/home/runner/work/vibe-fs/vibe-fs/requirements/action-affordance/tests/003.test.mjs","type":"runner:file-drained","elapsedMs":154.84220099999993}
check	Run verification	2026-10-05T18:21:29.5024945Z runner: file lifecycle {"entryFile":"/home/runner/work/vibe-fs/vibe-fs/requirements/action-affordance/tests/004.test.mjs","pid":3076,"parentPid":3067,"type":"runner:file-start","elapsedMs":157.16014599999994}
check	Run verification	2026-10-05T18:21:29.5552937Z runner: file lifecycle {"entryFile":"/home/runner/work/vibe-fs/vibe-fs/requirements/action-affordance/tests/004.test.mjs","type":"runner:file-drained","elapsedMs":209.89002199999993}
check	Run verification	2026-10-05T18:21:29.5576006Z runner: file lifecycle {"entryFile":"/home/runner/work/vibe-fs/vibe-fs/requirements/action-affordance/tests/005.test.mjs","pid":3076,"parentPid":3067,"type":"runner:file-start","elapsedMs":212.3429389999999}
check	Run verification	2026-10-05T18:21:29.6101552Z runner: file lifecycle {"entryFile":"/home/runner/work/vibe-fs/vibe-fs/requirements/action-affordance/tests/005.test.mjs","type":"runner:file-drained","elapsedMs":264.882664}
check	Run verification	2026-10-05T18:21:29.6123460Z runner: file lifecycle {"entryFile":"/home/runner/work/vibe-fs/vibe-fs/requirements/action-affordance/tests/006.test.mjs","pid":3076,"parentPid":3067,"type":"runner:file-start","elapsedMs":267.1331829999999}
check	Run verification	2026-10-05T18:21:29.6635066Z runner: file lifecycle {"entryFile":"/home/runner/work/vibe-fs/vibe-fs/requirements/action-affordance/tests/006.test.mjs","type":"runner:file-drained","elapsedMs":318.2078929999999}
check	Run verification	2026-10-05T18:21:29.6660800Z runner: file lifecycle {"entryFile":"/home/runner/work/vibe-fs/vibe-fs/requirements/action-affordance/tests/007.test.mjs","pid":3076,"parentPid":3067,"type":"runner:file-start","elapsedMs":320.6332839999999}
check	Run verification	2026-10-05T18:21:29.7981713Z runner: file lifecycle {"entryFile":"/home/runner/work/vibe-fs/vibe-fs/requirements/action-affordance/tests/001.test.mjs","type":"runner:file-drained","elapsedMs":452.09224599999993}
check	Run verification	2026-10-05T18:21:29.8009752Z runner: file lifecycle {"entryFile":"/home/runner/work/vibe-fs/vibe-fs/requirements/action-affordance/tests/008.test.mjs","pid":3076,"parentPid":3067,"type":"runner:file-start","elapsedMs":452.68306099999995}
check	Run verification	2026-10-05T18:21:29.8434268Z runner: file lifecycle {"entryFile":"/home/runner/work/vibe-fs/vibe-fs/requirements/action-affordance/tests/007.test.mjs","type":"runner:file-drained","elapsedMs":498.18652899999984}
check	Run verification	2026-10-05T18:21:29.8470719Z runner: file lifecycle {"entryFile":"/home/runner/work/vibe-fs/vibe-fs/requirements/action-affordance/tests/009.test.mjs","pid":3076,"parentPid":3067,"type":"runner:file-start","elapsedMs":501.287777}
check	Run verification	2026-10-05T18:21:29.8580280Z runner: file lifecycle {"entryFile":"/home/runner/work/vibe-fs/vibe-fs/requirements/action-affordance/tests/008.test.mjs","type":"runner:file-drained","elapsedMs":511.86515099999997}
check	Run verification	2026-10-05T18:21:29.8620333Z runner: file lifecycle {"entryFile":"/home/runner/work/vibe-fs/vibe-fs/requirements/action-affordance/tests/010.test.mjs","pid":3076,"parentPid":3067,"type":"runner:file-start","elapsedMs":514.9533059999999}
check	Run verification	2026-10-05T18:21:29.9089655Z runner: file lifecycle {"entryFile":"/home/runner/work/vibe-fs/vibe-fs/requirements/action-affordance/tests/010.test.mjs","type":"runner:file-drained","elapsedMs":563.686027}
check	Run verification	2026-10-05T18:21:29.9112555Z runner: file lifecycle {"entryFile":"/home/runner/work/vibe-fs/vibe-fs/requirements/action-affordance/tests/011.test.mjs","pid":3076,"parentPid":3067,"type":"runner:file-start","elapsedMs":565.9498509999999}
check	Run verification	2026-10-05T18:21:29.9675337Z runner: file lifecycle {"entryFile":"/home/runner/work/vibe-fs/vibe-fs/requirements/action-affordance/tests/011.test.mjs","type":"runner:file-drained","elapsedMs":622.3275189999999}
check	Run verification	2026-10-05T18:21:29.9711811Z runner: file lifecycle {"entryFile":"/home/runner/work/vibe-fs/vibe-fs/requirements/action-affordance/tests/012.test.mjs","pid":3076,"parentPid":3067,"type":"runner:file-start","elapsedMs":625.065159}
check	Run verification	2026-10-05T18:21:30.0260371Z runner: file lifecycle {"entryFile":"/home/runner/work/vibe-fs/vibe-fs/requirements/action-affordance/tests/012.test.mjs","type":"runner:file-drained","elapsedMs":678.0285199999998}
check	Run verification	2026-10-05T18:21:30.0289862Z runner: file lifecycle {"entryFile":"/home/runner/work/vibe-fs/vibe-fs/requirements/action-affordance/tests/013.test.mjs","pid":3076,"parentPid":3067,"type":"runner:file-start","elapsedMs":679.7082719999999}
check	Run verification	2026-10-05T18:21:30.0801337Z runner: file lifecycle {"entryFile":"/home/runner/work/vibe-fs/vibe-fs/requirements/action-affordance/tests/013.test.mjs","type":"runner:file-drained","elapsedMs":734.8573019999999}
check	Run verification	2026-10-05T18:21:30.0822066Z runner: file lifecycle {"entryFile":"/home/runner/work/vibe-fs/vibe-fs/requirements/action-affordance/tests/014.test.mjs","pid":3076,"parentPid":3067,"type":"runner:file-start","elapsedMs":737.0162149999999}
check	Run verification	2026-10-05T18:21:30.2532194Z runner: file lifecycle {"entryFile":"/home/runner/work/vibe-fs/vibe-fs/requirements/action-affordance/tests/009.test.mjs","type":"runner:file-drained","elapsedMs":907.8011569999999}
check	Run verification	2026-10-05T18:21:30.2554891Z runner: file lifecycle {"entryFile":"/home/runner/work/vibe-fs/vibe-fs/requirements/action-affordance/tests/015.test.mjs","pid":3076,"parentPid":3067,"type":"runner:file-start","elapsedMs":910.365967}
check	Run verification	2026-10-05T18:21:30.4919057Z runner: file lifecycle {"entryFile":"/home/runner/work/vibe-fs/vibe-fs/requirements/action-affordance/tests/014.test.mjs","type":"runner:file-drained","elapsedMs":1146.634026}
check	Run verification	2026-10-05T18:21:30.4942447Z runner: file lifecycle {"entryFile":"/home/runner/work/vibe-fs/vibe-fs/requirements/attention-regulation/tests/001.test.mjs","pid":3076,"parentPid":3067,"type":"runner:file-start","elapsedMs":1149.080505}
check	Run verification	2026-10-05T18:21:30.6771854Z runner: file lifecycle {"entryFile":"/home/runner/work/vibe-fs/vibe-fs/requirements/action-affordance/tests/015.test.mjs","type":"runner:file-drained","elapsedMs":1331.658585}
check	Run verification	2026-10-05T18:21:30.6819806Z runner: file lifecycle {"entryFile":"/home/runner/work/vibe-fs/vibe-fs/requirements/attention-regulation/tests/002.test.mjs","pid":3076,"parentPid":3067,"type":"runner:file-start","elapsedMs":1334.021729}
check	Run verification	2026-10-05T18:21:30.6840936Z runner: file lifecycle {"entryFile":"/home/runner/work/vibe-fs/vibe-fs/requirements/attention-regulation/tests/001.test.mjs","type":"runner:file-drained","elapsedMs":1338.601735}
check	Run verification	2026-10-05T18:21:30.6856833Z runner: file lifecycle {"entryFile":"/home/runner/work/vibe-fs/vibe-fs/requirements/attention-regulation/tests/003.test.mjs","pid":3076,"parentPid":3067,"type":"runner:file-start","elapsedMs":1340.556623}
check	Run verification	2026-10-05T18:21:30.8771717Z runner: file lifecycle {"entryFile":"/home/runner/work/vibe-fs/vibe-fs/requirements/attention-regulation/tests/003.test.mjs","type":"runner:file-drained","elapsedMs":1531.91727}
check	Run verification	2026-10-05T18:21:30.8795095Z runner: file lifecycle {"entryFile":"/home/runner/work/vibe-fs/vibe-fs/requirements/attention-regulation/tests/004.test.mjs","pid":3076,"parentPid":3067,"type":"runner:file-start","elapsedMs":1534.345621}
check	Run verification	2026-10-05T18:21:32.7159516Z runner: file lifecycle {"entryFile":"/home/runner/work/vibe-fs/vibe-fs/requirements/attention-regulation/tests/002.test.mjs","type":"runner:file-drained","elapsedMs":3370.7150149999998}
check	Run verification	2026-10-05T18:21:32.7180019Z runner: file lifecycle {"entryFile":"/home/runner/work/vibe-fs/vibe-fs/requirements/attention-regulation/tests/005.test.mjs","pid":3076,"parentPid":3067,"type":"runner:file-start","elapsedMs":3371.701129}
check	Run verification	2026-10-05T18:21:33.8240282Z runner: file lifecycle {"entryFile":"/home/runner/work/vibe-fs/vibe-fs/requirements/attention-regulation/tests/004.test.mjs","type":"runner:file-drained","elapsedMs":4477.200637}
check	Run verification	2026-10-05T18:21:33.8259109Z runner: file lifecycle {"entryFile":"/home/runner/work/vibe-fs/vibe-fs/requirements/attention-regulation/tests/006.test.mjs","pid":3076,"parentPid":3067,"type":"runner:file-start","elapsedMs":4478.829087}
check	Run verification	2026-10-05T18:21:33.9242572Z runner: file lifecycle {"entryFile":"/home/runner/work/vibe-fs/vibe-fs/requirements/attention-regulation/tests/006.test.mjs","type":"runner:file-drained","elapsedMs":4579.123154999999}
check	Run verification	2026-10-05T18:21:33.9265681Z runner: file lifecycle {"entryFile":"/home/runner/work/vibe-fs/vibe-fs/requirements/behavior-diagnosis/tests/001.test.mjs","pid":3076,"parentPid":3067,"type":"runner:file-start","elapsedMs":4581.403378999999}
check	Run verification	2026-10-05T18:21:34.0986982Z runner: file lifecycle {"entryFile":"/home/runner/work/vibe-fs/vibe-fs/requirements/behavior-diagnosis/tests/001.test.mjs","type":"runner:file-drained","elapsedMs":4753.115932999999}
check	Run verification	2026-10-05T18:21:34.1017192Z runner: file lifecycle {"entryFile":"/home/runner/work/vibe-fs/vibe-fs/requirements/behavior-diagnosis/tests/002.test.mjs","pid":3076,"parentPid":3067,"type":"runner:file-start","elapsedMs":4755.853573}
check	Run verification	2026-10-05T18:21:34.1771340Z runner: file lifecycle {"entryFile":"/home/runner/work/vibe-fs/vibe-fs/requirements/behavior-diagnosis/tests/002.test.mjs","type":"runner:file-drained","elapsedMs":4830.0651259999995}
check	Run verification	2026-10-05T18:21:34.1830051Z runner: file lifecycle {"entryFile":"/home/runner/work/vibe-fs/vibe-fs/requirements/behavior-diagnosis/tests/003.test.mjs","pid":3076,"parentPid":3067,"type":"runner:file-start","elapsedMs":4835.523423999999}
check	Run verification	2026-10-05T18:21:34.3991638Z runner: file lifecycle {"entryFile":"/home/runner/work/vibe-fs/vibe-fs/requirements/behavior-diagnosis/tests/003.test.mjs","type":"runner:file-drained","elapsedMs":5053.794913}
check	Run verification	2026-10-05T18:21:34.4014661Z runner: file lifecycle {"entryFile":"/home/runner/work/vibe-fs/vibe-fs/requirements/behavior-diagnosis/tests/004.test.mjs","pid":3076,"parentPid":3067,"type":"runner:file-start","elapsedMs":5056.243913}
check	Run verification	2026-10-05T18:21:34.7309740Z runner: file lifecycle {"entryFile":"/home/runner/work/vibe-fs/vibe-fs/requirements/attention-regulation/tests/005.test.mjs","type":"runner:file-drained","elapsedMs":5385.65595}
check	Run verification	2026-10-05T18:21:34.7421569Z runner: file lifecycle {"entryFile":"/home/runner/work/vibe-fs/vibe-fs/requirements/behavior-diagnosis/tests/005.test.mjs","pid":3076,"parentPid":3067,"type":"runner:file-start","elapsedMs":5393.11486}
check	Run verification	2026-10-05T18:21:34.7737172Z runner: file lifecycle {"entryFile":"/home/runner/work/vibe-fs/vibe-fs/requirements/behavior-diagnosis/tests/004.test.mjs","type":"runner:file-drained","elapsedMs":5428.449374}
check	Run verification	2026-10-05T18:21:34.7759506Z runner: file lifecycle {"entryFile":"/home/runner/work/vibe-fs/vibe-fs/requirements/behavior-diagnosis/tests/006.test.mjs","pid":3076,"parentPid":3067,"type":"runner:file-start","elapsedMs":5430.787816}
check	Run verification	2026-10-05T18:21:34.8478369Z runner: file lifecycle {"entryFile":"/home/runner/work/vibe-fs/vibe-fs/requirements/behavior-diagnosis/tests/005.test.mjs","type":"runner:file-drained","elapsedMs":5502.558402999999}
check	Run verification	2026-10-05T18:21:34.8523464Z runner: file lifecycle {"entryFile":"/home/runner/work/vibe-fs/vibe-fs/requirements/behavior-diagnosis/tests/007.test.mjs","pid":3076,"parentPid":3067,"type":"runner:file-start","elapsedMs":5507.0780159999995}
check	Run verification	2026-10-05T18:21:35.1081219Z runner: file lifecycle {"entryFile":"/home/runner/work/vibe-fs/vibe-fs/requirements/behavior-diagnosis/tests/007.test.mjs","type":"runner:file-drained","elapsedMs":5762.809558999999}
check	Run verification	2026-10-05T18:21:35.1101014Z runner: file lifecycle {"entryFile":"/home/runner/work/vibe-fs/vibe-fs/requirements/behavior-diagnosis/tests/008.test.mjs","pid":3076,"parentPid":3067,"type":"runner:file-start","elapsedMs":5764.901561999999}
check	Run verification	2026-10-05T18:21:35.5730637Z runner: file lifecycle {"entryFile":"/home/runner/work/vibe-fs/vibe-fs/requirements/behavior-diagnosis/tests/008.test.mjs","type":"runner:file-drained","elapsedMs":6227.812819999999}
check	Run verification	2026-10-05T18:21:35.5751687Z runner: file lifecycle {"entryFile":"/home/runner/work/vibe-fs/vibe-fs/requirements/behavior-diagnosis/tests/009.test.mjs","pid":3076,"parentPid":3067,"type":"runner:file-start","elapsedMs":6230.007555}
check	Run verification	2026-10-05T18:21:36.9314331Z runner: file lifecycle {"entryFile":"/home/runner/work/vibe-fs/vibe-fs/requirements/behavior-diagnosis/tests/009.test.mjs","type":"runner:file-drained","elapsedMs":7586.181375}
check	Run verification	2026-10-05T18:21:36.9334107Z runner: file lifecycle {"entryFile":"/home/runner/work/vibe-fs/vibe-fs/requirements/behavior-diagnosis/tests/010.test.mjs","pid":3076,"parentPid":3067,"type":"runner:file-start","elapsedMs":7588.246387000001}
check	Run verification	2026-10-05T18:21:37.0294872Z runner: file lifecycle {"entryFile":"/home/runner/work/vibe-fs/vibe-fs/requirements/behavior-diagnosis/tests/006.test.mjs","type":"runner:file-drained","elapsedMs":7684.211413000001}
check	Run verification	2026-10-05T18:21:37.0317669Z runner: file lifecycle {"entryFile":"/home/runner/work/vibe-fs/vibe-fs/requirements/behavior-diagnosis/tests/011.test.mjs","pid":3076,"parentPid":3067,"type":"runner:file-start","elapsedMs":7686.540701}
check	Run verification	2026-10-05T18:21:37.1934152Z runner: file lifecycle {"entryFile":"/home/runner/work/vibe-fs/vibe-fs/requirements/behavior-diagnosis/tests/011.test.mjs","type":"runner:file-drained","elapsedMs":7848.158684}
check	Run verification	2026-10-05T18:21:37.1956231Z runner: file lifecycle {"entryFile":"/home/runner/work/vibe-fs/vibe-fs/requirements/behavior-diagnosis/tests/012.test.mjs","pid":3076,"parentPid":3067,"type":"runner:file-start","elapsedMs":7850.366964000001}
check	Run verification	2026-10-05T18:21:37.3445731Z runner: file lifecycle {"entryFile":"/home/runner/work/vibe-fs/vibe-fs/requirements/behavior-diagnosis/tests/010.test.mjs","type":"runner:file-drained","elapsedMs":7999.340279}
check	Run verification	2026-10-05T18:21:37.3467042Z runner: file lifecycle {"entryFile":"/home/runner/work/vibe-fs/vibe-fs/requirements/behavior-diagnosis/tests/013.test.mjs","pid":3076,"parentPid":3067,"type":"runner:file-start","elapsedMs":8001.587441}
check	Run verification	2026-10-05T18:21:37.5403988Z runner: file lifecycle {"entryFile":"/home/runner/work/vibe-fs/vibe-fs/requirements/behavior-diagnosis/tests/012.test.mjs","type":"runner:file-drained","elapsedMs":8195.232607}
check	Run verification	2026-10-05T18:21:37.5429765Z runner: file lifecycle {"entryFile":"/home/runner/work/vibe-fs/vibe-fs/requirements/behavior-diagnosis/tests/014.test.mjs","pid":3076,"parentPid":3067,"type":"runner:file-start","elapsedMs":8197.707776000001}
check	Run verification	2026-10-05T18:21:37.6832481Z runner: file lifecycle {"entryFile":"/home/runner/work/vibe-fs/vibe-fs/requirements/behavior-diagnosis/tests/013.test.mjs","type":"runner:file-drained","elapsedMs":8335.276411}
check	Run verification	2026-10-05T18:21:37.6844969Z runner: file lifecycle {"entryFile":"/home/runner/work/vibe-fs/vibe-fs/requirements/behavior-diagnosis/tests/015.test.mjs","pid":3076,"parentPid":3067,"type":"runner:file-start","elapsedMs":8338.669788000001}
check	Run verification	2026-10-05T18:21:37.8537076Z runner: file lifecycle {"entryFile":"/home/runner/work/vibe-fs/vibe-fs/requirements/behavior-diagnosis/tests/015.test.mjs","type":"runner:file-drained","elapsedMs":8508.431548}
check	Run verification	2026-10-05T18:21:37.8559703Z runner: file lifecycle {"entryFile":"/home/runner/work/vibe-fs/vibe-fs/requirements/behavior-diagnosis/tests/016.test.mjs","pid":3076,"parentPid":3067,"type":"runner:file-start","elapsedMs":8510.809265}
check	Run verification	2026-10-05T18:21:37.8899740Z runner: file lifecycle {"entryFile":"/home/runner/work/vibe-fs/vibe-fs/requirements/behavior-diagnosis/tests/014.test.mjs","type":"runner:file-drained","elapsedMs":8544.847162}
check	Run verification	2026-10-05T18:21:37.8923715Z runner: file lifecycle {"entryFile":"/home/runner/work/vibe-fs/vibe-fs/requirements/behavior-diagnosis/tests/017.test.mjs","pid":3076,"parentPid":3067,"type":"runner:file-start","elapsedMs":8547.183333}
check	Run verification	2026-10-05T18:21:38.3729878Z runner: file lifecycle {"entryFile":"/home/runner/work/vibe-fs/vibe-fs/requirements/behavior-diagnosis/tests/016.test.mjs","type":"runner:file-drained","elapsedMs":9025.126726}
check	Run verification	2026-10-05T18:21:38.3759821Z runner: file lifecycle {"entryFile":"/home/runner/work/vibe-fs/vibe-fs/requirements/behavior-diagnosis/tests/018.test.mjs","pid":3076,"parentPid":3067,"type":"runner:file-start","elapsedMs":9028.164408}
check	Run verification	2026-10-05T18:21:40.7385697Z runner: file lifecycle {"entryFile":"/home/runner/work/vibe-fs/vibe-fs/requirements/behavior-diagnosis/tests/018.test.mjs","type":"runner:file-drained","elapsedMs":11393.330549}
check	Run verification	2026-10-05T18:21:40.7402147Z runner: file lifecycle {"entryFile":"/home/runner/work/vibe-fs/vibe-fs/requirements/behavior-diagnosis/tests/019.test.mjs","pid":3076,"parentPid":3067,"type":"runner:file-start","elapsedMs":11395.036750000001}
check	Run verification	2026-10-05T18:21:40.7928402Z runner: file lifecycle {"entryFile":"/home/runner/work/vibe-fs/vibe-fs/requirements/behavior-diagnosis/tests/019.test.mjs","type":"runner:file-drained","elapsedMs":11447.591285}
check	Run verification	2026-10-05T18:21:40.7949096Z runner: file lifecycle {"entryFile":"/home/runner/work/vibe-fs/vibe-fs/requirements/capability-enforcement/tests/001.test.mjs","pid":3076,"parentPid":3067,"type":"runner:file-start","elapsedMs":11449.749546000001}
check	Run verification	2026-10-05T18:21:40.9049348Z runner: file lifecycle {"entryFile":"/home/runner/work/vibe-fs/vibe-fs/requirements/capability-enforcement/tests/001.test.mjs","type":"runner:file-drained","elapsedMs":11559.710385}
check	Run verification	2026-10-05T18:21:40.9071118Z runner: file lifecycle {"entryFile":"/home/runner/work/vibe-fs/vibe-fs/requirements/capability-enforcement/tests/002.test.mjs","pid":3076,"parentPid":3067,"type":"runner:file-start","elapsedMs":11561.844651000001}
check	Run verification	2026-10-05T18:21:42.4921982Z runner: file lifecycle {"entryFile":"/home/runner/work/vibe-fs/vibe-fs/requirements/capability-enforcement/tests/002.test.mjs","type":"runner:file-drained","elapsedMs":13146.546379000001}
check	Run verification	2026-10-05T18:21:42.4939200Z runner: file lifecycle {"entryFile":"/home/runner/work/vibe-fs/vibe-fs/requirements/capability-enforcement/tests/003.test.mjs","pid":3076,"parentPid":3067,"type":"runner:file-start","elapsedMs":13148.78167}
check	Run verification	2026-10-05T18:21:42.6080503Z runner: file lifecycle {"entryFile":"/home/runner/work/vibe-fs/vibe-fs/requirements/capability-enforcement/tests/003.test.mjs","type":"runner:file-drained","elapsedMs":13262.776307}
check	Run verification	2026-10-05T18:21:42.6099098Z runner: file lifecycle {"entryFile":"/home/runner/work/vibe-fs/vibe-fs/requirements/capability-enforcement/tests/004.test.mjs","pid":3076,"parentPid":3067,"type":"runner:file-start","elapsedMs":13264.774655000001}
check	Run verification	2026-10-05T18:21:42.7241564Z runner: file lifecycle {"entryFile":"/home/runner/work/vibe-fs/vibe-fs/requirements/capability-enforcement/tests/004.test.mjs","type":"runner:file-drained","elapsedMs":13378.884111000001}
check	Run verification	2026-10-05T18:21:42.7260915Z runner: file lifecycle {"entryFile":"/home/runner/work/vibe-fs/vibe-fs/requirements/capability-enforcement/tests/005.test.mjs","pid":3076,"parentPid":3067,"type":"runner:file-start","elapsedMs":13380.919828}
check	Run verification	2026-10-05T18:21:42.9685340Z runner: file lifecycle {"entryFile":"/home/runner/work/vibe-fs/vibe-fs/requirements/capability-enforcement/tests/005.test.mjs","type":"runner:file-drained","elapsedMs":13623.258626}
check	Run verification	2026-10-05T18:21:42.9705713Z runner: file lifecycle {"entryFile":"/home/runner/work/vibe-fs/vibe-fs/requirements/capability-enforcement/tests/006.test.mjs","pid":3076,"parentPid":3067,"type":"runner:file-start","elapsedMs":13625.367401}
check	Run verification	2026-10-05T18:21:45.4950505Z runner: file lifecycle {"entryFile":"/home/runner/work/vibe-fs/vibe-fs/requirements/behavior-diagnosis/tests/017.test.mjs","type":"runner:file-drained","elapsedMs":16149.734497}
check	Run verification	2026-10-05T18:21:45.4980973Z runner: file lifecycle {"entryFile":"/home/runner/work/vibe-fs/vibe-fs/requirements/capability-enforcement/tests/007.test.mjs","pid":3076,"parentPid":3067,"type":"runner:file-start","elapsedMs":16152.090433}
check	Run verification	2026-10-05T18:21:46.2083298Z runner: file lifecycle {"entryFile":"/home/runner/work/vibe-fs/vibe-fs/requirements/capability-enforcement/tests/007.test.mjs","type":"runner:file-drained","elapsedMs":16863.125432999997}
check	Run verification	2026-10-05T18:21:46.2107239Z runner: file lifecycle {"entryFile":"/home/runner/work/vibe-fs/vibe-fs/requirements/capability-enforcement/tests/009.test.mjs","pid":3076,"parentPid":3067,"type":"runner:file-start","elapsedMs":16865.507496}
check	Run verification	2026-10-05T18:21:46.2402602Z runner: file lifecycle {"entryFile":"/home/runner/work/vibe-fs/vibe-fs/requirements/capability-enforcement/tests/006.test.mjs","type":"runner:file-drained","elapsedMs":16894.953337}
check	Run verification	2026-10-05T18:21:46.2422195Z runner: file lifecycle {"entryFile":"/home/runner/work/vibe-fs/vibe-fs/requirements/capability-enforcement/tests/010.test.mjs","pid":3076,"parentPid":3067,"type":"runner:file-start","elapsedMs":16897.123575999998}
check	Run verification	2026-10-05T18:21:48.0000214Z runner: file lifecycle {"entryFile":"/home/runner/work/vibe-fs/vibe-fs/requirements/capability-enforcement/tests/009.test.mjs","type":"runner:file-drained","elapsedMs":18653.595180999997}
check	Run verification	2026-10-05T18:21:48.0024510Z runner: file lifecycle {"entryFile":"/home/runner/work/vibe-fs/vibe-fs/requirements/capability-enforcement/tests/011.test.mjs","pid":3076,"parentPid":3067,"type":"runner:file-start","elapsedMs":18656.805726}
check	Run verification	2026-10-05T18:21:48.8893054Z runner: file lifecycle {"entryFile":"/home/runner/work/vibe-fs/vibe-fs/requirements/capability-enforcement/tests/010.test.mjs","type":"runner:file-drained","elapsedMs":19543.994599999998}
check	Run verification	2026-10-05T18:21:48.8915214Z runner: file lifecycle {"entryFile":"/home/runner/work/vibe-fs/vibe-fs/requirements/capability-enforcement/tests/012.test.mjs","pid":3076,"parentPid":3067,"type":"runner:file-start","elapsedMs":19546.403656}
check	Run verification	2026-10-05T18:21:49.4178517Z runner: file lifecycle {"entryFile":"/home/runner/work/vibe-fs/vibe-fs/requirements/capability-enforcement/tests/012.test.mjs","type":"runner:file-drained","elapsedMs":20072.493574999997}
check	Run verification	2026-10-05T18:21:49.4202014Z runner: file lifecycle {"entryFile":"/home/runner/work/vibe-fs/vibe-fs/requirements/capability-enforcement/tests/013.test.mjs","pid":3076,"parentPid":3067,"type":"runner:file-start","elapsedMs":20075.041470999997}
check	Run verification	2026-10-05T18:21:49.5075240Z runner: file lifecycle {"entryFile":"/home/runner/work/vibe-fs/vibe-fs/requirements/capability-enforcement/tests/013.test.mjs","type":"runner:file-drained","elapsedMs":20162.377266}
check	Run verification	2026-10-05T18:21:49.5098643Z runner: file lifecycle {"entryFile":"/home/runner/work/vibe-fs/vibe-fs/requirements/capability-enforcement/tests/014.test.mjs","pid":3076,"parentPid":3067,"type":"runner:file-start","elapsedMs":20164.723817}
check	Run verification	2026-10-05T18:21:49.5645728Z runner: file lifecycle {"entryFile":"/home/runner/work/vibe-fs/vibe-fs/requirements/capability-enforcement/tests/014.test.mjs","type":"runner:file-drained","elapsedMs":20218.776639}
check	Run verification	2026-10-05T18:21:49.5699188Z runner: file lifecycle {"entryFile":"/home/runner/work/vibe-fs/vibe-fs/requirements/capability-enforcement/tests/015.test.mjs","pid":3076,"parentPid":3067,"type":"runner:file-start","elapsedMs":20222.105987}
check	Run verification	2026-10-05T18:21:49.7260145Z runner: file lifecycle {"entryFile":"/home/runner/work/vibe-fs/vibe-fs/requirements/capability-enforcement/tests/015.test.mjs","type":"runner:file-drained","elapsedMs":20380.365621999998}
check	Run verification	2026-10-05T18:21:49.7281501Z runner: file lifecycle {"entryFile":"/home/runner/work/vibe-fs/vibe-fs/requirements/capability-enforcement/tests/016.test.mjs","pid":3076,"parentPid":3067,"type":"runner:file-start","elapsedMs":20382.949834}
check	Run verification	2026-10-05T18:21:49.8860474Z runner: file lifecycle {"entryFile":"/home/runner/work/vibe-fs/vibe-fs/requirements/capability-enforcement/tests/016.test.mjs","type":"runner:file-drained","elapsedMs":20537.403124999997}
check	Run verification	2026-10-05T18:21:49.8900860Z runner: file lifecycle {"entryFile":"/home/runner/work/vibe-fs/vibe-fs/requirements/capability-enforcement/tests/017.test.mjs","pid":3076,"parentPid":3067,"type":"runner:file-start","elapsedMs":20541.072514}
check	Run verification	2026-10-05T18:21:49.9180056Z runner: file lifecycle {"entryFile":"/home/runner/work/vibe-fs/vibe-fs/requirements/capability-enforcement/tests/011.test.mjs","type":"runner:file-drained","elapsedMs":20572.249162}
check	Run verification	2026-10-05T18:21:49.9201262Z runner: file lifecycle {"entryFile":"/home/runner/work/vibe-fs/vibe-fs/requirements/capability-enforcement/tests/018.test.mjs","pid":3076,"parentPid":3067,"type":"runner:file-start","elapsedMs":20575.048398}
check	Run verification	2026-10-05T18:21:49.9877942Z runner: file lifecycle {"entryFile":"/home/runner/work/vibe-fs/vibe-fs/requirements/capability-enforcement/tests/017.test.mjs","type":"runner:file-drained","elapsedMs":20642.558361}
check	Run verification	2026-10-05T18:21:49.9898496Z runner: file lifecycle {"entryFile":"/home/runner/work/vibe-fs/vibe-fs/requirements/capability-enforcement/tests/019.test.mjs","pid":3076,"parentPid":3067,"type":"runner:file-start","elapsedMs":20644.669527}
check	Run verification	2026-10-05T18:21:50.0317161Z runner: file lifecycle {"entryFile":"/home/runner/work/vibe-fs/vibe-fs/requirements/capability-enforcement/tests/018.test.mjs","type":"runner:file-drained","elapsedMs":20686.518101999998}
check	Run verification	2026-10-05T18:21:50.0369954Z runner: file lifecycle {"entryFile":"/home/runner/work/vibe-fs/vibe-fs/requirements/capability-enforcement/tests/020.test.mjs","pid":3076,"parentPid":3067,"type":"runner:file-start","elapsedMs":20688.622738}
check	Run verification	2026-10-05T18:21:50.0868857Z runner: file lifecycle {"entryFile":"/home/runner/work/vibe-fs/vibe-fs/requirements/capability-enforcement/tests/020.test.mjs","type":"runner:file-drained","elapsedMs":20741.165116}
check	Run verification	2026-10-05T18:21:50.0872415Z runner: file lifecycle {"entryFile":"/home/runner/work/vibe-fs/vibe-fs/requirements/capability-enforcement/tests/021.test.mjs","pid":3076,"parentPid":3067,"type":"runner:file-start","elapsedMs":20741.335704999998}
check	Run verification	2026-10-05T18:21:50.2155486Z capability-019-producer: 1 test file(s), 30000ms verdict-silence window
check	Run verification	2026-10-05T18:21:50.2845700Z capability-019-producer: file lifecycle {"entryFile":"/home/runner/work/vibe-fs/vibe-fs/requirements/capability-enforcement/tests/support/process-capability.fixture.mjs","pid":3572,"parentPid":3551,"type":"runner:file-start","elapsedMs":65.382352}
check	Run verification	2026-10-05T18:21:50.5084853Z capability-019-producer: file lifecycle {"entryFile":"/home/runner/work/vibe-fs/vibe-fs/requirements/capability-enforcement/tests/support/process-capability.fixture.mjs","type":"runner:file-drained","elapsedMs":289.304626}
check	Run verification	2026-10-05T18:21:50.5087695Z 
check	Run verification	2026-10-05T18:21:50.5088587Z [test-summary] 1 file(s), 1 passed, 0 failed (0.24s wall, 0.03s test time)
check	Run verification	2026-10-05T18:21:50.5249528Z capability-019-producer: post-exit group verification/reclamation: pid=3572; elapsedMs=10.817; accepted=true
check	Run verification	2026-10-05T18:21:50.5262432Z capability-019-producer: 1 test(s), 0.0s of test time; max 34ms, p90 34ms, median 34ms
check	Run verification	2026-10-05T18:21:50.5263716Z 
check	Run verification	2026-10-05T18:21:50.5265054Z capability-019-producer: 1 passed, 0 failed; 1/1 planned file(s) completed
check	Run verification	2026-10-05T18:21:50.5268877Z capability-019-successor: 1 test file(s), 30000ms verdict-silence window
check	Run verification	2026-10-05T18:21:50.5852670Z capability-019-successor: file lifecycle {"entryFile":"/home/runner/work/vibe-fs/vibe-fs/requirements/capability-enforcement/tests/support/process-capability.fixture.mjs","pid":3587,"parentPid":3551,"type":"runner:file-start","elapsedMs":53.19336699999997}
check	Run verification	2026-10-05T18:21:50.8629375Z capability-019-successor: file lifecycle {"entryFile":"/home/runner/work/vibe-fs/vibe-fs/requirements/capability-enforcement/tests/support/process-capability.fixture.mjs","type":"runner:file-drained","elapsedMs":330.86763399999995}
check	Run verification	2026-10-05T18:21:50.8638294Z 
check	Run verification	2026-10-05T18:21:50.8640944Z [test-summary] 1 file(s), 1 passed, 0 failed (0.29s wall, 0.04s test time)
check	Run verification	2026-10-05T18:21:50.8811050Z capability-019-successor: post-exit group verification/reclamation: pid=3587; elapsedMs=9.448; accepted=true
check	Run verification	2026-10-05T18:21:50.8813099Z capability-019-successor: 1 test(s), 0.0s of test time; max 35ms, p90 35ms, median 35ms
check	Run verification	2026-10-05T18:21:50.8814245Z 
check	Run verification	2026-10-05T18:21:50.8829629Z capability-019-successor: 1 passed, 0 failed; 1/1 planned file(s) completed
check	Run verification	2026-10-05T18:21:50.9080465Z runner: file lifecycle {"entryFile":"/home/runner/work/vibe-fs/vibe-fs/requirements/capability-enforcement/tests/019.test.mjs","type":"runner:file-drained","elapsedMs":21561.644193}
check	Run verification	2026-10-05T18:21:50.9120788Z runner: file lifecycle {"entryFile":"/home/runner/work/vibe-fs/vibe-fs/requirements/capability-enforcement/tests/023.test.mjs","pid":3076,"parentPid":3067,"type":"runner:file-start","elapsedMs":21565.943263999998}
check	Run verification	2026-10-05T18:21:51.4862350Z runner: file lifecycle {"entryFile":"/home/runner/work/vibe-fs/vibe-fs/requirements/capability-enforcement/tests/023.test.mjs","type":"runner:file-drained","elapsedMs":22140.954136999997}
check	Run verification	2026-10-05T18:21:51.4883495Z runner: file lifecycle {"entryFile":"/home/runner/work/vibe-fs/vibe-fs/requirements/capability-enforcement/tests/024.test.mjs","pid":3076,"parentPid":3067,"type":"runner:file-start","elapsedMs":22143.160354}
check	Run verification	2026-10-05T18:21:53.2294120Z runner: file lifecycle {"entryFile":"/home/runner/work/vibe-fs/vibe-fs/requirements/capability-enforcement/tests/024.test.mjs","type":"runner:file-drained","elapsedMs":23884.105451}
check	Run verification	2026-10-05T18:21:53.2315050Z runner: file lifecycle {"entryFile":"/home/runner/work/vibe-fs/vibe-fs/requirements/capability-enforcement/tests/025.test.mjs","pid":3076,"parentPid":3067,"type":"runner:file-start","elapsedMs":23886.413478}
check	Run verification	2026-10-05T18:21:56.3420095Z runner: file lifecycle {"entryFile":"/home/runner/work/vibe-fs/vibe-fs/requirements/capability-enforcement/tests/025.test.mjs","type":"runner:file-drained","elapsedMs":26996.726312}
check	Run verification	2026-10-05T18:21:56.3443713Z runner: file lifecycle {"entryFile":"/home/runner/work/vibe-fs/vibe-fs/requirements/capability-enforcement/tests/026.test.mjs","pid":3076,"parentPid":3067,"type":"runner:file-start","elapsedMs":26999.235957999997}
check	Run verification	2026-10-05T18:21:57.7104950Z runner: file lifecycle {"entryFile":"/home/runner/work/vibe-fs/vibe-fs/requirements/capability-enforcement/tests/026.test.mjs","type":"runner:file-drained","elapsedMs":28365.222631999997}
check	Run verification	2026-10-05T18:21:57.7125244Z runner: file lifecycle {"entryFile":"/home/runner/work/vibe-fs/vibe-fs/requirements/causal-wait/tests/001.test.mjs","pid":3076,"parentPid":3067,"type":"runner:file-start","elapsedMs":28367.337897999998}
check	Run verification	2026-10-05T18:21:57.7598261Z runner: file lifecycle {"entryFile":"/home/runner/work/vibe-fs/vibe-fs/requirements/capability-enforcement/tests/021.test.mjs","type":"runner:file-drained","elapsedMs":28414.544188}
check	Run verification	2026-10-05T18:21:57.7625577Z runner: file lifecycle {"entryFile":"/home/runner/work/vibe-fs/vibe-fs/requirements/causal-wait/tests/002.test.mjs","pid":3076,"parentPid":3067,"type":"runner:file-start","elapsedMs":28417.357609}
check	Run verification	2026-10-05T18:21:57.8209788Z runner: file lifecycle {"entryFile":"/home/runner/work/vibe-fs/vibe-fs/requirements/causal-wait/tests/001.test.mjs","type":"runner:file-drained","elapsedMs":28475.766313999997}
check	Run verification	2026-10-05T18:21:57.8234778Z runner: file lifecycle {"entryFile":"/home/runner/work/vibe-fs/vibe-fs/requirements/causal-wait/tests/003.test.mjs","pid":3076,"parentPid":3067,"type":"runner:file-start","elapsedMs":28478.298058999997}
check	Run verification	2026-10-05T18:21:57.8695104Z runner: file lifecycle {"entryFile":"/home/runner/work/vibe-fs/vibe-fs/requirements/causal-wait/tests/002.test.mjs","type":"runner:file-drained","elapsedMs":28523.329517}
check	Run verification	2026-10-05T18:21:57.8707167Z runner: file lifecycle {"entryFile":"/home/runner/work/vibe-fs/vibe-fs/requirements/causal-wait/tests/004.test.mjs","pid":3076,"parentPid":3067,"type":"runner:file-start","elapsedMs":28525.55342}
check	Run verification	2026-10-05T18:21:57.9765447Z runner: file lifecycle {"entryFile":"/home/runner/work/vibe-fs/vibe-fs/requirements/causal-wait/tests/004.test.mjs","type":"runner:file-drained","elapsedMs":28630.361323999998}
check	Run verification	2026-10-05T18:21:57.9782327Z runner: file lifecycle {"entryFile":"/home/runner/work/vibe-fs/vibe-fs/requirements/causal-wait/tests/005.test.mjs","pid":3076,"parentPid":3067,"type":"runner:file-start","elapsedMs":28632.651026}
check	Run verification	2026-10-05T18:21:58.2507669Z runner: file lifecycle {"entryFile":"/home/runner/work/vibe-fs/vibe-fs/requirements/causal-wait/tests/005.test.mjs","type":"runner:file-drained","elapsedMs":28905.469587}
check	Run verification	2026-10-05T18:21:58.2534982Z runner: file lifecycle {"entryFile":"/home/runner/work/vibe-fs/vibe-fs/requirements/causal-wait/tests/006.test.mjs","pid":3076,"parentPid":3067,"type":"runner:file-start","elapsedMs":28908.346217}
check	Run verification	2026-10-05T18:21:58.4232618Z runner: file lifecycle {"entryFile":"/home/runner/work/vibe-fs/vibe-fs/requirements/causal-wait/tests/003.test.mjs","type":"runner:file-drained","elapsedMs":29076.529811999997}
check	Run verification	2026-10-05T18:21:58.4251289Z runner: file lifecycle {"entryFile":"/home/runner/work/vibe-fs/vibe-fs/requirements/causal-wait/tests/007.test.mjs","pid":3076,"parentPid":3067,"type":"runner:file-start","elapsedMs":29079.234}
check	Run verification	2026-10-05T18:21:58.4338833Z runner: file lifecycle {"entryFile":"/home/runner/work/vibe-fs/vibe-fs/requirements/causal-wait/tests/006.test.mjs","type":"runner:file-drained","elapsedMs":29088.655122999997}
check	Run verification	2026-10-05T18:21:58.4359960Z runner: file lifecycle {"entryFile":"/home/runner/work/vibe-fs/vibe-fs/requirements/causal-wait/tests/008.test.mjs","pid":3076,"parentPid":3067,"type":"runner:file-start","elapsedMs":29090.860599}
check	Run verification	2026-10-05T18:21:58.5760006Z runner: file lifecycle {"entryFile":"/home/runner/work/vibe-fs/vibe-fs/requirements/causal-wait/tests/007.test.mjs","type":"runner:file-drained","elapsedMs":29230.331624}
check	Run verification	2026-10-05T18:21:58.5774869Z runner: file lifecycle {"entryFile":"/home/runner/work/vibe-fs/vibe-fs/requirements/causal-wait/tests/009.test.mjs","pid":3076,"parentPid":3067,"type":"runner:file-start","elapsedMs":29232.431311}
check	Run verification	2026-10-05T18:21:58.7400268Z runner: file lifecycle {"entryFile":"/home/runner/work/vibe-fs/vibe-fs/requirements/causal-wait/tests/008.test.mjs","type":"runner:file-drained","elapsedMs":29391.957498}
check	Run verification	2026-10-05T18:21:58.7403990Z runner: file lifecycle {"entryFile":"/home/runner/work/vibe-fs/vibe-fs/requirements/change-integration/tests/001.test.mjs","pid":3076,"parentPid":3067,"type":"runner:file-start","elapsedMs":29394.316319999998}
check	Run verification	2026-10-05T18:21:58.7954571Z runner: file lifecycle {"entryFile":"/home/runner/work/vibe-fs/vibe-fs/requirements/causal-wait/tests/009.test.mjs","type":"runner:file-drained","elapsedMs":29450.222399}
check	Run verification	2026-10-05T18:21:58.7984872Z runner: file lifecycle {"entryFile":"/home/runner/work/vibe-fs/vibe-fs/requirements/change-integration/tests/002.test.mjs","pid":3076,"parentPid":3067,"type":"runner:file-start","elapsedMs":29453.316455999997}
check	Run verification	2026-10-05T18:21:59.0219635Z runner: file lifecycle {"entryFile":"/home/runner/work/vibe-fs/vibe-fs/requirements/change-integration/tests/001.test.mjs","type":"runner:file-drained","elapsedMs":29676.708119}
check	Run verification	2026-10-05T18:21:59.0244634Z runner: file lifecycle {"entryFile":"/home/runner/work/vibe-fs/vibe-fs/requirements/change-integration/tests/003.test.mjs","pid":3076,"parentPid":3067,"type":"runner:file-start","elapsedMs":29679.317168999998}
check	Run verification	2026-10-05T18:21:59.2466180Z runner: file lifecycle {"entryFile":"/home/runner/work/vibe-fs/vibe-fs/requirements/change-integration/tests/002.test.mjs","type":"runner:file-drained","elapsedMs":29901.348456}
check	Run verification	2026-10-05T18:21:59.2494518Z runner: file lifecycle {"entryFile":"/home/runner/work/vibe-fs/vibe-fs/requirements/change-integration/tests/004.test.mjs","pid":3076,"parentPid":3067,"type":"runner:file-start","elapsedMs":29904.193293}
check	Run verification	2026-10-05T18:21:59.4867301Z runner: file lifecycle {"entryFile":"/home/runner/work/vibe-fs/vibe-fs/requirements/change-integration/tests/003.test.mjs","type":"runner:file-drained","elapsedMs":30141.47817}
check	Run verification	2026-10-05T18:21:59.4893532Z runner: file lifecycle {"entryFile":"/home/runner/work/vibe-fs/vibe-fs/requirements/change-integration/tests/005.test.mjs","pid":3076,"parentPid":3067,"type":"runner:file-start","elapsedMs":30143.924575999998}
check	Run verification	2026-10-05T18:21:59.9089548Z runner: file lifecycle {"entryFile":"/home/runner/work/vibe-fs/vibe-fs/requirements/change-integration/tests/005.test.mjs","type":"runner:file-drained","elapsedMs":30563.40584}
check	Run verification	2026-10-05T18:21:59.9131882Z runner: file lifecycle {"entryFile":"/home/runner/work/vibe-fs/vibe-fs/requirements/change-integration/tests/006.test.mjs","pid":3076,"parentPid":3067,"type":"runner:file-start","elapsedMs":30567.99554}
check	Run verification	2026-10-05T18:22:00.0159601Z runner: file lifecycle {"entryFile":"/home/runner/work/vibe-fs/vibe-fs/requirements/change-integration/tests/004.test.mjs","type":"runner:file-drained","elapsedMs":30670.615035}
check	Run verification	2026-10-05T18:22:00.0199312Z runner: file lifecycle {"entryFile":"/home/runner/work/vibe-fs/vibe-fs/requirements/change-integration/tests/007.test.mjs","pid":3076,"parentPid":3067,"type":"runner:file-start","elapsedMs":30672.806574}
check	Run verification	2026-10-05T18:22:00.2070384Z runner: file lifecycle {"entryFile":"/home/runner/work/vibe-fs/vibe-fs/requirements/change-integration/tests/006.test.mjs","type":"runner:file-drained","elapsedMs":30861.312671}
check	Run verification	2026-10-05T18:22:00.2087994Z runner: file lifecycle {"entryFile":"/home/runner/work/vibe-fs/vibe-fs/requirements/change-integration/tests/008.test.mjs","pid":3076,"parentPid":3067,"type":"runner:file-start","elapsedMs":30863.545763}
check	Run verification	2026-10-05T18:22:00.3014594Z runner: file lifecycle {"entryFile":"/home/runner/work/vibe-fs/vibe-fs/requirements/change-integration/tests/007.test.mjs","type":"runner:file-drained","elapsedMs":30956.180571999997}
check	Run verification	2026-10-05T18:22:00.3051731Z runner: file lifecycle {"entryFile":"/home/runner/work/vibe-fs/vibe-fs/requirements/change-integration/tests/009.test.mjs","pid":3076,"parentPid":3067,"type":"runner:file-start","elapsedMs":30958.694292}
check	Run verification	2026-10-05T18:22:00.5779058Z runner: file lifecycle {"entryFile":"/home/runner/work/vibe-fs/vibe-fs/requirements/change-integration/tests/009.test.mjs","type":"runner:file-drained","elapsedMs":31232.533127}
check	Run verification	2026-10-05T18:22:00.5800007Z runner: file lifecycle {"entryFile":"/home/runner/work/vibe-fs/vibe-fs/requirements/change-integration/tests/011.test.mjs","pid":3076,"parentPid":3067,"type":"runner:file-start","elapsedMs":31234.763691999997}
check	Run verification	2026-10-05T18:22:00.6325890Z runner: file lifecycle {"entryFile":"/home/runner/work/vibe-fs/vibe-fs/requirements/change-integration/tests/011.test.mjs","type":"runner:file-drained","elapsedMs":31286.202854}
check	Run verification	2026-10-05T18:22:00.6339414Z runner: file lifecycle {"entryFile":"/home/runner/work/vibe-fs/vibe-fs/requirements/change-integration/tests/013.test.mjs","pid":3076,"parentPid":3067,"type":"runner:file-start","elapsedMs":31288.637666}
check	Run verification	2026-10-05T18:22:00.6622894Z runner: file lifecycle {"entryFile":"/home/runner/work/vibe-fs/vibe-fs/requirements/change-integration/tests/008.test.mjs","type":"runner:file-drained","elapsedMs":31317.141087}
check	Run verification	2026-10-05T18:22:00.6648530Z runner: file lifecycle {"entryFile":"/home/runner/work/vibe-fs/vibe-fs/requirements/change-integration/tests/014.test.mjs","pid":3076,"parentPid":3067,"type":"runner:file-start","elapsedMs":31319.763632}
check	Run verification	2026-10-05T18:22:00.9390594Z runner: file lifecycle {"entryFile":"/home/runner/work/vibe-fs/vibe-fs/requirements/change-integration/tests/013.test.mjs","type":"runner:file-drained","elapsedMs":31593.789364}
check	Run verification	2026-10-05T18:22:00.9412883Z runner: file lifecycle {"entryFile":"/home/runner/work/vibe-fs/vibe-fs/requirements/change-integration/tests/015.test.mjs","pid":3076,"parentPid":3067,"type":"runner:file-start","elapsedMs":31596.033141}
check	Run verification	2026-10-05T18:22:00.9422623Z runner: file lifecycle {"entryFile":"/home/runner/work/vibe-fs/vibe-fs/requirements/change-integration/tests/014.test.mjs","type":"runner:file-drained","elapsedMs":31597.049144999997}
check	Run verification	2026-10-05T18:22:00.9442977Z runner: file lifecycle {"entryFile":"/home/runner/work/vibe-fs/vibe-fs/requirements/change-integration/tests/017.test.mjs","pid":3076,"parentPid":3067,"type":"runner:file-start","elapsedMs":31599.105550999997}
check	Run verification	2026-10-05T18:22:00.9942171Z runner: file lifecycle {"entryFile":"/home/runner/work/vibe-fs/vibe-fs/requirements/change-integration/tests/017.test.mjs","type":"runner:file-drained","elapsedMs":31649.056438}
check	Run verification	2026-10-05T18:22:00.9964739Z runner: file lifecycle {"entryFile":"/home/runner/work/vibe-fs/vibe-fs/requirements/cognitive-environment/tests/001.test.mjs","pid":3076,"parentPid":3067,"type":"runner:file-start","elapsedMs":31651.419257999998}
check	Run verification	2026-10-05T18:22:01.0490140Z runner: file lifecycle {"entryFile":"/home/runner/work/vibe-fs/vibe-fs/requirements/cognitive-environment/tests/001.test.mjs","type":"runner:file-drained","elapsedMs":31702.082922999998}
check	Run verification	2026-10-05T18:22:01.0493374Z runner: file lifecycle {"entryFile":"/home/runner/work/vibe-fs/vibe-fs/requirements/cognitive-environment/tests/002.test.mjs","pid":3076,"parentPid":3067,"type":"runner:file-start","elapsedMs":31704.140240999997}
check	Run verification	2026-10-05T18:22:01.1019180Z runner: file lifecycle {"entryFile":"/home/runner/work/vibe-fs/vibe-fs/requirements/cognitive-environment/tests/002.test.mjs","type":"runner:file-drained","elapsedMs":31756.584254999998}
check	Run verification	2026-10-05T18:22:01.1041986Z runner: file lifecycle {"entryFile":"/home/runner/work/vibe-fs/vibe-fs/requirements/cognitive-environment/tests/003.test.mjs","pid":3076,"parentPid":3067,"type":"runner:file-start","elapsedMs":31759.07819}
check	Run verification	2026-10-05T18:22:01.1961677Z runner: file lifecycle {"entryFile":"/home/runner/work/vibe-fs/vibe-fs/requirements/change-integration/tests/015.test.mjs","type":"runner:file-drained","elapsedMs":31850.735032999997}
check	Run verification	2026-10-05T18:22:01.1981097Z runner: file lifecycle {"entryFile":"/home/runner/work/vibe-fs/vibe-fs/requirements/cognitive-environment/tests/004.test.mjs","pid":3076,"parentPid":3067,"type":"runner:file-start","elapsedMs":31852.912559}
check	Run verification	2026-10-05T18:22:01.2424198Z runner: file lifecycle {"entryFile":"/home/runner/work/vibe-fs/vibe-fs/requirements/cognitive-environment/tests/003.test.mjs","type":"runner:file-drained","elapsedMs":31897.171620999998}
check	Run verification	2026-10-05T18:22:01.2460307Z runner: file lifecycle {"entryFile":"/home/runner/work/vibe-fs/vibe-fs/requirements/cognitive-environment/tests/005.test.mjs","pid":3076,"parentPid":3067,"type":"runner:file-start","elapsedMs":31899.372256}
check	Run verification	2026-10-05T18:22:01.2503896Z runner: file lifecycle {"entryFile":"/home/runner/work/vibe-fs/vibe-fs/requirements/cognitive-environment/tests/004.test.mjs","type":"runner:file-drained","elapsedMs":31905.268516}
check	Run verification	2026-10-05T18:22:01.2525116Z runner: file lifecycle {"entryFile":"/home/runner/work/vibe-fs/vibe-fs/requirements/cognitive-environment/tests/006.test.mjs","pid":3076,"parentPid":3067,"type":"runner:file-start","elapsedMs":31907.333620999998}
check	Run verification	2026-10-05T18:22:01.3020344Z runner: file lifecycle {"entryFile":"/home/runner/work/vibe-fs/vibe-fs/requirements/cognitive-environment/tests/006.test.mjs","type":"runner:file-drained","elapsedMs":31956.657264999998}
check	Run verification	2026-10-05T18:22:01.3042219Z runner: file lifecycle {"entryFile":"/home/runner/work/vibe-fs/vibe-fs/requirements/cognitive-environment/tests/007.test.mjs","pid":3076,"parentPid":3067,"type":"runner:file-start","elapsedMs":31959.033795}
check	Run verification	2026-10-05T18:22:01.3585651Z runner: file lifecycle {"entryFile":"/home/runner/work/vibe-fs/vibe-fs/requirements/cognitive-environment/tests/007.test.mjs","type":"runner:file-drained","elapsedMs":32012.235176}
check	Run verification	2026-10-05T18:22:01.3595574Z runner: file lifecycle {"entryFile":"/home/runner/work/vibe-fs/vibe-fs/requirements/cognitive-environment/tests/008.test.mjs","pid":3076,"parentPid":3067,"type":"runner:file-start","elapsedMs":32014.405485}
check	Run verification	2026-10-05T18:22:01.3708484Z runner: file lifecycle {"entryFile":"/home/runner/work/vibe-fs/vibe-fs/requirements/cognitive-environment/tests/005.test.mjs","type":"runner:file-drained","elapsedMs":32025.575796999998}
check	Run verification	2026-10-05T18:22:01.3732238Z runner: file lifecycle {"entryFile":"/home/runner/work/vibe-fs/vibe-fs/requirements/cognitive-environment/tests/009.test.mjs","pid":3076,"parentPid":3067,"type":"runner:file-start","elapsedMs":32028.016571}
check	Run verification	2026-10-05T18:22:01.4112068Z runner: file lifecycle {"entryFile":"/home/runner/work/vibe-fs/vibe-fs/requirements/cognitive-environment/tests/008.test.mjs","type":"runner:file-drained","elapsedMs":32065.903460999998}
check	Run verification	2026-10-05T18:22:01.4132860Z runner: file lifecycle {"entryFile":"/home/runner/work/vibe-fs/vibe-fs/requirements/cognitive-environment/tests/010.test.mjs","pid":3076,"parentPid":3067,"type":"runner:file-start","elapsedMs":32068.135635}
check	Run verification	2026-10-05T18:22:01.4249604Z runner: file lifecycle {"entryFile":"/home/runner/work/vibe-fs/vibe-fs/requirements/cognitive-environment/tests/009.test.mjs","type":"runner:file-drained","elapsedMs":32079.756889999997}
check	Run verification	2026-10-05T18:22:01.4273963Z runner: file lifecycle {"entryFile":"/home/runner/work/vibe-fs/vibe-fs/requirements/cognitive-environment/tests/011.test.mjs","pid":3076,"parentPid":3067,"type":"runner:file-start","elapsedMs":32082.185301999998}
check	Run verification	2026-10-05T18:22:01.4643558Z runner: file lifecycle {"entryFile":"/home/runner/work/vibe-fs/vibe-fs/requirements/cognitive-environment/tests/010.test.mjs","type":"runner:file-drained","elapsedMs":32119.084764}
check	Run verification	2026-10-05T18:22:01.4680379Z runner: file lifecycle {"entryFile":"/home/runner/work/vibe-fs/vibe-fs/requirements/cognitive-environment/tests/012.test.mjs","pid":3076,"parentPid":3067,"type":"runner:file-start","elapsedMs":32121.372542999998}
check	Run verification	2026-10-05T18:22:01.4755121Z runner: file lifecycle {"entryFile":"/home/runner/work/vibe-fs/vibe-fs/requirements/cognitive-environment/tests/011.test.mjs","type":"runner:file-drained","elapsedMs":32130.300028999998}
check	Run verification	2026-10-05T18:22:01.4784099Z runner: file lifecycle {"entryFile":"/home/runner/work/vibe-fs/vibe-fs/requirements/cognitive-environment/tests/013.test.mjs","pid":3076,"parentPid":3067,"type":"runner:file-start","elapsedMs":32133.031858999995}
check	Run verification	2026-10-05T18:22:01.5309894Z runner: file lifecycle {"entryFile":"/home/runner/work/vibe-fs/vibe-fs/requirements/cognitive-environment/tests/013.test.mjs","type":"runner:file-drained","elapsedMs":32185.802184}
check	Run verification	2026-10-05T18:22:01.5334689Z runner: file lifecycle {"entryFile":"/home/runner/work/vibe-fs/vibe-fs/requirements/cognitive-environment/tests/015.test.mjs","pid":3076,"parentPid":3067,"type":"runner:file-start","elapsedMs":32188.322758000002}
check	Run verification	2026-10-05T18:22:01.5756149Z runner: file lifecycle {"entryFile":"/home/runner/work/vibe-fs/vibe-fs/requirements/cognitive-environment/tests/012.test.mjs","type":"runner:file-drained","elapsedMs":32230.286752}
check	Run verification	2026-10-05T18:22:01.5774052Z runner: file lifecycle {"entryFile":"/home/runner/work/vibe-fs/vibe-fs/requirements/cognitive-environment/tests/016.test.mjs","pid":3076,"parentPid":3067,"type":"runner:file-start","elapsedMs":32232.24789}
check	Run verification	2026-10-05T18:22:01.6255117Z runner: file lifecycle {"entryFile":"/home/runner/work/vibe-fs/vibe-fs/requirements/cognitive-environment/tests/016.test.mjs","type":"runner:file-drained","elapsedMs":32280.298642}
check	Run verification	2026-10-05T18:22:01.6278586Z runner: file lifecycle {"entryFile":"/home/runner/work/vibe-fs/vibe-fs/requirements/cognitive-workspace/tests/001.test.mjs","pid":3076,"parentPid":3067,"type":"runner:file-start","elapsedMs":32282.697480999996}
check	Run verification	2026-10-05T18:22:01.6836306Z runner: file lifecycle {"entryFile":"/home/runner/work/vibe-fs/vibe-fs/requirements/cognitive-workspace/tests/001.test.mjs","type":"runner:file-drained","elapsedMs":32338.368029999998}
check	Run verification	2026-10-05T18:22:01.6855891Z runner: file lifecycle {"entryFile":"/home/runner/work/vibe-fs/vibe-fs/requirements/cognitive-workspace/tests/002.test.mjs","pid":3076,"parentPid":3067,"type":"runner:file-start","elapsedMs":32340.48551}
check	Run verification	2026-10-05T18:22:01.7391907Z runner: file lifecycle {"entryFile":"/home/runner/work/vibe-fs/vibe-fs/requirements/cognitive-workspace/tests/002.test.mjs","type":"runner:file-drained","elapsedMs":32393.159594999997}
check	Run verification	2026-10-05T18:22:01.7450161Z runner: file lifecycle {"entryFile":"/home/runner/work/vibe-fs/vibe-fs/requirements/cognitive-workspace/tests/003.test.mjs","pid":3076,"parentPid":3067,"type":"runner:file-start","elapsedMs":32397.073514999996}
check	Run verification	2026-10-05T18:22:01.7939834Z runner: file lifecycle {"entryFile":"/home/runner/work/vibe-fs/vibe-fs/requirements/cognitive-workspace/tests/003.test.mjs","type":"runner:file-drained","elapsedMs":32448.733133}
check	Run verification	2026-10-05T18:22:01.7959197Z runner: file lifecycle {"entryFile":"/home/runner/work/vibe-fs/vibe-fs/requirements/cognitive-workspace/tests/004.test.mjs","pid":3076,"parentPid":3067,"type":"runner:file-start","elapsedMs":32450.747039}
check	Run verification	2026-10-05T18:22:01.8468770Z runner: file lifecycle {"entryFile":"/home/runner/work/vibe-fs/vibe-fs/requirements/cognitive-workspace/tests/004.test.mjs","type":"runner:file-drained","elapsedMs":32501.607772999996}
check	Run verification	2026-10-05T18:22:01.8488098Z runner: file lifecycle {"entryFile":"/home/runner/work/vibe-fs/vibe-fs/requirements/cognitive-workspace/tests/005.test.mjs","pid":3076,"parentPid":3067,"type":"runner:file-start","elapsedMs":32503.614786}
check	Run verification	2026-10-05T18:22:01.9039409Z runner: file lifecycle {"entryFile":"/home/runner/work/vibe-fs/vibe-fs/requirements/cognitive-workspace/tests/005.test.mjs","type":"runner:file-drained","elapsedMs":32557.767286000002}
check	Run verification	2026-10-05T18:22:01.9060903Z runner: file lifecycle {"entryFile":"/home/runner/work/vibe-fs/vibe-fs/requirements/cognitive-workspace/tests/006.test.mjs","pid":3076,"parentPid":3067,"type":"runner:file-start","elapsedMs":32560.055505999997}
check	Run verification	2026-10-05T18:22:01.9537837Z runner: file lifecycle {"entryFile":"/home/runner/work/vibe-fs/vibe-fs/requirements/cognitive-workspace/tests/006.test.mjs","type":"runner:file-drained","elapsedMs":32608.52145}
check	Run verification	2026-10-05T18:22:01.9559951Z runner: file lifecycle {"entryFile":"/home/runner/work/vibe-fs/vibe-fs/requirements/cognitive-workspace/tests/007.test.mjs","pid":3076,"parentPid":3067,"type":"runner:file-start","elapsedMs":32610.759927}
check	Run verification	2026-10-05T18:22:02.0229666Z runner: file lifecycle {"entryFile":"/home/runner/work/vibe-fs/vibe-fs/requirements/cognitive-workspace/tests/007.test.mjs","type":"runner:file-drained","elapsedMs":32673.157887}
check	Run verification	2026-10-05T18:22:02.0260375Z runner: file lifecycle {"entryFile":"/home/runner/work/vibe-fs/vibe-fs/requirements/cognitive-workspace/tests/008.test.mjs","pid":3076,"parentPid":3067,"type":"runner:file-start","elapsedMs":32679.356789999998}
check	Run verification	2026-10-05T18:22:02.0754425Z runner: file lifecycle {"entryFile":"/home/runner/work/vibe-fs/vibe-fs/requirements/cognitive-workspace/tests/008.test.mjs","type":"runner:file-drained","elapsedMs":32730.255777}
check	Run verification	2026-10-05T18:22:02.0776499Z runner: file lifecycle {"entryFile":"/home/runner/work/vibe-fs/vibe-fs/requirements/cognitive-workspace/tests/009.test.mjs","pid":3076,"parentPid":3067,"type":"runner:file-start","elapsedMs":32732.509071}
check	Run verification	2026-10-05T18:22:02.1352199Z runner: file lifecycle {"entryFile":"/home/runner/work/vibe-fs/vibe-fs/requirements/cognitive-workspace/tests/009.test.mjs","type":"runner:file-drained","elapsedMs":32789.920676}
check	Run verification	2026-10-05T18:22:02.1371030Z runner: file lifecycle {"entryFile":"/home/runner/work/vibe-fs/vibe-fs/requirements/cognitive-workspace/tests/010.test.mjs","pid":3076,"parentPid":3067,"type":"runner:file-start","elapsedMs":32791.999455}
check	Run verification	2026-10-05T18:22:02.1949646Z runner: file lifecycle {"entryFile":"/home/runner/work/vibe-fs/vibe-fs/requirements/cognitive-workspace/tests/010.test.mjs","type":"runner:file-drained","elapsedMs":32847.879695999996}
check	Run verification	2026-10-05T18:22:02.1960067Z runner: file lifecycle {"entryFile":"/home/runner/work/vibe-fs/vibe-fs/requirements/concern-routing/tests/001.test.mjs","pid":3076,"parentPid":3067,"type":"runner:file-start","elapsedMs":32849.947714}
check	Run verification	2026-10-05T18:22:02.2950414Z runner: file lifecycle {"entryFile":"/home/runner/work/vibe-fs/vibe-fs/requirements/concern-routing/tests/001.test.mjs","type":"runner:file-drained","elapsedMs":32949.776103}
check	Run verification	2026-10-05T18:22:02.2980315Z runner: file lifecycle {"entryFile":"/home/runner/work/vibe-fs/vibe-fs/requirements/concern-routing/tests/002.test.mjs","pid":3076,"parentPid":3067,"type":"runner:file-start","elapsedMs":32951.953857}
check	Run verification	2026-10-05T18:22:06.6620169Z runner: file lifecycle {"entryFile":"/home/runner/work/vibe-fs/vibe-fs/requirements/cognitive-environment/tests/015.test.mjs","type":"runner:file-drained","elapsedMs":37316.653534}
check	Run verification	2026-10-05T18:22:06.6644708Z runner: file lifecycle {"entryFile":"/home/runner/work/vibe-fs/vibe-fs/requirements/concern-routing/tests/003.test.mjs","pid":3076,"parentPid":3067,"type":"runner:file-start","elapsedMs":37319.257674}
check	Run verification	2026-10-05T18:22:06.9944049Z runner: file lifecycle {"entryFile":"/home/runner/work/vibe-fs/vibe-fs/requirements/concern-routing/tests/002.test.mjs","type":"runner:file-drained","elapsedMs":37649.123874}
check	Run verification	2026-10-05T18:22:06.9970666Z runner: file lifecycle {"entryFile":"/home/runner/work/vibe-fs/vibe-fs/requirements/concern-routing/tests/004.test.mjs","pid":3076,"parentPid":3067,"type":"runner:file-start","elapsedMs":37651.817783}
check	Run verification	2026-10-05T18:22:08.5601484Z runner: file lifecycle {"entryFile":"/home/runner/work/vibe-fs/vibe-fs/requirements/concern-routing/tests/003.test.mjs","type":"runner:file-drained","elapsedMs":39212.219097}
check	Run verification	2026-10-05T18:22:08.5618211Z runner: file lifecycle {"entryFile":"/home/runner/work/vibe-fs/vibe-fs/requirements/concern-routing/tests/005.test.mjs","pid":3076,"parentPid":3067,"type":"runner:file-start","elapsedMs":39216.258391999996}
check	Run verification	2026-10-05T18:22:09.3198174Z runner: file lifecycle {"entryFile":"/home/runner/work/vibe-fs/vibe-fs/requirements/concern-routing/tests/004.test.mjs","type":"runner:file-drained","elapsedMs":39974.490865}
check	Run verification	2026-10-05T18:22:09.3260345Z runner: file lifecycle {"entryFile":"/home/runner/work/vibe-fs/vibe-fs/requirements/concern-routing/tests/006.test.mjs","pid":3076,"parentPid":3067,"type":"runner:file-start","elapsedMs":39978.834839999996}
check	Run verification	2026-10-05T18:22:10.4825739Z runner: file lifecycle {"entryFile":"/home/runner/work/vibe-fs/vibe-fs/requirements/concern-routing/tests/005.test.mjs","type":"runner:file-drained","elapsedMs":41137.214908}
check	Run verification	2026-10-05T18:22:10.4879946Z runner: file lifecycle {"entryFile":"/home/runner/work/vibe-fs/vibe-fs/requirements/concern-routing/tests/007.test.mjs","pid":3076,"parentPid":3067,"type":"runner:file-start","elapsedMs":41139.426740999996}
check	Run verification	2026-10-05T18:22:10.5420405Z runner: file lifecycle {"entryFile":"/home/runner/work/vibe-fs/vibe-fs/requirements/concern-routing/tests/007.test.mjs","type":"runner:file-drained","elapsedMs":41196.050433}
check	Run verification	2026-10-05T18:22:10.5432618Z runner: file lifecycle {"entryFile":"/home/runner/work/vibe-fs/vibe-fs/requirements/context-compression/tests/001.test.mjs","pid":3076,"parentPid":3067,"type":"runner:file-start","elapsedMs":41198.11715}
check	Run verification	2026-10-05T18:22:10.5952766Z runner: file lifecycle {"entryFile":"/home/runner/work/vibe-fs/vibe-fs/requirements/context-compression/tests/001.test.mjs","type":"runner:file-drained","elapsedMs":41250.025214}
check	Run verification	2026-10-05T18:22:10.5972712Z runner: file lifecycle {"entryFile":"/home/runner/work/vibe-fs/vibe-fs/requirements/context-compression/tests/002.test.mjs","pid":3076,"parentPid":3067,"type":"runner:file-start","elapsedMs":41252.109732}
check	Run verification	2026-10-05T18:22:11.0670050Z runner: file lifecycle {"entryFile":"/home/runner/work/vibe-fs/vibe-fs/requirements/context-compression/tests/002.test.mjs","type":"runner:file-drained","elapsedMs":41721.280988}
check	Run verification	2026-10-05T18:22:11.0689423Z runner: file lifecycle {"entryFile":"/home/runner/work/vibe-fs/vibe-fs/requirements/context-compression/tests/003.test.mjs","pid":3076,"parentPid":3067,"type":"runner:file-start","elapsedMs":41723.690249}
check	Run verification	2026-10-05T18:22:11.7207762Z runner: file lifecycle {"entryFile":"/home/runner/work/vibe-fs/vibe-fs/requirements/context-compression/tests/003.test.mjs","type":"runner:file-drained","elapsedMs":42374.293455}
check	Run verification	2026-10-05T18:22:11.7232110Z runner: file lifecycle {"entryFile":"/home/runner/work/vibe-fs/vibe-fs/requirements/context-compression/tests/004.test.mjs","pid":3076,"parentPid":3067,"type":"runner:file-start","elapsedMs":42376.782781}
check	Run verification	2026-10-05T18:22:11.8715478Z runner: file lifecycle {"entryFile":"/home/runner/work/vibe-fs/vibe-fs/requirements/context-compression/tests/004.test.mjs","type":"runner:file-drained","elapsedMs":42526.262967999995}
check	Run verification	2026-10-05T18:22:11.8736595Z runner: file lifecycle {"entryFile":"/home/runner/work/vibe-fs/vibe-fs/requirements/context-compression/tests/005.test.mjs","pid":3076,"parentPid":3067,"type":"runner:file-start","elapsedMs":42528.522535}
check	Run verification	2026-10-05T18:22:12.1441208Z runner: file lifecycle {"entryFile":"/home/runner/work/vibe-fs/vibe-fs/requirements/concern-routing/tests/006.test.mjs","type":"runner:file-drained","elapsedMs":42798.674356999996}
check	Run verification	2026-10-05T18:22:12.1465580Z runner: file lifecycle {"entryFile":"/home/runner/work/vibe-fs/vibe-fs/requirements/context-compression/tests/006.test.mjs","pid":3076,"parentPid":3067,"type":"runner:file-start","elapsedMs":42801.286071999995}
check	Run verification	2026-10-05T18:22:12.2662769Z runner: file lifecycle {"entryFile":"/home/runner/work/vibe-fs/vibe-fs/requirements/context-compression/tests/005.test.mjs","type":"runner:file-drained","elapsedMs":42918.731214}
check	Run verification	2026-10-05T18:22:12.2680791Z runner: file lifecycle {"entryFile":"/home/runner/work/vibe-fs/vibe-fs/requirements/context-compression/tests/007.test.mjs","pid":3076,"parentPid":3067,"type":"runner:file-start","elapsedMs":42922.237247}
check	Run verification	2026-10-05T18:22:12.5371674Z runner: file lifecycle {"entryFile":"/home/runner/work/vibe-fs/vibe-fs/requirements/context-compression/tests/006.test.mjs","type":"runner:file-drained","elapsedMs":43191.904223}
check	Run verification	2026-10-05T18:22:12.5393757Z runner: file lifecycle {"entryFile":"/home/runner/work/vibe-fs/vibe-fs/requirements/context-compression/tests/008.test.mjs","pid":3076,"parentPid":3067,"type":"runner:file-start","elapsedMs":43194.203687}
check	Run verification	2026-10-05T18:22:12.6443350Z runner: file lifecycle {"entryFile":"/home/runner/work/vibe-fs/vibe-fs/requirements/context-compression/tests/007.test.mjs","type":"runner:file-drained","elapsedMs":43296.295303}
check	Run verification	2026-10-05T18:22:12.6500441Z runner: file lifecycle {"entryFile":"/home/runner/work/vibe-fs/vibe-fs/requirements/context-compression/tests/009.test.mjs","pid":3076,"parentPid":3067,"type":"runner:file-start","elapsedMs":43303.319411}
check	Run verification	2026-10-05T18:22:12.9301646Z runner: file lifecycle {"entryFile":"/home/runner/work/vibe-fs/vibe-fs/requirements/context-compression/tests/008.test.mjs","type":"runner:file-drained","elapsedMs":43584.894089}
check	Run verification	2026-10-05T18:22:12.9323098Z runner: file lifecycle {"entryFile":"/home/runner/work/vibe-fs/vibe-fs/requirements/context-compression/tests/010.test.mjs","pid":3076,"parentPid":3067,"type":"runner:file-start","elapsedMs":43587.186005999996}
check	Run verification	2026-10-05T18:22:13.0414668Z runner: file lifecycle {"entryFile":"/home/runner/work/vibe-fs/vibe-fs/requirements/context-compression/tests/009.test.mjs","type":"runner:file-drained","elapsedMs":43696.13128}
check	Run verification	2026-10-05T18:22:13.0492578Z runner: file lifecycle {"entryFile":"/home/runner/work/vibe-fs/vibe-fs/requirements/context-compression/tests/011.test.mjs","pid":3076,"parentPid":3067,"type":"runner:file-start","elapsedMs":43702.642544999995}
check	Run verification	2026-10-05T18:22:13.0929277Z runner: file lifecycle {"entryFile":"/home/runner/work/vibe-fs/vibe-fs/requirements/context-compression/tests/010.test.mjs","type":"runner:file-drained","elapsedMs":43747.600849}
check	Run verification	2026-10-05T18:22:13.0949951Z runner: file lifecycle {"entryFile":"/home/runner/work/vibe-fs/vibe-fs/requirements/context-compression/tests/012.test.mjs","pid":3076,"parentPid":3067,"type":"runner:file-start","elapsedMs":43749.802927}
check	Run verification	2026-10-05T18:22:13.3966846Z runner: file lifecycle {"entryFile":"/home/runner/work/vibe-fs/vibe-fs/requirements/context-compression/tests/011.test.mjs","type":"runner:file-drained","elapsedMs":44051.576538}
check	Run verification	2026-10-05T18:22:13.3994640Z runner: file lifecycle {"entryFile":"/home/runner/work/vibe-fs/vibe-fs/requirements/context-compression/tests/013.test.mjs","pid":3076,"parentPid":3067,"type":"runner:file-start","elapsedMs":44053.826842999995}
check	Run verification	2026-10-05T18:22:13.4076778Z runner: file lifecycle {"entryFile":"/home/runner/work/vibe-fs/vibe-fs/requirements/context-compression/tests/012.test.mjs","type":"runner:file-drained","elapsedMs":44062.547298}
check	Run verification	2026-10-05T18:22:13.4100768Z runner: file lifecycle {"entryFile":"/home/runner/work/vibe-fs/vibe-fs/requirements/context-compression/tests/014.test.mjs","pid":3076,"parentPid":3067,"type":"runner:file-start","elapsedMs":44064.490042}
check	Run verification	2026-10-05T18:22:13.5339689Z runner: file lifecycle {"entryFile":"/home/runner/work/vibe-fs/vibe-fs/requirements/context-compression/tests/013.test.mjs","type":"runner:file-drained","elapsedMs":44188.510197999996}
check	Run verification	2026-10-05T18:22:13.5361093Z runner: file lifecycle {"entryFile":"/home/runner/work/vibe-fs/vibe-fs/requirements/context-compression/tests/015.test.mjs","pid":3076,"parentPid":3067,"type":"runner:file-start","elapsedMs":44190.848571999995}
check	Run verification	2026-10-05T18:22:13.5863925Z runner: file lifecycle {"entryFile":"/home/runner/work/vibe-fs/vibe-fs/requirements/context-compression/tests/014.test.mjs","type":"runner:file-drained","elapsedMs":44240.056620999996}
check	Run verification	2026-10-05T18:22:13.5874913Z runner: file lifecycle {"entryFile":"/home/runner/work/vibe-fs/vibe-fs/requirements/context-compression/tests/016.test.mjs","pid":3076,"parentPid":3067,"type":"runner:file-start","elapsedMs":44242.415935}
check	Run verification	2026-10-05T18:22:13.6424213Z runner: file lifecycle {"entryFile":"/home/runner/work/vibe-fs/vibe-fs/requirements/context-compression/tests/015.test.mjs","type":"runner:file-drained","elapsedMs":44297.122557999995}
check	Run verification	2026-10-05T18:22:13.6438536Z runner: file lifecycle {"entryFile":"/home/runner/work/vibe-fs/vibe-fs/requirements/context-compression/tests/017.test.mjs","pid":3076,"parentPid":3067,"type":"runner:file-start","elapsedMs":44298.646959}
check	Run verification	2026-10-05T18:22:13.9180496Z runner: file lifecycle {"entryFile":"/home/runner/work/vibe-fs/vibe-fs/requirements/context-compression/tests/017.test.mjs","type":"runner:file-drained","elapsedMs":44571.684565999996}
check	Run verification	2026-10-05T18:22:13.9201294Z runner: file lifecycle {"entryFile":"/home/runner/work/vibe-fs/vibe-fs/requirements/context-compression/tests/018.test.mjs","pid":3076,"parentPid":3067,"type":"runner:file-start","elapsedMs":44573.948392}
check	Run verification	2026-10-05T18:22:13.9277338Z runner: file lifecycle {"entryFile":"/home/runner/work/vibe-fs/vibe-fs/requirements/context-compression/tests/016.test.mjs","type":"runner:file-drained","elapsedMs":44582.493463}
check	Run verification	2026-10-05T18:22:13.9299365Z runner: file lifecycle {"entryFile":"/home/runner/work/vibe-fs/vibe-fs/requirements/context-compression/tests/019.test.mjs","pid":3076,"parentPid":3067,"type":"runner:file-start","elapsedMs":44584.731254}
check	Run verification	2026-10-05T18:22:14.7058900Z runner: file lifecycle {"entryFile":"/home/runner/work/vibe-fs/vibe-fs/requirements/context-compression/tests/019.test.mjs","type":"runner:file-drained","elapsedMs":45360.583284}
check	Run verification	2026-10-05T18:22:14.7083441Z runner: file lifecycle {"entryFile":"/home/runner/work/vibe-fs/vibe-fs/requirements/context-compression/tests/020.test.mjs","pid":3076,"parentPid":3067,"type":"runner:file-start","elapsedMs":45363.206822}
check	Run verification	2026-10-05T18:22:14.9670322Z runner: file lifecycle {"entryFile":"/home/runner/work/vibe-fs/vibe-fs/requirements/context-compression/tests/020.test.mjs","type":"runner:file-drained","elapsedMs":45621.72892}
check	Run verification	2026-10-05T18:22:14.9696448Z runner: file lifecycle {"entryFile":"/home/runner/work/vibe-fs/vibe-fs/requirements/context-compression/tests/021.test.mjs","pid":3076,"parentPid":3067,"type":"runner:file-start","elapsedMs":45624.522585}
check	Run verification	2026-10-05T18:22:15.3478386Z runner: file lifecycle {"entryFile":"/home/runner/work/vibe-fs/vibe-fs/requirements/context-compression/tests/021.test.mjs","type":"runner:file-drained","elapsedMs":46002.474234}
check	Run verification	2026-10-05T18:22:15.3498002Z runner: file lifecycle {"entryFile":"/home/runner/work/vibe-fs/vibe-fs/requirements/context-compression/tests/022.test.mjs","pid":3076,"parentPid":3067,"type":"runner:file-start","elapsedMs":46004.6161}
check	Run verification	2026-10-05T18:22:15.7921159Z runner: file lifecycle {"entryFile":"/home/runner/work/vibe-fs/vibe-fs/requirements/context-compression/tests/022.test.mjs","type":"runner:file-drained","elapsedMs":46445.841907}
check	Run verification	2026-10-05T18:22:15.7935783Z runner: file lifecycle {"entryFile":"/home/runner/work/vibe-fs/vibe-fs/requirements/context-compression/tests/023.test.mjs","pid":3076,"parentPid":3067,"type":"runner:file-start","elapsedMs":46448.353435}
check	Run verification	2026-10-05T18:22:15.9272386Z runner: file lifecycle {"entryFile":"/home/runner/work/vibe-fs/vibe-fs/requirements/context-compression/tests/023.test.mjs","type":"runner:file-drained","elapsedMs":46581.893573}
check	Run verification	2026-10-05T18:22:15.9295362Z runner: file lifecycle {"entryFile":"/home/runner/work/vibe-fs/vibe-fs/requirements/context-compression/tests/024.test.mjs","pid":3076,"parentPid":3067,"type":"runner:file-start","elapsedMs":46584.335666}
check	Run verification	2026-10-05T18:22:16.3220414Z runner: file lifecycle {"entryFile":"/home/runner/work/vibe-fs/vibe-fs/requirements/context-compression/tests/018.test.mjs","type":"runner:file-drained","elapsedMs":46975.147198}
check	Run verification	2026-10-05T18:22:16.3223831Z runner: file lifecycle {"entryFile":"/home/runner/work/vibe-fs/vibe-fs/requirements/context-compression/tests/025.test.mjs","pid":3076,"parentPid":3067,"type":"runner:file-start","elapsedMs":46975.993631}
check	Run verification	2026-10-05T18:22:16.7414078Z runner: file lifecycle {"entryFile":"/home/runner/work/vibe-fs/vibe-fs/requirements/context-compression/tests/025.test.mjs","type":"runner:file-drained","elapsedMs":47396.119262}
check	Run verification	2026-10-05T18:22:16.7438708Z runner: file lifecycle {"entryFile":"/home/runner/work/vibe-fs/vibe-fs/requirements/context-compression/tests/026.test.mjs","pid":3076,"parentPid":3067,"type":"runner:file-start","elapsedMs":47398.702809}
check	Run verification	2026-10-05T18:22:17.4954237Z runner: file lifecycle {"entryFile":"/home/runner/work/vibe-fs/vibe-fs/requirements/context-compression/tests/026.test.mjs","type":"runner:file-drained","elapsedMs":48150.178428}
check	Run verification	2026-10-05T18:22:17.4974202Z runner: file lifecycle {"entryFile":"/home/runner/work/vibe-fs/vibe-fs/requirements/context-compression/tests/027.test.mjs","pid":3076,"parentPid":3067,"type":"runner:file-start","elapsedMs":48152.319665999996}
check	Run verification	2026-10-05T18:22:18.0072885Z runner: file lifecycle {"entryFile":"/home/runner/work/vibe-fs/vibe-fs/requirements/context-compression/tests/027.test.mjs","type":"runner:file-drained","elapsedMs":48662.07192}
check	Run verification	2026-10-05T18:22:18.0092978Z runner: file lifecycle {"entryFile":"/home/runner/work/vibe-fs/vibe-fs/requirements/context-compression/tests/028.test.mjs","pid":3076,"parentPid":3067,"type":"runner:file-start","elapsedMs":48664.150476999996}
check	Run verification	2026-10-05T18:22:18.1360968Z runner: file lifecycle {"entryFile":"/home/runner/work/vibe-fs/vibe-fs/requirements/context-compression/tests/028.test.mjs","type":"runner:file-drained","elapsedMs":48790.848132}
check	Run verification	2026-10-05T18:22:18.1388834Z runner: file lifecycle {"entryFile":"/home/runner/work/vibe-fs/vibe-fs/requirements/context-compression/tests/029.test.mjs","pid":3076,"parentPid":3067,"type":"runner:file-start","elapsedMs":48793.746875}
check	Run verification	2026-10-05T18:22:18.3942457Z runner: file lifecycle {"entryFile":"/home/runner/work/vibe-fs/vibe-fs/requirements/context-compression/tests/029.test.mjs","type":"runner:file-drained","elapsedMs":49048.919326999996}
check	Run verification	2026-10-05T18:22:18.3963941Z runner: file lifecycle {"entryFile":"/home/runner/work/vibe-fs/vibe-fs/requirements/context-compression/tests/030.test.mjs","pid":3076,"parentPid":3067,"type":"runner:file-start","elapsedMs":49051.243289}
check	Run verification	2026-10-05T18:22:18.6626151Z runner: file lifecycle {"entryFile":"/home/runner/work/vibe-fs/vibe-fs/requirements/context-compression/tests/030.test.mjs","type":"runner:file-drained","elapsedMs":49317.341263999995}
check	Run verification	2026-10-05T18:22:18.6647208Z runner: file lifecycle {"entryFile":"/home/runner/work/vibe-fs/vibe-fs/requirements/crash-reconciliation/tests/001.test.mjs","pid":3076,"parentPid":3067,"type":"runner:file-start","elapsedMs":49319.588571}
check	Run verification	2026-10-05T18:22:18.7674646Z runner: file lifecycle {"entryFile":"/home/runner/work/vibe-fs/vibe-fs/requirements/crash-reconciliation/tests/001.test.mjs","type":"runner:file-drained","elapsedMs":49422.20334}
check	Run verification	2026-10-05T18:22:18.7694494Z runner: file lifecycle {"entryFile":"/home/runner/work/vibe-fs/vibe-fs/requirements/crash-reconciliation/tests/002.test.mjs","pid":3076,"parentPid":3067,"type":"runner:file-start","elapsedMs":49424.313376}
check	Run verification	2026-10-05T18:22:18.8892541Z runner: file lifecycle {"entryFile":"/home/runner/work/vibe-fs/vibe-fs/requirements/crash-reconciliation/tests/002.test.mjs","type":"runner:file-drained","elapsedMs":49544.0173}
check	Run verification	2026-10-05T18:22:18.8915147Z runner: file lifecycle {"entryFile":"/home/runner/work/vibe-fs/vibe-fs/requirements/crash-reconciliation/tests/003.test.mjs","pid":3076,"parentPid":3067,"type":"runner:file-start","elapsedMs":49546.279990999996}
check	Run verification	2026-10-05T18:22:19.0240098Z runner: file lifecycle {"entryFile":"/home/runner/work/vibe-fs/vibe-fs/requirements/crash-reconciliation/tests/003.test.mjs","type":"runner:file-drained","elapsedMs":49678.101141}
check	Run verification	2026-10-05T18:22:19.0258225Z runner: file lifecycle {"entryFile":"/home/runner/work/vibe-fs/vibe-fs/requirements/crash-reconciliation/tests/004.test.mjs","pid":3076,"parentPid":3067,"type":"runner:file-start","elapsedMs":49680.596391}
check	Run verification	2026-10-05T18:22:19.0770048Z runner: file lifecycle {"entryFile":"/home/runner/work/vibe-fs/vibe-fs/requirements/crash-reconciliation/tests/004.test.mjs","type":"runner:file-drained","elapsedMs":49731.661065}
check	Run verification	2026-10-05T18:22:19.0805604Z runner: file lifecycle {"entryFile":"/home/runner/work/vibe-fs/vibe-fs/requirements/crash-reconciliation/tests/005.test.mjs","pid":3076,"parentPid":3067,"type":"runner:file-start","elapsedMs":49735.261825}
check	Run verification	2026-10-05T18:22:19.1930503Z runner: file lifecycle {"entryFile":"/home/runner/work/vibe-fs/vibe-fs/requirements/crash-reconciliation/tests/005.test.mjs","type":"runner:file-drained","elapsedMs":49847.493064999995}
check	Run verification	2026-10-05T18:22:19.1951118Z runner: file lifecycle {"entryFile":"/home/runner/work/vibe-fs/vibe-fs/requirements/crash-reconciliation/tests/006.test.mjs","pid":3076,"parentPid":3067,"type":"runner:file-start","elapsedMs":49849.69225}
check	Run verification	2026-10-05T18:22:19.3071055Z runner: file lifecycle {"entryFile":"/home/runner/work/vibe-fs/vibe-fs/requirements/crash-reconciliation/tests/006.test.mjs","type":"runner:file-drained","elapsedMs":49961.056228}
check	Run verification	2026-10-05T18:22:19.3084130Z runner: file lifecycle {"entryFile":"/home/runner/work/vibe-fs/vibe-fs/requirements/crash-reconciliation/tests/007.test.mjs","pid":3076,"parentPid":3067,"type":"runner:file-start","elapsedMs":49963.271780999996}
check	Run verification	2026-10-05T18:22:19.4598453Z runner: file lifecycle {"entryFile":"/home/runner/work/vibe-fs/vibe-fs/requirements/crash-reconciliation/tests/007.test.mjs","type":"runner:file-drained","elapsedMs":50114.557844999996}
check	Run verification	2026-10-05T18:22:19.4619843Z runner: file lifecycle {"entryFile":"/home/runner/work/vibe-fs/vibe-fs/requirements/crash-reconciliation/tests/008.test.mjs","pid":3076,"parentPid":3067,"type":"runner:file-start","elapsedMs":50116.896772}
check	Run verification	2026-10-05T18:22:19.5786163Z runner: file lifecycle {"entryFile":"/home/runner/work/vibe-fs/vibe-fs/requirements/crash-reconciliation/tests/008.test.mjs","type":"runner:file-drained","elapsedMs":50233.391799}
check	Run verification	2026-10-05T18:22:19.5805280Z runner: file lifecycle {"entryFile":"/home/runner/work/vibe-fs/vibe-fs/requirements/crash-reconciliation/tests/009.test.mjs","pid":3076,"parentPid":3067,"type":"runner:file-start","elapsedMs":50235.404502}
check	Run verification	2026-10-05T18:22:19.8895676Z runner: file lifecycle {"entryFile":"/home/runner/work/vibe-fs/vibe-fs/requirements/crash-reconciliation/tests/009.test.mjs","type":"runner:file-drained","elapsedMs":50544.352018}
check	Run verification	2026-10-05T18:22:19.8931079Z runner: file lifecycle {"entryFile":"/home/runner/work/vibe-fs/vibe-fs/requirements/crash-reconciliation/tests/010.test.mjs","pid":3076,"parentPid":3067,"type":"runner:file-start","elapsedMs":50546.867714}
check	Run verification	2026-10-05T18:22:20.0005717Z runner: file lifecycle {"entryFile":"/home/runner/work/vibe-fs/vibe-fs/requirements/crash-reconciliation/tests/010.test.mjs","type":"runner:file-drained","elapsedMs":50655.369989}
check	Run verification	2026-10-05T18:22:20.0029373Z runner: file lifecycle {"entryFile":"/home/runner/work/vibe-fs/vibe-fs/requirements/crash-reconciliation/tests/011.test.mjs","pid":3076,"parentPid":3067,"type":"runner:file-start","elapsedMs":50657.729152}
check	Run verification	2026-10-05T18:22:20.0989306Z runner: file lifecycle {"entryFile":"/home/runner/work/vibe-fs/vibe-fs/requirements/crash-reconciliation/tests/011.test.mjs","type":"runner:file-drained","elapsedMs":50752.693934999996}
check	Run verification	2026-10-05T18:22:20.1003549Z runner: file lifecycle {"entryFile":"/home/runner/work/vibe-fs/vibe-fs/requirements/crash-reconciliation/tests/012.test.mjs","pid":3076,"parentPid":3067,"type":"runner:file-start","elapsedMs":50755.195383}
check	Run verification	2026-10-05T18:22:20.2087111Z runner: file lifecycle {"entryFile":"/home/runner/work/vibe-fs/vibe-fs/requirements/crash-reconciliation/tests/012.test.mjs","type":"runner:file-drained","elapsedMs":50863.391797}
check	Run verification	2026-10-05T18:22:20.2120353Z runner: file lifecycle {"entryFile":"/home/runner/work/vibe-fs/vibe-fs/requirements/crash-reconciliation/tests/013.test.mjs","pid":3076,"parentPid":3067,"type":"runner:file-start","elapsedMs":50865.872847}
check	Run verification	2026-10-05T18:22:20.3072043Z runner: file lifecycle {"entryFile":"/home/runner/work/vibe-fs/vibe-fs/requirements/crash-reconciliation/tests/013.test.mjs","type":"runner:file-drained","elapsedMs":50960.930704}
check	Run verification	2026-10-05T18:22:20.3090257Z runner: file lifecycle {"entryFile":"/home/runner/work/vibe-fs/vibe-fs/requirements/crash-reconciliation/tests/014.test.mjs","pid":3076,"parentPid":3067,"type":"runner:file-start","elapsedMs":50963.269566999996}
check	Run verification	2026-10-05T18:22:20.4063130Z runner: file lifecycle {"entryFile":"/home/runner/work/vibe-fs/vibe-fs/requirements/crash-reconciliation/tests/014.test.mjs","type":"runner:file-drained","elapsedMs":51060.140945}
check	Run verification	2026-10-05T18:22:20.4078552Z runner: file lifecycle {"entryFile":"/home/runner/work/vibe-fs/vibe-fs/requirements/crash-reconciliation/tests/015.test.mjs","pid":3076,"parentPid":3067,"type":"runner:file-start","elapsedMs":51062.377247}
check	Run verification	2026-10-05T18:22:21.1717261Z runner: file lifecycle {"entryFile":"/home/runner/work/vibe-fs/vibe-fs/requirements/crash-reconciliation/tests/015.test.mjs","type":"runner:file-drained","elapsedMs":51826.307076}
check	Run verification	2026-10-05T18:22:21.1736627Z runner: file lifecycle {"entryFile":"/home/runner/work/vibe-fs/vibe-fs/requirements/crash-reconciliation/tests/016.test.mjs","pid":3076,"parentPid":3067,"type":"runner:file-start","elapsedMs":51828.584785}
check	Run verification	2026-10-05T18:22:21.3261623Z runner: file lifecycle {"entryFile":"/home/runner/work/vibe-fs/vibe-fs/requirements/crash-reconciliation/tests/016.test.mjs","type":"runner:file-drained","elapsedMs":51980.832625999996}
check	Run verification	2026-10-05T18:22:21.3284898Z runner: file lifecycle {"entryFile":"/home/runner/work/vibe-fs/vibe-fs/requirements/crash-reconciliation/tests/017.test.mjs","pid":3076,"parentPid":3067,"type":"runner:file-start","elapsedMs":51983.415442}
check	Run verification	2026-10-05T18:22:21.3870960Z runner: file lifecycle {"entryFile":"/home/runner/work/vibe-fs/vibe-fs/requirements/crash-reconciliation/tests/017.test.mjs","type":"runner:file-drained","elapsedMs":52041.10857}
check	Run verification	2026-10-05T18:22:21.3890306Z runner: file lifecycle {"entryFile":"/home/runner/work/vibe-fs/vibe-fs/requirements/crash-reconciliation/tests/018.test.mjs","pid":3076,"parentPid":3067,"type":"runner:file-start","elapsedMs":52043.307029999996}
check	Run verification	2026-10-05T18:22:23.5309093Z runner: file lifecycle {"entryFile":"/home/runner/work/vibe-fs/vibe-fs/requirements/crash-reconciliation/tests/018.test.mjs","type":"runner:file-drained","elapsedMs":54185.475968}
check	Run verification	2026-10-05T18:22:23.5361608Z runner: file lifecycle {"entryFile":"/home/runner/work/vibe-fs/vibe-fs/requirements/crash-reconciliation/tests/019.test.mjs","pid":3076,"parentPid":3067,"type":"runner:file-start","elapsedMs":54188.947229}
check	Run verification	2026-10-05T18:22:23.6060083Z runner: file lifecycle {"entryFile":"/home/runner/work/vibe-fs/vibe-fs/requirements/crash-reconciliation/tests/019.test.mjs","type":"runner:file-drained","elapsedMs":54260.493093}
check	Run verification	2026-10-05T18:22:23.6079761Z runner: file lifecycle {"entryFile":"/home/runner/work/vibe-fs/vibe-fs/requirements/crash-reconciliation/tests/020.test.mjs","pid":3076,"parentPid":3067,"type":"runner:file-start","elapsedMs":54262.835196}
check	Run verification	2026-10-05T18:22:24.0034636Z runner: file lifecycle {"entryFile":"/home/runner/work/vibe-fs/vibe-fs/requirements/crash-reconciliation/tests/020.test.mjs","type":"runner:file-drained","elapsedMs":54658.211975}
check	Run verification	2026-10-05T18:22:24.0061214Z runner: file lifecycle {"entryFile":"/home/runner/work/vibe-fs/vibe-fs/requirements/crash-reconciliation/tests/021.test.mjs","pid":3076,"parentPid":3067,"type":"runner:file-start","elapsedMs":54660.881593}
check	Run verification	2026-10-05T18:22:24.3440103Z runner: file lifecycle {"entryFile":"/home/runner/work/vibe-fs/vibe-fs/requirements/crash-reconciliation/tests/021.test.mjs","type":"runner:file-drained","elapsedMs":54998.481837}
check	Run verification	2026-10-05T18:22:24.3461893Z runner: file lifecycle {"entryFile":"/home/runner/work/vibe-fs/vibe-fs/requirements/degeneration-guard/tests/001.test.mjs","pid":3076,"parentPid":3067,"type":"runner:file-start","elapsedMs":55000.903726}
check	Run verification	2026-10-05T18:22:24.6729270Z runner: file lifecycle {"entryFile":"/home/runner/work/vibe-fs/vibe-fs/requirements/degeneration-guard/tests/001.test.mjs","type":"runner:file-drained","elapsedMs":55326.078994999996}
check	Run verification	2026-10-05T18:22:24.6731479Z runner: file lifecycle {"entryFile":"/home/runner/work/vibe-fs/vibe-fs/requirements/degeneration-guard/tests/002.test.mjs","pid":3076,"parentPid":3067,"type":"runner:file-start","elapsedMs":55326.184111999995}
check	Run verification	2026-10-05T18:22:24.9810327Z runner: file lifecycle {"entryFile":"/home/runner/work/vibe-fs/vibe-fs/requirements/degeneration-guard/tests/002.test.mjs","type":"runner:file-drained","elapsedMs":55635.031904999996}
check	Run verification	2026-10-05T18:22:24.9822802Z runner: file lifecycle {"entryFile":"/home/runner/work/vibe-fs/vibe-fs/requirements/degeneration-guard/tests/003.test.mjs","pid":3076,"parentPid":3067,"type":"runner:file-start","elapsedMs":55637.16502}
check	Run verification	2026-10-05T18:22:25.2782108Z runner: file lifecycle {"entryFile":"/home/runner/work/vibe-fs/vibe-fs/requirements/degeneration-guard/tests/003.test.mjs","type":"runner:file-drained","elapsedMs":55932.850938999996}
check	Run verification	2026-10-05T18:22:25.2811019Z runner: file lifecycle {"entryFile":"/home/runner/work/vibe-fs/vibe-fs/requirements/degeneration-guard/tests/004.test.mjs","pid":3076,"parentPid":3067,"type":"runner:file-start","elapsedMs":55934.960724}
check	Run verification	2026-10-05T18:22:26.0158869Z runner: file lifecycle {"entryFile":"/home/runner/work/vibe-fs/vibe-fs/requirements/degeneration-guard/tests/004.test.mjs","type":"runner:file-drained","elapsedMs":56670.487253}
check	Run verification	2026-10-05T18:22:26.0179301Z runner: file lifecycle {"entryFile":"/home/runner/work/vibe-fs/vibe-fs/requirements/degeneration-guard/tests/005.test.mjs","pid":3076,"parentPid":3067,"type":"runner:file-start","elapsedMs":56672.696424}
check	Run verification	2026-10-05T18:22:26.3356482Z runner: file lifecycle {"entryFile":"/home/runner/work/vibe-fs/vibe-fs/requirements/degeneration-guard/tests/005.test.mjs","type":"runner:file-drained","elapsedMs":56990.449195}
check	Run verification	2026-10-05T18:22:26.3390009Z runner: file lifecycle {"entryFile":"/home/runner/work/vibe-fs/vibe-fs/requirements/degeneration-guard/tests/006.test.mjs","pid":3076,"parentPid":3067,"type":"runner:file-start","elapsedMs":56992.849076}
check	Run verification	2026-10-05T18:22:26.6634732Z runner: file lifecycle {"entryFile":"/home/runner/work/vibe-fs/vibe-fs/requirements/degeneration-guard/tests/006.test.mjs","type":"runner:file-drained","elapsedMs":57318.244944}
check	Run verification	2026-10-05T18:22:26.6654977Z runner: file lifecycle {"entryFile":"/home/runner/work/vibe-fs/vibe-fs/requirements/degeneration-guard/tests/007.test.mjs","pid":3076,"parentPid":3067,"type":"runner:file-start","elapsedMs":57320.321006}
check	Run verification	2026-10-05T18:22:27.0320362Z runner: file lifecycle {"entryFile":"/home/runner/work/vibe-fs/vibe-fs/requirements/degeneration-guard/tests/007.test.mjs","type":"runner:file-drained","elapsedMs":57685.529286}
check	Run verification	2026-10-05T18:22:27.0335854Z runner: file lifecycle {"entryFile":"/home/runner/work/vibe-fs/vibe-fs/requirements/degeneration-guard/tests/008.test.mjs","pid":3076,"parentPid":3067,"type":"runner:file-start","elapsedMs":57688.356859}
check	Run verification	2026-10-05T18:22:27.3564630Z runner: file lifecycle {"entryFile":"/home/runner/work/vibe-fs/vibe-fs/requirements/degeneration-guard/tests/008.test.mjs","type":"runner:file-drained","elapsedMs":58010.361628}
check	Run verification	2026-10-05T18:22:27.3577903Z runner: file lifecycle {"entryFile":"/home/runner/work/vibe-fs/vibe-fs/requirements/degeneration-guard/tests/009.test.mjs","pid":3076,"parentPid":3067,"type":"runner:file-start","elapsedMs":58012.595762}
check	Run verification	2026-10-05T18:22:27.6923411Z runner: file lifecycle {"entryFile":"/home/runner/work/vibe-fs/vibe-fs/requirements/degeneration-guard/tests/009.test.mjs","type":"runner:file-drained","elapsedMs":58346.728075}
check	Run verification	2026-10-05T18:22:27.6941304Z runner: file lifecycle {"entryFile":"/home/runner/work/vibe-fs/vibe-fs/requirements/degeneration-guard/tests/010.test.mjs","pid":3076,"parentPid":3067,"type":"runner:file-start","elapsedMs":58348.999358}
check	Run verification	2026-10-05T18:22:27.9862753Z runner: file lifecycle {"entryFile":"/home/runner/work/vibe-fs/vibe-fs/requirements/degeneration-guard/tests/010.test.mjs","type":"runner:file-drained","elapsedMs":58640.993103}
check	Run verification	2026-10-05T18:22:27.9883249Z runner: file lifecycle {"entryFile":"/home/runner/work/vibe-fs/vibe-fs/requirements/degeneration-guard/tests/011.test.mjs","pid":3076,"parentPid":3067,"type":"runner:file-start","elapsedMs":58643.171124}
check	Run verification	2026-10-05T18:22:28.1279371Z runner: file lifecycle {"entryFile":"/home/runner/work/vibe-fs/vibe-fs/requirements/degeneration-guard/tests/011.test.mjs","type":"runner:file-drained","elapsedMs":58782.615048}
check	Run verification	2026-10-05T18:22:28.1289125Z runner: file lifecycle {"entryFile":"/home/runner/work/vibe-fs/vibe-fs/requirements/degeneration-guard/tests/012.test.mjs","pid":3076,"parentPid":3067,"type":"runner:file-start","elapsedMs":58783.617290999995}
check	Run verification	2026-10-05T18:22:28.1840443Z runner: file lifecycle {"entryFile":"/home/runner/work/vibe-fs/vibe-fs/requirements/degeneration-guard/tests/012.test.mjs","type":"runner:file-drained","elapsedMs":58838.678278}
check	Run verification	2026-10-05T18:22:28.1864880Z runner: file lifecycle {"entryFile":"/home/runner/work/vibe-fs/vibe-fs/requirements/degeneration-guard/tests/013.test.mjs","pid":3076,"parentPid":3067,"type":"runner:file-start","elapsedMs":58841.229691}
check	Run verification	2026-10-05T18:22:28.4802671Z runner: file lifecycle {"entryFile":"/home/runner/work/vibe-fs/vibe-fs/requirements/degeneration-guard/tests/013.test.mjs","type":"runner:file-drained","elapsedMs":59135.022458}
check	Run verification	2026-10-05T18:22:28.4822814Z runner: file lifecycle {"entryFile":"/home/runner/work/vibe-fs/vibe-fs/requirements/delegation/tests/001.test.mjs","pid":3076,"parentPid":3067,"type":"runner:file-start","elapsedMs":59137.152106}
check	Run verification	2026-10-05T18:22:28.5491525Z runner: file lifecycle {"entryFile":"/home/runner/work/vibe-fs/vibe-fs/requirements/delegation/tests/001.test.mjs","type":"runner:file-drained","elapsedMs":59203.874646}
check	Run verification	2026-10-05T18:22:28.5519593Z runner: file lifecycle {"entryFile":"/home/runner/work/vibe-fs/vibe-fs/requirements/delegation/tests/002.test.mjs","pid":3076,"parentPid":3067,"type":"runner:file-start","elapsedMs":59206.072653999996}
check	Run verification	2026-10-05T18:22:28.6521170Z runner: file lifecycle {"entryFile":"/home/runner/work/vibe-fs/vibe-fs/requirements/delegation/tests/002.test.mjs","type":"runner:file-drained","elapsedMs":59306.850157}
check	Run verification	2026-10-05T18:22:28.6542911Z runner: file lifecycle {"entryFile":"/home/runner/work/vibe-fs/vibe-fs/requirements/delegation/tests/003.test.mjs","pid":3076,"parentPid":3067,"type":"runner:file-start","elapsedMs":59309.135849}
check	Run verification	2026-10-05T18:22:31.2775530Z runner: file lifecycle {"entryFile":"/home/runner/work/vibe-fs/vibe-fs/requirements/delegation/tests/003.test.mjs","type":"runner:file-drained","elapsedMs":61931.697162}
check	Run verification	2026-10-05T18:22:31.2792030Z runner: file lifecycle {"entryFile":"/home/runner/work/vibe-fs/vibe-fs/requirements/delegation/tests/004.test.mjs","pid":3076,"parentPid":3067,"type":"runner:file-start","elapsedMs":61934.016807}
check	Run verification	2026-10-05T18:22:31.3339977Z runner: file lifecycle {"entryFile":"/home/runner/work/vibe-fs/vibe-fs/requirements/delegation/tests/004.test.mjs","type":"runner:file-drained","elapsedMs":61988.495427}
check	Run verification	2026-10-05T18:22:31.3372420Z runner: file lifecycle {"entryFile":"/home/runner/work/vibe-fs/vibe-fs/requirements/delegation/tests/005.test.mjs","pid":3076,"parentPid":3067,"type":"runner:file-start","elapsedMs":61990.84064}
check	Run verification	2026-10-05T18:22:31.6524541Z runner: file lifecycle {"entryFile":"/home/runner/work/vibe-fs/vibe-fs/requirements/delegation/tests/005.test.mjs","type":"runner:file-drained","elapsedMs":62307.227671}
check	Run verification	2026-10-05T18:22:31.6549152Z runner: file lifecycle {"entryFile":"/home/runner/work/vibe-fs/vibe-fs/requirements/delegation/tests/006.test.mjs","pid":3076,"parentPid":3067,"type":"runner:file-start","elapsedMs":62309.638389}
check	Run verification	2026-10-05T18:22:32.5595759Z runner: file lifecycle {"entryFile":"/home/runner/work/vibe-fs/vibe-fs/requirements/delegation/tests/006.test.mjs","type":"runner:file-drained","elapsedMs":63214.253745}
check	Run verification	2026-10-05T18:22:32.5617951Z runner: file lifecycle {"entryFile":"/home/runner/work/vibe-fs/vibe-fs/requirements/delegation/tests/007.test.mjs","pid":3076,"parentPid":3067,"type":"runner:file-start","elapsedMs":63216.574706}
check	Run verification	2026-10-05T18:22:33.3170173Z runner: file lifecycle {"entryFile":"/home/runner/work/vibe-fs/vibe-fs/requirements/delegation/tests/007.test.mjs","type":"runner:file-drained","elapsedMs":63970.405459}
check	Run verification	2026-10-05T18:22:33.3180382Z runner: file lifecycle {"entryFile":"/home/runner/work/vibe-fs/vibe-fs/requirements/delegation/tests/008.test.mjs","pid":3076,"parentPid":3067,"type":"runner:file-start","elapsedMs":63972.864341}
check	Run verification	2026-10-05T18:22:34.1186904Z runner: file lifecycle {"entryFile":"/home/runner/work/vibe-fs/vibe-fs/requirements/delegation/tests/008.test.mjs","type":"runner:file-drained","elapsedMs":64773.335398999996}
check	Run verification	2026-10-05T18:22:34.1209040Z runner: file lifecycle {"entryFile":"/home/runner/work/vibe-fs/vibe-fs/requirements/delegation/tests/009.test.mjs","pid":3076,"parentPid":3067,"type":"runner:file-start","elapsedMs":64775.591679}
check	Run verification	2026-10-05T18:22:34.9169866Z runner: file lifecycle {"entryFile":"/home/runner/work/vibe-fs/vibe-fs/requirements/context-compression/tests/024.test.mjs","type":"runner:file-drained","elapsedMs":65571.224305}
check	Run verification	2026-10-05T18:22:34.9189240Z runner: file lifecycle {"entryFile":"/home/runner/work/vibe-fs/vibe-fs/requirements/delegation/tests/010.test.mjs","pid":3076,"parentPid":3067,"type":"runner:file-start","elapsedMs":65573.746962}
check	Run verification	2026-10-05T18:22:34.9771800Z runner: file lifecycle {"entryFile":"/home/runner/work/vibe-fs/vibe-fs/requirements/delegation/tests/009.test.mjs","type":"runner:file-drained","elapsedMs":65631.87915}
check	Run verification	2026-10-05T18:22:34.9786722Z runner: file lifecycle {"entryFile":"/home/runner/work/vibe-fs/vibe-fs/requirements/delegation/tests/011.test.mjs","pid":3076,"parentPid":3067,"type":"runner:file-start","elapsedMs":65633.547791}
check	Run verification	2026-10-05T18:22:35.7800843Z runner: file lifecycle {"entryFile":"/home/runner/work/vibe-fs/vibe-fs/requirements/delegation/tests/010.test.mjs","type":"runner:file-drained","elapsedMs":66434.56273399999}
check	Run verification	2026-10-05T18:22:35.7842626Z runner: file lifecycle {"entryFile":"/home/runner/work/vibe-fs/vibe-fs/requirements/delegation/tests/012.test.mjs","pid":3076,"parentPid":3067,"type":"runner:file-start","elapsedMs":66439.04401499999}
check	Run verification	2026-10-05T18:22:35.8218738Z runner: file lifecycle {"entryFile":"/home/runner/work/vibe-fs/vibe-fs/requirements/delegation/tests/011.test.mjs","type":"runner:file-drained","elapsedMs":66476.56208799999}
check	Run verification	2026-10-05T18:22:35.8242838Z runner: file lifecycle {"entryFile":"/home/runner/work/vibe-fs/vibe-fs/requirements/delegation/tests/013.test.mjs","pid":3076,"parentPid":3067,"type":"runner:file-start","elapsedMs":66479.110594}
check	Run verification	2026-10-05T18:22:36.1916166Z runner: file lifecycle {"entryFile":"/home/runner/work/vibe-fs/vibe-fs/requirements/delegation/tests/013.test.mjs","type":"runner:file-drained","elapsedMs":66846.290811}
check	Run verification	2026-10-05T18:22:36.1935732Z runner: file lifecycle {"entryFile":"/home/runner/work/vibe-fs/vibe-fs/requirements/delegation/tests/014.test.mjs","pid":3076,"parentPid":3067,"type":"runner:file-start","elapsedMs":66848.441464}
check	Run verification	2026-10-05T18:22:36.5425310Z runner: file lifecycle {"entryFile":"/home/runner/work/vibe-fs/vibe-fs/requirements/delegation/tests/012.test.mjs","type":"runner:file-drained","elapsedMs":67197.274724}
check	Run verification	2026-10-05T18:22:36.5450434Z runner: file lifecycle {"entryFile":"/home/runner/work/vibe-fs/vibe-fs/requirements/delegation/tests/015.test.mjs","pid":3076,"parentPid":3067,"type":"runner:file-start","elapsedMs":67199.79693899999}
check	Run verification	2026-10-05T18:22:36.6698700Z runner: file lifecycle {"entryFile":"/home/runner/work/vibe-fs/vibe-fs/requirements/delegation/tests/014.test.mjs","type":"runner:file-drained","elapsedMs":67324.576473}
check	Run verification	2026-10-05T18:22:36.6720645Z runner: file lifecycle {"entryFile":"/home/runner/work/vibe-fs/vibe-fs/requirements/delegation/tests/017.test.mjs","pid":3076,"parentPid":3067,"type":"runner:file-start","elapsedMs":67326.884269}
check	Run verification	2026-10-05T18:22:36.7279442Z runner: file lifecycle {"entryFile":"/home/runner/work/vibe-fs/vibe-fs/requirements/delegation/tests/017.test.mjs","type":"runner:file-drained","elapsedMs":67382.69798699999}
check	Run verification	2026-10-05T18:22:36.7299636Z runner: file lifecycle {"entryFile":"/home/runner/work/vibe-fs/vibe-fs/requirements/delegation/tests/019.test.mjs","pid":3076,"parentPid":3067,"type":"runner:file-start","elapsedMs":67384.824714}
check	Run verification	2026-10-05T18:22:36.8974067Z runner: file lifecycle {"entryFile":"/home/runner/work/vibe-fs/vibe-fs/requirements/delegation/tests/019.test.mjs","type":"runner:file-drained","elapsedMs":67552.161572}
check	Run verification	2026-10-05T18:22:36.8998861Z runner: file lifecycle {"entryFile":"/home/runner/work/vibe-fs/vibe-fs/requirements/delegation/tests/020.test.mjs","pid":3076,"parentPid":3067,"type":"runner:file-start","elapsedMs":67554.642743}
check	Run verification	2026-10-05T18:22:36.9719884Z runner: file lifecycle {"entryFile":"/home/runner/work/vibe-fs/vibe-fs/requirements/delegation/tests/020.test.mjs","type":"runner:file-drained","elapsedMs":67625.193892}
check	Run verification	2026-10-05T18:22:36.9750051Z runner: file lifecycle {"entryFile":"/home/runner/work/vibe-fs/vibe-fs/requirements/delegation/tests/021.test.mjs","pid":3076,"parentPid":3067,"type":"runner:file-start","elapsedMs":67626.854379}
check	Run verification	2026-10-05T18:22:37.0176997Z runner: file lifecycle {"entryFile":"/home/runner/work/vibe-fs/vibe-fs/requirements/delegation/tests/015.test.mjs","type":"runner:file-drained","elapsedMs":67672.406857}
check	Run verification	2026-10-05T18:22:37.0202395Z runner: file lifecycle {"entryFile":"/home/runner/work/vibe-fs/vibe-fs/requirements/delegation/tests/022.test.mjs","pid":3076,"parentPid":3067,"type":"runner:file-start","elapsedMs":67675.05575099999}
check	Run verification	2026-10-05T18:22:37.1111647Z runner: file lifecycle {"entryFile":"/home/runner/work/vibe-fs/vibe-fs/requirements/delegation/tests/021.test.mjs","type":"runner:file-drained","elapsedMs":67765.810787}
check	Run verification	2026-10-05T18:22:37.1132690Z runner: file lifecycle {"entryFile":"/home/runner/work/vibe-fs/vibe-fs/requirements/delegation/tests/023.test.mjs","pid":3076,"parentPid":3067,"type":"runner:file-start","elapsedMs":67768.018452}
check	Run verification	2026-10-05T18:22:37.1283990Z runner: file lifecycle {"entryFile":"/home/runner/work/vibe-fs/vibe-fs/requirements/delegation/tests/022.test.mjs","type":"runner:file-drained","elapsedMs":67782.319728}
check	Run verification	2026-10-05T18:22:37.1295418Z runner: file lifecycle {"entryFile":"/home/runner/work/vibe-fs/vibe-fs/requirements/delegation/tests/024.test.mjs","pid":3076,"parentPid":3067,"type":"runner:file-start","elapsedMs":67784.443479}
check	Run verification	2026-10-05T18:22:38.0463228Z runner: file lifecycle {"entryFile":"/home/runner/work/vibe-fs/vibe-fs/requirements/delegation/tests/023.test.mjs","type":"runner:file-drained","elapsedMs":68700.698816}
check	Run verification	2026-10-05T18:22:38.0484061Z runner: file lifecycle {"entryFile":"/home/runner/work/vibe-fs/vibe-fs/requirements/delegation/tests/025.test.mjs","pid":3076,"parentPid":3067,"type":"runner:file-start","elapsedMs":68703.20610899999}
check	Run verification	2026-10-05T18:22:38.7350678Z runner: file lifecycle {"entryFile":"/home/runner/work/vibe-fs/vibe-fs/requirements/delegation/tests/024.test.mjs","type":"runner:file-drained","elapsedMs":69384.164152}
check	Run verification	2026-10-05T18:22:38.7369643Z runner: file lifecycle {"entryFile":"/home/runner/work/vibe-fs/vibe-fs/requirements/delegation/tests/026.test.mjs","pid":3076,"parentPid":3067,"type":"runner:file-start","elapsedMs":69388.718669}
check	Run verification	2026-10-05T18:22:39.8947226Z runner: file lifecycle {"entryFile":"/home/runner/work/vibe-fs/vibe-fs/requirements/delegation/tests/025.test.mjs","type":"runner:file-drained","elapsedMs":70549.440103}
check	Run verification	2026-10-05T18:22:39.8966148Z runner: file lifecycle {"entryFile":"/home/runner/work/vibe-fs/vibe-fs/requirements/delegation/tests/027.test.mjs","pid":3076,"parentPid":3067,"type":"runner:file-start","elapsedMs":70551.51523799999}
check	Run verification	2026-10-05T18:22:40.9357339Z runner: file lifecycle {"entryFile":"/home/runner/work/vibe-fs/vibe-fs/requirements/delegation/tests/027.test.mjs","type":"runner:file-drained","elapsedMs":71590.466515}
check	Run verification	2026-10-05T18:22:40.9376240Z runner: file lifecycle {"entryFile":"/home/runner/work/vibe-fs/vibe-fs/requirements/delegation/tests/028.test.mjs","pid":3076,"parentPid":3067,"type":"runner:file-start","elapsedMs":71592.566442}
check	Run verification	2026-10-05T18:22:41.2253502Z runner: file lifecycle {"entryFile":"/home/runner/work/vibe-fs/vibe-fs/requirements/delegation/tests/028.test.mjs","type":"runner:file-drained","elapsedMs":71880.18783}
check	Run verification	2026-10-05T18:22:41.2272291Z runner: file lifecycle {"entryFile":"/home/runner/work/vibe-fs/vibe-fs/requirements/delegation/tests/029.test.mjs","pid":3076,"parentPid":3067,"type":"runner:file-start","elapsedMs":71882.089691}
check	Run verification	2026-10-05T18:22:41.4009446Z runner: file lifecycle {"entryFile":"/home/runner/work/vibe-fs/vibe-fs/requirements/delegation/tests/029.test.mjs","type":"runner:file-drained","elapsedMs":72054.79096299999}
check	Run verification	2026-10-05T18:22:41.4020515Z runner: file lifecycle {"entryFile":"/home/runner/work/vibe-fs/vibe-fs/requirements/delegation/tests/030.test.mjs","pid":3076,"parentPid":3067,"type":"runner:file-start","elapsedMs":72056.855193}
check	Run verification	2026-10-05T18:22:41.4510902Z runner: file lifecycle {"entryFile":"/home/runner/work/vibe-fs/vibe-fs/requirements/delegation/tests/030.test.mjs","type":"runner:file-drained","elapsedMs":72105.85911599999}
check	Run verification	2026-10-05T18:22:41.4530262Z runner: file lifecycle {"entryFile":"/home/runner/work/vibe-fs/vibe-fs/requirements/delegation/tests/031.test.mjs","pid":3076,"parentPid":3067,"type":"runner:file-start","elapsedMs":72107.793263}
check	Run verification	2026-10-05T18:22:41.6661437Z runner: file lifecycle {"entryFile":"/home/runner/work/vibe-fs/vibe-fs/requirements/delegation/tests/026.test.mjs","type":"runner:file-drained","elapsedMs":72320.819754}
check	Run verification	2026-10-05T18:22:41.6700371Z runner: file lifecycle {"entryFile":"/home/runner/work/vibe-fs/vibe-fs/requirements/delegation/tests/032.test.mjs","pid":3076,"parentPid":3067,"type":"runner:file-start","elapsedMs":72323.487043}
check	Run verification	2026-10-05T18:22:42.5577912Z runner: file lifecycle {"entryFile":"/home/runner/work/vibe-fs/vibe-fs/requirements/delegation/tests/032.test.mjs","type":"runner:file-drained","elapsedMs":73212.497963}
check	Run verification	2026-10-05T18:22:42.5599960Z runner: file lifecycle {"entryFile":"/home/runner/work/vibe-fs/vibe-fs/requirements/dispatch-protocol/tests/001.test.mjs","pid":3076,"parentPid":3067,"type":"runner:file-start","elapsedMs":73214.616785}
check	Run verification	2026-10-05T18:22:43.0500955Z runner: file lifecycle {"entryFile":"/home/runner/work/vibe-fs/vibe-fs/requirements/delegation/tests/031.test.mjs","type":"runner:file-drained","elapsedMs":73703.040272}
check	Run verification	2026-10-05T18:22:43.0524312Z runner: file lifecycle {"entryFile":"/home/runner/work/vibe-fs/vibe-fs/requirements/dispatch-protocol/tests/002.test.mjs","pid":3076,"parentPid":3067,"type":"runner:file-start","elapsedMs":73707.255361}
check	Run verification	2026-10-05T18:22:43.1241062Z runner: file lifecycle {"entryFile":"/home/runner/work/vibe-fs/vibe-fs/requirements/dispatch-protocol/tests/001.test.mjs","type":"runner:file-drained","elapsedMs":73778.810233}
check	Run verification	2026-10-05T18:22:43.1264952Z runner: file lifecycle {"entryFile":"/home/runner/work/vibe-fs/vibe-fs/requirements/dispatch-protocol/tests/003.test.mjs","pid":3076,"parentPid":3067,"type":"runner:file-start","elapsedMs":73781.31663}
check	Run verification	2026-10-05T18:22:43.8370190Z runner: file lifecycle {"entryFile":"/home/runner/work/vibe-fs/vibe-fs/requirements/dispatch-protocol/tests/002.test.mjs","type":"runner:file-drained","elapsedMs":74491.18908}
check	Run verification	2026-10-05T18:22:43.8400182Z runner: file lifecycle {"entryFile":"/home/runner/work/vibe-fs/vibe-fs/requirements/dispatch-protocol/tests/004.test.mjs","pid":3076,"parentPid":3067,"type":"runner:file-start","elapsedMs":74494.660046}
check	Run verification	2026-10-05T18:22:44.0347187Z runner: file lifecycle {"entryFile":"/home/runner/work/vibe-fs/vibe-fs/requirements/dispatch-protocol/tests/003.test.mjs","type":"runner:file-drained","elapsedMs":74688.928201}
check	Run verification	2026-10-05T18:22:44.0363474Z runner: file lifecycle {"entryFile":"/home/runner/work/vibe-fs/vibe-fs/requirements/dispatch-protocol/tests/005.test.mjs","pid":3076,"parentPid":3067,"type":"runner:file-start","elapsedMs":74691.214116}
check	Run verification	2026-10-05T18:22:44.4012712Z (node:4963) ExperimentalWarning: The MockTimers API is an experimental feature and might change at any time
check	Run verification	2026-10-05T18:22:44.4015914Z (Use `node --trace-warnings ...` to show where the warning was created)
check	Run verification	2026-10-05T18:22:44.4124776Z runner: file lifecycle {"entryFile":"/home/runner/work/vibe-fs/vibe-fs/requirements/dispatch-protocol/tests/005.test.mjs","type":"runner:file-drained","elapsedMs":75067.292659}
check	Run verification	2026-10-05T18:22:44.4150589Z runner: file lifecycle {"entryFile":"/home/runner/work/vibe-fs/vibe-fs/requirements/dispatch-protocol/tests/006.test.mjs","pid":3076,"parentPid":3067,"type":"runner:file-start","elapsedMs":75069.923132}
check	Run verification	2026-10-05T18:22:44.6301323Z runner: file lifecycle {"entryFile":"/home/runner/work/vibe-fs/vibe-fs/requirements/dispatch-protocol/tests/004.test.mjs","type":"runner:file-drained","elapsedMs":75284.749989}
check	Run verification	2026-10-05T18:22:44.6319746Z runner: file lifecycle {"entryFile":"/home/runner/work/vibe-fs/vibe-fs/requirements/dispatch-protocol/tests/007.test.mjs","pid":3076,"parentPid":3067,"type":"runner:file-start","elapsedMs":75286.839672}
check	Run verification	2026-10-05T18:22:44.7605418Z runner: file lifecycle {"entryFile":"/home/runner/work/vibe-fs/vibe-fs/requirements/dispatch-protocol/tests/006.test.mjs","type":"runner:file-drained","elapsedMs":75415.270541}
check	Run verification	2026-10-05T18:22:44.7617284Z runner: file lifecycle {"entryFile":"/home/runner/work/vibe-fs/vibe-fs/requirements/dispatch-protocol/tests/008.test.mjs","pid":3076,"parentPid":3067,"type":"runner:file-start","elapsedMs":75416.618669}
check	Run verification	2026-10-05T18:22:45.3933063Z (node:4988) ExperimentalWarning: The MockTimers API is an experimental feature and might change at any time
check	Run verification	2026-10-05T18:22:45.3949372Z (Use `node --trace-warnings ...` to show where the warning was created)
check	Run verification	2026-10-05T18:22:45.4254045Z runner: file lifecycle {"entryFile":"/home/runner/work/vibe-fs/vibe-fs/requirements/dispatch-protocol/tests/008.test.mjs","type":"runner:file-drained","elapsedMs":76080.149859}
check	Run verification	2026-10-05T18:22:45.4278454Z runner: file lifecycle {"entryFile":"/home/runner/work/vibe-fs/vibe-fs/requirements/dispatch-protocol/tests/009.test.mjs","pid":3076,"parentPid":3067,"type":"runner:file-start","elapsedMs":76082.581316}
check	Run verification	2026-10-05T18:22:46.2246080Z runner: file lifecycle {"entryFile":"/home/runner/work/vibe-fs/vibe-fs/requirements/dispatch-protocol/tests/007.test.mjs","type":"runner:file-drained","elapsedMs":76878.449054}
check	Run verification	2026-10-05T18:22:46.2256580Z runner: file lifecycle {"entryFile":"/home/runner/work/vibe-fs/vibe-fs/requirements/dispatch-protocol/tests/010.test.mjs","pid":3076,"parentPid":3067,"type":"runner:file-start","elapsedMs":76880.504055}
check	Run verification	2026-10-05T18:22:47.1062774Z runner: file lifecycle {"entryFile":"/home/runner/work/vibe-fs/vibe-fs/requirements/dispatch-protocol/tests/009.test.mjs","type":"runner:file-drained","elapsedMs":77760.954267}
check	Run verification	2026-10-05T18:22:47.1083641Z runner: file lifecycle {"entryFile":"/home/runner/work/vibe-fs/vibe-fs/requirements/dispatch-protocol/tests/011.test.mjs","pid":3076,"parentPid":3067,"type":"runner:file-start","elapsedMs":77763.140774}
check	Run verification	2026-10-05T18:22:47.3425187Z runner: file lifecycle {"entryFile":"/home/runner/work/vibe-fs/vibe-fs/requirements/dispatch-protocol/tests/010.test.mjs","type":"runner:file-drained","elapsedMs":77997.172469}
check	Run verification	2026-10-05T18:22:47.3446264Z runner: file lifecycle {"entryFile":"/home/runner/work/vibe-fs/vibe-fs/requirements/dispatch-protocol/tests/012.test.mjs","pid":3076,"parentPid":3067,"type":"runner:file-start","elapsedMs":77999.416837}
check	Run verification	2026-10-05T18:22:47.6515421Z runner: file lifecycle {"entryFile":"/home/runner/work/vibe-fs/vibe-fs/requirements/dispatch-protocol/tests/011.test.mjs","type":"runner:file-drained","elapsedMs":78306.269265}
check	Run verification	2026-10-05T18:22:47.6548131Z runner: file lifecycle {"entryFile":"/home/runner/work/vibe-fs/vibe-fs/requirements/dispatch-protocol/tests/013.test.mjs","pid":3076,"parentPid":3067,"type":"runner:file-start","elapsedMs":78309.497316}
check	Run verification	2026-10-05T18:22:48.0567245Z runner: file lifecycle {"entryFile":"/home/runner/work/vibe-fs/vibe-fs/requirements/dispatch-protocol/tests/012.test.mjs","type":"runner:file-drained","elapsedMs":78709.831966}
check	Run verification	2026-10-05T18:22:48.0570041Z runner: file lifecycle {"entryFile":"/home/runner/work/vibe-fs/vibe-fs/requirements/dispatch-protocol/tests/014.test.mjs","pid":3076,"parentPid":3067,"type":"runner:file-start","elapsedMs":78710.156904}
check	Run verification	2026-10-05T18:22:48.1360148Z runner: file lifecycle {"entryFile":"/home/runner/work/vibe-fs/vibe-fs/requirements/dispatch-protocol/tests/014.test.mjs","type":"runner:file-drained","elapsedMs":78790.160993}
check	Run verification	2026-10-05T18:22:48.1408461Z runner: file lifecycle {"entryFile":"/home/runner/work/vibe-fs/vibe-fs/requirements/dispatch-protocol/tests/015.test.mjs","pid":3076,"parentPid":3067,"type":"runner:file-start","elapsedMs":78795.491842}
check	Run verification	2026-10-05T18:22:48.2088620Z runner: file lifecycle {"entryFile":"/home/runner/work/vibe-fs/vibe-fs/requirements/dispatch-protocol/tests/013.test.mjs","type":"runner:file-drained","elapsedMs":78863.61989}
check	Run verification	2026-10-05T18:22:48.2120710Z runner: file lifecycle {"entryFile":"/home/runner/work/vibe-fs/vibe-fs/requirements/distribution/tests/001.test.mjs","pid":3076,"parentPid":3067,"type":"runner:file-start","elapsedMs":78866.703377}
check	Run verification	2026-10-05T18:22:48.3915964Z runner: file lifecycle {"entryFile":"/home/runner/work/vibe-fs/vibe-fs/requirements/distribution/tests/001.test.mjs","type":"runner:file-drained","elapsedMs":79046.30873599999}
check	Run verification	2026-10-05T18:22:48.3938414Z runner: file lifecycle {"entryFile":"/home/runner/work/vibe-fs/vibe-fs/requirements/distribution/tests/002.test.mjs","pid":3076,"parentPid":3067,"type":"runner:file-start","elapsedMs":79048.657148}
check	Run verification	2026-10-05T18:22:49.3571507Z runner: file lifecycle {"entryFile":"/home/runner/work/vibe-fs/vibe-fs/requirements/distribution/tests/002.test.mjs","type":"runner:file-drained","elapsedMs":80011.746193}
check	Run verification	2026-10-05T18:22:49.3592315Z runner: file lifecycle {"entryFile":"/home/runner/work/vibe-fs/vibe-fs/requirements/distribution/tests/003.test.mjs","pid":3076,"parentPid":3067,"type":"runner:file-start","elapsedMs":80014.100536}
check	Run verification	2026-10-05T18:22:50.3842100Z runner: file lifecycle {"entryFile":"/home/runner/work/vibe-fs/vibe-fs/requirements/dispatch-protocol/tests/015.test.mjs","type":"runner:file-drained","elapsedMs":81037.526301}
check	Run verification	2026-10-05T18:22:50.3859047Z runner: file lifecycle {"entryFile":"/home/runner/work/vibe-fs/vibe-fs/requirements/distribution/tests/004.test.mjs","pid":3076,"parentPid":3067,"type":"runner:file-start","elapsedMs":81040.534712}
check	Run verification	2026-10-05T18:22:50.4296499Z runner: file lifecycle {"entryFile":"/home/runner/work/vibe-fs/vibe-fs/requirements/distribution/tests/003.test.mjs","type":"runner:file-drained","elapsedMs":81084.418356}
check	Run verification	2026-10-05T18:22:50.4320901Z runner: file lifecycle {"entryFile":"/home/runner/work/vibe-fs/vibe-fs/requirements/distribution/tests/005.test.mjs","pid":3076,"parentPid":3067,"type":"runner:file-start","elapsedMs":81086.900548}
check	Run verification	2026-10-05T18:22:50.4405843Z runner: file lifecycle {"entryFile":"/home/runner/work/vibe-fs/vibe-fs/requirements/distribution/tests/004.test.mjs","type":"runner:file-drained","elapsedMs":81095.290143}
check	Run verification	2026-10-05T18:22:50.4430566Z runner: file lifecycle {"entryFile":"/home/runner/work/vibe-fs/vibe-fs/requirements/distribution/tests/006.test.mjs","pid":3076,"parentPid":3067,"type":"runner:file-start","elapsedMs":81097.325519}
check	Run verification	2026-10-05T18:22:50.5916560Z runner: file lifecycle {"entryFile":"/home/runner/work/vibe-fs/vibe-fs/requirements/distribution/tests/006.test.mjs","type":"runner:file-drained","elapsedMs":81246.419363}
check	Run verification	2026-10-05T18:22:50.5939360Z runner: file lifecycle {"entryFile":"/home/runner/work/vibe-fs/vibe-fs/requirements/distribution/tests/007.test.mjs","pid":3076,"parentPid":3067,"type":"runner:file-start","elapsedMs":81248.711169}
check	Run verification	2026-10-05T18:22:52.2499502Z runner: file lifecycle {"entryFile":"/home/runner/work/vibe-fs/vibe-fs/requirements/distribution/tests/005.test.mjs","type":"runner:file-drained","elapsedMs":82904.60842799999}
check	Run verification	2026-10-05T18:22:52.2518978Z runner: file lifecycle {"entryFile":"/home/runner/work/vibe-fs/vibe-fs/requirements/distribution/tests/008.test.mjs","pid":3076,"parentPid":3067,"type":"runner:file-start","elapsedMs":82906.742364}
check	Run verification	2026-10-05T18:22:52.3336907Z runner: file lifecycle {"entryFile":"/home/runner/work/vibe-fs/vibe-fs/requirements/distribution/tests/008.test.mjs","type":"runner:file-drained","elapsedMs":82988.487612}
check	Run verification	2026-10-05T18:22:52.3356600Z runner: file lifecycle {"entryFile":"/home/runner/work/vibe-fs/vibe-fs/requirements/distribution/tests/009.test.mjs","pid":3076,"parentPid":3067,"type":"runner:file-start","elapsedMs":82990.533919}
check	Run verification	2026-10-05T18:22:52.4412139Z runner: file lifecycle {"entryFile":"/home/runner/work/vibe-fs/vibe-fs/requirements/distribution/tests/009.test.mjs","type":"runner:file-drained","elapsedMs":83096.041595}
check	Run verification	2026-10-05T18:22:52.4436479Z runner: file lifecycle {"entryFile":"/home/runner/work/vibe-fs/vibe-fs/requirements/distribution/tests/010.test.mjs","pid":3076,"parentPid":3067,"type":"runner:file-start","elapsedMs":83098.537524}
check	Run verification	2026-10-05T18:22:52.6126028Z runner: file lifecycle {"entryFile":"/home/runner/work/vibe-fs/vibe-fs/requirements/distribution/tests/010.test.mjs","type":"runner:file-drained","elapsedMs":83267.45543}
check	Run verification	2026-10-05T18:22:52.6160498Z runner: file lifecycle {"entryFile":"/home/runner/work/vibe-fs/vibe-fs/requirements/durable-convergence/tests/001.test.mjs","pid":3076,"parentPid":3067,"type":"runner:file-start","elapsedMs":83269.89399899999}
check	Run verification	2026-10-05T18:22:52.9251532Z runner: file lifecycle {"entryFile":"/home/runner/work/vibe-fs/vibe-fs/requirements/durable-convergence/tests/001.test.mjs","type":"runner:file-drained","elapsedMs":83578.81661}
check	Run verification	2026-10-05T18:22:52.9270098Z runner: file lifecycle {"entryFile":"/home/runner/work/vibe-fs/vibe-fs/requirements/durable-convergence/tests/002.test.mjs","pid":3076,"parentPid":3067,"type":"runner:file-start","elapsedMs":83581.70945}
check	Run verification	2026-10-05T18:22:53.7971734Z runner: file lifecycle {"entryFile":"/home/runner/work/vibe-fs/vibe-fs/requirements/durable-convergence/tests/002.test.mjs","type":"runner:file-drained","elapsedMs":84451.646777}
check	Run verification	2026-10-05T18:22:53.7991944Z runner: file lifecycle {"entryFile":"/home/runner/work/vibe-fs/vibe-fs/requirements/durable-convergence/tests/003.test.mjs","pid":3076,"parentPid":3067,"type":"runner:file-start","elapsedMs":84453.944755}
check	Run verification	2026-10-05T18:22:54.2810622Z runner: file lifecycle {"entryFile":"/home/runner/work/vibe-fs/vibe-fs/requirements/durable-convergence/tests/003.test.mjs","type":"runner:file-drained","elapsedMs":84935.807304}
check	Run verification	2026-10-05T18:22:54.2839658Z runner: file lifecycle {"entryFile":"/home/runner/work/vibe-fs/vibe-fs/requirements/durable-convergence/tests/004.test.mjs","pid":3076,"parentPid":3067,"type":"runner:file-start","elapsedMs":84938.608445}
check	Run verification	2026-10-05T18:22:54.3254101Z runner: file lifecycle {"entryFile":"/home/runner/work/vibe-fs/vibe-fs/requirements/distribution/tests/007.test.mjs","type":"runner:file-drained","elapsedMs":84980.181282}
check	Run verification	2026-10-05T18:22:54.3279145Z runner: file lifecycle {"entryFile":"/home/runner/work/vibe-fs/vibe-fs/requirements/durable-convergence/tests/005.test.mjs","pid":3076,"parentPid":3067,"type":"runner:file-start","elapsedMs":84982.735004}
check	Run verification	2026-10-05T18:22:54.6016028Z runner: file lifecycle {"entryFile":"/home/runner/work/vibe-fs/vibe-fs/requirements/durable-convergence/tests/004.test.mjs","type":"runner:file-drained","elapsedMs":85256.343903}
check	Run verification	2026-10-05T18:22:54.6041942Z runner: file lifecycle {"entryFile":"/home/runner/work/vibe-fs/vibe-fs/requirements/durable-convergence/tests/006.test.mjs","pid":3076,"parentPid":3067,"type":"runner:file-start","elapsedMs":85259.065492}
check	Run verification	2026-10-05T18:22:54.6378362Z runner: file lifecycle {"entryFile":"/home/runner/work/vibe-fs/vibe-fs/requirements/durable-convergence/tests/005.test.mjs","type":"runner:file-drained","elapsedMs":85292.49264}
check	Run verification	2026-10-05T18:22:54.6401732Z runner: file lifecycle {"entryFile":"/home/runner/work/vibe-fs/vibe-fs/requirements/durable-convergence/tests/007.test.mjs","pid":3076,"parentPid":3067,"type":"runner:file-start","elapsedMs":85295.11021099999}
check	Run verification	2026-10-05T18:22:54.8952809Z runner: file lifecycle {"entryFile":"/home/runner/work/vibe-fs/vibe-fs/requirements/durable-convergence/tests/006.test.mjs","type":"runner:file-drained","elapsedMs":85549.667374}
check	Run verification	2026-10-05T18:22:54.8971092Z runner: file lifecycle {"entryFile":"/home/runner/work/vibe-fs/vibe-fs/requirements/durable-convergence/tests/008.test.mjs","pid":3076,"parentPid":3067,"type":"runner:file-start","elapsedMs":85551.883889}
check	Run verification	2026-10-05T18:22:55.0696187Z runner: file lifecycle {"entryFile":"/home/runner/work/vibe-fs/vibe-fs/requirements/durable-convergence/tests/007.test.mjs","type":"runner:file-drained","elapsedMs":85724.36541}
check	Run verification	2026-10-05T18:22:55.0718974Z runner: file lifecycle {"entryFile":"/home/runner/work/vibe-fs/vibe-fs/requirements/durable-convergence/tests/009.test.mjs","pid":3076,"parentPid":3067,"type":"runner:file-start","elapsedMs":85726.698337}
check	Run verification	2026-10-05T18:22:55.3937835Z runner: file lifecycle {"entryFile":"/home/runner/work/vibe-fs/vibe-fs/requirements/durable-convergence/tests/008.test.mjs","type":"runner:file-drained","elapsedMs":86048.496298}
check	Run verification	2026-10-05T18:22:55.3963088Z runner: file lifecycle {"entryFile":"/home/runner/work/vibe-fs/vibe-fs/requirements/durable-convergence/tests/010.test.mjs","pid":3076,"parentPid":3067,"type":"runner:file-start","elapsedMs":86051.12258}
check	Run verification	2026-10-05T18:22:55.4430717Z runner: file lifecycle {"entryFile":"/home/runner/work/vibe-fs/vibe-fs/requirements/durable-convergence/tests/009.test.mjs","type":"runner:file-drained","elapsedMs":86097.60756599999}
check	Run verification	2026-10-05T18:22:55.4448721Z runner: file lifecycle {"entryFile":"/home/runner/work/vibe-fs/vibe-fs/requirements/durable-convergence/tests/011.test.mjs","pid":3076,"parentPid":3067,"type":"runner:file-start","elapsedMs":86099.724515}
check	Run verification	2026-10-05T18:22:55.8557737Z runner: file lifecycle {"entryFile":"/home/runner/work/vibe-fs/vibe-fs/requirements/durable-convergence/tests/010.test.mjs","type":"runner:file-drained","elapsedMs":86510.498177}
check	Run verification	2026-10-05T18:22:55.8578018Z runner: file lifecycle {"entryFile":"/home/runner/work/vibe-fs/vibe-fs/requirements/durable-events/tests/001.test.mjs","pid":3076,"parentPid":3067,"type":"runner:file-start","elapsedMs":86512.608425}
check	Run verification	2026-10-05T18:22:56.1686698Z runner: file lifecycle {"entryFile":"/home/runner/work/vibe-fs/vibe-fs/requirements/durable-convergence/tests/011.test.mjs","type":"runner:file-drained","elapsedMs":86820.349735}
check	Run verification	2026-10-05T18:22:56.1699942Z runner: file lifecycle {"entryFile":"/home/runner/work/vibe-fs/vibe-fs/requirements/durable-events/tests/002.test.mjs","pid":3076,"parentPid":3067,"type":"runner:file-start","elapsedMs":86824.771606}
check	Run verification	2026-10-05T18:22:56.2300631Z runner: file lifecycle {"entryFile":"/home/runner/work/vibe-fs/vibe-fs/requirements/durable-events/tests/001.test.mjs","type":"runner:file-drained","elapsedMs":86884.75575}
check	Run verification	2026-10-05T18:22:56.2340531Z runner: file lifecycle {"entryFile":"/home/runner/work/vibe-fs/vibe-fs/requirements/durable-events/tests/003.test.mjs","pid":3076,"parentPid":3067,"type":"runner:file-start","elapsedMs":86887.001901}
check	Run verification	2026-10-05T18:22:56.6376498Z runner: file lifecycle {"entryFile":"/home/runner/work/vibe-fs/vibe-fs/requirements/durable-events/tests/003.test.mjs","type":"runner:file-drained","elapsedMs":87289.35579}
check	Run verification	2026-10-05T18:22:56.6393472Z runner: file lifecycle {"entryFile":"/home/runner/work/vibe-fs/vibe-fs/requirements/durable-events/tests/004.test.mjs","pid":3076,"parentPid":3067,"type":"runner:file-start","elapsedMs":87294.064186}
check	Run verification	2026-10-05T18:22:57.2538311Z runner: file lifecycle {"entryFile":"/home/runner/work/vibe-fs/vibe-fs/requirements/durable-events/tests/004.test.mjs","type":"runner:file-drained","elapsedMs":87908.521461}
check	Run verification	2026-10-05T18:22:57.2560668Z runner: file lifecycle {"entryFile":"/home/runner/work/vibe-fs/vibe-fs/requirements/durable-events/tests/005.test.mjs","pid":3076,"parentPid":3067,"type":"runner:file-start","elapsedMs":87910.901212}
check	Run verification	2026-10-05T18:22:57.7321335Z runner: file lifecycle {"entryFile":"/home/runner/work/vibe-fs/vibe-fs/requirements/durable-events/tests/005.test.mjs","type":"runner:file-drained","elapsedMs":88386.76686799999}
check	Run verification	2026-10-05T18:22:57.7345457Z runner: file lifecycle {"entryFile":"/home/runner/work/vibe-fs/vibe-fs/requirements/durable-events/tests/006.test.mjs","pid":3076,"parentPid":3067,"type":"runner:file-start","elapsedMs":88389.270807}
check	Run verification	2026-10-05T18:22:58.1343387Z runner: file lifecycle {"entryFile":"/home/runner/work/vibe-fs/vibe-fs/requirements/durable-events/tests/006.test.mjs","type":"runner:file-drained","elapsedMs":88789.097396}
check	Run verification	2026-10-05T18:22:58.1366735Z runner: file lifecycle {"entryFile":"/home/runner/work/vibe-fs/vibe-fs/requirements/durable-events/tests/007.test.mjs","pid":3076,"parentPid":3067,"type":"runner:file-start","elapsedMs":88791.506686}
check	Run verification	2026-10-05T18:22:58.4700765Z runner: file lifecycle {"entryFile":"/home/runner/work/vibe-fs/vibe-fs/requirements/durable-events/tests/007.test.mjs","type":"runner:file-drained","elapsedMs":89124.426849}
check	Run verification	2026-10-05T18:22:58.4717796Z runner: file lifecycle {"entryFile":"/home/runner/work/vibe-fs/vibe-fs/requirements/durable-events/tests/008.test.mjs","pid":3076,"parentPid":3067,"type":"runner:file-start","elapsedMs":89126.577941}
check	Run verification	2026-10-05T18:22:58.5846806Z runner: file lifecycle {"entryFile":"/home/runner/work/vibe-fs/vibe-fs/requirements/durable-events/tests/002.test.mjs","type":"runner:file-drained","elapsedMs":89239.434091}
check	Run verification	2026-10-05T18:22:58.5871083Z runner: file lifecycle {"entryFile":"/home/runner/work/vibe-fs/vibe-fs/requirements/durable-events/tests/009.test.mjs","pid":3076,"parentPid":3067,"type":"runner:file-start","elapsedMs":89241.880817}
check	Run verification	2026-10-05T18:22:58.7790473Z runner: file lifecycle {"entryFile":"/home/runner/work/vibe-fs/vibe-fs/requirements/durable-events/tests/008.test.mjs","type":"runner:file-drained","elapsedMs":89431.531185}
check	Run verification	2026-10-05T18:22:58.7810379Z runner: file lifecycle {"entryFile":"/home/runner/work/vibe-fs/vibe-fs/requirements/durable-events/tests/010.test.mjs","pid":3076,"parentPid":3067,"type":"runner:file-start","elapsedMs":89435.033015}
check	Run verification	2026-10-05T18:22:59.2230533Z runner: file lifecycle {"entryFile":"/home/runner/work/vibe-fs/vibe-fs/requirements/durable-events/tests/010.test.mjs","type":"runner:file-drained","elapsedMs":89877.081716}
check	Run verification	2026-10-05T18:22:59.2246013Z runner: file lifecycle {"entryFile":"/home/runner/work/vibe-fs/vibe-fs/requirements/durable-events/tests/011.test.mjs","pid":3076,"parentPid":3067,"type":"runner:file-start","elapsedMs":89879.420205}
check	Run verification	2026-10-05T18:22:59.6058511Z runner: file lifecycle {"entryFile":"/home/runner/work/vibe-fs/vibe-fs/requirements/durable-events/tests/011.test.mjs","type":"runner:file-drained","elapsedMs":90260.530015}
check	Run verification	2026-10-05T18:22:59.6080452Z runner: file lifecycle {"entryFile":"/home/runner/work/vibe-fs/vibe-fs/requirements/durable-events/tests/012.test.mjs","pid":3076,"parentPid":3067,"type":"runner:file-start","elapsedMs":90262.863971}
check	Run verification	2026-10-05T18:23:00.1424782Z runner: file lifecycle {"entryFile":"/home/runner/work/vibe-fs/vibe-fs/requirements/durable-events/tests/012.test.mjs","type":"runner:file-drained","elapsedMs":90796.903436}
check	Run verification	2026-10-05T18:23:00.1446280Z runner: file lifecycle {"entryFile":"/home/runner/work/vibe-fs/vibe-fs/requirements/durable-events/tests/013.test.mjs","pid":3076,"parentPid":3067,"type":"runner:file-start","elapsedMs":90799.422848}
check	Run verification	2026-10-05T18:23:00.8212163Z runner: file lifecycle {"entryFile":"/home/runner/work/vibe-fs/vibe-fs/requirements/durable-events/tests/013.test.mjs","type":"runner:file-drained","elapsedMs":91475.926438}
check	Run verification	2026-10-05T18:23:00.8238351Z runner: file lifecycle {"entryFile":"/home/runner/work/vibe-fs/vibe-fs/requirements/durable-events/tests/014.test.mjs","pid":3076,"parentPid":3067,"type":"runner:file-start","elapsedMs":91478.623047}
check	Run verification	2026-10-05T18:23:01.1149181Z runner: file lifecycle {"entryFile":"/home/runner/work/vibe-fs/vibe-fs/requirements/durable-events/tests/009.test.mjs","type":"runner:file-drained","elapsedMs":91769.56276}
check	Run verification	2026-10-05T18:23:01.1179985Z runner: file lifecycle {"entryFile":"/home/runner/work/vibe-fs/vibe-fs/requirements/durable-events/tests/015.test.mjs","pid":3076,"parentPid":3067,"type":"runner:file-start","elapsedMs":91772.373368}
check	Run verification	2026-10-05T18:23:01.3154233Z runner: file lifecycle {"entryFile":"/home/runner/work/vibe-fs/vibe-fs/requirements/durable-events/tests/014.test.mjs","type":"runner:file-drained","elapsedMs":91970.221624}
check	Run verification	2026-10-05T18:23:01.3178076Z runner: file lifecycle {"entryFile":"/home/runner/work/vibe-fs/vibe-fs/requirements/durable-events/tests/016.test.mjs","pid":3076,"parentPid":3067,"type":"runner:file-start","elapsedMs":91972.621019}
check	Run verification	2026-10-05T18:23:01.4214408Z runner: file lifecycle {"entryFile":"/home/runner/work/vibe-fs/vibe-fs/requirements/durable-events/tests/015.test.mjs","type":"runner:file-drained","elapsedMs":92076.272089}
check	Run verification	2026-10-05T18:23:01.4239453Z runner: file lifecycle {"entryFile":"/home/runner/work/vibe-fs/vibe-fs/requirements/durable-events/tests/017.test.mjs","pid":3076,"parentPid":3067,"type":"runner:file-start","elapsedMs":92078.786159}
check	Run verification	2026-10-05T18:23:01.7420875Z runner: file lifecycle {"entryFile":"/home/runner/work/vibe-fs/vibe-fs/requirements/durable-events/tests/017.test.mjs","type":"runner:file-drained","elapsedMs":92396.366903}
check	Run verification	2026-10-05T18:23:01.7442391Z runner: file lifecycle {"entryFile":"/home/runner/work/vibe-fs/vibe-fs/requirements/durable-events/tests/018.test.mjs","pid":3076,"parentPid":3067,"type":"runner:file-start","elapsedMs":92399.095348}
check	Run verification	2026-10-05T18:23:02.2472660Z runner: file lifecycle {"entryFile":"/home/runner/work/vibe-fs/vibe-fs/requirements/durable-events/tests/018.test.mjs","type":"runner:file-drained","elapsedMs":92902.031164}
check	Run verification	2026-10-05T18:23:02.2494249Z runner: file lifecycle {"entryFile":"/home/runner/work/vibe-fs/vibe-fs/requirements/durable-events/tests/019.test.mjs","pid":3076,"parentPid":3067,"type":"runner:file-start","elapsedMs":92904.236704}
check	Run verification	2026-10-05T18:23:03.5890427Z runner: file lifecycle {"entryFile":"/home/runner/work/vibe-fs/vibe-fs/requirements/durable-events/tests/016.test.mjs","type":"runner:file-drained","elapsedMs":94242.940511}
check	Run verification	2026-10-05T18:23:03.5903702Z runner: file lifecycle {"entryFile":"/home/runner/work/vibe-fs/vibe-fs/requirements/durable-events/tests/020.test.mjs","pid":3076,"parentPid":3067,"type":"runner:file-start","elapsedMs":94245.303952}
check	Run verification	2026-10-05T18:23:03.9824389Z runner: file lifecycle {"entryFile":"/home/runner/work/vibe-fs/vibe-fs/requirements/durable-events/tests/020.test.mjs","type":"runner:file-drained","elapsedMs":94637.237269}
check	Run verification	2026-10-05T18:23:03.9847157Z runner: file lifecycle {"entryFile":"/home/runner/work/vibe-fs/vibe-fs/requirements/durable-events/tests/021.test.mjs","pid":3076,"parentPid":3067,"type":"runner:file-start","elapsedMs":94639.512898}
check	Run verification	2026-10-05T18:23:04.3226502Z runner: file lifecycle {"entryFile":"/home/runner/work/vibe-fs/vibe-fs/requirements/durable-events/tests/021.test.mjs","type":"runner:file-drained","elapsedMs":94977.42333399999}
check	Run verification	2026-10-05T18:23:04.3251347Z runner: file lifecycle {"entryFile":"/home/runner/work/vibe-fs/vibe-fs/requirements/durable-events/tests/022.test.mjs","pid":3076,"parentPid":3067,"type":"runner:file-start","elapsedMs":94979.708409}
check	Run verification	2026-10-05T18:23:04.6073452Z runner: file lifecycle {"entryFile":"/home/runner/work/vibe-fs/vibe-fs/requirements/durable-events/tests/022.test.mjs","type":"runner:file-drained","elapsedMs":95262.034986}
check	Run verification	2026-10-05T18:23:04.6094952Z runner: file lifecycle {"entryFile":"/home/runner/work/vibe-fs/vibe-fs/requirements/durable-events/tests/023.test.mjs","pid":3076,"parentPid":3067,"type":"runner:file-start","elapsedMs":95264.32313599999}
check	Run verification	2026-10-05T18:23:04.7520444Z runner: file lifecycle {"entryFile":"/home/runner/work/vibe-fs/vibe-fs/requirements/durable-events/tests/019.test.mjs","type":"runner:file-drained","elapsedMs":95406.76246}
check	Run verification	2026-10-05T18:23:04.7541966Z runner: file lifecycle {"entryFile":"/home/runner/work/vibe-fs/vibe-fs/requirements/durable-events/tests/024.test.mjs","pid":3076,"parentPid":3067,"type":"runner:file-start","elapsedMs":95409.145628}
check	Run verification	2026-10-05T18:23:04.8189027Z runner: file lifecycle {"entryFile":"/home/runner/work/vibe-fs/vibe-fs/requirements/durable-events/tests/024.test.mjs","type":"runner:file-drained","elapsedMs":95473.544549}
check	Run verification	2026-10-05T18:23:04.8212665Z runner: file lifecycle {"entryFile":"/home/runner/work/vibe-fs/vibe-fs/requirements/durable-events/tests/025.test.mjs","pid":3076,"parentPid":3067,"type":"runner:file-start","elapsedMs":95476.03043299999}
check	Run verification	2026-10-05T18:23:05.2762210Z runner: file lifecycle {"entryFile":"/home/runner/work/vibe-fs/vibe-fs/requirements/durable-events/tests/025.test.mjs","type":"runner:file-drained","elapsedMs":95930.18349}
check	Run verification	2026-10-05T18:23:05.2774939Z runner: file lifecycle {"entryFile":"/home/runner/work/vibe-fs/vibe-fs/requirements/effect-accounting/tests/001.test.mjs","pid":3076,"parentPid":3067,"type":"runner:file-start","elapsedMs":95932.373717}
check	Run verification	2026-10-05T18:23:05.4522954Z runner: file lifecycle {"entryFile":"/home/runner/work/vibe-fs/vibe-fs/requirements/durable-events/tests/023.test.mjs","type":"runner:file-drained","elapsedMs":96107.1225}
check	Run verification	2026-10-05T18:23:05.4550129Z runner: file lifecycle {"entryFile":"/home/runner/work/vibe-fs/vibe-fs/requirements/effect-accounting/tests/002.test.mjs","pid":3076,"parentPid":3067,"type":"runner:file-start","elapsedMs":96109.806614}
check	Run verification	2026-10-05T18:23:05.5513830Z runner: file lifecycle {"entryFile":"/home/runner/work/vibe-fs/vibe-fs/requirements/effect-accounting/tests/001.test.mjs","type":"runner:file-drained","elapsedMs":96205.850049}
check	Run verification	2026-10-05T18:23:05.5531813Z runner: file lifecycle {"entryFile":"/home/runner/work/vibe-fs/vibe-fs/requirements/effect-accounting/tests/003.test.mjs","pid":3076,"parentPid":3067,"type":"runner:file-start","elapsedMs":96207.909672}
check	Run verification	2026-10-05T18:23:05.7400394Z runner: file lifecycle {"entryFile":"/home/runner/work/vibe-fs/vibe-fs/requirements/effect-accounting/tests/002.test.mjs","type":"runner:file-drained","elapsedMs":96393.233297}
check	Run verification	2026-10-05T18:23:05.7414287Z runner: file lifecycle {"entryFile":"/home/runner/work/vibe-fs/vibe-fs/requirements/effect-accounting/tests/004.test.mjs","pid":3076,"parentPid":3067,"type":"runner:file-start","elapsedMs":96396.302189}
check	Run verification	2026-10-05T18:23:05.9998515Z runner: file lifecycle {"entryFile":"/home/runner/work/vibe-fs/vibe-fs/requirements/effect-accounting/tests/004.test.mjs","type":"runner:file-drained","elapsedMs":96653.174785}
check	Run verification	2026-10-05T18:23:06.0010616Z runner: file lifecycle {"entryFile":"/home/runner/work/vibe-fs/vibe-fs/requirements/effect-accounting/tests/005.test.mjs","pid":3076,"parentPid":3067,"type":"runner:file-start","elapsedMs":96655.911905}
check	Run verification	2026-10-05T18:23:06.1805610Z fatal: not a git repository (or any of the parent directories): .git
check	Run verification	2026-10-05T18:23:06.2073997Z fatal: not a git repository (or any of the parent directories): .git
check	Run verification	2026-10-05T18:23:06.2724593Z runner: file lifecycle {"entryFile":"/home/runner/work/vibe-fs/vibe-fs/requirements/effect-accounting/tests/003.test.mjs","type":"runner:file-drained","elapsedMs":96927.049959}
check	Run verification	2026-10-05T18:23:06.2744812Z runner: file lifecycle {"entryFile":"/home/runner/work/vibe-fs/vibe-fs/requirements/effect-accounting/tests/006.test.mjs","pid":3076,"parentPid":3067,"type":"runner:file-start","elapsedMs":96929.27936}
check	Run verification	2026-10-05T18:23:06.5709456Z runner: file lifecycle {"entryFile":"/home/runner/work/vibe-fs/vibe-fs/requirements/effect-accounting/tests/005.test.mjs","type":"runner:file-drained","elapsedMs":97225.368791}
check	Run verification	2026-10-05T18:23:06.5729127Z runner: file lifecycle {"entryFile":"/home/runner/work/vibe-fs/vibe-fs/requirements/effect-accounting/tests/007.test.mjs","pid":3076,"parentPid":3067,"type":"runner:file-start","elapsedMs":97227.662026}
check	Run verification	2026-10-05T18:23:06.7912683Z runner: file lifecycle {"entryFile":"/home/runner/work/vibe-fs/vibe-fs/requirements/effect-accounting/tests/006.test.mjs","type":"runner:file-drained","elapsedMs":97445.590297}
check	Run verification	2026-10-05T18:23:06.7940394Z runner: file lifecycle {"entryFile":"/home/runner/work/vibe-fs/vibe-fs/requirements/effect-accounting/tests/008.test.mjs","pid":3076,"parentPid":3067,"type":"runner:file-start","elapsedMs":97448.811924}
check	Run verification	2026-10-05T18:23:06.9480958Z runner: file lifecycle {"entryFile":"/home/runner/work/vibe-fs/vibe-fs/requirements/effect-accounting/tests/007.test.mjs","type":"runner:file-drained","elapsedMs":97602.829417}
check	Run verification	2026-10-05T18:23:06.9499637Z runner: file lifecycle {"entryFile":"/home/runner/work/vibe-fs/vibe-fs/requirements/effect-accounting/tests/010.test.mjs","pid":3076,"parentPid":3067,"type":"runner:file-start","elapsedMs":97604.79613}
check	Run verification	2026-10-05T18:23:07.1131749Z runner: file lifecycle {"entryFile":"/home/runner/work/vibe-fs/vibe-fs/requirements/effect-accounting/tests/010.test.mjs","type":"runner:file-drained","elapsedMs":97767.915481}
check	Run verification	2026-10-05T18:23:07.1151665Z runner: file lifecycle {"entryFile":"/home/runner/work/vibe-fs/vibe-fs/requirements/effect-accounting/tests/012.test.mjs","pid":3076,"parentPid":3067,"type":"runner:file-start","elapsedMs":97770.015733}
check	Run verification	2026-10-05T18:23:07.3999639Z runner: file lifecycle {"entryFile":"/home/runner/work/vibe-fs/vibe-fs/requirements/effect-accounting/tests/012.test.mjs","type":"runner:file-drained","elapsedMs":98054.627595}
check	Run verification	2026-10-05T18:23:07.4031127Z runner: file lifecycle {"entryFile":"/home/runner/work/vibe-fs/vibe-fs/requirements/execution-failure-policy/tests/001.test.mjs","pid":3076,"parentPid":3067,"type":"runner:file-start","elapsedMs":98057.013706}
check	Run verification	2026-10-05T18:23:07.5140799Z runner: file lifecycle {"entryFile":"/home/runner/work/vibe-fs/vibe-fs/requirements/execution-failure-policy/tests/001.test.mjs","type":"runner:file-drained","elapsedMs":98168.74754699999}
check	Run verification	2026-10-05T18:23:07.5161616Z runner: file lifecycle {"entryFile":"/home/runner/work/vibe-fs/vibe-fs/requirements/execution-failure-policy/tests/002.test.mjs","pid":3076,"parentPid":3067,"type":"runner:file-start","elapsedMs":98170.887595}
check	Run verification	2026-10-05T18:23:08.0126385Z runner: file lifecycle {"entryFile":"/home/runner/work/vibe-fs/vibe-fs/requirements/effect-accounting/tests/008.test.mjs","type":"runner:file-drained","elapsedMs":98665.88894799999}
check	Run verification	2026-10-05T18:23:08.0142657Z runner: file lifecycle {"entryFile":"/home/runner/work/vibe-fs/vibe-fs/requirements/execution-failure-policy/tests/003.test.mjs","pid":3076,"parentPid":3067,"type":"runner:file-start","elapsedMs":98669.102883}
check	Run verification	2026-10-05T18:23:08.4320629Z runner: file lifecycle {"entryFile":"/home/runner/work/vibe-fs/vibe-fs/requirements/execution-failure-policy/tests/002.test.mjs","type":"runner:file-drained","elapsedMs":99085.354678}
check	Run verification	2026-10-05T18:23:08.4380598Z runner: file lifecycle {"entryFile":"/home/runner/work/vibe-fs/vibe-fs/requirements/execution-failure-policy/tests/004.test.mjs","pid":3076,"parentPid":3067,"type":"runner:file-start","elapsedMs":99091.045448}
check	Run verification	2026-10-05T18:23:08.5825327Z runner: file lifecycle {"entryFile":"/home/runner/work/vibe-fs/vibe-fs/requirements/execution-failure-policy/tests/004.test.mjs","type":"runner:file-drained","elapsedMs":99237.336884}
check	Run verification	2026-10-05T18:23:08.5850786Z runner: file lifecycle {"entryFile":"/home/runner/work/vibe-fs/vibe-fs/requirements/execution-failure-policy/tests/005.test.mjs","pid":3076,"parentPid":3067,"type":"runner:file-start","elapsedMs":99239.802213}
check	Run verification	2026-10-05T18:23:08.6849885Z runner: file lifecycle {"entryFile":"/home/runner/work/vibe-fs/vibe-fs/requirements/execution-failure-policy/tests/005.test.mjs","type":"runner:file-drained","elapsedMs":99338.841582}
check	Run verification	2026-10-05T18:23:08.6865647Z runner: file lifecycle {"entryFile":"/home/runner/work/vibe-fs/vibe-fs/requirements/execution-failure-policy/tests/006.test.mjs","pid":3076,"parentPid":3067,"type":"runner:file-start","elapsedMs":99341.394395}
check	Run verification	2026-10-05T18:23:08.8870927Z runner: file lifecycle {"entryFile":"/home/runner/work/vibe-fs/vibe-fs/requirements/execution-failure-policy/tests/003.test.mjs","type":"runner:file-drained","elapsedMs":99541.896089}
check	Run verification	2026-10-05T18:23:08.8897091Z runner: file lifecycle {"entryFile":"/home/runner/work/vibe-fs/vibe-fs/requirements/execution-failure-policy/tests/007.test.mjs","pid":3076,"parentPid":3067,"type":"runner:file-start","elapsedMs":99544.553808}
check	Run verification	2026-10-05T18:23:09.1810767Z runner: file lifecycle {"entryFile":"/home/runner/work/vibe-fs/vibe-fs/requirements/execution-failure-policy/tests/007.test.mjs","type":"runner:file-drained","elapsedMs":99835.911888}
check	Run verification	2026-10-05T18:23:09.1860125Z runner: file lifecycle {"entryFile":"/home/runner/work/vibe-fs/vibe-fs/requirements/execution-failure-policy/tests/008.test.mjs","pid":3076,"parentPid":3067,"type":"runner:file-start","elapsedMs":99840.057363}
check	Run verification	2026-10-05T18:23:09.4727923Z runner: file lifecycle {"entryFile":"/home/runner/work/vibe-fs/vibe-fs/requirements/execution-failure-policy/tests/008.test.mjs","type":"runner:file-drained","elapsedMs":100127.544045}
check	Run verification	2026-10-05T18:23:09.4749510Z runner: file lifecycle {"entryFile":"/home/runner/work/vibe-fs/vibe-fs/requirements/execution-failure-policy/tests/009.test.mjs","pid":3076,"parentPid":3067,"type":"runner:file-start","elapsedMs":100129.766558}
check	Run verification	2026-10-05T18:23:09.5739060Z runner: file lifecycle {"entryFile":"/home/runner/work/vibe-fs/vibe-fs/requirements/execution-failure-policy/tests/006.test.mjs","type":"runner:file-drained","elapsedMs":100228.622326}
check	Run verification	2026-10-05T18:23:09.5761815Z runner: file lifecycle {"entryFile":"/home/runner/work/vibe-fs/vibe-fs/requirements/execution-failure-policy/tests/010.test.mjs","pid":3076,"parentPid":3067,"type":"runner:file-start","elapsedMs":100230.930059}
check	Run verification	2026-10-05T18:23:09.5779886Z runner: file lifecycle {"entryFile":"/home/runner/work/vibe-fs/vibe-fs/requirements/execution-failure-policy/tests/009.test.mjs","type":"runner:file-drained","elapsedMs":100231.762933}
check	Run verification	2026-10-05T18:23:09.5801850Z runner: file lifecycle {"entryFile":"/home/runner/work/vibe-fs/vibe-fs/requirements/execution-failure-policy/tests/011.test.mjs","pid":3076,"parentPid":3067,"type":"runner:file-start","elapsedMs":100234.643753}
check	Run verification	2026-10-05T18:23:10.4442423Z runner: file lifecycle {"entryFile":"/home/runner/work/vibe-fs/vibe-fs/requirements/execution-failure-policy/tests/011.test.mjs","type":"runner:file-drained","elapsedMs":101098.93156699999}
check	Run verification	2026-10-05T18:23:10.4465557Z runner: file lifecycle {"entryFile":"/home/runner/work/vibe-fs/vibe-fs/requirements/execution-failure-policy/tests/012.test.mjs","pid":3076,"parentPid":3067,"type":"runner:file-start","elapsedMs":101101.323723}
check	Run verification	2026-10-05T18:23:10.5570712Z runner: file lifecycle {"entryFile":"/home/runner/work/vibe-fs/vibe-fs/requirements/execution-failure-policy/tests/010.test.mjs","type":"runner:file-drained","elapsedMs":101210.067562}
check	Run verification	2026-10-05T18:23:10.5581729Z runner: file lifecycle {"entryFile":"/home/runner/work/vibe-fs/vibe-fs/requirements/execution-failure-policy/tests/013.test.mjs","pid":3076,"parentPid":3067,"type":"runner:file-start","elapsedMs":101212.906905}
check	Run verification	2026-10-05T18:23:10.6704945Z runner: file lifecycle {"entryFile":"/home/runner/work/vibe-fs/vibe-fs/requirements/execution-failure-policy/tests/013.test.mjs","type":"runner:file-drained","elapsedMs":101325.22743}
check	Run verification	2026-10-05T18:23:10.6728856Z runner: file lifecycle {"entryFile":"/home/runner/work/vibe-fs/vibe-fs/requirements/execution-failure-policy/tests/014.test.mjs","pid":3076,"parentPid":3067,"type":"runner:file-start","elapsedMs":101327.649384}
check	Run verification	2026-10-05T18:23:10.7538105Z runner: file lifecycle {"entryFile":"/home/runner/work/vibe-fs/vibe-fs/requirements/execution-failure-policy/tests/014.test.mjs","type":"runner:file-drained","elapsedMs":101408.576815}
check	Run verification	2026-10-05T18:23:10.7643512Z runner: file lifecycle {"entryFile":"/home/runner/work/vibe-fs/vibe-fs/requirements/execution-model-routing/tests/001.test.mjs","pid":3076,"parentPid":3067,"type":"runner:file-start","elapsedMs":101418.185427}
check	Run verification	2026-10-05T18:23:10.7971770Z runner: file lifecycle {"entryFile":"/home/runner/work/vibe-fs/vibe-fs/requirements/execution-failure-policy/tests/012.test.mjs","type":"runner:file-drained","elapsedMs":101451.904373}
check	Run verification	2026-10-05T18:23:10.7993537Z runner: file lifecycle {"entryFile":"/home/runner/work/vibe-fs/vibe-fs/requirements/execution-model-routing/tests/002.test.mjs","pid":3076,"parentPid":3067,"type":"runner:file-start","elapsedMs":101454.230477}
check	Run verification	2026-10-05T18:23:10.9072584Z runner: file lifecycle {"entryFile":"/home/runner/work/vibe-fs/vibe-fs/requirements/execution-model-routing/tests/001.test.mjs","type":"runner:file-drained","elapsedMs":101561.873769}
check	Run verification	2026-10-05T18:23:10.9106517Z runner: file lifecycle {"entryFile":"/home/runner/work/vibe-fs/vibe-fs/requirements/execution-model-routing/tests/003.test.mjs","pid":3076,"parentPid":3067,"type":"runner:file-start","elapsedMs":101565.442703}
check	Run verification	2026-10-05T18:23:11.0072842Z runner: file lifecycle {"entryFile":"/home/runner/work/vibe-fs/vibe-fs/requirements/execution-model-routing/tests/002.test.mjs","type":"runner:file-drained","elapsedMs":101662.024208}
check	Run verification	2026-10-05T18:23:11.0093753Z runner: file lifecycle {"entryFile":"/home/runner/work/vibe-fs/vibe-fs/requirements/execution-model-routing/tests/004.test.mjs","pid":3076,"parentPid":3067,"type":"runner:file-start","elapsedMs":101664.18777}
check	Run verification	2026-10-05T18:23:11.1948493Z runner: file lifecycle {"entryFile":"/home/runner/work/vibe-fs/vibe-fs/requirements/execution-model-routing/tests/004.test.mjs","type":"runner:file-drained","elapsedMs":101849.536643}
check	Run verification	2026-10-05T18:23:11.1991080Z runner: file lifecycle {"entryFile":"/home/runner/work/vibe-fs/vibe-fs/requirements/execution-model-routing/tests/005.test.mjs","pid":3076,"parentPid":3067,"type":"runner:file-start","elapsedMs":101852.041075}
check	Run verification	2026-10-05T18:23:11.3510102Z runner: file lifecycle {"entryFile":"/home/runner/work/vibe-fs/vibe-fs/requirements/execution-model-routing/tests/005.test.mjs","type":"runner:file-drained","elapsedMs":102005.103198}
check	Run verification	2026-10-05T18:23:11.3546406Z runner: file lifecycle {"entryFile":"/home/runner/work/vibe-fs/vibe-fs/requirements/execution-model-routing/tests/006.test.mjs","pid":3076,"parentPid":3067,"type":"runner:file-start","elapsedMs":102007.184997}
check	Run verification	2026-10-05T18:23:11.5452661Z runner: file lifecycle {"entryFile":"/home/runner/work/vibe-fs/vibe-fs/requirements/execution-model-routing/tests/006.test.mjs","type":"runner:file-drained","elapsedMs":102200.009495}
check	Run verification	2026-10-05T18:23:11.5500826Z runner: file lifecycle {"entryFile":"/home/runner/work/vibe-fs/vibe-fs/requirements/execution-model-routing/tests/007.test.mjs","pid":3076,"parentPid":3067,"type":"runner:file-start","elapsedMs":102203.068879}
check	Run verification	2026-10-05T18:23:11.7006433Z runner: file lifecycle {"entryFile":"/home/runner/work/vibe-fs/vibe-fs/requirements/execution-model-routing/tests/007.test.mjs","type":"runner:file-drained","elapsedMs":102355.363833}
check	Run verification	2026-10-05T18:23:11.7060885Z runner: file lifecycle {"entryFile":"/home/runner/work/vibe-fs/vibe-fs/requirements/execution-model-routing/tests/008.test.mjs","pid":3076,"parentPid":3067,"type":"runner:file-start","elapsedMs":102358.043985}
check	Run verification	2026-10-05T18:23:13.4065566Z runner: file lifecycle {"entryFile":"/home/runner/work/vibe-fs/vibe-fs/requirements/execution-model-routing/tests/008.test.mjs","type":"runner:file-drained","elapsedMs":104061.231672}
check	Run verification	2026-10-05T18:23:13.4091666Z runner: file lifecycle {"entryFile":"/home/runner/work/vibe-fs/vibe-fs/requirements/execution-model-routing/tests/009.test.mjs","pid":3076,"parentPid":3067,"type":"runner:file-start","elapsedMs":104063.921263}
check	Run verification	2026-10-05T18:23:14.9307188Z runner: file lifecycle {"entryFile":"/home/runner/work/vibe-fs/vibe-fs/requirements/execution-model-routing/tests/003.test.mjs","type":"runner:file-drained","elapsedMs":105584.84654}
check	Run verification	2026-10-05T18:23:14.9337810Z runner: file lifecycle {"entryFile":"/home/runner/work/vibe-fs/vibe-fs/requirements/execution-model-routing/tests/010.test.mjs","pid":3076,"parentPid":3067,"type":"runner:file-start","elapsedMs":105588.498575}
check	Run verification	2026-10-05T18:23:15.6369617Z runner: file lifecycle {"entryFile":"/home/runner/work/vibe-fs/vibe-fs/requirements/execution-model-routing/tests/009.test.mjs","type":"runner:file-drained","elapsedMs":106291.644444}
check	Run verification	2026-10-05T18:23:15.6391919Z runner: file lifecycle {"entryFile":"/home/runner/work/vibe-fs/vibe-fs/requirements/execution-model-routing/tests/011.test.mjs","pid":3076,"parentPid":3067,"type":"runner:file-start","elapsedMs":106294.140218}
check	Run verification	2026-10-05T18:23:15.7043668Z runner: file lifecycle {"entryFile":"/home/runner/work/vibe-fs/vibe-fs/requirements/execution-model-routing/tests/011.test.mjs","type":"runner:file-drained","elapsedMs":106359.046716}
check	Run verification	2026-10-05T18:23:15.7069474Z runner: file lifecycle {"entryFile":"/home/runner/work/vibe-fs/vibe-fs/requirements/execution-model-routing/tests/012.test.mjs","pid":3076,"parentPid":3067,"type":"runner:file-start","elapsedMs":106361.696469}
check	Run verification	2026-10-05T18:23:15.9127029Z runner: file lifecycle {"entryFile":"/home/runner/work/vibe-fs/vibe-fs/requirements/execution-model-routing/tests/012.test.mjs","type":"runner:file-drained","elapsedMs":106567.492013}
check	Run verification	2026-10-05T18:23:15.9154308Z runner: file lifecycle {"entryFile":"/home/runner/work/vibe-fs/vibe-fs/requirements/execution-model-routing/tests/013.test.mjs","pid":3076,"parentPid":3067,"type":"runner:file-start","elapsedMs":106570.201797}
check	Run verification	2026-10-05T18:23:16.1010736Z runner: file lifecycle {"entryFile":"/home/runner/work/vibe-fs/vibe-fs/requirements/execution-model-routing/tests/013.test.mjs","type":"runner:file-drained","elapsedMs":106755.574853}
check	Run verification	2026-10-05T18:23:16.1035721Z runner: file lifecycle {"entryFile":"/home/runner/work/vibe-fs/vibe-fs/requirements/execution-model-routing/tests/014.test.mjs","pid":3076,"parentPid":3067,"type":"runner:file-start","elapsedMs":106757.934407}
check	Run verification	2026-10-05T18:23:16.1532583Z runner: file lifecycle {"entryFile":"/home/runner/work/vibe-fs/vibe-fs/requirements/execution-model-routing/tests/010.test.mjs","type":"runner:file-drained","elapsedMs":106807.95275699999}
check	Run verification	2026-10-05T18:23:16.1557719Z runner: file lifecycle {"entryFile":"/home/runner/work/vibe-fs/vibe-fs/requirements/execution-model-routing/tests/015.test.mjs","pid":3076,"parentPid":3067,"type":"runner:file-start","elapsedMs":106810.518563}
check	Run verification	2026-10-05T18:23:16.3324754Z runner: file lifecycle {"entryFile":"/home/runner/work/vibe-fs/vibe-fs/requirements/execution-model-routing/tests/015.test.mjs","type":"runner:file-drained","elapsedMs":106987.236783}
check	Run verification	2026-10-05T18:23:16.3360698Z runner: file lifecycle {"entryFile":"/home/runner/work/vibe-fs/vibe-fs/requirements/execution-model-routing/tests/016.test.mjs","pid":3076,"parentPid":3067,"type":"runner:file-start","elapsedMs":106988.996189}
check	Run verification	2026-10-05T18:23:16.4056080Z runner: file lifecycle {"entryFile":"/home/runner/work/vibe-fs/vibe-fs/requirements/execution-model-routing/tests/016.test.mjs","type":"runner:file-drained","elapsedMs":107060.317312}
check	Run verification	2026-10-05T18:23:16.4079996Z runner: file lifecycle {"entryFile":"/home/runner/work/vibe-fs/vibe-fs/requirements/execution-model-routing/tests/017.test.mjs","pid":3076,"parentPid":3067,"type":"runner:file-start","elapsedMs":107062.791801}
check	Run verification	2026-10-05T18:23:16.5944659Z runner: file lifecycle {"entryFile":"/home/runner/work/vibe-fs/vibe-fs/requirements/execution-model-routing/tests/017.test.mjs","type":"runner:file-drained","elapsedMs":107249.159807}
check	Run verification	2026-10-05T18:23:16.5971557Z runner: file lifecycle {"entryFile":"/home/runner/work/vibe-fs/vibe-fs/requirements/execution-model-routing/tests/018.test.mjs","pid":3076,"parentPid":3067,"type":"runner:file-start","elapsedMs":107251.500368}
check	Run verification	2026-10-05T18:23:16.7685434Z runner: file lifecycle {"entryFile":"/home/runner/work/vibe-fs/vibe-fs/requirements/execution-model-routing/tests/018.test.mjs","type":"runner:file-drained","elapsedMs":107423.279312}
check	Run verification	2026-10-05T18:23:16.7708737Z runner: file lifecycle {"entryFile":"/home/runner/work/vibe-fs/vibe-fs/requirements/execution-model-routing/tests/019.test.mjs","pid":3076,"parentPid":3067,"type":"runner:file-start","elapsedMs":107425.667751}
check	Run verification	2026-10-05T18:23:16.9317270Z runner: file lifecycle {"entryFile":"/home/runner/work/vibe-fs/vibe-fs/requirements/execution-model-routing/tests/019.test.mjs","type":"runner:file-drained","elapsedMs":107586.512615}
check	Run verification	2026-10-05T18:23:16.9345063Z runner: file lifecycle {"entryFile":"/home/runner/work/vibe-fs/vibe-fs/requirements/execution-model-routing/tests/020.test.mjs","pid":3076,"parentPid":3067,"type":"runner:file-start","elapsedMs":107589.233832}
check	Run verification	2026-10-05T18:23:17.1319479Z runner: file lifecycle {"entryFile":"/home/runner/work/vibe-fs/vibe-fs/requirements/execution-model-routing/tests/020.test.mjs","type":"runner:file-drained","elapsedMs":107784.946342}
check	Run verification	2026-10-05T18:23:17.1325539Z runner: file lifecycle {"entryFile":"/home/runner/work/vibe-fs/vibe-fs/requirements/feature-ablation/tests/001.test.mjs","pid":3076,"parentPid":3067,"type":"runner:file-start","elapsedMs":107787.452674}
check	Run verification	2026-10-05T18:23:18.1204387Z runner: file lifecycle {"entryFile":"/home/runner/work/vibe-fs/vibe-fs/requirements/feature-ablation/tests/001.test.mjs","type":"runner:file-drained","elapsedMs":108774.923196}
check	Run verification	2026-10-05T18:23:18.1228184Z runner: file lifecycle {"entryFile":"/home/runner/work/vibe-fs/vibe-fs/requirements/feature-ablation/tests/002.test.mjs","pid":3076,"parentPid":3067,"type":"runner:file-start","elapsedMs":108777.64408}
check	Run verification	2026-10-05T18:23:18.5504551Z runner: file lifecycle {"entryFile":"/home/runner/work/vibe-fs/vibe-fs/requirements/feature-ablation/tests/002.test.mjs","type":"runner:file-drained","elapsedMs":109205.20273399999}
check	Run verification	2026-10-05T18:23:18.5528146Z runner: file lifecycle {"entryFile":"/home/runner/work/vibe-fs/vibe-fs/requirements/feature-ablation/tests/003.test.mjs","pid":3076,"parentPid":3067,"type":"runner:file-start","elapsedMs":109207.678198}
check	Run verification	2026-10-05T18:23:19.2298437Z runner: file lifecycle {"entryFile":"/home/runner/work/vibe-fs/vibe-fs/requirements/feature-ablation/tests/003.test.mjs","type":"runner:file-drained","elapsedMs":109884.588794}
check	Run verification	2026-10-05T18:23:19.2324284Z runner: file lifecycle {"entryFile":"/home/runner/work/vibe-fs/vibe-fs/requirements/feature-ablation/tests/004.test.mjs","pid":3076,"parentPid":3067,"type":"runner:file-start","elapsedMs":109887.237648}
check	Run verification	2026-10-05T18:23:20.1184382Z runner: file lifecycle {"entryFile":"/home/runner/work/vibe-fs/vibe-fs/requirements/feature-ablation/tests/004.test.mjs","type":"runner:file-drained","elapsedMs":110772.765379}
check	Run verification	2026-10-05T18:23:20.1205060Z runner: file lifecycle {"entryFile":"/home/runner/work/vibe-fs/vibe-fs/requirements/guidance-delivery/tests/001.test.mjs","pid":3076,"parentPid":3067,"type":"runner:file-start","elapsedMs":110775.355337}
check	Run verification	2026-10-05T18:23:20.6631189Z runner: file lifecycle {"entryFile":"/home/runner/work/vibe-fs/vibe-fs/requirements/guidance-delivery/tests/001.test.mjs","type":"runner:file-drained","elapsedMs":111317.841658}
check	Run verification	2026-10-05T18:23:20.6652758Z runner: file lifecycle {"entryFile":"/home/runner/work/vibe-fs/vibe-fs/requirements/guidance-delivery/tests/002.test.mjs","pid":3076,"parentPid":3067,"type":"runner:file-start","elapsedMs":111320.13514}
check	Run verification	2026-10-05T18:23:21.2671312Z runner: file lifecycle {"entryFile":"/home/runner/work/vibe-fs/vibe-fs/requirements/guidance-delivery/tests/002.test.mjs","type":"runner:file-drained","elapsedMs":111921.868452}
check	Run verification	2026-10-05T18:23:21.2695159Z runner: file lifecycle {"entryFile":"/home/runner/work/vibe-fs/vibe-fs/requirements/guidance-delivery/tests/003.test.mjs","pid":3076,"parentPid":3067,"type":"runner:file-start","elapsedMs":111924.414492}
check	Run verification	2026-10-05T18:23:21.6940056Z runner: file lifecycle {"entryFile":"/home/runner/work/vibe-fs/vibe-fs/requirements/execution-model-routing/tests/014.test.mjs","type":"runner:file-drained","elapsedMs":112344.072441}
check	Run verification	2026-10-05T18:23:21.6969000Z runner: file lifecycle {"entryFile":"/home/runner/work/vibe-fs/vibe-fs/requirements/guidance-delivery/tests/004.test.mjs","pid":3076,"parentPid":3067,"type":"runner:file-start","elapsedMs":112345.9368}
check	Run verification	2026-10-05T18:23:21.8281668Z runner: file lifecycle {"entryFile":"/home/runner/work/vibe-fs/vibe-fs/requirements/guidance-delivery/tests/003.test.mjs","type":"runner:file-drained","elapsedMs":112481.858972}
check	Run verification	2026-10-05T18:23:21.8302263Z runner: file lifecycle {"entryFile":"/home/runner/work/vibe-fs/vibe-fs/requirements/guidance-delivery/tests/005.test.mjs","pid":3076,"parentPid":3067,"type":"runner:file-start","elapsedMs":112485.195118}
check	Run verification	2026-10-05T18:23:22.3168699Z runner: file lifecycle {"entryFile":"/home/runner/work/vibe-fs/vibe-fs/requirements/guidance-delivery/tests/004.test.mjs","type":"runner:file-drained","elapsedMs":112971.519368}
check	Run verification	2026-10-05T18:23:22.3203345Z runner: file lifecycle {"entryFile":"/home/runner/work/vibe-fs/vibe-fs/requirements/guidance-delivery/tests/006.test.mjs","pid":3076,"parentPid":3067,"type":"runner:file-start","elapsedMs":112975.015111}
check	Run verification	2026-10-05T18:23:22.4842292Z runner: file lifecycle {"entryFile":"/home/runner/work/vibe-fs/vibe-fs/requirements/guidance-delivery/tests/005.test.mjs","type":"runner:file-drained","elapsedMs":113138.950246}
check	Run verification	2026-10-05T18:23:22.4853827Z runner: file lifecycle {"entryFile":"/home/runner/work/vibe-fs/vibe-fs/requirements/guidance-delivery/tests/007.test.mjs","pid":3076,"parentPid":3067,"type":"runner:file-start","elapsedMs":113140.082234}
check	Run verification	2026-10-05T18:23:22.9660172Z runner: file lifecycle {"entryFile":"/home/runner/work/vibe-fs/vibe-fs/requirements/guidance-delivery/tests/006.test.mjs","type":"runner:file-drained","elapsedMs":113620.092602}
check	Run verification	2026-10-05T18:23:22.9750176Z runner: file lifecycle {"entryFile":"/home/runner/work/vibe-fs/vibe-fs/requirements/guidance-delivery/tests/008.test.mjs","pid":3076,"parentPid":3067,"type":"runner:file-start","elapsedMs":113628.080361}
check	Run verification	2026-10-05T18:23:23.1376992Z runner: file lifecycle {"entryFile":"/home/runner/work/vibe-fs/vibe-fs/requirements/guidance-delivery/tests/007.test.mjs","type":"runner:file-drained","elapsedMs":113792.398494}
check	Run verification	2026-10-05T18:23:23.1440447Z runner: file lifecycle {"entryFile":"/home/runner/work/vibe-fs/vibe-fs/requirements/guidance-delivery/tests/009.test.mjs","pid":3076,"parentPid":3067,"type":"runner:file-start","elapsedMs":113797.699098}
check	Run verification	2026-10-05T18:23:23.5294044Z runner: file lifecycle {"entryFile":"/home/runner/work/vibe-fs/vibe-fs/requirements/guidance-delivery/tests/009.test.mjs","type":"runner:file-drained","elapsedMs":114184.079364}
check	Run verification	2026-10-05T18:23:23.5315395Z runner: file lifecycle {"entryFile":"/home/runner/work/vibe-fs/vibe-fs/requirements/guidance-delivery/tests/011.test.mjs","pid":3076,"parentPid":3067,"type":"runner:file-start","elapsedMs":114186.290195}
check	Run verification	2026-10-05T18:23:23.6501460Z runner: file lifecycle {"entryFile":"/home/runner/work/vibe-fs/vibe-fs/requirements/guidance-delivery/tests/008.test.mjs","type":"runner:file-drained","elapsedMs":114303.552651}
check	Run verification	2026-10-05T18:23:23.6532797Z runner: file lifecycle {"entryFile":"/home/runner/work/vibe-fs/vibe-fs/requirements/guidance-delivery/tests/012.test.mjs","pid":3076,"parentPid":3067,"type":"runner:file-start","elapsedMs":114307.724375}
check	Run verification	2026-10-05T18:23:23.7633148Z runner: file lifecycle {"entryFile":"/home/runner/work/vibe-fs/vibe-fs/requirements/guidance-delivery/tests/012.test.mjs","type":"runner:file-drained","elapsedMs":114418.153334}
check	Run verification	2026-10-05T18:23:23.7659607Z runner: file lifecycle {"entryFile":"/home/runner/work/vibe-fs/vibe-fs/requirements/host-boundary/tests/001.test.mjs","pid":3076,"parentPid":3067,"type":"runner:file-start","elapsedMs":114420.723065}
check	Run verification	2026-10-05T18:23:23.9544860Z runner: file lifecycle {"entryFile":"/home/runner/work/vibe-fs/vibe-fs/requirements/host-boundary/tests/001.test.mjs","type":"runner:file-drained","elapsedMs":114609.140761}
check	Run verification	2026-10-05T18:23:23.9600412Z runner: file lifecycle {"entryFile":"/home/runner/work/vibe-fs/vibe-fs/requirements/host-boundary/tests/002.test.mjs","pid":3076,"parentPid":3067,"type":"runner:file-start","elapsedMs":114613.553607}
check	Run verification	2026-10-05T18:23:24.0397101Z runner: file lifecycle {"entryFile":"/home/runner/work/vibe-fs/vibe-fs/requirements/guidance-delivery/tests/011.test.mjs","type":"runner:file-drained","elapsedMs":114694.44532299999}
check	Run verification	2026-10-05T18:23:24.0420226Z runner: file lifecycle {"entryFile":"/home/runner/work/vibe-fs/vibe-fs/requirements/host-boundary/tests/003.test.mjs","pid":3076,"parentPid":3067,"type":"runner:file-start","elapsedMs":114696.78277199999}
check	Run verification	2026-10-05T18:23:24.1020551Z runner: file lifecycle {"entryFile":"/home/runner/work/vibe-fs/vibe-fs/requirements/host-boundary/tests/002.test.mjs","type":"runner:file-drained","elapsedMs":114756.269692}
check	Run verification	2026-10-05T18:23:24.1047725Z runner: file lifecycle {"entryFile":"/home/runner/work/vibe-fs/vibe-fs/requirements/host-boundary/tests/004.test.mjs","pid":3076,"parentPid":3067,"type":"runner:file-start","elapsedMs":114759.615445}
check	Run verification	2026-10-05T18:23:24.2564629Z runner: file lifecycle {"entryFile":"/home/runner/work/vibe-fs/vibe-fs/requirements/host-boundary/tests/004.test.mjs","type":"runner:file-drained","elapsedMs":114911.223513}
check	Run verification	2026-10-05T18:23:24.2586809Z runner: file lifecycle {"entryFile":"/home/runner/work/vibe-fs/vibe-fs/requirements/host-boundary/tests/005.test.mjs","pid":3076,"parentPid":3067,"type":"runner:file-start","elapsedMs":114913.544627}
check	Run verification	2026-10-05T18:23:24.4737821Z runner: file lifecycle {"entryFile":"/home/runner/work/vibe-fs/vibe-fs/requirements/host-boundary/tests/005.test.mjs","type":"runner:file-drained","elapsedMs":115127.23563}
check	Run verification	2026-10-05T18:23:24.4751854Z runner: file lifecycle {"entryFile":"/home/runner/work/vibe-fs/vibe-fs/requirements/host-boundary/tests/006.test.mjs","pid":3076,"parentPid":3067,"type":"runner:file-start","elapsedMs":115129.989932}
check	Run verification	2026-10-05T18:23:24.8160275Z runner: file lifecycle {"entryFile":"/home/runner/work/vibe-fs/vibe-fs/requirements/host-boundary/tests/006.test.mjs","type":"runner:file-drained","elapsedMs":115469.756127}
check	Run verification	2026-10-05T18:23:24.8171734Z runner: file lifecycle {"entryFile":"/home/runner/work/vibe-fs/vibe-fs/requirements/host-boundary/tests/007.test.mjs","pid":3076,"parentPid":3067,"type":"runner:file-start","elapsedMs":115471.918022}
check	Run verification	2026-10-05T18:23:24.9206155Z runner: file lifecycle {"entryFile":"/home/runner/work/vibe-fs/vibe-fs/requirements/host-boundary/tests/007.test.mjs","type":"runner:file-drained","elapsedMs":115575.459811}
check	Run verification	2026-10-05T18:23:24.9229251Z runner: file lifecycle {"entryFile":"/home/runner/work/vibe-fs/vibe-fs/requirements/host-boundary/tests/008.test.mjs","pid":3076,"parentPid":3067,"type":"runner:file-start","elapsedMs":115577.78752}
check	Run verification	2026-10-05T18:23:25.2015562Z runner: file lifecycle {"entryFile":"/home/runner/work/vibe-fs/vibe-fs/requirements/host-boundary/tests/008.test.mjs","type":"runner:file-drained","elapsedMs":115856.169625}
check	Run verification	2026-10-05T18:23:25.2078293Z runner: file lifecycle {"entryFile":"/home/runner/work/vibe-fs/vibe-fs/requirements/host-boundary/tests/009.test.mjs","pid":3076,"parentPid":3067,"type":"runner:file-start","elapsedMs":115862.55146}
check	Run verification	2026-10-05T18:23:25.3316708Z runner: file lifecycle {"entryFile":"/home/runner/work/vibe-fs/vibe-fs/requirements/host-boundary/tests/009.test.mjs","type":"runner:file-drained","elapsedMs":115985.39269}
check	Run verification	2026-10-05T18:23:25.3329544Z runner: file lifecycle {"entryFile":"/home/runner/work/vibe-fs/vibe-fs/requirements/host-boundary/tests/010.test.mjs","pid":3076,"parentPid":3067,"type":"runner:file-start","elapsedMs":115987.835277}
check	Run verification	2026-10-05T18:23:25.4211764Z runner: file lifecycle {"entryFile":"/home/runner/work/vibe-fs/vibe-fs/requirements/host-boundary/tests/010.test.mjs","type":"runner:file-drained","elapsedMs":116075.858682}
check	Run verification	2026-10-05T18:23:25.4232967Z runner: file lifecycle {"entryFile":"/home/runner/work/vibe-fs/vibe-fs/requirements/host-boundary/tests/011.test.mjs","pid":3076,"parentPid":3067,"type":"runner:file-start","elapsedMs":116078.132461}
check	Run verification	2026-10-05T18:23:25.5974835Z runner: file lifecycle {"entryFile":"/home/runner/work/vibe-fs/vibe-fs/requirements/host-boundary/tests/011.test.mjs","type":"runner:file-drained","elapsedMs":116252.28576299999}
check	Run verification	2026-10-05T18:23:25.6029589Z runner: file lifecycle {"entryFile":"/home/runner/work/vibe-fs/vibe-fs/requirements/host-boundary/tests/012.test.mjs","pid":3076,"parentPid":3067,"type":"runner:file-start","elapsedMs":116255.116472}
check	Run verification	2026-10-05T18:23:25.7004351Z runner: file lifecycle {"entryFile":"/home/runner/work/vibe-fs/vibe-fs/requirements/host-boundary/tests/012.test.mjs","type":"runner:file-drained","elapsedMs":116354.237193}
check	Run verification	2026-10-05T18:23:25.7016475Z runner: file lifecycle {"entryFile":"/home/runner/work/vibe-fs/vibe-fs/requirements/host-boundary/tests/013.test.mjs","pid":3076,"parentPid":3067,"type":"runner:file-start","elapsedMs":116356.498349}
check	Run verification	2026-10-05T18:23:25.8150751Z runner: file lifecycle {"entryFile":"/home/runner/work/vibe-fs/vibe-fs/requirements/host-boundary/tests/003.test.mjs","type":"runner:file-drained","elapsedMs":116467.71371699999}
check	Run verification	2026-10-05T18:23:25.8173135Z runner: file lifecycle {"entryFile":"/home/runner/work/vibe-fs/vibe-fs/requirements/host-boundary/tests/014.test.mjs","pid":3076,"parentPid":3067,"type":"runner:file-start","elapsedMs":116472.132374}
check	Run verification	2026-10-05T18:23:26.6815941Z runner: file lifecycle {"entryFile":"/home/runner/work/vibe-fs/vibe-fs/requirements/host-boundary/tests/014.test.mjs","type":"runner:file-drained","elapsedMs":117336.383751}
check	Run verification	2026-10-05T18:23:26.6843215Z runner: file lifecycle {"entryFile":"/home/runner/work/vibe-fs/vibe-fs/requirements/host-boundary/tests/015.test.mjs","pid":3076,"parentPid":3067,"type":"runner:file-start","elapsedMs":117339.12218399999}
check	Run verification	2026-10-05T18:23:26.8523403Z runner: file lifecycle {"entryFile":"/home/runner/work/vibe-fs/vibe-fs/requirements/host-boundary/tests/015.test.mjs","type":"runner:file-drained","elapsedMs":117507.100588}
check	Run verification	2026-10-05T18:23:26.8545407Z runner: file lifecycle {"entryFile":"/home/runner/work/vibe-fs/vibe-fs/requirements/host-boundary/tests/016.test.mjs","pid":3076,"parentPid":3067,"type":"runner:file-start","elapsedMs":117509.371241}
check	Run verification	2026-10-05T18:23:27.0230981Z runner: file lifecycle {"entryFile":"/home/runner/work/vibe-fs/vibe-fs/requirements/host-boundary/tests/016.test.mjs","type":"runner:file-drained","elapsedMs":117677.378753}
check	Run verification	2026-10-05T18:23:27.0259643Z runner: file lifecycle {"entryFile":"/home/runner/work/vibe-fs/vibe-fs/requirements/host-boundary/tests/017.test.mjs","pid":3076,"parentPid":3067,"type":"runner:file-start","elapsedMs":117679.93459}
check	Run verification	2026-10-05T18:23:27.1879947Z runner: file lifecycle {"entryFile":"/home/runner/work/vibe-fs/vibe-fs/requirements/host-boundary/tests/017.test.mjs","type":"runner:file-drained","elapsedMs":117836.808983}
check	Run verification	2026-10-05T18:23:27.1883381Z runner: file lifecycle {"entryFile":"/home/runner/work/vibe-fs/vibe-fs/requirements/host-boundary/tests/018.test.mjs","pid":3076,"parentPid":3067,"type":"runner:file-start","elapsedMs":117842.085292}
check	Run verification	2026-10-05T18:23:27.2584701Z runner: file lifecycle {"entryFile":"/home/runner/work/vibe-fs/vibe-fs/requirements/host-boundary/tests/018.test.mjs","type":"runner:file-drained","elapsedMs":117912.25257499999}
check	Run verification	2026-10-05T18:23:27.2602895Z runner: file lifecycle {"entryFile":"/home/runner/work/vibe-fs/vibe-fs/requirements/host-boundary/tests/019.test.mjs","pid":3076,"parentPid":3067,"type":"runner:file-start","elapsedMs":117915.0441}
check	Run verification	2026-10-05T18:23:27.6204417Z runner: file lifecycle {"entryFile":"/home/runner/work/vibe-fs/vibe-fs/requirements/host-boundary/tests/013.test.mjs","type":"runner:file-drained","elapsedMs":118274.946698}
check	Run verification	2026-10-05T18:23:27.6236349Z runner: file lifecycle {"entryFile":"/home/runner/work/vibe-fs/vibe-fs/requirements/host-boundary/tests/020.test.mjs","pid":3076,"parentPid":3067,"type":"runner:file-start","elapsedMs":118278.42664599999}
check	Run verification	2026-10-05T18:23:27.9083486Z runner: file lifecycle {"entryFile":"/home/runner/work/vibe-fs/vibe-fs/requirements/host-boundary/tests/020.test.mjs","type":"runner:file-drained","elapsedMs":118563.089286}
check	Run verification	2026-10-05T18:23:27.9106541Z runner: file lifecycle {"entryFile":"/home/runner/work/vibe-fs/vibe-fs/requirements/host-boundary/tests/021.test.mjs","pid":3076,"parentPid":3067,"type":"runner:file-start","elapsedMs":118565.45574399999}
check	Run verification	2026-10-05T18:23:28.1571097Z runner: file lifecycle {"entryFile":"/home/runner/work/vibe-fs/vibe-fs/requirements/host-boundary/tests/021.test.mjs","type":"runner:file-drained","elapsedMs":118811.406151}
check	Run verification	2026-10-05T18:23:28.1604493Z runner: file lifecycle {"entryFile":"/home/runner/work/vibe-fs/vibe-fs/requirements/host-boundary/tests/022.test.mjs","pid":3076,"parentPid":3067,"type":"runner:file-start","elapsedMs":118815.297059}
check	Run verification	2026-10-05T18:23:28.2584250Z runner: file lifecycle {"entryFile":"/home/runner/work/vibe-fs/vibe-fs/requirements/host-boundary/tests/019.test.mjs","type":"runner:file-drained","elapsedMs":118913.13271199999}
check	Run verification	2026-10-05T18:23:28.2609975Z runner: file lifecycle {"entryFile":"/home/runner/work/vibe-fs/vibe-fs/requirements/host-boundary/tests/023.test.mjs","pid":3076,"parentPid":3067,"type":"runner:file-start","elapsedMs":118915.76914}
check	Run verification	2026-10-05T18:23:29.0111069Z runner: file lifecycle {"entryFile":"/home/runner/work/vibe-fs/vibe-fs/requirements/host-boundary/tests/022.test.mjs","type":"runner:file-drained","elapsedMs":119665.505549}
check	Run verification	2026-10-05T18:23:29.0161101Z runner: file lifecycle {"entryFile":"/home/runner/work/vibe-fs/vibe-fs/requirements/host-boundary/tests/024.test.mjs","pid":3076,"parentPid":3067,"type":"runner:file-start","elapsedMs":119668.155312}
check	Run verification	2026-10-05T18:23:29.1345373Z runner: file lifecycle {"entryFile":"/home/runner/work/vibe-fs/vibe-fs/requirements/host-boundary/tests/024.test.mjs","type":"runner:file-drained","elapsedMs":119789.260347}
check	Run verification	2026-10-05T18:23:29.1366717Z runner: file lifecycle {"entryFile":"/home/runner/work/vibe-fs/vibe-fs/requirements/host-boundary/tests/025.test.mjs","pid":3076,"parentPid":3067,"type":"runner:file-start","elapsedMs":119791.616857}
check	Run verification	2026-10-05T18:23:29.3670306Z runner: file lifecycle {"entryFile":"/home/runner/work/vibe-fs/vibe-fs/requirements/host-boundary/tests/025.test.mjs","type":"runner:file-drained","elapsedMs":120021.529721}
check	Run verification	2026-10-05T18:23:29.3700959Z runner: file lifecycle {"entryFile":"/home/runner/work/vibe-fs/vibe-fs/requirements/host-boundary/tests/026.test.mjs","pid":3076,"parentPid":3067,"type":"runner:file-start","elapsedMs":120023.948994}
check	Run verification	2026-10-05T18:23:29.6964022Z runner: file lifecycle {"entryFile":"/home/runner/work/vibe-fs/vibe-fs/requirements/host-boundary/tests/026.test.mjs","type":"runner:file-drained","elapsedMs":120351.161334}
check	Run verification	2026-10-05T18:23:29.6991579Z runner: file lifecycle {"entryFile":"/home/runner/work/vibe-fs/vibe-fs/requirements/host-boundary/tests/027.test.mjs","pid":3076,"parentPid":3067,"type":"runner:file-start","elapsedMs":120353.666777}
check	Run verification	2026-10-05T18:23:29.8924215Z runner: file lifecycle {"entryFile":"/home/runner/work/vibe-fs/vibe-fs/requirements/host-boundary/tests/027.test.mjs","type":"runner:file-drained","elapsedMs":120547.185338}
check	Run verification	2026-10-05T18:23:29.8947239Z runner: file lifecycle {"entryFile":"/home/runner/work/vibe-fs/vibe-fs/requirements/host-boundary/tests/028.test.mjs","pid":3076,"parentPid":3067,"type":"runner:file-start","elapsedMs":120549.547462}
check	Run verification	2026-10-05T18:23:30.1751455Z runner: file lifecycle {"entryFile":"/home/runner/work/vibe-fs/vibe-fs/requirements/host-boundary/tests/028.test.mjs","type":"runner:file-drained","elapsedMs":120829.627908}
check	Run verification	2026-10-05T18:23:30.1800836Z runner: file lifecycle {"entryFile":"/home/runner/work/vibe-fs/vibe-fs/requirements/host-boundary/tests/029.test.mjs","pid":3076,"parentPid":3067,"type":"runner:file-start","elapsedMs":120832.925475}
check	Run verification	2026-10-05T18:23:31.1926811Z runner: file lifecycle {"entryFile":"/home/runner/work/vibe-fs/vibe-fs/requirements/host-boundary/tests/029.test.mjs","type":"runner:file-drained","elapsedMs":121847.399464}
check	Run verification	2026-10-05T18:23:31.1953997Z runner: file lifecycle {"entryFile":"/home/runner/work/vibe-fs/vibe-fs/requirements/host-boundary/tests/030.test.mjs","pid":3076,"parentPid":3067,"type":"runner:file-start","elapsedMs":121850.219034}
check	Run verification	2026-10-05T18:23:31.4410373Z runner: file lifecycle {"entryFile":"/home/runner/work/vibe-fs/vibe-fs/requirements/host-boundary/tests/030.test.mjs","type":"runner:file-drained","elapsedMs":122093.853114}
check	Run verification	2026-10-05T18:23:31.4431130Z runner: file lifecycle {"entryFile":"/home/runner/work/vibe-fs/vibe-fs/requirements/host-boundary/tests/031.test.mjs","pid":3076,"parentPid":3067,"type":"runner:file-start","elapsedMs":122097.824323}
check	Run verification	2026-10-05T18:23:31.6940056Z runner: file lifecycle {"entryFile":"/home/runner/work/vibe-fs/vibe-fs/requirements/host-boundary/tests/031.test.mjs","type":"runner:file-drained","elapsedMs":122338.382623}
check	Run verification	2026-10-05T18:23:31.6969708Z runner: file lifecycle {"entryFile":"/home/runner/work/vibe-fs/vibe-fs/requirements/host-boundary/tests/032.test.mjs","pid":3076,"parentPid":3067,"type":"runner:file-start","elapsedMs":122347.087799}
check	Run verification	2026-10-05T18:23:32.9194544Z runner: file lifecycle {"entryFile":"/home/runner/work/vibe-fs/vibe-fs/requirements/host-boundary/tests/023.test.mjs","type":"runner:file-drained","elapsedMs":123574.256035}
check	Run verification	2026-10-05T18:23:32.9222120Z runner: file lifecycle {"entryFile":"/home/runner/work/vibe-fs/vibe-fs/requirements/host-boundary/tests/033.test.mjs","pid":3076,"parentPid":3067,"type":"runner:file-start","elapsedMs":123576.927145}
check	Run verification	2026-10-05T18:23:35.2981171Z {"operation":"plugin-hook-chat-message-failed","result":"Managed chat admission failed: TransactionFailed (LeaseHandoffFailed (external input supersession failed to drain the old Host attempt: Host rejected session abort: { message = \"controlled SDK abort rejection\" }, TerminalCommitted (Settled Applied)))"}
check	Run verification	2026-10-05T18:23:35.7955907Z runner: file lifecycle {"entryFile":"/home/runner/work/vibe-fs/vibe-fs/requirements/host-boundary/tests/033.test.mjs","type":"runner:file-drained","elapsedMs":126450.298523}
check	Run verification	2026-10-05T18:23:35.7979691Z runner: file lifecycle {"entryFile":"/home/runner/work/vibe-fs/vibe-fs/requirements/host-provider-failure-ownership/tests/001.test.mjs","pid":3076,"parentPid":3067,"type":"runner:file-start","elapsedMs":126452.789274}
check	Run verification	2026-10-05T18:23:38.1894028Z runner: file lifecycle {"entryFile":"/home/runner/work/vibe-fs/vibe-fs/requirements/host-provider-failure-ownership/tests/001.test.mjs","type":"runner:file-drained","elapsedMs":128843.196615}
check	Run verification	2026-10-05T18:23:38.1939573Z runner: file lifecycle {"entryFile":"/home/runner/work/vibe-fs/vibe-fs/requirements/host-provider-failure-ownership/tests/002.test.mjs","pid":3076,"parentPid":3067,"type":"runner:file-start","elapsedMs":128848.517722}
check	Run verification	2026-10-05T18:23:38.2580302Z runner: file lifecycle {"entryFile":"/home/runner/work/vibe-fs/vibe-fs/requirements/host-provider-failure-ownership/tests/002.test.mjs","type":"runner:file-drained","elapsedMs":128911.877066}
check	Run verification	2026-10-05T18:23:38.2591627Z runner: file lifecycle {"entryFile":"/home/runner/work/vibe-fs/vibe-fs/requirements/host-provider-failure-ownership/tests/003.test.mjs","pid":3076,"parentPid":3067,"type":"runner:file-start","elapsedMs":128914.07038}
check	Run verification	2026-10-05T18:23:38.3612284Z runner: file lifecycle {"entryFile":"/home/runner/work/vibe-fs/vibe-fs/requirements/host-provider-failure-ownership/tests/003.test.mjs","type":"runner:file-drained","elapsedMs":129015.960855}
check	Run verification	2026-10-05T18:23:38.3620585Z runner: file lifecycle {"entryFile":"/home/runner/work/vibe-fs/vibe-fs/requirements/host-provider-failure-ownership/tests/004.test.mjs","pid":3076,"parentPid":3067,"type":"runner:file-start","elapsedMs":129016.861722}
check	Run verification	2026-10-05T18:23:40.0908974Z {"operation":"managed-agent-config-invalid","result":"Legacy agent name 'coder' is present in opencode.json."}
check	Run verification	2026-10-05T18:23:40.1390495Z runner: file lifecycle {"entryFile":"/home/runner/work/vibe-fs/vibe-fs/requirements/host-provider-failure-ownership/tests/004.test.mjs","type":"runner:file-drained","elapsedMs":130793.16055700001}
check	Run verification	2026-10-05T18:23:40.1405319Z runner: file lifecycle {"entryFile":"/home/runner/work/vibe-fs/vibe-fs/requirements/host-provider-failure-ownership/tests/005.test.mjs","pid":3076,"parentPid":3067,"type":"runner:file-start","elapsedMs":130795.258265}
check	Run verification	2026-10-05T18:23:40.2885884Z runner: file lifecycle {"entryFile":"/home/runner/work/vibe-fs/vibe-fs/requirements/host-provider-failure-ownership/tests/005.test.mjs","type":"runner:file-drained","elapsedMs":130943.43681500001}
check	Run verification	2026-10-05T18:23:40.2909489Z runner: file lifecycle {"entryFile":"/home/runner/work/vibe-fs/vibe-fs/requirements/host-provider-failure-ownership/tests/006.test.mjs","pid":3076,"parentPid":3067,"type":"runner:file-start","elapsedMs":130945.79445100001}
check	Run verification	2026-10-05T18:23:40.3913465Z runner: file lifecycle {"entryFile":"/home/runner/work/vibe-fs/vibe-fs/requirements/host-provider-failure-ownership/tests/006.test.mjs","type":"runner:file-drained","elapsedMs":131046.16467099999}
check	Run verification	2026-10-05T18:23:40.3941491Z runner: file lifecycle {"entryFile":"/home/runner/work/vibe-fs/vibe-fs/requirements/host-provider-failure-ownership/tests/007.test.mjs","pid":3076,"parentPid":3067,"type":"runner:file-start","elapsedMs":131048.900736}
check	Run verification	2026-10-05T18:23:40.4595220Z runner: file lifecycle {"entryFile":"/home/runner/work/vibe-fs/vibe-fs/requirements/host-provider-failure-ownership/tests/007.test.mjs","type":"runner:file-drained","elapsedMs":131114.169052}
check	Run verification	2026-10-05T18:23:40.4618801Z runner: file lifecycle {"entryFile":"/home/runner/work/vibe-fs/vibe-fs/requirements/institutional-learning/tests/001.test.mjs","pid":3076,"parentPid":3067,"type":"runner:file-start","elapsedMs":131116.626273}
check	Run verification	2026-10-05T18:23:42.3500545Z runner: file lifecycle {"entryFile":"/home/runner/work/vibe-fs/vibe-fs/requirements/institutional-learning/tests/001.test.mjs","type":"runner:file-drained","elapsedMs":133002.373693}
check	Run verification	2026-10-05T18:23:42.3550444Z runner: file lifecycle {"entryFile":"/home/runner/work/vibe-fs/vibe-fs/requirements/institutional-learning/tests/002.test.mjs","pid":3076,"parentPid":3067,"type":"runner:file-start","elapsedMs":133007.355194}
check	Run verification	2026-10-05T18:23:42.4760538Z runner: file lifecycle {"entryFile":"/home/runner/work/vibe-fs/vibe-fs/requirements/institutional-learning/tests/002.test.mjs","type":"runner:file-drained","elapsedMs":133130.87574800002}
check	Run verification	2026-10-05T18:23:42.4786204Z runner: file lifecycle {"entryFile":"/home/runner/work/vibe-fs/vibe-fs/requirements/institutional-learning/tests/003.test.mjs","pid":3076,"parentPid":3067,"type":"runner:file-start","elapsedMs":133133.44905800003}
check	Run verification	2026-10-05T18:23:44.4023093Z runner: file lifecycle {"entryFile":"/home/runner/work/vibe-fs/vibe-fs/requirements/institutional-learning/tests/003.test.mjs","type":"runner:file-drained","elapsedMs":135057.086213}
check	Run verification	2026-10-05T18:23:44.4071751Z runner: file lifecycle {"entryFile":"/home/runner/work/vibe-fs/vibe-fs/requirements/institutional-learning/tests/004.test.mjs","pid":3076,"parentPid":3067,"type":"runner:file-start","elapsedMs":135059.684355}
check	Run verification	2026-10-05T18:23:46.3392444Z runner: file lifecycle {"entryFile":"/home/runner/work/vibe-fs/vibe-fs/requirements/institutional-learning/tests/004.test.mjs","type":"runner:file-drained","elapsedMs":136991.31260900002}
check	Run verification	2026-10-05T18:23:46.3396499Z runner: file lifecycle {"entryFile":"/home/runner/work/vibe-fs/vibe-fs/requirements/institutional-learning/tests/005.test.mjs","pid":3076,"parentPid":3067,"type":"runner:file-start","elapsedMs":136994.14524500002}
check	Run verification	2026-10-05T18:23:46.4509264Z runner: file lifecycle {"entryFile":"/home/runner/work/vibe-fs/vibe-fs/requirements/institutional-learning/tests/005.test.mjs","type":"runner:file-drained","elapsedMs":137105.067725}
check	Run verification	2026-10-05T18:23:46.4533065Z runner: file lifecycle {"entryFile":"/home/runner/work/vibe-fs/vibe-fs/requirements/institutional-learning/tests/006.test.mjs","pid":3076,"parentPid":3067,"type":"runner:file-start","elapsedMs":137108.165524}
check	Run verification	2026-10-05T18:23:47.2703746Z runner: file lifecycle {"entryFile":"/home/runner/work/vibe-fs/vibe-fs/requirements/host-boundary/tests/032.test.mjs","type":"runner:file-drained","elapsedMs":137925.122975}
check	Run verification	2026-10-05T18:23:47.2726567Z runner: file lifecycle {"entryFile":"/home/runner/work/vibe-fs/vibe-fs/requirements/institutional-learning/tests/007.test.mjs","pid":3076,"parentPid":3067,"type":"runner:file-start","elapsedMs":137927.49548800002}
check	Run verification	2026-10-05T18:23:48.6469475Z runner: file lifecycle {"entryFile":"/home/runner/work/vibe-fs/vibe-fs/requirements/institutional-learning/tests/006.test.mjs","type":"runner:file-drained","elapsedMs":139301.026669}
check	Run verification	2026-10-05T18:23:48.6520496Z runner: file lifecycle {"entryFile":"/home/runner/work/vibe-fs/vibe-fs/requirements/institutional-learning/tests/008.test.mjs","pid":3076,"parentPid":3067,"type":"runner:file-start","elapsedMs":139303.795404}
check	Run verification	2026-10-05T18:23:49.2666884Z runner: file lifecycle {"entryFile":"/home/runner/work/vibe-fs/vibe-fs/requirements/institutional-learning/tests/007.test.mjs","type":"runner:file-drained","elapsedMs":139921.37854600002}
check	Run verification	2026-10-05T18:23:49.2691523Z runner: file lifecycle {"entryFile":"/home/runner/work/vibe-fs/vibe-fs/requirements/interaction-authority/tests/001.test.mjs","pid":3076,"parentPid":3067,"type":"runner:file-start","elapsedMs":139923.85586600003}
check	Run verification	2026-10-05T18:23:49.7858845Z runner: file lifecycle {"entryFile":"/home/runner/work/vibe-fs/vibe-fs/requirements/interaction-authority/tests/001.test.mjs","type":"runner:file-drained","elapsedMs":140440.65290900003}
check	Run verification	2026-10-05T18:23:49.7885172Z runner: file lifecycle {"entryFile":"/home/runner/work/vibe-fs/vibe-fs/requirements/interaction-authority/tests/002.test.mjs","pid":3076,"parentPid":3067,"type":"runner:file-start","elapsedMs":140443.311224}
check	Run verification	2026-10-05T18:23:50.3767165Z runner: file lifecycle {"entryFile":"/home/runner/work/vibe-fs/vibe-fs/requirements/interaction-authority/tests/002.test.mjs","type":"runner:file-drained","elapsedMs":141031.57695000002}
check	Run verification	2026-10-05T18:23:50.3793672Z runner: file lifecycle {"entryFile":"/home/runner/work/vibe-fs/vibe-fs/requirements/interaction-authority/tests/003.test.mjs","pid":3076,"parentPid":3067,"type":"runner:file-start","elapsedMs":141034.19122600002}
check	Run verification	2026-10-05T18:23:51.0357171Z runner: file lifecycle {"entryFile":"/home/runner/work/vibe-fs/vibe-fs/requirements/institutional-learning/tests/008.test.mjs","type":"runner:file-drained","elapsedMs":141690.49433400002}
check	Run verification	2026-10-05T18:23:51.0394168Z runner: file lifecycle {"entryFile":"/home/runner/work/vibe-fs/vibe-fs/requirements/interaction-authority/tests/004.test.mjs","pid":3076,"parentPid":3067,"type":"runner:file-start","elapsedMs":141694.26204}
check	Run verification	2026-10-05T18:23:51.0952588Z runner: file lifecycle {"entryFile":"/home/runner/work/vibe-fs/vibe-fs/requirements/interaction-authority/tests/003.test.mjs","type":"runner:file-drained","elapsedMs":141749.9271}
check	Run verification	2026-10-05T18:23:51.0974742Z runner: file lifecycle {"entryFile":"/home/runner/work/vibe-fs/vibe-fs/requirements/interaction-authority/tests/005.test.mjs","pid":3076,"parentPid":3067,"type":"runner:file-start","elapsedMs":141752.33118200002}
check	Run verification	2026-10-05T18:23:51.3588754Z runner: file lifecycle {"entryFile":"/home/runner/work/vibe-fs/vibe-fs/requirements/interaction-authority/tests/004.test.mjs","type":"runner:file-drained","elapsedMs":142013.519757}
check	Run verification	2026-10-05T18:23:51.3616107Z runner: file lifecycle {"entryFile":"/home/runner/work/vibe-fs/vibe-fs/requirements/interaction-authority/tests/006.test.mjs","pid":3076,"parentPid":3067,"type":"runner:file-start","elapsedMs":142016.39774000001}
check	Run verification	2026-10-05T18:23:51.7574558Z runner: file lifecycle {"entryFile":"/home/runner/work/vibe-fs/vibe-fs/requirements/interaction-authority/tests/006.test.mjs","type":"runner:file-drained","elapsedMs":142412.16483400002}
check	Run verification	2026-10-05T18:23:51.7599499Z runner: file lifecycle {"entryFile":"/home/runner/work/vibe-fs/vibe-fs/requirements/interaction-authority/tests/007.test.mjs","pid":3076,"parentPid":3067,"type":"runner:file-start","elapsedMs":142414.721954}
check	Run verification	2026-10-05T18:23:51.7644425Z runner: file lifecycle {"entryFile":"/home/runner/work/vibe-fs/vibe-fs/requirements/interaction-authority/tests/005.test.mjs","type":"runner:file-drained","elapsedMs":142418.533308}
check	Run verification	2026-10-05T18:23:51.7659066Z runner: file lifecycle {"entryFile":"/home/runner/work/vibe-fs/vibe-fs/requirements/interaction-authority/tests/008.test.mjs","pid":3076,"parentPid":3067,"type":"runner:file-start","elapsedMs":142420.73782}
check	Run verification	2026-10-05T18:23:51.8782483Z runner: file lifecycle {"entryFile":"/home/runner/work/vibe-fs/vibe-fs/requirements/interaction-authority/tests/007.test.mjs","type":"runner:file-drained","elapsedMs":142532.938807}
check	Run verification	2026-10-05T18:23:51.8805122Z runner: file lifecycle {"entryFile":"/home/runner/work/vibe-fs/vibe-fs/requirements/interaction-authority/tests/009.test.mjs","pid":3076,"parentPid":3067,"type":"runner:file-start","elapsedMs":142535.34254200003}
check	Run verification	2026-10-05T18:23:51.9301071Z runner: file lifecycle {"entryFile":"/home/runner/work/vibe-fs/vibe-fs/requirements/interaction-authority/tests/008.test.mjs","type":"runner:file-drained","elapsedMs":142584.871595}
check	Run verification	2026-10-05T18:23:51.9330166Z runner: file lifecycle {"entryFile":"/home/runner/work/vibe-fs/vibe-fs/requirements/interaction-authority/tests/010.test.mjs","pid":3076,"parentPid":3067,"type":"runner:file-start","elapsedMs":142587.140885}
check	Run verification	2026-10-05T18:23:52.0008738Z runner: file lifecycle {"entryFile":"/home/runner/work/vibe-fs/vibe-fs/requirements/interaction-authority/tests/009.test.mjs","type":"runner:file-drained","elapsedMs":142655.611028}
check	Run verification	2026-10-05T18:23:52.0034450Z runner: file lifecycle {"entryFile":"/home/runner/work/vibe-fs/vibe-fs/requirements/interaction-authority/tests/011.test.mjs","pid":3076,"parentPid":3067,"type":"runner:file-start","elapsedMs":142658.312305}
check	Run verification	2026-10-05T18:23:52.0380755Z runner: file lifecycle {"entryFile":"/home/runner/work/vibe-fs/vibe-fs/requirements/interaction-authority/tests/010.test.mjs","type":"runner:file-drained","elapsedMs":142692.813319}
check	Run verification	2026-10-05T18:23:52.0411536Z runner: file lifecycle {"entryFile":"/home/runner/work/vibe-fs/vibe-fs/requirements/interaction-authority/tests/012.test.mjs","pid":3076,"parentPid":3067,"type":"runner:file-start","elapsedMs":142695.021645}
check	Run verification	2026-10-05T18:23:52.1381668Z runner: file lifecycle {"entryFile":"/home/runner/work/vibe-fs/vibe-fs/requirements/interaction-authority/tests/012.test.mjs","type":"runner:file-drained","elapsedMs":142792.892858}
check	Run verification	2026-10-05T18:23:52.1401055Z runner: file lifecycle {"entryFile":"/home/runner/work/vibe-fs/vibe-fs/requirements/interaction-authority/tests/013.test.mjs","pid":3076,"parentPid":3067,"type":"runner:file-start","elapsedMs":142794.98869300002}
check	Run verification	2026-10-05T18:23:52.4665898Z runner: file lifecycle {"entryFile":"/home/runner/work/vibe-fs/vibe-fs/requirements/interaction-authority/tests/013.test.mjs","type":"runner:file-drained","elapsedMs":143121.35354100002}
check	Run verification	2026-10-05T18:23:52.4692103Z runner: file lifecycle {"entryFile":"/home/runner/work/vibe-fs/vibe-fs/requirements/interaction-authority/tests/014.test.mjs","pid":3076,"parentPid":3067,"type":"runner:file-start","elapsedMs":143124.042156}
check	Run verification	2026-10-05T18:23:52.5741666Z runner: file lifecycle {"entryFile":"/home/runner/work/vibe-fs/vibe-fs/requirements/interaction-authority/tests/014.test.mjs","type":"runner:file-drained","elapsedMs":143227.69104200002}
check	Run verification	2026-10-05T18:23:52.5755862Z runner: file lifecycle {"entryFile":"/home/runner/work/vibe-fs/vibe-fs/requirements/interaction-authority/tests/015.test.mjs","pid":3076,"parentPid":3067,"type":"runner:file-start","elapsedMs":143230.417598}
check	Run verification	2026-10-05T18:23:53.0600281Z runner: file lifecycle {"entryFile":"/home/runner/work/vibe-fs/vibe-fs/requirements/interaction-authority/tests/015.test.mjs","type":"runner:file-drained","elapsedMs":143714.727644}
check	Run verification	2026-10-05T18:23:53.0637034Z runner: file lifecycle {"entryFile":"/home/runner/work/vibe-fs/vibe-fs/requirements/interaction-authority/tests/016.test.mjs","pid":3076,"parentPid":3067,"type":"runner:file-start","elapsedMs":143718.509296}
check	Run verification	2026-10-05T18:23:53.1871948Z runner: file lifecycle {"entryFile":"/home/runner/work/vibe-fs/vibe-fs/requirements/interaction-authority/tests/016.test.mjs","type":"runner:file-drained","elapsedMs":143841.84976900002}
check	Run verification	2026-10-05T18:23:53.1895985Z runner: file lifecycle {"entryFile":"/home/runner/work/vibe-fs/vibe-fs/requirements/interaction-authority/tests/017.test.mjs","pid":3076,"parentPid":3067,"type":"runner:file-start","elapsedMs":143844.43686400002}
check	Run verification	2026-10-05T18:23:53.9170268Z runner: file lifecycle {"entryFile":"/home/runner/work/vibe-fs/vibe-fs/requirements/interaction-authority/tests/017.test.mjs","type":"runner:file-drained","elapsedMs":144571.80556500002}
check	Run verification	2026-10-05T18:23:53.9179931Z runner: file lifecycle {"entryFile":"/home/runner/work/vibe-fs/vibe-fs/requirements/interaction-authority/tests/018.test.mjs","pid":3076,"parentPid":3067,"type":"runner:file-start","elapsedMs":144572.685583}
check	Run verification	2026-10-05T18:23:54.0393028Z runner: file lifecycle {"entryFile":"/home/runner/work/vibe-fs/vibe-fs/requirements/interaction-authority/tests/018.test.mjs","type":"runner:file-drained","elapsedMs":144694.02670500003}
check	Run verification	2026-10-05T18:23:54.0417175Z runner: file lifecycle {"entryFile":"/home/runner/work/vibe-fs/vibe-fs/requirements/interaction-authority/tests/019.test.mjs","pid":3076,"parentPid":3067,"type":"runner:file-start","elapsedMs":144696.558456}
check	Run verification	2026-10-05T18:23:54.5649253Z runner: file lifecycle {"entryFile":"/home/runner/work/vibe-fs/vibe-fs/requirements/interaction-authority/tests/019.test.mjs","type":"runner:file-drained","elapsedMs":145219.678514}
check	Run verification	2026-10-05T18:23:54.5676566Z runner: file lifecycle {"entryFile":"/home/runner/work/vibe-fs/vibe-fs/requirements/interaction-authority/tests/020.test.mjs","pid":3076,"parentPid":3067,"type":"runner:file-start","elapsedMs":145222.46252700003}
check	Run verification	2026-10-05T18:23:54.6241435Z runner: file lifecycle {"entryFile":"/home/runner/work/vibe-fs/vibe-fs/requirements/interaction-authority/tests/020.test.mjs","type":"runner:file-drained","elapsedMs":145278.110726}
check	Run verification	2026-10-05T18:23:54.6256772Z runner: file lifecycle {"entryFile":"/home/runner/work/vibe-fs/vibe-fs/requirements/interaction-authority/tests/021.test.mjs","pid":3076,"parentPid":3067,"type":"runner:file-start","elapsedMs":145280.48837900002}
check	Run verification	2026-10-05T18:23:55.0149766Z runner: file lifecycle {"entryFile":"/home/runner/work/vibe-fs/vibe-fs/requirements/interaction-authority/tests/011.test.mjs","type":"runner:file-drained","elapsedMs":145669.615328}
check	Run verification	2026-10-05T18:23:55.0171554Z runner: file lifecycle {"entryFile":"/home/runner/work/vibe-fs/vibe-fs/requirements/interaction-authority/tests/022.test.mjs","pid":3076,"parentPid":3067,"type":"runner:file-start","elapsedMs":145671.92185}
check	Run verification	2026-10-05T18:23:55.1546335Z runner: file lifecycle {"entryFile":"/home/runner/work/vibe-fs/vibe-fs/requirements/interaction-authority/tests/021.test.mjs","type":"runner:file-drained","elapsedMs":145809.37255300002}
check	Run verification	2026-10-05T18:23:55.1578482Z runner: file lifecycle {"entryFile":"/home/runner/work/vibe-fs/vibe-fs/requirements/interaction-authority/tests/023.test.mjs","pid":3076,"parentPid":3067,"type":"runner:file-start","elapsedMs":145812.52802300002}
check	Run verification	2026-10-05T18:23:55.1726390Z runner: file lifecycle {"entryFile":"/home/runner/work/vibe-fs/vibe-fs/requirements/interaction-authority/tests/022.test.mjs","type":"runner:file-drained","elapsedMs":145827.339133}
check	Run verification	2026-10-05T18:23:55.1750860Z runner: file lifecycle {"entryFile":"/home/runner/work/vibe-fs/vibe-fs/requirements/intra-participant-parallelism/tests/001.test.mjs","pid":3076,"parentPid":3067,"type":"runner:file-start","elapsedMs":145829.87062}
check	Run verification	2026-10-05T18:23:55.2260708Z runner: file lifecycle {"entryFile":"/home/runner/work/vibe-fs/vibe-fs/requirements/intra-participant-parallelism/tests/001.test.mjs","type":"runner:file-drained","elapsedMs":145879.22409}
check	Run verification	2026-10-05T18:23:55.2281709Z runner: file lifecycle {"entryFile":"/home/runner/work/vibe-fs/vibe-fs/requirements/intra-participant-parallelism/tests/002.test.mjs","pid":3076,"parentPid":3067,"type":"runner:file-start","elapsedMs":145882.18909300002}
check	Run verification	2026-10-05T18:23:55.2700489Z runner: file lifecycle {"entryFile":"/home/runner/work/vibe-fs/vibe-fs/requirements/interaction-authority/tests/023.test.mjs","type":"runner:file-drained","elapsedMs":145924.76879300002}
check	Run verification	2026-10-05T18:23:55.2741254Z runner: file lifecycle {"entryFile":"/home/runner/work/vibe-fs/vibe-fs/requirements/intra-participant-parallelism/tests/003.test.mjs","pid":3076,"parentPid":3067,"type":"runner:file-start","elapsedMs":145928.06127900002}
check	Run verification	2026-10-05T18:23:55.3380654Z runner: file lifecycle {"entryFile":"/home/runner/work/vibe-fs/vibe-fs/requirements/intra-participant-parallelism/tests/002.test.mjs","type":"runner:file-drained","elapsedMs":145992.856386}
check	Run verification	2026-10-05T18:23:55.3407266Z runner: file lifecycle {"entryFile":"/home/runner/work/vibe-fs/vibe-fs/requirements/intra-participant-parallelism/tests/004.test.mjs","pid":3076,"parentPid":3067,"type":"runner:file-start","elapsedMs":145995.557455}
check	Run verification	2026-10-05T18:23:55.3890773Z runner: file lifecycle {"entryFile":"/home/runner/work/vibe-fs/vibe-fs/requirements/intra-participant-parallelism/tests/003.test.mjs","type":"runner:file-drained","elapsedMs":146043.76229900002}
check	Run verification	2026-10-05T18:23:55.3912692Z runner: file lifecycle {"entryFile":"/home/runner/work/vibe-fs/vibe-fs/requirements/intra-participant-parallelism/tests/005.test.mjs","pid":3076,"parentPid":3067,"type":"runner:file-start","elapsedMs":146046.140022}
check	Run verification	2026-10-05T18:23:55.4700744Z runner: file lifecycle {"entryFile":"/home/runner/work/vibe-fs/vibe-fs/requirements/intra-participant-parallelism/tests/004.test.mjs","type":"runner:file-drained","elapsedMs":146124.335025}
check	Run verification	2026-10-05T18:23:55.4732499Z runner: file lifecycle {"entryFile":"/home/runner/work/vibe-fs/vibe-fs/requirements/intra-participant-parallelism/tests/006.test.mjs","pid":3076,"parentPid":3067,"type":"runner:file-start","elapsedMs":146127.483492}
check	Run verification	2026-10-05T18:23:55.5309830Z runner: file lifecycle {"entryFile":"/home/runner/work/vibe-fs/vibe-fs/requirements/intra-participant-parallelism/tests/005.test.mjs","type":"runner:file-drained","elapsedMs":146185.76120600002}
check	Run verification	2026-10-05T18:23:55.5337185Z runner: file lifecycle {"entryFile":"/home/runner/work/vibe-fs/vibe-fs/requirements/intra-participant-parallelism/tests/007.test.mjs","pid":3076,"parentPid":3067,"type":"runner:file-start","elapsedMs":146188.48741200002}
check	Run verification	2026-10-05T18:23:55.5888292Z runner: file lifecycle {"entryFile":"/home/runner/work/vibe-fs/vibe-fs/requirements/intra-participant-parallelism/tests/006.test.mjs","type":"runner:file-drained","elapsedMs":146243.51359100002}
check	Run verification	2026-10-05T18:23:55.5920825Z runner: file lifecycle {"entryFile":"/home/runner/work/vibe-fs/vibe-fs/requirements/intra-participant-parallelism/tests/008.test.mjs","pid":3076,"parentPid":3067,"type":"runner:file-start","elapsedMs":146245.904554}
check	Run verification	2026-10-05T18:23:55.6419946Z runner: file lifecycle {"entryFile":"/home/runner/work/vibe-fs/vibe-fs/requirements/intra-participant-parallelism/tests/007.test.mjs","type":"runner:file-drained","elapsedMs":146295.68506100003}
check	Run verification	2026-10-05T18:23:55.6436106Z runner: file lifecycle {"entryFile":"/home/runner/work/vibe-fs/vibe-fs/requirements/intra-participant-parallelism/tests/009.test.mjs","pid":3076,"parentPid":3067,"type":"runner:file-start","elapsedMs":146298.46715200003}
check	Run verification	2026-10-05T18:23:55.7001724Z runner: file lifecycle {"entryFile":"/home/runner/work/vibe-fs/vibe-fs/requirements/intra-participant-parallelism/tests/008.test.mjs","type":"runner:file-drained","elapsedMs":146354.413054}
check	Run verification	2026-10-05T18:23:55.7023148Z runner: file lifecycle {"entryFile":"/home/runner/work/vibe-fs/vibe-fs/requirements/intra-participant-parallelism/tests/010.test.mjs","pid":3076,"parentPid":3067,"type":"runner:file-start","elapsedMs":146357.12796900002}
check	Run verification	2026-10-05T18:23:55.7530922Z runner: file lifecycle {"entryFile":"/home/runner/work/vibe-fs/vibe-fs/requirements/intra-participant-parallelism/tests/010.test.mjs","type":"runner:file-drained","elapsedMs":146407.365794}
check	Run verification	2026-10-05T18:23:55.7548794Z runner: file lifecycle {"entryFile":"/home/runner/work/vibe-fs/vibe-fs/requirements/intra-participant-parallelism/tests/011.test.mjs","pid":3076,"parentPid":3067,"type":"runner:file-start","elapsedMs":146409.77168600002}
check	Run verification	2026-10-05T18:23:55.8955871Z runner: file lifecycle {"entryFile":"/home/runner/work/vibe-fs/vibe-fs/requirements/intra-participant-parallelism/tests/011.test.mjs","type":"runner:file-drained","elapsedMs":146550.33811}
check	Run verification	2026-10-05T18:23:55.8980771Z runner: file lifecycle {"entryFile":"/home/runner/work/vibe-fs/vibe-fs/requirements/intra-participant-parallelism/tests/012.test.mjs","pid":3076,"parentPid":3067,"type":"runner:file-start","elapsedMs":146552.86014}
check	Run verification	2026-10-05T18:23:56.0100468Z runner: file lifecycle {"entryFile":"/home/runner/work/vibe-fs/vibe-fs/requirements/intra-participant-parallelism/tests/009.test.mjs","type":"runner:file-drained","elapsedMs":146664.231971}
check	Run verification	2026-10-05T18:23:56.0123322Z runner: file lifecycle {"entryFile":"/home/runner/work/vibe-fs/vibe-fs/requirements/intra-participant-parallelism/tests/013.test.mjs","pid":3076,"parentPid":3067,"type":"runner:file-start","elapsedMs":146667.17829900002}
check	Run verification	2026-10-05T18:23:56.4170203Z runner: file lifecycle {"entryFile":"/home/runner/work/vibe-fs/vibe-fs/requirements/intra-participant-parallelism/tests/012.test.mjs","type":"runner:file-drained","elapsedMs":147071.366493}
check	Run verification	2026-10-05T18:23:56.4194455Z runner: file lifecycle {"entryFile":"/home/runner/work/vibe-fs/vibe-fs/requirements/intra-participant-parallelism/tests/014.test.mjs","pid":3076,"parentPid":3067,"type":"runner:file-start","elapsedMs":147074.04258500002}
check	Run verification	2026-10-05T18:23:56.5405080Z runner: file lifecycle {"entryFile":"/home/runner/work/vibe-fs/vibe-fs/requirements/intra-participant-parallelism/tests/014.test.mjs","type":"runner:file-drained","elapsedMs":147193.81360700002}
check	Run verification	2026-10-05T18:23:56.5416582Z runner: file lifecycle {"entryFile":"/home/runner/work/vibe-fs/vibe-fs/requirements/intra-participant-parallelism/tests/015.test.mjs","pid":3076,"parentPid":3067,"type":"runner:file-start","elapsedMs":147196.497734}
check	Run verification	2026-10-05T18:23:56.6840004Z runner: file lifecycle {"entryFile":"/home/runner/work/vibe-fs/vibe-fs/requirements/intra-participant-parallelism/tests/015.test.mjs","type":"runner:file-drained","elapsedMs":147338.726572}
check	Run verification	2026-10-05T18:23:56.6862808Z runner: file lifecycle {"entryFile":"/home/runner/work/vibe-fs/vibe-fs/requirements/intra-participant-parallelism/tests/017.test.mjs","pid":3076,"parentPid":3067,"type":"runner:file-start","elapsedMs":147341.051496}
check	Run verification	2026-10-05T18:23:58.5534906Z runner: file lifecycle {"entryFile":"/home/runner/work/vibe-fs/vibe-fs/requirements/intra-participant-parallelism/tests/013.test.mjs","type":"runner:file-drained","elapsedMs":149208.208856}
check	Run verification	2026-10-05T18:23:58.5558219Z runner: file lifecycle {"entryFile":"/home/runner/work/vibe-fs/vibe-fs/requirements/js-semantic-surface/tests/001.test.mjs","pid":3076,"parentPid":3067,"type":"runner:file-start","elapsedMs":149210.64987700002}
check	Run verification	2026-10-05T18:23:58.7441242Z runner: file lifecycle {"entryFile":"/home/runner/work/vibe-fs/vibe-fs/requirements/js-semantic-surface/tests/001.test.mjs","type":"runner:file-drained","elapsedMs":149398.838128}
check	Run verification	2026-10-05T18:23:58.7462960Z runner: file lifecycle {"entryFile":"/home/runner/work/vibe-fs/vibe-fs/requirements/js-semantic-surface/tests/002.test.mjs","pid":3076,"parentPid":3067,"type":"runner:file-start","elapsedMs":149401.118319}
check	Run verification	2026-10-05T18:23:58.9408758Z runner: file lifecycle {"entryFile":"/home/runner/work/vibe-fs/vibe-fs/requirements/intra-participant-parallelism/tests/017.test.mjs","type":"runner:file-drained","elapsedMs":149594.574036}
check	Run verification	2026-10-05T18:23:58.9435799Z runner: file lifecycle {"entryFile":"/home/runner/work/vibe-fs/vibe-fs/requirements/js-semantic-surface/tests/003.test.mjs","pid":3076,"parentPid":3067,"type":"runner:file-start","elapsedMs":149598.211068}
check	Run verification	2026-10-05T18:24:01.1912380Z js-surface-manifest: 1 violation(s)
check	Run verification	2026-10-05T18:24:01.1913665Z   Owner/Surface.js: law owner-099 is absent from requirements/owner/WHAT.md
check	Run verification	2026-10-05T18:24:01.2191661Z js-boundary-gate: 1 violation(s) across 1 file(s)
check	Run verification	2026-10-05T18:24:01.2193643Z   ../../../../../tmp/js-surface-cZoFf5/requirements/consumer/tests/support/api.mjs:1 [deep-dist-import] import * as api from '../../../../dist/Internal/Unregistered.js'
check	Run verification	2026-10-05T18:24:01.2337795Z runner: file lifecycle {"entryFile":"/home/runner/work/vibe-fs/vibe-fs/requirements/js-semantic-surface/tests/003.test.mjs","type":"runner:file-drained","elapsedMs":151888.55290500002}
check	Run verification	2026-10-05T18:24:01.2366929Z runner: file lifecycle {"entryFile":"/home/runner/work/vibe-fs/vibe-fs/requirements/js-semantic-surface/tests/004.test.mjs","pid":3076,"parentPid":3067,"type":"runner:file-start","elapsedMs":151891.482342}
check	Run verification	2026-10-05T18:24:01.2448874Z runner: file lifecycle {"entryFile":"/home/runner/work/vibe-fs/vibe-fs/requirements/js-semantic-surface/tests/002.test.mjs","type":"runner:file-drained","elapsedMs":151899.711588}
check	Run verification	2026-10-05T18:24:01.2472985Z runner: file lifecycle {"entryFile":"/home/runner/work/vibe-fs/vibe-fs/requirements/js-semantic-surface/tests/005.test.mjs","pid":3076,"parentPid":3067,"type":"runner:file-start","elapsedMs":151902.17231700002}
check	Run verification	2026-10-05T18:24:01.3034250Z runner: file lifecycle {"entryFile":"/home/runner/work/vibe-fs/vibe-fs/requirements/js-semantic-surface/tests/005.test.mjs","type":"runner:file-drained","elapsedMs":151958.289515}
check	Run verification	2026-10-05T18:24:01.3060461Z runner: file lifecycle {"entryFile":"/home/runner/work/vibe-fs/vibe-fs/requirements/js-semantic-surface/tests/006.test.mjs","pid":3076,"parentPid":3067,"type":"runner:file-start","elapsedMs":151960.79722200002}
check	Run verification	2026-10-05T18:24:01.3202417Z runner: file lifecycle {"entryFile":"/home/runner/work/vibe-fs/vibe-fs/requirements/js-semantic-surface/tests/004.test.mjs","type":"runner:file-drained","elapsedMs":151974.884005}
check	Run verification	2026-10-05T18:24:01.3230625Z runner: file lifecycle {"entryFile":"/home/runner/work/vibe-fs/vibe-fs/requirements/knowledge-reuse/tests/001.test.mjs","pid":3076,"parentPid":3067,"type":"runner:file-start","elapsedMs":151977.076922}
check	Run verification	2026-10-05T18:24:01.7439848Z runner: file lifecycle {"entryFile":"/home/runner/work/vibe-fs/vibe-fs/requirements/knowledge-reuse/tests/001.test.mjs","type":"runner:file-drained","elapsedMs":152397.743829}
check	Run verification	2026-10-05T18:24:01.7461281Z runner: file lifecycle {"entryFile":"/home/runner/work/vibe-fs/vibe-fs/requirements/knowledge-reuse/tests/002.test.mjs","pid":3076,"parentPid":3067,"type":"runner:file-start","elapsedMs":152401.040664}
check	Run verification	2026-10-05T18:24:02.1756447Z runner: file lifecycle {"entryFile":"/home/runner/work/vibe-fs/vibe-fs/requirements/knowledge-reuse/tests/002.test.mjs","type":"runner:file-drained","elapsedMs":152830.52690400003}
check	Run verification	2026-10-05T18:24:02.1792227Z runner: file lifecycle {"entryFile":"/home/runner/work/vibe-fs/vibe-fs/requirements/knowledge-reuse/tests/003.test.mjs","pid":3076,"parentPid":3067,"type":"runner:file-start","elapsedMs":152833.20994600002}
check	Run verification	2026-10-05T18:24:02.3340226Z runner: file lifecycle {"entryFile":"/home/runner/work/vibe-fs/vibe-fs/requirements/knowledge-reuse/tests/003.test.mjs","type":"runner:file-drained","elapsedMs":152987.25531100002}
check	Run verification	2026-10-05T18:24:02.3379778Z runner: file lifecycle {"entryFile":"/home/runner/work/vibe-fs/vibe-fs/requirements/knowledge-reuse/tests/004.test.mjs","pid":3076,"parentPid":3067,"type":"runner:file-start","elapsedMs":152992.089385}
check	Run verification	2026-10-05T18:24:02.7544341Z runner: file lifecycle {"entryFile":"/home/runner/work/vibe-fs/vibe-fs/requirements/knowledge-reuse/tests/004.test.mjs","type":"runner:file-drained","elapsedMs":153409.251878}
check	Run verification	2026-10-05T18:24:02.7600002Z runner: file lifecycle {"entryFile":"/home/runner/work/vibe-fs/vibe-fs/requirements/knowledge-reuse/tests/005.test.mjs","pid":3076,"parentPid":3067,"type":"runner:file-start","elapsedMs":153414.57069800003}
check	Run verification	2026-10-05T18:24:03.7461686Z runner: file lifecycle {"entryFile":"/home/runner/work/vibe-fs/vibe-fs/requirements/knowledge-reuse/tests/005.test.mjs","type":"runner:file-drained","elapsedMs":154400.94350000002}
check	Run verification	2026-10-05T18:24:03.7486941Z runner: file lifecycle {"entryFile":"/home/runner/work/vibe-fs/vibe-fs/requirements/knowledge-reuse/tests/006.test.mjs","pid":3076,"parentPid":3067,"type":"runner:file-start","elapsedMs":154403.52082200002}
check	Run verification	2026-10-05T18:24:04.2983694Z runner: file lifecycle {"entryFile":"/home/runner/work/vibe-fs/vibe-fs/requirements/knowledge-reuse/tests/006.test.mjs","type":"runner:file-drained","elapsedMs":154953.117188}
check	Run verification	2026-10-05T18:24:04.3006621Z runner: file lifecycle {"entryFile":"/home/runner/work/vibe-fs/vibe-fs/requirements/knowledge-reuse/tests/007.test.mjs","pid":3076,"parentPid":3067,"type":"runner:file-start","elapsedMs":154955.472107}
check	Run verification	2026-10-05T18:24:04.6420074Z runner: file lifecycle {"entryFile":"/home/runner/work/vibe-fs/vibe-fs/requirements/knowledge-reuse/tests/007.test.mjs","type":"runner:file-drained","elapsedMs":155295.871874}
check	Run verification	2026-10-05T18:24:04.6438216Z runner: file lifecycle {"entryFile":"/home/runner/work/vibe-fs/vibe-fs/requirements/knowledge-reuse/tests/008.test.mjs","pid":3076,"parentPid":3067,"type":"runner:file-start","elapsedMs":155298.602847}
check	Run verification	2026-10-05T18:24:05.0124627Z runner: file lifecycle {"entryFile":"/home/runner/work/vibe-fs/vibe-fs/requirements/knowledge-reuse/tests/008.test.mjs","type":"runner:file-drained","elapsedMs":155666.923507}
check	Run verification	2026-10-05T18:24:05.0146723Z runner: file lifecycle {"entryFile":"/home/runner/work/vibe-fs/vibe-fs/requirements/knowledge-reuse/tests/009.test.mjs","pid":3076,"parentPid":3067,"type":"runner:file-start","elapsedMs":155669.510641}
check	Run verification	2026-10-05T18:24:05.3765957Z runner: file lifecycle {"entryFile":"/home/runner/work/vibe-fs/vibe-fs/requirements/knowledge-reuse/tests/009.test.mjs","type":"runner:file-drained","elapsedMs":156031.43563800002}
check	Run verification	2026-10-05T18:24:05.3792288Z runner: file lifecycle {"entryFile":"/home/runner/work/vibe-fs/vibe-fs/requirements/knowledge-reuse/tests/010.test.mjs","pid":3076,"parentPid":3067,"type":"runner:file-start","elapsedMs":156034.010531}
check	Run verification	2026-10-05T18:24:05.9050088Z js-module-linkage: FAILED — 2 violation(s)
check	Run verification	2026-10-05T18:24:05.9068738Z   consumer.js: failed to load emitted module: Unexpected token '='
check	Run verification	2026-10-05T18:24:05.9078490Z   consumer.js: invalid emitted ESM: <source>: Unexpected token (1:13)
check	Run verification	2026-10-05T18:24:05.9130420Z js-module-linkage: FAILED — 1 violation(s)
check	Run verification	2026-10-05T18:24:05.9132471Z   broken.js: failed to load emitted module: initialization failed
check	Run verification	2026-10-05T18:24:05.9810635Z runner: file lifecycle {"entryFile":"/home/runner/work/vibe-fs/vibe-fs/requirements/js-semantic-surface/tests/006.test.mjs","type":"runner:file-drained","elapsedMs":156635.81943600002}
check	Run verification	2026-10-05T18:24:05.9841066Z runner: file lifecycle {"entryFile":"/home/runner/work/vibe-fs/vibe-fs/requirements/knowledge-reuse/tests/011.test.mjs","pid":3076,"parentPid":3067,"type":"runner:file-start","elapsedMs":156638.35726100003}
check	Run verification	2026-10-05T18:24:06.5281433Z runner: file lifecycle {"entryFile":"/home/runner/work/vibe-fs/vibe-fs/requirements/knowledge-reuse/tests/011.test.mjs","type":"runner:file-drained","elapsedMs":157182.84194800002}
check	Run verification	2026-10-05T18:24:06.5370263Z runner: file lifecycle {"entryFile":"/home/runner/work/vibe-fs/vibe-fs/requirements/knowledge-reuse/tests/012.test.mjs","pid":3076,"parentPid":3067,"type":"runner:file-start","elapsedMs":157189.078905}
check	Run verification	2026-10-05T18:24:06.8004002Z runner: file lifecycle {"entryFile":"/home/runner/work/vibe-fs/vibe-fs/requirements/knowledge-reuse/tests/010.test.mjs","type":"runner:file-drained","elapsedMs":157455.13113800003}
check	Run verification	2026-10-05T18:24:06.8025883Z runner: file lifecycle {"entryFile":"/home/runner/work/vibe-fs/vibe-fs/requirements/knowledge-reuse/tests/013.test.mjs","pid":3076,"parentPid":3067,"type":"runner:file-start","elapsedMs":157457.450167}
check	Run verification	2026-10-05T18:24:06.8568552Z runner: file lifecycle {"entryFile":"/home/runner/work/vibe-fs/vibe-fs/requirements/knowledge-reuse/tests/013.test.mjs","type":"runner:file-drained","elapsedMs":157511.601525}
check	Run verification	2026-10-05T18:24:06.8590124Z runner: file lifecycle {"entryFile":"/home/runner/work/vibe-fs/vibe-fs/requirements/knowledge-reuse/tests/014.test.mjs","pid":3076,"parentPid":3067,"type":"runner:file-start","elapsedMs":157513.86589500002}
check	Run verification	2026-10-05T18:24:06.8974394Z runner: file lifecycle {"entryFile":"/home/runner/work/vibe-fs/vibe-fs/requirements/knowledge-reuse/tests/012.test.mjs","type":"runner:file-drained","elapsedMs":157552.25700500002}
check	Run verification	2026-10-05T18:24:06.9012377Z runner: file lifecycle {"entryFile":"/home/runner/work/vibe-fs/vibe-fs/requirements/knowledge-reuse/tests/015.test.mjs","pid":3076,"parentPid":3067,"type":"runner:file-start","elapsedMs":157555.29067500003}
check	Run verification	2026-10-05T18:24:06.9950390Z runner: file lifecycle {"entryFile":"/home/runner/work/vibe-fs/vibe-fs/requirements/knowledge-reuse/tests/014.test.mjs","type":"runner:file-drained","elapsedMs":157649.77659000002}
check	Run verification	2026-10-05T18:24:06.9972574Z runner: file lifecycle {"entryFile":"/home/runner/work/vibe-fs/vibe-fs/requirements/knowledge-reuse/tests/016.test.mjs","pid":3076,"parentPid":3067,"type":"runner:file-start","elapsedMs":157652.090743}
check	Run verification	2026-10-05T18:24:07.4105092Z runner: file lifecycle {"entryFile":"/home/runner/work/vibe-fs/vibe-fs/requirements/knowledge-reuse/tests/015.test.mjs","type":"runner:file-drained","elapsedMs":158064.807459}
check	Run verification	2026-10-05T18:24:07.4122203Z runner: file lifecycle {"entryFile":"/home/runner/work/vibe-fs/vibe-fs/requirements/managed-chat-execution/tests/001.test.mjs","pid":3076,"parentPid":3067,"type":"runner:file-start","elapsedMs":158067.13521200002}
check	Run verification	2026-10-05T18:24:07.5810472Z runner: file lifecycle {"entryFile":"/home/runner/work/vibe-fs/vibe-fs/requirements/knowledge-reuse/tests/016.test.mjs","type":"runner:file-drained","elapsedMs":158235.66382100002}
check	Run verification	2026-10-05T18:24:07.5835001Z runner: file lifecycle {"entryFile":"/home/runner/work/vibe-fs/vibe-fs/requirements/managed-chat-execution/tests/002.test.mjs","pid":3076,"parentPid":3067,"type":"runner:file-start","elapsedMs":158238.34441000002}
check	Run verification	2026-10-05T18:24:07.7580979Z runner: file lifecycle {"entryFile":"/home/runner/work/vibe-fs/vibe-fs/requirements/managed-chat-execution/tests/001.test.mjs","type":"runner:file-drained","elapsedMs":158412.93915000002}
check	Run verification	2026-10-05T18:24:07.7630705Z runner: file lifecycle {"entryFile":"/home/runner/work/vibe-fs/vibe-fs/requirements/managed-chat-execution/tests/003.test.mjs","pid":3076,"parentPid":3067,"type":"runner:file-start","elapsedMs":158415.62245400003}
check	Run verification	2026-10-05T18:24:07.9495615Z runner: file lifecycle {"entryFile":"/home/runner/work/vibe-fs/vibe-fs/requirements/managed-chat-execution/tests/002.test.mjs","type":"runner:file-drained","elapsedMs":158604.261758}
check	Run verification	2026-10-05T18:24:07.9523066Z runner: file lifecycle {"entryFile":"/home/runner/work/vibe-fs/vibe-fs/requirements/managed-chat-execution/tests/004.test.mjs","pid":3076,"parentPid":3067,"type":"runner:file-start","elapsedMs":158607.059096}
check	Run verification	2026-10-05T18:24:08.4090046Z runner: file lifecycle {"entryFile":"/home/runner/work/vibe-fs/vibe-fs/requirements/managed-chat-execution/tests/004.test.mjs","type":"runner:file-drained","elapsedMs":159063.68175000002}
check	Run verification	2026-10-05T18:24:08.4112320Z runner: file lifecycle {"entryFile":"/home/runner/work/vibe-fs/vibe-fs/requirements/managed-chat-execution/tests/005.test.mjs","pid":3076,"parentPid":3067,"type":"runner:file-start","elapsedMs":159066.08678}
check	Run verification	2026-10-05T18:24:10.5002289Z runner: file lifecycle {"entryFile":"/home/runner/work/vibe-fs/vibe-fs/requirements/managed-chat-execution/tests/003.test.mjs","type":"runner:file-drained","elapsedMs":161153.681901}
check	Run verification	2026-10-05T18:24:10.5022545Z runner: file lifecycle {"entryFile":"/home/runner/work/vibe-fs/vibe-fs/requirements/managed-chat-execution/tests/006.test.mjs","pid":3076,"parentPid":3067,"type":"runner:file-start","elapsedMs":161157.073372}
check	Run verification	2026-10-05T18:24:11.3531837Z runner: file lifecycle {"entryFile":"/home/runner/work/vibe-fs/vibe-fs/requirements/managed-chat-execution/tests/005.test.mjs","type":"runner:file-drained","elapsedMs":162007.921559}
check	Run verification	2026-10-05T18:24:11.3559109Z runner: file lifecycle {"entryFile":"/home/runner/work/vibe-fs/vibe-fs/requirements/managed-chat-execution/tests/007.test.mjs","pid":3076,"parentPid":3067,"type":"runner:file-start","elapsedMs":162010.42255100003}
check	Run verification	2026-10-05T18:24:11.7412951Z runner: file lifecycle {"entryFile":"/home/runner/work/vibe-fs/vibe-fs/requirements/managed-chat-execution/tests/007.test.mjs","type":"runner:file-drained","elapsedMs":162392.885282}
check	Run verification	2026-10-05T18:24:11.7419132Z runner: file lifecycle {"entryFile":"/home/runner/work/vibe-fs/vibe-fs/requirements/managed-chat-execution/tests/008.test.mjs","pid":3076,"parentPid":3067,"type":"runner:file-start","elapsedMs":162396.051756}
check	Run verification	2026-10-05T18:24:11.7949689Z runner: file lifecycle {"entryFile":"/home/runner/work/vibe-fs/vibe-fs/requirements/managed-chat-execution/tests/008.test.mjs","type":"runner:file-drained","elapsedMs":162449.701513}
check	Run verification	2026-10-05T18:24:11.7972447Z runner: file lifecycle {"entryFile":"/home/runner/work/vibe-fs/vibe-fs/requirements/managed-chat-execution/tests/009.test.mjs","pid":3076,"parentPid":3067,"type":"runner:file-start","elapsedMs":162451.906212}
check	Run verification	2026-10-05T18:24:11.8636693Z fatal: not a git repository (or any of the parent directories): .git
check	Run verification	2026-10-05T18:24:11.8712828Z fatal: not a git repository (or any of the parent directories): .git
check	Run verification	2026-10-05T18:24:11.8934357Z fatal: not a git repository (or any of the parent directories): .git
check	Run verification	2026-10-05T18:24:11.8988874Z fatal: not a git repository (or any of the parent directories): .git
check	Run verification	2026-10-05T18:24:11.9044477Z fatal: not a git repository (or any of the parent directories): .git
check	Run verification	2026-10-05T18:24:11.9526773Z fatal: not a git repository (or any of the parent directories): .git
check	Run verification	2026-10-05T18:24:11.9863303Z runner: file lifecycle {"entryFile":"/home/runner/work/vibe-fs/vibe-fs/requirements/managed-chat-execution/tests/009.test.mjs","type":"runner:file-drained","elapsedMs":162641.140858}
check	Run verification	2026-10-05T18:24:11.9892415Z runner: file lifecycle {"entryFile":"/home/runner/work/vibe-fs/vibe-fs/requirements/managed-chat-execution/tests/010.test.mjs","pid":3076,"parentPid":3067,"type":"runner:file-start","elapsedMs":162643.949235}
check	Run verification	2026-10-05T18:24:12.4911166Z runner: file lifecycle {"entryFile":"/home/runner/work/vibe-fs/vibe-fs/requirements/managed-chat-execution/tests/006.test.mjs","type":"runner:file-drained","elapsedMs":163145.847011}
check	Run verification	2026-10-05T18:24:12.4938555Z runner: file lifecycle {"entryFile":"/home/runner/work/vibe-fs/vibe-fs/requirements/managed-chat-execution/tests/011.test.mjs","pid":3076,"parentPid":3067,"type":"runner:file-start","elapsedMs":163148.674322}
check	Run verification	2026-10-05T18:24:13.1430811Z runner: file lifecycle {"entryFile":"/home/runner/work/vibe-fs/vibe-fs/requirements/managed-chat-execution/tests/011.test.mjs","type":"runner:file-drained","elapsedMs":163797.71060400002}
check	Run verification	2026-10-05T18:24:13.1460545Z runner: file lifecycle {"entryFile":"/home/runner/work/vibe-fs/vibe-fs/requirements/managed-chat-execution/tests/012.test.mjs","pid":3076,"parentPid":3067,"type":"runner:file-start","elapsedMs":163800.161987}
check	Run verification	2026-10-05T18:24:13.6721949Z fatal: not a git repository (or any of the parent directories): .git
check	Run verification	2026-10-05T18:24:13.6766003Z fatal: not a git repository (or any of the parent directories): .git
check	Run verification	2026-10-05T18:24:13.6827004Z fatal: not a git repository (or any of the parent directories): .git
check	Run verification	2026-10-05T18:24:13.6882167Z fatal: not a git repository (or any of the parent directories): .git
check	Run verification	2026-10-05T18:24:13.6957154Z fatal: not a git repository (or any of the parent directories): .git
check	Run verification	2026-10-05T18:24:13.7658907Z fatal: not a git repository (or any of the parent directories): .git
check	Run verification	2026-10-05T18:24:13.8796267Z runner: file lifecycle {"entryFile":"/home/runner/work/vibe-fs/vibe-fs/requirements/managed-chat-execution/tests/012.test.mjs","type":"runner:file-drained","elapsedMs":164532.74969700002}
check	Run verification	2026-10-05T18:24:13.8827620Z runner: file lifecycle {"entryFile":"/home/runner/work/vibe-fs/vibe-fs/requirements/managed-chat-execution/tests/013.test.mjs","pid":3076,"parentPid":3067,"type":"runner:file-start","elapsedMs":164537.532527}
check	Run verification	2026-10-05T18:24:14.5868470Z runner: file lifecycle {"entryFile":"/home/runner/work/vibe-fs/vibe-fs/requirements/managed-chat-execution/tests/013.test.mjs","type":"runner:file-drained","elapsedMs":165241.56426800002}
check	Run verification	2026-10-05T18:24:14.5897217Z runner: file lifecycle {"entryFile":"/home/runner/work/vibe-fs/vibe-fs/requirements/managed-chat-execution/tests/014.test.mjs","pid":3076,"parentPid":3067,"type":"runner:file-start","elapsedMs":165244.56431500003}
check	Run verification	2026-10-05T18:24:14.7074523Z runner: file lifecycle {"entryFile":"/home/runner/work/vibe-fs/vibe-fs/requirements/managed-chat-execution/tests/010.test.mjs","type":"runner:file-drained","elapsedMs":165362.16523400001}
check	Run verification	2026-10-05T18:24:14.7119887Z runner: file lifecycle {"entryFile":"/home/runner/work/vibe-fs/vibe-fs/requirements/managed-session-lifecycle/tests/001.test.mjs","pid":3076,"parentPid":3067,"type":"runner:file-start","elapsedMs":165365.47009900003}
check	Run verification	2026-10-05T18:24:14.8457965Z runner: file lifecycle {"entryFile":"/home/runner/work/vibe-fs/vibe-fs/requirements/managed-session-lifecycle/tests/001.test.mjs","type":"runner:file-drained","elapsedMs":165500.49916600002}
check	Run verification	2026-10-05T18:24:14.8483771Z runner: file lifecycle {"entryFile":"/home/runner/work/vibe-fs/vibe-fs/requirements/managed-session-lifecycle/tests/002.test.mjs","pid":3076,"parentPid":3067,"type":"runner:file-start","elapsedMs":165503.20504700002}
check	Run verification	2026-10-05T18:24:14.9552552Z runner: file lifecycle {"entryFile":"/home/runner/work/vibe-fs/vibe-fs/requirements/managed-chat-execution/tests/014.test.mjs","type":"runner:file-drained","elapsedMs":165610.05681}
check	Run verification	2026-10-05T18:24:14.9572045Z runner: file lifecycle {"entryFile":"/home/runner/work/vibe-fs/vibe-fs/requirements/managed-session-lifecycle/tests/003.test.mjs","pid":3076,"parentPid":3067,"type":"runner:file-start","elapsedMs":165612.109616}
check	Run verification	2026-10-05T18:24:14.9582448Z runner: file lifecycle {"entryFile":"/home/runner/work/vibe-fs/vibe-fs/requirements/managed-session-lifecycle/tests/002.test.mjs","type":"runner:file-drained","elapsedMs":165613.163009}
check	Run verification	2026-10-05T18:24:14.9603072Z runner: file lifecycle {"entryFile":"/home/runner/work/vibe-fs/vibe-fs/requirements/managed-session-lifecycle/tests/004.test.mjs","pid":3076,"parentPid":3067,"type":"runner:file-start","elapsedMs":165615.253594}
check	Run verification	2026-10-05T18:24:15.0620756Z runner: file lifecycle {"entryFile":"/home/runner/work/vibe-fs/vibe-fs/requirements/managed-session-lifecycle/tests/003.test.mjs","type":"runner:file-drained","elapsedMs":165716.77916600002}
check	Run verification	2026-10-05T18:24:15.0646874Z runner: file lifecycle {"entryFile":"/home/runner/work/vibe-fs/vibe-fs/requirements/managed-session-lifecycle/tests/005.test.mjs","pid":3076,"parentPid":3067,"type":"runner:file-start","elapsedMs":165719.46270200002}
check	Run verification	2026-10-05T18:24:15.2040758Z runner: file lifecycle {"entryFile":"/home/runner/work/vibe-fs/vibe-fs/requirements/managed-session-lifecycle/tests/005.test.mjs","type":"runner:file-drained","elapsedMs":165858.68097800002}
check	Run verification	2026-10-05T18:24:15.2061266Z runner: file lifecycle {"entryFile":"/home/runner/work/vibe-fs/vibe-fs/requirements/managed-session-lifecycle/tests/006.test.mjs","pid":3076,"parentPid":3067,"type":"runner:file-start","elapsedMs":165860.90174700003}
check	Run verification	2026-10-05T18:24:15.9809382Z runner: file lifecycle {"entryFile":"/home/runner/work/vibe-fs/vibe-fs/requirements/managed-session-lifecycle/tests/004.test.mjs","type":"runner:file-drained","elapsedMs":166635.627959}
check	Run verification	2026-10-05T18:24:15.9831272Z runner: file lifecycle {"entryFile":"/home/runner/work/vibe-fs/vibe-fs/requirements/managed-session-lifecycle/tests/007.test.mjs","pid":3076,"parentPid":3067,"type":"runner:file-start","elapsedMs":166637.989531}
check	Run verification	2026-10-05T18:24:16.2658274Z runner: file lifecycle {"entryFile":"/home/runner/work/vibe-fs/vibe-fs/requirements/managed-session-lifecycle/tests/006.test.mjs","type":"runner:file-drained","elapsedMs":166920.64243200002}
check	Run verification	2026-10-05T18:24:16.2684748Z runner: file lifecycle {"entryFile":"/home/runner/work/vibe-fs/vibe-fs/requirements/managed-session-lifecycle/tests/008.test.mjs","pid":3076,"parentPid":3067,"type":"runner:file-start","elapsedMs":166923.341545}
check	Run verification	2026-10-05T18:24:17.4123249Z runner: file lifecycle {"entryFile":"/home/runner/work/vibe-fs/vibe-fs/requirements/managed-session-lifecycle/tests/007.test.mjs","type":"runner:file-drained","elapsedMs":168067.060069}
check	Run verification	2026-10-05T18:24:17.4143568Z runner: file lifecycle {"entryFile":"/home/runner/work/vibe-fs/vibe-fs/requirements/managed-session-lifecycle/tests/009.test.mjs","pid":3076,"parentPid":3067,"type":"runner:file-start","elapsedMs":168069.18530900002}
check	Run verification	2026-10-05T18:24:17.9601307Z runner: file lifecycle {"entryFile":"/home/runner/work/vibe-fs/vibe-fs/requirements/managed-session-lifecycle/tests/008.test.mjs","type":"runner:file-drained","elapsedMs":168614.82057600003}
check	Run verification	2026-10-05T18:24:17.9623040Z runner: file lifecycle {"entryFile":"/home/runner/work/vibe-fs/vibe-fs/requirements/managed-session-lifecycle/tests/010.test.mjs","pid":3076,"parentPid":3067,"type":"runner:file-start","elapsedMs":168617.171934}
check	Run verification	2026-10-05T18:24:18.1070398Z runner: file lifecycle {"entryFile":"/home/runner/work/vibe-fs/vibe-fs/requirements/managed-session-lifecycle/tests/010.test.mjs","type":"runner:file-drained","elapsedMs":168759.77318000002}
check	Run verification	2026-10-05T18:24:18.1075362Z runner: file lifecycle {"entryFile":"/home/runner/work/vibe-fs/vibe-fs/requirements/managed-session-lifecycle/tests/011.test.mjs","pid":3076,"parentPid":3067,"type":"runner:file-start","elapsedMs":168762.436187}
check	Run verification	2026-10-05T18:24:18.2378846Z runner: file lifecycle {"entryFile":"/home/runner/work/vibe-fs/vibe-fs/requirements/managed-session-lifecycle/tests/011.test.mjs","type":"runner:file-drained","elapsedMs":168892.629466}
check	Run verification	2026-10-05T18:24:18.2412898Z runner: file lifecycle {"entryFile":"/home/runner/work/vibe-fs/vibe-fs/requirements/managed-session-lifecycle/tests/012.test.mjs","pid":3076,"parentPid":3067,"type":"runner:file-start","elapsedMs":168896.06125300002}
check	Run verification	2026-10-05T18:24:18.4864311Z runner: file lifecycle {"entryFile":"/home/runner/work/vibe-fs/vibe-fs/requirements/managed-session-lifecycle/tests/009.test.mjs","type":"runner:file-drained","elapsedMs":169140.233187}
check	Run verification	2026-10-05T18:24:18.4885524Z runner: file lifecycle {"entryFile":"/home/runner/work/vibe-fs/vibe-fs/requirements/managed-session-lifecycle/tests/013.test.mjs","pid":3076,"parentPid":3067,"type":"runner:file-start","elapsedMs":169143.34415400002}
check	Run verification	2026-10-05T18:24:18.6560941Z runner: file lifecycle {"entryFile":"/home/runner/work/vibe-fs/vibe-fs/requirements/managed-session-lifecycle/tests/012.test.mjs","type":"runner:file-drained","elapsedMs":169310.534122}
check	Run verification	2026-10-05T18:24:18.6581120Z runner: file lifecycle {"entryFile":"/home/runner/work/vibe-fs/vibe-fs/requirements/managed-session-lifecycle/tests/014.test.mjs","pid":3076,"parentPid":3067,"type":"runner:file-start","elapsedMs":169312.911364}
check	Run verification	2026-10-05T18:24:19.5102907Z runner: file lifecycle {"entryFile":"/home/runner/work/vibe-fs/vibe-fs/requirements/managed-session-lifecycle/tests/013.test.mjs","type":"runner:file-drained","elapsedMs":170164.988371}
check	Run verification	2026-10-05T18:24:19.5129963Z runner: file lifecycle {"entryFile":"/home/runner/work/vibe-fs/vibe-fs/requirements/managed-session-lifecycle/tests/015.test.mjs","pid":3076,"parentPid":3067,"type":"runner:file-start","elapsedMs":170167.746174}
check	Run verification	2026-10-05T18:24:19.5735062Z runner: file lifecycle {"entryFile":"/home/runner/work/vibe-fs/vibe-fs/requirements/managed-session-lifecycle/tests/014.test.mjs","type":"runner:file-drained","elapsedMs":170228.239613}
check	Run verification	2026-10-05T18:24:19.5761757Z runner: file lifecycle {"entryFile":"/home/runner/work/vibe-fs/vibe-fs/requirements/managed-session-lifecycle/tests/016.test.mjs","pid":3076,"parentPid":3067,"type":"runner:file-start","elapsedMs":170230.850225}
check	Run verification	2026-10-05T18:24:19.7398549Z runner: file lifecycle {"entryFile":"/home/runner/work/vibe-fs/vibe-fs/requirements/managed-session-lifecycle/tests/016.test.mjs","type":"runner:file-drained","elapsedMs":170394.570769}
check	Run verification	2026-10-05T18:24:19.7431539Z runner: file lifecycle {"entryFile":"/home/runner/work/vibe-fs/vibe-fs/requirements/managed-session-lifecycle/tests/017.test.mjs","pid":3076,"parentPid":3067,"type":"runner:file-start","elapsedMs":170397.25348100002}
check	Run verification	2026-10-05T18:24:19.9264441Z runner: file lifecycle {"entryFile":"/home/runner/work/vibe-fs/vibe-fs/requirements/managed-session-lifecycle/tests/017.test.mjs","type":"runner:file-drained","elapsedMs":170581.18663100002}
check	Run verification	2026-10-05T18:24:19.9286862Z runner: file lifecycle {"entryFile":"/home/runner/work/vibe-fs/vibe-fs/requirements/managed-session-lifecycle/tests/018.test.mjs","pid":3076,"parentPid":3067,"type":"runner:file-start","elapsedMs":170583.49402}
check	Run verification	2026-10-05T18:24:20.8422392Z runner: file lifecycle {"entryFile":"/home/runner/work/vibe-fs/vibe-fs/requirements/managed-session-lifecycle/tests/015.test.mjs","type":"runner:file-drained","elapsedMs":171496.99372700002}
check	Run verification	2026-10-05T18:24:20.8448708Z runner: file lifecycle {"entryFile":"/home/runner/work/vibe-fs/vibe-fs/requirements/managed-session-lifecycle/tests/019.test.mjs","pid":3076,"parentPid":3067,"type":"runner:file-start","elapsedMs":171499.686011}
check	Run verification	2026-10-05T18:24:22.1862354Z fatal: not a git repository (or any of the parent directories): .git
check	Run verification	2026-10-05T18:24:22.1912368Z fatal: not a git repository (or any of the parent directories): .git
check	Run verification	2026-10-05T18:24:22.1984318Z fatal: not a git repository (or any of the parent directories): .git
check	Run verification	2026-10-05T18:24:22.2048718Z fatal: not a git repository (or any of the parent directories): .git
check	Run verification	2026-10-05T18:24:22.2109461Z fatal: not a git repository (or any of the parent directories): .git
check	Run verification	2026-10-05T18:24:22.2555010Z fatal: not a git repository (or any of the parent directories): .git
check	Run verification	2026-10-05T18:24:22.7434456Z runner: file lifecycle {"entryFile":"/home/runner/work/vibe-fs/vibe-fs/requirements/managed-session-lifecycle/tests/018.test.mjs","type":"runner:file-drained","elapsedMs":173398.136283}
check	Run verification	2026-10-05T18:24:22.7461738Z runner: file lifecycle {"entryFile":"/home/runner/work/vibe-fs/vibe-fs/requirements/managed-session-lifecycle/tests/020.test.mjs","pid":3076,"parentPid":3067,"type":"runner:file-start","elapsedMs":173400.893867}
check	Run verification	2026-10-05T18:24:22.8182864Z fatal: not a git repository (or any of the parent directories): .git
check	Run verification	2026-10-05T18:24:22.8215504Z fatal: not a git repository (or any of the parent directories): .git
check	Run verification	2026-10-05T18:24:22.8263892Z fatal: not a git repository (or any of the parent directories): .git
check	Run verification	2026-10-05T18:24:22.8306958Z fatal: not a git repository (or any of the parent directories): .git
check	Run verification	2026-10-05T18:24:22.8353890Z fatal: not a git repository (or any of the parent directories): .git
check	Run verification	2026-10-05T18:24:22.8438832Z fatal: not a git repository (or any of the parent directories): .git
check	Run verification	2026-10-05T18:24:23.2123556Z fatal: not a git repository (or any of the parent directories): .git
check	Run verification	2026-10-05T18:24:23.2154674Z fatal: not a git repository (or any of the parent directories): .git
check	Run verification	2026-10-05T18:24:23.2198672Z fatal: not a git repository (or any of the parent directories): .git
check	Run verification	2026-10-05T18:24:23.2242361Z fatal: not a git repository (or any of the parent directories): .git
check	Run verification	2026-10-05T18:24:23.2281142Z fatal: not a git repository (or any of the parent directories): .git
check	Run verification	2026-10-05T18:24:23.2330895Z fatal: not a git repository (or any of the parent directories): .git
check	Run verification	2026-10-05T18:24:23.5412946Z runner: file lifecycle {"entryFile":"/home/runner/work/vibe-fs/vibe-fs/requirements/managed-session-lifecycle/tests/019.test.mjs","type":"runner:file-drained","elapsedMs":174195.994431}
check	Run verification	2026-10-05T18:24:23.5436677Z runner: file lifecycle {"entryFile":"/home/runner/work/vibe-fs/vibe-fs/requirements/managed-session-lifecycle/tests/021.test.mjs","pid":3076,"parentPid":3067,"type":"runner:file-start","elapsedMs":174198.47684800002}
check	Run verification	2026-10-05T18:24:23.6053988Z runner: file lifecycle {"entryFile":"/home/runner/work/vibe-fs/vibe-fs/requirements/managed-session-lifecycle/tests/021.test.mjs","type":"runner:file-drained","elapsedMs":174260.14248}
check	Run verification	2026-10-05T18:24:23.6078433Z runner: file lifecycle {"entryFile":"/home/runner/work/vibe-fs/vibe-fs/requirements/managed-session-lifecycle/tests/022.test.mjs","pid":3076,"parentPid":3067,"type":"runner:file-start","elapsedMs":174262.66290800003}
check	Run verification	2026-10-05T18:24:24.0472854Z runner: file lifecycle {"entryFile":"/home/runner/work/vibe-fs/vibe-fs/requirements/managed-session-lifecycle/tests/022.test.mjs","type":"runner:file-drained","elapsedMs":174702.06724200002}
check	Run verification	2026-10-05T18:24:24.0495938Z runner: file lifecycle {"entryFile":"/home/runner/work/vibe-fs/vibe-fs/requirements/managed-session-lifecycle/tests/023.test.mjs","pid":3076,"parentPid":3067,"type":"runner:file-start","elapsedMs":174704.467777}
check	Run verification	2026-10-05T18:24:24.1388171Z runner: file lifecycle {"entryFile":"/home/runner/work/vibe-fs/vibe-fs/requirements/managed-session-lifecycle/tests/023.test.mjs","type":"runner:file-drained","elapsedMs":174793.54209300003}
check	Run verification	2026-10-05T18:24:24.1420670Z runner: file lifecycle {"entryFile":"/home/runner/work/vibe-fs/vibe-fs/requirements/managed-session-lifecycle/tests/024.test.mjs","pid":3076,"parentPid":3067,"type":"runner:file-start","elapsedMs":174796.479865}
check	Run verification	2026-10-05T18:24:24.3096971Z runner: file lifecycle {"entryFile":"/home/runner/work/vibe-fs/vibe-fs/requirements/managed-session-lifecycle/tests/024.test.mjs","type":"runner:file-drained","elapsedMs":174964.431252}
check	Run verification	2026-10-05T18:24:24.3122061Z runner: file lifecycle {"entryFile":"/home/runner/work/vibe-fs/vibe-fs/requirements/managed-session-lifecycle/tests/025.test.mjs","pid":3076,"parentPid":3067,"type":"runner:file-start","elapsedMs":174966.958084}
check	Run verification	2026-10-05T18:24:25.3797039Z runner: file lifecycle {"entryFile":"/home/runner/work/vibe-fs/vibe-fs/requirements/managed-session-lifecycle/tests/020.test.mjs","type":"runner:file-drained","elapsedMs":176034.541861}
check	Run verification	2026-10-05T18:24:25.3823127Z runner: file lifecycle {"entryFile":"/home/runner/work/vibe-fs/vibe-fs/requirements/obligation-ledger/tests/001.test.mjs","pid":3076,"parentPid":3067,"type":"runner:file-start","elapsedMs":176037.15552600002}
check	Run verification	2026-10-05T18:24:25.3949962Z runner: file lifecycle {"entryFile":"/home/runner/work/vibe-fs/vibe-fs/requirements/managed-session-lifecycle/tests/025.test.mjs","type":"runner:file-drained","elapsedMs":176048.842952}
check	Run verification	2026-10-05T18:24:25.3970805Z runner: file lifecycle {"entryFile":"/home/runner/work/vibe-fs/vibe-fs/requirements/obligation-ledger/tests/002.test.mjs","pid":3076,"parentPid":3067,"type":"runner:file-start","elapsedMs":176051.163738}
check	Run verification	2026-10-05T18:24:25.8041573Z runner: file lifecycle {"entryFile":"/home/runner/work/vibe-fs/vibe-fs/requirements/obligation-ledger/tests/001.test.mjs","type":"runner:file-drained","elapsedMs":176458.86712100002}
check	Run verification	2026-10-05T18:24:25.8063580Z runner: file lifecycle {"entryFile":"/home/runner/work/vibe-fs/vibe-fs/requirements/obligation-ledger/tests/003.test.mjs","pid":3076,"parentPid":3067,"type":"runner:file-start","elapsedMs":176461.18224700002}
check	Run verification	2026-10-05T18:24:25.8162043Z runner: file lifecycle {"entryFile":"/home/runner/work/vibe-fs/vibe-fs/requirements/obligation-ledger/tests/002.test.mjs","type":"runner:file-drained","elapsedMs":176470.628869}
check	Run verification	2026-10-05T18:24:25.8184110Z runner: file lifecycle {"entryFile":"/home/runner/work/vibe-fs/vibe-fs/requirements/obligation-ledger/tests/004.test.mjs","pid":3076,"parentPid":3067,"type":"runner:file-start","elapsedMs":176473.185085}
check	Run verification	2026-10-05T18:24:25.8562566Z runner: file lifecycle {"entryFile":"/home/runner/work/vibe-fs/vibe-fs/requirements/obligation-ledger/tests/003.test.mjs","type":"runner:file-drained","elapsedMs":176511.072897}
check	Run verification	2026-10-05T18:24:25.8594230Z runner: file lifecycle {"entryFile":"/home/runner/work/vibe-fs/vibe-fs/requirements/obligation-ledger/tests/005.test.mjs","pid":3076,"parentPid":3067,"type":"runner:file-start","elapsedMs":176514.10721900003}
check	Run verification	2026-10-05T18:24:26.2752617Z runner: file lifecycle {"entryFile":"/home/runner/work/vibe-fs/vibe-fs/requirements/obligation-ledger/tests/004.test.mjs","type":"runner:file-drained","elapsedMs":176929.945344}
check	Run verification	2026-10-05T18:24:26.2775237Z runner: file lifecycle {"entryFile":"/home/runner/work/vibe-fs/vibe-fs/requirements/obligation-ledger/tests/006.test.mjs","pid":3076,"parentPid":3067,"type":"runner:file-start","elapsedMs":176932.388169}
check	Run verification	2026-10-05T18:24:26.2801159Z runner: file lifecycle {"entryFile":"/home/runner/work/vibe-fs/vibe-fs/requirements/obligation-ledger/tests/005.test.mjs","type":"runner:file-drained","elapsedMs":176933.803829}
check	Run verification	2026-10-05T18:24:26.2811926Z runner: file lifecycle {"entryFile":"/home/runner/work/vibe-fs/vibe-fs/requirements/obligation-ledger/tests/007.test.mjs","pid":3076,"parentPid":3067,"type":"runner:file-start","elapsedMs":176936.11312400002}
check	Run verification	2026-10-05T18:24:26.3280385Z runner: file lifecycle {"entryFile":"/home/runner/work/vibe-fs/vibe-fs/requirements/obligation-ledger/tests/006.test.mjs","type":"runner:file-drained","elapsedMs":176982.879698}
check	Run verification	2026-10-05T18:24:26.3315439Z runner: file lifecycle {"entryFile":"/home/runner/work/vibe-fs/vibe-fs/requirements/office-capability/tests/001.test.mjs","pid":3076,"parentPid":3067,"type":"runner:file-start","elapsedMs":176986.395698}
check	Run verification	2026-10-05T18:24:26.3340737Z runner: file lifecycle {"entryFile":"/home/runner/work/vibe-fs/vibe-fs/requirements/obligation-ledger/tests/007.test.mjs","type":"runner:file-drained","elapsedMs":176988.05674300002}
check	Run verification	2026-10-05T18:24:26.3351923Z runner: file lifecycle {"entryFile":"/home/runner/work/vibe-fs/vibe-fs/requirements/office-capability/tests/003.test.mjs","pid":3076,"parentPid":3067,"type":"runner:file-start","elapsedMs":176990.089589}
check	Run verification	2026-10-05T18:24:26.3812220Z runner: file lifecycle {"entryFile":"/home/runner/work/vibe-fs/vibe-fs/requirements/office-capability/tests/001.test.mjs","type":"runner:file-drained","elapsedMs":177034.460297}
check	Run verification	2026-10-05T18:24:26.3832073Z runner: file lifecycle {"entryFile":"/home/runner/work/vibe-fs/vibe-fs/requirements/office-capability/tests/004.test.mjs","pid":3076,"parentPid":3067,"type":"runner:file-start","elapsedMs":177038.05594400002}
check	Run verification	2026-10-05T18:24:26.4214297Z runner: file lifecycle {"entryFile":"/home/runner/work/vibe-fs/vibe-fs/requirements/office-capability/tests/003.test.mjs","type":"runner:file-drained","elapsedMs":177076.15707500002}
check	Run verification	2026-10-05T18:24:26.4236260Z runner: file lifecycle {"entryFile":"/home/runner/work/vibe-fs/vibe-fs/requirements/office-capability/tests/005.test.mjs","pid":3076,"parentPid":3067,"type":"runner:file-start","elapsedMs":177078.510803}
check	Run verification	2026-10-05T18:24:26.4348018Z runner: file lifecycle {"entryFile":"/home/runner/work/vibe-fs/vibe-fs/requirements/office-capability/tests/004.test.mjs","type":"runner:file-drained","elapsedMs":177089.61605500002}
check	Run verification	2026-10-05T18:24:26.4370637Z runner: file lifecycle {"entryFile":"/home/runner/work/vibe-fs/vibe-fs/requirements/office-capability/tests/006.test.mjs","pid":3076,"parentPid":3067,"type":"runner:file-start","elapsedMs":177091.93387600002}
check	Run verification	2026-10-05T18:24:26.4745008Z runner: file lifecycle {"entryFile":"/home/runner/work/vibe-fs/vibe-fs/requirements/office-capability/tests/005.test.mjs","type":"runner:file-drained","elapsedMs":177129.281315}
check	Run verification	2026-10-05T18:24:26.4767692Z runner: file lifecycle {"entryFile":"/home/runner/work/vibe-fs/vibe-fs/requirements/office-capability/tests/007.test.mjs","pid":3076,"parentPid":3067,"type":"runner:file-start","elapsedMs":177131.631981}
check	Run verification	2026-10-05T18:24:26.4942016Z runner: file lifecycle {"entryFile":"/home/runner/work/vibe-fs/vibe-fs/requirements/office-capability/tests/006.test.mjs","type":"runner:file-drained","elapsedMs":177148.948145}
check	Run verification	2026-10-05T18:24:26.4981124Z runner: file lifecycle {"entryFile":"/home/runner/work/vibe-fs/vibe-fs/requirements/office-capability/tests/011.test.mjs","pid":3076,"parentPid":3067,"type":"runner:file-start","elapsedMs":177151.14588000003}
check	Run verification	2026-10-05T18:24:26.5462984Z runner: file lifecycle {"entryFile":"/home/runner/work/vibe-fs/vibe-fs/requirements/office-capability/tests/011.test.mjs","type":"runner:file-drained","elapsedMs":177201.02602800002}
check	Run verification	2026-10-05T18:24:26.5491160Z runner: file lifecycle {"entryFile":"/home/runner/work/vibe-fs/vibe-fs/requirements/office-capability/tests/012.test.mjs","pid":3076,"parentPid":3067,"type":"runner:file-start","elapsedMs":177203.28087000002}
check	Run verification	2026-10-05T18:24:26.6221146Z runner: file lifecycle {"entryFile":"/home/runner/work/vibe-fs/vibe-fs/requirements/office-capability/tests/007.test.mjs","type":"runner:file-drained","elapsedMs":177276.83441200003}
check	Run verification	2026-10-05T18:24:26.6247203Z runner: file lifecycle {"entryFile":"/home/runner/work/vibe-fs/vibe-fs/requirements/office-capability/tests/015.test.mjs","pid":3076,"parentPid":3067,"type":"runner:file-start","elapsedMs":177279.63420600002}
check	Run verification	2026-10-05T18:24:26.6415872Z runner: file lifecycle {"entryFile":"/home/runner/work/vibe-fs/vibe-fs/requirements/office-capability/tests/012.test.mjs","type":"runner:file-drained","elapsedMs":177294.91511600002}
check	Run verification	2026-10-05T18:24:26.6427069Z runner: file lifecycle {"entryFile":"/home/runner/work/vibe-fs/vibe-fs/requirements/office-capability/tests/016.test.mjs","pid":3076,"parentPid":3067,"type":"runner:file-start","elapsedMs":177297.58737000002}
check	Run verification	2026-10-05T18:24:26.7110283Z runner: file lifecycle {"entryFile":"/home/runner/work/vibe-fs/vibe-fs/requirements/office-capability/tests/015.test.mjs","type":"runner:file-drained","elapsedMs":177365.71947600003}
check	Run verification	2026-10-05T18:24:26.7133342Z runner: file lifecycle {"entryFile":"/home/runner/work/vibe-fs/vibe-fs/requirements/office-capability/tests/017.test.mjs","pid":3076,"parentPid":3067,"type":"runner:file-start","elapsedMs":177368.085166}
check	Run verification	2026-10-05T18:24:26.7290092Z runner: file lifecycle {"entryFile":"/home/runner/work/vibe-fs/vibe-fs/requirements/office-capability/tests/016.test.mjs","type":"runner:file-drained","elapsedMs":177382.257159}
check	Run verification	2026-10-05T18:24:26.7310376Z runner: file lifecycle {"entryFile":"/home/runner/work/vibe-fs/vibe-fs/requirements/office-capability/tests/018.test.mjs","pid":3076,"parentPid":3067,"type":"runner:file-start","elapsedMs":177384.941966}
check	Run verification	2026-10-05T18:24:26.8008089Z runner: file lifecycle {"entryFile":"/home/runner/work/vibe-fs/vibe-fs/requirements/office-capability/tests/017.test.mjs","type":"runner:file-drained","elapsedMs":177455.646397}
check	Run verification	2026-10-05T18:24:26.8044992Z runner: file lifecycle {"entryFile":"/home/runner/work/vibe-fs/vibe-fs/requirements/participant-horizon/tests/001.test.mjs","pid":3076,"parentPid":3067,"type":"runner:file-start","elapsedMs":177458.52060100003}
check	Run verification	2026-10-05T18:24:26.8174327Z runner: file lifecycle {"entryFile":"/home/runner/work/vibe-fs/vibe-fs/requirements/office-capability/tests/018.test.mjs","type":"runner:file-drained","elapsedMs":177472.245754}
check	Run verification	2026-10-05T18:24:26.8220773Z runner: file lifecycle {"entryFile":"/home/runner/work/vibe-fs/vibe-fs/requirements/participant-horizon/tests/002.test.mjs","pid":3076,"parentPid":3067,"type":"runner:file-start","elapsedMs":177476.82646200003}
check	Run verification	2026-10-05T18:24:26.8558937Z runner: file lifecycle {"entryFile":"/home/runner/work/vibe-fs/vibe-fs/requirements/participant-horizon/tests/001.test.mjs","type":"runner:file-drained","elapsedMs":177509.87849700003}
check	Run verification	2026-10-05T18:24:26.8583078Z runner: file lifecycle {"entryFile":"/home/runner/work/vibe-fs/vibe-fs/requirements/participant-horizon/tests/003.test.mjs","pid":3076,"parentPid":3067,"type":"runner:file-start","elapsedMs":177513.136709}
check	Run verification	2026-10-05T18:24:26.8971936Z runner: file lifecycle {"entryFile":"/home/runner/work/vibe-fs/vibe-fs/requirements/participant-horizon/tests/002.test.mjs","type":"runner:file-drained","elapsedMs":177551.99426}
check	Run verification	2026-10-05T18:24:26.9000301Z runner: file lifecycle {"entryFile":"/home/runner/work/vibe-fs/vibe-fs/requirements/participant-horizon/tests/004.test.mjs","pid":3076,"parentPid":3067,"type":"runner:file-start","elapsedMs":177554.109331}
check	Run verification	2026-10-05T18:24:26.9520440Z runner: file lifecycle {"entryFile":"/home/runner/work/vibe-fs/vibe-fs/requirements/participant-horizon/tests/004.test.mjs","type":"runner:file-drained","elapsedMs":177606.794809}
check	Run verification	2026-10-05T18:24:26.9541032Z runner: file lifecycle {"entryFile":"/home/runner/work/vibe-fs/vibe-fs/requirements/participant-horizon/tests/005.test.mjs","pid":3076,"parentPid":3067,"type":"runner:file-start","elapsedMs":177608.929286}
check	Run verification	2026-10-05T18:24:27.1767192Z runner: file lifecycle {"entryFile":"/home/runner/work/vibe-fs/vibe-fs/requirements/participant-horizon/tests/003.test.mjs","type":"runner:file-drained","elapsedMs":177831.474029}
check	Run verification	2026-10-05T18:24:27.1790204Z runner: file lifecycle {"entryFile":"/home/runner/work/vibe-fs/vibe-fs/requirements/participant-horizon/tests/006.test.mjs","pid":3076,"parentPid":3067,"type":"runner:file-start","elapsedMs":177833.85788000003}
check	Run verification	2026-10-05T18:24:27.2308027Z runner: file lifecycle {"entryFile":"/home/runner/work/vibe-fs/vibe-fs/requirements/participant-horizon/tests/006.test.mjs","type":"runner:file-drained","elapsedMs":177884.511946}
check	Run verification	2026-10-05T18:24:27.2319548Z runner: file lifecycle {"entryFile":"/home/runner/work/vibe-fs/vibe-fs/requirements/participant-horizon/tests/007.test.mjs","pid":3076,"parentPid":3067,"type":"runner:file-start","elapsedMs":177886.712314}
check	Run verification	2026-10-05T18:24:27.2761616Z runner: file lifecycle {"entryFile":"/home/runner/work/vibe-fs/vibe-fs/requirements/participant-horizon/tests/005.test.mjs","type":"runner:file-drained","elapsedMs":177930.825975}
check	Run verification	2026-10-05T18:24:27.2799619Z runner: file lifecycle {"entryFile":"/home/runner/work/vibe-fs/vibe-fs/requirements/participant-horizon/tests/008.test.mjs","pid":3076,"parentPid":3067,"type":"runner:file-start","elapsedMs":177933.75716}
check	Run verification	2026-10-05T18:24:27.2858917Z runner: file lifecycle {"entryFile":"/home/runner/work/vibe-fs/vibe-fs/requirements/participant-horizon/tests/007.test.mjs","type":"runner:file-drained","elapsedMs":177940.715754}
check	Run verification	2026-10-05T18:24:27.2885922Z runner: file lifecycle {"entryFile":"/home/runner/work/vibe-fs/vibe-fs/requirements/participant-horizon/tests/009.test.mjs","pid":3076,"parentPid":3067,"type":"runner:file-start","elapsedMs":177943.443379}
check	Run verification	2026-10-05T18:24:27.3333315Z runner: file lifecycle {"entryFile":"/home/runner/work/vibe-fs/vibe-fs/requirements/participant-horizon/tests/008.test.mjs","type":"runner:file-drained","elapsedMs":177986.584164}
check	Run verification	2026-10-05T18:24:27.3350047Z runner: file lifecycle {"entryFile":"/home/runner/work/vibe-fs/vibe-fs/requirements/participant-horizon/tests/010.test.mjs","pid":3076,"parentPid":3067,"type":"runner:file-start","elapsedMs":177989.824238}
check	Run verification	2026-10-05T18:24:28.1086146Z runner: file lifecycle {"entryFile":"/home/runner/work/vibe-fs/vibe-fs/requirements/participant-horizon/tests/009.test.mjs","type":"runner:file-drained","elapsedMs":178763.36445800003}
check	Run verification	2026-10-05T18:24:28.1189307Z runner: file lifecycle {"entryFile":"/home/runner/work/vibe-fs/vibe-fs/requirements/participant-horizon/tests/011.test.mjs","pid":3076,"parentPid":3067,"type":"runner:file-start","elapsedMs":178766.690505}
check	Run verification	2026-10-05T18:24:28.1750467Z runner: file lifecycle {"entryFile":"/home/runner/work/vibe-fs/vibe-fs/requirements/participant-horizon/tests/010.test.mjs","type":"runner:file-drained","elapsedMs":178829.577236}
check	Run verification	2026-10-05T18:24:28.1774566Z runner: file lifecycle {"entryFile":"/home/runner/work/vibe-fs/vibe-fs/requirements/participant-horizon/tests/012.test.mjs","pid":3076,"parentPid":3067,"type":"runner:file-start","elapsedMs":178831.906133}
check	Run verification	2026-10-05T18:24:28.3088956Z runner: file lifecycle {"entryFile":"/home/runner/work/vibe-fs/vibe-fs/requirements/participant-horizon/tests/012.test.mjs","type":"runner:file-drained","elapsedMs":178963.59440700003}
check	Run verification	2026-10-05T18:24:28.3114640Z runner: file lifecycle {"entryFile":"/home/runner/work/vibe-fs/vibe-fs/requirements/participant-horizon/tests/013.test.mjs","pid":3076,"parentPid":3067,"type":"runner:file-start","elapsedMs":178966.26322000002}
check	Run verification	2026-10-05T18:24:28.5315474Z runner: file lifecycle {"entryFile":"/home/runner/work/vibe-fs/vibe-fs/requirements/participant-horizon/tests/013.test.mjs","type":"runner:file-drained","elapsedMs":179186.40503000002}
check	Run verification	2026-10-05T18:24:28.5370235Z runner: file lifecycle {"entryFile":"/home/runner/work/vibe-fs/vibe-fs/requirements/participant-horizon/tests/014.test.mjs","pid":3076,"parentPid":3067,"type":"runner:file-start","elapsedMs":179189.214845}
check	Run verification	2026-10-05T18:24:28.5920586Z runner: file lifecycle {"entryFile":"/home/runner/work/vibe-fs/vibe-fs/requirements/participant-horizon/tests/014.test.mjs","type":"runner:file-drained","elapsedMs":179245.684826}
check	Run verification	2026-10-05T18:24:28.5979999Z runner: file lifecycle {"entryFile":"/home/runner/work/vibe-fs/vibe-fs/requirements/participant-horizon/tests/015.test.mjs","pid":3076,"parentPid":3067,"type":"runner:file-start","elapsedMs":179249.516387}
check	Run verification	2026-10-05T18:24:28.7101330Z runner: file lifecycle {"entryFile":"/home/runner/work/vibe-fs/vibe-fs/requirements/participant-horizon/tests/015.test.mjs","type":"runner:file-drained","elapsedMs":179361.27982700002}
check	Run verification	2026-10-05T18:24:28.7200209Z runner: file lifecycle {"entryFile":"/home/runner/work/vibe-fs/vibe-fs/requirements/participant-identity/tests/001.test.mjs","pid":3076,"parentPid":3067,"type":"runner:file-start","elapsedMs":179372.09188300002}
check	Run verification	2026-10-05T18:24:28.8723087Z runner: file lifecycle {"entryFile":"/home/runner/work/vibe-fs/vibe-fs/requirements/participant-horizon/tests/011.test.mjs","type":"runner:file-drained","elapsedMs":179527.07820400002}
check	Run verification	2026-10-05T18:24:28.8746196Z runner: file lifecycle {"entryFile":"/home/runner/work/vibe-fs/vibe-fs/requirements/participant-identity/tests/002.test.mjs","pid":3076,"parentPid":3067,"type":"runner:file-start","elapsedMs":179529.498534}
check	Run verification	2026-10-05T18:24:28.8933668Z runner: file lifecycle {"entryFile":"/home/runner/work/vibe-fs/vibe-fs/requirements/participant-identity/tests/001.test.mjs","type":"runner:file-drained","elapsedMs":179548.12465}
check	Run verification	2026-10-05T18:24:28.8957107Z runner: file lifecycle {"entryFile":"/home/runner/work/vibe-fs/vibe-fs/requirements/participant-identity/tests/003.test.mjs","pid":3076,"parentPid":3067,"type":"runner:file-start","elapsedMs":179550.484356}
check	Run verification	2026-10-05T18:24:28.9792426Z runner: file lifecycle {"entryFile":"/home/runner/work/vibe-fs/vibe-fs/requirements/participant-identity/tests/003.test.mjs","type":"runner:file-drained","elapsedMs":179634.06283}
check	Run verification	2026-10-05T18:24:28.9820868Z runner: file lifecycle {"entryFile":"/home/runner/work/vibe-fs/vibe-fs/requirements/participant-identity/tests/004.test.mjs","pid":3076,"parentPid":3067,"type":"runner:file-start","elapsedMs":179636.82321300003}
check	Run verification	2026-10-05T18:24:29.4435297Z runner: file lifecycle {"entryFile":"/home/runner/work/vibe-fs/vibe-fs/requirements/participant-identity/tests/004.test.mjs","type":"runner:file-drained","elapsedMs":180098.32078}
check	Run verification	2026-10-05T18:24:29.4472015Z runner: file lifecycle {"entryFile":"/home/runner/work/vibe-fs/vibe-fs/requirements/participant-identity/tests/005.test.mjs","pid":3076,"parentPid":3067,"type":"runner:file-start","elapsedMs":180101.14832200002}
check	Run verification	2026-10-05T18:24:29.5753429Z runner: file lifecycle {"entryFile":"/home/runner/work/vibe-fs/vibe-fs/requirements/participant-identity/tests/002.test.mjs","type":"runner:file-drained","elapsedMs":180230.170109}
check	Run verification	2026-10-05T18:24:29.5776204Z runner: file lifecycle {"entryFile":"/home/runner/work/vibe-fs/vibe-fs/requirements/participant-identity/tests/007.test.mjs","pid":3076,"parentPid":3067,"type":"runner:file-start","elapsedMs":180232.445458}
check	Run verification	2026-10-05T18:24:29.5785719Z runner: file lifecycle {"entryFile":"/home/runner/work/vibe-fs/vibe-fs/requirements/participant-identity/tests/005.test.mjs","type":"runner:file-drained","elapsedMs":180233.49125300001}
check	Run verification	2026-10-05T18:24:29.5807769Z runner: file lifecycle {"entryFile":"/home/runner/work/vibe-fs/vibe-fs/requirements/participant-identity/tests/008.test.mjs","pid":3076,"parentPid":3067,"type":"runner:file-start","elapsedMs":180235.621492}
check	Run verification	2026-10-05T18:24:29.6636915Z runner: file lifecycle {"entryFile":"/home/runner/work/vibe-fs/vibe-fs/requirements/participant-identity/tests/007.test.mjs","type":"runner:file-drained","elapsedMs":180318.46443400002}
check	Run verification	2026-10-05T18:24:29.6660553Z runner: file lifecycle {"entryFile":"/home/runner/work/vibe-fs/vibe-fs/requirements/participant-identity/tests/009.test.mjs","pid":3076,"parentPid":3067,"type":"runner:file-start","elapsedMs":180320.86264}
check	Run verification	2026-10-05T18:24:31.4248183Z runner: file lifecycle {"entryFile":"/home/runner/work/vibe-fs/vibe-fs/requirements/participant-identity/tests/008.test.mjs","type":"runner:file-drained","elapsedMs":182079.529558}
check	Run verification	2026-10-05T18:24:31.4292030Z runner: file lifecycle {"entryFile":"/home/runner/work/vibe-fs/vibe-fs/requirements/participant-identity/tests/010.test.mjs","pid":3076,"parentPid":3067,"type":"runner:file-start","elapsedMs":182083.37300400002}
check	Run verification	2026-10-05T18:24:31.5669167Z runner: file lifecycle {"entryFile":"/home/runner/work/vibe-fs/vibe-fs/requirements/participant-identity/tests/010.test.mjs","type":"runner:file-drained","elapsedMs":182221.633208}
check	Run verification	2026-10-05T18:24:31.5701101Z runner: file lifecycle {"entryFile":"/home/runner/work/vibe-fs/vibe-fs/requirements/prefix-stability/tests/001.test.mjs","pid":3076,"parentPid":3067,"type":"runner:file-start","elapsedMs":182224.149638}
check	Run verification	2026-10-05T18:24:32.2692582Z runner: file lifecycle {"entryFile":"/home/runner/work/vibe-fs/vibe-fs/requirements/participant-identity/tests/009.test.mjs","type":"runner:file-drained","elapsedMs":182923.175802}
check	Run verification	2026-10-05T18:24:32.2706862Z runner: file lifecycle {"entryFile":"/home/runner/work/vibe-fs/vibe-fs/requirements/prefix-stability/tests/002.test.mjs","pid":3076,"parentPid":3067,"type":"runner:file-start","elapsedMs":182925.515137}
check	Run verification	2026-10-05T18:24:32.4483722Z runner: file lifecycle {"entryFile":"/home/runner/work/vibe-fs/vibe-fs/requirements/prefix-stability/tests/002.test.mjs","type":"runner:file-drained","elapsedMs":183102.062991}
check	Run verification	2026-10-05T18:24:32.4495491Z runner: file lifecycle {"entryFile":"/home/runner/work/vibe-fs/vibe-fs/requirements/prefix-stability/tests/003.test.mjs","pid":3076,"parentPid":3067,"type":"runner:file-start","elapsedMs":183104.399566}
check	Run verification	2026-10-05T18:24:33.7378850Z runner: file lifecycle {"entryFile":"/home/runner/work/vibe-fs/vibe-fs/requirements/prefix-stability/tests/001.test.mjs","type":"runner:file-drained","elapsedMs":184392.53433000002}
check	Run verification	2026-10-05T18:24:33.7405156Z runner: file lifecycle {"entryFile":"/home/runner/work/vibe-fs/vibe-fs/requirements/prefix-stability/tests/004.test.mjs","pid":3076,"parentPid":3067,"type":"runner:file-start","elapsedMs":184395.37672300002}
check	Run verification	2026-10-05T18:24:33.8610048Z runner: file lifecycle {"entryFile":"/home/runner/work/vibe-fs/vibe-fs/requirements/prefix-stability/tests/004.test.mjs","type":"runner:file-drained","elapsedMs":184514.87150100002}
check	Run verification	2026-10-05T18:24:33.8630991Z runner: file lifecycle {"entryFile":"/home/runner/work/vibe-fs/vibe-fs/requirements/prefix-stability/tests/005.test.mjs","pid":3076,"parentPid":3067,"type":"runner:file-start","elapsedMs":184517.74590100002}
check	Run verification	2026-10-05T18:24:33.9854734Z runner: file lifecycle {"entryFile":"/home/runner/work/vibe-fs/vibe-fs/requirements/prefix-stability/tests/005.test.mjs","type":"runner:file-drained","elapsedMs":184640.257454}
check	Run verification	2026-10-05T18:24:33.9875749Z runner: file lifecycle {"entryFile":"/home/runner/work/vibe-fs/vibe-fs/requirements/prefix-stability/tests/006.test.mjs","pid":3076,"parentPid":3067,"type":"runner:file-start","elapsedMs":184642.45777}
check	Run verification	2026-10-05T18:24:34.3393808Z runner: file lifecycle {"entryFile":"/home/runner/work/vibe-fs/vibe-fs/requirements/prefix-stability/tests/006.test.mjs","type":"runner:file-drained","elapsedMs":184994.148993}
check	Run verification	2026-10-05T18:24:34.3414739Z runner: file lifecycle {"entryFile":"/home/runner/work/vibe-fs/vibe-fs/requirements/prefix-stability/tests/007.test.mjs","pid":3076,"parentPid":3067,"type":"runner:file-start","elapsedMs":184996.319598}
check	Run verification	2026-10-05T18:24:34.9783997Z runner: file lifecycle {"entryFile":"/home/runner/work/vibe-fs/vibe-fs/requirements/prefix-stability/tests/007.test.mjs","type":"runner:file-drained","elapsedMs":185633.13457700002}
check	Run verification	2026-10-05T18:24:34.9808796Z runner: file lifecycle {"entryFile":"/home/runner/work/vibe-fs/vibe-fs/requirements/prefix-stability/tests/008.test.mjs","pid":3076,"parentPid":3067,"type":"runner:file-start","elapsedMs":185635.72270900002}
check	Run verification	2026-10-05T18:24:35.1873743Z runner: file lifecycle {"entryFile":"/home/runner/work/vibe-fs/vibe-fs/requirements/prefix-stability/tests/008.test.mjs","type":"runner:file-drained","elapsedMs":185842.08321500002}
check	Run verification	2026-10-05T18:24:35.1895578Z runner: file lifecycle {"entryFile":"/home/runner/work/vibe-fs/vibe-fs/requirements/prefix-stability/tests/009.test.mjs","pid":3076,"parentPid":3067,"type":"runner:file-start","elapsedMs":185844.386513}
check	Run verification	2026-10-05T18:24:35.5327285Z runner: file lifecycle {"entryFile":"/home/runner/work/vibe-fs/vibe-fs/requirements/prefix-stability/tests/009.test.mjs","type":"runner:file-drained","elapsedMs":186187.49035900002}
check	Run verification	2026-10-05T18:24:35.5351747Z runner: file lifecycle {"entryFile":"/home/runner/work/vibe-fs/vibe-fs/requirements/prefix-stability/tests/010.test.mjs","pid":3076,"parentPid":3067,"type":"runner:file-start","elapsedMs":186189.99121600002}
check	Run verification	2026-10-05T18:24:36.3576954Z runner: file lifecycle {"entryFile":"/home/runner/work/vibe-fs/vibe-fs/requirements/prefix-stability/tests/010.test.mjs","type":"runner:file-drained","elapsedMs":187012.574025}
check	Run verification	2026-10-05T18:24:36.3616284Z runner: file lifecycle {"entryFile":"/home/runner/work/vibe-fs/vibe-fs/requirements/prefix-stability/tests/011.test.mjs","pid":3076,"parentPid":3067,"type":"runner:file-start","elapsedMs":187016.495457}
check	Run verification	2026-10-05T18:24:36.4076000Z runner: file lifecycle {"entryFile":"/home/runner/work/vibe-fs/vibe-fs/requirements/prefix-stability/tests/011.test.mjs","type":"runner:file-drained","elapsedMs":187062.447396}
check	Run verification	2026-10-05T18:24:36.4096931Z runner: file lifecycle {"entryFile":"/home/runner/work/vibe-fs/vibe-fs/requirements/prefix-stability/tests/012.test.mjs","pid":3076,"parentPid":3067,"type":"runner:file-start","elapsedMs":187064.56230700001}
check	Run verification	2026-10-05T18:24:39.8282853Z runner: file lifecycle {"entryFile":"/home/runner/work/vibe-fs/vibe-fs/requirements/prefix-stability/tests/003.test.mjs","type":"runner:file-drained","elapsedMs":190483.02993100003}
check	Run verification	2026-10-05T18:24:39.8308560Z runner: file lifecycle {"entryFile":"/home/runner/work/vibe-fs/vibe-fs/requirements/prefix-stability/tests/013.test.mjs","pid":3076,"parentPid":3067,"type":"runner:file-start","elapsedMs":190485.59512900002}
check	Run verification	2026-10-05T18:24:39.9726510Z runner: file lifecycle {"entryFile":"/home/runner/work/vibe-fs/vibe-fs/requirements/prefix-stability/tests/013.test.mjs","type":"runner:file-drained","elapsedMs":190627.470646}
check	Run verification	2026-10-05T18:24:39.9755682Z runner: file lifecycle {"entryFile":"/home/runner/work/vibe-fs/vibe-fs/requirements/prefix-stability/tests/014.test.mjs","pid":3076,"parentPid":3067,"type":"runner:file-start","elapsedMs":190630.370937}
check	Run verification	2026-10-05T18:24:40.5263811Z runner: file lifecycle {"entryFile":"/home/runner/work/vibe-fs/vibe-fs/requirements/prefix-stability/tests/014.test.mjs","type":"runner:file-drained","elapsedMs":191181.11952}
check	Run verification	2026-10-05T18:24:40.5288542Z runner: file lifecycle {"entryFile":"/home/runner/work/vibe-fs/vibe-fs/requirements/prefix-stability/tests/015.test.mjs","pid":3076,"parentPid":3067,"type":"runner:file-start","elapsedMs":191183.643867}
check	Run verification	2026-10-05T18:24:40.9195353Z runner: file lifecycle {"entryFile":"/home/runner/work/vibe-fs/vibe-fs/requirements/prefix-stability/tests/015.test.mjs","type":"runner:file-drained","elapsedMs":191574.38781500002}
check	Run verification	2026-10-05T18:24:40.9227711Z runner: file lifecycle {"entryFile":"/home/runner/work/vibe-fs/vibe-fs/requirements/process-execution/tests/001.test.mjs","pid":3076,"parentPid":3067,"type":"runner:file-start","elapsedMs":191577.48290600002}
check	Run verification	2026-10-05T18:24:41.1474270Z runner: file lifecycle {"entryFile":"/home/runner/work/vibe-fs/vibe-fs/requirements/process-execution/tests/001.test.mjs","type":"runner:file-drained","elapsedMs":191802.16312900002}
check	Run verification	2026-10-05T18:24:41.1505190Z runner: file lifecycle {"entryFile":"/home/runner/work/vibe-fs/vibe-fs/requirements/process-execution/tests/002.test.mjs","pid":3076,"parentPid":3067,"type":"runner:file-start","elapsedMs":191805.35153}
check	Run verification	2026-10-05T18:24:43.2887959Z runner: file lifecycle {"entryFile":"/home/runner/work/vibe-fs/vibe-fs/requirements/process-execution/tests/002.test.mjs","type":"runner:file-drained","elapsedMs":193943.535757}
check	Run verification	2026-10-05T18:24:43.2909211Z runner: file lifecycle {"entryFile":"/home/runner/work/vibe-fs/vibe-fs/requirements/process-execution/tests/003.test.mjs","pid":3076,"parentPid":3067,"type":"runner:file-start","elapsedMs":193945.836031}
check	Run verification	2026-10-05T18:24:43.4865604Z runner: file lifecycle {"entryFile":"/home/runner/work/vibe-fs/vibe-fs/requirements/process-execution/tests/003.test.mjs","type":"runner:file-drained","elapsedMs":194141.318116}
check	Run verification	2026-10-05T18:24:43.4887872Z runner: file lifecycle {"entryFile":"/home/runner/work/vibe-fs/vibe-fs/requirements/process-execution/tests/004.test.mjs","pid":3076,"parentPid":3067,"type":"runner:file-start","elapsedMs":194143.58967800002}
check	Run verification	2026-10-05T18:24:44.4436785Z runner: file lifecycle {"entryFile":"/home/runner/work/vibe-fs/vibe-fs/requirements/prefix-stability/tests/012.test.mjs","type":"runner:file-drained","elapsedMs":195098.512919}
check	Run verification	2026-10-05T18:24:44.4457775Z runner: file lifecycle {"entryFile":"/home/runner/work/vibe-fs/vibe-fs/requirements/process-execution/tests/005.test.mjs","pid":3076,"parentPid":3067,"type":"runner:file-start","elapsedMs":195100.645721}
check	Run verification	2026-10-05T18:24:44.7753739Z runner: file lifecycle {"entryFile":"/home/runner/work/vibe-fs/vibe-fs/requirements/process-execution/tests/004.test.mjs","type":"runner:file-drained","elapsedMs":195430.11416000003}
check	Run verification	2026-10-05T18:24:44.7779042Z runner: file lifecycle {"entryFile":"/home/runner/work/vibe-fs/vibe-fs/requirements/process-execution/tests/006.test.mjs","pid":3076,"parentPid":3067,"type":"runner:file-start","elapsedMs":195432.607036}
check	Run verification	2026-10-05T18:24:44.8456374Z runner: file lifecycle {"entryFile":"/home/runner/work/vibe-fs/vibe-fs/requirements/process-execution/tests/005.test.mjs","type":"runner:file-drained","elapsedMs":195500.389964}
check	Run verification	2026-10-05T18:24:44.8480383Z runner: file lifecycle {"entryFile":"/home/runner/work/vibe-fs/vibe-fs/requirements/process-execution/tests/007.test.mjs","pid":3076,"parentPid":3067,"type":"runner:file-start","elapsedMs":195502.757576}
check	Run verification	2026-10-05T18:24:45.1078172Z runner: file lifecycle {"entryFile":"/home/runner/work/vibe-fs/vibe-fs/requirements/process-execution/tests/007.test.mjs","type":"runner:file-drained","elapsedMs":195762.65059200002}
check	Run verification	2026-10-05T18:24:45.1099362Z runner: file lifecycle {"entryFile":"/home/runner/work/vibe-fs/vibe-fs/requirements/process-execution/tests/008.test.mjs","pid":3076,"parentPid":3067,"type":"runner:file-start","elapsedMs":195764.80667800002}
check	Run verification	2026-10-05T18:24:45.2060521Z runner: file lifecycle {"entryFile":"/home/runner/work/vibe-fs/vibe-fs/requirements/process-execution/tests/008.test.mjs","type":"runner:file-drained","elapsedMs":195860.83689}
check	Run verification	2026-10-05T18:24:45.2083716Z runner: file lifecycle {"entryFile":"/home/runner/work/vibe-fs/vibe-fs/requirements/process-execution/tests/009.test.mjs","pid":3076,"parentPid":3067,"type":"runner:file-start","elapsedMs":195863.250581}
check	Run verification	2026-10-05T18:24:45.3549121Z runner: file lifecycle {"entryFile":"/home/runner/work/vibe-fs/vibe-fs/requirements/process-execution/tests/009.test.mjs","type":"runner:file-drained","elapsedMs":196009.69121800002}
check	Run verification	2026-10-05T18:24:45.3572003Z runner: file lifecycle {"entryFile":"/home/runner/work/vibe-fs/vibe-fs/requirements/process-execution/tests/010.test.mjs","pid":3076,"parentPid":3067,"type":"runner:file-start","elapsedMs":196012.10549800002}
check	Run verification	2026-10-05T18:24:45.7707825Z runner: file lifecycle {"entryFile":"/home/runner/work/vibe-fs/vibe-fs/requirements/process-execution/tests/010.test.mjs","type":"runner:file-drained","elapsedMs":196425.553392}
check	Run verification	2026-10-05T18:24:45.7730171Z runner: file lifecycle {"entryFile":"/home/runner/work/vibe-fs/vibe-fs/requirements/process-execution/tests/011.test.mjs","pid":3076,"parentPid":3067,"type":"runner:file-start","elapsedMs":196427.779681}
check	Run verification	2026-10-05T18:24:46.2376381Z runner: file lifecycle {"entryFile":"/home/runner/work/vibe-fs/vibe-fs/requirements/process-execution/tests/011.test.mjs","type":"runner:file-drained","elapsedMs":196892.445956}
check	Run verification	2026-10-05T18:24:46.2398391Z runner: file lifecycle {"entryFile":"/home/runner/work/vibe-fs/vibe-fs/requirements/process-execution/tests/012.test.mjs","pid":3076,"parentPid":3067,"type":"runner:file-start","elapsedMs":196894.643401}
check	Run verification	2026-10-05T18:24:46.3563494Z runner: file lifecycle {"entryFile":"/home/runner/work/vibe-fs/vibe-fs/requirements/process-execution/tests/012.test.mjs","type":"runner:file-drained","elapsedMs":197011.16850600002}
check	Run verification	2026-10-05T18:24:46.3583157Z runner: file lifecycle {"entryFile":"/home/runner/work/vibe-fs/vibe-fs/requirements/process-execution/tests/013.test.mjs","pid":3076,"parentPid":3067,"type":"runner:file-start","elapsedMs":197013.240793}
check	Run verification	2026-10-05T18:24:46.8260938Z runner: file lifecycle {"entryFile":"/home/runner/work/vibe-fs/vibe-fs/requirements/process-execution/tests/013.test.mjs","type":"runner:file-drained","elapsedMs":197480.921043}
check	Run verification	2026-10-05T18:24:46.8282495Z runner: file lifecycle {"entryFile":"/home/runner/work/vibe-fs/vibe-fs/requirements/process-execution/tests/014.test.mjs","pid":3076,"parentPid":3067,"type":"runner:file-start","elapsedMs":197483.121862}
check	Run verification	2026-10-05T18:24:46.9830416Z runner: file lifecycle {"entryFile":"/home/runner/work/vibe-fs/vibe-fs/requirements/process-execution/tests/006.test.mjs","type":"runner:file-drained","elapsedMs":197636.34072200002}
check	Run verification	2026-10-05T18:24:46.9842175Z runner: file lifecycle {"entryFile":"/home/runner/work/vibe-fs/vibe-fs/requirements/process-execution/tests/015.test.mjs","pid":3076,"parentPid":3067,"type":"runner:file-start","elapsedMs":197639.04407300003}
check	Run verification	2026-10-05T18:24:47.3178438Z runner: file lifecycle {"entryFile":"/home/runner/work/vibe-fs/vibe-fs/requirements/process-execution/tests/014.test.mjs","type":"runner:file-drained","elapsedMs":197972.553109}
check	Run verification	2026-10-05T18:24:47.3202215Z runner: file lifecycle {"entryFile":"/home/runner/work/vibe-fs/vibe-fs/requirements/process-execution/tests/016.test.mjs","pid":3076,"parentPid":3067,"type":"runner:file-start","elapsedMs":197975.05233600002}
check	Run verification	2026-10-05T18:24:47.4719625Z runner: file lifecycle {"entryFile":"/home/runner/work/vibe-fs/vibe-fs/requirements/process-execution/tests/016.test.mjs","type":"runner:file-drained","elapsedMs":198126.648706}
check	Run verification	2026-10-05T18:24:47.4743146Z runner: file lifecycle {"entryFile":"/home/runner/work/vibe-fs/vibe-fs/requirements/provider-attempt-recovery/tests/001.test.mjs","pid":3076,"parentPid":3067,"type":"runner:file-start","elapsedMs":198129.184492}
check	Run verification	2026-10-05T18:24:47.7090460Z runner: file lifecycle {"entryFile":"/home/runner/work/vibe-fs/vibe-fs/requirements/process-execution/tests/015.test.mjs","type":"runner:file-drained","elapsedMs":198363.74651300002}
check	Run verification	2026-10-05T18:24:47.7115305Z runner: file lifecycle {"entryFile":"/home/runner/work/vibe-fs/vibe-fs/requirements/provider-attempt-recovery/tests/002.test.mjs","pid":3076,"parentPid":3067,"type":"runner:file-start","elapsedMs":198366.292078}
check	Run verification	2026-10-05T18:24:47.8992006Z runner: file lifecycle {"entryFile":"/home/runner/work/vibe-fs/vibe-fs/requirements/provider-attempt-recovery/tests/001.test.mjs","type":"runner:file-drained","elapsedMs":198552.878139}
check	Run verification	2026-10-05T18:24:47.9012440Z runner: file lifecycle {"entryFile":"/home/runner/work/vibe-fs/vibe-fs/requirements/provider-attempt-recovery/tests/003.test.mjs","pid":3076,"parentPid":3067,"type":"runner:file-start","elapsedMs":198556.068681}
check	Run verification	2026-10-05T18:24:48.1497107Z runner: file lifecycle {"entryFile":"/home/runner/work/vibe-fs/vibe-fs/requirements/provider-attempt-recovery/tests/002.test.mjs","type":"runner:file-drained","elapsedMs":198804.466339}
check	Run verification	2026-10-05T18:24:48.1525296Z runner: file lifecycle {"entryFile":"/home/runner/work/vibe-fs/vibe-fs/requirements/provider-attempt-recovery/tests/004.test.mjs","pid":3076,"parentPid":3067,"type":"runner:file-start","elapsedMs":198807.32537500001}
check	Run verification	2026-10-05T18:24:48.5785679Z runner: file lifecycle {"entryFile":"/home/runner/work/vibe-fs/vibe-fs/requirements/provider-attempt-recovery/tests/003.test.mjs","type":"runner:file-drained","elapsedMs":199233.417718}
check	Run verification	2026-10-05T18:24:48.5815865Z runner: file lifecycle {"entryFile":"/home/runner/work/vibe-fs/vibe-fs/requirements/provider-attempt-recovery/tests/005.test.mjs","pid":3076,"parentPid":3067,"type":"runner:file-start","elapsedMs":199236.406644}
check	Run verification	2026-10-05T18:24:48.7530359Z runner: file lifecycle {"entryFile":"/home/runner/work/vibe-fs/vibe-fs/requirements/provider-attempt-recovery/tests/004.test.mjs","type":"runner:file-drained","elapsedMs":199404.83929200002}
check	Run verification	2026-10-05T18:24:48.7559836Z runner: file lifecycle {"entryFile":"/home/runner/work/vibe-fs/vibe-fs/requirements/provider-attempt-recovery/tests/006.test.mjs","pid":3076,"parentPid":3067,"type":"runner:file-start","elapsedMs":199410.081114}
check	Run verification	2026-10-05T18:24:48.8602320Z runner: file lifecycle {"entryFile":"/home/runner/work/vibe-fs/vibe-fs/requirements/provider-attempt-recovery/tests/006.test.mjs","type":"runner:file-drained","elapsedMs":199515.03822500003}
check	Run verification	2026-10-05T18:24:48.8631035Z runner: file lifecycle {"entryFile":"/home/runner/work/vibe-fs/vibe-fs/requirements/provider-attempt-recovery/tests/007.test.mjs","pid":3076,"parentPid":3067,"type":"runner:file-start","elapsedMs":199517.905807}
check	Run verification	2026-10-05T18:24:49.3446819Z runner: file lifecycle {"entryFile":"/home/runner/work/vibe-fs/vibe-fs/requirements/provider-attempt-recovery/tests/007.test.mjs","type":"runner:file-drained","elapsedMs":199999.38615200002}
check	Run verification	2026-10-05T18:24:49.3500515Z runner: file lifecycle {"entryFile":"/home/runner/work/vibe-fs/vibe-fs/requirements/provider-attempt-recovery/tests/008.test.mjs","pid":3076,"parentPid":3067,"type":"runner:file-start","elapsedMs":200003.088943}
check	Run verification	2026-10-05T18:24:49.3666326Z runner: file lifecycle {"entryFile":"/home/runner/work/vibe-fs/vibe-fs/requirements/provider-attempt-recovery/tests/005.test.mjs","type":"runner:file-drained","elapsedMs":200020.483989}
check	Run verification	2026-10-05T18:24:49.3678285Z runner: file lifecycle {"entryFile":"/home/runner/work/vibe-fs/vibe-fs/requirements/provider-attempt-recovery/tests/009.test.mjs","pid":3076,"parentPid":3067,"type":"runner:file-start","elapsedMs":200022.61258100002}
check	Run verification	2026-10-05T18:24:49.5372822Z runner: file lifecycle {"entryFile":"/home/runner/work/vibe-fs/vibe-fs/requirements/provider-attempt-recovery/tests/008.test.mjs","type":"runner:file-drained","elapsedMs":200192.10440500002}
check	Run verification	2026-10-05T18:24:49.5403814Z runner: file lifecycle {"entryFile":"/home/runner/work/vibe-fs/vibe-fs/requirements/provider-attempt-recovery/tests/010.test.mjs","pid":3076,"parentPid":3067,"type":"runner:file-start","elapsedMs":200194.95790600003}
check	Run verification	2026-10-05T18:24:49.6752725Z runner: file lifecycle {"entryFile":"/home/runner/work/vibe-fs/vibe-fs/requirements/provider-attempt-recovery/tests/010.test.mjs","type":"runner:file-drained","elapsedMs":200329.80065400002}
check	Run verification	2026-10-05T18:24:49.6854435Z runner: file lifecycle {"entryFile":"/home/runner/work/vibe-fs/vibe-fs/requirements/provider-attempt-recovery/tests/011.test.mjs","pid":3076,"parentPid":3067,"type":"runner:file-start","elapsedMs":200337.531129}
check	Run verification	2026-10-05T18:24:49.7545496Z runner: file lifecycle {"entryFile":"/home/runner/work/vibe-fs/vibe-fs/requirements/provider-attempt-recovery/tests/009.test.mjs","type":"runner:file-drained","elapsedMs":200409.149596}
check	Run verification	2026-10-05T18:24:49.7580411Z runner: file lifecycle {"entryFile":"/home/runner/work/vibe-fs/vibe-fs/requirements/provider-attempt-recovery/tests/012.test.mjs","pid":3076,"parentPid":3067,"type":"runner:file-start","elapsedMs":200411.680024}
check	Run verification	2026-10-05T18:24:49.9741953Z runner: file lifecycle {"entryFile":"/home/runner/work/vibe-fs/vibe-fs/requirements/provider-attempt-recovery/tests/012.test.mjs","type":"runner:file-drained","elapsedMs":200628.994752}
check	Run verification	2026-10-05T18:24:49.9769331Z runner: file lifecycle {"entryFile":"/home/runner/work/vibe-fs/vibe-fs/requirements/provider-attempt-recovery/tests/013.test.mjs","pid":3076,"parentPid":3067,"type":"runner:file-start","elapsedMs":200631.70612000002}
check	Run verification	2026-10-05T18:24:50.0949229Z runner: file lifecycle {"entryFile":"/home/runner/work/vibe-fs/vibe-fs/requirements/provider-attempt-recovery/tests/013.test.mjs","type":"runner:file-drained","elapsedMs":200749.65745}
check	Run verification	2026-10-05T18:24:50.0973169Z runner: file lifecycle {"entryFile":"/home/runner/work/vibe-fs/vibe-fs/requirements/provider-attempt-recovery/tests/014.test.mjs","pid":3076,"parentPid":3067,"type":"runner:file-start","elapsedMs":200752.149416}
check	Run verification	2026-10-05T18:24:50.1605133Z runner: file lifecycle {"entryFile":"/home/runner/work/vibe-fs/vibe-fs/requirements/provider-attempt-recovery/tests/011.test.mjs","type":"runner:file-drained","elapsedMs":200814.861095}
check	Run verification	2026-10-05T18:24:50.1626534Z runner: file lifecycle {"entryFile":"/home/runner/work/vibe-fs/vibe-fs/requirements/provider-attempt-recovery/tests/015.test.mjs","pid":3076,"parentPid":3067,"type":"runner:file-start","elapsedMs":200817.479568}
check	Run verification	2026-10-05T18:24:50.5890578Z runner: file lifecycle {"entryFile":"/home/runner/work/vibe-fs/vibe-fs/requirements/provider-attempt-recovery/tests/015.test.mjs","type":"runner:file-drained","elapsedMs":201234.99411700002}
check	Run verification	2026-10-05T18:24:50.5904497Z runner: file lifecycle {"entryFile":"/home/runner/work/vibe-fs/vibe-fs/requirements/provider-attempt-recovery/tests/016.test.mjs","pid":3076,"parentPid":3067,"type":"runner:file-start","elapsedMs":201238.49365000002}
check	Run verification	2026-10-05T18:24:50.6180862Z runner: file lifecycle {"entryFile":"/home/runner/work/vibe-fs/vibe-fs/requirements/provider-attempt-recovery/tests/014.test.mjs","type":"runner:file-drained","elapsedMs":201271.72274300002}
check	Run verification	2026-10-05T18:24:50.6200695Z runner: file lifecycle {"entryFile":"/home/runner/work/vibe-fs/vibe-fs/requirements/provider-attempt-recovery/tests/017.test.mjs","pid":3076,"parentPid":3067,"type":"runner:file-start","elapsedMs":201274.64248900002}
check	Run verification	2026-10-05T18:24:50.7155533Z runner: file lifecycle {"entryFile":"/home/runner/work/vibe-fs/vibe-fs/requirements/provider-attempt-recovery/tests/016.test.mjs","type":"runner:file-drained","elapsedMs":201368.92255800002}
check	Run verification	2026-10-05T18:24:50.7172499Z runner: file lifecycle {"entryFile":"/home/runner/work/vibe-fs/vibe-fs/requirements/provider-attempt-recovery/tests/018.test.mjs","pid":3076,"parentPid":3067,"type":"runner:file-start","elapsedMs":201372.042801}
check	Run verification	2026-10-05T18:24:50.7624056Z runner: file lifecycle {"entryFile":"/home/runner/work/vibe-fs/vibe-fs/requirements/provider-attempt-recovery/tests/017.test.mjs","type":"runner:file-drained","elapsedMs":201417.13572800002}
check	Run verification	2026-10-05T18:24:50.7653095Z runner: file lifecycle {"entryFile":"/home/runner/work/vibe-fs/vibe-fs/requirements/provider-attempt-recovery/tests/019.test.mjs","pid":3076,"parentPid":3067,"type":"runner:file-start","elapsedMs":201419.94128}
check	Run verification	2026-10-05T18:24:50.7809516Z runner: file lifecycle {"entryFile":"/home/runner/work/vibe-fs/vibe-fs/requirements/provider-attempt-recovery/tests/018.test.mjs","type":"runner:file-drained","elapsedMs":201435.598081}
check	Run verification	2026-10-05T18:24:50.7841651Z runner: file lifecycle {"entryFile":"/home/runner/work/vibe-fs/vibe-fs/requirements/provider-attempt-recovery/tests/020.test.mjs","pid":3076,"parentPid":3067,"type":"runner:file-start","elapsedMs":201437.99555000002}
check	Run verification	2026-10-05T18:24:51.2201828Z runner: file lifecycle {"entryFile":"/home/runner/work/vibe-fs/vibe-fs/requirements/provider-attempt-recovery/tests/020.test.mjs","type":"runner:file-drained","elapsedMs":201874.16528000002}
check	Run verification	2026-10-05T18:24:51.2233656Z runner: file lifecycle {"entryFile":"/home/runner/work/vibe-fs/vibe-fs/requirements/provider-attempt-recovery/tests/021.test.mjs","pid":3076,"parentPid":3067,"type":"runner:file-start","elapsedMs":201878.09918100003}
check	Run verification	2026-10-05T18:24:51.2787648Z runner: file lifecycle {"entryFile":"/home/runner/work/vibe-fs/vibe-fs/requirements/provider-attempt-recovery/tests/019.test.mjs","type":"runner:file-drained","elapsedMs":201933.43660500002}
check	Run verification	2026-10-05T18:24:51.2845139Z runner: file lifecycle {"entryFile":"/home/runner/work/vibe-fs/vibe-fs/requirements/provider-attempt-recovery/tests/022.test.mjs","pid":3076,"parentPid":3067,"type":"runner:file-start","elapsedMs":201937.04699}
check	Run verification	2026-10-05T18:24:51.3730119Z runner: file lifecycle {"entryFile":"/home/runner/work/vibe-fs/vibe-fs/requirements/provider-attempt-recovery/tests/022.test.mjs","type":"runner:file-drained","elapsedMs":202027.74629500002}
check	Run verification	2026-10-05T18:24:51.3750375Z runner: file lifecycle {"entryFile":"/home/runner/work/vibe-fs/vibe-fs/requirements/provider-attempt-recovery/tests/023.test.mjs","pid":3076,"parentPid":3067,"type":"runner:file-start","elapsedMs":202029.917317}
check	Run verification	2026-10-05T18:24:51.9040347Z runner: file lifecycle {"entryFile":"/home/runner/work/vibe-fs/vibe-fs/requirements/provider-attempt-recovery/tests/021.test.mjs","type":"runner:file-drained","elapsedMs":202558.053786}
check	Run verification	2026-10-05T18:24:51.9079731Z runner: file lifecycle {"entryFile":"/home/runner/work/vibe-fs/vibe-fs/requirements/provider-language/tests/001.test.mjs","pid":3076,"parentPid":3067,"type":"runner:file-start","elapsedMs":202560.44868700003}
check	Run verification	2026-10-05T18:24:52.0334195Z runner: file lifecycle {"entryFile":"/home/runner/work/vibe-fs/vibe-fs/requirements/provider-attempt-recovery/tests/023.test.mjs","type":"runner:file-drained","elapsedMs":202688.277116}
check	Run verification	2026-10-05T18:24:52.0364176Z runner: file lifecycle {"entryFile":"/home/runner/work/vibe-fs/vibe-fs/requirements/provider-language/tests/002.test.mjs","pid":3076,"parentPid":3067,"type":"runner:file-start","elapsedMs":202691.206303}
check	Run verification	2026-10-05T18:24:52.0435479Z runner: file lifecycle {"entryFile":"/home/runner/work/vibe-fs/vibe-fs/requirements/provider-language/tests/001.test.mjs","type":"runner:file-drained","elapsedMs":202698.348998}
check	Run verification	2026-10-05T18:24:52.0457736Z runner: file lifecycle {"entryFile":"/home/runner/work/vibe-fs/vibe-fs/requirements/provider-language/tests/003.test.mjs","pid":3076,"parentPid":3067,"type":"runner:file-start","elapsedMs":202700.561078}
check	Run verification	2026-10-05T18:24:52.1856351Z runner: file lifecycle {"entryFile":"/home/runner/work/vibe-fs/vibe-fs/requirements/provider-language/tests/002.test.mjs","type":"runner:file-drained","elapsedMs":202840.39001600002}
check	Run verification	2026-10-05T18:24:52.1890372Z runner: file lifecycle {"entryFile":"/home/runner/work/vibe-fs/vibe-fs/requirements/provider-language/tests/004.test.mjs","pid":3076,"parentPid":3067,"type":"runner:file-start","elapsedMs":202842.940739}
check	Run verification	2026-10-05T18:24:52.1960409Z runner: file lifecycle {"entryFile":"/home/runner/work/vibe-fs/vibe-fs/requirements/provider-language/tests/003.test.mjs","type":"runner:file-drained","elapsedMs":202850.831183}
check	Run verification	2026-10-05T18:24:52.1988483Z runner: file lifecycle {"entryFile":"/home/runner/work/vibe-fs/vibe-fs/requirements/provider-language/tests/005.test.mjs","pid":3076,"parentPid":3067,"type":"runner:file-start","elapsedMs":202853.657485}
check	Run verification	2026-10-05T18:24:52.3535778Z runner: file lifecycle {"entryFile":"/home/runner/work/vibe-fs/vibe-fs/requirements/provider-language/tests/004.test.mjs","type":"runner:file-drained","elapsedMs":203008.399995}
check	Run verification	2026-10-05T18:24:52.3560106Z runner: file lifecycle {"entryFile":"/home/runner/work/vibe-fs/vibe-fs/requirements/provider-language/tests/006.test.mjs","pid":3076,"parentPid":3067,"type":"runner:file-start","elapsedMs":203010.831715}
check	Run verification	2026-10-05T18:24:52.4080145Z runner: file lifecycle {"entryFile":"/home/runner/work/vibe-fs/vibe-fs/requirements/provider-language/tests/005.test.mjs","type":"runner:file-drained","elapsedMs":203062.507167}
check	Run verification	2026-10-05T18:24:52.4110109Z runner: file lifecycle {"entryFile":"/home/runner/work/vibe-fs/vibe-fs/requirements/provider-language/tests/007.test.mjs","pid":3076,"parentPid":3067,"type":"runner:file-start","elapsedMs":203065.01734800002}
check	Run verification	2026-10-05T18:24:52.4915153Z runner: file lifecycle {"entryFile":"/home/runner/work/vibe-fs/vibe-fs/requirements/provider-language/tests/006.test.mjs","type":"runner:file-drained","elapsedMs":203146.349882}
check	Run verification	2026-10-05T18:24:52.4944429Z runner: file lifecycle {"entryFile":"/home/runner/work/vibe-fs/vibe-fs/requirements/provider-language/tests/008.test.mjs","pid":3076,"parentPid":3067,"type":"runner:file-start","elapsedMs":203149.24966700003}
check	Run verification	2026-10-05T18:24:52.5505165Z runner: file lifecycle {"entryFile":"/home/runner/work/vibe-fs/vibe-fs/requirements/provider-language/tests/007.test.mjs","type":"runner:file-drained","elapsedMs":203205.28872}
check	Run verification	2026-10-05T18:24:52.5534452Z runner: file lifecycle {"entryFile":"/home/runner/work/vibe-fs/vibe-fs/requirements/provider-language/tests/009.test.mjs","pid":3076,"parentPid":3067,"type":"runner:file-start","elapsedMs":203207.692528}
check	Run verification	2026-10-05T18:24:52.7364499Z runner: file lifecycle {"entryFile":"/home/runner/work/vibe-fs/vibe-fs/requirements/provider-language/tests/008.test.mjs","type":"runner:file-drained","elapsedMs":203391.19254100003}
check	Run verification	2026-10-05T18:24:52.7410927Z runner: file lifecycle {"entryFile":"/home/runner/work/vibe-fs/vibe-fs/requirements/provider-language/tests/010.test.mjs","pid":3076,"parentPid":3067,"type":"runner:file-start","elapsedMs":203395.04453900002}
check	Run verification	2026-10-05T18:24:52.8002981Z runner: file lifecycle {"entryFile":"/home/runner/work/vibe-fs/vibe-fs/requirements/provider-language/tests/010.test.mjs","type":"runner:file-drained","elapsedMs":203455.024543}
check	Run verification	2026-10-05T18:24:52.8031715Z runner: file lifecycle {"entryFile":"/home/runner/work/vibe-fs/vibe-fs/requirements/provider-language/tests/011.test.mjs","pid":3076,"parentPid":3067,"type":"runner:file-start","elapsedMs":203457.823661}
check	Run verification	2026-10-05T18:24:52.8342673Z runner: file lifecycle {"entryFile":"/home/runner/work/vibe-fs/vibe-fs/requirements/provider-language/tests/009.test.mjs","type":"runner:file-drained","elapsedMs":203489.006188}
check	Run verification	2026-10-05T18:24:52.8366438Z runner: file lifecycle {"entryFile":"/home/runner/work/vibe-fs/vibe-fs/requirements/provider-language/tests/012.test.mjs","pid":3076,"parentPid":3067,"type":"runner:file-start","elapsedMs":203491.505674}
check	Run verification	2026-10-05T18:24:52.8782126Z runner: file lifecycle {"entryFile":"/home/runner/work/vibe-fs/vibe-fs/requirements/provider-language/tests/011.test.mjs","type":"runner:file-drained","elapsedMs":203533.00945}
check	Run verification	2026-10-05T18:24:52.8805563Z runner: file lifecycle {"entryFile":"/home/runner/work/vibe-fs/vibe-fs/requirements/provider-language/tests/013.test.mjs","pid":3076,"parentPid":3067,"type":"runner:file-start","elapsedMs":203535.34453700003}
check	Run verification	2026-10-05T18:24:52.8985856Z runner: file lifecycle {"entryFile":"/home/runner/work/vibe-fs/vibe-fs/requirements/provider-language/tests/012.test.mjs","type":"runner:file-drained","elapsedMs":203553.374744}
check	Run verification	2026-10-05T18:24:52.9012772Z runner: file lifecycle {"entryFile":"/home/runner/work/vibe-fs/vibe-fs/requirements/provider-projection/tests/001.test.mjs","pid":3076,"parentPid":3067,"type":"runner:file-start","elapsedMs":203556.06835400002}
check	Run verification	2026-10-05T18:24:53.0111881Z runner: file lifecycle {"entryFile":"/home/runner/work/vibe-fs/vibe-fs/requirements/provider-projection/tests/001.test.mjs","type":"runner:file-drained","elapsedMs":203665.93994900002}
check	Run verification	2026-10-05T18:24:53.0143997Z runner: file lifecycle {"entryFile":"/home/runner/work/vibe-fs/vibe-fs/requirements/provider-projection/tests/002.test.mjs","pid":3076,"parentPid":3067,"type":"runner:file-start","elapsedMs":203669.214752}
check	Run verification	2026-10-05T18:24:53.1329415Z runner: file lifecycle {"entryFile":"/home/runner/work/vibe-fs/vibe-fs/requirements/provider-projection/tests/002.test.mjs","type":"runner:file-drained","elapsedMs":203786.06915700002}
check	Run verification	2026-10-05T18:24:53.1341709Z runner: file lifecycle {"entryFile":"/home/runner/work/vibe-fs/vibe-fs/requirements/provider-projection/tests/003.test.mjs","pid":3076,"parentPid":3067,"type":"runner:file-start","elapsedMs":203787.56203}
check	Run verification	2026-10-05T18:24:53.4593592Z runner: file lifecycle {"entryFile":"/home/runner/work/vibe-fs/vibe-fs/requirements/provider-projection/tests/003.test.mjs","type":"runner:file-drained","elapsedMs":204114.12256000002}
check	Run verification	2026-10-05T18:24:53.4615428Z runner: file lifecycle {"entryFile":"/home/runner/work/vibe-fs/vibe-fs/requirements/provider-projection/tests/004.test.mjs","pid":3076,"parentPid":3067,"type":"runner:file-start","elapsedMs":204116.386204}
check	Run verification	2026-10-05T18:24:53.5716560Z runner: file lifecycle {"entryFile":"/home/runner/work/vibe-fs/vibe-fs/requirements/provider-projection/tests/004.test.mjs","type":"runner:file-drained","elapsedMs":204226.50106}
check	Run verification	2026-10-05T18:24:53.5744042Z runner: file lifecycle {"entryFile":"/home/runner/work/vibe-fs/vibe-fs/requirements/provider-projection/tests/005.test.mjs","pid":3076,"parentPid":3067,"type":"runner:file-start","elapsedMs":204229.20519900002}
check	Run verification	2026-10-05T18:24:53.7577635Z runner: file lifecycle {"entryFile":"/home/runner/work/vibe-fs/vibe-fs/requirements/provider-projection/tests/005.test.mjs","type":"runner:file-drained","elapsedMs":204412.48812300002}
check	Run verification	2026-10-05T18:24:53.7599397Z runner: file lifecycle {"entryFile":"/home/runner/work/vibe-fs/vibe-fs/requirements/provider-projection/tests/006.test.mjs","pid":3076,"parentPid":3067,"type":"runner:file-start","elapsedMs":204414.781397}
check	Run verification	2026-10-05T18:24:53.8150918Z runner: file lifecycle {"entryFile":"/home/runner/work/vibe-fs/vibe-fs/requirements/provider-language/tests/013.test.mjs","type":"runner:file-drained","elapsedMs":204469.898862}
check	Run verification	2026-10-05T18:24:53.8180102Z runner: file lifecycle {"entryFile":"/home/runner/work/vibe-fs/vibe-fs/requirements/provider-projection/tests/007.test.mjs","pid":3076,"parentPid":3067,"type":"runner:file-start","elapsedMs":204472.76765300002}
check	Run verification	2026-10-05T18:24:53.8914029Z runner: file lifecycle {"entryFile":"/home/runner/work/vibe-fs/vibe-fs/requirements/provider-projection/tests/006.test.mjs","type":"runner:file-drained","elapsedMs":204546.15503400002}
check	Run verification	2026-10-05T18:24:53.8939659Z runner: file lifecycle {"entryFile":"/home/runner/work/vibe-fs/vibe-fs/requirements/provider-projection/tests/008.test.mjs","pid":3076,"parentPid":3067,"type":"runner:file-start","elapsedMs":204548.72865300003}
check	Run verification	2026-10-05T18:24:53.8972905Z runner: file lifecycle {"entryFile":"/home/runner/work/vibe-fs/vibe-fs/requirements/provider-projection/tests/007.test.mjs","type":"runner:file-drained","elapsedMs":204552.15734200002}
check	Run verification	2026-10-05T18:24:53.9002275Z runner: file lifecycle {"entryFile":"/home/runner/work/vibe-fs/vibe-fs/requirements/provider-projection/tests/009.test.mjs","pid":3076,"parentPid":3067,"type":"runner:file-start","elapsedMs":204555.0019}
check	Run verification	2026-10-05T18:24:54.1140213Z runner: file lifecycle {"entryFile":"/home/runner/work/vibe-fs/vibe-fs/requirements/provider-projection/tests/008.test.mjs","type":"runner:file-drained","elapsedMs":204768.39356700002}
check	Run verification	2026-10-05T18:24:54.1157936Z runner: file lifecycle {"entryFile":"/home/runner/work/vibe-fs/vibe-fs/requirements/provider-projection/tests/010.test.mjs","pid":3076,"parentPid":3067,"type":"runner:file-start","elapsedMs":204770.608214}
check	Run verification	2026-10-05T18:24:54.1168827Z runner: file lifecycle {"entryFile":"/home/runner/work/vibe-fs/vibe-fs/requirements/provider-projection/tests/009.test.mjs","type":"runner:file-drained","elapsedMs":204771.74541300003}
check	Run verification	2026-10-05T18:24:54.1206951Z runner: file lifecycle {"entryFile":"/home/runner/work/vibe-fs/vibe-fs/requirements/provider-projection/tests/011.test.mjs","pid":3076,"parentPid":3067,"type":"runner:file-start","elapsedMs":204775.458623}
check	Run verification	2026-10-05T18:24:54.4644761Z runner: file lifecycle {"entryFile":"/home/runner/work/vibe-fs/vibe-fs/requirements/provider-projection/tests/010.test.mjs","type":"runner:file-drained","elapsedMs":205119.23707}
check	Run verification	2026-10-05T18:24:54.4672015Z runner: file lifecycle {"entryFile":"/home/runner/work/vibe-fs/vibe-fs/requirements/provider-projection/tests/012.test.mjs","pid":3076,"parentPid":3067,"type":"runner:file-start","elapsedMs":205122.006475}
check	Run verification	2026-10-05T18:24:54.6142872Z runner: file lifecycle {"entryFile":"/home/runner/work/vibe-fs/vibe-fs/requirements/provider-projection/tests/012.test.mjs","type":"runner:file-drained","elapsedMs":205266.153934}
check	Run verification	2026-10-05T18:24:54.6164432Z runner: file lifecycle {"entryFile":"/home/runner/work/vibe-fs/vibe-fs/requirements/provider-projection/tests/013.test.mjs","pid":3076,"parentPid":3067,"type":"runner:file-start","elapsedMs":205269.14797000002}
check	Run verification	2026-10-05T18:24:54.8001937Z runner: file lifecycle {"entryFile":"/home/runner/work/vibe-fs/vibe-fs/requirements/provider-projection/tests/013.test.mjs","type":"runner:file-drained","elapsedMs":205454.900486}
check	Run verification	2026-10-05T18:24:54.8025100Z runner: file lifecycle {"entryFile":"/home/runner/work/vibe-fs/vibe-fs/requirements/provider-projection/tests/014.test.mjs","pid":3076,"parentPid":3067,"type":"runner:file-start","elapsedMs":205457.33323000002}
check	Run verification	2026-10-05T18:24:55.1272441Z runner: file lifecycle {"entryFile":"/home/runner/work/vibe-fs/vibe-fs/requirements/provider-projection/tests/014.test.mjs","type":"runner:file-drained","elapsedMs":205782.010745}
check	Run verification	2026-10-05T18:24:55.1300032Z runner: file lifecycle {"entryFile":"/home/runner/work/vibe-fs/vibe-fs/requirements/relay-assessment/tests/001.test.mjs","pid":3076,"parentPid":3067,"type":"runner:file-start","elapsedMs":205784.43335}
check	Run verification	2026-10-05T18:24:55.2418529Z runner: file lifecycle {"entryFile":"/home/runner/work/vibe-fs/vibe-fs/requirements/relay-assessment/tests/001.test.mjs","type":"runner:file-drained","elapsedMs":205895.58645}
check	Run verification	2026-10-05T18:24:55.2441664Z runner: file lifecycle {"entryFile":"/home/runner/work/vibe-fs/vibe-fs/requirements/relay-assessment/tests/002.test.mjs","pid":3076,"parentPid":3067,"type":"runner:file-start","elapsedMs":205899.056687}
check	Run verification	2026-10-05T18:24:58.8491160Z runner: file lifecycle {"entryFile":"/home/runner/work/vibe-fs/vibe-fs/requirements/relay-assessment/tests/002.test.mjs","type":"runner:file-drained","elapsedMs":209503.821151}
check	Run verification	2026-10-05T18:24:58.8517017Z runner: file lifecycle {"entryFile":"/home/runner/work/vibe-fs/vibe-fs/requirements/relay-assessment/tests/003.test.mjs","pid":3076,"parentPid":3067,"type":"runner:file-start","elapsedMs":209506.46465}
check	Run verification	2026-10-05T18:24:58.9622581Z runner: file lifecycle {"entryFile":"/home/runner/work/vibe-fs/vibe-fs/requirements/relay-assessment/tests/003.test.mjs","type":"runner:file-drained","elapsedMs":209617.024582}
check	Run verification	2026-10-05T18:24:58.9646073Z runner: file lifecycle {"entryFile":"/home/runner/work/vibe-fs/vibe-fs/requirements/relay-assessment/tests/004.test.mjs","pid":3076,"parentPid":3067,"type":"runner:file-start","elapsedMs":209619.405807}
check	Run verification	2026-10-05T18:24:59.0612359Z runner: file lifecycle {"entryFile":"/home/runner/work/vibe-fs/vibe-fs/requirements/relay-assessment/tests/004.test.mjs","type":"runner:file-drained","elapsedMs":209716.06955400002}
check	Run verification	2026-10-05T18:24:59.0665151Z runner: file lifecycle {"entryFile":"/home/runner/work/vibe-fs/vibe-fs/requirements/relay-assessment/tests/005.test.mjs","pid":3076,"parentPid":3067,"type":"runner:file-start","elapsedMs":209720.089749}
check	Run verification	2026-10-05T18:24:59.1652098Z runner: file lifecycle {"entryFile":"/home/runner/work/vibe-fs/vibe-fs/requirements/relay-assessment/tests/005.test.mjs","type":"runner:file-drained","elapsedMs":209820.07360600002}
check	Run verification	2026-10-05T18:24:59.1680628Z runner: file lifecycle {"entryFile":"/home/runner/work/vibe-fs/vibe-fs/requirements/relay-assessment/tests/006.test.mjs","pid":3076,"parentPid":3067,"type":"runner:file-start","elapsedMs":209822.80064700003}
check	Run verification	2026-10-05T18:25:01.2068548Z runner: file lifecycle {"entryFile":"/home/runner/work/vibe-fs/vibe-fs/requirements/relay-assessment/tests/006.test.mjs","type":"runner:file-drained","elapsedMs":211861.11773700002}
check	Run verification	2026-10-05T18:25:01.2080802Z runner: file lifecycle {"entryFile":"/home/runner/work/vibe-fs/vibe-fs/requirements/relay-assessment/tests/007.test.mjs","pid":3076,"parentPid":3067,"type":"runner:file-start","elapsedMs":211861.82439000002}
check	Run verification	2026-10-05T18:25:03.3593942Z runner: file lifecycle {"entryFile":"/home/runner/work/vibe-fs/vibe-fs/requirements/relay-assessment/tests/007.test.mjs","type":"runner:file-drained","elapsedMs":214014.056294}
check	Run verification	2026-10-05T18:25:03.3622714Z runner: file lifecycle {"entryFile":"/home/runner/work/vibe-fs/vibe-fs/requirements/relay-assessment/tests/008.test.mjs","pid":3076,"parentPid":3067,"type":"runner:file-start","elapsedMs":214017.050722}
check	Run verification	2026-10-05T18:25:06.2271168Z runner: file lifecycle {"entryFile":"/home/runner/work/vibe-fs/vibe-fs/requirements/relay-assessment/tests/008.test.mjs","type":"runner:file-drained","elapsedMs":216881.837008}
check	Run verification	2026-10-05T18:25:06.2295581Z runner: file lifecycle {"entryFile":"/home/runner/work/vibe-fs/vibe-fs/requirements/relay-assessment/tests/009.test.mjs","pid":3076,"parentPid":3067,"type":"runner:file-start","elapsedMs":216884.39517700003}
check	Run verification	2026-10-05T18:25:06.2810375Z runner: file lifecycle {"entryFile":"/home/runner/work/vibe-fs/vibe-fs/requirements/relay-assessment/tests/009.test.mjs","type":"runner:file-drained","elapsedMs":216935.745119}
check	Run verification	2026-10-05T18:25:06.2834356Z runner: file lifecycle {"entryFile":"/home/runner/work/vibe-fs/vibe-fs/requirements/relay-assessment/tests/010.test.mjs","pid":3076,"parentPid":3067,"type":"runner:file-start","elapsedMs":216938.27448400002}
check	Run verification	2026-10-05T18:25:06.3924157Z runner: file lifecycle {"entryFile":"/home/runner/work/vibe-fs/vibe-fs/requirements/relay-assessment/tests/010.test.mjs","type":"runner:file-drained","elapsedMs":217046.264124}
check	Run verification	2026-10-05T18:25:06.3944977Z runner: file lifecycle {"entryFile":"/home/runner/work/vibe-fs/vibe-fs/requirements/relay-context-projection/tests/001.test.mjs","pid":3076,"parentPid":3067,"type":"runner:file-start","elapsedMs":217049.343549}
check	Run verification	2026-10-05T18:25:07.9021055Z runner: file lifecycle {"entryFile":"/home/runner/work/vibe-fs/vibe-fs/requirements/provider-projection/tests/011.test.mjs","type":"runner:file-drained","elapsedMs":218556.796936}
check	Run verification	2026-10-05T18:25:07.9046065Z runner: file lifecycle {"entryFile":"/home/runner/work/vibe-fs/vibe-fs/requirements/relay-context-projection/tests/002.test.mjs","pid":3076,"parentPid":3067,"type":"runner:file-start","elapsedMs":218559.399848}
check	Run verification	2026-10-05T18:25:08.6131751Z runner: file lifecycle {"entryFile":"/home/runner/work/vibe-fs/vibe-fs/requirements/relay-context-projection/tests/001.test.mjs","type":"runner:file-drained","elapsedMs":219267.54280400003}
check	Run verification	2026-10-05T18:25:08.6158407Z runner: file lifecycle {"entryFile":"/home/runner/work/vibe-fs/vibe-fs/requirements/relay-context-projection/tests/003.test.mjs","pid":3076,"parentPid":3067,"type":"runner:file-start","elapsedMs":219270.659787}
check	Run verification	2026-10-05T18:25:08.6860228Z runner: file lifecycle {"entryFile":"/home/runner/work/vibe-fs/vibe-fs/requirements/relay-context-projection/tests/003.test.mjs","type":"runner:file-drained","elapsedMs":219340.420156}
check	Run verification	2026-10-05T18:25:08.6882586Z runner: file lifecycle {"entryFile":"/home/runner/work/vibe-fs/vibe-fs/requirements/relay-context-projection/tests/004.test.mjs","pid":3076,"parentPid":3067,"type":"runner:file-start","elapsedMs":219343.113929}
check	Run verification	2026-10-05T18:25:08.7364986Z runner: file lifecycle {"entryFile":"/home/runner/work/vibe-fs/vibe-fs/requirements/relay-context-projection/tests/004.test.mjs","type":"runner:file-drained","elapsedMs":219391.358806}
check	Run verification	2026-10-05T18:25:08.7392956Z runner: file lifecycle {"entryFile":"/home/runner/work/vibe-fs/vibe-fs/requirements/relay-context-projection/tests/005.test.mjs","pid":3076,"parentPid":3067,"type":"runner:file-start","elapsedMs":219394.12984500002}
check	Run verification	2026-10-05T18:25:10.8209453Z runner: file lifecycle {"entryFile":"/home/runner/work/vibe-fs/vibe-fs/requirements/relay-context-projection/tests/005.test.mjs","type":"runner:file-drained","elapsedMs":221473.11343000003}
check	Run verification	2026-10-05T18:25:10.8240396Z runner: file lifecycle {"entryFile":"/home/runner/work/vibe-fs/vibe-fs/requirements/relay-context-projection/tests/006.test.mjs","pid":3076,"parentPid":3067,"type":"runner:file-start","elapsedMs":221475.70095700002}
check	Run verification	2026-10-05T18:25:11.5850451Z runner: file lifecycle {"entryFile":"/home/runner/work/vibe-fs/vibe-fs/requirements/relay-context-projection/tests/002.test.mjs","type":"runner:file-drained","elapsedMs":222239.713766}
check	Run verification	2026-10-05T18:25:11.5873863Z runner: file lifecycle {"entryFile":"/home/runner/work/vibe-fs/vibe-fs/requirements/relay-context-projection/tests/007.test.mjs","pid":3076,"parentPid":3067,"type":"runner:file-start","elapsedMs":222242.25258}
check	Run verification	2026-10-05T18:25:11.6386324Z runner: file lifecycle {"entryFile":"/home/runner/work/vibe-fs/vibe-fs/requirements/relay-context-projection/tests/007.test.mjs","type":"runner:file-drained","elapsedMs":222292.33021500002}
check	Run verification	2026-10-05T18:25:11.6399638Z runner: file lifecycle {"entryFile":"/home/runner/work/vibe-fs/vibe-fs/requirements/relay-context-projection/tests/008.test.mjs","pid":3076,"parentPid":3067,"type":"runner:file-start","elapsedMs":222294.75184900002}
check	Run verification	2026-10-05T18:25:12.9130545Z runner: file lifecycle {"entryFile":"/home/runner/work/vibe-fs/vibe-fs/requirements/relay-context-projection/tests/006.test.mjs","type":"runner:file-drained","elapsedMs":223566.35306400002}
check	Run verification	2026-10-05T18:25:12.9152949Z runner: file lifecycle {"entryFile":"/home/runner/work/vibe-fs/vibe-fs/requirements/relay-context-projection/tests/009.test.mjs","pid":3076,"parentPid":3067,"type":"runner:file-start","elapsedMs":223570.086065}
check	Run verification	2026-10-05T18:25:12.9794135Z runner: file lifecycle {"entryFile":"/home/runner/work/vibe-fs/vibe-fs/requirements/relay-context-projection/tests/009.test.mjs","type":"runner:file-drained","elapsedMs":223634.202454}
check	Run verification	2026-10-05T18:25:12.9819013Z runner: file lifecycle {"entryFile":"/home/runner/work/vibe-fs/vibe-fs/requirements/relay-incumbency/tests/001.test.mjs","pid":3076,"parentPid":3067,"type":"runner:file-start","elapsedMs":223636.69164}
check	Run verification	2026-10-05T18:25:13.0745824Z runner: file lifecycle {"entryFile":"/home/runner/work/vibe-fs/vibe-fs/requirements/relay-incumbency/tests/001.test.mjs","type":"runner:file-drained","elapsedMs":223729.43643}
check	Run verification	2026-10-05T18:25:13.0792782Z runner: file lifecycle {"entryFile":"/home/runner/work/vibe-fs/vibe-fs/requirements/relay-incumbency/tests/002.test.mjs","pid":3076,"parentPid":3067,"type":"runner:file-start","elapsedMs":223734.05187700002}
check	Run verification	2026-10-05T18:25:13.2071007Z runner: file lifecycle {"entryFile":"/home/runner/work/vibe-fs/vibe-fs/requirements/relay-incumbency/tests/002.test.mjs","type":"runner:file-drained","elapsedMs":223861.495257}
check	Run verification	2026-10-05T18:25:13.2092216Z runner: file lifecycle {"entryFile":"/home/runner/work/vibe-fs/vibe-fs/requirements/relay-incumbency/tests/003.test.mjs","pid":3076,"parentPid":3067,"type":"runner:file-start","elapsedMs":223864.051722}
check	Run verification	2026-10-05T18:25:13.3061726Z runner: file lifecycle {"entryFile":"/home/runner/work/vibe-fs/vibe-fs/requirements/relay-incumbency/tests/003.test.mjs","type":"runner:file-drained","elapsedMs":223960.885252}
check	Run verification	2026-10-05T18:25:13.3085108Z runner: file lifecycle {"entryFile":"/home/runner/work/vibe-fs/vibe-fs/requirements/relay-incumbency/tests/004.test.mjs","pid":3076,"parentPid":3067,"type":"runner:file-start","elapsedMs":223963.335586}
check	Run verification	2026-10-05T18:25:13.4090158Z runner: file lifecycle {"entryFile":"/home/runner/work/vibe-fs/vibe-fs/requirements/relay-incumbency/tests/004.test.mjs","type":"runner:file-drained","elapsedMs":224063.75254500002}
check	Run verification	2026-10-05T18:25:13.4115058Z runner: file lifecycle {"entryFile":"/home/runner/work/vibe-fs/vibe-fs/requirements/relay-incumbency/tests/005.test.mjs","pid":3076,"parentPid":3067,"type":"runner:file-start","elapsedMs":224066.31069500002}
check	Run verification	2026-10-05T18:25:13.5108887Z runner: file lifecycle {"entryFile":"/home/runner/work/vibe-fs/vibe-fs/requirements/relay-incumbency/tests/005.test.mjs","type":"runner:file-drained","elapsedMs":224165.66794100002}
check	Run verification	2026-10-05T18:25:13.5133843Z runner: file lifecycle {"entryFile":"/home/runner/work/vibe-fs/vibe-fs/requirements/relay-incumbency/tests/006.test.mjs","pid":3076,"parentPid":3067,"type":"runner:file-start","elapsedMs":224168.18797}
check	Run verification	2026-10-05T18:25:13.6292581Z runner: file lifecycle {"entryFile":"/home/runner/work/vibe-fs/vibe-fs/requirements/relay-incumbency/tests/006.test.mjs","type":"runner:file-drained","elapsedMs":224283.956714}
check	Run verification	2026-10-05T18:25:13.6315810Z runner: file lifecycle {"entryFile":"/home/runner/work/vibe-fs/vibe-fs/requirements/relay-incumbency/tests/008.test.mjs","pid":3076,"parentPid":3067,"type":"runner:file-start","elapsedMs":224286.41935900002}
check	Run verification	2026-10-05T18:25:13.6706797Z runner: file lifecycle {"entryFile":"/home/runner/work/vibe-fs/vibe-fs/requirements/relay-context-projection/tests/008.test.mjs","type":"runner:file-drained","elapsedMs":224325.407382}
check	Run verification	2026-10-05T18:25:13.6735855Z runner: file lifecycle {"entryFile":"/home/runner/work/vibe-fs/vibe-fs/requirements/relay-incumbency/tests/009.test.mjs","pid":3076,"parentPid":3067,"type":"runner:file-start","elapsedMs":224328.39806200002}
check	Run verification	2026-10-05T18:25:13.7393619Z runner: file lifecycle {"entryFile":"/home/runner/work/vibe-fs/vibe-fs/requirements/relay-incumbency/tests/008.test.mjs","type":"runner:file-drained","elapsedMs":224393.952064}
check	Run verification	2026-10-05T18:25:13.7451065Z runner: file lifecycle {"entryFile":"/home/runner/work/vibe-fs/vibe-fs/requirements/relay-incumbency/tests/010.test.mjs","pid":3076,"parentPid":3067,"type":"runner:file-start","elapsedMs":224399.457112}
check	Run verification	2026-10-05T18:25:13.7917674Z runner: file lifecycle {"entryFile":"/home/runner/work/vibe-fs/vibe-fs/requirements/relay-incumbency/tests/009.test.mjs","type":"runner:file-drained","elapsedMs":224446.55945600002}
check	Run verification	2026-10-05T18:25:13.7943883Z runner: file lifecycle {"entryFile":"/home/runner/work/vibe-fs/vibe-fs/requirements/relay-incumbency/tests/011.test.mjs","pid":3076,"parentPid":3067,"type":"runner:file-start","elapsedMs":224449.229564}
check	Run verification	2026-10-05T18:25:13.8500421Z runner: file lifecycle {"entryFile":"/home/runner/work/vibe-fs/vibe-fs/requirements/relay-incumbency/tests/010.test.mjs","type":"runner:file-drained","elapsedMs":224503.81086700002}
check	Run verification	2026-10-05T18:25:13.8512456Z runner: file lifecycle {"entryFile":"/home/runner/work/vibe-fs/vibe-fs/requirements/relay-incumbency/tests/012.test.mjs","pid":3076,"parentPid":3067,"type":"runner:file-start","elapsedMs":224506.100821}
check	Run verification	2026-10-05T18:25:13.8914677Z runner: file lifecycle {"entryFile":"/home/runner/work/vibe-fs/vibe-fs/requirements/relay-incumbency/tests/011.test.mjs","type":"runner:file-drained","elapsedMs":224546.17750000002}
check	Run verification	2026-10-05T18:25:13.8935677Z runner: file lifecycle {"entryFile":"/home/runner/work/vibe-fs/vibe-fs/requirements/relay-incumbency/tests/013.test.mjs","pid":3076,"parentPid":3067,"type":"runner:file-start","elapsedMs":224548.420289}
check	Run verification	2026-10-05T18:25:13.9450325Z runner: file lifecycle {"entryFile":"/home/runner/work/vibe-fs/vibe-fs/requirements/relay-incumbency/tests/012.test.mjs","type":"runner:file-drained","elapsedMs":224598.80833600002}
check	Run verification	2026-10-05T18:25:13.9470459Z runner: file lifecycle {"entryFile":"/home/runner/work/vibe-fs/vibe-fs/requirements/relay-retirement/tests/001.test.mjs","pid":3076,"parentPid":3067,"type":"runner:file-start","elapsedMs":224601.13766500002}
check	Run verification	2026-10-05T18:25:13.9956171Z runner: file lifecycle {"entryFile":"/home/runner/work/vibe-fs/vibe-fs/requirements/relay-incumbency/tests/013.test.mjs","type":"runner:file-drained","elapsedMs":224650.42995000002}
check	Run verification	2026-10-05T18:25:13.9982068Z runner: file lifecycle {"entryFile":"/home/runner/work/vibe-fs/vibe-fs/requirements/relay-retirement/tests/002.test.mjs","pid":3076,"parentPid":3067,"type":"runner:file-start","elapsedMs":224653.062108}
check	Run verification	2026-10-05T18:25:14.0000090Z runner: file lifecycle {"entryFile":"/home/runner/work/vibe-fs/vibe-fs/requirements/relay-retirement/tests/001.test.mjs","type":"runner:file-drained","elapsedMs":224654.900851}
check	Run verification	2026-10-05T18:25:14.0033595Z runner: file lifecycle {"entryFile":"/home/runner/work/vibe-fs/vibe-fs/requirements/relay-retirement/tests/003.test.mjs","pid":3076,"parentPid":3067,"type":"runner:file-start","elapsedMs":224657.283113}
check	Run verification	2026-10-05T18:25:15.9484505Z runner: file lifecycle {"entryFile":"/home/runner/work/vibe-fs/vibe-fs/requirements/relay-retirement/tests/002.test.mjs","type":"runner:file-drained","elapsedMs":226603.20652600002}
check	Run verification	2026-10-05T18:25:15.9590337Z runner: file lifecycle {"entryFile":"/home/runner/work/vibe-fs/vibe-fs/requirements/relay-retirement/tests/004.test.mjs","pid":3076,"parentPid":3067,"type":"runner:file-start","elapsedMs":226609.613478}
check	Run verification	2026-10-05T18:25:16.1403064Z runner: file lifecycle {"entryFile":"/home/runner/work/vibe-fs/vibe-fs/requirements/relay-retirement/tests/003.test.mjs","type":"runner:file-drained","elapsedMs":226792.876996}
check	Run verification	2026-10-05T18:25:16.1416421Z runner: file lifecycle {"entryFile":"/home/runner/work/vibe-fs/vibe-fs/requirements/relay-retirement/tests/007.test.mjs","pid":3076,"parentPid":3067,"type":"runner:file-start","elapsedMs":226796.39817600002}
check	Run verification	2026-10-05T18:25:16.2649441Z runner: file lifecycle {"entryFile":"/home/runner/work/vibe-fs/vibe-fs/requirements/relay-retirement/tests/007.test.mjs","type":"runner:file-drained","elapsedMs":226919.66739800002}
check	Run verification	2026-10-05T18:25:16.2672880Z runner: file lifecycle {"entryFile":"/home/runner/work/vibe-fs/vibe-fs/requirements/relay-retirement/tests/008.test.mjs","pid":3076,"parentPid":3067,"type":"runner:file-start","elapsedMs":226922.1155}
check	Run verification	2026-10-05T18:25:18.1430464Z runner: file lifecycle {"entryFile":"/home/runner/work/vibe-fs/vibe-fs/requirements/relay-retirement/tests/004.test.mjs","type":"runner:file-drained","elapsedMs":228796.761518}
check	Run verification	2026-10-05T18:25:18.1500168Z runner: file lifecycle {"entryFile":"/home/runner/work/vibe-fs/vibe-fs/requirements/relay-retirement/tests/009.test.mjs","pid":3076,"parentPid":3067,"type":"runner:file-start","elapsedMs":228801.103665}
check	Run verification	2026-10-05T18:25:19.0900021Z runner: file lifecycle {"entryFile":"/home/runner/work/vibe-fs/vibe-fs/requirements/relay-retirement/tests/009.test.mjs","type":"runner:file-drained","elapsedMs":229742.21908200003}
check	Run verification	2026-10-05T18:25:19.0902113Z runner: file lifecycle {"entryFile":"/home/runner/work/vibe-fs/vibe-fs/requirements/repository-investigation/tests/001.test.mjs","pid":3076,"parentPid":3067,"type":"runner:file-start","elapsedMs":229745.02554}
check	Run verification	2026-10-05T18:25:19.1600016Z runner: file lifecycle {"entryFile":"/home/runner/work/vibe-fs/vibe-fs/requirements/repository-investigation/tests/001.test.mjs","type":"runner:file-drained","elapsedMs":229813.362884}
check	Run verification	2026-10-05T18:25:19.1627771Z runner: file lifecycle {"entryFile":"/home/runner/work/vibe-fs/vibe-fs/requirements/repository-investigation/tests/002.test.mjs","pid":3076,"parentPid":3067,"type":"runner:file-start","elapsedMs":229817.58657900002}
check	Run verification	2026-10-05T18:25:19.3057100Z runner: file lifecycle {"entryFile":"/home/runner/work/vibe-fs/vibe-fs/requirements/repository-investigation/tests/002.test.mjs","type":"runner:file-drained","elapsedMs":229960.42261500002}
check	Run verification	2026-10-05T18:25:19.3080137Z runner: file lifecycle {"entryFile":"/home/runner/work/vibe-fs/vibe-fs/requirements/repository-investigation/tests/003.test.mjs","pid":3076,"parentPid":3067,"type":"runner:file-start","elapsedMs":229962.83179300002}
check	Run verification	2026-10-05T18:25:19.3595306Z runner: file lifecycle {"entryFile":"/home/runner/work/vibe-fs/vibe-fs/requirements/repository-investigation/tests/003.test.mjs","type":"runner:file-drained","elapsedMs":230014.35585400002}
check	Run verification	2026-10-05T18:25:19.3624836Z runner: file lifecycle {"entryFile":"/home/runner/work/vibe-fs/vibe-fs/requirements/repository-investigation/tests/004.test.mjs","pid":3076,"parentPid":3067,"type":"runner:file-start","elapsedMs":230017.272929}
check	Run verification	2026-10-05T18:25:19.4191864Z runner: file lifecycle {"entryFile":"/home/runner/work/vibe-fs/vibe-fs/requirements/repository-investigation/tests/004.test.mjs","type":"runner:file-drained","elapsedMs":230073.80884100002}
check	Run verification	2026-10-05T18:25:19.4199982Z runner: file lifecycle {"entryFile":"/home/runner/work/vibe-fs/vibe-fs/requirements/repository-investigation/tests/005.test.mjs","pid":3076,"parentPid":3067,"type":"runner:file-start","elapsedMs":230074.813571}
check	Run verification	2026-10-05T18:25:19.4820872Z runner: file lifecycle {"entryFile":"/home/runner/work/vibe-fs/vibe-fs/requirements/repository-investigation/tests/005.test.mjs","type":"runner:file-drained","elapsedMs":230136.44272400002}
check	Run verification	2026-10-05T18:25:19.4839180Z runner: file lifecycle {"entryFile":"/home/runner/work/vibe-fs/vibe-fs/requirements/repository-investigation/tests/006.test.mjs","pid":3076,"parentPid":3067,"type":"runner:file-start","elapsedMs":230138.73726800003}
check	Run verification	2026-10-05T18:25:19.6270226Z runner: file lifecycle {"entryFile":"/home/runner/work/vibe-fs/vibe-fs/requirements/repository-investigation/tests/006.test.mjs","type":"runner:file-drained","elapsedMs":230281.758865}
check	Run verification	2026-10-05T18:25:19.6294134Z runner: file lifecycle {"entryFile":"/home/runner/work/vibe-fs/vibe-fs/requirements/repository-investigation/tests/007.test.mjs","pid":3076,"parentPid":3067,"type":"runner:file-start","elapsedMs":230284.28170400002}
check	Run verification	2026-10-05T18:25:19.7795055Z runner: file lifecycle {"entryFile":"/home/runner/work/vibe-fs/vibe-fs/requirements/repository-investigation/tests/007.test.mjs","type":"runner:file-drained","elapsedMs":230433.854372}
check	Run verification	2026-10-05T18:25:19.7824622Z runner: file lifecycle {"entryFile":"/home/runner/work/vibe-fs/vibe-fs/requirements/repository-investigation/tests/008.test.mjs","pid":3076,"parentPid":3067,"type":"runner:file-start","elapsedMs":230437.27774000002}
check	Run verification	2026-10-05T18:25:19.9235922Z runner: file lifecycle {"entryFile":"/home/runner/work/vibe-fs/vibe-fs/requirements/repository-investigation/tests/008.test.mjs","type":"runner:file-drained","elapsedMs":230578.448206}
check	Run verification	2026-10-05T18:25:19.9262976Z runner: file lifecycle {"entryFile":"/home/runner/work/vibe-fs/vibe-fs/requirements/repository-investigation/tests/009.test.mjs","pid":3076,"parentPid":3067,"type":"runner:file-start","elapsedMs":230581.153014}
check	Run verification	2026-10-05T18:25:19.9615461Z runner: file lifecycle {"entryFile":"/home/runner/work/vibe-fs/vibe-fs/requirements/relay-retirement/tests/008.test.mjs","type":"runner:file-drained","elapsedMs":230616.287688}
check	Run verification	2026-10-05T18:25:19.9638104Z runner: file lifecycle {"entryFile":"/home/runner/work/vibe-fs/vibe-fs/requirements/repository-programming/tests/001.test.mjs","pid":3076,"parentPid":3067,"type":"runner:file-start","elapsedMs":230618.615836}
check	Run verification	2026-10-05T18:25:20.2480325Z runner: file lifecycle {"entryFile":"/home/runner/work/vibe-fs/vibe-fs/requirements/repository-programming/tests/001.test.mjs","type":"runner:file-drained","elapsedMs":230901.066326}
check	Run verification	2026-10-05T18:25:20.2501407Z runner: file lifecycle {"entryFile":"/home/runner/work/vibe-fs/vibe-fs/requirements/repository-programming/tests/002.test.mjs","pid":3076,"parentPid":3067,"type":"runner:file-start","elapsedMs":230902.15503400002}
check	Run verification	2026-10-05T18:25:20.2723854Z runner: file lifecycle {"entryFile":"/home/runner/work/vibe-fs/vibe-fs/requirements/repository-investigation/tests/009.test.mjs","type":"runner:file-drained","elapsedMs":230927.11201200003}
check	Run verification	2026-10-05T18:25:20.2753455Z runner: file lifecycle {"entryFile":"/home/runner/work/vibe-fs/vibe-fs/requirements/repository-programming/tests/003.test.mjs","pid":3076,"parentPid":3067,"type":"runner:file-start","elapsedMs":230930.10323200002}
check	Run verification	2026-10-05T18:25:20.4737167Z runner: file lifecycle {"entryFile":"/home/runner/work/vibe-fs/vibe-fs/requirements/repository-programming/tests/003.test.mjs","type":"runner:file-drained","elapsedMs":231128.41638}
check	Run verification	2026-10-05T18:25:20.4771530Z runner: file lifecycle {"entryFile":"/home/runner/work/vibe-fs/vibe-fs/requirements/repository-programming/tests/004.test.mjs","pid":3076,"parentPid":3067,"type":"runner:file-start","elapsedMs":231131.25615600002}
check	Run verification	2026-10-05T18:25:20.6380320Z runner: file lifecycle {"entryFile":"/home/runner/work/vibe-fs/vibe-fs/requirements/repository-programming/tests/004.test.mjs","type":"runner:file-drained","elapsedMs":231288.16303300002}
check	Run verification	2026-10-05T18:25:20.6384652Z runner: file lifecycle {"entryFile":"/home/runner/work/vibe-fs/vibe-fs/requirements/repository-programming/tests/005.test.mjs","pid":3076,"parentPid":3067,"type":"runner:file-start","elapsedMs":231288.238824}
check	Run verification	2026-10-05T18:25:20.8619780Z runner: file lifecycle {"entryFile":"/home/runner/work/vibe-fs/vibe-fs/requirements/repository-programming/tests/002.test.mjs","type":"runner:file-drained","elapsedMs":231516.693563}
check	Run verification	2026-10-05T18:25:20.8644578Z runner: file lifecycle {"entryFile":"/home/runner/work/vibe-fs/vibe-fs/requirements/repository-programming/tests/006.test.mjs","pid":3076,"parentPid":3067,"type":"runner:file-start","elapsedMs":231519.33745300001}
check	Run verification	2026-10-05T18:25:20.8684253Z runner: file lifecycle {"entryFile":"/home/runner/work/vibe-fs/vibe-fs/requirements/repository-programming/tests/005.test.mjs","type":"runner:file-drained","elapsedMs":231523.366982}
check	Run verification	2026-10-05T18:25:20.8710254Z runner: file lifecycle {"entryFile":"/home/runner/work/vibe-fs/vibe-fs/requirements/repository-programming/tests/007.test.mjs","pid":3076,"parentPid":3067,"type":"runner:file-start","elapsedMs":231525.78741000002}
check	Run verification	2026-10-05T18:25:21.2561030Z runner: file lifecycle {"entryFile":"/home/runner/work/vibe-fs/vibe-fs/requirements/repository-programming/tests/006.test.mjs","type":"runner:file-drained","elapsedMs":231910.78445200002}
check	Run verification	2026-10-05T18:25:21.2592360Z runner: file lifecycle {"entryFile":"/home/runner/work/vibe-fs/vibe-fs/requirements/repository-programming/tests/008.test.mjs","pid":3076,"parentPid":3067,"type":"runner:file-start","elapsedMs":231913.98828000002}
check	Run verification	2026-10-05T18:25:21.2788050Z runner: file lifecycle {"entryFile":"/home/runner/work/vibe-fs/vibe-fs/requirements/repository-programming/tests/007.test.mjs","type":"runner:file-drained","elapsedMs":231931.138929}
check	Run verification	2026-10-05T18:25:21.2796955Z runner: file lifecycle {"entryFile":"/home/runner/work/vibe-fs/vibe-fs/requirements/repository-programming/tests/009.test.mjs","pid":3076,"parentPid":3067,"type":"runner:file-start","elapsedMs":231933.656052}
check	Run verification	2026-10-05T18:25:21.4295406Z runner: file lifecycle {"entryFile":"/home/runner/work/vibe-fs/vibe-fs/requirements/repository-programming/tests/008.test.mjs","type":"runner:file-drained","elapsedMs":232084.295606}
check	Run verification	2026-10-05T18:25:21.4316206Z runner: file lifecycle {"entryFile":"/home/runner/work/vibe-fs/vibe-fs/requirements/repository-programming/tests/010.test.mjs","pid":3076,"parentPid":3067,"type":"runner:file-start","elapsedMs":232086.50230800002}
check	Run verification	2026-10-05T18:25:21.4511852Z runner: file lifecycle {"entryFile":"/home/runner/work/vibe-fs/vibe-fs/requirements/repository-programming/tests/009.test.mjs","type":"runner:file-drained","elapsedMs":232105.88392300002}
check	Run verification	2026-10-05T18:25:21.4534523Z runner: file lifecycle {"entryFile":"/home/runner/work/vibe-fs/vibe-fs/requirements/repository-programming/tests/011.test.mjs","pid":3076,"parentPid":3067,"type":"runner:file-start","elapsedMs":232108.313277}
check	Run verification	2026-10-05T18:25:21.6229073Z runner: file lifecycle {"entryFile":"/home/runner/work/vibe-fs/vibe-fs/requirements/repository-programming/tests/010.test.mjs","type":"runner:file-drained","elapsedMs":232277.75259800002}
check	Run verification	2026-10-05T18:25:21.6255759Z runner: file lifecycle {"entryFile":"/home/runner/work/vibe-fs/vibe-fs/requirements/repository-programming/tests/012.test.mjs","pid":3076,"parentPid":3067,"type":"runner:file-start","elapsedMs":232280.444844}
check	Run verification	2026-10-05T18:25:21.8454070Z runner: file lifecycle {"entryFile":"/home/runner/work/vibe-fs/vibe-fs/requirements/repository-programming/tests/011.test.mjs","type":"runner:file-drained","elapsedMs":232500.166713}
check	Run verification	2026-10-05T18:25:21.8480527Z runner: file lifecycle {"entryFile":"/home/runner/work/vibe-fs/vibe-fs/requirements/repository-programming/tests/013.test.mjs","pid":3076,"parentPid":3067,"type":"runner:file-start","elapsedMs":232502.807116}
check	Run verification	2026-10-05T18:25:22.0323084Z runner: file lifecycle {"entryFile":"/home/runner/work/vibe-fs/vibe-fs/requirements/repository-programming/tests/012.test.mjs","type":"runner:file-drained","elapsedMs":232686.993717}
check	Run verification	2026-10-05T18:25:22.0336547Z runner: file lifecycle {"entryFile":"/home/runner/work/vibe-fs/vibe-fs/requirements/repository-programming/tests/014.test.mjs","pid":3076,"parentPid":3067,"type":"runner:file-start","elapsedMs":232688.45236800003}
check	Run verification	2026-10-05T18:25:22.2431297Z runner: file lifecycle {"entryFile":"/home/runner/work/vibe-fs/vibe-fs/requirements/repository-programming/tests/013.test.mjs","type":"runner:file-drained","elapsedMs":232897.81690600002}
check	Run verification	2026-10-05T18:25:22.2466440Z runner: file lifecycle {"entryFile":"/home/runner/work/vibe-fs/vibe-fs/requirements/repository-programming/tests/015.test.mjs","pid":3076,"parentPid":3067,"type":"runner:file-start","elapsedMs":232901.495082}
check	Run verification	2026-10-05T18:25:22.4615897Z runner: file lifecycle {"entryFile":"/home/runner/work/vibe-fs/vibe-fs/requirements/repository-programming/tests/014.test.mjs","type":"runner:file-drained","elapsedMs":233116.315845}
check	Run verification	2026-10-05T18:25:22.4639634Z runner: file lifecycle {"entryFile":"/home/runner/work/vibe-fs/vibe-fs/requirements/repository-programming/tests/016.test.mjs","pid":3076,"parentPid":3067,"type":"runner:file-start","elapsedMs":233118.747498}
check	Run verification	2026-10-05T18:25:22.6695855Z runner: file lifecycle {"entryFile":"/home/runner/work/vibe-fs/vibe-fs/requirements/repository-programming/tests/015.test.mjs","type":"runner:file-drained","elapsedMs":233324.35019300002}
check	Run verification	2026-10-05T18:25:22.6742415Z runner: file lifecycle {"entryFile":"/home/runner/work/vibe-fs/vibe-fs/requirements/repository-programming/tests/017.test.mjs","pid":3076,"parentPid":3067,"type":"runner:file-start","elapsedMs":233329.060001}
check	Run verification	2026-10-05T18:25:22.8661958Z runner: file lifecycle {"entryFile":"/home/runner/work/vibe-fs/vibe-fs/requirements/repository-programming/tests/017.test.mjs","type":"runner:file-drained","elapsedMs":233521.030803}
check	Run verification	2026-10-05T18:25:22.8720436Z runner: file lifecycle {"entryFile":"/home/runner/work/vibe-fs/vibe-fs/requirements/repository-programming/tests/018.test.mjs","pid":3076,"parentPid":3067,"type":"runner:file-start","elapsedMs":233526.479945}
check	Run verification	2026-10-05T18:25:22.8944636Z runner: file lifecycle {"entryFile":"/home/runner/work/vibe-fs/vibe-fs/requirements/repository-programming/tests/016.test.mjs","type":"runner:file-drained","elapsedMs":233548.15896300002}
check	Run verification	2026-10-05T18:25:22.8956685Z runner: file lifecycle {"entryFile":"/home/runner/work/vibe-fs/vibe-fs/requirements/repository-programming/tests/019.test.mjs","pid":3076,"parentPid":3067,"type":"runner:file-start","elapsedMs":233550.50252100002}
check	Run verification	2026-10-05T18:25:23.2417970Z runner: file lifecycle {"entryFile":"/home/runner/work/vibe-fs/vibe-fs/requirements/repository-programming/tests/018.test.mjs","type":"runner:file-drained","elapsedMs":233896.48021600003}
check	Run verification	2026-10-05T18:25:23.2471145Z runner: file lifecycle {"entryFile":"/home/runner/work/vibe-fs/vibe-fs/requirements/repository-programming/tests/020.test.mjs","pid":3076,"parentPid":3067,"type":"runner:file-start","elapsedMs":233898.91181800002}
check	Run verification	2026-10-05T18:25:23.2727028Z runner: file lifecycle {"entryFile":"/home/runner/work/vibe-fs/vibe-fs/requirements/repository-programming/tests/019.test.mjs","type":"runner:file-drained","elapsedMs":233927.476495}
check	Run verification	2026-10-05T18:25:23.2751172Z runner: file lifecycle {"entryFile":"/home/runner/work/vibe-fs/vibe-fs/requirements/repository-programming/tests/021.test.mjs","pid":3076,"parentPid":3067,"type":"runner:file-start","elapsedMs":233929.909537}
check	Run verification	2026-10-05T18:25:23.3360692Z runner: file lifecycle {"entryFile":"/home/runner/work/vibe-fs/vibe-fs/requirements/repository-programming/tests/021.test.mjs","type":"runner:file-drained","elapsedMs":233990.834628}
check	Run verification	2026-10-05T18:25:23.3368685Z runner: file lifecycle {"entryFile":"/home/runner/work/vibe-fs/vibe-fs/requirements/repository-programming/tests/022.test.mjs","pid":3076,"parentPid":3067,"type":"runner:file-start","elapsedMs":233991.63805100002}
check	Run verification	2026-10-05T18:25:23.5000394Z runner: file lifecycle {"entryFile":"/home/runner/work/vibe-fs/vibe-fs/requirements/repository-programming/tests/022.test.mjs","type":"runner:file-drained","elapsedMs":234154.50832800003}
check	Run verification	2026-10-05T18:25:23.5020128Z runner: file lifecycle {"entryFile":"/home/runner/work/vibe-fs/vibe-fs/requirements/repository-programming/tests/023.test.mjs","pid":3076,"parentPid":3067,"type":"runner:file-start","elapsedMs":234156.797675}
check	Run verification	2026-10-05T18:25:23.7740293Z runner: file lifecycle {"entryFile":"/home/runner/work/vibe-fs/vibe-fs/requirements/repository-programming/tests/020.test.mjs","type":"runner:file-drained","elapsedMs":234428.217112}
check	Run verification	2026-10-05T18:25:23.7762548Z runner: file lifecycle {"entryFile":"/home/runner/work/vibe-fs/vibe-fs/requirements/repository-programming/tests/024.test.mjs","pid":3076,"parentPid":3067,"type":"runner:file-start","elapsedMs":234431.040539}
check	Run verification	2026-10-05T18:25:23.8100641Z runner: file lifecycle {"entryFile":"/home/runner/work/vibe-fs/vibe-fs/requirements/repository-programming/tests/023.test.mjs","type":"runner:file-drained","elapsedMs":234463.758613}
check	Run verification	2026-10-05T18:25:23.8151600Z runner: file lifecycle {"entryFile":"/home/runner/work/vibe-fs/vibe-fs/requirements/repository-programming/tests/025.test.mjs","pid":3076,"parentPid":3067,"type":"runner:file-start","elapsedMs":234467.259572}
check	Run verification	2026-10-05T18:25:24.1194265Z runner: file lifecycle {"entryFile":"/home/runner/work/vibe-fs/vibe-fs/requirements/repository-programming/tests/024.test.mjs","type":"runner:file-drained","elapsedMs":234774.22243400002}
check	Run verification	2026-10-05T18:25:24.1240594Z runner: file lifecycle {"entryFile":"/home/runner/work/vibe-fs/vibe-fs/requirements/repository-programming/tests/026.test.mjs","pid":3076,"parentPid":3067,"type":"runner:file-start","elapsedMs":234777.611034}
check	Run verification	2026-10-05T18:25:24.2029887Z runner: file lifecycle {"entryFile":"/home/runner/work/vibe-fs/vibe-fs/requirements/repository-programming/tests/025.test.mjs","type":"runner:file-drained","elapsedMs":234857.589435}
check	Run verification	2026-10-05T18:25:24.2062329Z runner: file lifecycle {"entryFile":"/home/runner/work/vibe-fs/vibe-fs/requirements/repository-programming/tests/027.test.mjs","pid":3076,"parentPid":3067,"type":"runner:file-start","elapsedMs":234861.04356700002}
check	Run verification	2026-10-05T18:25:24.2806634Z runner: file lifecycle {"entryFile":"/home/runner/work/vibe-fs/vibe-fs/requirements/repository-programming/tests/026.test.mjs","type":"runner:file-drained","elapsedMs":234935.529929}
check	Run verification	2026-10-05T18:25:24.2833996Z runner: file lifecycle {"entryFile":"/home/runner/work/vibe-fs/vibe-fs/requirements/requirement-grounding/tests/001.test.mjs","pid":3076,"parentPid":3067,"type":"runner:file-start","elapsedMs":234938.25638500002}
check	Run verification	2026-10-05T18:25:24.3889697Z runner: file lifecycle {"entryFile":"/home/runner/work/vibe-fs/vibe-fs/requirements/repository-programming/tests/027.test.mjs","type":"runner:file-drained","elapsedMs":235043.80588200002}
check	Run verification	2026-10-05T18:25:24.3912879Z runner: file lifecycle {"entryFile":"/home/runner/work/vibe-fs/vibe-fs/requirements/requirement-grounding/tests/002.test.mjs","pid":3076,"parentPid":3067,"type":"runner:file-start","elapsedMs":235046.161678}
check	Run verification	2026-10-05T18:25:24.3921701Z runner: file lifecycle {"entryFile":"/home/runner/work/vibe-fs/vibe-fs/requirements/requirement-grounding/tests/001.test.mjs","type":"runner:file-drained","elapsedMs":235046.92714}
check	Run verification	2026-10-05T18:25:24.3946204Z runner: file lifecycle {"entryFile":"/home/runner/work/vibe-fs/vibe-fs/requirements/requirement-grounding/tests/003.test.mjs","pid":3076,"parentPid":3067,"type":"runner:file-start","elapsedMs":235049.486547}
check	Run verification	2026-10-05T18:25:24.4935672Z runner: file lifecycle {"entryFile":"/home/runner/work/vibe-fs/vibe-fs/requirements/requirement-grounding/tests/002.test.mjs","type":"runner:file-drained","elapsedMs":235148.39705200001}
check	Run verification	2026-10-05T18:25:24.4963877Z runner: file lifecycle {"entryFile":"/home/runner/work/vibe-fs/vibe-fs/requirements/requirement-grounding/tests/004.test.mjs","pid":3076,"parentPid":3067,"type":"runner:file-start","elapsedMs":235151.262021}
check	Run verification	2026-10-05T18:25:24.4975477Z runner: file lifecycle {"entryFile":"/home/runner/work/vibe-fs/vibe-fs/requirements/requirement-grounding/tests/003.test.mjs","type":"runner:file-drained","elapsedMs":235152.512426}
check	Run verification	2026-10-05T18:25:24.5004881Z runner: file lifecycle {"entryFile":"/home/runner/work/vibe-fs/vibe-fs/requirements/requirement-grounding/tests/005.test.mjs","pid":3076,"parentPid":3067,"type":"runner:file-start","elapsedMs":235155.35679700001}
check	Run verification	2026-10-05T18:25:24.5928479Z runner: file lifecycle {"entryFile":"/home/runner/work/vibe-fs/vibe-fs/requirements/requirement-grounding/tests/004.test.mjs","type":"runner:file-drained","elapsedMs":235247.58139500002}
check	Run verification	2026-10-05T18:25:24.5960719Z runner: file lifecycle {"entryFile":"/home/runner/work/vibe-fs/vibe-fs/requirements/requirement-grounding/tests/006.test.mjs","pid":3076,"parentPid":3067,"type":"runner:file-start","elapsedMs":235250.02198100003}
check	Run verification	2026-10-05T18:25:24.9834300Z runner: file lifecycle {"entryFile":"/home/runner/work/vibe-fs/vibe-fs/requirements/requirement-grounding/tests/005.test.mjs","type":"runner:file-drained","elapsedMs":235637.307157}
check	Run verification	2026-10-05T18:25:24.9856006Z runner: file lifecycle {"entryFile":"/home/runner/work/vibe-fs/vibe-fs/requirements/requirement-grounding/tests/007.test.mjs","pid":3076,"parentPid":3067,"type":"runner:file-start","elapsedMs":235640.49487000002}
check	Run verification	2026-10-05T18:25:27.6723548Z runner: file lifecycle {"entryFile":"/home/runner/work/vibe-fs/vibe-fs/requirements/requirement-grounding/tests/006.test.mjs","type":"runner:file-drained","elapsedMs":238327.16227}
check	Run verification	2026-10-05T18:25:27.6751044Z runner: file lifecycle {"entryFile":"/home/runner/work/vibe-fs/vibe-fs/requirements/requirement-grounding/tests/008.test.mjs","pid":3076,"parentPid":3067,"type":"runner:file-start","elapsedMs":238329.917519}
check	Run verification	2026-10-05T18:25:29.7835253Z runner: file lifecycle {"entryFile":"/home/runner/work/vibe-fs/vibe-fs/requirements/requirement-grounding/tests/008.test.mjs","type":"runner:file-drained","elapsedMs":240438.021011}
check	Run verification	2026-10-05T18:25:29.7875935Z runner: file lifecycle {"entryFile":"/home/runner/work/vibe-fs/vibe-fs/requirements/requirement-grounding/tests/009.test.mjs","pid":3076,"parentPid":3067,"type":"runner:file-start","elapsedMs":240442.368346}
check	Run verification	2026-10-05T18:25:30.2858619Z runner: file lifecycle {"entryFile":"/home/runner/work/vibe-fs/vibe-fs/requirements/requirement-grounding/tests/009.test.mjs","type":"runner:file-drained","elapsedMs":240940.58997200002}
check	Run verification	2026-10-05T18:25:30.2883968Z runner: file lifecycle {"entryFile":"/home/runner/work/vibe-fs/vibe-fs/requirements/requirement-grounding/tests/010.test.mjs","pid":3076,"parentPid":3067,"type":"runner:file-start","elapsedMs":240943.20599900003}
check	Run verification	2026-10-05T18:25:30.7939655Z runner: file lifecycle {"entryFile":"/home/runner/work/vibe-fs/vibe-fs/requirements/requirement-grounding/tests/010.test.mjs","type":"runner:file-drained","elapsedMs":241448.74441400002}
check	Run verification	2026-10-05T18:25:30.7966117Z runner: file lifecycle {"entryFile":"/home/runner/work/vibe-fs/vibe-fs/requirements/requirement-grounding/tests/011.test.mjs","pid":3076,"parentPid":3067,"type":"runner:file-start","elapsedMs":241451.436556}
check	Run verification	2026-10-05T18:25:37.3751186Z runner: file lifecycle {"entryFile":"/home/runner/work/vibe-fs/vibe-fs/requirements/requirement-grounding/tests/011.test.mjs","type":"runner:file-drained","elapsedMs":248029.843448}
check	Run verification	2026-10-05T18:25:37.3772185Z runner: file lifecycle {"entryFile":"/home/runner/work/vibe-fs/vibe-fs/requirements/requirement-grounding/tests/012.test.mjs","pid":3076,"parentPid":3067,"type":"runner:file-start","elapsedMs":248032.05216700002}
check	Run verification	2026-10-05T18:25:46.4407853Z runner: file lifecycle {"entryFile":"/home/runner/work/vibe-fs/vibe-fs/requirements/requirement-grounding/tests/012.test.mjs","type":"runner:file-drained","elapsedMs":257094.96104800003}
check	Run verification	2026-10-05T18:25:46.4435427Z runner: file lifecycle {"entryFile":"/home/runner/work/vibe-fs/vibe-fs/requirements/requirement-system/tests/001.test.mjs","pid":3076,"parentPid":3067,"type":"runner:file-start","elapsedMs":257098.17273000002}
check	Run verification	2026-10-05T18:25:46.5195117Z runner: file lifecycle {"entryFile":"/home/runner/work/vibe-fs/vibe-fs/requirements/requirement-system/tests/001.test.mjs","type":"runner:file-drained","elapsedMs":257174.346022}
check	Run verification	2026-10-05T18:25:46.5221751Z runner: file lifecycle {"entryFile":"/home/runner/work/vibe-fs/vibe-fs/requirements/requirement-system/tests/004.test.mjs","pid":3076,"parentPid":3067,"type":"runner:file-start","elapsedMs":257177.043049}
check	Run verification	2026-10-05T18:25:46.5932212Z runner: file lifecycle {"entryFile":"/home/runner/work/vibe-fs/vibe-fs/requirements/requirement-system/tests/004.test.mjs","type":"runner:file-drained","elapsedMs":257248.099648}
check	Run verification	2026-10-05T18:25:46.5960193Z runner: file lifecycle {"entryFile":"/home/runner/work/vibe-fs/vibe-fs/requirements/requirement-system/tests/005.test.mjs","pid":3076,"parentPid":3067,"type":"runner:file-start","elapsedMs":257250.843097}
check	Run verification	2026-10-05T18:25:46.6608731Z runner: file lifecycle {"entryFile":"/home/runner/work/vibe-fs/vibe-fs/requirements/requirement-system/tests/005.test.mjs","type":"runner:file-drained","elapsedMs":257314.71738500003}
check	Run verification	2026-10-05T18:25:46.6620761Z runner: file lifecycle {"entryFile":"/home/runner/work/vibe-fs/vibe-fs/requirements/requirement-system/tests/006.test.mjs","pid":3076,"parentPid":3067,"type":"runner:file-start","elapsedMs":257317.03299}
check	Run verification	2026-10-05T18:25:46.7540546Z runner: file lifecycle {"entryFile":"/home/runner/work/vibe-fs/vibe-fs/requirements/requirement-system/tests/006.test.mjs","type":"runner:file-drained","elapsedMs":257408.633403}
check	Run verification	2026-10-05T18:25:46.7584801Z runner: file lifecycle {"entryFile":"/home/runner/work/vibe-fs/vibe-fs/requirements/requirement-system/tests/007.test.mjs","pid":3076,"parentPid":3067,"type":"runner:file-start","elapsedMs":257411.59066900003}
check	Run verification	2026-10-05T18:25:46.8323121Z runner: file lifecycle {"entryFile":"/home/runner/work/vibe-fs/vibe-fs/requirements/requirement-system/tests/007.test.mjs","type":"runner:file-drained","elapsedMs":257487.07406800002}
check	Run verification	2026-10-05T18:25:46.8351591Z runner: file lifecycle {"entryFile":"/home/runner/work/vibe-fs/vibe-fs/requirements/requirement-system/tests/008.test.mjs","pid":3076,"parentPid":3067,"type":"runner:file-start","elapsedMs":257489.912702}
check	Run verification	2026-10-05T18:25:46.9101812Z runner: file lifecycle {"entryFile":"/home/runner/work/vibe-fs/vibe-fs/requirements/requirement-system/tests/008.test.mjs","type":"runner:file-drained","elapsedMs":257563.86385700002}
check	Run verification	2026-10-05T18:25:46.9123815Z runner: file lifecycle {"entryFile":"/home/runner/work/vibe-fs/vibe-fs/requirements/requirement-system/tests/011.test.mjs","pid":3076,"parentPid":3067,"type":"runner:file-start","elapsedMs":257566.945152}
check	Run verification	2026-10-05T18:25:46.9662493Z runner: file lifecycle {"entryFile":"/home/runner/work/vibe-fs/vibe-fs/requirements/requirement-system/tests/011.test.mjs","type":"runner:file-drained","elapsedMs":257620.99491100002}
check	Run verification	2026-10-05T18:25:46.9684849Z runner: file lifecycle {"entryFile":"/home/runner/work/vibe-fs/vibe-fs/requirements/requirement-system/tests/017.test.mjs","pid":3076,"parentPid":3067,"type":"runner:file-start","elapsedMs":257623.339064}
check	Run verification	2026-10-05T18:25:48.6673344Z runner: file lifecycle {"entryFile":"/home/runner/work/vibe-fs/vibe-fs/requirements/requirement-system/tests/017.test.mjs","type":"runner:file-drained","elapsedMs":259322.14149900002}
check	Run verification	2026-10-05T18:25:48.6720228Z runner: file lifecycle {"entryFile":"/home/runner/work/vibe-fs/vibe-fs/requirements/requirement-system/tests/018.test.mjs","pid":3076,"parentPid":3067,"type":"runner:file-start","elapsedMs":259324.642281}
check	Run verification	2026-10-05T18:25:48.7370650Z runner: file lifecycle {"entryFile":"/home/runner/work/vibe-fs/vibe-fs/requirements/requirement-system/tests/018.test.mjs","type":"runner:file-drained","elapsedMs":259391.79614400002}
check	Run verification	2026-10-05T18:25:48.7394250Z runner: file lifecycle {"entryFile":"/home/runner/work/vibe-fs/vibe-fs/requirements/semantic-trace/tests/001.test.mjs","pid":3076,"parentPid":3067,"type":"runner:file-start","elapsedMs":259394.26444700002}
check	Run verification	2026-10-05T18:25:49.1313729Z runner: file lifecycle {"entryFile":"/home/runner/work/vibe-fs/vibe-fs/requirements/semantic-trace/tests/001.test.mjs","type":"runner:file-drained","elapsedMs":259786.161334}
check	Run verification	2026-10-05T18:25:49.1336531Z runner: file lifecycle {"entryFile":"/home/runner/work/vibe-fs/vibe-fs/requirements/semantic-trace/tests/002.test.mjs","pid":3076,"parentPid":3067,"type":"runner:file-start","elapsedMs":259788.50694400002}
check	Run verification	2026-10-05T18:25:49.8111266Z runner: file lifecycle {"entryFile":"/home/runner/work/vibe-fs/vibe-fs/requirements/semantic-trace/tests/002.test.mjs","type":"runner:file-drained","elapsedMs":260465.858987}
check	Run verification	2026-10-05T18:25:49.8138700Z runner: file lifecycle {"entryFile":"/home/runner/work/vibe-fs/vibe-fs/requirements/semantic-trace/tests/003.test.mjs","pid":3076,"parentPid":3067,"type":"runner:file-start","elapsedMs":260468.661487}
check	Run verification	2026-10-05T18:25:50.3330943Z runner: file lifecycle {"entryFile":"/home/runner/work/vibe-fs/vibe-fs/requirements/semantic-trace/tests/003.test.mjs","type":"runner:file-drained","elapsedMs":260987.668704}
check	Run verification	2026-10-05T18:25:50.3360949Z runner: file lifecycle {"entryFile":"/home/runner/work/vibe-fs/vibe-fs/requirements/semantic-trace/tests/004.test.mjs","pid":3076,"parentPid":3067,"type":"runner:file-start","elapsedMs":260990.670278}
check	Run verification	2026-10-05T18:25:50.6849266Z runner: file lifecycle {"entryFile":"/home/runner/work/vibe-fs/vibe-fs/requirements/semantic-trace/tests/004.test.mjs","type":"runner:file-drained","elapsedMs":261339.65976200002}
check	Run verification	2026-10-05T18:25:50.6881652Z runner: file lifecycle {"entryFile":"/home/runner/work/vibe-fs/vibe-fs/requirements/semantic-trace/tests/005.test.mjs","pid":3076,"parentPid":3067,"type":"runner:file-start","elapsedMs":261342.92562400002}
check	Run verification	2026-10-05T18:25:51.0944415Z runner: file lifecycle {"entryFile":"/home/runner/work/vibe-fs/vibe-fs/requirements/semantic-trace/tests/005.test.mjs","type":"runner:file-drained","elapsedMs":261749.212406}
check	Run verification	2026-10-05T18:25:51.0970880Z runner: file lifecycle {"entryFile":"/home/runner/work/vibe-fs/vibe-fs/requirements/semantic-trace/tests/006.test.mjs","pid":3076,"parentPid":3067,"type":"runner:file-start","elapsedMs":261751.87239899999}
check	Run verification	2026-10-05T18:25:51.4305502Z runner: file lifecycle {"entryFile":"/home/runner/work/vibe-fs/vibe-fs/requirements/semantic-trace/tests/006.test.mjs","type":"runner:file-drained","elapsedMs":262085.32939800003}
check	Run verification	2026-10-05T18:25:51.4329488Z runner: file lifecycle {"entryFile":"/home/runner/work/vibe-fs/vibe-fs/requirements/semantic-trace/tests/007.test.mjs","pid":3076,"parentPid":3067,"type":"runner:file-start","elapsedMs":262087.693377}
check	Run verification	2026-10-05T18:25:52.1299557Z runner: file lifecycle {"entryFile":"/home/runner/work/vibe-fs/vibe-fs/requirements/semantic-trace/tests/007.test.mjs","type":"runner:file-drained","elapsedMs":262784.700937}
check	Run verification	2026-10-05T18:25:52.1332263Z runner: file lifecycle {"entryFile":"/home/runner/work/vibe-fs/vibe-fs/requirements/semantic-trace/tests/008.test.mjs","pid":3076,"parentPid":3067,"type":"runner:file-start","elapsedMs":262787.531616}
check	Run verification	2026-10-05T18:25:52.1807050Z runner: file lifecycle {"entryFile":"/home/runner/work/vibe-fs/vibe-fs/requirements/semantic-trace/tests/008.test.mjs","type":"runner:file-drained","elapsedMs":262835.45650900004}
check	Run verification	2026-10-05T18:25:52.1830838Z runner: file lifecycle {"entryFile":"/home/runner/work/vibe-fs/vibe-fs/requirements/semantic-trace/tests/009.test.mjs","pid":3076,"parentPid":3067,"type":"runner:file-start","elapsedMs":262837.897302}
check	Run verification	2026-10-05T18:25:52.4905764Z runner: file lifecycle {"entryFile":"/home/runner/work/vibe-fs/vibe-fs/requirements/semantic-trace/tests/009.test.mjs","type":"runner:file-drained","elapsedMs":263145.364671}
check	Run verification	2026-10-05T18:25:52.4928827Z runner: file lifecycle {"entryFile":"/home/runner/work/vibe-fs/vibe-fs/requirements/semantic-trace/tests/010.test.mjs","pid":3076,"parentPid":3067,"type":"runner:file-start","elapsedMs":263147.712646}
check	Run verification	2026-10-05T18:25:53.0229816Z runner: file lifecycle {"entryFile":"/home/runner/work/vibe-fs/vibe-fs/requirements/semantic-trace/tests/010.test.mjs","type":"runner:file-drained","elapsedMs":263677.65988600004}
check	Run verification	2026-10-05T18:25:53.0291325Z runner: file lifecycle {"entryFile":"/home/runner/work/vibe-fs/vibe-fs/requirements/semantic-trace/tests/011.test.mjs","pid":3076,"parentPid":3067,"type":"runner:file-start","elapsedMs":263680.84839400003}
check	Run verification	2026-10-05T18:25:53.0913965Z runner: file lifecycle {"entryFile":"/home/runner/work/vibe-fs/vibe-fs/requirements/semantic-trace/tests/011.test.mjs","type":"runner:file-drained","elapsedMs":263746.162402}
check	Run verification	2026-10-05T18:25:53.0936917Z runner: file lifecycle {"entryFile":"/home/runner/work/vibe-fs/vibe-fs/requirements/semantic-trace/tests/012.test.mjs","pid":3076,"parentPid":3067,"type":"runner:file-start","elapsedMs":263748.54499100003}
check	Run verification	2026-10-05T18:25:53.1550826Z runner: file lifecycle {"entryFile":"/home/runner/work/vibe-fs/vibe-fs/requirements/semantic-trace/tests/012.test.mjs","type":"runner:file-drained","elapsedMs":263809.78408}
check	Run verification	2026-10-05T18:25:53.1584138Z runner: file lifecycle {"entryFile":"/home/runner/work/vibe-fs/vibe-fs/requirements/session-ontology/tests/001.test.mjs","pid":3076,"parentPid":3067,"type":"runner:file-start","elapsedMs":263813.252892}
check	Run verification	2026-10-05T18:25:53.2481472Z runner: file lifecycle {"entryFile":"/home/runner/work/vibe-fs/vibe-fs/requirements/session-ontology/tests/001.test.mjs","type":"runner:file-drained","elapsedMs":263903.006271}
check	Run verification	2026-10-05T18:25:53.2518361Z runner: file lifecycle {"entryFile":"/home/runner/work/vibe-fs/vibe-fs/requirements/session-ontology/tests/002.test.mjs","pid":3076,"parentPid":3067,"type":"runner:file-start","elapsedMs":263906.021214}
check	Run verification	2026-10-05T18:25:53.3521172Z runner: file lifecycle {"entryFile":"/home/runner/work/vibe-fs/vibe-fs/requirements/session-ontology/tests/002.test.mjs","type":"runner:file-drained","elapsedMs":264005.23697100003}
check	Run verification	2026-10-05T18:25:53.3552178Z runner: file lifecycle {"entryFile":"/home/runner/work/vibe-fs/vibe-fs/requirements/session-ontology/tests/003.test.mjs","pid":3076,"parentPid":3067,"type":"runner:file-start","elapsedMs":264010.072762}
check	Run verification	2026-10-05T18:25:53.4695296Z runner: file lifecycle {"entryFile":"/home/runner/work/vibe-fs/vibe-fs/requirements/session-ontology/tests/003.test.mjs","type":"runner:file-drained","elapsedMs":264124.31162500003}
check	Run verification	2026-10-05T18:25:53.4738865Z runner: file lifecycle {"entryFile":"/home/runner/work/vibe-fs/vibe-fs/requirements/session-ontology/tests/004.test.mjs","pid":3076,"parentPid":3067,"type":"runner:file-start","elapsedMs":264126.733107}
check	Run verification	2026-10-05T18:25:53.5661203Z runner: file lifecycle {"entryFile":"/home/runner/work/vibe-fs/vibe-fs/requirements/session-ontology/tests/004.test.mjs","type":"runner:file-drained","elapsedMs":264220.527178}
check	Run verification	2026-10-05T18:25:53.5695358Z runner: file lifecycle {"entryFile":"/home/runner/work/vibe-fs/vibe-fs/requirements/session-ontology/tests/005.test.mjs","pid":3076,"parentPid":3067,"type":"runner:file-start","elapsedMs":264224.36140500003}
check	Run verification	2026-10-05T18:25:53.6734089Z runner: file lifecycle {"entryFile":"/home/runner/work/vibe-fs/vibe-fs/requirements/session-ontology/tests/005.test.mjs","type":"runner:file-drained","elapsedMs":264328.178489}
check	Run verification	2026-10-05T18:25:53.6770612Z runner: file lifecycle {"entryFile":"/home/runner/work/vibe-fs/vibe-fs/requirements/session-ontology/tests/006.test.mjs","pid":3076,"parentPid":3067,"type":"runner:file-start","elapsedMs":264331.233045}
check	Run verification	2026-10-05T18:25:53.9199441Z runner: file lifecycle {"entryFile":"/home/runner/work/vibe-fs/vibe-fs/requirements/session-ontology/tests/006.test.mjs","type":"runner:file-drained","elapsedMs":264574.560842}
check	Run verification	2026-10-05T18:25:53.9226761Z runner: file lifecycle {"entryFile":"/home/runner/work/vibe-fs/vibe-fs/requirements/session-ontology/tests/007.test.mjs","pid":3076,"parentPid":3067,"type":"runner:file-start","elapsedMs":264577.53016900003}
check	Run verification	2026-10-05T18:25:54.0398723Z runner: file lifecycle {"entryFile":"/home/runner/work/vibe-fs/vibe-fs/requirements/session-ontology/tests/007.test.mjs","type":"runner:file-drained","elapsedMs":264694.588991}
check	Run verification	2026-10-05T18:25:54.0423895Z runner: file lifecycle {"entryFile":"/home/runner/work/vibe-fs/vibe-fs/requirements/session-ontology/tests/008.test.mjs","pid":3076,"parentPid":3067,"type":"runner:file-start","elapsedMs":264697.23513600003}
check	Run verification	2026-10-05T18:25:54.1532419Z runner: file lifecycle {"entryFile":"/home/runner/work/vibe-fs/vibe-fs/requirements/session-ontology/tests/008.test.mjs","type":"runner:file-drained","elapsedMs":264808.029353}
check	Run verification	2026-10-05T18:25:54.1561128Z runner: file lifecycle {"entryFile":"/home/runner/work/vibe-fs/vibe-fs/requirements/session-ontology/tests/009.test.mjs","pid":3076,"parentPid":3067,"type":"runner:file-start","elapsedMs":264810.917318}
check	Run verification	2026-10-05T18:25:54.2618480Z runner: file lifecycle {"entryFile":"/home/runner/work/vibe-fs/vibe-fs/requirements/session-ontology/tests/009.test.mjs","type":"runner:file-drained","elapsedMs":264916.558662}
check	Run verification	2026-10-05T18:25:54.2644910Z runner: file lifecycle {"entryFile":"/home/runner/work/vibe-fs/vibe-fs/requirements/session-ontology/tests/010.test.mjs","pid":3076,"parentPid":3067,"type":"runner:file-start","elapsedMs":264919.403045}
check	Run verification	2026-10-05T18:25:54.3508872Z runner: file lifecycle {"entryFile":"/home/runner/work/vibe-fs/vibe-fs/requirements/session-ontology/tests/010.test.mjs","type":"runner:file-drained","elapsedMs":265005.592895}
check	Run verification	2026-10-05T18:25:54.3532674Z runner: file lifecycle {"entryFile":"/home/runner/work/vibe-fs/vibe-fs/requirements/session-ontology/tests/011.test.mjs","pid":3076,"parentPid":3067,"type":"runner:file-start","elapsedMs":265008.10939500004}
check	Run verification	2026-10-05T18:25:54.4080690Z runner: file lifecycle {"entryFile":"/home/runner/work/vibe-fs/vibe-fs/requirements/session-ontology/tests/011.test.mjs","type":"runner:file-drained","elapsedMs":265060.793229}
check	Run verification	2026-10-05T18:25:54.4102787Z runner: file lifecycle {"entryFile":"/home/runner/work/vibe-fs/vibe-fs/requirements/session-ontology/tests/012.test.mjs","pid":3076,"parentPid":3067,"type":"runner:file-start","elapsedMs":265065.04526700004}
check	Run verification	2026-10-05T18:25:54.5203639Z runner: file lifecycle {"entryFile":"/home/runner/work/vibe-fs/vibe-fs/requirements/session-ontology/tests/012.test.mjs","type":"runner:file-drained","elapsedMs":265173.949387}
check	Run verification	2026-10-05T18:25:54.5240108Z runner: file lifecycle {"entryFile":"/home/runner/work/vibe-fs/vibe-fs/requirements/session-ontology/tests/014.test.mjs","pid":3076,"parentPid":3067,"type":"runner:file-start","elapsedMs":265176.383262}
check	Run verification	2026-10-05T18:25:54.5824387Z runner: file lifecycle {"entryFile":"/home/runner/work/vibe-fs/vibe-fs/requirements/session-ontology/tests/014.test.mjs","type":"runner:file-drained","elapsedMs":265235.098812}
check	Run verification	2026-10-05T18:25:54.5849796Z runner: file lifecycle {"entryFile":"/home/runner/work/vibe-fs/vibe-fs/requirements/speculative-investigation/tests/001.test.mjs","pid":3076,"parentPid":3067,"type":"runner:file-start","elapsedMs":265239.310965}
check	Run verification	2026-10-05T18:25:55.0110119Z runner: file lifecycle {"entryFile":"/home/runner/work/vibe-fs/vibe-fs/requirements/speculative-investigation/tests/001.test.mjs","type":"runner:file-drained","elapsedMs":265664.435072}
check	Run verification	2026-10-05T18:25:55.0125744Z runner: file lifecycle {"entryFile":"/home/runner/work/vibe-fs/vibe-fs/requirements/speculative-investigation/tests/002.test.mjs","pid":3076,"parentPid":3067,"type":"runner:file-start","elapsedMs":265667.410883}
check	Run verification	2026-10-05T18:25:56.0663731Z runner: file lifecycle {"entryFile":"/home/runner/work/vibe-fs/vibe-fs/requirements/speculative-investigation/tests/002.test.mjs","type":"runner:file-drained","elapsedMs":266720.467292}
check	Run verification	2026-10-05T18:25:56.0690760Z runner: file lifecycle {"entryFile":"/home/runner/work/vibe-fs/vibe-fs/requirements/speculative-investigation/tests/003.test.mjs","pid":3076,"parentPid":3067,"type":"runner:file-start","elapsedMs":266722.89676800004}
check	Run verification	2026-10-05T18:25:56.4161135Z runner: file lifecycle {"entryFile":"/home/runner/work/vibe-fs/vibe-fs/requirements/speculative-investigation/tests/003.test.mjs","type":"runner:file-drained","elapsedMs":267070.745413}
check	Run verification	2026-10-05T18:25:56.4220479Z runner: file lifecycle {"entryFile":"/home/runner/work/vibe-fs/vibe-fs/requirements/speculative-investigation/tests/004.test.mjs","pid":3076,"parentPid":3067,"type":"runner:file-start","elapsedMs":267074.04819500004}
check	Run verification	2026-10-05T18:25:56.9528043Z runner: file lifecycle {"entryFile":"/home/runner/work/vibe-fs/vibe-fs/requirements/speculative-investigation/tests/004.test.mjs","type":"runner:file-drained","elapsedMs":267607.523003}
check	Run verification	2026-10-05T18:25:56.9552632Z runner: file lifecycle {"entryFile":"/home/runner/work/vibe-fs/vibe-fs/requirements/speculative-investigation/tests/005.test.mjs","pid":3076,"parentPid":3067,"type":"runner:file-start","elapsedMs":267610.07037100004}
check	Run verification	2026-10-05T18:25:57.5022735Z runner: file lifecycle {"entryFile":"/home/runner/work/vibe-fs/vibe-fs/requirements/speculative-investigation/tests/005.test.mjs","type":"runner:file-drained","elapsedMs":268156.98443400004}
check	Run verification	2026-10-05T18:25:57.5049482Z runner: file lifecycle {"entryFile":"/home/runner/work/vibe-fs/vibe-fs/requirements/speculative-investigation/tests/006.test.mjs","pid":3076,"parentPid":3067,"type":"runner:file-start","elapsedMs":268159.695809}
check	Run verification	2026-10-05T18:25:58.0732283Z runner: file lifecycle {"entryFile":"/home/runner/work/vibe-fs/vibe-fs/requirements/speculative-investigation/tests/006.test.mjs","type":"runner:file-drained","elapsedMs":268727.301225}
check	Run verification	2026-10-05T18:25:58.0746417Z runner: file lifecycle {"entryFile":"/home/runner/work/vibe-fs/vibe-fs/requirements/speculative-investigation/tests/007.test.mjs","pid":3076,"parentPid":3067,"type":"runner:file-start","elapsedMs":268729.466998}
check	Run verification	2026-10-05T18:25:58.2624465Z runner: file lifecycle {"entryFile":"/home/runner/work/vibe-fs/vibe-fs/requirements/requirement-grounding/tests/007.test.mjs","type":"runner:file-drained","elapsedMs":268915.960979}
check	Run verification	2026-10-05T18:25:58.2636868Z runner: file lifecycle {"entryFile":"/home/runner/work/vibe-fs/vibe-fs/requirements/speculative-investigation/tests/008.test.mjs","pid":3076,"parentPid":3067,"type":"runner:file-start","elapsedMs":268918.51541}
check	Run verification	2026-10-05T18:25:58.5021337Z runner: file lifecycle {"entryFile":"/home/runner/work/vibe-fs/vibe-fs/requirements/speculative-investigation/tests/007.test.mjs","type":"runner:file-drained","elapsedMs":269156.86224700004}
check	Run verification	2026-10-05T18:25:58.5059266Z runner: file lifecycle {"entryFile":"/home/runner/work/vibe-fs/vibe-fs/requirements/speculative-investigation/tests/009.test.mjs","pid":3076,"parentPid":3067,"type":"runner:file-start","elapsedMs":269160.437098}
check	Run verification	2026-10-05T18:25:58.7408740Z runner: file lifecycle {"entryFile":"/home/runner/work/vibe-fs/vibe-fs/requirements/speculative-investigation/tests/008.test.mjs","type":"runner:file-drained","elapsedMs":269395.57387900003}
check	Run verification	2026-10-05T18:25:58.7433128Z runner: file lifecycle {"entryFile":"/home/runner/work/vibe-fs/vibe-fs/requirements/speculative-investigation/tests/010.test.mjs","pid":3076,"parentPid":3067,"type":"runner:file-start","elapsedMs":269398.154369}
check	Run verification	2026-10-05T18:25:59.0346162Z runner: file lifecycle {"entryFile":"/home/runner/work/vibe-fs/vibe-fs/requirements/speculative-investigation/tests/010.test.mjs","type":"runner:file-drained","elapsedMs":269689.404782}
check	Run verification	2026-10-05T18:25:59.0368592Z runner: file lifecycle {"entryFile":"/home/runner/work/vibe-fs/vibe-fs/requirements/speculative-investigation/tests/011.test.mjs","pid":3076,"parentPid":3067,"type":"runner:file-start","elapsedMs":269691.689388}
check	Run verification	2026-10-05T18:25:59.9895955Z runner: file lifecycle {"entryFile":"/home/runner/work/vibe-fs/vibe-fs/requirements/speculative-investigation/tests/011.test.mjs","type":"runner:file-drained","elapsedMs":270643.95836}
check	Run verification	2026-10-05T18:25:59.9924370Z runner: file lifecycle {"entryFile":"/home/runner/work/vibe-fs/vibe-fs/requirements/speculative-investigation/tests/012.test.mjs","pid":3076,"parentPid":3067,"type":"runner:file-start","elapsedMs":270647.279132}
check	Run verification	2026-10-05T18:26:00.6927325Z runner: file lifecycle {"entryFile":"/home/runner/work/vibe-fs/vibe-fs/requirements/speculative-investigation/tests/009.test.mjs","type":"runner:file-drained","elapsedMs":271345.333605}
check	Run verification	2026-10-05T18:26:00.6958063Z runner: file lifecycle {"entryFile":"/home/runner/work/vibe-fs/vibe-fs/requirements/speculative-investigation/tests/013.test.mjs","pid":3076,"parentPid":3067,"type":"runner:file-start","elapsedMs":271350.562041}
check	Run verification	2026-10-05T18:26:01.0182856Z runner: file lifecycle {"entryFile":"/home/runner/work/vibe-fs/vibe-fs/requirements/speculative-investigation/tests/012.test.mjs","type":"runner:file-drained","elapsedMs":271672.702811}
check	Run verification	2026-10-05T18:26:01.0204668Z runner: file lifecycle {"entryFile":"/home/runner/work/vibe-fs/vibe-fs/requirements/speculative-investigation/tests/014.test.mjs","pid":3076,"parentPid":3067,"type":"runner:file-start","elapsedMs":271675.328235}
check	Run verification	2026-10-05T18:26:01.2797080Z runner: file lifecycle {"entryFile":"/home/runner/work/vibe-fs/vibe-fs/requirements/speculative-investigation/tests/014.test.mjs","type":"runner:file-drained","elapsedMs":271934.37554000004}
check	Run verification	2026-10-05T18:26:01.2824418Z runner: file lifecycle {"entryFile":"/home/runner/work/vibe-fs/vibe-fs/requirements/speculative-investigation/tests/015.test.mjs","pid":3076,"parentPid":3067,"type":"runner:file-start","elapsedMs":271937.217428}
check	Run verification	2026-10-05T18:26:02.6923916Z runner: file lifecycle {"entryFile":"/home/runner/work/vibe-fs/vibe-fs/requirements/speculative-investigation/tests/015.test.mjs","type":"runner:file-drained","elapsedMs":273347.108184}
check	Run verification	2026-10-05T18:26:02.6948470Z runner: file lifecycle {"entryFile":"/home/runner/work/vibe-fs/vibe-fs/requirements/speculative-investigation/tests/016.test.mjs","pid":3076,"parentPid":3067,"type":"runner:file-start","elapsedMs":273349.618341}
check	Run verification	2026-10-05T18:26:03.6296459Z runner: file lifecycle {"entryFile":"/home/runner/work/vibe-fs/vibe-fs/requirements/speculative-investigation/tests/016.test.mjs","type":"runner:file-drained","elapsedMs":274284.24835300003}
check	Run verification	2026-10-05T18:26:03.6321052Z runner: file lifecycle {"entryFile":"/home/runner/work/vibe-fs/vibe-fs/requirements/speculative-investigation/tests/020.test.mjs","pid":3076,"parentPid":3067,"type":"runner:file-start","elapsedMs":274286.87719900004}
check	Run verification	2026-10-05T18:26:04.2016152Z runner: file lifecycle {"entryFile":"/home/runner/work/vibe-fs/vibe-fs/requirements/speculative-investigation/tests/020.test.mjs","type":"runner:file-drained","elapsedMs":274856.36091600003}
check	Run verification	2026-10-05T18:26:04.2041831Z runner: file lifecycle {"entryFile":"/home/runner/work/vibe-fs/vibe-fs/requirements/sphinx-v2/tests/001.test.mjs","pid":3076,"parentPid":3067,"type":"runner:file-start","elapsedMs":274858.91641}
check	Run verification	2026-10-05T18:26:04.5680974Z runner: file lifecycle {"entryFile":"/home/runner/work/vibe-fs/vibe-fs/requirements/sphinx-v2/tests/001.test.mjs","type":"runner:file-drained","elapsedMs":275222.8735}
check	Run verification	2026-10-05T18:26:04.5703871Z runner: file lifecycle {"entryFile":"/home/runner/work/vibe-fs/vibe-fs/requirements/sphinx-v2/tests/002.test.mjs","pid":3076,"parentPid":3067,"type":"runner:file-start","elapsedMs":275225.251137}
check	Run verification	2026-10-05T18:26:04.7041311Z runner: file lifecycle {"entryFile":"/home/runner/work/vibe-fs/vibe-fs/requirements/sphinx-v2/tests/002.test.mjs","type":"runner:file-drained","elapsedMs":275359.007455}
check	Run verification	2026-10-05T18:26:04.7072392Z runner: file lifecycle {"entryFile":"/home/runner/work/vibe-fs/vibe-fs/requirements/sphinx-v2/tests/004.test.mjs","pid":3076,"parentPid":3067,"type":"runner:file-start","elapsedMs":275362.07555}
check	Run verification	2026-10-05T18:26:05.1068994Z runner: file lifecycle {"entryFile":"/home/runner/work/vibe-fs/vibe-fs/requirements/sphinx-v2/tests/004.test.mjs","type":"runner:file-drained","elapsedMs":275761.685182}
check	Run verification	2026-10-05T18:26:05.1094506Z runner: file lifecycle {"entryFile":"/home/runner/work/vibe-fs/vibe-fs/requirements/sphinx-v2/tests/007.test.mjs","pid":3076,"parentPid":3067,"type":"runner:file-start","elapsedMs":275764.312907}
check	Run verification	2026-10-05T18:26:05.5421473Z runner: file lifecycle {"entryFile":"/home/runner/work/vibe-fs/vibe-fs/requirements/sphinx-v2/tests/007.test.mjs","type":"runner:file-drained","elapsedMs":276196.816743}
check	Run verification	2026-10-05T18:26:05.5446342Z runner: file lifecycle {"entryFile":"/home/runner/work/vibe-fs/vibe-fs/requirements/sphinx-v2/tests/010.test.mjs","pid":3076,"parentPid":3067,"type":"runner:file-start","elapsedMs":276199.553769}
check	Run verification	2026-10-05T18:26:05.9842860Z runner: file lifecycle {"entryFile":"/home/runner/work/vibe-fs/vibe-fs/requirements/speculative-investigation/tests/013.test.mjs","type":"runner:file-drained","elapsedMs":276639.112112}
check	Run verification	2026-10-05T18:26:05.9890202Z runner: file lifecycle {"entryFile":"/home/runner/work/vibe-fs/vibe-fs/requirements/sphinx-v2/tests/011.test.mjs","pid":3076,"parentPid":3067,"type":"runner:file-start","elapsedMs":276643.787588}
check	Run verification	2026-10-05T18:26:06.3744078Z runner: file lifecycle {"entryFile":"/home/runner/work/vibe-fs/vibe-fs/requirements/sphinx-v2/tests/011.test.mjs","type":"runner:file-drained","elapsedMs":277029.20185}
check	Run verification	2026-10-05T18:26:06.3765670Z runner: file lifecycle {"entryFile":"/home/runner/work/vibe-fs/vibe-fs/requirements/sphinx-v2/tests/012.test.mjs","pid":3076,"parentPid":3067,"type":"runner:file-start","elapsedMs":277031.429036}
check	Run verification	2026-10-05T18:26:06.4092763Z runner: file lifecycle {"entryFile":"/home/runner/work/vibe-fs/vibe-fs/requirements/sphinx-v2/tests/010.test.mjs","type":"runner:file-drained","elapsedMs":277064.123382}
check	Run verification	2026-10-05T18:26:06.4118070Z runner: file lifecycle {"entryFile":"/home/runner/work/vibe-fs/vibe-fs/requirements/sphinx-v2/tests/013.test.mjs","pid":3076,"parentPid":3067,"type":"runner:file-start","elapsedMs":277066.641713}
check	Run verification	2026-10-05T18:26:06.4299360Z runner: file lifecycle {"entryFile":"/home/runner/work/vibe-fs/vibe-fs/requirements/sphinx-v2/tests/012.test.mjs","type":"runner:file-drained","elapsedMs":277084.759295}
check	Run verification	2026-10-05T18:26:06.4325144Z runner: file lifecycle {"entryFile":"/home/runner/work/vibe-fs/vibe-fs/requirements/sphinx-v2/tests/014.test.mjs","pid":3076,"parentPid":3067,"type":"runner:file-start","elapsedMs":277087.403592}
check	Run verification	2026-10-05T18:26:06.5193995Z runner: file lifecycle {"entryFile":"/home/runner/work/vibe-fs/vibe-fs/requirements/sphinx-v2/tests/013.test.mjs","type":"runner:file-drained","elapsedMs":277174.175864}
check	Run verification	2026-10-05T18:26:06.5246453Z runner: file lifecycle {"entryFile":"/home/runner/work/vibe-fs/vibe-fs/requirements/sphinx-v2/tests/017.test.mjs","pid":3076,"parentPid":3067,"type":"runner:file-start","elapsedMs":277177.052861}
check	Run verification	2026-10-05T18:26:06.5750405Z runner: file lifecycle {"entryFile":"/home/runner/work/vibe-fs/vibe-fs/requirements/sphinx-v2/tests/014.test.mjs","type":"runner:file-drained","elapsedMs":277228.470417}
check	Run verification	2026-10-05T18:26:06.5800074Z runner: file lifecycle {"entryFile":"/home/runner/work/vibe-fs/vibe-fs/requirements/sphinx-v2/tests/018.test.mjs","pid":3076,"parentPid":3067,"type":"runner:file-start","elapsedMs":277232.64669}
check	Run verification	2026-10-05T18:26:06.7073255Z runner: file lifecycle {"entryFile":"/home/runner/work/vibe-fs/vibe-fs/requirements/sphinx-v2/tests/018.test.mjs","type":"runner:file-drained","elapsedMs":277362.06263400003}
check	Run verification	2026-10-05T18:26:06.7103222Z runner: file lifecycle {"entryFile":"/home/runner/work/vibe-fs/vibe-fs/requirements/sphinx-v2/tests/019.test.mjs","pid":3076,"parentPid":3067,"type":"runner:file-start","elapsedMs":277365.132447}
check	Run verification	2026-10-05T18:26:07.0658999Z runner: file lifecycle {"entryFile":"/home/runner/work/vibe-fs/vibe-fs/requirements/sphinx-v2/tests/017.test.mjs","type":"runner:file-drained","elapsedMs":277720.17091}
check	Run verification	2026-10-05T18:26:07.0710181Z runner: file lifecycle {"entryFile":"/home/runner/work/vibe-fs/vibe-fs/requirements/sphinx-v2/tests/020.test.mjs","pid":3076,"parentPid":3067,"type":"runner:file-start","elapsedMs":277723.07678}
check	Run verification	2026-10-05T18:26:07.8569965Z runner: file lifecycle {"entryFile":"/home/runner/work/vibe-fs/vibe-fs/requirements/sphinx-v2/tests/020.test.mjs","type":"runner:file-drained","elapsedMs":278511.36563}
check	Run verification	2026-10-05T18:26:07.8578970Z runner: file lifecycle {"entryFile":"/home/runner/work/vibe-fs/vibe-fs/requirements/sphinx-v2/tests/021.test.mjs","pid":3076,"parentPid":3067,"type":"runner:file-start","elapsedMs":278512.673254}
check	Run verification	2026-10-05T18:26:07.8889194Z runner: file lifecycle {"entryFile":"/home/runner/work/vibe-fs/vibe-fs/requirements/sphinx-v2/tests/019.test.mjs","type":"runner:file-drained","elapsedMs":278542.673685}
check	Run verification	2026-10-05T18:26:07.8905138Z runner: file lifecycle {"entryFile":"/home/runner/work/vibe-fs/vibe-fs/requirements/sphinx-v2/tests/022.test.mjs","pid":3076,"parentPid":3067,"type":"runner:file-start","elapsedMs":278545.408847}
check	Run verification	2026-10-05T18:26:07.9421045Z runner: file lifecycle {"entryFile":"/home/runner/work/vibe-fs/vibe-fs/requirements/sphinx-v2/tests/022.test.mjs","type":"runner:file-drained","elapsedMs":278596.833001}
check	Run verification	2026-10-05T18:26:07.9443210Z runner: file lifecycle {"entryFile":"/home/runner/work/vibe-fs/vibe-fs/requirements/sphinx-v2/tests/023.test.mjs","pid":3076,"parentPid":3067,"type":"runner:file-start","elapsedMs":278599.169361}
check	Run verification	2026-10-05T18:26:07.9700696Z runner: file lifecycle {"entryFile":"/home/runner/work/vibe-fs/vibe-fs/requirements/sphinx-v2/tests/021.test.mjs","type":"runner:file-drained","elapsedMs":278624.46934300003}
check	Run verification	2026-10-05T18:26:07.9725838Z runner: file lifecycle {"entryFile":"/home/runner/work/vibe-fs/vibe-fs/requirements/sphinx-v2/tests/025.test.mjs","pid":3076,"parentPid":3067,"type":"runner:file-start","elapsedMs":278627.220029}
check	Run verification	2026-10-05T18:26:08.0895223Z runner: file lifecycle {"entryFile":"/home/runner/work/vibe-fs/vibe-fs/requirements/sphinx-v2/tests/023.test.mjs","type":"runner:file-drained","elapsedMs":278743.048941}
check	Run verification	2026-10-05T18:26:08.0898892Z runner: file lifecycle {"entryFile":"/home/runner/work/vibe-fs/vibe-fs/requirements/sphinx-v2/tests/026.test.mjs","pid":3076,"parentPid":3067,"type":"runner:file-start","elapsedMs":278744.247755}
check	Run verification	2026-10-05T18:26:08.1160233Z runner: file lifecycle {"entryFile":"/home/runner/work/vibe-fs/vibe-fs/requirements/sphinx-v2/tests/025.test.mjs","type":"runner:file-drained","elapsedMs":278770.814287}
check	Run verification	2026-10-05T18:26:08.1188986Z runner: file lifecycle {"entryFile":"/home/runner/work/vibe-fs/vibe-fs/requirements/sphinx-v2/tests/029.test.mjs","pid":3076,"parentPid":3067,"type":"runner:file-start","elapsedMs":278773.67517}
check	Run verification	2026-10-05T18:26:08.2344779Z runner: file lifecycle {"entryFile":"/home/runner/work/vibe-fs/vibe-fs/requirements/sphinx-v2/tests/026.test.mjs","type":"runner:file-drained","elapsedMs":278888.181338}
check	Run verification	2026-10-05T18:26:08.2384570Z runner: file lifecycle {"entryFile":"/home/runner/work/vibe-fs/vibe-fs/requirements/sphinx-v2/tests/033.test.mjs","pid":3076,"parentPid":3067,"type":"runner:file-start","elapsedMs":278892.14024700003}
check	Run verification	2026-10-05T18:26:08.2563144Z runner: file lifecycle {"entryFile":"/home/runner/work/vibe-fs/vibe-fs/requirements/sphinx-v2/tests/029.test.mjs","type":"runner:file-drained","elapsedMs":278910.494909}
check	Run verification	2026-10-05T18:26:08.2590407Z runner: file lifecycle {"entryFile":"/home/runner/work/vibe-fs/vibe-fs/requirements/sphinx-v2/tests/034.test.mjs","pid":3076,"parentPid":3067,"type":"runner:file-start","elapsedMs":278913.38554}
check	Run verification	2026-10-05T18:26:08.4075205Z runner: file lifecycle {"entryFile":"/home/runner/work/vibe-fs/vibe-fs/requirements/sphinx-v2/tests/034.test.mjs","type":"runner:file-drained","elapsedMs":279062.011422}
check	Run verification	2026-10-05T18:26:08.4111307Z runner: file lifecycle {"entryFile":"/home/runner/work/vibe-fs/vibe-fs/requirements/sphinx-v2/tests/036.test.mjs","pid":3076,"parentPid":3067,"type":"runner:file-start","elapsedMs":279065.02128600003}
check	Run verification	2026-10-05T18:26:10.5053269Z runner: file lifecycle {"entryFile":"/home/runner/work/vibe-fs/vibe-fs/requirements/sphinx-v2/tests/033.test.mjs","type":"runner:file-drained","elapsedMs":281159.29148200003}
check	Run verification	2026-10-05T18:26:10.5082552Z runner: file lifecycle {"entryFile":"/home/runner/work/vibe-fs/vibe-fs/requirements/structured-workflow/tests/003.test.mjs","pid":3076,"parentPid":3067,"type":"runner:file-start","elapsedMs":281163.05448600004}
check	Run verification	2026-10-05T18:26:10.6678326Z runner: file lifecycle {"entryFile":"/home/runner/work/vibe-fs/vibe-fs/requirements/structured-workflow/tests/003.test.mjs","type":"runner:file-drained","elapsedMs":281322.53717900004}
check	Run verification	2026-10-05T18:26:10.6700126Z runner: file lifecycle {"entryFile":"/home/runner/work/vibe-fs/vibe-fs/requirements/structured-workflow/tests/004.test.mjs","pid":3076,"parentPid":3067,"type":"runner:file-start","elapsedMs":281324.860608}
check	Run verification	2026-10-05T18:26:10.8300386Z runner: file lifecycle {"entryFile":"/home/runner/work/vibe-fs/vibe-fs/requirements/structured-workflow/tests/004.test.mjs","type":"runner:file-drained","elapsedMs":281484.54407}
check	Run verification	2026-10-05T18:26:10.8320235Z runner: file lifecycle {"entryFile":"/home/runner/work/vibe-fs/vibe-fs/requirements/structured-workflow/tests/005.test.mjs","pid":3076,"parentPid":3067,"type":"runner:file-start","elapsedMs":281486.843374}
check	Run verification	2026-10-05T18:26:11.3471047Z runner: file lifecycle {"entryFile":"/home/runner/work/vibe-fs/vibe-fs/requirements/structured-workflow/tests/005.test.mjs","type":"runner:file-drained","elapsedMs":282001.736493}
check	Run verification	2026-10-05T18:26:11.3502849Z runner: file lifecycle {"entryFile":"/home/runner/work/vibe-fs/vibe-fs/requirements/structured-workflow/tests/006.test.mjs","pid":3076,"parentPid":3067,"type":"runner:file-start","elapsedMs":282005.11649700004}
check	Run verification	2026-10-05T18:26:11.5043787Z runner: file lifecycle {"entryFile":"/home/runner/work/vibe-fs/vibe-fs/requirements/sphinx-v2/tests/036.test.mjs","type":"runner:file-drained","elapsedMs":282159.10057400004}
check	Run verification	2026-10-05T18:26:11.5100968Z runner: file lifecycle {"entryFile":"/home/runner/work/vibe-fs/vibe-fs/requirements/structured-workflow/tests/009.test.mjs","pid":3076,"parentPid":3067,"type":"runner:file-start","elapsedMs":282161.834259}
check	Run verification	2026-10-05T18:26:11.6394201Z runner: file lifecycle {"entryFile":"/home/runner/work/vibe-fs/vibe-fs/requirements/structured-workflow/tests/009.test.mjs","type":"runner:file-drained","elapsedMs":282294.251089}
check	Run verification	2026-10-05T18:26:11.6423743Z runner: file lifecycle {"entryFile":"/home/runner/work/vibe-fs/vibe-fs/requirements/structured-workflow/tests/010.test.mjs","pid":3076,"parentPid":3067,"type":"runner:file-start","elapsedMs":282297.206678}
check	Run verification	2026-10-05T18:26:11.8718740Z runner: file lifecycle {"entryFile":"/home/runner/work/vibe-fs/vibe-fs/requirements/structured-workflow/tests/006.test.mjs","type":"runner:file-drained","elapsedMs":282526.60872200003}
check	Run verification	2026-10-05T18:26:11.8740956Z runner: file lifecycle {"entryFile":"/home/runner/work/vibe-fs/vibe-fs/requirements/structured-workflow/tests/011.test.mjs","pid":3076,"parentPid":3067,"type":"runner:file-start","elapsedMs":282528.84878400003}
check	Run verification	2026-10-05T18:26:12.1760190Z runner: file lifecycle {"entryFile":"/home/runner/work/vibe-fs/vibe-fs/requirements/structured-workflow/tests/011.test.mjs","type":"runner:file-drained","elapsedMs":282828.342695}
check	Run verification	2026-10-05T18:26:12.1813328Z runner: file lifecycle {"entryFile":"/home/runner/work/vibe-fs/vibe-fs/requirements/structured-workflow/tests/012.test.mjs","pid":3076,"parentPid":3067,"type":"runner:file-start","elapsedMs":282831.57283900003}
check	Run verification	2026-10-05T18:26:12.2286309Z runner: file lifecycle {"entryFile":"/home/runner/work/vibe-fs/vibe-fs/requirements/structured-workflow/tests/010.test.mjs","type":"runner:file-drained","elapsedMs":282882.388774}
check	Run verification	2026-10-05T18:26:12.2299744Z runner: file lifecycle {"entryFile":"/home/runner/work/vibe-fs/vibe-fs/requirements/structured-workflow/tests/013.test.mjs","pid":3076,"parentPid":3067,"type":"runner:file-start","elapsedMs":282884.83237}
check	Run verification	2026-10-05T18:26:12.4785990Z runner: file lifecycle {"entryFile":"/home/runner/work/vibe-fs/vibe-fs/requirements/structured-workflow/tests/013.test.mjs","type":"runner:file-drained","elapsedMs":283133.36947100004}
check	Run verification	2026-10-05T18:26:12.4812493Z runner: file lifecycle {"entryFile":"/home/runner/work/vibe-fs/vibe-fs/requirements/structured-workflow/tests/014.test.mjs","pid":3076,"parentPid":3067,"type":"runner:file-start","elapsedMs":283135.920464}
check	Run verification	2026-10-05T18:26:14.1955696Z runner: file lifecycle {"entryFile":"/home/runner/work/vibe-fs/vibe-fs/requirements/structured-workflow/tests/014.test.mjs","type":"runner:file-drained","elapsedMs":284850.387262}
check	Run verification	2026-10-05T18:26:14.1993318Z runner: file lifecycle {"entryFile":"/home/runner/work/vibe-fs/vibe-fs/requirements/structured-workflow/tests/015.test.mjs","pid":3076,"parentPid":3067,"type":"runner:file-start","elapsedMs":284854.11679}
check	Run verification	2026-10-05T18:26:14.3348708Z runner: file lifecycle {"entryFile":"/home/runner/work/vibe-fs/vibe-fs/requirements/structured-workflow/tests/015.test.mjs","type":"runner:file-drained","elapsedMs":284989.552015}
check	Run verification	2026-10-05T18:26:14.3380171Z runner: file lifecycle {"entryFile":"/home/runner/work/vibe-fs/vibe-fs/requirements/structured-workflow/tests/016.test.mjs","pid":3076,"parentPid":3067,"type":"runner:file-start","elapsedMs":284992.025083}
check	Run verification	2026-10-05T18:26:14.3966118Z runner: file lifecycle {"entryFile":"/home/runner/work/vibe-fs/vibe-fs/requirements/structured-workflow/tests/016.test.mjs","type":"runner:file-drained","elapsedMs":285050.168721}
check	Run verification	2026-10-05T18:26:14.3979725Z runner: file lifecycle {"entryFile":"/home/runner/work/vibe-fs/vibe-fs/requirements/structured-workflow/tests/018.test.mjs","pid":3076,"parentPid":3067,"type":"runner:file-start","elapsedMs":285052.729459}
check	Run verification	2026-10-05T18:26:14.4552390Z runner: file lifecycle {"entryFile":"/home/runner/work/vibe-fs/vibe-fs/requirements/structured-workflow/tests/018.test.mjs","type":"runner:file-drained","elapsedMs":285110.093925}
check	Run verification	2026-10-05T18:26:14.4583742Z runner: file lifecycle {"entryFile":"/home/runner/work/vibe-fs/vibe-fs/requirements/structured-workflow/tests/019.test.mjs","pid":3076,"parentPid":3067,"type":"runner:file-start","elapsedMs":285113.086456}
check	Run verification	2026-10-05T18:26:14.5434937Z runner: file lifecycle {"entryFile":"/home/runner/work/vibe-fs/vibe-fs/requirements/structured-workflow/tests/019.test.mjs","type":"runner:file-drained","elapsedMs":285198.27185}
check	Run verification	2026-10-05T18:26:14.5458912Z runner: file lifecycle {"entryFile":"/home/runner/work/vibe-fs/vibe-fs/requirements/time-capability/tests/001.test.mjs","pid":3076,"parentPid":3067,"type":"runner:file-start","elapsedMs":285200.731943}
check	Run verification	2026-10-05T18:26:14.5801238Z runner: file lifecycle {"entryFile":"/home/runner/work/vibe-fs/vibe-fs/requirements/structured-workflow/tests/012.test.mjs","type":"runner:file-drained","elapsedMs":285234.790912}
check	Run verification	2026-10-05T18:26:14.5829257Z runner: file lifecycle {"entryFile":"/home/runner/work/vibe-fs/vibe-fs/requirements/time-capability/tests/002.test.mjs","pid":3076,"parentPid":3067,"type":"runner:file-start","elapsedMs":285237.741523}
check	Run verification	2026-10-05T18:26:14.6511900Z runner: file lifecycle {"entryFile":"/home/runner/work/vibe-fs/vibe-fs/requirements/time-capability/tests/002.test.mjs","type":"runner:file-drained","elapsedMs":285305.832214}
check	Run verification	2026-10-05T18:26:14.6600537Z runner: file lifecycle {"entryFile":"/home/runner/work/vibe-fs/vibe-fs/requirements/time-capability/tests/003.test.mjs","pid":3076,"parentPid":3067,"type":"runner:file-start","elapsedMs":285312.089202}
check	Run verification	2026-10-05T18:26:14.6778939Z runner: file lifecycle {"entryFile":"/home/runner/work/vibe-fs/vibe-fs/requirements/time-capability/tests/001.test.mjs","type":"runner:file-drained","elapsedMs":285332.650341}
check	Run verification	2026-10-05T18:26:14.6802627Z runner: file lifecycle {"entryFile":"/home/runner/work/vibe-fs/vibe-fs/requirements/time-capability/tests/004.test.mjs","pid":3076,"parentPid":3067,"type":"runner:file-start","elapsedMs":285335.099314}
check	Run verification	2026-10-05T18:26:14.7984298Z runner: file lifecycle {"entryFile":"/home/runner/work/vibe-fs/vibe-fs/requirements/time-capability/tests/003.test.mjs","type":"runner:file-drained","elapsedMs":285453.203624}
check	Run verification	2026-10-05T18:26:14.8034153Z runner: file lifecycle {"entryFile":"/home/runner/work/vibe-fs/vibe-fs/requirements/time-capability/tests/005.test.mjs","pid":3076,"parentPid":3067,"type":"runner:file-start","elapsedMs":285456.538684}
check	Run verification	2026-10-05T18:26:14.9152024Z runner: file lifecycle {"entryFile":"/home/runner/work/vibe-fs/vibe-fs/requirements/time-capability/tests/004.test.mjs","type":"runner:file-drained","elapsedMs":285569.99663}
check	Run verification	2026-10-05T18:26:14.9182901Z runner: file lifecycle {"entryFile":"/home/runner/work/vibe-fs/vibe-fs/requirements/time-capability/tests/006.test.mjs","pid":3076,"parentPid":3067,"type":"runner:file-start","elapsedMs":285572.865659}
check	Run verification	2026-10-05T18:26:14.9289749Z runner: file lifecycle {"entryFile":"/home/runner/work/vibe-fs/vibe-fs/requirements/time-capability/tests/005.test.mjs","type":"runner:file-drained","elapsedMs":285582.868083}
check	Run verification	2026-10-05T18:26:14.9310237Z runner: file lifecycle {"entryFile":"/home/runner/work/vibe-fs/vibe-fs/requirements/time-capability/tests/007.test.mjs","pid":3076,"parentPid":3067,"type":"runner:file-start","elapsedMs":285585.77372}
check	Run verification	2026-10-05T18:26:15.0696079Z runner: file lifecycle {"entryFile":"/home/runner/work/vibe-fs/vibe-fs/requirements/time-capability/tests/006.test.mjs","type":"runner:file-drained","elapsedMs":285724.44439300004}
check	Run verification	2026-10-05T18:26:15.0721513Z runner: file lifecycle {"entryFile":"/home/runner/work/vibe-fs/vibe-fs/requirements/time-capability/tests/008.test.mjs","pid":3076,"parentPid":3067,"type":"runner:file-start","elapsedMs":285726.814162}
check	Run verification	2026-10-05T18:26:15.0729831Z runner: file lifecycle {"entryFile":"/home/runner/work/vibe-fs/vibe-fs/requirements/time-capability/tests/007.test.mjs","type":"runner:file-drained","elapsedMs":285727.82606600004}
check	Run verification	2026-10-05T18:26:15.0769969Z runner: file lifecycle {"entryFile":"/home/runner/work/vibe-fs/vibe-fs/requirements/verification-system/tests/002.test.mjs","pid":3076,"parentPid":3067,"type":"runner:file-start","elapsedMs":285730.215152}
check	Run verification	2026-10-05T18:26:15.1360939Z runner: file lifecycle {"entryFile":"/home/runner/work/vibe-fs/vibe-fs/requirements/verification-system/tests/002.test.mjs","type":"runner:file-drained","elapsedMs":285790.12563200004}
check	Run verification	2026-10-05T18:26:15.1380659Z runner: file lifecycle {"entryFile":"/home/runner/work/vibe-fs/vibe-fs/requirements/verification-system/tests/003.test.mjs","pid":3076,"parentPid":3067,"type":"runner:file-start","elapsedMs":285792.373037}
check	Run verification	2026-10-05T18:26:15.2457234Z runner: file lifecycle {"entryFile":"/home/runner/work/vibe-fs/vibe-fs/requirements/time-capability/tests/008.test.mjs","type":"runner:file-drained","elapsedMs":285900.577914}
check	Run verification	2026-10-05T18:26:15.2493177Z runner: file lifecycle {"entryFile":"/home/runner/work/vibe-fs/vibe-fs/requirements/verification-system/tests/004.test.mjs","pid":3076,"parentPid":3067,"type":"runner:file-start","elapsedMs":285904.186107}
check	Run verification	2026-10-05T18:26:15.3481774Z js-boundary-gate: 2 violation(s) across 1 file(s)
check	Run verification	2026-10-05T18:26:15.3489779Z   ../../../../../tmp/boundary-gate-red-DOFvxO/requirements/sample-pkg/tests/debt.test.mjs:1 [deep-dist-import] import * as mod from '../../../dist/Internal/UnregisteredModule.js'
check	Run verification	2026-10-05T18:26:15.3493456Z   ../../../../../tmp/boundary-gate-red-DOFvxO/requirements/sample-pkg/tests/debt.test.mjs:2 [export-discovery] const names = Object.keys(mod)
check	Run verification	2026-10-05T18:26:15.3560730Z js-boundary-gate: 1 violation(s) across 1 file(s)
check	Run verification	2026-10-05T18:26:15.3564556Z   ../../../../../tmp/boundary-environment-LXPQCX/requirements/sample/tests/001.test.mjs:3 [mangled-lookup] const name = 'Example__run'; name.startsWith('Example__')
check	Run verification	2026-10-05T18:26:15.3581050Z js-boundary-gate: 1 violation(s) across 1 file(s)
check	Run verification	2026-10-05T18:26:15.3584318Z   ../../../../../tmp/boundary-environment-LXPQCX/requirements/sample/tests/001.test.mjs:3 [mangled-lookup] const name = '_Method'; name.endsWith('_Method')
check	Run verification	2026-10-05T18:26:15.3602545Z js-boundary-gate: 1 violation(s) across 1 file(s)
check	Run verification	2026-10-05T18:26:15.3604869Z   ../../../../../tmp/boundary-environment-LXPQCX/requirements/sample/tests/001.test.mjs:3 [mangled-lookup] Object.keys(process.env).filter((env) => { const name = 'Example__run'; return name.startsWith('Example__') })
check	Run verification	2026-10-05T18:26:15.3751018Z runner: file lifecycle {"entryFile":"/home/runner/work/vibe-fs/vibe-fs/requirements/verification-system/tests/004.test.mjs","type":"runner:file-drained","elapsedMs":286028.65156800003}
check	Run verification	2026-10-05T18:26:15.3769407Z runner: file lifecycle {"entryFile":"/home/runner/work/vibe-fs/vibe-fs/requirements/verification-system/tests/005.test.mjs","pid":3076,"parentPid":3067,"type":"runner:file-start","elapsedMs":286031.795172}
check	Run verification	2026-10-05T18:26:15.5424991Z runner: file lifecycle {"entryFile":"/home/runner/work/vibe-fs/vibe-fs/requirements/verification-system/tests/003.test.mjs","type":"runner:file-drained","elapsedMs":286197.20927500003}
check	Run verification	2026-10-05T18:26:15.5440674Z runner: file lifecycle {"entryFile":"/home/runner/work/vibe-fs/vibe-fs/requirements/verification-system/tests/006.test.mjs","pid":3076,"parentPid":3067,"type":"runner:file-start","elapsedMs":286198.399431}
check	Run verification	2026-10-05T18:26:19.7611695Z check.mjs: FAILED with 1 issue(s) across 1 gate(s)
check	Run verification	2026-10-05T18:26:19.7612497Z 
check	Run verification	2026-10-05T18:26:19.7614085Z Gate: /tmp/gate-failure-bi7nuV/gate.mjs (1 issue(s))
check	Run verification	2026-10-05T18:26:19.7616419Z   - [fail] controlled violation
check	Run verification	2026-10-05T18:26:19.7617089Z 
check	Run verification	2026-10-05T18:26:19.7620994Z check.mjs: fatal error: Cannot find module '/tmp/gate-failure-bi7nuV/missing.mjs' imported from /home/runner/work/vibe-fs/vibe-fs/scripts/check.mjs
check	Run verification	2026-10-05T18:26:19.7626055Z check.mjs: fatal error: controlled failure
check	Run verification	2026-10-05T18:26:19.7864842Z runner: file lifecycle {"entryFile":"/home/runner/work/vibe-fs/vibe-fs/requirements/verification-system/tests/005.test.mjs","type":"runner:file-drained","elapsedMs":290441.275803}
check	Run verification	2026-10-05T18:26:19.7885780Z runner: file lifecycle {"entryFile":"/home/runner/work/vibe-fs/vibe-fs/requirements/verification-system/tests/007.test.mjs","pid":3076,"parentPid":3067,"type":"runner:file-start","elapsedMs":290443.459217}
check	Run verification	2026-10-05T18:26:20.4641430Z runner: file lifecycle {"entryFile":"/home/runner/work/vibe-fs/vibe-fs/requirements/verification-system/tests/007.test.mjs","type":"runner:file-drained","elapsedMs":291118.857816}
check	Run verification	2026-10-05T18:26:20.4690423Z runner: file lifecycle {"entryFile":"/home/runner/work/vibe-fs/vibe-fs/requirements/verification-system/tests/008.test.mjs","pid":3076,"parentPid":3067,"type":"runner:file-start","elapsedMs":291121.458582}
check	Run verification	2026-10-05T18:26:24.6520509Z runner: file lifecycle {"entryFile":"/home/runner/work/vibe-fs/vibe-fs/requirements/verification-system/tests/008.test.mjs","type":"runner:file-drained","elapsedMs":295306.800563}
check	Run verification	2026-10-05T18:26:24.6543492Z runner: file lifecycle {"entryFile":"/home/runner/work/vibe-fs/vibe-fs/requirements/verification-system/tests/009.test.mjs","pid":3076,"parentPid":3067,"type":"runner:file-start","elapsedMs":295309.234848}
check	Run verification	2026-10-05T18:26:28.9333416Z runner: file lifecycle {"entryFile":"/home/runner/work/vibe-fs/vibe-fs/requirements/verification-system/tests/009.test.mjs","type":"runner:file-drained","elapsedMs":299588.15855500003}
check	Run verification	2026-10-05T18:26:28.9353614Z runner: file lifecycle {"entryFile":"/home/runner/work/vibe-fs/vibe-fs/requirements/verification-system/tests/010.test.mjs","pid":3076,"parentPid":3067,"type":"runner:file-start","elapsedMs":299590.270976}
check	Run verification	2026-10-05T18:26:29.2664505Z runner: file lifecycle {"entryFile":"/home/runner/work/vibe-fs/vibe-fs/requirements/verification-system/tests/010.test.mjs","type":"runner:file-drained","elapsedMs":299921.27007900004}
check	Run verification	2026-10-05T18:26:29.2686239Z runner: file lifecycle {"entryFile":"/home/runner/work/vibe-fs/vibe-fs/requirements/verification-system/tests/011.test.mjs","pid":3076,"parentPid":3067,"type":"runner:file-start","elapsedMs":299923.56234400003}
check	Run verification	2026-10-05T18:26:29.3455058Z runner: suite exceeded the 300000ms physical backstop
check	Run verification	2026-10-05T18:26:29.3456663Z runner: file streams: 794 drained, 2 active, 25 queued
check	Run verification	2026-10-05T18:26:29.3459888Z runner: active file requirements/verification-system/tests/006.test.mjs; waiting for stream drain; last verdict: test:pass:WHAT[verification-system-006] synchronous work and microtasks deliver completed verdicts before the file ends
check	Run verification	2026-10-05T18:26:29.3465248Z runner: last runtime test start {"name":"WHAT[verification-system-006] synchronous work and microtasks deliver completed verdicts before the file ends","file":"/home/runner/work/vibe-fs/vibe-fs/requirements/verification-system/tests/006.test.mjs","entryFile":"/home/runner/work/vibe-fs/vibe-fs/requirements/verification-system/tests/006.test.mjs","line":686,"column":1,"nesting":0,"pid":3076,"parentPid":3067}
check	Run verification	2026-10-05T18:26:29.3469000Z runner: active file requirements/verification-system/tests/011.test.mjs; waiting for stream drain; last verdict: none received
check	Run verification	2026-10-05T18:26:29.3470064Z runner: 25 queued file(s) have not started
check	Run verification	2026-10-05T18:26:29.4386444Z runner: post-exit group verification/reclamation: pid=3076; elapsedMs=10.290; accepted=true
check	Run verification	2026-10-05T18:26:29.4387091Z 
check	Run verification	2026-10-05T18:26:29.4387890Z runner: verdict counts unavailable; no authoritative summary; 794/821 planned file(s) completed
check	Run verification	2026-10-05T18:26:29.4422056Z Error: runner: supervised suite failed (exit 1)
check	Run verification	2026-10-05T18:26:29.4423154Z     at fail (file:///home/runner/work/vibe-fs/vibe-fs/requirements/verification-system/tests/e2e/support/supervise-node-test.mjs:221:25)
check	Run verification	2026-10-05T18:26:29.4425067Z     at superviseOwnedNodeTest (file:///home/runner/work/vibe-fs/vibe-fs/requirements/verification-system/tests/e2e/support/supervise-node-test.mjs:404:22)
check	Run verification	2026-10-05T18:26:29.4427724Z     at async superviseNodeTest (file:///home/runner/work/vibe-fs/vibe-fs/requirements/verification-system/tests/e2e/support/supervise-node-test.mjs:199:14)
check	Run verification	2026-10-05T18:26:29.4429426Z     at async file:///home/runner/work/vibe-fs/vibe-fs/requirements/verification-system/tests/run.mjs:94:1 {
check	Run verification	2026-10-05T18:26:29.4430388Z   exitCode: 1
check	Run verification	2026-10-05T18:26:29.4430751Z }
check	Run verification	2026-10-05T18:26:29.4553703Z 
check	Run verification	2026-10-05T18:26:29.4554616Z --- [unit] 错误诊断日志转储 (最后 60 行) ---
check	Run verification	2026-10-05T18:26:29.4557800Z [verification-test-start] {"pid":12229,"parentPid":3076,"entryFile":"/home/runner/work/vibe-fs/vibe-fs/requirements/verification-system/tests/007.test.mjs","name":"WHAT[verification-system-007] poisoned durable substrate rejects new reconcile admission","fullName":"WHAT[verification-system-007] poisoned durable substrate rejects new reconcile admission"}
check	Run verification	2026-10-05T18:26:29.4559565Z   unit           FAIL(1)  300.8s
check	Run verification	2026-10-05T18:26:29.4562057Z [verification-test-start] {"pid":12229,"parentPid":3076,"entryFile":"/home/runner/work/vibe-fs/vibe-fs/requirements/verification-system/tests/007.test.mjs","name":"WHAT[verification-system-007] plugin scope drains reconcile and admitted Host work before disposal","fullName":"WHAT[verification-system-007] plugin scope drains reconcile and admitted Host work before disposal"}
check	Run verification	2026-10-05T18:26:29.4566419Z [verification-test-start] {"pid":12229,"parentPid":3076,"entryFile":"/home/runner/work/vibe-fs/vibe-fs/requirements/verification-system/tests/007.test.mjs","name":"WHAT[verification-system-007] plugin scope preserves detached background failure instead of swallowing it","fullName":"WHAT[verification-system-007] plugin scope preserves detached background failure instead of swallowing it"}
check	Run verification	2026-10-05T18:26:29.4570148Z runner: file lifecycle {"entryFile":"/home/runner/work/vibe-fs/vibe-fs/requirements/verification-system/tests/007.test.mjs","type":"runner:file-drained","elapsedMs":291118.857816}
check	Run verification	2026-10-05T18:26:29.4572616Z runner: file lifecycle {"entryFile":"/home/runner/work/vibe-fs/vibe-fs/requirements/verification-system/tests/008.test.mjs","pid":3076,"parentPid":3067,"type":"runner:file-start","elapsedMs":291121.458582}
check	Run verification	2026-10-05T18:26:29.4575047Z [verification-test-start] {"pid":12249,"parentPid":3076,"entryFile":"/home/runner/work/vibe-fs/vibe-fs/requirements/verification-system/tests/008.test.mjs","name":"WHAT[verification-system-008] assertBuildFresh succeeds on current repository build","fullName":"WHAT[verification-system-008] assertBuildFresh succeeds on current repository build"}
check	Run verification	2026-10-05T18:26:29.4578497Z [verification-test-start] {"pid":12249,"parentPid":3076,"entryFile":"/home/runner/work/vibe-fs/vibe-fs/requirements/verification-system/tests/008.test.mjs","name":"WHAT[verification-system-008] no-op mode preserves manifest and generation","fullName":"WHAT[verification-system-008] no-op mode preserves manifest and generation"}
check	Run verification	2026-10-05T18:26:29.4581400Z [verification-test-start] {"pid":12249,"parentPid":3076,"entryFile":"/home/runner/work/vibe-fs/vibe-fs/requirements/verification-system/tests/008.test.mjs","name":"WHAT[verification-system-008] manifest corruption causes assertBuildFresh to throw with code","fullName":"WHAT[verification-system-008] manifest corruption causes assertBuildFresh to throw with code"}
check	Run verification	2026-10-05T18:26:29.4584393Z [verification-test-start] {"pid":12249,"parentPid":3076,"entryFile":"/home/runner/work/vibe-fs/vibe-fs/requirements/verification-system/tests/008.test.mjs","name":"WHAT[verification-system-008] missing or stale output entry causes assertBuildFresh to throw","fullName":"WHAT[verification-system-008] missing or stale output entry causes assertBuildFresh to throw"}
check	Run verification	2026-10-05T18:26:29.4587782Z [verification-test-start] {"pid":12249,"parentPid":3076,"entryFile":"/home/runner/work/vibe-fs/vibe-fs/requirements/verification-system/tests/008.test.mjs","name":"WHAT[verification-system-008] changed .fs with unchanged .fsi triggers reverse-consumer recompile","fullName":"WHAT[verification-system-008] changed .fs with unchanged .fsi triggers reverse-consumer recompile"}
check	Run verification	2026-10-05T18:26:29.4590928Z [verification-test-start] {"pid":12249,"parentPid":3076,"entryFile":"/home/runner/work/vibe-fs/vibe-fs/requirements/verification-system/tests/008.test.mjs","name":"WHAT[verification-system-008] untracked new production source fails compile-shard inventory","fullName":"WHAT[verification-system-008] untracked new production source fails compile-shard inventory"}
check	Run verification	2026-10-05T18:26:29.4593889Z [verification-test-start] {"pid":12249,"parentPid":3076,"entryFile":"/home/runner/work/vibe-fs/vibe-fs/requirements/verification-system/tests/008.test.mjs","name":"WHAT[verification-system-008] release output reset physically removes stale artifacts","fullName":"WHAT[verification-system-008] release output reset physically removes stale artifacts"}
check	Run verification	2026-10-05T18:26:29.4596858Z [verification-test-start] {"pid":12249,"parentPid":3076,"entryFile":"/home/runner/work/vibe-fs/vibe-fs/requirements/verification-system/tests/008.test.mjs","name":"WHAT[verification-system-008] emitted dist modules pass linkage and dynamic loadability gate","fullName":"WHAT[verification-system-008] emitted dist modules pass linkage and dynamic loadability gate"}
check	Run verification	2026-10-05T18:26:29.4600497Z [verification-test-start] {"pid":11832,"parentPid":3076,"entryFile":"/home/runner/work/vibe-fs/vibe-fs/requirements/verification-system/tests/006.test.mjs","name":"WHAT[verification-system-006] synchronous runner spawn failure preserves its cause and stops its watchdog","fullName":"WHAT[verification-system-006] synchronous runner spawn failure preserves its cause and stops its watchdog"}
check	Run verification	2026-10-05T18:26:29.4604322Z [verification-test-start] {"pid":11832,"parentPid":3076,"entryFile":"/home/runner/work/vibe-fs/vibe-fs/requirements/verification-system/tests/006.test.mjs","name":"WHAT[verification-system-006] suite HOME cleanup failure preserves the original failed verdict and rejects acceptance","fullName":"WHAT[verification-system-006] suite HOME cleanup failure preserves the original failed verdict and rejects acceptance"}
check	Run verification	2026-10-05T18:26:29.4607941Z [verification-test-start] {"pid":11832,"parentPid":3076,"entryFile":"/home/runner/work/vibe-fs/vibe-fs/requirements/verification-system/tests/006.test.mjs","name":"WHAT[verification-system-006] standalone inner owns only its allocated HOME and always releases it","fullName":"WHAT[verification-system-006] standalone inner owns only its allocated HOME and always releases it"}
check	Run verification	2026-10-05T18:26:29.4611724Z [verification-test-start] {"pid":11832,"parentPid":3076,"entryFile":"/home/runner/work/vibe-fs/vibe-fs/requirements/verification-system/tests/006.test.mjs","name":"WHAT[verification-system-006] physical backstop diagnostics retain active verdicts and queued files while completed leaves continue advancing","fullName":"WHAT[verification-system-006] physical backstop diagnostics retain active verdicts and queued files while completed leaves continue advancing"}
check	Run verification	2026-10-05T18:26:29.4615247Z [verification-test-start] {"pid":11832,"parentPid":3076,"entryFile":"/home/runner/work/vibe-fs/vibe-fs/requirements/verification-system/tests/006.test.mjs","name":"WHAT[verification-system-006] synchronous work and microtasks deliver completed verdicts before the file ends","fullName":"WHAT[verification-system-006] synchronous work and microtasks deliver completed verdicts before the file ends"}
check	Run verification	2026-10-05T18:26:29.4618751Z [verification-test-start] {"pid":12249,"parentPid":3076,"entryFile":"/home/runner/work/vibe-fs/vibe-fs/requirements/verification-system/tests/008.test.mjs","name":"WHAT[verification-system-008] module loadability verifier is red when a dist module fails to load","fullName":"WHAT[verification-system-008] module loadability verifier is red when a dist module fails to load"}
check	Run verification	2026-10-05T18:26:29.4620896Z runner: file lifecycle {"entryFile":"/home/runner/work/vibe-fs/vibe-fs/requirements/verification-system/tests/008.test.mjs","type":"runner:file-drained","elapsedMs":295306.800563}
check	Run verification	2026-10-05T18:26:29.4623734Z runner: file lifecycle {"entryFile":"/home/runner/work/vibe-fs/vibe-fs/requirements/verification-system/tests/009.test.mjs","pid":3076,"parentPid":3067,"type":"runner:file-start","elapsedMs":295309.234848}
check	Run verification	2026-10-05T18:26:29.4628592Z [verification-test-start] {"pid":12397,"parentPid":3076,"entryFile":"/home/runner/work/vibe-fs/vibe-fs/requirements/verification-system/tests/009.test.mjs","name":"WHAT[verification-system-009] missing e2e root fails closed, not green with zero files","fullName":"WHAT[verification-system-009] missing e2e root fails closed, not green with zero files"}
check	Run verification	2026-10-05T18:26:29.4633898Z [verification-test-start] {"pid":12397,"parentPid":3076,"entryFile":"/home/runner/work/vibe-fs/vibe-fs/requirements/verification-system/tests/009.test.mjs","name":"WHAT[verification-system-009] non-directory e2e root fails closed","fullName":"WHAT[verification-system-009] non-directory e2e root fails closed"}
check	Run verification	2026-10-05T18:26:29.4639684Z [verification-test-start] {"pid":12397,"parentPid":3076,"entryFile":"/home/runner/work/vibe-fs/vibe-fs/requirements/verification-system/tests/009.test.mjs","name":"WHAT[verification-system-009] integration entry coverage accepts an exact reachable set","fullName":"WHAT[verification-system-009] integration entry coverage accepts an exact reachable set"}
check	Run verification	2026-10-05T18:26:29.4645818Z [verification-test-start] {"pid":12397,"parentPid":3076,"entryFile":"/home/runner/work/vibe-fs/vibe-fs/requirements/verification-system/tests/009.test.mjs","name":"WHAT[verification-system-009] integration entry coverage delegates the exact declared child-owned set","fullName":"WHAT[verification-system-009] integration entry coverage delegates the exact declared child-owned set"}
check	Run verification	2026-10-05T18:26:29.4651034Z [verification-test-start] {"pid":12397,"parentPid":3076,"entryFile":"/home/runner/work/vibe-fs/vibe-fs/requirements/verification-system/tests/009.test.mjs","name":"WHAT[verification-system-009] discoverSuiteTests lists every package *.test.mjs and excludes the runner","fullName":"WHAT[verification-system-009] discoverSuiteTests lists every package *.test.mjs and excludes the runner"}
check	Run verification	2026-10-05T18:26:29.4655139Z [verification-test-start] {"pid":12397,"parentPid":3076,"entryFile":"/home/runner/work/vibe-fs/vibe-fs/requirements/verification-system/tests/009.test.mjs","name":"WHAT[verification-system-009] discoverSuiteTests auto-includes an added test and excludes non-test files","fullName":"WHAT[verification-system-009] discoverSuiteTests auto-includes an added test and excludes non-test files"}
check	Run verification	2026-10-05T18:26:29.4661374Z [verification-test-start] {"pid":12397,"parentPid":3076,"entryFile":"/home/runner/work/vibe-fs/vibe-fs/requirements/verification-system/tests/009.test.mjs","name":"WHAT[verification-system-009] discovery rejects a missing required suite directory","fullName":"WHAT[verification-system-009] discovery rejects a missing required suite directory"}
check	Run verification	2026-10-05T18:26:29.4667065Z [verification-test-start] {"pid":12397,"parentPid":3076,"entryFile":"/home/runner/work/vibe-fs/vibe-fs/requirements/verification-system/tests/009.test.mjs","name":"WHAT[verification-system-009] integration discovery ignores examples in strings and comments","fullName":"WHAT[verification-system-009] integration discovery ignores examples in strings and comments"}
check	Run verification	2026-10-05T18:26:29.4673516Z [verification-test-start] {"pid":12397,"parentPid":3076,"entryFile":"/home/runner/work/vibe-fs/vibe-fs/requirements/verification-system/tests/009.test.mjs","name":"WHAT[verification-system-009] integration discovery selects real declarations and propagates malformed source","fullName":"WHAT[verification-system-009] integration discovery selects real declarations and propagates malformed source"}
check	Run verification	2026-10-05T18:26:29.4680310Z [verification-test-start] {"pid":12397,"parentPid":3076,"entryFile":"/home/runner/work/vibe-fs/vibe-fs/requirements/verification-system/tests/009.test.mjs","name":"WHAT[verification-system-009] the actual repository discovery refuses missing or malformed suites with nonzero exit","fullName":"WHAT[verification-system-009] the actual repository discovery refuses missing or malformed suites with nonzero exit"}
check	Run verification	2026-10-05T18:26:29.4686531Z [verification-test-start] {"pid":12397,"parentPid":3076,"entryFile":"/home/runner/work/vibe-fs/vibe-fs/requirements/verification-system/tests/009.test.mjs","name":"WHAT[verification-system-009] the real integration entry covers every discovered integration test","fullName":"WHAT[verification-system-009] the real integration entry covers every discovered integration test"}
check	Run verification	2026-10-05T18:26:29.4692688Z [verification-test-start] {"pid":11832,"parentPid":3076,"entryFile":"/home/runner/work/vibe-fs/vibe-fs/requirements/verification-system/tests/006.test.mjs","name":"WHAT[verification-system-006] transport scheduling cannot renew unfinished work or background noise","fullName":"WHAT[verification-system-006] transport scheduling cannot renew unfinished work or background noise"}
check	Run verification	2026-10-05T18:26:29.4698500Z [verification-test-start] {"pid":12397,"parentPid":3076,"entryFile":"/home/runner/work/vibe-fs/vibe-fs/requirements/verification-system/tests/009.test.mjs","name":"WHAT[verification-system-009] every ladder step target exists as a real file","fullName":"WHAT[verification-system-009] every ladder step target exists as a real file"}
check	Run verification	2026-10-05T18:26:29.4703566Z [verification-test-start] {"pid":12397,"parentPid":3076,"entryFile":"/home/runner/work/vibe-fs/vibe-fs/requirements/verification-system/tests/009.test.mjs","name":"WHAT[verification-system-009] every wired gate path exists and checks set matches scripts/checks directory","fullName":"WHAT[verification-system-009] every wired gate path exists and checks set matches scripts/checks directory"}
check	Run verification	2026-10-05T18:26:29.4709751Z [verification-test-start] {"pid":12397,"parentPid":3076,"entryFile":"/home/runner/work/vibe-fs/vibe-fs/requirements/verification-system/tests/009.test.mjs","name":"WHAT[verification-system-009] repository closure gates reject an unassigned production source and package member","fullName":"WHAT[verification-system-009] repository closure gates reject an unassigned production source and package member"}
check	Run verification	2026-10-05T18:26:29.4714136Z runner: file lifecycle {"entryFile":"/home/runner/work/vibe-fs/vibe-fs/requirements/verification-system/tests/009.test.mjs","type":"runner:file-drained","elapsedMs":299588.15855500003}
check	Run verification	2026-10-05T18:26:29.4717238Z runner: file lifecycle {"entryFile":"/home/runner/work/vibe-fs/vibe-fs/requirements/verification-system/tests/010.test.mjs","pid":3076,"parentPid":3067,"type":"runner:file-start","elapsedMs":299590.270976}
check	Run verification	2026-10-05T18:26:29.4722936Z [verification-test-start] {"pid":12533,"parentPid":3076,"entryFile":"/home/runner/work/vibe-fs/vibe-fs/requirements/verification-system/tests/010.test.mjs","name":"WHAT[verification-system-010] frozen event budgets reject invalid limits and count only substantive SSE events","fullName":"WHAT[verification-system-010] frozen event budgets reject invalid limits and count only substantive SSE events"}
check	Run verification	2026-10-05T18:26:29.4729166Z [verification-test-start] {"pid":12533,"parentPid":3076,"entryFile":"/home/runner/work/vibe-fs/vibe-fs/requirements/verification-system/tests/010.test.mjs","name":"WHAT[verification-system-010] exceeding an event budget fails instead of extending its limit","fullName":"WHAT[verification-system-010] exceeding an event budget fails instead of extending its limit"}
check	Run verification	2026-10-05T18:26:29.4734916Z [verification-test-start] {"pid":12533,"parentPid":3076,"entryFile":"/home/runner/work/vibe-fs/vibe-fs/requirements/verification-system/tests/010.test.mjs","name":"WHAT[verification-system-010] the Long Stroke retains its existing acceptance event ceilings","fullName":"WHAT[verification-system-010] the Long Stroke retains its existing acceptance event ceilings"}
check	Run verification	2026-10-05T18:26:29.4739289Z runner: file lifecycle {"entryFile":"/home/runner/work/vibe-fs/vibe-fs/requirements/verification-system/tests/010.test.mjs","type":"runner:file-drained","elapsedMs":299921.27007900004}
check	Run verification	2026-10-05T18:26:29.4742441Z runner: file lifecycle {"entryFile":"/home/runner/work/vibe-fs/vibe-fs/requirements/verification-system/tests/011.test.mjs","pid":3076,"parentPid":3067,"type":"runner:file-start","elapsedMs":299923.56234400003}
check	Run verification	2026-10-05T18:26:29.4747948Z [verification-test-start] {"pid":12540,"parentPid":3076,"entryFile":"/home/runner/work/vibe-fs/vibe-fs/requirements/verification-system/tests/011.test.mjs","name":"WHAT[verification-system-011] selectProductionModules excludes fable_modules so untested modules count at 0%","fullName":"WHAT[verification-system-011] selectProductionModules excludes fable_modules so untested modules count at 0%"}
check	Run verification	2026-10-05T18:26:29.4751178Z runner: suite exceeded the 300000ms physical backstop
check	Run verification	2026-10-05T18:26:29.4752045Z runner: file streams: 794 drained, 2 active, 25 queued
check	Run verification	2026-10-05T18:26:29.4754644Z runner: active file requirements/verification-system/tests/006.test.mjs; waiting for stream drain; last verdict: test:pass:WHAT[verification-system-006] synchronous work and microtasks deliver completed verdicts before the file ends
check	Run verification	2026-10-05T18:26:29.4760280Z runner: last runtime test start {"name":"WHAT[verification-system-006] synchronous work and microtasks deliver completed verdicts before the file ends","file":"/home/runner/work/vibe-fs/vibe-fs/requirements/verification-system/tests/006.test.mjs","entryFile":"/home/runner/work/vibe-fs/vibe-fs/requirements/verification-system/tests/006.test.mjs","line":686,"column":1,"nesting":0,"pid":3076,"parentPid":3067}
check	Run verification	2026-10-05T18:26:29.4764435Z runner: active file requirements/verification-system/tests/011.test.mjs; waiting for stream drain; last verdict: none received
check	Run verification	2026-10-05T18:26:29.4765681Z runner: 25 queued file(s) have not started
check	Run verification	2026-10-05T18:26:29.4766809Z runner: post-exit group verification/reclamation: pid=3076; elapsedMs=10.290; accepted=true
check	Run verification	2026-10-05T18:26:29.4767727Z 
check	Run verification	2026-10-05T18:26:29.4768560Z runner: verdict counts unavailable; no authoritative summary; 794/821 planned file(s) completed
check	Run verification	2026-10-05T18:26:29.4769631Z Error: runner: supervised suite failed (exit 1)
check	Run verification	2026-10-05T18:26:29.4770960Z     at fail (file:///home/runner/work/vibe-fs/vibe-fs/requirements/verification-system/tests/e2e/support/supervise-node-test.mjs:221:25)
check	Run verification	2026-10-05T18:26:29.4773030Z     at superviseOwnedNodeTest (file:///home/runner/work/vibe-fs/vibe-fs/requirements/verification-system/tests/e2e/support/supervise-node-test.mjs:404:22)
check	Run verification	2026-10-05T18:26:29.4775455Z     at async superviseNodeTest (file:///home/runner/work/vibe-fs/vibe-fs/requirements/verification-system/tests/e2e/support/supervise-node-test.mjs:199:14)
check	Run verification	2026-10-05T18:26:29.4777241Z     at async file:///home/runner/work/vibe-fs/vibe-fs/requirements/verification-system/tests/run.mjs:94:1 {
check	Run verification	2026-10-05T18:26:29.4778365Z   exitCode: 1
check	Run verification	2026-10-05T18:26:29.4778699Z }
check	Run verification	2026-10-05T18:26:29.4779866Z --- [unit] 完整日志见: .fable-build/verify-logs/2026-10-05T18-19-47-433Z/unit.log ---
check	Run verification	2026-10-05T18:26:29.4780417Z 
check	Run verification	2026-10-05T18:26:29.8070340Z FAIL  verify release  402.4s
check	Run verification	2026-10-05T18:26:29.8221982Z + CODE=1
check	Run verification	2026-10-05T18:26:29.8222685Z + echo '::error::verify:release exited with 1'
check	Run verification	2026-10-05T18:26:29.8253980Z ##[error]verify:release exited with 1
check	Run verification	2026-10-05T18:26:29.8262780Z + find .fable-build/verify-logs/ -type f -name '*.log'
check	Run verification	2026-10-05T18:26:29.8263378Z + sort
check	Run verification	2026-10-05T18:26:29.8263719Z + read -r file
check	Run verification	2026-10-05T18:26:29.8264195Z ++ head -n 1 .fable-build/verify-logs/2026-10-05T18-19-47-433Z/build.log
check	Run verification	2026-10-05T18:26:29.8264812Z ++ tail -n 1 .fable-build/verify-logs/2026-10-05T18-19-47-433Z/build.log
check	Run verification	2026-10-05T18:26:29.8274538Z + echo '::error file=.fable-build/verify-logs/2026-10-05T18-19-47-433Z/build.log::^[[36m[build]^[[0m Compiling F# (clean)... | ^[[36m[build]^[[0m build ok (generation 1)'
check	Run verification	2026-10-05T18:26:29.8279964Z ##[error]^[[36m[build]^[[0m Compiling F# (clean)... | ^[[36m[build]^[[0m build ok (generation 1)
check	Run verification	2026-10-05T18:26:29.8281012Z + read -r file
check	Run verification	2026-10-05T18:26:29.8281468Z ++ head -n 1 .fable-build/verify-logs/2026-10-05T18-19-47-433Z/check.log
check	Run verification	2026-10-05T18:26:29.8289279Z ++ tail -n 1 .fable-build/verify-logs/2026-10-05T18-19-47-433Z/check.log
check	Run verification	2026-10-05T18:26:29.8299856Z + echo '::error file=.fable-build/verify-logs/2026-10-05T18-19-47-433Z/check.log:: | ✅ Ran 1 script and skipped 0 in 6.2s.'
check	Run verification	2026-10-05T18:26:29.8300482Z + read -r file
check	Run verification	2026-10-05T18:26:29.8301391Z ##[error] | ✅ Ran 1 script and skipped 0 in 6.2s.
check	Run verification	2026-10-05T18:26:29.8302847Z ++ head -n 1 .fable-build/verify-logs/2026-10-05T18-19-47-433Z/format-check.log
check	Run verification	2026-10-05T18:26:29.8315423Z ++ tail -n 1 .fable-build/verify-logs/2026-10-05T18-19-47-433Z/format-check.log
check	Run verification	2026-10-05T18:26:29.8325989Z + echo '::error file=.fable-build/verify-logs/2026-10-05T18-19-47-433Z/format-check.log:: | ✅ Ran 1 script and skipped 0 in 12.6s.'
check	Run verification	2026-10-05T18:26:29.8326663Z + read -r file
check	Run verification	2026-10-05T18:26:29.8328049Z ##[error] | ✅ Ran 1 script and skipped 0 in 12.6s.
check	Run verification	2026-10-05T18:26:29.8329372Z ++ head -n 1 .fable-build/verify-logs/2026-10-05T18-19-47-433Z/unit.log
check	Run verification	2026-10-05T18:26:29.8341163Z ++ tail -n 1 .fable-build/verify-logs/2026-10-05T18-19-47-433Z/unit.log
check	Run verification	2026-10-05T18:26:29.8351295Z + echo '::error file=.fable-build/verify-logs/2026-10-05T18-19-47-433Z/unit.log::runner: build is current (1798 sources, 884 artifacts) | }'
check	Run verification	2026-10-05T18:26:29.8352851Z + read -r file
check	Run verification	2026-10-05T18:26:29.8354318Z ##[error]runner: build is current (1798 sources, 884 artifacts) | }
check	Run verification	2026-10-05T18:26:29.8355803Z + exit 1
check	Run verification	2026-10-05T18:26:29.8358908Z ##[error]Process completed with exit code 1.
check	Upload verify logs on failure	﻿2026-10-05T18:26:29.8433280Z ##[group]Run actions/upload-artifact@v4
check	Upload verify logs on failure	2026-10-05T18:26:29.8433599Z with:
check	Upload verify logs on failure	2026-10-05T18:26:29.8433799Z   name: verify-logs
check	Upload verify logs on failure	2026-10-05T18:26:29.8434031Z   path: .fable-build/verify-logs/
check	Upload verify logs on failure	2026-10-05T18:26:29.8434294Z   if-no-files-found: warn
check	Upload verify logs on failure	2026-10-05T18:26:29.8434538Z   compression-level: 6
check	Upload verify logs on failure	2026-10-05T18:26:29.8434810Z   overwrite: false
check	Upload verify logs on failure	2026-10-05T18:26:29.8435027Z   include-hidden-files: false
check	Upload verify logs on failure	2026-10-05T18:26:29.8435258Z env:
check	Upload verify logs on failure	2026-10-05T18:26:29.8435457Z   DOTNET_ROOT: /usr/share/dotnet
check	Upload verify logs on failure	2026-10-05T18:26:29.8435700Z ##[endgroup]
check	Upload verify logs on failure	2026-10-05T18:26:30.0251089Z (node:12570) [DEP0040] DeprecationWarning: The `punycode` module is deprecated. Please use a userland alternative instead.
check	Upload verify logs on failure	2026-10-05T18:26:30.0255651Z (Use `node --trace-deprecation ...` to show where the warning was created)
check	Upload verify logs on failure	2026-10-05T18:26:30.0714955Z With the provided path, there will be 8 files uploaded
check	Upload verify logs on failure	2026-10-05T18:26:30.0717157Z Artifact name is valid!
check	Upload verify logs on failure	2026-10-05T18:26:30.0718699Z Root directory input is valid!
check	Upload verify logs on failure	2026-10-05T18:26:30.4501674Z Beginning upload of artifact content to blob storage
check	Upload verify logs on failure	2026-10-05T18:26:30.5343005Z (node:12570) [DEP0169] DeprecationWarning: `url.parse()` behavior is not standardized and prone to errors that have security implications. Use the WHATWG URL API instead. CVEs are not issued for `url.parse()` vulnerabilities.
check	Upload verify logs on failure	2026-10-05T18:26:31.1419809Z Uploaded bytes 410088
check	Upload verify logs on failure	2026-10-05T18:26:31.2289728Z Finished uploading artifact content to blob storage!
check	Upload verify logs on failure	2026-10-05T18:26:31.2290974Z SHA256 digest of uploaded artifact zip is 64a0cb1c9f85296e4a01165899e53b1c323012a40d105e6325689621d00cc896
check	Upload verify logs on failure	2026-10-05T18:26:31.2291980Z Finalizing artifact upload
check	Upload verify logs on failure	2026-10-05T18:26:31.5312994Z Artifact verify-logs.zip successfully finalized. Artifact ID 11364771501
check	Upload verify logs on failure	2026-10-05T18:26:31.5315049Z Artifact verify-logs has been successfully uploaded! Final size is 410088 bytes. Artifact ID is 11364771501
check	Upload verify logs on failure	2026-10-05T18:26:31.5319282Z Artifact download URL: https://github.com/PamelaSprin47685ghall/vibe-fs/actions/runs/37355054866/artifacts/11364771501
check	Post Run actions/checkout@v4	﻿2026-10-05T18:26:31.5534815Z Post job cleanup.
check	Post Run actions/checkout@v4	2026-10-05T18:26:31.6426018Z [command]/usr/bin/git version
check	Post Run actions/checkout@v4	2026-10-05T18:26:31.6476104Z git version 2.55.0
check	Post Run actions/checkout@v4	2026-10-05T18:26:31.6524664Z Temporarily overriding HOME='/home/runner/work/_temp/49833f6c-6c05-4483-ba51-c99047319cf5' before making global git config changes
check	Post Run actions/checkout@v4	2026-10-05T18:26:31.6526666Z Adding repository directory to the temporary git global config as a safe directory
check	Post Run actions/checkout@v4	2026-10-05T18:26:31.6531872Z [command]/usr/bin/git config --global --add safe.directory /home/runner/work/vibe-fs/vibe-fs
check	Post Run actions/checkout@v4	2026-10-05T18:26:31.6579704Z [command]/usr/bin/git config --local --name-only --get-regexp core\.sshCommand
check	Post Run actions/checkout@v4	2026-10-05T18:26:31.6636392Z [command]/usr/bin/git submodule foreach --recursive sh -c "git config --local --name-only --get-regexp 'core\.sshCommand' && git config --local --unset-all 'core.sshCommand' || :"
check	Post Run actions/checkout@v4	2026-10-05T18:26:31.6909865Z [command]/usr/bin/git config --local --name-only --get-regexp http\.https\:\/\/github\.com\/\.extraheader
check	Post Run actions/checkout@v4	2026-10-05T18:26:31.6936513Z http.https://github.com/.extraheader
check	Post Run actions/checkout@v4	2026-10-05T18:26:31.6948614Z [command]/usr/bin/git config --local --unset-all http.https://github.com/.extraheader
check	Post Run actions/checkout@v4	2026-10-05T18:26:31.6986206Z [command]/usr/bin/git submodule foreach --recursive sh -c "git config --local --name-only --get-regexp 'http\.https\:\/\/github\.com\/\.extraheader' && git config --local --unset-all 'http.https://github.com/.extraheader' || :"
check	Post Run actions/checkout@v4	2026-10-05T18:26:31.7275385Z [command]/usr/bin/git config --local --name-only --get-regexp ^includeIf\.gitdir:
check	Post Run actions/checkout@v4	2026-10-05T18:26:31.7321419Z [command]/usr/bin/git submodule foreach --recursive git config --local --show-origin --name-only --get-regexp remote.origin.url
check	Complete job	﻿2026-10-05T18:26:31.7738547Z Cleaning up orphan processes
check	Complete job	2026-10-05T18:26:31.8096314Z ##[warning]Node.js 20 is deprecated. The following actions target Node.js 20 but are being forced to run on Node.js 24: actions/checkout@v4, actions/setup-dotnet@v4, actions/setup-node@v4, actions/upload-artifact@v4. For more information see: https://github.blog/changelog/2025-09-19-deprecation-of-node-20-on-github-actions-runners/
