Derived from actual101/4f0 unit originals.794admitted entries only;27queued have no worker record. OwnCPU excludes tool children; all per-PID clocks remain separate. Comparison is observation, not causal attribution.
entry	lifecycle	cost_status	worker_pid	parent_pid	parent_start_ms	parent_drain_ms	parent_window_ms	worker_window_ms	own_cpu_user_us	own_cpu_system_us	own_cpu_total_s	4f0_parent_window_ms	parent_window_delta_ms	4f0_own_cpu_total_s	own_cpu_delta_s	reason
action-affordance/tests/001.test.mjs	drained	complete	3123	3116	42.29345599999999	475.6199630000001	433.3265070000001	393.12926	449439	44398	0.493837	450.591045	-17.264537999999902	0.519851	-0.026013999999999926	
action-affordance/tests/002.test.mjs	drained	complete	3124	3116	46.188365999999974	102.49580400000002	56.30743800000005	20.114530000000002	19368	61	0.019429	58.249356000000034	-1.941917999999987	0.018878	0.0005509999999999994	
action-affordance/tests/003.test.mjs	drained	complete	3145	3116	105.82214599999998	159.31936700000006	53.49722100000008	19.114307999999998	17496	2111	0.019607	77.85484399999996	-24.357622999999876	0.023824	-0.004217000000000002	
action-affordance/tests/004.test.mjs	drained	complete	3156	3116	165.79716200000007	217.91505700000005	52.117894999999976	15.797987	14496	2203	0.016699	58.456654999999955	-6.338759999999979	0.018419	-0.0017200000000000028	
action-affordance/tests/005.test.mjs	drained	complete	3167	3116	221.472807	274.025632	52.552824999999984	15.173542000000001	12343	4052	0.016395	58.49370400000009	-5.940879000000109	0.017687	-0.0012920000000000015	
action-affordance/tests/006.test.mjs	drained	complete	3178	3116	277.608569	330.221911	52.61334199999999	15.743168000000004	15579	1189	0.016768	54.88349199999993	-2.270149999999944	0.016253	0.0005150000000000016	
action-affordance/tests/007.test.mjs	drained	complete	3189	3116	332.900839	497.7754500000001	164.87461100000007	127.17098100000001	155665	19379	0.175044	183.87870999999996	-19.004098999999883	0.186412	-0.01136799999999999	
action-affordance/tests/008.test.mjs	drained	complete	3200	3116	478.756484	537.43536	58.678875999999946	19.112624999999994	20053	1034	0.021087	67.50324999999998	-8.824374000000034	0.026952	-0.005864999999999999	
action-affordance/tests/009.test.mjs	drained	complete	3207	3116	500.42131300000005	927.5448200000001	427.123507	385.11352200000005	436113	45899	0.482012	458.23787400000015	-31.11436700000013	0.517148	-0.035136000000000056	
action-affordance/tests/010.test.mjs	drained	complete	3222	3116	540.1440910000001	603.61851	63.4744189999999	15.457984000000003	13742	2927	0.016669	54.19743500000004	9.276983999999857	0.018039	-0.0013699999999999997	
action-affordance/tests/011.test.mjs	drained	complete	3233	3116	607.1898350000001	661.926181	54.73634599999991	16.052848	14859	1950	0.016809	65.1681309999999	-10.43178499999999	0.018977	-0.002168	
action-affordance/tests/012.test.mjs	drained	complete	3244	3116	666.802739	720.7280169999999	53.925277999999935	17.48052	18243	68	0.018311	52.38785400000006	1.5374239999998736	0.018474	-0.00016299999999999995	
action-affordance/tests/013.test.mjs	drained	complete	3255	3116	722.6376210000001	773.8827229999999	51.24510199999986	16.190806	12885	4336	0.017221	58.33746300000007	-7.09236100000021	0.01789	-0.0006689999999999995	
action-affordance/tests/014.test.mjs	drained	complete	3266	3116	776.121533	1191.458137	415.3366040000001	372.40738200000004	443032	45197	0.488229	456.6694359999999	-41.332831999999826	0.535035	-0.046806000000000014	
action-affordance/tests/015.test.mjs	drained	complete	3277	3116	932.5871480000001	1348.030221	415.4430729999999	372.810997	434757	60162	0.494919	478.5459209999999	-63.102847999999994	0.541313	-0.046394000000000046	
attention-regulation/tests/001.test.mjs	drained	complete	3288	3116	1194.743561	1377.865257	183.12169599999993	146.248795	172821	21268	0.194089	207.62197500000025	-24.50027900000032	0.214787	-0.020697999999999994	
attention-regulation/tests/002.test.mjs	drained	complete	3299	3116	1350.376683	3479.993284	2129.616601	2064.0720779999997	2548308	258532	2.80684	2220.0268969999997	-90.41029599999956	2.988014	-0.1811740000000004	
attention-regulation/tests/003.test.mjs	drained	complete	3306	3116	1380.033626	1572.1893699999998	192.1557439999999	154.344121	181459	24171	0.20563	231.80594699999983	-39.65020299999992	0.234339	-0.028708999999999985	
attention-regulation/tests/004.test.mjs	drained	complete	3321	3116	1574.6071960000002	4624.666843	3050.059647	2978.976527	3567010	383728	3.950738	3175.4065200000005	-125.34687300000041	4.137982	-0.1872440000000002	
attention-regulation/tests/005.test.mjs	drained	complete	3340	3116	3483.338495	5435.666744	1952.3282490000001	1881.6897979999999	2379022	259476	2.638498	2120.881316	-168.55306699999983	2.816134	-0.17763600000000013	
attention-regulation/tests/006.test.mjs	drained	complete	3354	3116	4626.566078	4714.554582	87.98850399999992	51.283139000000006	53886	4152	0.058038	105.47422499999993	-17.485721000000012	0.06385	-0.005812000000000005	
behavior-diagnosis/tests/001.test.mjs	drained	complete	3365	3116	4718.190076	4887.306294	169.11621800000012	128.76510499999998	158063	18320	0.176383	167.82026899999983	1.2959490000002916	0.174755	0.0016280000000000183	
behavior-diagnosis/tests/002.test.mjs	drained	complete	3378	3116	4889.657093	4978.134392999999	88.47729999999956	37.319168000000005	23729	3164	0.026893	88.30541600000015	0.17188399999940884	0.027621	-0.0007279999999999995	
behavior-diagnosis/tests/003.test.mjs	drained	complete	3389	3116	4987.495773	5174.906309	187.41053600000032	140.450673	181356	21007	0.202363	198.4681989999999	-11.057662999999593	0.221376	-0.019013000000000002	
behavior-diagnosis/tests/004.test.mjs	drained	complete	3400	3116	5183.787069999999	5547.648222	363.8611520000004	312.16258500000004	388764	64197	0.452961	369.1041600000008	-5.243008000000373	0.462637	-0.009676000000000018	
behavior-diagnosis/tests/005.test.mjs	drained	complete	3411	3116	5438.257262	5576.918839	138.66157699999985	83.15029900000002	84885	9815	0.0947	121.17836399999942	17.483213000000433	0.081953	0.012747000000000008	
behavior-diagnosis/tests/006.test.mjs	drained	complete	3422	3116	5549.9129299999995	7746.063805999999	2196.1508759999997	2136.230983	2616707	331587	2.948294	2277.785233999999	-81.63435799999934	3.108928	-0.16063399999999994	
behavior-diagnosis/tests/007.test.mjs	drained	complete	3429	3116	5579.299625	5839.302745999999	260.00312099999974	219.378907	305850	24192	0.330042	279.2724389999994	-19.269317999999657	0.351956	-0.02191399999999999	
behavior-diagnosis/tests/008.test.mjs	drained	complete	3444	3116	5844.14585	6302.192368999999	458.04651899999953	418.122889	522572	65257	0.587829	491.12512700000025	-33.07860800000071	0.614335	-0.02650599999999992	
behavior-diagnosis/tests/009.test.mjs	drained	complete	3455	3116	6305.2232619999995	7623.964846	1318.7415840000003	1271.879166	1573462	149176	1.722638	1349.7189939999998	-30.97740999999951	1.803778	-0.08114000000000021	
behavior-diagnosis/tests/010.test.mjs	drained	complete	3471	3116	7626.534064999999	8031.343588999999	404.80952400000024	361.07359	471116	63280	0.534396	401.8829170000017	2.926606999998512	0.544626	-0.010230000000000072	
behavior-diagnosis/tests/011.test.mjs	drained	complete	3482	3116	7748.328595	7906.565701999999	158.237106999999	115.271361	129020	9003	0.138023	147.47807000000194	10.759036999997079	0.142626	-0.004602999999999996	
behavior-diagnosis/tests/012.test.mjs	drained	complete	3493	3116	7908.914046999999	8247.173799	338.25975200000084	290.466945	335813	54290	0.390103	341.5406469999998	-3.2808949999989636	0.390548	-0.0004450000000000287	
behavior-diagnosis/tests/013.test.mjs	drained	complete	3504	3116	8033.3708639999995	8370.900408000001	337.5295440000018	298.23305000000005	353168	42632	0.3958	338.6148659999999	-1.0853219999980865	0.395106	0.0006939999999999724	
behavior-diagnosis/tests/014.test.mjs	drained	complete	3515	3116	8249.62925	8616.267149000001	366.6378990000012	315.390741	394056	48787	0.442843	365.9787129999986	0.6591860000025918	0.443567	-0.0007240000000000024	
behavior-diagnosis/tests/015.test.mjs	drained	complete	3526	3116	8373.220500000001	8545.180888	171.9603879999995	124.003352	150492	25842	0.176334	189.92546000000038	-17.965072000000873	0.186699	-0.010365000000000013	
behavior-diagnosis/tests/016.test.mjs	drained	complete	3537	3116	8547.218381	9076.931321	529.7129399999994	463.819859	592313	100915	0.693228	491.38073799999984	38.3322019999996	0.703703	-0.010475000000000012	
behavior-diagnosis/tests/017.test.mjs	drained	complete	3548	3116	8619.40941	15935.940157	7316.530747000001	7259.530843	7447809	665693	8.113502	7620.425927	-303.8951799999995	8.329773	-0.216270999999999	
behavior-diagnosis/tests/018.test.mjs	drained	complete	3559	3116	9079.925779000001	11340.081046000001	2260.155267	2208.5382569999997	1731056	704601	2.435657	2452.342359	-192.18709200000012	2.649291	-0.21363399999999988	
behavior-diagnosis/tests/019.test.mjs	drained	complete	3572	3116	11342.510023	11398.1769	55.66687699999966	16.771009	13807	3947	0.017754	51.84841400000005	3.8184629999996105	0.016949	0.0008050000000000002	
capability-enforcement/tests/001.test.mjs	drained	complete	3583	3116	11400.435688000001	11523.241641	122.80595299999914	81.59895700000001	89392	6055	0.095447	118.70623100000012	4.099721999999019	0.093034	0.0024129999999999985	
capability-enforcement/tests/002.test.mjs	drained	complete	3594	3116	11525.602079	13119.982779	1594.3806999999997	1535.204769	2018390	158059	2.176449	1585.447145	8.933554999999615	2.202974	-0.026525000000000354	
capability-enforcement/tests/003.test.mjs	drained	complete	3605	3116	13122.401366	13229.434109	107.03274299999975	68.44235	67797	15607	0.083404	112.6421819999996	-5.609438999999838	0.087669	-0.004264999999999991	
capability-enforcement/tests/004.test.mjs	drained	complete	3616	3116	13232.235463	13347.585053	115.34958999999981	69.985188	74846	7490	0.082336	116.87192099999993	-1.522331000000122	0.085809	-0.00347299999999999	
capability-enforcement/tests/005.test.mjs	drained	complete	3627	3116	13349.994063	13580.275315	230.28125200000068	185.68474	236621	28820	0.265441	237.41580499999873	-7.13455299999805	0.273203	-0.007761999999999991	
capability-enforcement/tests/006.test.mjs	drained	complete	3638	3116	13582.605787	16805.532027	3222.9262400000007	3158.478523	3953701	400096	4.353797	3221.5606829999997	1.3655570000009902	4.371327	-0.017529999999999824	
capability-enforcement/tests/007.test.mjs	drained	complete	3654	3116	15938.809738	16702.567829	763.7580909999997	713.933385	1042036	81885	1.123921	727.0440199999975	36.71407100000215	1.105749	0.018171999999999855	
capability-enforcement/tests/009.test.mjs	drained	complete	3668	3116	16704.948201	18495.910845000002	1790.962644000003	1723.0628960000001	2115067	257474	2.372541	1822.2196890000014	-31.25704499999847	2.402809	-0.03026799999999996	
capability-enforcement/tests/010.test.mjs	drained	complete	3679	3116	16808.278688000002	19380.440242	2572.1615539999984	2509.133354	3230939	323360	3.554299	2665.766169999999	-93.60461600000053	3.684571	-0.13027200000000017	
capability-enforcement/tests/011.test.mjs	drained	complete	3696	3116	18497.991566	20339.712994	1841.7214280000007	1785.9098669999998	2241932	161806	2.403738	1851.7032940000026	-9.9818660000019	2.437434	-0.03369599999999995	
capability-enforcement/tests/012.test.mjs	drained	complete	3712	3116	19382.829143	19895.443372	512.6142290000025	468.47673199999997	581982	71520	0.653502	544.0967029999993	-31.482473999996728	0.674237	-0.020734999999999948	
capability-enforcement/tests/013.test.mjs	drained	complete	3723	3116	19898.026994	19986.946728	88.91973399999915	52.381497	54535	7262	0.061797	91.630079999999	-2.710345999999845	0.06394	-0.002142999999999999	
capability-enforcement/tests/014.test.mjs	drained	complete	3734	3116	19989.830846	20044.658142	54.82729599999948	15.294668999999999	16618	0	0.016618	55.04169799999727	-0.21440199999778997	0.01832	-0.0017019999999999987	
capability-enforcement/tests/015.test.mjs	drained	complete	3745	3116	20047.021461	20225.193667	178.17220599999928	133.801425	163168	15991	0.179159	162.020787999998	16.151418000001286	0.169344	0.009815000000000018	
capability-enforcement/tests/016.test.mjs	drained	complete	3756	3116	20227.74375	20404.302312	176.55856199999835	136.890174	162042	20054	0.182096	166.6345309999997	9.92403099999865	0.174715	0.007380999999999999	
capability-enforcement/tests/017.test.mjs	drained	complete	3767	3116	20342.412513	20462.671176	120.25866300000052	66.862232	68460	6839	0.075299	110.00945900000079	10.249203999999736	0.066704	0.008595000000000005	
capability-enforcement/tests/018.test.mjs	drained	complete	3778	3116	20406.60943	20524.809567	118.20013699999981	67.354895	72196	5954	0.07815	108.62541099999726	9.574726000002556	0.079542	-0.0013920000000000043	
capability-enforcement/tests/019.test.mjs	drained	invalid	3789	3116	20465.978343000002	21351.286128	885.3077849999972	unobserved	unobserved	unobserved	unobserved	880.2254659999999	5.082318999997369	unobserved	unobserved	Worker cost record names another file or process
capability-enforcement/tests/020.test.mjs	drained	complete	3800	3116	20526.400635	20580.470192	54.069556999998895	16.617284	13648	4238	0.017886	52.50204300000041	1.5675139999984822	0.017102	0.000784	
capability-enforcement/tests/021.test.mjs	drained	complete	3811	3116	20582.973678000002	27899.716855000002	7316.743177	7250.9913990000005	7098212	582354	7.680566	7774.173860000003	-457.4306830000023	8.469102	-0.7885359999999997	
capability-enforcement/tests/023.test.mjs	drained	complete	3860	3116	21353.356142	21894.714428	541.3582859999988	492.690108	780068	81597	0.861665	530.4892319999999	10.869053999998869	0.865547	-0.003881999999999941	
capability-enforcement/tests/024.test.mjs	drained	complete	3871	3116	21897.18601	23641.363998	1744.1779879999995	1679.447472	2148219	228727	2.376946	1739.3441930000008	4.833794999998645	2.386623	-0.00967700000000038	
capability-enforcement/tests/025.test.mjs	drained	complete	3885	3116	23645.475013	26689.039809	3043.5647960000024	2971.598377	3594205	429936	4.024141	3031.232770999999	12.332025000003341	4.001679	0.022461999999999982	
capability-enforcement/tests/026.test.mjs	drained	complete	3919	3116	26691.364391	28054.940874	1363.5764830000007	1309.3429429999999	1855311	155057	2.010368	1320.61982	42.956663000000844	1.987298	0.023070000000000146	
causal-wait/tests/001.test.mjs	drained	complete	3931	3116	27902.2788	28027.602101	125.32330100000036	79.19516	78829	11967	0.090796	115.07369199999812	10.249609000002238	0.087402	0.003394000000000008	
causal-wait/tests/002.test.mjs	drained	complete	3942	3116	28029.858564000002	28144.528708	114.67014399999971	71.46552700000001	75225	9697	0.084922	107.10286800000176	7.567275999997946	0.083682	0.0012399999999999911	
causal-wait/tests/003.test.mjs	drained	complete	3949	3116	28057.626521000002	28636.723143	579.0966219999973	536.2497089999999	616872	91920	0.708792	574.1695440000003	4.927077999996982	0.71572	-0.006928000000000045	
causal-wait/tests/004.test.mjs	drained	complete	3964	3116	28147.158069	28266.819255000002	119.66118600000118	76.568006	78895	6581	0.085476	123.36652400000094	-3.705337999999756	0.083545	0.0019310000000000022	
causal-wait/tests/005.test.mjs	drained	complete	3975	3116	28269.905342000002	28532.899763	262.9944209999994	216.346625	295947	29093	0.32504	258.6175399999993	4.3768810000001395	0.322855	0.0021849999999999925	
causal-wait/tests/006.test.mjs	drained	complete	3986	3116	28536.330084	28713.17987	176.84978599999886	139.756477	175870	15796	0.191666	197.14998999999807	-20.300203999999212	0.192586	-0.0009200000000000041	
causal-wait/tests/007.test.mjs	drained	complete	3997	3116	28643.776636000002	28804.340825	160.564188999997	117.44474699999999	137760	17080	0.15484	151.4475870000024	9.1166019999946	0.148346	0.006494	
causal-wait/tests/008.test.mjs	drained	complete	4008	3116	28715.557421	28994.961188	279.4037669999998	238.461059	86646	10651	0.097297	283.33495200000107	-3.9311850000012782	0.101383	-0.004086000000000006	
causal-wait/tests/009.test.mjs	drained	complete	4019	3116	28807.905277	28997.875018000002	189.9697410000008	146.94205	182787	25482	0.208269	197.54039799999737	-7.570656999996572	0.211163	-0.00289399999999998	
change-integration/tests/001.test.mjs	drained	complete	4045	3116	28996.985196	29261.568301	264.5831049999979	225.17506500000002	288023	28294	0.316317	265.22806200000196	-0.6449570000040694	0.320303	-0.0039859999999999896	
change-integration/tests/002.test.mjs	drained	complete	4046	3116	29000.008091	29434.343834	434.33574299999964	391.073173	452369	55150	0.507519	449.67927599999894	-15.343532999999297	0.527109	-0.019589999999999996	
change-integration/tests/003.test.mjs	drained	complete	4067	3116	29265.09368	29737.909932000002	472.81625200000053	425.243839	483668	54904	0.538572	472.7202610000022	0.09599099999832106	0.562988	-0.024415999999999993	
change-integration/tests/004.test.mjs	drained	complete	4078	3116	29439.795492	30176.173665000002	736.378173000001	685.285612	479575	53355	0.53293	731.3670299999976	5.011143000003358	0.527606	0.005323999999999995	
change-integration/tests/005.test.mjs	drained	complete	4089	3116	29740.156889	30128.724067	388.5671779999975	336.894048	438969	35043	0.474012	413.9890950000008	-25.421917000003305	0.507034	-0.033021999999999996	
change-integration/tests/006.test.mjs	drained	complete	4100	3116	30131.801221	30437.009860000002	305.2086390000004	250.819092	310135	32470	0.342605	313.43403899999976	-8.225399999999354	0.355454	-0.012849	
change-integration/tests/007.test.mjs	drained	complete	4111	3116	30179.160459000002	30447.521776	268.36131699999896	225.51408	285619	29967	0.315586	299.50644900000043	-31.145132000001468	0.3242	-0.00861400000000001	
change-integration/tests/008.test.mjs	drained	complete	4122	3116	30439.771369000002	30887.957378	448.1860089999973	398.84471	469977	51761	0.521738	457.59283700000015	-9.40682800000286	0.516991	0.004747000000000057	
change-integration/tests/009.test.mjs	drained	complete	4128	3116	30449.951354	30706.500247	256.5488929999992	212.082467	276281	31380	0.307661	255.769733000001	0.7791599999982282	0.307882	-0.00022099999999997122	
change-integration/tests/011.test.mjs	drained	complete	4144	3116	30709.020694	30762.855504	53.83481000000029	15.973519000000003	16106	849	0.016955	62.23962400000164	-8.404814000001352	0.01802	-0.001065	
change-integration/tests/013.test.mjs	drained	complete	4155	3116	30765.341537	31075.045195000002	309.7036580000022	264.209897	307004	40707	0.347711	281.0464229999998	28.6572350000024	0.324039	0.02367199999999997	
change-integration/tests/014.test.mjs	drained	complete	4166	3116	30890.471363	31174.173091	283.701728	228.08248600000002	278408	31698	0.310106	268.77055200000177	14.931175999998231	0.31281	-0.002703999999999984	
change-integration/tests/015.test.mjs	drained	complete	4177	3116	31077.540081	31351.583203000002	274.04312200000277	229.297793	277654	34763	0.312417	264.9518650000027	9.091257000000041	0.303127	0.00929000000000002	
change-integration/tests/017.test.mjs	drained	complete	4188	3116	31176.598796000002	31234.591084	57.99228799999764	15.452543999999996	12664	3853	0.016517	50.245231000000786	7.7470569999968575	0.015596	0.0009209999999999999	
cognitive-environment/tests/001.test.mjs	drained	complete	4199	3116	31236.664485	31294.534718	57.870232999997825	17.992061999999997	15618	2925	0.018543	55.58480099999724	2.2854320000005828	0.019023	-0.00048000000000000126	
cognitive-environment/tests/002.test.mjs	drained	complete	4210	3116	31297.382398	31363.821575	66.4391770000002	17.557234	17923	1236	0.019159	52.56407400000171	13.87510299999849	0.015744	0.003414999999999998	
cognitive-environment/tests/003.test.mjs	drained	complete	4221	3116	31353.762883	31492.319311	138.55642799999987	94.22328599999999	118052	11240	0.129292	136.4013960000011	2.155031999998755	0.12948	-0.00018800000000002148	
cognitive-environment/tests/004.test.mjs	drained	complete	4227	3116	31366.301267	31421.981236	55.67996900000071	17.113566999999996	15840	1360	0.0172	53.797793000005186	1.8821759999955248	0.016645	0.0005549999999999999	
cognitive-environment/tests/005.test.mjs	drained	complete	4243	3116	31424.478455	31557.081615	132.60315999999875	88.983803	100010	14833	0.114843	127.97729300000356	4.625866999995196	0.117546	-0.002702999999999997	
cognitive-environment/tests/006.test.mjs	drained	complete	4254	3116	31494.853134	31550.593601	55.740466999999626	17.581590000000002	16907	1957	0.018864	50.938373999997566	4.80209300000206	0.01555	0.0033139999999999992	
cognitive-environment/tests/007.test.mjs	drained	complete	4265	3116	31553.158732	31607.560824	54.402092000000266	14.507235000000001	14766	944	0.01571	62.312857999997505	-7.910765999997238	0.017475	-0.0017650000000000027	
cognitive-environment/tests/008.test.mjs	drained	complete	4266	3116	31559.773574	31611.504613	51.731039000002056	16.547755	13791	3939	0.01773	52.9482199999984	-1.2171809999963443	0.016119	0.0016109999999999979	
cognitive-environment/tests/009.test.mjs	drained	complete	4287	3116	31609.945744	31663.888911000002	53.94316700000127	14.365368999999994	13433	2091	0.015524	53.66382500000327	0.279341999997996	0.018665	-0.0031410000000000014	
cognitive-environment/tests/010.test.mjs	drained	complete	4288	3116	31613.601978000002	31669.66052	56.05854199999885	17.148967000000006	15243	3045	0.018288	50.4848770000026	5.573664999996254	0.015745	0.002543	
cognitive-environment/tests/011.test.mjs	drained	complete	4309	3116	31666.455375	31716.538431	50.08305599999949	14.168008999999998	15470	0	0.01547	56.63261899999634	-6.549562999996851	0.018927	-0.003457	
cognitive-environment/tests/012.test.mjs	drained	complete	4310	3116	31671.635948	31781.564159	109.9282110000022	72.147879	79475	13249	0.092724	121.49759900000208	-11.56938799999989	0.094947	-0.0022230000000000028	
cognitive-environment/tests/013.test.mjs	drained	complete	4331	3116	31719.463066	31776.220296	56.757229999999254	18.674515	18063	2257	0.02032	57.80771100000129	-1.050481000002037	0.021213	-0.000892999999999998	
cognitive-environment/tests/015.test.mjs	drained	complete	4342	3116	31778.439129000002	36760.98811699999	4982.548987999991	4915.893755	4714251	468905	5.183156	5170.252228999998	-187.70324100000653	5.323175	-0.14001899999999967	
cognitive-environment/tests/016.test.mjs	drained	complete	4343	3116	31783.729151	31837.728986000002	53.99983500000235	16.475308	16622	83	0.016705	49.88676200000191	4.1130730000004405	0.016574	0.00013100000000000264	
cognitive-workspace/tests/001.test.mjs	drained	complete	4364	3116	31840.828472	31891.32036	50.49188800000047	15.865368000000004	16303	814	0.017117	60.35077399999864	-9.858885999998165	0.016193	0.0009240000000000012	
cognitive-workspace/tests/002.test.mjs	drained	complete	4375	3116	31894.289718	31948.672828000002	54.38311000000249	15.819021000000003	15285	1843	0.017128	56.759854999996605	-2.3767449999941164	0.018398	-0.0012700000000000003	
cognitive-workspace/tests/003.test.mjs	drained	complete	4386	3116	31951.769435000002	32007.460875	55.69143999999869	16.119282000000002	14944	1972	0.016916	55.922467999997025	-0.23102799999833223	0.017224	-0.00030799999999999925	
cognitive-workspace/tests/004.test.mjs	drained	complete	4397	3116	32008.90044	32077.151825	68.25138499999957	19.603936000000004	17174	4022	0.021196	52.398034999998345	15.853350000001228	0.017125	0.004070999999999998	
cognitive-workspace/tests/005.test.mjs	drained	complete	4408	3116	32079.34505	32135.002636	55.657586000001174	16.418833000000003	14992	2003	0.016995	54.33149000000412	1.326095999997051	0.017146	-0.00015100000000000183	
cognitive-workspace/tests/006.test.mjs	drained	complete	4419	3116	32137.792825	32197.313652	59.52082700000028	14.99078	12850	3266	0.016116	59.26933499999723	0.2514920000030543	0.018927	-0.002811000000000001	
cognitive-workspace/tests/007.test.mjs	drained	complete	4430	3116	32200.148988999998	32270.005318	69.856329000002	22.592549999999996	19994	1511	0.021505	68.63799399999698	1.2183350000050268	0.020868	0.0006369999999999987	
cognitive-workspace/tests/008.test.mjs	drained	complete	4441	3116	32279.243861	32337.977557000002	58.733696000002965	16.283897000000003	14521	2872	0.017393	52.67601300000388	6.057682999999088	0.01661	0.000782999999999999	
cognitive-workspace/tests/009.test.mjs	drained	complete	4452	3116	32340.397416000003	32416.560672000003	76.16325599999982	33.274375000000006	19085	2690	0.021775	64.09651499999745	12.066741000002366	0.018409	0.003366000000000001	
cognitive-workspace/tests/010.test.mjs	drained	complete	4464	3116	32418.640695	32471.368122000003	52.727427000005264	15.773375000000001	15069	1984	0.017053	51.50334599999769	1.2240810000075726	0.017102	-0.00004900000000000043	
concern-routing/tests/001.test.mjs	drained	complete	4475	3116	32473.768575	32572.834439000002	99.06586400000378	62.925509000000005	63024	9309	0.072333	98.50813599999674	0.5577280000070459	0.068627	0.003706000000000001	
concern-routing/tests/002.test.mjs	drained	complete	4486	3116	32574.949048	37092.195475	4517.246427000002	4444.763833	5183801	521230	5.705031	4795.517011999997	-278.27058499999475	6.018694	-0.313663	
concern-routing/tests/003.test.mjs	drained	complete	4518	3116	36763.656147999995	38595.246965	1831.5908170000039	1749.404796	2245472	222009	2.467481	1812.2241610000056	19.36665599999833	2.432939	0.03454199999999963	
concern-routing/tests/004.test.mjs	drained	complete	4529	3116	37094.565861999996	39246.820306999995	2152.2544449999987	2072.369696	2620209	240323	2.860532	2185.0155840000007	-32.761139000002004	2.923616	-0.06308399999999992	
concern-routing/tests/005.test.mjs	drained	complete	4547	3116	38598.156822	40358.071216	1759.9143939999994	1684.134884	2175250	206187	2.381437	1861.386513000005	-101.47211900000548	2.467094	-0.08565699999999987	
concern-routing/tests/006.test.mjs	drained	complete	4559	3116	39253.042584999996	41926.909546999996	2673.866962	2602.5148679999998	3176240	304887	3.481127	2805.542027000003	-131.6750650000031	3.612047	-0.13092000000000015	
concern-routing/tests/007.test.mjs	drained	complete	4573	3116	40362.279273	40427.214412999994	64.93513999999413	15.622201999999994	13796	2953	0.016749	74.01720199999545	-9.082062000001315	0.022379	-0.00563	
context-compression/tests/001.test.mjs	drained	complete	4584	3116	40429.458463999996	40479.547922	50.089458000002196	15.096952000000002	16395	0	0.016395	69.08078099999693	-18.991322999994736	0.020255	-0.003859999999999999	
context-compression/tests/002.test.mjs	drained	complete	4595	3116	40481.803783999996	40941.947606999995	460.1438229999985	414.93942499999997	476200	51371	0.527571	499.4724070000011	-39.32858400000259	0.565177	-0.03760600000000003	
context-compression/tests/003.test.mjs	drained	complete	4609	3116	40944.638843999994	41629.556961999995	684.9181180000014	636.244324	647842	49119	0.696961	702.0563239999974	-17.13820599999599	0.701161	-0.0041999999999999815	
context-compression/tests/004.test.mjs	drained	complete	4624	3116	41632.387851	41773.164969	140.77711799999815	99.76962	120766	17631	0.138397	143.4505580000041	-2.6734400000059395	0.139488	-0.0010910000000000086	
context-compression/tests/005.test.mjs	drained	complete	4635	3116	41777.314948	42157.078674	379.7637259999974	335.32816399999996	409059	45026	0.454085	392.9085730000006	-13.14484700000321	0.457816	-0.0037309999999999843	
context-compression/tests/006.test.mjs	drained	complete	4646	3116	41929.772886	42335.897424999996	406.12453899999673	363.414167	437884	46080	0.483964	396.30417699999816	9.820361999998568	0.474052	0.009912000000000032	
context-compression/tests/007.test.mjs	drained	complete	4657	3116	42160.085547999995	42545.683658999995	385.59811099999934	339.691064	412366	47585	0.459951	394.2685829999973	-8.670471999997972	0.463181	-0.0032300000000000106	
context-compression/tests/008.test.mjs	drained	complete	4668	3116	42338.326335	42747.085351999995	408.7590169999967	362.73206	440394	36673	0.477067	409.24553000000014	-0.48651300000346964	0.482248	-0.005180999999999991	
context-compression/tests/009.test.mjs	drained	complete	4679	3116	42547.759975999994	42960.542767	412.7827910000051	369.033678	430490	54302	0.484792	405.4488960000017	7.333895000003395	0.475438	0.009353999999999973	
context-compression/tests/010.test.mjs	drained	complete	4690	3116	42749.896092999996	42914.321445999994	164.42535299999872	124.86649200000001	168778	9746	0.178524	159.07245800000237	5.3528949999963515	0.173556	0.004968	
context-compression/tests/011.test.mjs	drained	complete	4702	3116	42918.112004999995	43237.566627	319.45462200000475	272.203492	319283	40822	0.360105	334.88782699999865	-15.433204999993904	0.371869	-0.011763999999999997	
context-compression/tests/012.test.mjs	drained	complete	4713	3116	42963.092208999995	43249.967439	286.8752300000051	248.530369	365007	35196	0.400203	308.8297229999953	-21.95449299999018	0.400357	-0.000154000000000043	
context-compression/tests/013.test.mjs	drained	complete	4724	3116	43239.772635999994	43372.818926	133.04629000000568	93.831787	109204	20862	0.130066	135.389826000006	-2.343536000000313	0.133722	-0.0036560000000000203	
context-compression/tests/014.test.mjs	drained	complete	4730	3116	43252.044483	43424.927851	172.88336800000252	134.887883	165398	15789	0.181187	174.53657699999894	-1.6532089999964228	0.18643	-0.005243000000000025	
context-compression/tests/015.test.mjs	drained	complete	4746	3116	43374.817587	43472.829158	98.01157100000273	59.267308	67107	5137	0.072244	110.37414500000159	-12.362573999998858	0.079978	-0.007733999999999991	
context-compression/tests/016.test.mjs	drained	complete	4757	3116	43429.79876899999	43755.040148	325.2413790000064	284.32782599999996	338334	42503	0.380837	330.26081200000044	-5.019432999994024	0.38822	-0.007383000000000028	
context-compression/tests/017.test.mjs	drained	complete	4768	3116	43475.189943	43730.878671	255.688728000001	215.888886	265303	29409	0.294712	274.31132900000375	-18.62260100000276	0.303035	-0.008323000000000025	
context-compression/tests/018.test.mjs	drained	complete	4779	3116	43733.029797999996	46076.327736	2343.2979380000033	2264.409471	2654761	315035	2.969796	2309.0456090000007	34.252329000002646	3.012669	-0.04287299999999972	
context-compression/tests/019.test.mjs	drained	complete	4785	3116	43757.390376999996	44490.268062999996	732.8776859999998	684.316338	1044075	78242	1.122317	738.3358609999996	-5.4581749999997555	1.136366	-0.014048999999999978	
context-compression/tests/020.test.mjs	drained	complete	4801	3116	44492.318641	44725.75086	233.43221900000208	193.978213	245402	23017	0.268419	246.91678300000058	-13.4845639999985	0.272646	-0.004226999999999981	
context-compression/tests/021.test.mjs	drained	complete	4813	3116	44728.761796	45091.419347999996	362.65755199999694	320.263364	385684	53381	0.439065	389.03170500000124	-26.3741530000043	0.45048	-0.011415000000000008	
context-compression/tests/022.test.mjs	drained	complete	4824	3116	45093.792369999996	45547.796226	454.003856000003	392.25100599999996	410710	67946	0.478656	461.98249499999656	-7.978638999993564	0.48707	-0.008413999999999977	
context-compression/tests/023.test.mjs	drained	complete	4837	3116	45550.526002	45688.456838	137.93083599999954	95.99295899999998	110786	18211	0.128997	154.06186799999705	-16.131031999997504	0.142028	-0.013030999999999987	
context-compression/tests/024.test.mjs	drained	complete	4848	3116	45690.567278999995	62855.053902	17164.486623000004	17113.418424	16222374	1445990	17.668364	18022.082169	-857.5955459999968	19.159487	-1.4911229999999982	
context-compression/tests/025.test.mjs	drained	complete	4864	3116	46078.482779	46469.592068	391.109289	343.370761	370815	45852	0.416667	355.14038399999845	35.96890500000154	0.414804	0.0018630000000000035	
context-compression/tests/026.test.mjs	drained	complete	4875	3116	46471.954810999996	47157.562980999995	685.6081699999995	630.627168	957559	86831	1.04439	728.690757999997	-43.082587999997486	1.103371	-0.05898100000000017	
context-compression/tests/027.test.mjs	drained	complete	4886	3116	47159.937334999995	47701.659275	541.7219400000031	494.448702	618644	50529	0.669173	573.5388550000062	-31.816915000003064	0.679114	-0.009940999999999978	
context-compression/tests/028.test.mjs	drained	complete	4897	3116	47704.054798	47811.874979	107.82018100000278	67.705072	72894	11378	0.084272	125.18153300000267	-17.361351999999897	0.096527	-0.012255000000000002	
context-compression/tests/029.test.mjs	drained	complete	4908	3116	47813.909127	48064.562826999994	250.6536999999953	204.90443199999999	257162	28324	0.285486	269.41787099999783	-18.764171000002534	0.296757	-0.011270999999999975	
context-compression/tests/030.test.mjs	drained	complete	4919	3116	48066.880601	48334.812728	267.93212700000004	220.84230499999998	258963	35248	0.294211	223.97775200000615	43.95437499999389	0.266365	0.027845999999999982	
crash-reconciliation/tests/001.test.mjs	drained	complete	4930	3116	48337.128763	48448.336004	111.20724099999643	65.671285	66051	7282	0.073333	95.85651100000541	15.350729999991017	0.063875	0.009457999999999994	
crash-reconciliation/tests/002.test.mjs	drained	complete	4941	3116	48450.336679	48576.347635	126.01095599999826	77.542596	75941	16912	0.092853	126.49272799999744	-0.4817719999991823	0.098613	-0.005760000000000001	
crash-reconciliation/tests/003.test.mjs	drained	complete	4952	3116	48578.78086	48714.755391	135.97453099999984	97.679503	123529	10158	0.133687	154.3820459999988	-18.407514999998966	0.137928	-0.004240999999999995	
crash-reconciliation/tests/004.test.mjs	drained	complete	4963	3116	48717.764764	48779.613284	61.84851999999955	17.800520000000006	16377	2813	0.01919	53.8361470000018	8.012372999997751	0.015929	0.003261	
crash-reconciliation/tests/005.test.mjs	drained	complete	4974	3116	48781.587389	48882.383494999995	100.79610599999432	62.74853400000001	70841	6159	0.077	101.7446060000002	-0.948500000005879	0.077886	-0.0008859999999999979	
crash-reconciliation/tests/006.test.mjs	drained	complete	4985	3116	48885.175612	48984.872848	99.69723599999998	62.827392	67081	11965	0.079046	109.2573360000024	-9.560100000002421	0.079978	-0.0009319999999999884	
crash-reconciliation/tests/007.test.mjs	drained	complete	4996	3116	48989.041651	49132.382058999996	143.3404079999964	97.64408600000002	121604	14392	0.135996	143.19120600000315	0.14920199999323813	0.129716	0.006280000000000008	
crash-reconciliation/tests/008.test.mjs	drained	complete	5007	3116	49134.629495999994	49236.12078	101.49128400000336	63.707009000000006	66169	6042	0.072211	102.25168400000257	-0.7603999999992084	0.069963	0.002248	
crash-reconciliation/tests/009.test.mjs	drained	complete	5018	3116	49238.465725999995	49556.565463	318.0997370000041	277.27339200000006	337017	37130	0.374147	341.25164499999664	-23.151907999992545	0.389982	-0.015834999999999988	
crash-reconciliation/tests/010.test.mjs	drained	complete	5029	3116	49558.614589	49663.247894	104.63330500000302	68.796956	73135	8760	0.081895	109.10397499999817	-4.4706699999951525	0.07715	0.004744999999999999	
crash-reconciliation/tests/011.test.mjs	drained	complete	5040	3116	49666.200752	49769.824832	103.62408000000141	60.04616599999999	60708	9884	0.070592	96.24349000000075	7.380590000000666	0.060981	0.009611000000000001	
crash-reconciliation/tests/012.test.mjs	drained	complete	5052	3116	49772.141975	49886.80850499999	114.66652999999496	69.85123899999999	75921	9393	0.085314	119.34682700000121	-4.680297000006249	0.090983	-0.0056689999999999935	
crash-reconciliation/tests/013.test.mjs	drained	complete	5063	3116	49888.874458	49980.583361	91.70890299999883	55.515996	61588	4434	0.066022	110.87962800000241	-19.170725000003586	0.077049	-0.011027000000000009	
crash-reconciliation/tests/014.test.mjs	drained	complete	5074	3116	49984.321068	50091.117836	106.79676800000016	60.229429	61608	9875	0.071483	119.68317100000422	-12.886403000004066	0.082344	-0.010860999999999996	
crash-reconciliation/tests/015.test.mjs	drained	complete	5085	3116	50093.355976	51106.276948	1012.9209719999999	960.244611	1385631	137830	1.523461	1074.7755550000002	-61.854583000000275	1.562209	-0.038748000000000005	
crash-reconciliation/tests/016.test.mjs	drained	complete	5096	3116	51108.493203	51262.395846	153.90264300000126	103.630739	119724	14193	0.133917	129.2201800000039	24.68246299999737	0.123419	0.010498000000000007	
crash-reconciliation/tests/017.test.mjs	drained	complete	5107	3116	51264.737485	51323.58614399999	58.84865899999568	15.616017	15093	1780	0.016873	53.12397500000225	5.724683999993431	0.015966	0.0009069999999999981	
crash-reconciliation/tests/018.test.mjs	drained	complete	5118	3116	51327.15276	53382.941628	2055.7888680000033	1983.177451	2614860	260000	2.87486	2016.6148049999974	39.174063000005845	2.85043	0.024430000000000174	
crash-reconciliation/tests/019.test.mjs	drained	complete	5132	3116	53385.188203	53456.175503	70.98730000000069	21.008688999999997	17836	2978	0.020814	75.90848399999959	-4.921183999998902	0.02118	-0.00036600000000000174	
crash-reconciliation/tests/020.test.mjs	drained	complete	5143	3116	53458.099995	53846.420019	388.32002400000056	343.301464	408145	44506	0.452651	410.64830500000244	-22.32828100000188	0.466699	-0.01404799999999995	
crash-reconciliation/tests/021.test.mjs	drained	complete	5154	3116	53848.510702	54193.251858999996	344.74115699999675	297.325145	358348	47675	0.406023	316.0647969999991	28.676359999997658	0.385822	0.020201000000000024	
degeneration-guard/tests/001.test.mjs	drained	complete	5165	3116	54195.77579299999	54506.907030999995	311.13123800000176	260.022468	268279	47393	0.315672	327.58310399999755	-16.45186599999579	0.339501	-0.02382899999999999	
degeneration-guard/tests/002.test.mjs	drained	complete	5176	3116	54510.294037	54823.514572	313.2205350000004	270.146368	273475	42026	0.315501	335.53158200000325	-22.311047000002873	0.319881	-0.0043800000000000505	
degeneration-guard/tests/003.test.mjs	drained	complete	5187	3116	54825.814237	55118.663514	292.84927700000117	247.65844400000003	256681	41576	0.298257	303.8430489999955	-10.993771999994351	0.298164	0.00009300000000000974	
degeneration-guard/tests/004.test.mjs	drained	complete	5198	3116	55121.306015999995	55824.434535	703.1285190000053	656.870114	1177665	223101	1.400766	708.5711569999985	-5.442637999993167	1.402123	-0.0013570000000000526	
degeneration-guard/tests/005.test.mjs	drained	complete	5220	3116	55826.742354999995	56102.043891999994	275.30153699999937	230.89889700000003	230082	37231	0.267313	285.2574259999965	-9.955888999997114	0.271137	-0.003823999999999994	
degeneration-guard/tests/006.test.mjs	drained	complete	5232	3116	56104.766669	56409.310629	304.5439600000027	256.95716899999996	275020	37388	0.312408	299.12027600000147	5.423684000001231	0.306164	0.006244000000000027	
degeneration-guard/tests/007.test.mjs	drained	complete	5243	3116	56411.550154	56732.753021	321.20286699999997	278.00371099999995	309830	56338	0.366168	342.392194	-21.18932700000005	0.372513	-0.0063449999999999895	
degeneration-guard/tests/008.test.mjs	drained	complete	5254	3116	56735.61189199999	57044.006203	308.39431100000365	258.628361	276858	48888	0.325746	304.1486989999976	4.245612000006076	0.324629	0.0011169999999999791	
degeneration-guard/tests/009.test.mjs	drained	complete	5265	3116	57046.314613999995	57386.223541	339.90892700000404	294.593442	350237	43516	0.393753	322.8120789999957	17.096848000008322	0.374039	0.01971400000000001	
degeneration-guard/tests/010.test.mjs	drained	complete	5276	3116	57388.800123999994	57717.584384999995	328.7842610000007	283.052947	269681	55726	0.325407	274.71313499999815	54.07112600000255	0.280607	0.044800000000000006	
degeneration-guard/tests/011.test.mjs	drained	complete	5287	3116	57719.957246	57858.790237999994	138.832991999996	94.28246999999999	111082	13248	0.12433	138.6190659999993	0.21392599999671802	0.129293	-0.004962999999999995	
degeneration-guard/tests/012.test.mjs	drained	complete	5298	3116	57861.087107	57923.573320999996	62.486213999996835	18.972212	19447	1081	0.020528	60.1005359999981	2.385677999998734	0.018273	0.002255	
degeneration-guard/tests/013.test.mjs	drained	complete	5309	3116	57925.650749	58222.799671	297.1489220000003	250.47706099999996	264993	50347	0.31534	297.4712819999986	-0.322359999998298	0.31333	0.0020100000000000118	
delegation/tests/001.test.mjs	drained	complete	5320	3116	58225.15876699999	58281.372676	56.213909000005515	14.619504999999997	14963	982	0.015945	62.639092000004894	-6.425182999999379	0.017221	-0.0012759999999999994	
delegation/tests/002.test.mjs	drained	complete	5331	3116	58283.723626	58376.178706	92.45507999999973	51.964309	60193	1038	0.061231	115.36809000000358	-22.91301000000385	0.077716	-0.016484999999999993	
delegation/tests/003.test.mjs	drained	complete	5342	3116	58378.32696699999	60901.430241999995	2523.1032750000013	2473.9968209999997	3138238	260961	3.399199	2568.9532059999983	-45.849930999997014	3.339541	0.05965799999999977	
delegation/tests/004.test.mjs	drained	complete	5353	3116	60903.756096	60955.074435999995	51.31833999999799	14.592585999999997	10971	5004	0.015975	51.06637800000317	0.25196199999481905	0.016561	-0.0005859999999999997	
delegation/tests/005.test.mjs	drained	complete	5364	3116	60957.399617999996	61283.434699	326.0350810000018	285.07109599999995	333380	49679	0.383059	326.606160000003	-0.5710790000011912	0.380523	0.0025359999999999827	
delegation/tests/006.test.mjs	drained	complete	5375	3116	61285.904122	62150.394583999994	864.4904619999943	817.119549	1214183	112156	1.326339	865.5993289999969	-1.1088670000026468	1.345118	-0.0187790000000001	
delegation/tests/007.test.mjs	drained	complete	5386	3116	62152.762166	63132.379242999996	979.6170769999953	925.6593690000001	1339828	147431	1.487259	1009.2549540000036	-29.637877000008302	1.524139	-0.0368799999999998	
delegation/tests/008.test.mjs	drained	complete	5397	3116	62857.49961	63979.366785	1121.8671749999994	1020.422654	1361418	134646	1.496064	998.9876500000028	122.87952499999665	1.48099	0.015074000000000032	
delegation/tests/009.test.mjs	drained	complete	5408	3116	63134.438837999995	64216.129529	1081.6906910000034	1030.9150109999998	1437288	140009	1.577297	1114.9913550000056	-33.30066400000214	1.522079	0.05521799999999999	
delegation/tests/010.test.mjs	drained	complete	5419	3116	63981.792041	65068.9927	1087.200659000002	1009.8382	1373622	146287	1.519909	1129.835401999997	-42.63474299999507	1.570121	-0.050212000000000145	
delegation/tests/011.test.mjs	drained	complete	5430	3116	64219.007205999995	65238.389104	1019.3818980000069	958.79945	1328126	124572	1.452698	1030.4452420000016	-11.063343999994686	1.451298	0.0014000000000000679	
delegation/tests/012.test.mjs	drained	complete	5441	3116	65073.143809999994	66098.19215599999	1025.048345999996	960.80563	1367566	135530	1.503096	1015.6158829999913	9.432463000004645	1.4424	0.06069600000000008	
delegation/tests/013.test.mjs	drained	complete	5452	3116	65240.929789999995	65616.441908	375.51211799999874	337.00553299999996	401402	44850	0.446252	428.8335220000008	-53.321404000002076	0.445617	0.0006349999999999967	
delegation/tests/014.test.mjs	drained	complete	5463	3116	65618.958088	66091.764638	472.8065499999939	425.070693	459166	43454	0.50262	382.6518189999915	90.15473100000236	0.462872	0.03974799999999995	
delegation/tests/015.test.mjs	drained	complete	5474	3116	66094.035539	66563.479371	469.4438319999899	420.53258800000003	571035	56665	0.6277	505.6034079999954	-36.15957600000547	0.6754	-0.047699999999999965	
delegation/tests/017.test.mjs	drained	complete	5480	3116	66100.356191	66154.945443	54.58925200000522	15.110776000000001	14476	1901	0.016377	58.1756699999969	-3.5864179999916814	0.017781	-0.0014040000000000025	
delegation/tests/019.test.mjs	drained	complete	5496	3116	66157.28758799999	66308.67267	151.38508200000797	115.407689	136829	13296	0.150125	172.73802499999874	-21.352942999990773	0.166361	-0.016236	
delegation/tests/020.test.mjs	drained	complete	5507	3116	66311.596934	66368.751041	57.15410699999484	15.107759999999999	13449	2828	0.016277	52.84928100000252	4.3048259999923175	0.015321	0.0009560000000000003	
delegation/tests/021.test.mjs	drained	complete	5518	3116	66372.12125	66542.938069	170.81681899999967	123.32787300000001	123008	20426	0.143434	134.84817199999816	35.96864700000151	0.129006	0.014427999999999996	
delegation/tests/022.test.mjs	drained	complete	5529	3116	66545.651419	66651.302728	105.65130899999349	64.070053	77751	3867	0.081618	111.26377199999115	-5.6124629999976605	0.087255	-0.005637000000000003	
delegation/tests/023.test.mjs	drained	complete	5535	3116	66566.509913	67690.953923	1124.444009999992	1065.0346260000001	1427233	144917	1.57215	1116.7467349999934	7.697274999998626	1.572383	-0.00023300000000014975	
delegation/tests/024.test.mjs	drained	complete	5551	3116	66653.763434	68283.91858	1630.1551460000046	1578.658116	2065386	155280	2.220666	1691.9696459999977	-61.81449999999313	2.308185	-0.0875189999999999	
delegation/tests/025.test.mjs	drained	complete	5562	3116	67693.14874199999	92640.646134	24947.497392000005	24892.342812	2538025	313042	2.851067	25132.285314000008	-184.78792200000316	2.810905	0.04016200000000003	
delegation/tests/026.test.mjs	drained	complete	5573	3116	68286.262108	71214.76815799999	2928.5060499999963	2855.276288	1700624	123195	1.823819	2870.34109300001	58.164956999986316	1.74628	0.07753900000000002	
delegation/tests/027.test.mjs	drained	complete	5641	3116	71223.777685	72442.863115	1219.0854300000065	1118.5945	1586575	132417	1.718992	1225.5562630000059	-6.470832999999402	1.732448	-0.013455999999999912	
delegation/tests/028.test.mjs	drained	complete	5672	3116	72443.173897	72852.915087	409.74119000000064	322.965101	309478	55926	0.365404	395.2332380000007	14.507951999999932	0.379066	-0.013662000000000007	
delegation/tests/029.test.mjs	drained	complete	5692	3116	72855.600498	73058.31773699999	202.7172389999905	165.98568500000002	179404	29889	0.209293	179.6295039999968	23.0877349999937	0.184979	0.024314000000000002	
delegation/tests/030.test.mjs	drained	complete	5709	3116	73060.531571	73113.787696	53.256124999999884	15.374759000000005	14966	1032	0.015998	54.32094200000574	-1.0648170000058599	0.01688	-0.0008820000000000008	
delegation/tests/031.test.mjs	drained	complete	5720	3116	73116.333562	74811.97145	1695.6378879999975	1641.7247109999998	2086278	174752	2.26103	1649.303236000007	46.334651999990456	2.269627	-0.008596999999999966	
delegation/tests/032.test.mjs	drained	complete	5754	3116	74814.774527	75863.257201	1048.482673999999	976.895799	1345956	137292	1.483248	1123.979422999997	-75.49674899999809	1.499499	-0.016251000000000015	
dispatch-protocol/tests/001.test.mjs	drained	complete	5784	3116	75865.572541	76430.311689	564.7391479999933	516.4450429999999	804954	70264	0.875218	580.4626199999911	-15.723471999997855	0.875771	-0.0005529999999999147	
dispatch-protocol/tests/002.test.mjs	drained	complete	5810	3116	76432.573513	77134.947784	702.3742710000079	659.330626	920861	71245	0.992106	710.2732150000083	-7.898944000000483	1.042022	-0.04991599999999996	
dispatch-protocol/tests/003.test.mjs	drained	complete	5825	3116	77137.743227	78202.919799	1065.1765719999967	1000.293127	1338613	136564	1.475177	1102.6724539999996	-37.495882000002894	1.498542	-0.02336500000000008	
dispatch-protocol/tests/004.test.mjs	drained	complete	5851	3116	78205.79059799999	79001.552805	795.762207000007	739.391345	1022835	84486	1.107321	772.453978000005	23.30822900000203	1.118996	-0.011675000000000102	
dispatch-protocol/tests/005.test.mjs	drained	complete	5881	3116	79004.812647	79308.733867	303.9212200000038	266.475323	333742	39491	0.373233	326.62126500000886	-22.700045000005048	0.378598	-0.005365000000000009	
dispatch-protocol/tests/006.test.mjs	drained	complete	5892	3116	79311.275104	79686.49828	375.2231759999995	330.082723	379647	27029	0.406676	433.5715860000055	-58.34841000000597	0.414182	-0.007506000000000013	
dispatch-protocol/tests/007.test.mjs	drained	complete	5907	3116	79689.219116	82366.351664	2677.1325480000087	2615.918569	2999304	272177	3.271481	2758.333209999997	-81.20066199998837	3.292395	-0.020913999999999877	
dispatch-protocol/tests/008.test.mjs	drained	complete	5973	3116	82368.239067	83018.970755	650.7316879999998	601.778728	786055	71088	0.857143	617.9496729999955	32.78201500000432	0.854446	0.0026969999999999494	
dispatch-protocol/tests/009.test.mjs	drained	complete	5988	3116	83021.535916	84649.855883	1628.319967000003	1578.454818	1805994	175843	1.981837	1610.7939729999925	17.52599400001054	1.97628	0.005557000000000034	
dispatch-protocol/tests/010.test.mjs	drained	complete	6036	3116	84652.18517299999	85772.659847	1120.4746740000119	1073.548575	1385468	110850	1.496318	1121.7943189999933	-1.3196449999813922	1.516783	-0.020464999999999955	
dispatch-protocol/tests/011.test.mjs	drained	complete	6066	3116	85775.421627	86297.89566	522.4740329999913	481.599596	787453	59799	0.847252	552.432295999999	-29.95826300000772	0.850624	-0.0033720000000000416	
dispatch-protocol/tests/012.test.mjs	drained	complete	6077	3116	86300.767457	86979.831264	679.0638069999986	628.3041900000001	863353	91526	0.954879	650.4717640000017	28.59204299999692	0.963897	-0.00901799999999997	
dispatch-protocol/tests/013.test.mjs	drained	complete	6108	3116	86982.31107299999	87508.81385199999	526.5027790000022	485.103359	770114	74790	0.844904	539.9330500000069	-13.430271000004723	0.80143	0.04347400000000001	
dispatch-protocol/tests/014.test.mjs	drained	complete	6119	3116	87510.87466	87565.604008	54.72934799999348	16.769645000000004	16896	1140	0.018036	70.37818700000935	-15.648839000015869	0.021519	-0.003483	
dispatch-protocol/tests/015.test.mjs	drained	complete	6130	3116	87568.332356	89893.074807	2324.7424509999983	2252.456095	2932984	260964	3.193948	2339.3831409999984	-14.640690000000177	3.279513	-0.08556500000000034	
distribution/tests/001.test.mjs	drained	complete	6184	3116	89896.550714	90108.824407	212.27369299999555	157.351126	140975	33706	0.174681	237.68300599999202	-25.409312999996473	0.174779	-0.00009799999999998699	
distribution/tests/002.test.mjs	drained	complete	6200	3116	90115.753029	91008.162308	892.4092789999995	846.38598	49613	6379	0.055992	938.2683069999912	-45.85902799999167	0.059378	-0.003386	
distribution/tests/003.test.mjs	drained	complete	6234	3116	91010.632283	92113.450516	1102.8182329999981	1033.852155	1061010	136723	1.197733	1133.4518160000007	-30.633583000002545	1.21798	-0.020247000000000126	
distribution/tests/004.test.mjs	drained	complete	6250	3116	92116.013285	92172.543819	56.53053400000499	17.673117	16687	2100	0.018787	59.94187999999849	-3.4113459999935003	0.019292	-0.0005049999999999985	
distribution/tests/005.test.mjs	drained	complete	6261	3116	92174.91015	93988.200622	1813.2904720000079	1757.562133	976129	414465	1.390594	1815.2211969999917	-1.930724999983795	1.427427	-0.036832999999999894	
distribution/tests/006.test.mjs	drained	complete	6273	3116	92642.78706599999	92806.482839	163.69577300001401	114.328073	119219	26304	0.145523	175.66767799999798	-11.971904999983963	0.163682	-0.01815899999999998	
distribution/tests/007.test.mjs	drained	complete	6284	3116	92811.009554	96472.571117	3661.5615629999957	3601.2004620000002	2279271	1595410	3.874681	3587.993697999991	73.56786500000453	3.830931	0.043749999999999734	
distribution/tests/008.test.mjs	drained	complete	6343	3116	93990.580427	94071.233259	80.65283200000704	45.389116	47347	5106	0.052453	84.2524720000074	-3.599640000000363	0.054738	-0.0022850000000000023	
distribution/tests/009.test.mjs	drained	complete	6354	3116	94074.766254	94177.325736	102.55948199999693	67.029133	67058	7716	0.074774	107.03310800000327	-4.473626000006334	0.077784	-0.0030100000000000127	
distribution/tests/010.test.mjs	drained	complete	6365	3116	94179.650519	94354.427107	174.77658799999335	136.555726	170358	16879	0.187237	168.11434699999518	6.6622409999981755	0.184592	0.0026449999999999807	
durable-convergence/tests/001.test.mjs	drained	complete	6377	3116	94356.494627	94643.653859	287.15923200000543	245.744606	307224	36410	0.343634	271.86675500001	15.292476999995415	0.330154	0.013479999999999992	
durable-convergence/tests/002.test.mjs	drained	complete	6388	3116	94646.004049	95452.817857	806.8138080000062	767.799753	1319135	69097	1.388232	800.9709740000108	5.8428339999954915	1.418319	-0.030087000000000197	
durable-convergence/tests/003.test.mjs	drained	complete	6402	3116	95455.088128	95907.26628899999	452.1781609999889	405.814969	394771	66992	0.461763	452.9581909999979	-0.7800300000089919	0.458461	0.0033019999999999716	
durable-convergence/tests/004.test.mjs	drained	complete	6449	3116	95909.87868	96193.079825	283.2011449999991	239.944407	322284	26805	0.349089	287.0673139999999	-3.8661690000008093	0.357455	-0.00836600000000004	
durable-convergence/tests/005.test.mjs	drained	complete	6461	3116	96195.493764	96476.166532	280.672768000004	236.29175299999997	309006	36871	0.345877	293.46199100000376	-12.789222999999765	0.357327	-0.011450000000000016	
durable-convergence/tests/006.test.mjs	drained	complete	6472	3116	96475.088384	96780.457577	305.36919299999136	260.199623	320491	36901	0.357392	297.0231569999887	8.346036000002641	0.357488	-0.00009599999999998499	
durable-convergence/tests/007.test.mjs	drained	complete	6473	3116	96478.304164	96902.726165	424.422000999999	374.27209799999997	420481	50235	0.470716	414.30547199999273	10.116529000006267	0.464484	0.006232000000000015	
durable-convergence/tests/008.test.mjs	drained	complete	6494	3116	96782.562759	97264.282568	481.719809000002	440.387445	338388	92199	0.430587	483.5186140000005	-1.7988049999985378	0.438988	-0.008400999999999992	
durable-convergence/tests/009.test.mjs	drained	complete	6505	3116	96904.877102	97269.79667499999	364.91957299999194	323.371217	369933	46312	0.416245	364.8850339999917	0.034539000000222586	0.406944	0.009301000000000004	
durable-convergence/tests/010.test.mjs	drained	complete	6573	3116	97266.779031	97722.216152	455.4371209999954	413.954789	336175	96043	0.432218	455.72701699999743	-0.2898960000020452	0.427621	0.004597000000000018	
durable-convergence/tests/011.test.mjs	drained	complete	6574	3116	97271.95735	97949.859145	677.901794999998	635.323355	528045	140899	0.668944	688.4977289999952	-10.595933999997214	0.674826	-0.005882000000000054	
durable-events/tests/001.test.mjs	drained	complete	6661	3116	97724.564588	98084.02643299999	359.461844999998	305.11057300000004	375780	52011	0.427791	346.0484460000007	13.413398999997298	0.427566	0.00022499999999997522	
durable-events/tests/002.test.mjs	drained	complete	6699	3116	97952.152729	100405.801704	2453.6489750000037	2407.4251440000003	2660374	132400	2.792774	2427.031582999989	26.61739200001466	2.757835	0.03493900000000005	
durable-events/tests/003.test.mjs	drained	complete	6710	3116	98086.577349	98504.42221599999	417.8448669999925	369.296422	432211	41549	0.47376	367.891088999997	49.95377799999551	0.435871	0.037889000000000006	
durable-events/tests/004.test.mjs	drained	complete	6721	3116	98508.783271	99059.50598799999	550.7227169999969	501.945078	661480	90624	0.752104	602.9382979999937	-52.215580999996746	0.788314	-0.036209999999999964	
durable-events/tests/005.test.mjs	drained	complete	6732	3116	99061.67208	99511.82634099999	450.15426099998876	408.355374	485402	68676	0.554078	460.1243539999996	-9.97009300001082	0.570423	-0.016345000000000054	
durable-events/tests/006.test.mjs	drained	complete	6744	3116	99514.664387	99930.911586	416.2471990000049	375.02812700000004	514814	49023	0.563837	409.6526690000028	6.594530000002123	0.593519	-0.029681999999999986	
durable-events/tests/007.test.mjs	drained	complete	6756	3116	99933.383093	100258.80129799999	325.4182049999945	286.524182	385690	36453	0.422143	332.2388280000014	-6.82062300000689	0.42658	-0.004437000000000024	
durable-events/tests/008.test.mjs	drained	complete	6767	3116	100261.092701	100572.618949	311.52624799999467	270.10165500000005	333338	37048	0.370386	293.16392600000836	18.362321999986307	0.360469	0.00991700000000001	
durable-events/tests/009.test.mjs	drained	complete	6778	3116	100408.205233	102937.077469	2528.8722359999956	2476.754963	2757394	88189	2.845583	2562.7525190000015	-33.880283000005875	2.868032	-0.02244899999999994	
durable-events/tests/010.test.mjs	drained	complete	6795	3116	100575.444318	101006.507734	431.0634160000045	385.06523899999996	515138	60738	0.575876	468.47613500000443	-37.412718999999925	0.600396	-0.024519999999999986	
durable-events/tests/011.test.mjs	drained	complete	6809	3116	101008.769468	101326.338787	317.569319000002	277.154485	326615	38969	0.365584	347.26960299999337	-29.70028399999137	0.381632	-0.016048000000000007	
durable-events/tests/012.test.mjs	drained	complete	6830	3116	101328.65360599999	101856.967011	528.3134050000081	483.569972	691287	92345	0.783632	523.5053129999869	4.808092000021134	0.793285	-0.009653000000000023	
durable-events/tests/013.test.mjs	drained	complete	6848	3116	101859.053929	102500.930824	641.876894999994	596.8376579999999	909197	99129	1.008326	655.6736479999963	-13.796753000002354	0.994186	0.014140000000000041	
durable-events/tests/014.test.mjs	drained	complete	6865	3116	102502.978467	102951.67590799999	448.6974409999966	403.295347	666624	78175	0.744799	467.39707500000077	-18.699634000004153	0.762876	-0.01807700000000001	
durable-events/tests/015.test.mjs	drained	complete	6877	3116	102939.142805	103209.42610299999	270.28329799999483	225.86428899999999	262393	30122	0.292515	289.74576700000034	-19.462469000005512	0.3179	-0.02538499999999999	
durable-events/tests/016.test.mjs	drained	complete	6883	3116	102954.04441799999	105268.970319	2314.9259010000096	2259.263131	2561941	90840	2.652781	2305.9295210000128	8.996379999996861	2.642635	0.01014600000000021	
durable-events/tests/017.test.mjs	drained	complete	6899	3116	103211.85664299999	103537.357737	325.50109400000656	280.81209199999995	324388	31883	0.356271	341.4657189999998	-15.964624999993248	0.363604	-0.007332999999999978	
durable-events/tests/018.test.mjs	drained	complete	6910	3116	103540.648923	103994.816116	454.16719300000113	418.011461	88770	28955	0.117725	472.11574700000347	-17.948554000002332	0.121277	-0.0035519999999999996	
durable-events/tests/019.test.mjs	drained	complete	6973	3116	103997.24756799999	106412.965409	2415.717841000005	2366.766407	2784142	106686	2.890828	2402.123738999988	13.594102000017301	2.873379	0.017449000000000048	
durable-events/tests/020.test.mjs	drained	complete	6984	3116	105271.40693699999	105650.098457	378.6915200000076	330.11822200000006	506630	49635	0.556265	365.90418599999975	12.787334000007831	0.544257	0.012008000000000019	
durable-events/tests/021.test.mjs	drained	complete	6996	3116	105652.378836	105967.955124	315.57628799999657	276.754296	356455	29488	0.385943	315.87825700000394	-0.30196900000737514	0.384542	0.0014009999999999856	
durable-events/tests/022.test.mjs	drained	complete	7007	3116	105970.314841	106242.78649	272.47164899999916	228.00083599999996	252886	26420	0.279306	265.78492499999993	6.686723999999231	0.277905	0.0014009999999999856	
durable-events/tests/023.test.mjs	drained	complete	7018	3116	106245.273366	107056.970173	811.6968070000003	762.5419939999999	1000878	109675	1.110553	827.4642130000138	-15.76740600001358	1.147614	-0.03706100000000001	
durable-events/tests/024.test.mjs	drained	complete	7029	3116	106415.620149	106472.396074	56.77592500000901	21.027564999999996	19344	19	0.019363	60.961802999998326	-4.185877999989316	0.019416	-0.00005300000000000096	
durable-events/tests/025.test.mjs	drained	complete	7040	3116	106476.05226899999	106888.751639	412.6993700000021	374.875427	409017	67135	0.476152	460.92166899998847	-48.22229899998638	0.473654	0.0024980000000000002	
effect-accounting/tests/001.test.mjs	drained	complete	7053	3116	106891.020767	107164.53808	273.5173130000039	229.63471900000002	270681	28269	0.29895	256.13638299999	17.380930000013905	0.292638	0.006311999999999984	
effect-accounting/tests/002.test.mjs	drained	complete	7067	3116	107059.47871	107326.916233	267.4375230000005	222.32280899999998	277684	30430	0.308114	269.467066000012	-2.029543000011472	0.312994	-0.0048799999999999955	
effect-accounting/tests/003.test.mjs	drained	complete	7078	3116	107166.93936199999	107861.57945199999	694.6400900000008	645.580237	964006	74466	1.038472	712.8836499999888	-18.243559999988065	1.046686	-0.008213999999999944	
effect-accounting/tests/004.test.mjs	drained	complete	7089	3116	107328.888943	107579.04607	250.15712699999858	208.869696	265509	29950	0.295459	249.0000080000027	1.1571189999958733	0.294334	0.0011250000000000426	
effect-accounting/tests/005.test.mjs	drained	complete	7100	3116	107583.00184699999	108122.637195	539.6353480000107	493.149329	747322	72811	0.820133	545.2133380000014	-5.5779899999906775	0.779715	0.040417999999999954	
effect-accounting/tests/006.test.mjs	drained	complete	7113	3116	107863.852338	108375.404301	511.55196300000534	465.412269	635541	58039	0.69358	480.7697060000064	30.782256999998935	0.671273	0.022306999999999966	
effect-accounting/tests/007.test.mjs	drained	complete	7124	3116	108124.898429	108481.82313199999	356.92470299999695	309.49208699999997	362500	29093	0.391593	375.5608599999978	-18.63615700000082	0.419386	-0.027792999999999957	
effect-accounting/tests/008.test.mjs	drained	complete	7135	3116	108378.91047599999	109552.16506099999	1173.2545850000024	1117.767245	1496516	145414	1.64193	1150.7045309999958	22.55005400000664	1.568678	0.07325199999999987	
effect-accounting/tests/010.test.mjs	drained	complete	7146	3116	108483.353697	108645.729951	162.37625400000252	111.08788200000001	129396	15098	0.144494	154.61544100000174	7.7608130000007804	0.145805	-0.0013109999999999788	
effect-accounting/tests/012.test.mjs	drained	complete	7158	3116	108648.207299	108951.565993	303.358693999995	254.067345	301977	28909	0.330886	268.48388699999487	34.874807000000146	0.310481	0.020405000000000006	
execution-failure-policy/tests/001.test.mjs	drained	complete	7169	3116	108954.141775	109066.57960499999	112.4378299999953	71.828566	76401	8968	0.085369	117.98345699999481	-5.545626999999513	0.090859	-0.005489999999999995	
execution-failure-policy/tests/002.test.mjs	drained	complete	7180	3116	109068.60367499999	109974.033272	905.4295970000094	852.021882	939361	124645	1.064006	922.5192079999979	-17.08961099998851	1.073035	-0.009028999999999954	
execution-failure-policy/tests/003.test.mjs	drained	complete	7191	3116	109554.523707	110426.511008	871.987301000001	809.634549	937790	124103	1.061893	873.4749579999916	-1.4876569999905769	1.067804	-0.005911	
execution-failure-policy/tests/004.test.mjs	drained	complete	7202	3116	109976.685378	110128.04239	151.35701200000767	111.40713499999998	139813	9295	0.149108	156.04090599999472	-4.683893999987049	0.149694	-0.0005860000000000032	
execution-failure-policy/tests/005.test.mjs	drained	complete	7213	3116	110130.358927	110237.435214	107.0762870000035	59.255134	66016	6606	0.072622	97.23899900000833	9.83728799999517	0.071527	0.0010950000000000126	
execution-failure-policy/tests/006.test.mjs	drained	complete	7224	3116	110239.864693	111094.751873	854.8871800000052	797.077923	893487	137457	1.030944	853.8063689999981	1.0808110000070883	1.022701	0.008243	
execution-failure-policy/tests/007.test.mjs	drained	complete	7235	3116	110428.549935	110738.827273	310.2773379999999	267.45005699999996	313380	46555	0.359935	277.4653740000067	32.81196399999317	0.336371	0.02356400000000003	
execution-failure-policy/tests/008.test.mjs	drained	complete	7246	3116	110742.782217	111021.51085199999	278.7286349999922	235.42229500000002	310612	34270	0.344882	287.8425109999953	-9.113876000003074	0.342507	0.002375000000000016	
execution-failure-policy/tests/009.test.mjs	drained	complete	7257	3116	111023.97471899999	111125.019694	101.04497500001162	64.854458	70883	9827	0.08071	104.75532899999234	-3.7103539999807253	0.077934	0.0027760000000000007	
execution-failure-policy/tests/010.test.mjs	drained	complete	7268	3116	111095.665507	112031.217928	935.5524210000003	886.9992100000001	958727	140110	1.098837	941.8689919999888	-6.316570999988471	1.128076	-0.029239000000000015	
execution-failure-policy/tests/011.test.mjs	drained	complete	7275	3116	111127.28577	111915.37929099999	788.093520999988	737.692314	836055	131461	0.967516	811.2178399999975	-23.124319000009564	0.980461	-0.012944999999999984	
execution-failure-policy/tests/012.test.mjs	drained	complete	7290	3116	111917.753977	112262.90850599999	345.1545289999922	299.90858000000003	354657	50799	0.405456	324.8410109999968	20.313517999995383	0.399853	0.005602999999999969	
execution-failure-policy/tests/013.test.mjs	drained	complete	7301	3116	112035.386228	112138.317893	102.93166499999643	58.08809	63040	6142	0.069182	106.64366100000916	-3.711996000012732	0.071903	-0.002721000000000001	
execution-failure-policy/tests/014.test.mjs	drained	complete	7312	3116	112140.76991999999	112226.548849	85.77892900000734	38.553704999999994	37288	3920	0.041208	83.79241599999659	1.9865130000107456	0.042578	-0.0013699999999999962	
execution-model-routing/tests/001.test.mjs	drained	complete	7323	3116	112229.000149	112393.07433399999	164.0741849999904	116.77711699999999	127973	21583	0.149556	147.41584200000216	16.658342999988236	0.147594	0.0019619999999999915	
execution-model-routing/tests/002.test.mjs	drained	complete	7330	3116	112265.205116	112463.223416	198.0182999999961	158.317233	184286	21738	0.206024	201.962234000006	-3.9439340000099037	0.203262	0.0027620000000000144	
execution-model-routing/tests/003.test.mjs	drained	complete	7345	3116	112395.587814	116319.903136	3924.315321999995	3848.674078	2411518	263062	2.67458	3822.0618530000065	102.2534689999884	2.597655	0.07692500000000013	
execution-model-routing/tests/004.test.mjs	drained	complete	7356	3116	112465.780944	112658.526755	192.74581100000069	150.232874	176349	14469	0.190818	174.74368899999536	18.00212200000533	0.172444	0.018374	
execution-model-routing/tests/005.test.mjs	drained	complete	7367	3116	112661.68574	112804.819666	143.13392599999497	105.49069800000001	121102	20347	0.141449	145.90213999999105	-2.768213999996078	0.14129	0.00015899999999999248	
execution-model-routing/tests/006.test.mjs	drained	complete	7378	3116	112807.71654	113008.42593099999	200.70939099999669	160.203425	173068	18345	0.191413	184.78197499999078	15.927416000005906	0.188039	0.003373999999999988	
execution-model-routing/tests/007.test.mjs	drained	complete	7389	3116	113011.806397	113157.406711	145.60031400001026	107.89135300000001	144698	4976	0.149674	145.64657300000545	-0.04625899999518879	0.14659	0.0030840000000000034	
execution-model-routing/tests/008.test.mjs	drained	complete	7400	3116	113159.86521	114766.01035299999	1606.145142999987	1544.624838	1986849	198152	2.185001	1613.3297849999944	-7.184642000007443	2.213594	-0.02859299999999987	
execution-model-routing/tests/009.test.mjs	drained	complete	7506	3116	114769.218008	116865.780377	2096.5623690000066	2021.825378	2497371	253199	2.75057	2191.8269930000097	-95.2646240000031	2.830599	-0.08002899999999968	
execution-model-routing/tests/010.test.mjs	drained	complete	7546	3116	116325.276826	117547.00433899999	1221.7275129999907	1162.959874	1286693	154124	1.440817	1241.191393000001	-19.46388000001025	1.466166	-0.025349000000000066	
execution-model-routing/tests/011.test.mjs	drained	complete	7559	3116	116871.771433	116925.242506	53.47107299999334	17.133756999999996	16304	2126	0.01843	64.7021129999921	-11.231039999998757	0.019744	-0.0013140000000000027	
execution-model-routing/tests/012.test.mjs	drained	complete	7571	3116	116927.406577	117130.811088	203.40451100000064	157.673364	187307	20639	0.207946	210.48777199999313	-7.08326099999249	0.220286	-0.012340000000000018	
execution-model-routing/tests/013.test.mjs	drained	complete	7582	3116	117133.423605	117306.578022	173.15441699999792	131.977383	163846	17488	0.181334	182.31756999999925	-9.16315300000133	0.189588	-0.008254000000000011	
execution-model-routing/tests/014.test.mjs	drained	complete	7593	3116	117309.003132	122812.82304599999	5503.819913999992	5458.8643999999995	6169621	116079	6.2857	5391.244567999995	112.57534599999781	6.176001	0.10969899999999999	
execution-model-routing/tests/015.test.mjs	drained	complete	7604	3116	117552.46270799999	117743.571141	191.10843300000124	139.075893	149753	11007	0.16076	146.9767209999991	44.13171200000215	0.145897	0.014862999999999987	
execution-model-routing/tests/016.test.mjs	drained	complete	7615	3116	117746.640267	117806.742852	60.102585000000545	19.405409999999996	19846	0	0.019846	73.64826200000243	-13.545677000001888	0.020238	-0.000392	
execution-model-routing/tests/017.test.mjs	drained	complete	7626	3116	117809.202156	117985.923778	176.7216219999973	125.11101899999998	138733	16213	0.154946	209.02633599999535	-32.30471399999806	0.161166	-0.006220000000000003	
execution-model-routing/tests/018.test.mjs	drained	complete	7637	3116	117988.44024899999	118128.977187	140.53693800000474	96.31137	118510	11325	0.129835	168.3489120000013	-27.811973999996553	0.145643	-0.01580799999999999	
execution-model-routing/tests/019.test.mjs	drained	complete	7648	3116	118131.066008	118282.964887	151.8988790000003	114.744704	125915	19476	0.145391	154.19894999999087	-2.3000709999905666	0.150115	-0.004724000000000006	
execution-model-routing/tests/020.test.mjs	drained	complete	7659	3116	118286.041487	118456.58721299999	170.54572599999665	131.377384	148824	29828	0.178652	175.566777	-5.021051000003354	0.177462	0.0011899999999999966	
feature-ablation/tests/001.test.mjs	drained	complete	7670	3116	118459.113172	119382.052849	922.9396770000021	872.974677	796777	451961	1.248738	935.6640179999958	-12.724340999993728	1.261192	-0.012454000000000187	
feature-ablation/tests/002.test.mjs	drained	complete	7681	3116	119385.06662099999	119793.380297	408.3136760000052	366.84619000000004	667775	53825	0.7216	441.0012679999927	-32.68759199998749	0.711941	0.009658999999999973	
feature-ablation/tests/003.test.mjs	drained	complete	7692	3116	119795.90457299999	120442.256138	646.3515650000045	605.976463	606539	301340	0.907879	642.8387829999992	3.512782000005245	0.856542	0.051336999999999966	
feature-ablation/tests/004.test.mjs	drained	complete	7703	3116	120444.82425599999	121218.89171699999	774.0674609999987	725.217772	1174282	67372	1.241654	789.6247339999973	-15.557272999998531	1.272555	-0.030901000000000067	
guidance-delivery/tests/001.test.mjs	drained	complete	7714	3116	121223.06524	121743.927229	520.8619889999973	476.29684499999996	784106	109542	0.893648	531.9114059999993	-11.049417000001995	0.899942	-0.006294000000000022	
guidance-delivery/tests/002.test.mjs	drained	complete	7725	3116	121746.39537	122286.10064599999	539.7052759999933	497.15930299999997	832688	71093	0.903781	571.3102450000006	-31.60496900000726	0.932885	-0.02910400000000002	
guidance-delivery/tests/003.test.mjs	drained	complete	7736	3116	122288.509225	122809.565617	521.0563919999986	468.763401	772033	71717	0.84375	516.5740809999988	4.482310999999754	0.862562	-0.01881200000000005	
guidance-delivery/tests/004.test.mjs	drained	complete	7747	3116	122811.836499	123473.53955999999	661.7030609999929	617.4142420000001	845112	100011	0.945123	637.5647020000033	24.138358999989578	0.969345	-0.024221999999999966	
guidance-delivery/tests/005.test.mjs	drained	complete	7748	3116	122814.934749	123463.057676	648.122927000004	603.423744	823507	108042	0.931549	614.2661360000056	33.85679099999834	0.888322	0.043227000000000015	
guidance-delivery/tests/006.test.mjs	drained	complete	7769	3116	123465.282311	124122.55924599999	657.2769349999871	605.109927	845393	92945	0.938338	640.439280999999	16.837653999988106	0.943995	-0.005657000000000023	
guidance-delivery/tests/007.test.mjs	drained	complete	7775	3116	123475.752459	124096.847922	621.0954630000051	565.834613	820252	107151	0.927403	637.4147449999873	-16.319281999982195	0.940369	-0.012966000000000033	
guidance-delivery/tests/008.test.mjs	drained	complete	7791	3116	124098.674111	124698.507484	599.8333730000013	554.762461	866393	97182	0.963575	598.5821319999959	1.2512410000053933	0.950203	0.01337199999999994	
guidance-delivery/tests/009.test.mjs	drained	complete	7798	3116	124125.009844	124451.413128	326.403284	280.422149	344510	41684	0.386194	328.70981200000097	-2.3065280000009807	0.390762	-0.0045680000000000165	
guidance-delivery/tests/011.test.mjs	drained	complete	7813	3116	124456.001017	124958.948666	502.94764899999427	457.017083	656771	56678	0.713449	543.5993069999968	-40.6516580000025	0.729159	-0.015710000000000002	
guidance-delivery/tests/012.test.mjs	drained	complete	7824	3116	124700.966547	124822.737475	121.7709279999981	71.502303	69568	9081	0.078649	108.60531899999478	13.165609000003315	0.08043	-0.0017810000000000048	
host-boundary/tests/001.test.mjs	drained	complete	7835	3116	124824.929428	125018.34423	193.41480199999933	148.22008699999998	164512	11969	0.176481	189.83921200000623	3.575589999993099	0.181432	-0.004951000000000011	
host-boundary/tests/002.test.mjs	drained	complete	7846	3116	124961.507532	125094.844957	133.33742499999062	91.44689400000001	106525	11258	0.117783	130.94968599999265	2.387738999997964	0.110918	0.006864999999999996	
host-boundary/tests/003.test.mjs	drained	complete	7857	3116	125022.133694	126797.801314	1775.667619999993	1700.887179	2092711	235999	2.32871	1705.461639999994	70.20597999999882	2.249952	0.0787580000000001	
host-boundary/tests/004.test.mjs	drained	complete	7868	3116	125097.32096299999	125240.990744	143.66978100000415	99.21177399999999	120391	13647	0.134038	139.41210899999714	4.257672000007005	0.136003	-0.0019650000000000223	
host-boundary/tests/005.test.mjs	drained	complete	7879	3116	125243.442026	125452.012481	208.57045499999367	170.310863	214524	16376	0.2309	216.22976699999708	-7.6593120000034105	0.240368	-0.009468000000000004	
host-boundary/tests/006.test.mjs	drained	complete	7890	3116	125455.341193	125786.202826	330.86163299999316	290.3884	377319	36840	0.414159	322.83153200001107	8.030100999982096	0.403321	0.010838000000000014	
host-boundary/tests/007.test.mjs	drained	complete	7902	3116	125788.652596	125891.828457	103.17586099999608	64.813748	69540	11312	0.080852	114.63604900000792	-11.46018800001184	0.082183	-0.0013310000000000127	
host-boundary/tests/008.test.mjs	drained	complete	7913	3116	125894.22643699999	126170.293723	276.06728600000497	229.22312899999997	271868	26141	0.298009	275.26652900000045	0.8007570000045234	0.309118	-0.01110899999999998	
host-boundary/tests/009.test.mjs	drained	complete	7924	3116	126172.680611	126299.37551099999	126.69489999998768	83.69919300000001	108651	10881	0.119532	123.71188499999698	2.9830149999907007	0.117581	0.0019509999999999944	
host-boundary/tests/010.test.mjs	drained	complete	7936	3116	126302.774394	126387.71449	84.94009600000572	48.224239999999995	51768	5976	0.057744	131.2738490000047	-46.33375299999898	0.074915	-0.017171	
host-boundary/tests/011.test.mjs	drained	complete	7948	3116	126390.44069399999	126559.360475	168.91978100000415	131.95893999999998	122137	5305	0.127442	130.9446259999968	37.97515500000736	0.118742	0.0087	
host-boundary/tests/012.test.mjs	drained	complete	7959	3116	126562.15570799999	126659.017053	96.86134500001208	53.707986999999996	53862	8127	0.061989	100.12245599999733	-3.261110999985249	0.066493	-0.004503999999999994	
host-boundary/tests/013.test.mjs	drained	complete	7970	3116	126661.39815	128497.790937	1836.3927870000043	1750.766662	2223528	206416	2.429944	1823.0752650000068	13.317521999997552	2.426178	0.003765999999999714	
host-boundary/tests/014.test.mjs	drained	complete	7981	3116	126799.61584099999	127635.57841799999	835.9625769999984	774.030453	890936	126010	1.016946	850.2033169999922	-14.24073999999382	1.007127	0.0098189999999998	
host-boundary/tests/015.test.mjs	drained	complete	7993	3116	127638.186801	127799.874407	161.68760599999223	124.26635300000001	159781	15517	0.175298	163.80912499999977	-2.121519000007538	0.165785	0.009513000000000021	
host-boundary/tests/016.test.mjs	drained	complete	8004	3116	127802.158062	127963.88442999999	161.72636799998872	120.53193800000001	159767	13001	0.172768	168.63517800001136	-6.9088100000226405	0.176516	-0.0037480000000000013	
host-boundary/tests/017.test.mjs	drained	complete	8017	3116	127966.294602	128133.59660799999	167.30200599999807	130.67826	119116	5986	0.125102	122.49380499999097	44.8082010000071	0.111103	0.013998999999999998	
host-boundary/tests/018.test.mjs	drained	complete	8028	3116	128136.781948	128202.209118	65.42716999999539	26.157733	22936	1949	0.024885	73.6265790000034	-8.199409000008018	0.028321	-0.003435999999999998	
host-boundary/tests/019.test.mjs	drained	complete	8039	3116	128204.96087	129122.967601	918.0067310000013	858.7156090000001	958869	130393	1.089262	940.425162999978	-22.418431999976747	1.087007	0.002254999999999896	
host-boundary/tests/020.test.mjs	drained	complete	8050	3116	128501.650012	128786.416229	284.7662169999967	226.51437800000002	303178	25541	0.328719	269.5209630000172	15.245253999979468	0.328519	0.00019999999999997797	
host-boundary/tests/021.test.mjs	drained	complete	8061	3116	128788.492115	129044.26573	255.77361499999824	212.358743	259376	30841	0.290217	264.57982900000934	-8.806214000011096	0.303975	-0.013757999999999992	
host-boundary/tests/022.test.mjs	drained	complete	8074	3116	129048.214582	129923.654498	875.439916000003	818.121807	933393	131310	1.064703	882.180171999993	-6.74025599999004	1.059075	0.005627999999999966	
host-boundary/tests/023.test.mjs	drained	complete	8085	3116	129125.589129	133502.01105	4376.421921000001	4340.347392	20939	3971	0.02491	4313.652761000005	62.76915999999619	0.024526	0.0003840000000000024	
host-boundary/tests/024.test.mjs	drained	complete	8116	3116	129926.079464	130080.813512	154.73404799999844	110.77578400000002	112080	10448	0.122528	130.30849600001238	24.425551999986055	0.09601	0.026518	
host-boundary/tests/025.test.mjs	drained	complete	8144	3116	130083.243	130281.43143899999	198.18843899999047	153.20530000000002	80506	8055	0.088561	191.22663499999908	6.961803999991389	0.092054	-0.003492999999999996	
host-boundary/tests/026.test.mjs	drained	complete	8164	3116	130284.07672099999	130626.847854	342.77113300001656	293.673089	333423	41475	0.374898	380.11449399997946	-37.3433609999629	0.397867	-0.022969000000000017	
host-boundary/tests/027.test.mjs	drained	complete	8180	3116	130629.267928	130834.36485	205.096921999997	142.710329	148773	22716	0.171489	193.35559099999955	11.741330999997444	0.168693	0.002795999999999993	
host-boundary/tests/028.test.mjs	drained	complete	8191	3116	130839.87702999999	131135.841545	295.9645150000142	250.82844599999999	272592	34378	0.30697	313.0594899999851	-17.094974999970873	0.304347	0.002623000000000042	
host-boundary/tests/029.test.mjs	drained	complete	8202	3116	131136.43159000002	132085.760959	949.3293689999846	894.343874	358097	49962	0.408059	950.8251119999913	-1.4957430000067689	0.41011	-0.0020509999999999695	
host-boundary/tests/030.test.mjs	drained	complete	8281	3116	132091.21367700002	132374.619668	283.4059909999778	225.752904	222079	18767	0.240846	268.31398699997226	15.092004000005545	0.245294	-0.0044480000000000075	
host-boundary/tests/031.test.mjs	drained	complete	8292	3116	132377.500552	132616.986884	239.4863320000004	198.118783	230357	23448	0.253805	205.46424000000115	34.02209199999925	0.222186	0.03161900000000001	
host-boundary/tests/032.test.mjs	drained	complete	8303	3116	132621.773515	147527.23478	14905.46126499999	14790.175924	15075963	1861831	16.937794	14778.513913000003	126.94735199998831	16.394854	0.5429400000000015	
host-boundary/tests/033.test.mjs	drained	complete	8345	3116	133504.269615	136143.17430500002	2638.904690000025	2569.686221	3075284	334122	3.409406	2675.8766470000264	-36.97195700000157	3.445898	-0.03649199999999997	
host-provider-failure-ownership/tests/001.test.mjs	drained	complete	8382	3116	136145.59800600001	138389.41789500002	2243.819889000006	2182.435573	2795597	233061	3.028658	2184.584050000005	59.23583900000085	3.010047	0.018610999999999933	
host-provider-failure-ownership/tests/002.test.mjs	drained	complete	8415	3116	138392.49613800002	138476.766963	84.27082499998505	33.388441	21946	5319	0.027265	70.8518960000074	13.418928999977652	0.023846	0.003419000000000002	
host-provider-failure-ownership/tests/003.test.mjs	drained	complete	8427	3116	138479.76321200002	138609.09083	129.32761799998116	85.593041	80877	6061	0.086938	105.05290499998955	24.274712999991607	0.07431	0.012628	
host-provider-failure-ownership/tests/004.test.mjs	drained	complete	8439	3116	138611.937058	140378.389872	1766.4528139999893	1695.8226559999998	2202149	236802	2.438951	1650.7264269999869	115.72638700000243	2.351797	0.08715399999999995	
host-provider-failure-ownership/tests/005.test.mjs	drained	complete	8471	3116	140385.273248	140537.07664	151.80339200000162	95.585325	101733	27408	0.129141	145.717971999984	6.085420000017621	0.126549	0.002592000000000011	
host-provider-failure-ownership/tests/006.test.mjs	drained	complete	8483	3116	140539.41706100001	140643.314221	103.89715999999316	61.84010099999999	64668	10318	0.074986	98.31162600000971	5.585533999983454	0.074346	0.0006400000000000017	
host-provider-failure-ownership/tests/007.test.mjs	drained	complete	8495	3116	140645.57018500002	140698.486169	52.91598399999202	16.86347	15836	2370	0.018206	53.43090099998517	-0.5149169999931473	0.017839	0.00036699999999999927	
institutional-learning/tests/001.test.mjs	drained	complete	8506	3116	140701.558901	142560.477017	1858.9181159999862	1783.380447	2324960	257298	2.582258	1819.252433000016	39.66568299997016	2.527452	0.05480600000000013	
institutional-learning/tests/002.test.mjs	drained	complete	8533	3116	142564.410009	142672.75741700002	108.34740800000145	63.748011999999996	65700	4091	0.069791	133.27009899998666	-24.922690999985207	0.080783	-0.010991999999999988	
institutional-learning/tests/003.test.mjs	drained	complete	8545	3116	142675.45920100002	144605.317868	1929.8586669999931	1857.302991	2384553	253764	2.638317	1848.4844999999914	81.37416700000176	2.582689	0.05562800000000001	
institutional-learning/tests/004.test.mjs	drained	complete	8571	3116	144608.06805700003	146424.087998	1816.0199409999768	1739.9358980000002	2361795	237857	2.599652	1923.0228249999927	-107.00288400001591	2.639782	-0.04013	
institutional-learning/tests/005.test.mjs	drained	complete	8601	3116	146427.26110200002	146531.648296	104.38719399998081	55.376751	57569	10193	0.067762	113.3443949999928	-8.957201000011992	0.073893	-0.0061309999999999976	
institutional-learning/tests/006.test.mjs	drained	complete	8612	3116	146534.151602	148670.78364500002	2136.6320430000196	2063.672763	2656618	260676	2.917294	2214.3417179999815	-77.70967499996186	2.988736	-0.07144199999999978	
institutional-learning/tests/007.test.mjs	drained	complete	8633	3116	147529.583407	149450.87891700002	1921.2955100000254	1863.0602410000001	2362086	257038	2.619124	1977.0915510000195	-55.79604099999415	2.626328	-0.00720400000000021	
institutional-learning/tests/008.test.mjs	drained	complete	8649	3116	148674.996492	150888.737365	2213.7408730000025	2126.603122	2638519	260972	2.899491	2246.5334949999815	-32.79262199997902	2.884216	0.015274999999999928	
interaction-authority/tests/001.test.mjs	drained	complete	8663	3116	149454.322824	149974.90185400003	520.5790300000226	477.702214	758859	65258	0.824117	522.5103649999946	-1.931334999972023	0.815775	0.00834199999999996	
interaction-authority/tests/002.test.mjs	drained	complete	8674	3116	149977.337364	150543.99141000002	566.6540460000106	525.99521	789692	78969	0.868661	598.5203639999963	-31.866317999985768	0.866392	0.0022689999999999655	
interaction-authority/tests/003.test.mjs	drained	complete	8687	3116	150546.19958400002	151221.029833	674.8302489999915	626.957665	908266	86229	0.994495	705.3284140000178	-30.498165000026347	0.992305	0.0021900000000000253	
interaction-authority/tests/004.test.mjs	drained	complete	8698	3116	150894.94166100002	151279.72131300002	384.77965199999744	327.725364	368050	37185	0.405235	381.9298370000033	2.8498149999941234	0.392595	0.012639999999999985	
interaction-authority/tests/005.test.mjs	drained	complete	8709	3116	151223.17011	151812.811602	589.6414919999952	544.434347	849305	69114	0.918419	621.2843620000058	-31.64287000001059	0.940931	-0.022511999999999976	
interaction-authority/tests/006.test.mjs	drained	complete	8720	3116	151281.56179900002	151639.271474	357.70967499999097	308.028287	360331	30878	0.391209	367.5178410000226	-9.808166000031633	0.392097	-0.0008879999999999999	
interaction-authority/tests/007.test.mjs	drained	complete	8731	3116	151645.741898	151788.867245	143.12534699999378	92.873234	101602	5608	0.10721	136.8863699999929	6.238977000000887	0.091512	0.015698000000000004	
interaction-authority/tests/008.test.mjs	drained	complete	8742	3116	151791.216373	151966.25757800002	175.0412050000159	131.200351	169000	16056	0.185056	177.94125299999723	-2.900047999981325	0.191072	-0.006015999999999994	
interaction-authority/tests/009.test.mjs	drained	complete	8749	3116	151815.351307	151953.801749	138.4504420000012	91.98479	92315	10801	0.103116	133.69498800000292	4.755453999998281	0.104104	-0.0009880000000000028	
interaction-authority/tests/010.test.mjs	drained	complete	8764	3116	151956.783421	152060.827438	104.04401700000744	67.072481	72083	10844	0.082927	126.02861199999461	-21.984594999987166	0.0904	-0.0074729999999999935	
interaction-authority/tests/011.test.mjs	drained	complete	8770	3116	151968.565929	154905.523185	2936.9572559999942	2873.6491459999997	3297272	345076	3.642348	2995.2752539999783	-58.31799799998407	3.712574	-0.0702259999999999	
interaction-authority/tests/012.test.mjs	drained	complete	8786	3116	152063.07336200002	152173.92348700002	110.8501249999972	68.43671499999999	76857	7372	0.084229	109.84779599998728	1.0023290000099223	0.082713	0.0015160000000000035	
interaction-authority/tests/013.test.mjs	drained	complete	8797	3116	152178.434226	152483.516328	305.08210199998575	264.465021	335915	39152	0.375067	330.72535900000366	-25.64325700001791	0.379216	-0.004149000000000014	
interaction-authority/tests/014.test.mjs	drained	complete	8808	3116	152486.853386	152589.48452700002	102.63114100001985	64.22534300000001	68847	10920	0.079767	106.69133299999521	-4.060191999975359	0.080023	-0.00025599999999999234	
interaction-authority/tests/015.test.mjs	drained	complete	8819	3116	152592.105114	153083.07623900002	490.97112500001094	442.029426	722466	63003	0.785469	499.9564840000239	-8.985359000012977	0.802274	-0.01680500000000007	
interaction-authority/tests/016.test.mjs	drained	complete	8831	3116	153085.730478	153228.941071	143.21059299999615	97.98188200000001	111491	11261	0.122752	156.8881120000151	-13.677519000018947	0.13436	-0.011608000000000007	
interaction-authority/tests/017.test.mjs	drained	complete	8842	3116	153231.52774400002	153909.588992	678.0612479999836	634.6638409999999	898348	82849	0.981197	701.8835549999785	-23.822306999994908	0.947265	0.03393199999999996	
interaction-authority/tests/018.test.mjs	drained	complete	8858	3116	153912.10065	154040.114783	128.01413299998967	80.469088	87819	5992	0.093811	116.73694999999134	11.277182999998331	0.0907	0.0031110000000000027	
interaction-authority/tests/019.test.mjs	drained	complete	8869	3116	154043.812179	154530.00235000002	486.19017100002384	444.76075299999997	720244	60685	0.780929	500.82457200001227	-14.63440099998843	0.779921	0.0010080000000000089	
interaction-authority/tests/020.test.mjs	drained	complete	8884	3116	154532.77223	154589.97178300002	57.19955300001311	20.587282999999996	21937	162	0.022099	56.36180699997931	0.8377460000338033	0.02058	0.0015189999999999995	
interaction-authority/tests/021.test.mjs	drained	complete	8896	3116	154592.33010800002	155072.809722	480.47961399998167	435.765882	673079	51362	0.724441	501.81330300000263	-21.333689000020968	0.725878	-0.0014370000000000216	
interaction-authority/tests/022.test.mjs	drained	complete	8908	3116	154908.17624200002	155076.053885	167.87764299998526	118.59717599999999	104598	9944	0.114542	141.3480639999907	26.529578999994555	0.111064	0.003478000000000009	
interaction-authority/tests/023.test.mjs	drained	complete	8919	3116	155074.97945400001	155189.374744	114.39528999998583	76.318971	87376	6816	0.094192	119.1563019999885	-4.7610120000026654	0.086895	0.007296999999999998	
intra-participant-parallelism/tests/001.test.mjs	drained	complete	8920	3116	155078.298478	155130.52911200002	52.23063400000683	15.868047999999998	17115	0	0.017115	56.34346000000369	-4.112825999996858	0.018673	-0.0015580000000000004	
intra-participant-parallelism/tests/002.test.mjs	drained	complete	8941	3116	155133.170657	155244.44916100003	111.27850400001626	68.53353100000001	69992	15461	0.085453	107.98222700000042	3.2962770000158343	0.080622	0.004831000000000002	
intra-participant-parallelism/tests/003.test.mjs	drained	complete	8952	3116	155191.483171	155306.75676000002	115.27358900001855	76.846772	79581	15833	0.095414	126.81341599998996	-11.53982699997141	0.10208	-0.006666000000000005	
intra-participant-parallelism/tests/004.test.mjs	drained	complete	8963	3116	155247.246248	155379.08784400002	131.84159600001294	91.116586	117589	9425	0.127014	136.4959760000056	-4.6543799999926705	0.127559	-0.0005450000000000177	
intra-participant-parallelism/tests/005.test.mjs	drained	complete	8974	3116	155309.088124	155447.86709400002	138.77897000001394	101.67470900000001	125636	8959	0.134595	135.4649409999838	3.314029000030132	0.129541	0.005054000000000003	
intra-participant-parallelism/tests/006.test.mjs	drained	complete	8985	3116	155381.602137	155497.195534	115.59339699998964	75.626945	80292	11228	0.09152	117.75529600001755	-2.1618990000279155	0.086896	0.004624000000000003	
intra-participant-parallelism/tests/007.test.mjs	drained	complete	8996	3116	155450.396313	155558.46033	108.06401699999697	64.698364	73632	8368	0.082	106.76717799998005	1.2968390000169165	0.082805	-0.0008050000000000002	
intra-participant-parallelism/tests/008.test.mjs	drained	complete	9007	3116	155500.149454	155607.548294	107.39884000000893	69.19694999999999	77983	7980	0.085963	123.01540700002806	-15.616567000019131	0.10116	-0.015197000000000002	
intra-participant-parallelism/tests/009.test.mjs	drained	complete	9018	3116	155561.87830900002	155924.643159	362.76484999997774	319.529784	389210	46059	0.435269	403.65989400001126	-40.89504400003352	0.464948	-0.029678999999999955	
intra-participant-parallelism/tests/010.test.mjs	drained	complete	9029	3116	155610.764304	155661.53829700002	50.773993000009796	15.199916000000002	13308	3063	0.016371	55.63120199998957	-4.857208999979775	0.016471	-0.0000999999999999994	
intra-participant-parallelism/tests/011.test.mjs	drained	complete	9040	3116	155663.76152200002	155792.043364	128.2818419999967	88.608772	94247	14718	0.108965	140.6340719999862	-12.352229999989504	0.123579	-0.014613999999999988	
intra-participant-parallelism/tests/012.test.mjs	drained	complete	9051	3116	155795.328584	156303.45223300002	508.1236490000156	462.937093	577756	71983	0.649739	528.4622769999842	-20.338627999968594	0.643084	0.0066549999999999665	
intra-participant-parallelism/tests/013.test.mjs	drained	complete	9062	3116	155926.782534	158395.156175	2468.373641000013	2410.319751	3092457	304592	3.397049	2442.347139999998	26.026501000014832	3.281267	0.11578199999999983	
intra-participant-parallelism/tests/014.test.mjs	drained	complete	9073	3116	156306.109407	156452.82884700003	146.7194400000153	93.308086	89395	14051	0.103446	143.12113200000022	3.598308000015095	0.096158	0.007288000000000003	
intra-participant-parallelism/tests/015.test.mjs	drained	complete	9084	3116	156454.17007800002	156598.58959100003	144.41951300000073	98.135133	92821	11098	0.103919	122.30882400000701	22.110688999993727	0.086141	0.017778000000000002	
intra-participant-parallelism/tests/017.test.mjs	drained	complete	9096	3116	156601.199858	158786.474116	2185.2742579999904	2095.201243	2783600	253916	3.037516	2222.061790000007	-36.787532000016654	3.102892	-0.0653760000000001	
js-semantic-surface/tests/001.test.mjs	drained	complete	9117	3116	158397.656502	158589.29393800002	191.63743600001908	149.924285	144641	29148	0.173789	156.11616199999116	35.521274000027915	0.151256	0.022532999999999997	
js-semantic-surface/tests/002.test.mjs	drained	complete	9128	3116	158591.61518300002	160959.66776900002	2368.0525860000052	2316.827725	3208439	159025	3.367464	2478.0833679999923	-110.03078199998708	3.434266	-0.06680200000000003	
js-semantic-surface/tests/003.test.mjs	drained	complete	9139	3116	158790.197798	161058.75890100002	2268.5611030000146	2186.45043	3291186	259716	3.550902	2215.9873439999938	52.5737590000208	3.608924	-0.05802200000000024	
js-semantic-surface/tests/004.test.mjs	drained	complete	9151	3116	160961.787236	161043.427138	81.63990199999535	45.196464000000006	46021	5439	0.05146	98.95256800000789	-17.31266600001254	0.054754	-0.0032939999999999983	
js-semantic-surface/tests/005.test.mjs	drained	complete	9162	3116	161045.61287	161112.292029	66.67915899999207	23.060221999999996	23619	1059	0.024678	77.41270499999519	-10.733546000003116	0.031973	-0.007295000000000003	
js-semantic-surface/tests/006.test.mjs	drained	complete	9168	3116	161061.012309	165505.996992	4444.984682999988	4341.783394	5761097	532060	6.293157	4549.697679000004	-104.71299600001657	6.408341	-0.11518400000000018	
knowledge-reuse/tests/001.test.mjs	drained	complete	9184	3116	161114.78891300003	161561.83597800002	447.04706499999156	399.382519	405858	50851	0.456709	450.3603960000037	-3.313331000012113	0.473267	-0.016558000000000017	
knowledge-reuse/tests/002.test.mjs	drained	complete	9195	3116	161563.799363	161974.563992	410.76462900001206	360.19550000000004	393785	53959	0.447744	437.9895770000003	-27.224947999988217	0.477668	-0.029924000000000006	
knowledge-reuse/tests/003.test.mjs	drained	complete	9206	3116	161977.484139	162121.539671	144.0555319999985	104.85168099999999	117511	18760	0.136271	152.12547799997265	-8.069945999974152	0.139223	-0.00295200000000001	
knowledge-reuse/tests/004.test.mjs	drained	complete	9217	3116	162125.78270500002	162530.155361	404.3726559999923	362.138861	405726	40148	0.445874	433.7761269999901	-29.403470999997808	0.476504	-0.03062999999999999	
knowledge-reuse/tests/005.test.mjs	drained	complete	9228	3116	162535.579992	163454.42066	918.8406679999898	862.529625	697048	167389	0.864437	939.7592749999894	-20.91860699999961	0.91009	-0.045652999999999944	
knowledge-reuse/tests/006.test.mjs	drained	complete	9243	3116	163456.953172	163969.28013300002	512.3269610000134	466.96653299999997	526351	73177	0.599528	499.47001499999897	12.856946000014432	0.598638	0.0008899999999999464	
knowledge-reuse/tests/007.test.mjs	drained	complete	9265	3116	163971.95672400002	164325.59130200002	353.6345779999974	301.197426	379768	32083	0.411851	347.6866770000197	5.947900999977719	0.402661	0.009190000000000031	
knowledge-reuse/tests/008.test.mjs	drained	complete	9276	3116	164327.68454100002	164680.422926	352.7383849999751	309.203414	383453	37788	0.421241	361.1274239999766	-8.389039000001503	0.427992	-0.006751000000000007	
knowledge-reuse/tests/009.test.mjs	drained	complete	9287	3116	164682.889544	165021.51588400002	338.6263400000171	298.667936	336078	63019	0.399097	347.4717430000019	-8.845402999984799	0.406968	-0.007871000000000017	
knowledge-reuse/tests/010.test.mjs	drained	complete	9300	3116	165024.021882	166538.100107	1514.0782250000047	1464.475307	1934604	204891	2.139495	1562.1826040000014	-48.1043789999967	2.19987	-0.06037500000000007	
knowledge-reuse/tests/011.test.mjs	drained	complete	9311	3116	165508.31848800002	165908.149039	399.83055099999183	344.20811000000003	397933	49799	0.447732	413.6150069999858	-13.784455999993952	0.455091	-0.007359000000000004	
knowledge-reuse/tests/012.test.mjs	drained	complete	9331	3116	165912.119959	166311.71399400002	399.59403500001645	348.205575	361442	50322	0.411764	386.0500380000158	13.543997000000672	0.416584	-0.004819999999999991	
knowledge-reuse/tests/013.test.mjs	drained	complete	9345	3116	166315.137083	166379.467623	64.33053999999538	19.978403999999998	15083	3020	0.018103	69.39411300001666	-5.063573000021279	0.022301	-0.004198	
knowledge-reuse/tests/014.test.mjs	drained	complete	9356	3116	166382.036116	166523.48563900002	141.4495230000175	101.13043099999999	117819	17978	0.135797	152.49499499998637	-11.045471999968868	0.140308	-0.004510999999999987	
knowledge-reuse/tests/015.test.mjs	drained	complete	9378	3116	166525.88798700002	167010.808036	484.92004899997846	441.281068	464161	71795	0.535956	487.55440999998245	-2.6343610000039916	0.527109	0.008846999999999938	
knowledge-reuse/tests/016.test.mjs	drained	complete	9384	3116	166540.06055700002	167077.90473900002	537.8441820000007	494.98889399999996	548908	80281	0.629189	529.7410149999778	8.10316700002295	0.621724	0.007464999999999944	
managed-chat-execution/tests/001.test.mjs	drained	complete	9411	3116	167012.897177	167342.51184000002	329.61466300001484	283.81276099999997	345359	51222	0.396581	323.22392099999706	6.390742000017781	0.386321	0.010259999999999991	
managed-chat-execution/tests/002.test.mjs	drained	complete	9425	3116	167080.02856500002	167453.802425	373.7738599999866	334.94939600000004	434234	44144	0.478378	373.02462100001867	0.749238999967929	0.47618	0.0021980000000000333	
managed-chat-execution/tests/003.test.mjs	drained	complete	9436	3116	167345.15808000002	169889.504014	2544.3459339999827	2477.8409269999997	3050582	327284	3.377866	2652.080287000019	-107.73435300003621	3.464461	-0.08659499999999998	
managed-chat-execution/tests/004.test.mjs	drained	complete	9447	3116	167456.467665	167908.86506900002	452.39740400001756	405.780166	478895	53533	0.532428	480.15577899999334	-27.758374999975786	0.558053	-0.02562500000000001	
managed-chat-execution/tests/005.test.mjs	drained	complete	9459	3116	167913.174781	170746.237904	2833.063123	2771.168554	3318330	302925	3.621255	2841.120728000009	-8.057605000009062	3.652034	-0.03077899999999989	
managed-chat-execution/tests/006.test.mjs	drained	complete	9481	3116	169893.96984900002	171832.145026	1938.1751769999973	1849.6660980000001	2334200	231538	2.565738	1920.5316140000068	17.643562999990536	2.556667	0.009071000000000051	
managed-chat-execution/tests/007.test.mjs	drained	complete	9496	3116	170748.915664	171126.22340400002	377.3077400000184	334.72145	400444	48826	0.44927	378.33687599998666	-1.0291359999682754	0.451509	-0.002238999999999991	
managed-chat-execution/tests/008.test.mjs	drained	complete	9507	3116	171128.871756	171181.032482	52.16072600000189	16.472199999999997	17694	85	0.017779	59.79147799999919	-7.630751999997301	0.023172	-0.005393000000000002	
managed-chat-execution/tests/009.test.mjs	drained	complete	9518	3116	171183.675831	171353.163621	169.48779000001377	124.17487	158992	16351	0.175343	176.37211300001945	-6.884323000005679	0.186103	-0.010759999999999992	
managed-chat-execution/tests/010.test.mjs	drained	complete	9536	3116	171356.777383	173950.777773	2594.000390000001	2521.9702389999998	3126145	286815	3.41296	2610.94412	-16.94372999999905	3.458097	-0.04513699999999998	
managed-chat-execution/tests/011.test.mjs	drained	complete	9547	3116	171837.77866900002	172453.79039900002	616.0117299999984	559.6908910000001	821133	67713	0.888846	638.3180599999905	-22.30632999999216	0.903759	-0.014912999999999954	
managed-chat-execution/tests/012.test.mjs	drained	complete	9558	3116	172456.153383	173187.17802000002	731.0246370000241	687.723397	968590	73721	1.042311	722.6934089999995	8.331228000024566	1.046983	-0.0046720000000000095	
managed-chat-execution/tests/013.test.mjs	drained	complete	9576	3116	173189.60255900002	173820.907236	631.3046769999783	587.7083779999999	847499	82363	0.929862	641.9592420000117	-10.654565000033472	0.961278	-0.031416	
managed-chat-execution/tests/014.test.mjs	drained	complete	9589	3116	173823.150736	174198.72067900002	375.5699430000095	333.5149	393796	39092	0.432888	351.1381040000124	24.431838999997126	0.411715	0.021172999999999997	
managed-session-lifecycle/tests/001.test.mjs	drained	complete	9600	3116	173950.876147	174074.243579	123.3674319999991	84.21204800000001	92325	10098	0.102423	126.71917099997518	-3.351738999976078	0.09768	0.004742999999999997	
managed-session-lifecycle/tests/002.test.mjs	drained	complete	9611	3116	174076.880256	174185.56989500002	108.68963900001836	66.244936	76529	4005	0.080534	100.65967799999635	8.029961000022013	0.079528	0.001005999999999993	
managed-session-lifecycle/tests/003.test.mjs	drained	complete	9622	3116	174188.793711	174291.26726000002	102.47354900001665	66.13395600000001	75192	7122	0.082314	114.79075899999589	-12.31720999997924	0.082843	-0.0005290000000000017	
managed-session-lifecycle/tests/004.test.mjs	drained	complete	9628	3116	174200.82518900002	175513.81738700002	1312.9921979999926	1258.721605	1664574	133963	1.798537	1254.8234159999993	58.16878199999337	1.727906	0.07063100000000011	
managed-session-lifecycle/tests/005.test.mjs	drained	complete	9644	3116	174293.892495	174449.600119	155.7076240000024	104.20344899999998	131195	13036	0.144231	140.89110399998026	14.816520000022138	0.134634	0.009596999999999994	
managed-session-lifecycle/tests/006.test.mjs	drained	complete	9655	3116	174452.13158900003	175536.77827900002	1084.6466899999941	1034.2921430000001	1417234	114293	1.531527	1072.0833429999766	12.56334700001753	1.519596	0.011931000000000136	
managed-session-lifecycle/tests/007.test.mjs	drained	complete	9666	3116	175516.169811	176916.870131	1400.7003200000036	1343.569149	1981937	135760	2.117697	1414.3110830000078	-13.610763000004226	2.18572	-0.06802299999999972	
managed-session-lifecycle/tests/008.test.mjs	drained	complete	9672	3116	175539.11563500002	177177.87877900002	1638.7631439999968	1584.776675	2140808	136940	2.277748	1639.8474340000248	-1.084290000027977	2.248485	0.029262999999999817	
managed-session-lifecycle/tests/009.test.mjs	drained	complete	9690	3116	176918.015686	178181.086153	1263.0704670000123	1212.815652	1662497	150649	1.813146	1223.7916899999836	39.27877700002864	1.73451	0.07863599999999993	
managed-session-lifecycle/tests/010.test.mjs	drained	complete	9701	3116	177180.556061	177289.49141400002	108.93535300000804	63.696839999999995	74829	3691	0.07852	112.75205800001277	-3.816705000004731	0.080908	-0.0023879999999999874	
managed-session-lifecycle/tests/011.test.mjs	drained	complete	9712	3116	177292.68643600002	177423.598031	130.9115949999832	80.465408	84340	6441	0.090781	112.38711999999941	18.524474999983795	0.087792	0.0029890000000000055	
managed-session-lifecycle/tests/012.test.mjs	drained	complete	9723	3116	177426.228957	177856.68246	430.453502999997	388.205272	409894	36051	0.445945	405.3136990000203	25.13980399997672	0.445741	0.00020399999999998197	
managed-session-lifecycle/tests/013.test.mjs	drained	complete	9735	3116	177859.107106	178792.63403100002	933.5269250000129	877.873326	1288909	100791	1.3897	1019.184837000008	-85.65791199999512	1.46766	-0.07796000000000003	
managed-session-lifecycle/tests/014.test.mjs	drained	complete	9746	3116	178184.22773	179338.490213	1154.2624829999986	1086.150957	1500454	135417	1.635871	1187.8671829999948	-33.60469999999623	1.699414	-0.0635429999999999	
managed-session-lifecycle/tests/015.test.mjs	drained	complete	9757	3116	178795.158227	180081.980237	1286.8220100000035	1219.849711	1662374	126127	1.788501	1212.1864059999934	74.63560400001006	1.732168	0.056332999999999966	
managed-session-lifecycle/tests/016.test.mjs	drained	complete	9768	3116	179340.07046100002	179577.839753	237.76929199998267	178.53663899999998	175865	18511	0.194376	193.10938099998748	44.65991099999519	0.182409	0.011967000000000005	
managed-session-lifecycle/tests/017.test.mjs	drained	complete	9779	3116	179586.775832	179784.026711	197.25087899999926	145.447597	166711	23367	0.190078	209.0873539999884	-11.83647499998915	0.166766	0.023312	
managed-session-lifecycle/tests/018.test.mjs	drained	complete	9790	3116	179786.32655700002	182731.286185	2944.9596279999823	2878.5882709999996	3652038	322468	3.974506	2875.665793000022	69.29383499996038	3.889995	0.084511	
managed-session-lifecycle/tests/019.test.mjs	drained	complete	9801	3116	180084.32456600002	182714.782658	2630.458091999986	2561.998631	3022540	340227	3.362767	2636.259953999979	-5.80186199999298	3.330352	0.03241499999999986	
managed-session-lifecycle/tests/020.test.mjs	drained	complete	9834	3116	182718.186511	185208.41719500002	2490.230684000009	2439.356209	570779	34678	0.605457	2533.3862059999956	-43.15552199998638	0.617096	-0.011638999999999955	
managed-session-lifecycle/tests/021.test.mjs	drained	complete	9840	3116	182734.145368	182807.81548000002	73.67011200002162	21.543904000000005	20674	2261	0.022935	57.55540100001963	16.11471100000199	0.018026	0.004909	
managed-session-lifecycle/tests/022.test.mjs	drained	complete	9856	3116	182810.37955100002	183204.93874800002	394.55919699999504	352.246712	402609	43261	0.44587	405.9895249999827	-11.43032799998764	0.457618	-0.011748000000000036	
managed-session-lifecycle/tests/023.test.mjs	drained	complete	9882	3116	183207.762844	183312.04528400002	104.28244000000996	63.372553	58508	14126	0.072634	93.0612770000007	11.221163000009255	0.063093	0.009541000000000008	
managed-session-lifecycle/tests/024.test.mjs	drained	complete	9893	3116	183314.755668	183441.250547	126.49487900000531	76.56275400000001	86279	9613	0.095892	113.89296299999114	12.601916000014171	0.09832	-0.0024279999999999996	
managed-session-lifecycle/tests/025.test.mjs	drained	complete	9904	3116	183443.75484500002	184447.785008	1004.0301629999885	951.933506	1276910	113353	1.390263	1059.5946310000145	-55.564468000025954	1.449209	-0.05894599999999994	
obligation-ledger/tests/001.test.mjs	drained	complete	9921	3116	184450.037194	184885.60466900002	435.567475000018	390.62798399999997	469983	41749	0.511732	467.0577039999771	-31.490228999959072	0.5262	-0.014468000000000036	
obligation-ledger/tests/002.test.mjs	drained	complete	9932	3116	184888.191258	185346.190799	457.9995409999974	407.736901	453081	43440	0.496521	459.53659699999844	-1.53705600000103	0.47906	0.017461000000000004	
obligation-ledger/tests/003.test.mjs	drained	complete	9943	3116	185209.74746500002	185265.35680100002	55.60933599999407	17.809188	18058	0	0.018058	56.14770899998257	-0.5383729999884963	0.016071	0.0019870000000000027	
obligation-ledger/tests/004.test.mjs	drained	complete	9954	3116	185268.36713700002	185703.64552000002	435.2783829999971	394.317839	472698	54137	0.526835	436.08978000000934	-0.8113970000122208	0.527243	-0.00040799999999996395	
obligation-ledger/tests/005.test.mjs	drained	complete	9965	3116	185348.518256	185773.93272900002	425.41447300001164	384.17694	447894	43540	0.491434	424.17454000000726	1.2399330000043847	0.493887	-0.0024530000000000385	
obligation-ledger/tests/006.test.mjs	drained	complete	9976	3116	185706.446574	185758.403456	51.956881999998586	16.548371000000003	16453	933	0.017386	55.24496900002123	-3.2880870000226423	0.018883	-0.0014970000000000018	
obligation-ledger/tests/007.test.mjs	drained	complete	9987	3116	185761.62074900002	185816.765068	55.144318999984534	17.982757	16593	2754	0.019347	55.21739299999899	-0.07307400001445785	0.021113	-0.0017660000000000002	
office-capability/tests/001.test.mjs	drained	complete	9993	3116	185776.38502000002	185826.50023	50.11520999998902	16.994937000000004	16154	2033	0.018187	56.79953200000455	-6.684322000015527	0.017822	0.00036499999999999727	
office-capability/tests/003.test.mjs	drained	complete	10009	3116	185819.42608	185907.518122	88.09204200000386	51.628983999999996	56914	5088	0.062002	98.69949199998518	-10.607449999981327	0.063589	-0.001587000000000005	
office-capability/tests/004.test.mjs	drained	complete	10015	3116	185828.37135300002	185878.31265500002	49.94130199999199	16.231551	17085	33	0.017118	55.9836409999989	-6.042339000006905	0.016422	0.0006960000000000022	
office-capability/tests/005.test.mjs	drained	complete	10031	3116	185881.008582	185932.82713400002	51.81855200001155	15.000333000000001	12973	3251	0.016224	58.302929999976186	-6.484377999964636	0.019175	-0.0029510000000000022	
office-capability/tests/006.test.mjs	drained	complete	10038	3116	185909.916398	185973.655732	63.739334000012605	23.319607999999995	25074	149	0.025223	66.79686099998071	-3.057526999968104	0.024577	0.0006459999999999973	
office-capability/tests/007.test.mjs	drained	complete	10049	3116	185935.190249	186080.973498	145.78324900000007	104.981788	137589	14737	0.152326	151.18750199998613	-5.404252999986056	0.153319	-0.0009930000000000216	
office-capability/tests/011.test.mjs	drained	complete	10064	3116	185977.76682800002	186032.221647	54.45481899997685	15.558827999999998	14833	1978	0.016811	52.15182299999287	2.3029959999839775	0.016905	-0.00009400000000000033	
office-capability/tests/012.test.mjs	drained	complete	10075	3116	186034.778483	186132.3752	97.59671700000763	55.97389199999999	59706	4027	0.063733	96.5341259999841	1.0625910000235308	0.066784	-0.003050999999999998	
office-capability/tests/015.test.mjs	drained	complete	10086	3116	186083.437691	186176.570156	93.13246500000241	48.932385	54219	4754	0.058973	92.28677099998458	0.8456940000178292	0.057987	0.0009860000000000008	
office-capability/tests/016.test.mjs	drained	complete	10097	3116	186134.885726	186219.188675	84.30294900000445	46.994260999999995	50973	6114	0.057087	88.64807100000326	-4.34512199999881	0.058435	-0.001348000000000002	
office-capability/tests/017.test.mjs	drained	complete	10108	3116	186178.65658200003	186264.513173	85.85659099998884	48.27273400000001	51697	6190	0.057887	96.99869199999375	-11.142101000004914	0.064318	-0.006430999999999999	
office-capability/tests/018.test.mjs	drained	complete	10119	3116	186221.76093000002	186310.125773	88.36484299998847	53.70606	55388	6084	0.061472	101.03966199999559	-12.674819000007119	0.060102	0.0013699999999999962	
participant-horizon/tests/001.test.mjs	drained	complete	10130	3116	186267.290282	186320.52363	53.233348000008846	16.485483999999996	15585	2162	0.017747	61.1361109999998	-7.902762999990955	0.018682	-0.0009350000000000018	
participant-horizon/tests/002.test.mjs	drained	complete	10141	3116	186313.78773900002	186391.85151	78.06377099998645	37.494249	46723	6074	0.052797	83.34044999998878	-5.276679000002332	0.053441	-0.0006440000000000057	
participant-horizon/tests/003.test.mjs	drained	complete	10147	3116	186324.13398900002	186651.484801	327.3508119999897	287.18424	348375	40444	0.388819	329.33189299999503	-1.9810810000053607	0.390835	-0.0020159999999999623	
participant-horizon/tests/004.test.mjs	drained	complete	10163	3116	186394.543039	186453.76760700002	59.22456800000509	16.092988000000002	16315	882	0.017197	51.83251599999494	7.392052000010153	0.016858	0.000338999999999999	
participant-horizon/tests/005.test.mjs	drained	complete	10174	3116	186456.653606	186791.356727	334.70312099999865	293.974727	330740	56767	0.387507	317.45906600001035	17.244054999988293	0.373208	0.014299000000000006	
participant-horizon/tests/006.test.mjs	drained	complete	10185	3116	186653.531503	186715.24884100002	61.71733800001675	16.987116	15393	1872	0.017265	53.779028999997536	7.938309000019217	0.016531	0.0007339999999999985	
participant-horizon/tests/007.test.mjs	drained	complete	10196	3116	186718.920385	186777.05528200002	58.134897000010824	17.752345	16990	1092	0.018082	54.670358000003034	3.4645390000077896	0.018383	-0.0003009999999999992	
participant-horizon/tests/008.test.mjs	drained	complete	10208	3116	186780.13262400002	186832.32715	52.194525999977486	14.965467999999998	14414	1813	0.016227	52.70903699999326	-0.5145110000157729	0.016417	-0.00019000000000000267	
participant-horizon/tests/009.test.mjs	drained	complete	10214	3116	186793.682792	187584.19885400002	790.5160620000097	720.551193	1065065	92642	1.157707	781.0101889999933	9.505873000016436	1.186799	-0.029091999999999896	
participant-horizon/tests/010.test.mjs	drained	complete	10230	3116	186834.365817	187613.417396	779.0515789999918	728.5118	1000330	96716	1.097046	811.4998860000051	-32.4483070000133	1.104205	-0.0071590000000001375	
participant-horizon/tests/011.test.mjs	drained	complete	10241	3116	187586.992234	188408.863997	821.8717630000028	765.9281209999999	1115086	111381	1.226467	812.139399000007	9.732363999995869	1.238091	-0.011624000000000079	
participant-horizon/tests/012.test.mjs	drained	complete	10248	3116	187616.763802	187745.489092	128.72529000000213	92.56147299999999	103303	10286	0.113589	140.61061899998458	-11.885328999982448	0.125978	-0.012389000000000011	
participant-horizon/tests/013.test.mjs	drained	complete	10263	3116	187748.25674500002	187983.873537	235.61679199998616	190.10299	226762	28813	0.255575	239.79115499998443	-4.174362999998266	0.238415	0.01716000000000001	
participant-horizon/tests/014.test.mjs	drained	complete	10274	3116	187990.160489	188054.130394	63.96990500000538	15.579273	15614	1174	0.016788	57.736436000006506	6.233468999998877	0.018407	-0.001618999999999999	
participant-horizon/tests/015.test.mjs	drained	complete	10285	3116	188056.879752	188166.39693800002	109.51718600001186	58.81721000000001	63010	1978	0.064988	124.9590179999941	-15.441831999982242	0.062319	0.0026690000000000047	
participant-identity/tests/001.test.mjs	drained	complete	10296	3116	188169.810961	188349.80337900002	179.9924180000089	120.99479500000001	79978	10358	0.090336	182.28029500000412	-2.2878769999952056	0.097254	-0.006917999999999994	
participant-identity/tests/002.test.mjs	drained	complete	10314	3116	188352.33161400002	189044.47059	692.1389759999875	633.210196	767176	104706	0.871882	667.6081410000043	24.5308349999832	0.853064	0.018818	
participant-identity/tests/003.test.mjs	drained	complete	10325	3116	188411.77629100002	188500.554283	88.77799199998844	49.321776	51070	8620	0.05969	85.8456920000026	2.932299999985844	0.059188	0.0005020000000000024	
participant-identity/tests/004.test.mjs	drained	complete	10336	3116	188503.09549100001	188957.55501	454.45951899999636	396.886993	452928	65007	0.517935	456.8817879999988	-2.422269000002416	0.534085	-0.016149999999999998	
participant-identity/tests/005.test.mjs	drained	complete	10347	3116	188960.11465300003	189093.95496	133.84030699997675	90.840304	115310	11871	0.127181	130.3209199999983	3.519386999978451	0.128134	-0.0009530000000000094	
participant-identity/tests/007.test.mjs	drained	complete	10358	3116	189046.651324	189136.80065400002	90.14933000001474	50.007994	43447	14351	0.057798	93.48354199997266	-3.3342119999579154	0.058094	-0.00029599999999999765	
participant-identity/tests/008.test.mjs	drained	complete	10369	3116	189096.49392500002	190822.946326	1726.4524009999877	1640.296723	2023478	220575	2.244053	1769.4739520000003	-43.02155100001255	2.32803	-0.08397699999999997	
participant-identity/tests/009.test.mjs	drained	complete	10380	3116	189138.93035100002	191596.94840700002	2458.018056000001	2412.890093	412922	57862	0.470784	2528.5929049999977	-70.5748489999969	0.499498	-0.028714000000000017	
participant-identity/tests/010.test.mjs	drained	complete	10404	3116	190829.30013400002	190952.81093	123.51079599998775	80.25727699999999	90929	14043	0.104972	136.223404999997	-12.712609000009252	0.110219	-0.005247000000000002	
prefix-stability/tests/001.test.mjs	drained	complete	10415	3116	190955.44259700002	192955.647731	2000.205133999989	1945.3037100000001	2589605	184734	2.774339	2009.9698419999913	-9.764708000002429	2.771491	0.0028479999999997396	
prefix-stability/tests/002.test.mjs	drained	complete	10430	3116	191599.465029	191783.21953200002	183.75450300000375	144.824262	174737	19707	0.194444	177.79697999998461	5.957523000019137	0.18927	0.005174000000000012	
prefix-stability/tests/003.test.mjs	drained	complete	10441	3116	191785.413521	198674.281347	6888.8678260000015	6823.41656	3598651	361932	3.960583	7029.833740000002	-140.96591400000034	4.100734	-0.14015099999999991	
prefix-stability/tests/004.test.mjs	drained	complete	10467	3116	192958.99343600002	193088.945299	129.95186299999477	81.111041	83384	9307	0.092691	108.42726599998423	21.524597000010544	0.081515	0.011175999999999991	
prefix-stability/tests/005.test.mjs	drained	complete	10478	3116	193092.07102200002	193224.275257	132.20423499998287	79.806769	82509	8149	0.090658	104.65714100000332	27.547093999979552	0.080618	0.010040000000000007	
prefix-stability/tests/006.test.mjs	drained	complete	10489	3116	193227.17714	193582.20074700002	355.0236070000101	301.127225	356962	31207	0.388169	341.8201939999999	13.203413000010187	0.390762	-0.002593000000000012	
prefix-stability/tests/007.test.mjs	drained	complete	10501	3116	193585.42778	194564.476117	979.0483370000147	909.228157	1042856	141038	1.183894	933.2420390000043	45.80629800001043	1.136314	0.047579999999999956	
prefix-stability/tests/008.test.mjs	drained	complete	10514	3116	194568.21111	194772.20173200002	203.99062200001208	150.027154	149064	10285	0.159349	151.51342800000566	52.47719400000642	0.148904	0.010444999999999982	
prefix-stability/tests/009.test.mjs	drained	complete	10525	3116	194774.590509	195038.92269500002	264.3321860000142	222.743627	276504	37062	0.313566	337.7297110000218	-73.39752500000759	0.339533	-0.025966999999999962	
prefix-stability/tests/010.test.mjs	drained	complete	10545	3116	195041.797889	195757.20942700002	715.4115380000148	665.39498	952160	101589	1.053749	734.9267910000053	-19.51525299999048	1.086879	-0.03312999999999988	
prefix-stability/tests/011.test.mjs	drained	complete	10558	3116	195760.208201	195812.541911	52.33371000000625	14.717503000000004	13670	1957	0.015627	64.61608899998828	-12.28237899998203	0.021474	-0.0058470000000000015	
prefix-stability/tests/012.test.mjs	drained	complete	10569	3116	195815.133073	203656.013451	7840.880378000002	7753.588955	8132585	783173	8.915758	7840.713841999997	0.16653600000427105	8.742183	0.1735749999999996	
prefix-stability/tests/013.test.mjs	drained	complete	10596	3116	198676.47380200002	198821.745933	145.27213099997607	103.70102399999999	120676	9357	0.130033	155.10207500000251	-9.829944000026444	0.135126	-0.005092999999999986	
prefix-stability/tests/014.test.mjs	drained	complete	10607	3116	198824.186553	199354.39998500003	530.2134320000187	476.695562	724341	74426	0.798767	544.5650970000133	-14.351664999994682	0.798912	-0.00014499999999995072	
prefix-stability/tests/015.test.mjs	drained	complete	10625	3116	199356.791822	199725.094171	368.30234900000505	327.52820399999996	391754	43302	0.435056	369.9962039999955	-1.6938549999904353	0.444465	-0.009409	
process-execution/tests/001.test.mjs	drained	complete	10636	3116	199727.30423900002	199976.65086400002	249.3466250000056	200.947158	245382	13351	0.258733	212.36905700000352	36.977568000002066	0.241119	0.01761399999999999	
process-execution/tests/002.test.mjs	drained	complete	10647	3116	199979.136131	202115.347165	2136.211034000007	2098.829774	131102	9470	0.140572	2140.153018000012	-3.941984000004595	0.143548	-0.0029760000000000064	
process-execution/tests/003.test.mjs	drained	complete	10668	3116	202117.528258	202329.32288000002	211.7946220000158	172.07273700000002	176101	25720	0.201821	212.34142099999008	-0.5467989999742713	0.191348	0.01047300000000001	
process-execution/tests/004.test.mjs	drained	complete	10684	3116	202331.60802800002	203619.113947	1287.5059189999884	1240.688188	145198	17823	0.163021	1307.1593690000009	-19.653450000012526	0.148361	0.014660000000000006	
process-execution/tests/005.test.mjs	drained	complete	10695	3116	203621.62549900002	204040.293126	418.667626999988	374.410216	433784	54720	0.488504	418.06365100000403	0.6039759999839589	0.491853	-0.003348999999999991	
process-execution/tests/006.test.mjs	drained	complete	10706	3116	203658.18165100002	205860.17155	2201.9898989999783	2161.314812	154938	13924	0.168862	2193.1972810000007	8.792617999977665	0.17018	-0.0013179999999999858	
process-execution/tests/007.test.mjs	drained	complete	10719	3116	204042.502914	204279.813857	237.3109429999895	202.101163	155676	11804	0.16748	232.03033999999752	5.28060299999197	0.160842	0.006637999999999977	
process-execution/tests/008.test.mjs	drained	complete	10737	3116	204282.016926	204376.58109300002	94.56416700000409	60.604375999999995	67828	7099	0.074927	94.22493500000564	0.33923199999844655	0.071332	0.003594999999999987	
process-execution/tests/009.test.mjs	drained	complete	10748	3116	204378.65372	204520.27647500002	141.62275500001851	106.134921	131778	20694	0.152472	148.87771400000202	-7.254958999983501	0.159056	-0.0065840000000000065	
process-execution/tests/010.test.mjs	drained	complete	10759	3116	204522.633318	204920.238702	397.60538399999496	354.14769	412539	50580	0.463119	400.00532699999167	-2.3999429999967106	0.473718	-0.01059899999999997	
process-execution/tests/011.test.mjs	drained	complete	10780	3116	204922.605202	205356.15475800002	433.54955600001267	392.896702	497613	37230	0.534843	437.8756900000153	-4.326134000002639	0.532506	0.0023369999999999225	
process-execution/tests/012.test.mjs	drained	complete	10808	3116	205358.45009600002	205465.43858500003	106.9884890000103	71.686861	75964	12660	0.088624	110.68733400001656	-3.6988450000062585	0.091732	-0.0031079999999999997	
process-execution/tests/013.test.mjs	drained	complete	10819	3116	205467.80234400003	205911.51344900002	443.71110499999486	399.511636	409811	53977	0.463788	442.5154629999888	1.1956420000060461	0.4658	-0.0020120000000000138	
process-execution/tests/014.test.mjs	drained	complete	10842	3116	205862.36833300002	206354.260087	491.89175399998203	442.53788199999997	477923	51254	0.529177	489.4596339999989	2.432119999983115	0.533582	-0.004404999999999992	
process-execution/tests/015.test.mjs	drained	complete	10865	3116	205913.94547200002	206625.46759400002	711.5221219999949	662.802707	482244	70541	0.552785	711.1547410000057	0.3673809999891091	0.573952	-0.021167000000000047	
process-execution/tests/016.test.mjs	drained	complete	10899	3116	206356.86656700002	206504.913487	148.0469199999934	108.934589	148542	11947	0.160489	152.37188999998034	-4.3249699999869335	0.159784	0.0007049999999999834	
provider-attempt-recovery/tests/001.test.mjs	drained	complete	10957	3116	206507.27694200003	206912.005001	404.7280589999864	362.55482700000005	417163	42929	0.460092	393.7688860000053	10.959172999981092	0.450461	0.009631	
provider-attempt-recovery/tests/002.test.mjs	drained	complete	10993	3116	206628.302782	207026.75662	398.4538379999867	355.293261	435685	51702	0.487387	392.49356900001294	5.960268999973778	0.482735	0.0046519999999999895	
provider-attempt-recovery/tests/003.test.mjs	drained	complete	11004	3116	206914.29731300002	207552.886818	638.5895049999817	589.620667	876176	80817	0.956993	622.8171070000099	15.772397999971872	0.964031	-0.007037999999999989	
provider-attempt-recovery/tests/004.test.mjs	drained	complete	11015	3116	207032.406469	207622.20064000002	589.7941710000159	542.2668950000001	728058	75926	0.803984	610.2625239999907	-20.46835299997474	0.81871	-0.014726000000000017	
provider-attempt-recovery/tests/005.test.mjs	drained	complete	11026	3116	207556.800274	208256.448917	699.6486429999932	627.773087	965461	80563	1.046024	708.7291160000023	-9.080473000009079	1.079377	-0.033352999999999966	
provider-attempt-recovery/tests/006.test.mjs	drained	complete	11037	3116	207624.79780200002	207728.459773	103.66197099999408	67.967702	78200	5080	0.08328	110.14741299999878	-6.485442000004696	0.081862	0.0014180000000000026	
provider-attempt-recovery/tests/007.test.mjs	drained	complete	11048	3116	207731.139727	208203.73393800002	472.5942110000178	426.820185	450630	50732	0.501362	468.62915600000997	3.965055000007851	0.49721	0.004151999999999989	
provider-attempt-recovery/tests/008.test.mjs	drained	complete	11059	3116	208208.784002	208392.62763600002	183.84363400001894	142.69291199999998	172989	14937	0.187926	181.01368400000501	2.8299500000139233	0.187713	0.00021300000000001873	
provider-attempt-recovery/tests/009.test.mjs	drained	complete	11070	3116	208259.76395300002	208639.36546600002	379.60151300000143	337.68748899999997	401847	47925	0.449772	384.1050450000039	-4.503532000002451	0.450521	-0.0007489999999999997	
provider-attempt-recovery/tests/010.test.mjs	drained	complete	11081	3116	208397.14553500002	208531.65973800002	134.51420299999882	97.382364	115254	11242	0.126496	145.85082700001658	-11.336624000017764	0.13458	-0.008084000000000008	
provider-attempt-recovery/tests/011.test.mjs	drained	complete	11092	3116	208534.31267100002	208994.00059200003	459.6879210000043	404.002447	493367	44703	0.53807	459.66382899999735	0.024092000006930903	0.546147	-0.008077	
provider-attempt-recovery/tests/012.test.mjs	drained	complete	11103	3116	208641.557009	208861.206456	219.64944700000342	175.828507	221906	15815	0.237721	212.8713449999923	6.778102000011131	0.216974	0.020746999999999988	
provider-attempt-recovery/tests/013.test.mjs	drained	complete	11114	3116	208864.142182	208972.830453	108.6882709999918	65.834148	75213	6544	0.081757	112.97425900000962	-4.285988000017824	0.078472	0.0032849999999999963	
provider-attempt-recovery/tests/014.test.mjs	drained	complete	11125	3116	208975.763554	209491.64476300002	515.8812090000138	465.335952	678944	70122	0.749066	538.4714559999993	-22.59024699998554	0.776178	-0.027112000000000025	
provider-attempt-recovery/tests/015.test.mjs	drained	complete	11132	3116	208996.566446	209403.921444	407.35499799999525	350.49567	425365	45994	0.471359	405.3896299999906	1.9653680000046734	0.473355	-0.0019960000000000533	
provider-attempt-recovery/tests/016.test.mjs	drained	complete	11147	3116	209408.77286700002	209552.326474	143.55360699997982	94.332553	114965	12986	0.127951	137.9182659999933	5.635340999986511	0.119144	0.00880700000000001	
provider-attempt-recovery/tests/017.test.mjs	drained	complete	11158	3116	209495.176511	209630.602125	135.42561400000704	94.67566599999999	114568	14703	0.129271	135.17771200000425	0.24790200000279583	0.130826	-0.0015550000000000008	
provider-attempt-recovery/tests/018.test.mjs	drained	complete	11169	3116	209555.816855	209610.56760100002	54.750746000005165	20.463062	19406	0	0.019406	59.58169399999315	-4.830947999987984	0.020491	-0.0010849999999999992	
provider-attempt-recovery/tests/019.test.mjs	drained	complete	11180	3116	209613.230748	210090.44063	477.20988199999556	421.99071299999997	472011	81332	0.553343	462.88320199999725	14.326679999998305	0.526361	0.02698200000000006	
provider-attempt-recovery/tests/020.test.mjs	drained	complete	11186	3116	209633.056049	210060.255366	427.1993169999914	379.531034	454329	62182	0.516511	416.0506389999937	11.148677999997744	0.506976	0.009535000000000071	
provider-attempt-recovery/tests/021.test.mjs	drained	complete	11202	3116	210062.77887100002	210762.91399700003	700.1351260000083	652.584106	884219	75312	0.959531	703.0645699999877	-2.929443999979412	0.967044	-0.007512999999999992	
provider-attempt-recovery/tests/022.test.mjs	drained	complete	11209	3116	210093.010642	210180.795126	87.78448400000343	46.250001	52681	3211	0.055892	87.93143399999826	-0.14694999999483116	0.059889	-0.0039970000000000006	
provider-attempt-recovery/tests/023.test.mjs	drained	complete	11224	3116	210183.237372	210830.10468000002	646.8673080000153	597.657109	869565	93896	0.963461	687.2353529999964	-40.368044999981066	0.987572	-0.024110999999999994	
provider-language/tests/001.test.mjs	drained	complete	11235	3116	210765.812083	210903.325237	137.51315400001477	90.51386300000001	111772	9366	0.121138	152.08613599999808	-14.572981999983313	0.136332	-0.015194000000000013	
provider-language/tests/002.test.mjs	drained	complete	11246	3116	210832.239267	210993.052769	160.81350200000452	123.95755899999999	141031	12255	0.153286	144.40497199998936	16.408530000015162	0.138985	0.014301000000000008	
provider-language/tests/003.test.mjs	drained	complete	11257	3116	210906.123276	211066.81975300002	160.6964770000195	116.37397600000001	134208	12983	0.147191	148.97228200000245	11.724195000017062	0.142311	0.0048799999999999955	
provider-language/tests/004.test.mjs	drained	complete	11268	3116	210995.26979000002	211151.560113	156.2903229999938	110.924842	136998	13261	0.150259	163.4750720000011	-7.184749000007287	0.155356	-0.00509699999999999	
provider-language/tests/005.test.mjs	drained	complete	11279	3116	211069.438261	211293.397136	223.95887500001118	183.081339	207418	27137	0.234555	210.19715699998778	13.761718000023393	0.224296	0.010259000000000018	
provider-language/tests/006.test.mjs	drained	complete	11290	3116	211154.15928300002	211307.579854	153.4205709999951	103.261471	117935	14132	0.132067	144.4509229999967	8.969647999998415	0.13378	-0.00171300000000002	
provider-language/tests/007.test.mjs	drained	complete	11301	3116	211297.168497	211427.971536	130.80303899999126	90.843456	117673	11150	0.128823	148.01468599998043	-17.21164699998917	0.130402	-0.001578999999999997	
provider-language/tests/008.test.mjs	drained	complete	11307	3116	211309.86202700002	211542.438624	232.57659699997748	196.190259	199439	29751	0.22919	245.42560799999046	-12.849011000012979	0.238061	-0.00887099999999999	
provider-language/tests/009.test.mjs	drained	complete	11323	3116	211430.902754	211699.057715	268.1549609999929	222.33636	325493	40265	0.365758	259.26910400000634	8.885856999986572	0.372923	-0.007164999999999977	
provider-language/tests/010.test.mjs	drained	complete	11334	3116	211545.36842900002	211601.97485700002	56.60642799999914	20.37169	19137	1115	0.020252	63.004879999993136	-6.398451999993995	0.017346	0.002905999999999999	
provider-language/tests/011.test.mjs	drained	complete	11345	3116	211604.08042900002	211685.923481	81.84305199998198	32.83675999999999	28453	9797	0.03825	74.75750900001731	7.085542999964673	0.037692	0.000557999999999996	
provider-language/tests/012.test.mjs	drained	complete	11356	3116	211688.37788000001	211751.433472	63.0555919999897	25.823541	23132	7690	0.030822	70.62237699999241	-7.56678500000271	0.034616	-0.0037940000000000022	
provider-language/tests/013.test.mjs	drained	complete	11362	3116	211702.194477	212612.42164100002	910.2271640000108	866.7232660000001	1290083	137129	1.427212	977.9595890000055	-67.73242499999469	1.430564	-0.0033520000000000216	
provider-projection/tests/001.test.mjs	drained	complete	11378	3116	211754.15331400002	211862.3634	108.21008599997731	66.870658	69667	8676	0.078343	128.2584130000032	-20.048327000025893	0.085413	-0.007070000000000007	
provider-projection/tests/002.test.mjs	drained	complete	11389	3116	211864.663115	211995.799227	131.13611200000742	79.211726	73973	10013	0.083986	108.98641800001496	22.14969399999245	0.080552	0.0034340000000000065	
provider-projection/tests/003.test.mjs	drained	complete	11400	3116	212000.146015	212298.204237	298.0582219999924	238.77751300000003	308254	25794	0.334048	295.3097220000054	2.7484999999869615	0.353152	-0.01910400000000001	
provider-projection/tests/004.test.mjs	drained	complete	11411	3116	212301.50348400002	212406.181691	104.67820699998992	66.63389699999999	71052	9128	0.08018	114.71152199999779	-10.03331500000786	0.083355	-0.0031749999999999973	
provider-projection/tests/005.test.mjs	drained	complete	11422	3116	212408.855507	212581.58214800002	172.72664100001566	135.49904	166859	14959	0.181818	189.84116500001983	-17.114524000004167	0.187276	-0.005457999999999991	
provider-projection/tests/006.test.mjs	drained	complete	11433	3116	212583.97501700002	212714.41500600002	130.43998900000588	91.56042500000001	91300	16260	0.10756	125.86117899999954	4.578810000006342	0.105246	0.0023139999999999966	
provider-projection/tests/007.test.mjs	drained	complete	11440	3116	212615.548489	212701.257629	85.70913999999175	35.08231500000001	44217	3383	0.0476	81.44167199998628	4.267468000005465	0.052092	-0.004491999999999996	
provider-projection/tests/008.test.mjs	drained	complete	11455	3116	212703.902611	212926.04105600002	222.1384450000187	180.864533	208691	16957	0.225648	210.06330999999773	12.075135000020964	0.21705	0.008597999999999995	
provider-projection/tests/009.test.mjs	drained	complete	11461	3116	212716.819177	212929.183293	212.36411600001156	173.190796	207660	22467	0.230127	197.314314999996	15.049801000015577	0.218205	0.011921999999999988	
provider-projection/tests/010.test.mjs	drained	complete	11477	3116	212928.17874200002	213271.933162	343.75441999998293	299.023272	356146	52971	0.409117	341.35239599997294	2.4020240000099875	0.408486	0.0006309999999999927	
provider-projection/tests/011.test.mjs	drained	complete	11478	3116	212932.77053500002	225526.106651	12593.336115999991	12505.033657000002	5665728	621087	6.286815	13116.860708000022	-523.5245920000307	6.702146	-0.4153310000000001	
provider-projection/tests/012.test.mjs	drained	complete	11499	3116	213274.49858500002	213416.320156	141.82157099997858	94.653684	121355	7141	0.128496	124.72113399999216	17.100436999986414	0.124708	0.0037879999999999997	
provider-projection/tests/013.test.mjs	drained	complete	11511	3116	213418.857743	213597.374133	178.51639000000432	135.89040599999998	121793	44536	0.166329	186.45010699998238	-7.93371699997806	0.162599	0.003730000000000011	
provider-projection/tests/014.test.mjs	drained	complete	11522	3116	213599.802128	213906.474557	306.6724289999984	267.65644299999997	329018	42667	0.371685	307.53759100000025	-0.8651620000018738	0.371154	0.0005310000000000037	
relay-assessment/tests/001.test.mjs	drained	complete	11533	3116	213909.364718	214016.98322000002	107.61850200002664	60.530221	70194	6009	0.076203	110.97934300001361	-3.3608409999869764	0.087496	-0.011292999999999997	
relay-assessment/tests/002.test.mjs	drained	complete	11544	3116	214019.99822500002	217301.884117	3281.885891999991	3212.2689600000003	3569644	472485	4.042129	3373.2720599999884	-91.38616799999727	4.111544	-0.06941500000000023	
relay-assessment/tests/003.test.mjs	drained	complete	11647	3116	217304.017942	217401.066215	97.04827299999306	60.32780500000001	66119	3831	0.06995	92.8499689999735	4.1983040000195615	0.064852	0.005097999999999991	
relay-assessment/tests/004.test.mjs	drained	complete	11658	3116	217403.613825	217501.994167	98.38034199998947	56.69324700000001	63478	3687	0.067165	114.8095420000027	-16.429200000013225	0.078742	-0.011577000000000004	
relay-assessment/tests/005.test.mjs	drained	complete	11669	3116	217504.275579	217599.209784	94.93420499999775	59.104985	63242	6068	0.06931	94.0875390000001	0.84666599999764	0.065447	0.0038629999999999914	
relay-assessment/tests/006.test.mjs	drained	complete	11682	3116	217601.525319	219456.87970400002	1855.3543850000133	1788.363476	2180097	241150	2.421247	1811.8838829999731	43.47050200004014	2.370523	0.05072400000000021	
relay-assessment/tests/007.test.mjs	drained	complete	11726	3116	219459.39353	221542.85619400002	2083.4626640000206	2009.7418640000003	2341439	225683	2.567122	2017.8538429999899	65.60882100003073	2.520412	0.04671000000000003	
relay-assessment/tests/008.test.mjs	drained	complete	11756	3116	221545.994784	224299.76323	2753.768446000002	2680.268359	3060881	356168	3.417049	2751.5100329999987	2.258413000003202	3.466325	-0.049275999999999875	
relay-assessment/tests/009.test.mjs	drained	complete	11807	3116	224300.08575	224361.128888	61.043138000008184	15.898384999999998	16260	816	0.017076	61.930852999998024	-0.8877149999898393	0.018446	-0.0013699999999999997	
relay-assessment/tests/010.test.mjs	drained	complete	11818	3116	224364.774704	224504.90070600001	140.12600200000452	79.919228	73192	11900	0.085092	103.70138800001587	36.42461399998865	0.067891	0.017200999999999994	
relay-context-projection/tests/001.test.mjs	drained	complete	11829	3116	224512.14879600002	226429.022533	1916.8737369999872	1850.513432	2351970	230292	2.582262	2019.5663270000077	-102.69259000002057	2.654089	-0.07182699999999986	
relay-context-projection/tests/002.test.mjs	drained	complete	11850	3116	225533.77540800002	229049.885355	3516.10994699999	3442.723071	3829155	473047	4.302202	3402.7568049999827	113.35314200000721	4.224209	0.0779930000000002	
relay-context-projection/tests/003.test.mjs	drained	complete	11879	3116	226432.00874400002	226494.28951600002	62.28077199999825	16.990088999999998	18442	4	0.018446	63.687352999986615	-1.406580999988364	0.017418	0.0010280000000000011	
relay-context-projection/tests/004.test.mjs	drained	complete	11890	3116	226496.75782300002	226548.21507500001	51.45725199999288	15.038055	12426	3797	0.016223	65.59357699999237	-14.136324999999488	0.017258	-0.0010349999999999977	
relay-context-projection/tests/005.test.mjs	drained	complete	11901	3116	226550.758938	228647.987487	2097.228548999992	2026.5720540000002	2445668	276654	2.722322	2020.0525370000105	77.17601199998171	2.666743	0.05557900000000027	
relay-context-projection/tests/006.test.mjs	drained	complete	11966	3116	228651.58464400002	230649.79380500002	1998.2091610000061	1923.6130799999999	2351443	255925	2.607368	2012.7076260000176	-14.498465000011493	2.584418	0.022950000000000248	
relay-context-projection/tests/007.test.mjs	drained	complete	11992	3116	229052.476992	229107.920752	55.443759999994654	15.706323999999995	16022	968	0.01699	51.24365899999975	4.200100999994902	0.01597	0.00102	
relay-context-projection/tests/008.test.mjs	drained	complete	12004	3116	229111.76910900002	231087.81046900002	1976.041360000003	1908.1013229999999	2367824	259107	2.626931	2007.103987999988	-31.062627999985125	2.634229	-0.007298000000000027	
relay-context-projection/tests/009.test.mjs	drained	complete	12035	3116	230653.391566	230713.29638400002	59.90481800000998	14.982028	15074	1127	0.016201	63.068258999992395	-3.163440999982413	0.016538	-0.0003370000000000005	
relay-incumbency/tests/001.test.mjs	drained	complete	12046	3116	230715.61725	230807.758406	92.14115599999786	56.463303	56898	9246	0.066144	89.97782800000277	2.16332799999509	0.064294	0.0018499999999999905	
relay-incumbency/tests/002.test.mjs	drained	complete	12059	3116	230810.31326400003	230928.32093500003	118.00767099999939	71.650261	70816	10120	0.080936	95.72103899999638	22.28663200000301	0.068906	0.012029999999999999	
relay-incumbency/tests/003.test.mjs	drained	complete	12078	3116	230931.001993	231026.054819	95.05282599999919	58.185888	62457	5837	0.068294	100.06226099998457	-5.0094349999853875	0.06487	0.0034239999999999965	
relay-incumbency/tests/004.test.mjs	drained	complete	12094	3116	231028.646098	231147.06238400002	118.4162860000215	75.807029	77982	2996	0.080978	126.40681000001496	-7.9905239999934565	0.070592	0.010385999999999992	
relay-incumbency/tests/005.test.mjs	drained	complete	12105	3116	231090.08424700002	231205.21041200001	115.12616499999422	60.979701	64539	4332	0.068871	97.50496200000634	17.621202999987872	0.067322	0.0015489999999999948	
relay-incumbency/tests/006.test.mjs	drained	complete	12116	3116	231149.261172	231247.70806	98.44688800000586	57.98335900000001	59205	8491	0.067696	105.11984500000835	-6.672957000002498	0.068876	-0.0011800000000000005	
relay-incumbency/tests/008.test.mjs	drained	complete	12127	3116	231209.933117	231303.15008400002	93.21696700001485	57.264438999999996	56794	9947	0.066741	120.51058299999568	-27.29361599998083	0.071967	-0.005226000000000008	
relay-incumbency/tests/009.test.mjs	drained	complete	12138	3116	231252.269536	231347.197855	94.92831899999874	57.028541999999995	61636	4422	0.066058	119.05196100001922	-24.12364200002048	0.08306	-0.01700199999999999	
relay-incumbency/tests/010.test.mjs	drained	complete	12149	3116	231305.543787	231398.171223	92.62743600000977	56.370850000000004	59941	6107	0.066048	107.29839099998935	-14.670954999979585	0.072616	-0.006568000000000004	
relay-incumbency/tests/011.test.mjs	drained	complete	12160	3116	231350.245383	231446.25627500002	96.01089200002025	59.079772	60119	8590	0.068709	108.04960100000608	-12.038708999985829	0.07914	-0.010430999999999996	
relay-incumbency/tests/012.test.mjs	drained	complete	12171	3116	231402.354127	231490.84167700002	88.48755000001984	54.711799000000006	61327	2957	0.064284	122.56315400000312	-34.07560399998329	0.076479	-0.012195000000000011	
relay-incumbency/tests/013.test.mjs	drained	complete	12182	3116	231450.174363	231553.985277	103.8109140000015	63.828857000000006	67005	6998	0.074003	113.5137870000035	-9.702873000002	0.074289	-0.0002859999999999946	
relay-retirement/tests/001.test.mjs	drained	complete	12193	3116	231493.00752	231544.06209700002	51.05457700000261	16.201331999999997	15887	980	0.016867	55.5235340000072	-4.468957000004593	0.018935	-0.0020680000000000004	
relay-retirement/tests/002.test.mjs	drained	complete	12204	3116	231546.47907	233452.99670100003	1906.5176310000243	1830.201922	2216934	225765	2.442699	1869.5171440000122	37.00048700001207	2.471193	-0.028493999999999797	
relay-retirement/tests/003.test.mjs	drained	complete	12210	3116	231556.33586300001	233585.385359	2029.0494959999924	1956.535267	2399618	278557	2.678175	1994.2803330000024	34.76916299998993	2.643015	0.03515999999999986	
relay-retirement/tests/004.test.mjs	drained	complete	12253	3116	233456.76984700002	235470.47648100002	2013.706634000002	1947.877428	2401662	246783	2.648445	2032.158534999995	-18.451900999993086	2.677748	-0.029302999999999635	
relay-retirement/tests/007.test.mjs	drained	complete	12269	3116	233589.016848	233716.730738	127.71389000001363	69.801582	74061	12850	0.086911	131.32571199999074	-3.61182199997711	0.091946	-0.005034999999999998	
relay-retirement/tests/008.test.mjs	drained	complete	12280	3116	233719.422892	237228.624879	3509.2019870000076	3443.144148	3837084	470944	4.308028	3576.120022999996	-66.9180359999882	4.341082	-0.03305399999999992	
relay-retirement/tests/009.test.mjs	drained	complete	12313	3116	235474.196024	236409.83638800003	935.6403640000208	877.204644	1211683	115268	1.326951	975.537582000019	-39.89721799999825	1.365073	-0.03812199999999999	
repository-investigation/tests/001.test.mjs	drained	complete	12351	3116	236413.144512	236461.470799	48.326287000003504	14.899975999999999	13887	2303	0.01619	51.686086000001524	-3.35979899999802	0.017183	-0.0009930000000000008	
repository-investigation/tests/002.test.mjs	drained	complete	12363	3116	236463.644187	236597.93604200002	134.29185500001768	94.169684	65167	7742	0.072909	123.450582999998	10.841272000019671	0.065995	0.0069140000000000035	
repository-investigation/tests/003.test.mjs	drained	complete	12382	3116	236600.350122	236660.602296	60.25217399999383	15.800733000000001	15692	0	0.015692	51.95208499999717	8.30008899999666	0.016501	-0.0008089999999999972	
repository-investigation/tests/004.test.mjs	drained	complete	12393	3116	236663.064336	236716.46611500002	53.40177900000708	15.968225999999998	14363	2860	0.017223	56.63999100000365	-3.2382119999965653	0.016877	0.0003459999999999991	
repository-investigation/tests/005.test.mjs	drained	complete	12409	3116	236718.600951	236775.368488	56.767537000006996	14.253847	13608	1877	0.015485	56.02934699997422	0.7381900000327732	0.016718	-0.0012329999999999997	
repository-investigation/tests/006.test.mjs	drained	complete	12420	3116	236778.25553300002	236934.437517	156.18198399999528	105.21682299999999	122503	16883	0.139386	133.57782700000098	22.604156999994302	0.129922	0.009464	
repository-investigation/tests/007.test.mjs	drained	complete	12440	3116	236937.13185200002	237074.05507	136.92321799998172	93.11257499999999	114800	11871	0.126671	150.03092000001925	-13.107702000037534	0.137786	-0.011114999999999986	
repository-investigation/tests/008.test.mjs	drained	complete	12458	3116	237076.336912	237206.84021400003	130.50330200002645	93.195617	113353	13594	0.126947	129.51585300001898	0.9874490000074729	0.119815	0.0071319999999999995	
repository-investigation/tests/009.test.mjs	drained	complete	12469	3116	237209.746856	237556.30532900002	346.5584730000119	304.22316800000004	331037	32510	0.363547	352.6917689999973	-6.133295999985421	0.375805	-0.012257999999999991	
repository-programming/tests/001.test.mjs	drained	complete	12476	3116	237230.96884400002	237502.12229200001	271.1534479999973	232.82778399999998	328776	44663	0.373439	292.67175899998983	-21.518310999992536	0.381845	-0.008405999999999969	
repository-programming/tests/002.test.mjs	drained	complete	12491	3116	237505.15251500002	238129.24104000002	624.0885249999992	576.716405	707786	85524	0.79331	642.0864430000074	-17.997918000008212	0.799965	-0.0066550000000000775	
repository-programming/tests/003.test.mjs	drained	complete	12502	3116	237559.148202	237757.729089	198.58088699998916	152.938912	187855	23474	0.211329	193.91930400001002	4.661582999979146	0.21742	-0.006091000000000013	
repository-programming/tests/004.test.mjs	drained	complete	12513	3116	237760.159319	237905.562944	145.4036250000063	107.114674	137650	15570	0.15322	140.41532400000142	4.988301000004867	0.146698	0.006522	
repository-programming/tests/005.test.mjs	drained	complete	12524	3116	237908.13067100002	238151.137098	243.0064269999857	204.878274	250249	26298	0.276547	270.6861569999892	-27.679730000003474	0.286477	-0.009929999999999994	
repository-programming/tests/006.test.mjs	drained	complete	12535	3116	238132.475737	238531.48379	399.00805299999774	353.77185599999996	383433	16132	0.399565	402.66608900000574	-3.6580360000079963	0.395672	0.00389299999999998	
repository-programming/tests/007.test.mjs	drained	complete	12541	3116	238153.58951000002	238560.595848	407.0063379999774	361.34381800000006	430486	55942	0.486428	401.119234999991	5.887102999986382	0.485457	0.0009709999999999996	
repository-programming/tests/008.test.mjs	drained	complete	12568	3116	238534.79210400002	238709.491851	174.69974699997692	128.417403	154599	15669	0.170268	173.4211490000016	1.278597999975318	0.175581	-0.005312999999999984	
repository-programming/tests/009.test.mjs	drained	complete	12576	3116	238563.789663	238717.325137	153.5354740000039	115.59189799999999	146935	16642	0.163577	159.92792600000394	-6.392452000000048	0.164392	-0.0008150000000000102	
repository-programming/tests/010.test.mjs	drained	complete	12591	3116	238712.408331	238900.400196	187.99186499998905	145.70443799999998	169534	16968	0.186502	193.83039100002497	-5.838526000035927	0.193167	-0.006665000000000004	
repository-programming/tests/011.test.mjs	drained	complete	12597	3116	238719.82901400002	239090.529126	370.70011199999135	329.949098	397432	36682	0.434114	366.5177149999945	4.182396999996854	0.431849	0.002265000000000017	
repository-programming/tests/012.test.mjs	drained	complete	12613	3116	238903.004151	239293.64561500002	390.6414640000148	343.818227	408585	46322	0.454907	377.95169799998985	12.689766000024974	0.439697	0.015210000000000001	
repository-programming/tests/013.test.mjs	drained	complete	12631	3116	239094.810812	239479.533835	384.72302299999865	334.27774500000004	383261	48250	0.431511	369.4639399999869	15.259083000011742	0.433267	-0.0017560000000000353	
repository-programming/tests/014.test.mjs	drained	complete	12643	3116	239296.526458	239686.490907	389.9644489999919	350.48806099999996	434343	40572	0.474915	390.3037479999766	-0.33929899998474866	0.482278	-0.007363000000000008	
repository-programming/tests/015.test.mjs	drained	complete	12656	3116	239482.06854100002	239884.83331400002	402.7647730000026	355.34093	401557	43134	0.444691	399.27461200000835	3.4901609999942593	0.443202	0.001489000000000018	
repository-programming/tests/016.test.mjs	drained	complete	12671	3116	239689.119148	240114.08949100002	424.9703430000227	378.47150899999997	468978	55089	0.524067	422.2877819999994	2.68256100002327	0.538714	-0.014647000000000077	
repository-programming/tests/017.test.mjs	drained	complete	12684	3116	239884.920407	240075.467493	190.54708600000595	149.18605200000002	171480	26647	0.198127	195.95636899999226	-5.409282999986317	0.202711	-0.004584000000000005	
repository-programming/tests/018.test.mjs	drained	complete	12700	3116	240078.194786	240436.986069	358.79128299999866	314.847602	378540	45199	0.423739	381.32870099999127	-22.537417999992613	0.439237	-0.015498000000000012	
repository-programming/tests/019.test.mjs	drained	complete	12713	3116	240116.475929	240492.035108	375.5591790000035	335.31080899999995	411820	52203	0.464023	380.09481999999844	-4.535640999994939	0.465252	-0.00122899999999998	
repository-programming/tests/020.test.mjs	drained	complete	12728	3116	240439.795174	240907.11659800002	467.3214240000234	422.2857	468384	71401	0.539785	508.24308899999596	-40.92166499997256	0.574224	-0.034439	
repository-programming/tests/021.test.mjs	drained	complete	12741	3116	240495.096951	240552.438666	57.341714999987744	21.430081	21397	1934	0.023331	66.17683599999873	-8.835121000010986	0.022255	0.0010760000000000006	
repository-programming/tests/022.test.mjs	drained	complete	12752	3116	240556.794491	240720.169131	163.37463999999454	125.20665600000001	146269	21854	0.168123	174.91130999999586	-11.536670000001322	0.187861	-0.019738000000000006	
repository-programming/tests/023.test.mjs	drained	complete	12763	3116	240723.106023	241029.54562000002	306.4395970000187	266.11212	321316	46793	0.368109	293.67346600000747	12.766131000011228	0.363643	0.0044660000000000255	
repository-programming/tests/024.test.mjs	drained	complete	12776	3116	240909.715945	241247.507495	337.79154999999446	285.977872	339949	47541	0.38749	337.4640190000064	0.32753099998808466	0.400749	-0.01325900000000002	
repository-programming/tests/025.test.mjs	drained	complete	12795	3116	241031.88874700002	241406.066289	374.17754199999035	329.849335	354071	47767	0.401838	380.0897160000168	-5.912174000026425	0.407319	-0.005481000000000014	
repository-programming/tests/026.test.mjs	drained	complete	12819	3116	241250.29299000002	241393.279129	142.986138999986	104.16564300000002	125114	17015	0.142129	146.68107500000042	-3.6949360000144225	0.139359	0.0027699999999999947	
repository-programming/tests/027.test.mjs	drained	complete	12830	3116	241395.73962600002	241561.143168	165.40354199998546	126.208361	156676	18287	0.174963	161.61532499999157	3.7882169999938924	0.175	-0.00003699999999998149	
requirement-grounding/tests/001.test.mjs	drained	complete	12836	3116	241408.829643	241498.78991000002	89.96026700001676	52.871155	51921	8977	0.060898	104.03770799998892	-14.077440999972168	0.073724	-0.012825999999999997	
requirement-grounding/tests/002.test.mjs	drained	complete	12852	3116	241506.78336600002	241619.797591	113.01422499999171	63.740305	65591	7943	0.073534	106.26184699998703	6.752378000004683	0.071719	0.0018149999999999972	
requirement-grounding/tests/003.test.mjs	drained	complete	12863	3116	241563.775677	241658.259686	94.48400900000706	56.065677	59487	5924	0.065411	92.86935000002268	1.6146589999843854	0.06631	-0.000898999999999997	
requirement-grounding/tests/004.test.mjs	drained	complete	12874	3116	241622.508937	241715.64712100002	93.13818400001037	55.972320999999994	48882	14635	0.063517	92.19223900002544	0.9459449999849312	0.061307	0.0022100000000000036	
requirement-grounding/tests/005.test.mjs	drained	complete	12885	3116	241661.420764	242119.759827	458.33906299999217	410.715953	656924	55065	0.711989	474.7721930000116	-16.433130000019446	0.742062	-0.030073000000000016	
requirement-grounding/tests/006.test.mjs	drained	complete	12896	3116	241718.29078	244635.89963200002	2917.608852000005	2852.453142	3565655	330908	3.896563	3001.8611279999895	-84.2522759999847	3.914956	-0.018393000000000104	
requirement-grounding/tests/007.test.mjs	drained	complete	12907	3116	242122.88520800002	273337.857631	31214.97242299997	31130.215429	17678225	1629748	19.307973	31197.04878099996	17.92364200000884	19.486169	-0.1781959999999998	
requirement-grounding/tests/008.test.mjs	drained	complete	12933	3116	244639.819041	246705.098081	2065.279039999994	1999.386057	2676879	271680	2.948559	2030.4644250000129	34.81461499998113	2.908961	0.0395979999999998	
requirement-grounding/tests/009.test.mjs	drained	complete	12957	3116	246709.196655	247157.542067	448.3454119999951	396.75519999999995	643804	48074	0.691878	474.29117899999255	-25.94576699999743	0.704575	-0.012696999999999958	
requirement-grounding/tests/010.test.mjs	drained	complete	12971	3116	247160.888015	247680.91049900002	520.0224840000155	476.61712700000004	775778	69318	0.845096	507.45103800002835	12.57144599998719	0.790178	0.05491799999999991	
requirement-grounding/tests/011.test.mjs	drained	complete	12985	3116	247683.430006	253475.426898	5791.996891999996	5723.948085999999	3894774	343936	4.23871	5855.435375000001	-63.43848300000536	4.266662	-0.027951999999999977	
requirement-grounding/tests/012.test.mjs	drained	complete	13059	3116	253478.14629	262286.864099	8808.717808999994	8751.885494	798957	81295	0.880252	8991.90020600002	-183.18239700002596	0.889795	-0.009542999999999968	
requirement-system/tests/001.test.mjs	drained	complete	13166	3116	262290.84896	262378.29476699996	87.44580699998187	37.07400500000001	35418	6861	0.042279	69.07561100000748	18.370195999974385	0.036049	0.006229999999999999	
requirement-system/tests/004.test.mjs	drained	complete	13177	3116	262380.679221	262451.294595	70.61537399998633	33.740714	32480	2741	0.035221	73.33808799996041	-2.7227139999740757	0.035428	-0.00020699999999999885	
requirement-system/tests/005.test.mjs	drained	complete	13190	3116	262454.145714	262528.257184	74.11147000000346	24.835704000000007	22888	2272	0.02516	63.316285000008065	10.7951849999954	0.021654	0.0035059999999999987	
requirement-system/tests/006.test.mjs	drained	complete	13201	3116	262532.03122999996	262631.24662299996	99.21539299999131	47.761334	30712	7471	0.038183	73.39324599999236	25.82214699999895	0.03387	0.004313000000000004	
requirement-system/tests/007.test.mjs	drained	complete	13212	3116	262638.508469	262711.724924	73.21645499998704	21.77525	18278	3058	0.021336	73.35534800001187	-0.1388930000248365	0.018847	0.0024890000000000016	
requirement-system/tests/008.test.mjs	drained	complete	13223	3116	262717.77295799996	262793.205886	75.43292800005293	26.512830000000008	24827	2970	0.027797	57.97604500001762	17.456883000035305	0.022401	0.005395999999999998	
requirement-system/tests/011.test.mjs	drained	complete	13234	3116	262796.06182299997	262852.044871	55.9830480000237	16.462353	14066	3709	0.017775	56.80728700000327	-0.8242389999795705	0.017941	-0.00016599999999999948	
requirement-system/tests/017.test.mjs	drained	complete	13249	3116	262854.961869	264513.625184	1658.6633150000125	1613.112253	2313130	117800	2.43093	1560.3947749999934	98.26854000001913	2.385502	0.045428000000000246	
requirement-system/tests/018.test.mjs	drained	complete	13262	3116	264516.511642	264587.90989199997	71.39824999996927	28.852821000000006	29415	1145	0.03056	87.67767500004265	-16.279425000073388	0.040309	-0.009748999999999997	
semantic-trace/tests/001.test.mjs	drained	complete	13273	3116	264590.82358699996	265037.416568	446.5929810000234	400.72598600000003	513272	41138	0.55441	485.92642600002	-39.33344499999657	0.615366	-0.06095600000000001	
semantic-trace/tests/002.test.mjs	drained	complete	13298	3116	265041.25044599996	265653.08450299996	611.834057	561.9097740000001	853784	70884	0.924668	651.9530270000105	-40.11897000001045	0.931013	-0.006344999999999934	
semantic-trace/tests/003.test.mjs	drained	complete	13309	3116	265655.797874	266161.125718	505.327844000014	462.11681	622714	42477	0.665191	481.0122310000006	24.3156130000134	0.675395	-0.01020399999999999	
semantic-trace/tests/004.test.mjs	drained	complete	13322	3116	266164.40171199996	266473.214401	308.81268900004216	268.913672	316983	44726	0.361709	336.1142950000358	-27.301605999993626	0.390227	-0.028517999999999988	
semantic-trace/tests/005.test.mjs	drained	complete	13333	3116	266478.188204	266772.284635	294.09643099998357	247.32921899999997	311207	34808	0.346015	375.7309000000241	-81.63446900004055	0.3958	-0.04978499999999997	
semantic-trace/tests/006.test.mjs	drained	complete	13344	3116	266774.779116	267083.684295	308.90517899999395	263.92254	333653	32386	0.366039	339.82972300000256	-30.92454400000861	0.383003	-0.01696399999999998	
semantic-trace/tests/007.test.mjs	drained	complete	13357	3116	267088.847091	267717.833936	628.9868450000067	571.5757040000001	829852	69672	0.899524	589.9334630000521	39.05338199995458	0.936927	-0.037402999999999964	
semantic-trace/tests/008.test.mjs	drained	complete	13372	3116	267720.343181	267769.77405	49.430869000032544	14.947556000000002	16208	0	0.016208	50.30401699995855	-0.8731479999260046	0.016471	-0.00026299999999999935	
semantic-trace/tests/009.test.mjs	drained	complete	13395	3116	267772.355713	268094.826296	322.4705829999875	282.08616700000005	323841	31185	0.355026	327.2732010000036	-4.802618000016082	0.374018	-0.01899200000000001	
semantic-trace/tests/010.test.mjs	drained	complete	13408	3116	268095.808315	268585.677529	489.86921400000574	438.23922500000003	637632	65116	0.702748	433.24257699999725	56.626637000008486	0.618719	0.08402900000000002	
semantic-trace/tests/011.test.mjs	drained	complete	13419	3116	268589.11087699997	268656.86819899996	67.75732199999038	22.256971999999998	20135	0	0.020135	72.9799650000059	-5.222643000015523	0.021562	-0.0014270000000000012	
semantic-trace/tests/012.test.mjs	drained	complete	13430	3116	268660.043294	268722.761694	62.71840000001248	18.919522999999998	18647	1850	0.020497	74.92374599998584	-12.20534599997336	0.022423	-0.0019259999999999972	
session-ontology/tests/001.test.mjs	drained	complete	13442	3116	268726.23950599995	268857.129721	130.89021500002127	72.46168	75984	4858	0.080842	133.21245300001465	-2.3222379999933764	0.080912	-0.00007000000000000062	
session-ontology/tests/002.test.mjs	drained	complete	13453	3116	268861.212234	268985.604352	124.39211800001794	74.037463	72020	8505	0.080525	92.53090800001519	31.861210000002757	0.060111	0.020414	
session-ontology/tests/003.test.mjs	drained	complete	13464	3116	268988.75856399996	269111.28804899997	122.52948500000639	77.91031100000001	74735	5947	0.080682	88.18782699998701	34.34165800001938	0.060737	0.019945000000000004	
session-ontology/tests/004.test.mjs	drained	complete	13475	3116	269115.19728799997	269243.141467	127.94417900004191	73.39949899999999	69799	8909	0.078708	110.50524399999995	17.438935000041965	0.070747	0.007960999999999996	
session-ontology/tests/005.test.mjs	drained	complete	13486	3116	269246.96407399996	269349.744619	102.7805450000451	55.408657000000005	55039	9673	0.064712	103.78618200001074	-1.0056369999656454	0.068686	-0.003973999999999991	
session-ontology/tests/006.test.mjs	drained	complete	13497	3116	269352.647124	269524.184662	171.53753799997503	132.046245	164975	19400	0.184375	165.75847100000829	5.779066999966744	0.181976	0.0023990000000000122	
session-ontology/tests/007.test.mjs	drained	complete	13508	3116	269526.93439	269632.80475999997	105.87036999996053	67.137617	72032	4447	0.076479	134.0797030000249	-28.209333000064362	0.087636	-0.011157	
session-ontology/tests/008.test.mjs	drained	complete	13519	3116	269636.572795	269781.083011	144.51021600002423	93.56038699999999	90121	13010	0.103131	157.59921699995175	-13.08900099992752	0.104813	-0.001682000000000003	
session-ontology/tests/009.test.mjs	drained	complete	13530	3116	269785.93152499996	269907.825119	121.89359400002286	70.863633	68652	7086	0.075738	107.0335100000375	14.860083999985363	0.070189	0.005548999999999998	
session-ontology/tests/010.test.mjs	drained	complete	13543	3116	269911.512062	270029.822393	118.31033100001514	63.068723	65072	4997	0.070069	91.46779299998889	26.842538000026252	0.061557	0.008512000000000006	
session-ontology/tests/011.test.mjs	drained	complete	13554	3116	270036.179375	270121.234449	85.05507399997441	28.947187000000007	18522	2333	0.020855	69.69484900002135	15.360224999953061	0.021368	-0.000513000000000003	
session-ontology/tests/012.test.mjs	drained	complete	13565	3116	270124.143506	270212.883628	88.74012199998833	51.25594	57040	1974	0.059014	91.20952600002056	-2.4694040000322275	0.06272	-0.003706000000000001	
session-ontology/tests/014.test.mjs	drained	complete	13576	3116	270215.996185	270266.60589099996	50.60970599995926	14.657663	14568	1104	0.015672	51.4383449999732	-0.8286390000139363	0.015487	0.00018499999999999767	
speculative-investigation/tests/001.test.mjs	drained	complete	13591	3116	270269.459744	270625.60495199997	356.1452079999726	308.84258700000004	398442	56824	0.455266	358.6750549999997	-2.5298470000270754	0.437255	0.018011	
speculative-investigation/tests/002.test.mjs	drained	complete	13616	3116	270628.57898	271687.29538599995	1058.7164059999632	997.690147	1019119	168232	1.187351	966.1783130000113	92.53809299995191	1.108079	0.07927200000000001	
speculative-investigation/tests/003.test.mjs	drained	complete	13628	3116	271690.402811	272093.917217	403.51440599997295	352.520191	371080	44617	0.415697	311.30879099998856	92.20561499998439	0.352573	0.06312399999999996	
speculative-investigation/tests/004.test.mjs	drained	complete	13639	3116	272096.3917	272639.105529	542.7138290000148	495.36816400000004	610654	51740	0.662394	536.6301070000045	6.083722000010312	0.655967	0.0064270000000000715	
speculative-investigation/tests/005.test.mjs	drained	complete	13652	3116	272643.024767	273205.837987	562.8132200000109	506.541884	538000	64642	0.602642	554.5823360000504	8.230883999960497	0.595626	0.007016000000000022	
speculative-investigation/tests/006.test.mjs	drained	complete	13667	3116	273208.775892	273669.684027	460.908134999976	414.682817	475411	58666	0.534077	469.2027629999793	-8.294628000003286	0.542518	-0.00844099999999992	
speculative-investigation/tests/007.test.mjs	drained	complete	13678	3116	273341.266663	273762.567307	421.30064400000265	374.225716	437448	58726	0.496174	437.2549799999688	-15.954335999966133	0.513334	-0.017159999999999953	
speculative-investigation/tests/008.test.mjs	drained	complete	13689	3116	273672.386276	274157.10689399997	484.720617999963	435.91031499999997	500651	45906	0.546557	476.4856209999998	8.234996999963187	0.554665	-0.008108000000000004	
speculative-investigation/tests/009.test.mjs	drained	complete	13700	3116	273765.58178099996	275840.884767	2075.3029860000242	1980.580651	2548819	220817	2.769636	2077.1909180000075	-1.887931999983266	2.831805	-0.06216899999999992	
speculative-investigation/tests/010.test.mjs	drained	complete	13711	3116	274159.62618099997	274413.249909	253.62372800003504	213.67001299999998	272186	24227	0.296413	261.6301969999913	-8.006468999956269	0.3055	-0.009087000000000012	
speculative-investigation/tests/011.test.mjs	drained	complete	13723	3116	274416.85418699996	275364.319118	947.4649310000241	889.9654390000001	1031334	127914	1.159248	950.7966430000379	-3.3317120000137947	1.163865	-0.004616999999999871	
speculative-investigation/tests/012.test.mjs	drained	complete	13736	3116	275367.112668	276322.73898699996	955.6263189999736	896.988167	957348	134916	1.092264	947.4945000000298	8.131818999943789	1.102326	-0.010062000000000015	
speculative-investigation/tests/013.test.mjs	drained	complete	13747	3116	275843.592266	280970.39551299997	5126.803246999974	5009.638647999999	5533969	637465	6.171434	4881.9410200000275	244.86222699994687	5.968449	0.20298499999999997	
speculative-investigation/tests/014.test.mjs	drained	complete	13758	3116	276325.437896	276565.023297	239.58540099998936	201.307297	261533	23026	0.284559	249.94959599996218	-10.364194999972824	0.282144	0.0024150000000000005	
speculative-investigation/tests/015.test.mjs	drained	complete	13769	3116	276567.613493	278045.301048	1477.6875550000113	1435.263426	453116	73324	0.52644	1481.108984999999	-3.421429999987595	0.527148	-0.0007079999999999309	
speculative-investigation/tests/016.test.mjs	drained	complete	13806	3116	278047.960377	278971.279325	923.3189480000292	856.868702	972002	134143	1.106145	892.8940429999493	30.42490500007989	1.084487	0.021657999999999955	
speculative-investigation/tests/020.test.mjs	drained	complete	13821	3116	278974.00465799996	279544.497753	570.4930950000416	517.994648	866298	58868	0.925166	537.3712510000332	33.12184400000842	0.917551	0.007615000000000038	
sphinx-v2/tests/001.test.mjs	drained	complete	13835	3116	279547.29982899997	279902.58280699997	355.2829780000029	314.845325	392991	47743	0.440734	379.72652100003324	-24.44354300003033	0.450651	-0.00991700000000001	
sphinx-v2/tests/002.test.mjs	drained	complete	13848	3116	279905.186963	280048.01585699996	142.82889399997657	105.02058300000002	125207	10681	0.135888	138.10844300000463	4.720450999971945	0.136556	-0.0006680000000000019	
sphinx-v2/tests/004.test.mjs	drained	complete	13859	3116	280050.556023	280406.407221	355.8511980000185	311.359769	385483	36255	0.421738	351.2044360000291	4.646761999989394	0.428289	-0.0065509999999999735	
sphinx-v2/tests/007.test.mjs	drained	complete	13872	3116	280409.52969299996	280807.127857	397.59816400002455	354.755807	468578	45335	0.513913	406.49807700002566	-8.899913000001106	0.521711	-0.007798000000000083	
sphinx-v2/tests/010.test.mjs	drained	complete	13885	3116	280810.137879	281658.19267699996	848.0547979999683	800.7314630000001	1043572	116538	1.16011	864.2683209999814	-16.213523000013083	1.156864	0.003246000000000082	
sphinx-v2/tests/011.test.mjs	drained	complete	13897	3116	280973.17663999996	281336.05237399996	362.8757340000011	316.417057	365086	48623	0.413709	337.44516800000565	25.43056599999545	0.406903	0.006805999999999979	
sphinx-v2/tests/012.test.mjs	drained	complete	13908	3116	281339.61671699997	281412.067535	72.45081800001208	20.642567999999997	22237	0	0.022237	64.20333500002744	8.24748299998464	0.022472	-0.0002349999999999991	
sphinx-v2/tests/013.test.mjs	drained	complete	13919	3116	281415.77687	281542.462666	126.68579600000521	84.910215	92841	7627	0.100468	124.96448700001929	1.7213089999859221	0.098221	0.002246999999999999	
sphinx-v2/tests/014.test.mjs	drained	complete	13930	3116	281544.939066	281719.825706	174.88663999998244	122.962241	135642	16200	0.151842	182.38381199998548	-7.497172000003047	0.162426	-0.010583999999999982	
sphinx-v2/tests/017.test.mjs	drained	complete	13941	3116	281663.00328299997	282198.34263699997	535.3393539999961	476.745421	619977	64713	0.68469	524.2170579999802	11.122296000015922	0.669686	0.015004000000000017	
sphinx-v2/tests/018.test.mjs	drained	complete	13952	3116	281730.964581	281867.099175	136.13459400000283	87.41772900000001	103234	7049	0.110283	134.1308560000034	2.00373799999943	0.114433	-0.004150000000000001	
sphinx-v2/tests/019.test.mjs	drained	complete	13963	3116	281870.768996	282985.586341	1114.8173449999886	1059.256233	1323921	123185	1.447106	1096.9508279999718	17.866517000016756	1.450365	-0.003258999999999901	
sphinx-v2/tests/020.test.mjs	drained	complete	13974	3116	282201.763061	282966.029756	764.2666949999984	717.108474	906774	85056	0.99183	771.643310000014	-7.37661500001559	0.971846	0.019984000000000002	
sphinx-v2/tests/021.test.mjs	drained	complete	13985	3116	282968.790194	283096.496584	127.70639000000665	84.283151	91577	10974	0.102551	113.55050200002734	14.155887999979313	0.089822	0.012729000000000004	
sphinx-v2/tests/022.test.mjs	drained	complete	13991	3116	282988.138589	283061.011687	72.87309800001094	20.552410000000002	20113	2007	0.02212	57.938321999972686	14.934776000038255	0.016372	0.005748	
sphinx-v2/tests/023.test.mjs	drained	complete	14007	3116	283063.237284	283200.961938	137.72465400001965	94.94138000000001	119950	16250	0.1362	150.4158929999685	-12.691238999948837	0.14265	-0.006450000000000011	
sphinx-v2/tests/025.test.mjs	drained	complete	14014	3116	283100.20746199996	283245.955522	145.74806000001263	107.78237100000001	131280	13416	0.144696	153.95393700001296	-8.205877000000328	0.141585	0.0031110000000000027	
sphinx-v2/tests/026.test.mjs	drained	complete	14029	3116	283204.131382	283337.112051	132.9806690000114	93.217672	119098	11105	0.130203	147.2050530000124	-14.22438400000101	0.141786	-0.011582999999999982	
sphinx-v2/tests/029.test.mjs	drained	complete	14040	3116	283248.12257899996	283378.650181	130.5276020000456	93.71222	121810	5062	0.126872	143.11927399999695	-12.591671999951359	0.139802	-0.012929999999999997	
sphinx-v2/tests/033.test.mjs	drained	complete	14051	3116	283340.322832	285467.139728	2126.816896000004	2080.737854	422004	57897	0.479901	2251.5946550000226	-124.7777590000187	0.510277	-0.03037599999999996	
sphinx-v2/tests/034.test.mjs	drained	complete	14062	3116	283382.76995499997	283524.605384	141.83542900002794	104.82286	126591	15397	0.141988	154.50948499998776	-12.674055999959819	0.148852	-0.006864000000000009	
sphinx-v2/tests/036.test.mjs	drained	complete	14073	3116	283527.467727	286507.056231	2979.588503999985	2915.295628	806575	92405	0.89898	3172.386707000027	-192.79820300004212	0.993511	-0.09453100000000003	
structured-workflow/tests/003.test.mjs	drained	complete	14144	3116	285470.172096	285620.941779	150.76968299999135	109.164773	136930	17907	0.154837	164.9657110000262	-14.196028000034858	0.169361	-0.014524000000000009	
structured-workflow/tests/004.test.mjs	drained	complete	14162	3116	285623.842236	285778.483688	154.64145200001076	118.00918499999999	146364	23171	0.169535	182.0703280000016	-27.42887599999085	0.1792	-0.009665000000000007	
structured-workflow/tests/005.test.mjs	drained	complete	14173	3116	285781.29326199996	286275.762083	494.46882100001676	451.907815	546019	70863	0.616882	577.1747689999756	-82.70594799995888	0.690844	-0.07396199999999997	
structured-workflow/tests/006.test.mjs	drained	complete	14191	3116	286278.51059799996	286786.41960799997	507.90901000000304	453.751742	566869	71484	0.638353	517.8679739999934	-9.958963999990374	0.651151	-0.012798000000000087	
structured-workflow/tests/009.test.mjs	drained	complete	14202	3116	286509.90233899996	286641.83555799996	131.93321899999864	90.879276	115232	11549	0.126781	132.03773099998944	-0.10451199999079108	0.126853	-0.00007199999999998874	
structured-workflow/tests/010.test.mjs	drained	complete	14213	3116	286644.78683999996	287200.59060299996	555.8037630000035	511.45009899999997	398599	32189	0.430788	567.985721999954	-12.181958999950439	0.43974	-0.008952000000000016	
structured-workflow/tests/011.test.mjs	drained	complete	14224	3116	286788.960835	287030.214078	241.25324300001375	203.849384	220826	53475	0.274301	270.02349300001515	-28.770250000001397	0.293314	-0.019013000000000002	
structured-workflow/tests/012.test.mjs	drained	complete	14235	3116	287032.604934	289397.27431999997	2364.669385999965	2315.821761	901167	268555	1.169722	2504.1591539999936	-139.48976800002856	1.264184	-0.09446200000000005	
structured-workflow/tests/013.test.mjs	drained	complete	14246	3116	287203.302937	287451.11035	247.80741299997317	200.667406	224779	41318	0.266097	255.6264230000088	-7.819010000035632	0.286672	-0.02057500000000001	
structured-workflow/tests/014.test.mjs	drained	complete	14257	3116	287453.757987	289089.05933099997	1635.3013439999777	1591.186163	1883154	64377	1.947531	1735.4847629999858	-100.18341900000814	2.048796	-0.10126499999999994	
structured-workflow/tests/015.test.mjs	drained	complete	14320	3116	289091.545084	289241.905416	150.3603320000111	108.44105899999998	125943	9294	0.135237	152.27949499996612	-1.919162999955006	0.144524	-0.009287000000000017	
structured-workflow/tests/016.test.mjs	drained	complete	14331	3116	289244.166469	289317.777319	73.6108499999973	20.312236999999996	19934	1997	0.021931	66.15886900003534	7.451980999961961	0.021045	0.0008859999999999979	
structured-workflow/tests/018.test.mjs	drained	complete	14346	3116	289320.27159899997	289370.728031	50.45643200003542	14.786822999999998	16502	45	0.016547	83.33607499999925	-32.879642999963835	0.020629	-0.004082000000000002	
structured-workflow/tests/019.test.mjs	drained	complete	14367	3116	289374.152061	289461.363931	87.21186999999918	48.153317	51689	6080	0.057769	90.21426699997392	-3.002396999974735	0.059658	-0.0018890000000000018	
time-capability/tests/001.test.mjs	drained	complete	14374	3116	289400.426046	289525.910753	125.48470700002508	84.04376299999998	100204	15043	0.115247	135.6772930000443	-10.192586000019219	0.124128	-0.008881	
time-capability/tests/002.test.mjs	drained	complete	14389	3116	289464.57289899996	289535.834191	71.26129200001014	34.129569000000004	33597	5161	0.038758	77.1934669999755	-5.932174999965355	0.041081	-0.0023229999999999987	
time-capability/tests/003.test.mjs	drained	complete	14400	3116	289528.572015	289683.460113	154.8880980000249	116.32234	138803	11928	0.150731	156.67096199997468	-1.7828639999497682	0.147565	0.003166000000000002	
time-capability/tests/004.test.mjs	drained	complete	14406	3116	289538.05218299996	289766.623234	228.57105100003537	188.704539	184954	46210	0.231164	230.20347499998752	-1.6324239999521524	0.231677	-0.0005129999999999857	
time-capability/tests/005.test.mjs	drained	complete	14422	3116	289685.92828399997	289816.299104	130.370820000011	90.328465	108752	14233	0.122985	129.61343800002942	0.7573819999815896	0.124163	-0.0011779999999999985	
time-capability/tests/006.test.mjs	drained	complete	14433	3116	289769.677111	289941.842531	172.1654199999757	120.327201	148491	13101	0.161592	171.6823629999999	0.4830569999758154	0.164658	-0.0030659999999999854	
time-capability/tests/007.test.mjs	drained	complete	14444	3116	289819.07411	289966.941981	147.86787100002402	103.86166499999999	126734	12846	0.13958	156.99566499999491	-9.12779399997089	0.1481	-0.00852	
time-capability/tests/008.test.mjs	drained	complete	14455	3116	289944.592679	290119.899705	175.30702599999495	130.42382899999998	143805	31826	0.175631	182.57330899999943	-7.266283000004478	0.182021	-0.006389999999999979	
verification-system/tests/002.test.mjs	drained	complete	14462	3116	289969.108236	290030.25997099996	61.15173499996308	23.683185	21216	6074	0.02729	66.67628700000932	-5.524552000046242	0.029308	-0.0020180000000000024	
verification-system/tests/003.test.mjs	drained	complete	14477	3116	290033.170781	290437.525394	404.35461300000316	362.07192	464966	50038	0.515004	438.20874000003096	-33.8541270000278	0.537179	-0.022174999999999945	
verification-system/tests/004.test.mjs	drained	complete	14488	3116	290122.84632799996	290239.897419	117.05109100003028	80.931229	79147	8116	0.087263	123.28039299999364	-6.229301999963354	0.095481	-0.008218000000000003	
verification-system/tests/005.test.mjs	drained	complete	14499	3116	290244.925322	294741.44411599997	4496.518793999974	4455.159683	145077	39513	0.18459	4619.4100409999955	-122.8912470000214	0.196377	-0.011786999999999992	
verification-system/tests/006.test.mjs	active	missing	14518	3116	290440.78679399996	unobserved	unobserved	unobserved	unobserved	unobserved	unobserved	unobserved	unobserved	unobserved	unobserved	Exit observation not received
verification-system/tests/007.test.mjs	drained	complete	15002	3116	294743.859338	295433.83490899997	689.975570999959	643.28733	893567	86117	0.979684	693.4278799999738	-3.452309000014793	1.012324	-0.03264	
verification-system/tests/008.test.mjs	drained	complete	15085	3116	295436.488748	299472.79416	4036.305411999987	3932.6484530000002	5542938	458503	6.001441	unobserved	unobserved	unobserved	unobserved	
verification-system/tests/009.test.mjs	active	missing	15375	3116	299475.68084499997	unobserved	unobserved	unobserved	unobserved	unobserved	unobserved	unobserved	unobserved	unobserved	unobserved	Exit observation not received
