runner: scoped 使用 TESTS_MJS_FILES=225 files
runner: build is current (1798 sources, 886 artifacts)
runner: discovery OVERRIDDEN by TESTS_MJS_FILES (225 file(s))
runner: 225 test file(s), 5000ms verdict-silence window
runner: file lifecycle {"entryFile":"/Users/yuanxi/Workwork/vibe-fs/requirements/capability-enforcement/tests/025.test.mjs","pid":3820,"parentPid":3799,"type":"runner:file-start","elapsedMs":34.402417000000014}
runner: file lifecycle {"entryFile":"/Users/yuanxi/Workwork/vibe-fs/requirements/delegation/tests/001.test.mjs","pid":3820,"parentPid":3799,"type":"runner:file-start","elapsedMs":35.16458299999999}
runner: file lifecycle {"entryFile":"/Users/yuanxi/Workwork/vibe-fs/requirements/delegation/tests/002.test.mjs","pid":3820,"parentPid":3799,"type":"runner:file-start","elapsedMs":36.664874999999995}
runner: file lifecycle {"entryFile":"/Users/yuanxi/Workwork/vibe-fs/requirements/delegation/tests/003.test.mjs","pid":3820,"parentPid":3799,"type":"runner:file-start","elapsedMs":37.14595800000001}
runner: file lifecycle {"entryFile":"/Users/yuanxi/Workwork/vibe-fs/requirements/delegation/tests/004.test.mjs","pid":3820,"parentPid":3799,"type":"runner:file-start","elapsedMs":38.535375000000045}
runner: file lifecycle {"entryFile":"/Users/yuanxi/Workwork/vibe-fs/requirements/delegation/tests/005.test.mjs","pid":3820,"parentPid":3799,"type":"runner:file-start","elapsedMs":39.29529200000002}
runner: file lifecycle {"entryFile":"/Users/yuanxi/Workwork/vibe-fs/requirements/delegation/tests/006.test.mjs","pid":3820,"parentPid":3799,"type":"runner:file-start","elapsedMs":40.56654200000003}
runner: file lifecycle {"entryFile":"/Users/yuanxi/Workwork/vibe-fs/requirements/delegation/tests/007.test.mjs","pid":3820,"parentPid":3799,"type":"runner:file-start","elapsedMs":41.45550000000003}
runner: file lifecycle {"entryFile":"/Users/yuanxi/Workwork/vibe-fs/requirements/delegation/tests/008.test.mjs","pid":3820,"parentPid":3799,"type":"runner:file-start","elapsedMs":42.718083000000036}
runner: file lifecycle {"entryFile":"/Users/yuanxi/Workwork/vibe-fs/requirements/delegation/tests/009.test.mjs","pid":3820,"parentPid":3799,"type":"runner:file-start","elapsedMs":45.798542}
[verification-test-start] {"pid":3822,"parentPid":3820,"entryFile":"/Users/yuanxi/Workwork/vibe-fs/requirements/delegation/tests/001.test.mjs","name":"WHAT[delegation-001] every actual delegation entry specifies charge entitled office logical owner and bounded consequence rather than deriving them from persona labels (GAP-153)","fullName":"WHAT[delegation-001] every actual delegation entry specifies charge entitled office logical owner and bounded consequence rather than deriving them from persona labels (GAP-153)"}
runner: file lifecycle {"entryFile":"/Users/yuanxi/Workwork/vibe-fs/requirements/delegation/tests/001.test.mjs","type":"runner:file-drained","elapsedMs":80.270917}
runner: file lifecycle {"entryFile":"/Users/yuanxi/Workwork/vibe-fs/requirements/delegation/tests/010.test.mjs","pid":3820,"parentPid":3799,"type":"runner:file-start","elapsedMs":82.417167}
[verification-test-start] {"pid":3825,"parentPid":3820,"entryFile":"/Users/yuanxi/Workwork/vibe-fs/requirements/delegation/tests/004.test.mjs","name":"WHAT[delegation-004] the actual tool registry assigns distinct names to commission fork and resume and no name has conflicting contracts (GAP-153)","fullName":"WHAT[delegation-004] the actual tool registry assigns distinct names to commission fork and resume and no name has conflicting contracts (GAP-153)"}
runner: file lifecycle {"entryFile":"/Users/yuanxi/Workwork/vibe-fs/requirements/delegation/tests/004.test.mjs","type":"runner:file-drained","elapsedMs":92.97399999999999}
runner: file lifecycle {"entryFile":"/Users/yuanxi/Workwork/vibe-fs/requirements/delegation/tests/011.test.mjs","pid":3820,"parentPid":3799,"type":"runner:file-start","elapsedMs":95.36375000000004}
[verification-test-start] {"pid":3823,"parentPid":3820,"entryFile":"/Users/yuanxi/Workwork/vibe-fs/requirements/delegation/tests/002.test.mjs","name":"WHAT[delegation-002] DELEG_002_calling_name_preserves_office_authority","fullName":"WHAT[delegation-002] DELEG_002_calling_name_preserves_office_authority"}
runner: file lifecycle {"entryFile":"/Users/yuanxi/Workwork/vibe-fs/requirements/delegation/tests/002.test.mjs","type":"runner:file-drained","elapsedMs":120.26825000000002}
runner: file lifecycle {"entryFile":"/Users/yuanxi/Workwork/vibe-fs/requirements/delegation/tests/012.test.mjs","pid":3820,"parentPid":3799,"type":"runner:file-start","elapsedMs":121.24674999999996}
[verification-test-start] {"pid":3826,"parentPid":3820,"entryFile":"/Users/yuanxi/Workwork/vibe-fs/requirements/delegation/tests/005.test.mjs","name":"WHAT[delegation-005] completed wire presents Byname and record without exposing supplied physical identities","fullName":"WHAT[delegation-005] completed wire presents Byname and record without exposing supplied physical identities"}
[verification-test-start] {"pid":3826,"parentPid":3820,"entryFile":"/Users/yuanxi/Workwork/vibe-fs/requirements/delegation/tests/005.test.mjs","name":"WHAT[delegation-005] all public schemas and success/failure returns exclude physical topology, including missing display-name paths (GAP-153)","fullName":"WHAT[delegation-005] all public schemas and success/failure returns exclude physical topology, including missing display-name paths (GAP-153)"}
runner: file lifecycle {"entryFile":"/Users/yuanxi/Workwork/vibe-fs/requirements/delegation/tests/005.test.mjs","type":"runner:file-drained","elapsedMs":327.64275000000004}
runner: file lifecycle {"entryFile":"/Users/yuanxi/Workwork/vibe-fs/requirements/delegation/tests/013.test.mjs","pid":3820,"parentPid":3799,"type":"runner:file-start","elapsedMs":328.48150000000004}
[verification-test-start] {"pid":3829,"parentPid":3820,"entryFile":"/Users/yuanxi/Workwork/vibe-fs/requirements/delegation/tests/008.test.mjs","name":"WHAT[delegation-008] actual batch sends once in supplied Host order despite reverse invocation arrival","fullName":"WHAT[delegation-008] actual batch sends once in supplied Host order despite reverse invocation arrival"}
[verification-test-start] {"pid":3824,"parentPid":3820,"entryFile":"/Users/yuanxi/Workwork/vibe-fs/requirements/delegation/tests/003.test.mjs","name":"WHAT[delegation-003] FORK_TOOL_requires_calling_and_resume_rejects_calling","fullName":"WHAT[delegation-003] FORK_TOOL_requires_calling_and_resume_rejects_calling"}
[verification-test-start] {"pid":3830,"parentPid":3820,"entryFile":"/Users/yuanxi/Workwork/vibe-fs/requirements/delegation/tests/009.test.mjs","name":"WHAT[delegation-009] one active call blocks its own scope while another scope independently dispatches and completes","fullName":"WHAT[delegation-009] one active call blocks its own scope while another scope independently dispatches and completes"}
[verification-test-start] {"pid":3831,"parentPid":3820,"entryFile":"/Users/yuanxi/Workwork/vibe-fs/requirements/delegation/tests/010.test.mjs","name":"WHAT[delegation-010] successive sync work reuses its child and requires a fresh managed assignment rather than an old completion","fullName":"WHAT[delegation-010] successive sync work reuses its child and requires a fresh managed assignment rather than an old completion"}
[verification-test-start] {"pid":3828,"parentPid":3820,"entryFile":"/Users/yuanxi/Workwork/vibe-fs/requirements/delegation/tests/007.test.mjs","name":"WHAT[delegation-007] new sync invocations reject historical Coder and Inspector without creating or prompting a child","fullName":"WHAT[delegation-007] new sync invocations reject historical Coder and Inspector without creating or prompting a child"}
[verification-test-start] {"pid":3827,"parentPid":3820,"entryFile":"/Users/yuanxi/Workwork/vibe-fs/requirements/delegation/tests/006.test.mjs","name":"WHAT[delegation-006] actual accepted fork returns placement and resume reuses the same child without waiting for completion","fullName":"WHAT[delegation-006] actual accepted fork returns placement and resume reuses the same child without waiting for completion"}
[verification-test-start] {"pid":3821,"parentPid":3820,"entryFile":"/Users/yuanxi/Workwork/vibe-fs/requirements/capability-enforcement/tests/025.test.mjs","name":"WHAT[capability-enforcement-025] registered_js_tools_match_js_tool_generator_output","fullName":"WHAT[capability-enforcement-025] registered_js_tools_match_js_tool_generator_output"}
[verification-test-start] {"pid":3832,"parentPid":3820,"entryFile":"/Users/yuanxi/Workwork/vibe-fs/requirements/delegation/tests/011.test.mjs","name":"WHAT[delegation-011] ordinary completion returns a WorkRecord without a separate return call or parent opening","fullName":"WHAT[delegation-011] ordinary completion returns a WorkRecord without a separate return call or parent opening"}
[verification-test-start] {"pid":3833,"parentPid":3820,"entryFile":"/Users/yuanxi/Workwork/vibe-fs/requirements/delegation/tests/012.test.mjs","name":"WHAT[delegation-012] only the canonical call receives the WorkRecord and all siblings refer to it","fullName":"WHAT[delegation-012] only the canonical call receives the WorkRecord and all siblings refer to it"}
[verification-test-start] {"pid":3834,"parentPid":3820,"entryFile":"/Users/yuanxi/Workwork/vibe-fs/requirements/delegation/tests/013.test.mjs","name":"WHAT[delegation-013] renderer preserves entry order and distinguishes completed, failed and abandoned testimony","fullName":"WHAT[delegation-013] renderer preserves entry order and distinguishes completed, failed and abandoned testimony"}
[verification-test-start] {"pid":3834,"parentPid":3820,"entryFile":"/Users/yuanxi/Workwork/vibe-fs/requirements/delegation/tests/013.test.mjs","name":"WHAT[delegation-013] renderer rejects malformed completion carriers without a success wire","fullName":"WHAT[delegation-013] renderer rejects malformed completion carriers without a success wire"}
[verification-test-start] {"pid":3834,"parentPid":3820,"entryFile":"/Users/yuanxi/Workwork/vibe-fs/requirements/delegation/tests/013.test.mjs","name":"WHAT[delegation-013] display window retains whole entries and signals remaining testimony in both languages","fullName":"WHAT[delegation-013] display window retains whole entries and signals remaining testimony in both languages"}
[verification-test-start] {"pid":3824,"parentPid":3820,"entryFile":"/Users/yuanxi/Workwork/vibe-fs/requirements/delegation/tests/003.test.mjs","name":"WHAT[delegation-003] FORK_TOOL_manager_resume_dispatches_to_bound_fixed_devops_directly","fullName":"WHAT[delegation-003] FORK_TOOL_manager_resume_dispatches_to_bound_fixed_devops_directly"}
[verification-test-start] {"pid":3834,"parentPid":3820,"entryFile":"/Users/yuanxi/Workwork/vibe-fs/requirements/delegation/tests/013.test.mjs","name":"WHAT[delegation-013] PTY interruption wire retains its observed output","fullName":"WHAT[delegation-013] PTY interruption wire retains its observed output"}
[verification-test-start] {"pid":3834,"parentPid":3820,"entryFile":"/Users/yuanxi/Workwork/vibe-fs/requirements/delegation/tests/013.test.mjs","name":"WHAT[delegation-013] display does not truncate the sole large entry supplied to the renderer","fullName":"WHAT[delegation-013] display does not truncate the sole large entry supplied to the renderer"}
[verification-test-start] {"pid":3834,"parentPid":3820,"entryFile":"/Users/yuanxi/Workwork/vibe-fs/requirements/delegation/tests/013.test.mjs","name":"WHAT[delegation-013] actual handle completion and retirement each take effect once","fullName":"WHAT[delegation-013] actual handle completion and retirement each take effect once"}
[verification-test-start] {"pid":3834,"parentPid":3820,"entryFile":"/Users/yuanxi/Workwork/vibe-fs/requirements/delegation/tests/013.test.mjs","name":"WHAT[delegation-013] actual join queue enforces its global cap and drains the exact remainder once","fullName":"WHAT[delegation-013] actual join queue enforces its global cap and drains the exact remainder once"}
[verification-test-start] {"pid":3834,"parentPid":3820,"entryFile":"/Users/yuanxi/Workwork/vibe-fs/requirements/delegation/tests/013.test.mjs","name":"WHAT[delegation-013] real agent completion join enforces current ownership and durable CAS consumption across concurrent calls and restart (GAP-153)","fullName":"WHAT[delegation-013] real agent completion join enforces current ownership and durable CAS consumption across concurrent calls and restart (GAP-153)"}
[verification-test-start] {"pid":3821,"parentPid":3820,"entryFile":"/Users/yuanxi/Workwork/vibe-fs/requirements/capability-enforcement/tests/025.test.mjs","name":"WHAT[capability-enforcement-025] J01_manager_generated_surface_strictly_read_only","fullName":"WHAT[capability-enforcement-025] J01_manager_generated_surface_strictly_read_only"}
runner: file lifecycle {"entryFile":"/Users/yuanxi/Workwork/vibe-fs/requirements/delegation/tests/013.test.mjs","type":"runner:file-drained","elapsedMs":728.8237919999999}
runner: file lifecycle {"entryFile":"/Users/yuanxi/Workwork/vibe-fs/requirements/delegation/tests/014.test.mjs","pid":3820,"parentPid":3799,"type":"runner:file-start","elapsedMs":731.7382499999999}
[verification-test-start] {"pid":3821,"parentPid":3820,"entryFile":"/Users/yuanxi/Workwork/vibe-fs/requirements/capability-enforcement/tests/025.test.mjs","name":"WHAT[capability-enforcement-025] J02_manager_create_api_omits_mutation_methods","fullName":"WHAT[capability-enforcement-025] J02_manager_create_api_omits_mutation_methods"}
[verification-test-start] {"pid":3821,"parentPid":3820,"entryFile":"/Users/yuanxi/Workwork/vibe-fs/requirements/capability-enforcement/tests/025.test.mjs","name":"WHAT[capability-enforcement-025] J03_manager_execution_blocks_write_and_edit_without_disk_mutations","fullName":"WHAT[capability-enforcement-025] J03_manager_execution_blocks_write_and_edit_without_disk_mutations"}
[verification-test-start] {"pid":3829,"parentPid":3820,"entryFile":"/Users/yuanxi/Workwork/vibe-fs/requirements/delegation/tests/008.test.mjs","name":"WHAT[delegation-008] the real Host tool-call collection fixes complete batch membership before invocation without using arrival timing (GAP-153)","fullName":"WHAT[delegation-008] the real Host tool-call collection fixes complete batch membership before invocation without using arrival timing (GAP-153)"}
[verification-test-start] {"pid":3821,"parentPid":3820,"entryFile":"/Users/yuanxi/Workwork/vibe-fs/requirements/capability-enforcement/tests/025.test.mjs","name":"WHAT[capability-enforcement-025] J04_read_only_execution_returns_success_without_file_effects","fullName":"WHAT[capability-enforcement-025] J04_read_only_execution_returns_success_without_file_effects"}
runner: file lifecycle {"entryFile":"/Users/yuanxi/Workwork/vibe-fs/requirements/delegation/tests/008.test.mjs","type":"runner:file-drained","elapsedMs":758.694}
runner: file lifecycle {"entryFile":"/Users/yuanxi/Workwork/vibe-fs/requirements/delegation/tests/015.test.mjs","pid":3820,"parentPid":3799,"type":"runner:file-start","elapsedMs":759.834333}
[verification-test-start] {"pid":3821,"parentPid":3820,"entryFile":"/Users/yuanxi/Workwork/vibe-fs/requirements/capability-enforcement/tests/025.test.mjs","name":"WHAT[capability-enforcement-025] J05_engineer_and_devops_retain_write_and_edit_capabilities","fullName":"WHAT[capability-enforcement-025] J05_engineer_and_devops_retain_write_and_edit_capabilities"}
[verification-test-start] {"pid":3821,"parentPid":3820,"entryFile":"/Users/yuanxi/Workwork/vibe-fs/requirements/capability-enforcement/tests/025.test.mjs","name":"WHAT[capability-enforcement-025] J06_internal_leaf_and_replica_admission_not_broadened","fullName":"WHAT[capability-enforcement-025] J06_internal_leaf_and_replica_admission_not_broadened"}
[verification-test-start] {"pid":3821,"parentPid":3820,"entryFile":"/Users/yuanxi/Workwork/vibe-fs/requirements/capability-enforcement/tests/025.test.mjs","name":"WHAT[capability-enforcement-025] J07_string_literals_and_paths_with_quotes_treated_as_pure_data","fullName":"WHAT[capability-enforcement-025] J07_string_literals_and_paths_with_quotes_treated_as_pure_data"}
[verification-test-start] {"pid":3821,"parentPid":3820,"entryFile":"/Users/yuanxi/Workwork/vibe-fs/requirements/capability-enforcement/tests/025.test.mjs","name":"WHAT[capability-enforcement-025] J08_path_resolution_enforces_workspace_root_boundaries","fullName":"WHAT[capability-enforcement-025] J08_path_resolution_enforces_workspace_root_boundaries"}
[verification-test-start] {"pid":3821,"parentPid":3820,"entryFile":"/Users/yuanxi/Workwork/vibe-fs/requirements/capability-enforcement/tests/025.test.mjs","name":"WHAT[capability-enforcement-025] J09_readonly_api_preserves_utf8_and_line_endings","fullName":"WHAT[capability-enforcement-025] J09_readonly_api_preserves_utf8_and_line_endings"}
[verification-test-start] {"pid":3821,"parentPid":3820,"entryFile":"/Users/yuanxi/Workwork/vibe-fs/requirements/capability-enforcement/tests/025.test.mjs","name":"WHAT[capability-enforcement-025] J10_readonly_api_reports_missing_files_search_errors_and_output_limits","fullName":"WHAT[capability-enforcement-025] J10_readonly_api_reports_missing_files_search_errors_and_output_limits"}
[verification-test-start] {"pid":3821,"parentPid":3820,"entryFile":"/Users/yuanxi/Workwork/vibe-fs/requirements/capability-enforcement/tests/025.test.mjs","name":"WHAT[capability-enforcement-025] J11_observation_records_only_successful_distinct_reads","fullName":"WHAT[capability-enforcement-025] J11_observation_records_only_successful_distinct_reads"}
[verification-test-start] {"pid":3821,"parentPid":3820,"entryFile":"/Users/yuanxi/Workwork/vibe-fs/requirements/capability-enforcement/tests/025.test.mjs","name":"WHAT[capability-enforcement-025] J12_sandbox_context_strictly_excludes_ambient_os_capabilities","fullName":"WHAT[capability-enforcement-025] J12_sandbox_context_strictly_excludes_ambient_os_capabilities"}
[verification-test-start] {"pid":3828,"parentPid":3820,"entryFile":"/Users/yuanxi/Workwork/vibe-fs/requirements/delegation/tests/007.test.mjs","name":"WHAT[delegation-007] the Sphinx program invokes standard Engineer through an acyclic managed path with family-root placement and exact terminal identity, without extra DevOps authority (GAP-153)","fullName":"WHAT[delegation-007] the Sphinx program invokes standard Engineer through an acyclic managed path with family-root placement and exact terminal identity, without extra DevOps authority (GAP-153)"}
[verification-test-start] {"pid":3821,"parentPid":3820,"entryFile":"/Users/yuanxi/Workwork/vibe-fs/requirements/capability-enforcement/tests/025.test.mjs","name":"WHAT[capability-enforcement-025] P01_unaccepted_review_manager_static_permissions_include_read_glob_grep","fullName":"WHAT[capability-enforcement-025] P01_unaccepted_review_manager_static_permissions_include_read_glob_grep"}
runner: file lifecycle {"entryFile":"/Users/yuanxi/Workwork/vibe-fs/requirements/delegation/tests/011.test.mjs","type":"runner:file-drained","elapsedMs":850.1855}
runner: file lifecycle {"entryFile":"/Users/yuanxi/Workwork/vibe-fs/requirements/delegation/tests/017.test.mjs","pid":3820,"parentPid":3799,"type":"runner:file-start","elapsedMs":852.36025}
runner: file lifecycle {"entryFile":"/Users/yuanxi/Workwork/vibe-fs/requirements/delegation/tests/007.test.mjs","type":"runner:file-drained","elapsedMs":853.035292}
runner: file lifecycle {"entryFile":"/Users/yuanxi/Workwork/vibe-fs/requirements/delegation/tests/019.test.mjs","pid":3820,"parentPid":3799,"type":"runner:file-start","elapsedMs":855.9728749999999}
[verification-test-start] {"pid":3831,"parentPid":3820,"entryFile":"/Users/yuanxi/Workwork/vibe-fs/requirements/delegation/tests/010.test.mjs","name":"WHAT[delegation-010] vocabulary keeps compatibility tiers inert and distinguishes active from historical role labels","fullName":"WHAT[delegation-010] vocabulary keeps compatibility tiers inert and distinguishes active from historical role labels"}
[verification-test-start] {"pid":3837,"parentPid":3820,"entryFile":"/Users/yuanxi/Workwork/vibe-fs/requirements/delegation/tests/017.test.mjs","name":"WHAT[delegation-017] consuming a real returned WorkRecord changes no caller authority obligation or global request direction (GAP-153)","fullName":"WHAT[delegation-017] consuming a real returned WorkRecord changes no caller authority obligation or global request direction (GAP-153)"}
[verification-test-start] {"pid":3831,"parentPid":3820,"entryFile":"/Users/yuanxi/Workwork/vibe-fs/requirements/delegation/tests/010.test.mjs","name":"WHAT[delegation-010] actual routing uses effective system configuration and retained binding without accepting caller-selected model targets (GAP-153)","fullName":"WHAT[delegation-010] actual routing uses effective system configuration and retained binding without accepting caller-selected model targets (GAP-153)"}
[verification-test-start] {"pid":3821,"parentPid":3820,"entryFile":"/Users/yuanxi/Workwork/vibe-fs/requirements/capability-enforcement/tests/025.test.mjs","name":"WHAT[capability-enforcement-025] P02_review_accepted_facts_exclude_review_readonly_capabilities","fullName":"WHAT[capability-enforcement-025] P02_review_accepted_facts_exclude_review_readonly_capabilities"}
runner: file lifecycle {"entryFile":"/Users/yuanxi/Workwork/vibe-fs/requirements/delegation/tests/017.test.mjs","type":"runner:file-drained","elapsedMs":903.993917}
runner: file lifecycle {"entryFile":"/Users/yuanxi/Workwork/vibe-fs/requirements/delegation/tests/020.test.mjs","pid":3820,"parentPid":3799,"type":"runner:file-start","elapsedMs":904.7739999999999}
runner: file lifecycle {"entryFile":"/Users/yuanxi/Workwork/vibe-fs/requirements/delegation/tests/010.test.mjs","type":"runner:file-drained","elapsedMs":909.1926249999999}
runner: file lifecycle {"entryFile":"/Users/yuanxi/Workwork/vibe-fs/requirements/delegation/tests/021.test.mjs","pid":3820,"parentPid":3799,"type":"runner:file-start","elapsedMs":911.5856670000001}
runner: file lifecycle {"entryFile":"/Users/yuanxi/Workwork/vibe-fs/requirements/delegation/tests/012.test.mjs","type":"runner:file-drained","elapsedMs":914.727875}
runner: file lifecycle {"entryFile":"/Users/yuanxi/Workwork/vibe-fs/requirements/delegation/tests/022.test.mjs","pid":3820,"parentPid":3799,"type":"runner:file-start","elapsedMs":918.1596669999999}
[verification-test-start] {"pid":3821,"parentPid":3820,"entryFile":"/Users/yuanxi/Workwork/vibe-fs/requirements/capability-enforcement/tests/025.test.mjs","name":"WHAT[capability-enforcement-025] P08_manager_native_read_glob_grep_projected_as_deny","fullName":"WHAT[capability-enforcement-025] P08_manager_native_read_glob_grep_projected_as_deny"}
runner: file lifecycle {"entryFile":"/Users/yuanxi/Workwork/vibe-fs/requirements/delegation/tests/009.test.mjs","type":"runner:file-drained","elapsedMs":923.693}
runner: file lifecycle {"entryFile":"/Users/yuanxi/Workwork/vibe-fs/requirements/delegation/tests/023.test.mjs","pid":3820,"parentPid":3799,"type":"runner:file-start","elapsedMs":924.372083}
[verification-test-start] {"pid":3838,"parentPid":3820,"entryFile":"/Users/yuanxi/Workwork/vibe-fs/requirements/delegation/tests/019.test.mjs","name":"WHAT[delegation-019] en renderer keeps instructions separate from parsed background fields","fullName":"WHAT[delegation-019] en renderer keeps instructions separate from parsed background fields"}
[verification-test-start] {"pid":3839,"parentPid":3820,"entryFile":"/Users/yuanxi/Workwork/vibe-fs/requirements/delegation/tests/020.test.mjs","name":"WHAT[delegation-020] legal adapter naming changes preserve actual delegation authority ownership and lifecycle observations (GAP-153)","fullName":"WHAT[delegation-020] legal adapter naming changes preserve actual delegation authority ownership and lifecycle observations (GAP-153)"}
[verification-test-start] {"pid":3838,"parentPid":3820,"entryFile":"/Users/yuanxi/Workwork/vibe-fs/requirements/delegation/tests/019.test.mjs","name":"WHAT[delegation-019] en TOML-like hostile data cannot create instruction or assignment fields","fullName":"WHAT[delegation-019] en TOML-like hostile data cannot create instruction or assignment fields"}
[verification-test-start] {"pid":3838,"parentPid":3820,"entryFile":"/Users/yuanxi/Workwork/vibe-fs/requirements/delegation/tests/019.test.mjs","name":"WHAT[delegation-019] en assignment shaped as TOML remains an instruction comment","fullName":"WHAT[delegation-019] en assignment shaped as TOML remains an instruction comment"}
[verification-test-start] {"pid":3838,"parentPid":3820,"entryFile":"/Users/yuanxi/Workwork/vibe-fs/requirements/delegation/tests/019.test.mjs","name":"WHAT[delegation-019] zh-CN renderer keeps instructions separate from parsed background fields","fullName":"WHAT[delegation-019] zh-CN renderer keeps instructions separate from parsed background fields"}
[verification-test-start] {"pid":3835,"parentPid":3820,"entryFile":"/Users/yuanxi/Workwork/vibe-fs/requirements/delegation/tests/014.test.mjs","name":"WHAT[delegation-014] commission renderer preserves supplied verdict order and renders no field DTO","fullName":"WHAT[delegation-014] commission renderer preserves supplied verdict order and renders no field DTO"}
[verification-test-start] {"pid":3838,"parentPid":3820,"entryFile":"/Users/yuanxi/Workwork/vibe-fs/requirements/delegation/tests/019.test.mjs","name":"WHAT[delegation-019] zh-CN TOML-like hostile data cannot create instruction or assignment fields","fullName":"WHAT[delegation-019] zh-CN TOML-like hostile data cannot create instruction or assignment fields"}
[verification-test-start] {"pid":3824,"parentPid":3820,"entryFile":"/Users/yuanxi/Workwork/vibe-fs/requirements/delegation/tests/003.test.mjs","name":"WHAT[delegation-003] explicit runtime reopen preserves the companion DevOps route for a new charge","fullName":"WHAT[delegation-003] explicit runtime reopen preserves the companion DevOps route for a new charge"}
[verification-test-start] {"pid":3838,"parentPid":3820,"entryFile":"/Users/yuanxi/Workwork/vibe-fs/requirements/delegation/tests/019.test.mjs","name":"WHAT[delegation-019] zh-CN assignment shaped as TOML remains an instruction comment","fullName":"WHAT[delegation-019] zh-CN assignment shaped as TOML remains an instruction comment"}
runner: file lifecycle {"entryFile":"/Users/yuanxi/Workwork/vibe-fs/requirements/delegation/tests/020.test.mjs","type":"runner:file-drained","elapsedMs":965.177625}
runner: file lifecycle {"entryFile":"/Users/yuanxi/Workwork/vibe-fs/requirements/delegation/tests/024.test.mjs","pid":3820,"parentPid":3799,"type":"runner:file-start","elapsedMs":965.8741669999999}
[verification-test-start] {"pid":3838,"parentPid":3820,"entryFile":"/Users/yuanxi/Workwork/vibe-fs/requirements/delegation/tests/019.test.mjs","name":"WHAT[delegation-019] absent and blank optional background fields do not manufacture content","fullName":"WHAT[delegation-019] absent and blank optional background fields do not manufacture content"}
[verification-test-start] {"pid":3838,"parentPid":3820,"entryFile":"/Users/yuanxi/Workwork/vibe-fs/requirements/delegation/tests/019.test.mjs","name":"WHAT[delegation-019] actual fork first-prompt producers obtain the current durable parent record and preserve the typed instruction and data boundary end to end (GAP-153)","fullName":"WHAT[delegation-019] actual fork first-prompt producers obtain the current durable parent record and preserve the typed instruction and data boundary end to end (GAP-153)"}
[verification-test-start] {"pid":3821,"parentPid":3820,"entryFile":"/Users/yuanxi/Workwork/vibe-fs/requirements/capability-enforcement/tests/025.test.mjs","name":"WHAT[capability-enforcement-025] P09_manager_allows_sole_review_tool_and_retired_tools_not_admitted_to_any_role","fullName":"WHAT[capability-enforcement-025] P09_manager_allows_sole_review_tool_and_retired_tools_not_admitted_to_any_role"}
[verification-test-start] {"pid":3821,"parentPid":3820,"entryFile":"/Users/yuanxi/Workwork/vibe-fs/requirements/capability-enforcement/tests/025.test.mjs","name":"WHAT[capability-enforcement-025] P10_sole_review_tool_allowed_and_retired_tools_absent_from_manager_surface","fullName":"WHAT[capability-enforcement-025] P10_sole_review_tool_allowed_and_retired_tools_absent_from_manager_surface"}
[verification-test-start] {"pid":3836,"parentPid":3820,"entryFile":"/Users/yuanxi/Workwork/vibe-fs/requirements/delegation/tests/015.test.mjs","name":"WHAT[delegation-015] interrupted prose distinguishes user input, operator abort and deadline","fullName":"WHAT[delegation-015] interrupted prose distinguishes user input, operator abort and deadline"}
runner: file lifecycle {"entryFile":"/Users/yuanxi/Workwork/vibe-fs/requirements/delegation/tests/019.test.mjs","type":"runner:file-drained","elapsedMs":977.8762919999999}
runner: file lifecycle {"entryFile":"/Users/yuanxi/Workwork/vibe-fs/requirements/delegation/tests/025.test.mjs","pid":3820,"parentPid":3799,"type":"runner:file-start","elapsedMs":979.7219170000001}
[verification-test-start] {"pid":3821,"parentPid":3820,"entryFile":"/Users/yuanxi/Workwork/vibe-fs/requirements/capability-enforcement/tests/025.test.mjs","name":"WHAT[capability-enforcement-025] P05_no_active_incumbency_and_no_assessment_denies_review_readonly_admission","fullName":"WHAT[capability-enforcement-025] P05_no_active_incumbency_and_no_assessment_denies_review_readonly_admission"}
[verification-test-start] {"pid":3821,"parentPid":3820,"entryFile":"/Users/yuanxi/Workwork/vibe-fs/requirements/capability-enforcement/tests/025.test.mjs","name":"WHAT[capability-enforcement-025] P06_unknown_identity_never_authorized_by_tool_name_suffix","fullName":"WHAT[capability-enforcement-025] P06_unknown_identity_never_authorized_by_tool_name_suffix"}
[verification-test-start] {"pid":3827,"parentPid":3820,"entryFile":"/Users/yuanxi/Workwork/vibe-fs/requirements/delegation/tests/006.test.mjs","name":"WHAT[delegation-006] actual resume preserves the complete execution and model binding through replacement and recovery (GAP-153; GAP-129)","fullName":"WHAT[delegation-006] actual resume preserves the complete execution and model binding through replacement and recovery (GAP-153; GAP-129)"}
[verification-test-start] {"pid":3841,"parentPid":3820,"entryFile":"/Users/yuanxi/Workwork/vibe-fs/requirements/delegation/tests/022.test.mjs","name":"WHAT[delegation-022] estimate prose selects the whole advisory resource in each provider language","fullName":"WHAT[delegation-022] estimate prose selects the whole advisory resource in each provider language"}
[verification-test-start] {"pid":3841,"parentPid":3820,"entryFile":"/Users/yuanxi/Workwork/vibe-fs/requirements/delegation/tests/022.test.mjs","name":"WHAT[delegation-022] actual estimate projection deduplicates calls and saturates at zero","fullName":"WHAT[delegation-022] actual estimate projection deduplicates calls and saturates at zero"}
[verification-test-start] {"pid":3840,"parentPid":3820,"entryFile":"/Users/yuanxi/Workwork/vibe-fs/requirements/delegation/tests/021.test.mjs","name":"WHAT[delegation-021] attachment work record including hostile instructions remains a read-only background field","fullName":"WHAT[delegation-021] attachment work record including hostile instructions remains a read-only background field"}
[verification-test-start] {"pid":3841,"parentPid":3820,"entryFile":"/Users/yuanxi/Workwork/vibe-fs/requirements/delegation/tests/022.test.mjs","name":"WHAT[delegation-022] real tool execution remains allowed after estimate exhaustion and replacement resets the same durable estimate through reopen (GAP-153)","fullName":"WHAT[delegation-022] real tool execution remains allowed after estimate exhaustion and replacement resets the same durable estimate through reopen (GAP-153)"}
runner: file lifecycle {"entryFile":"/Users/yuanxi/Workwork/vibe-fs/requirements/delegation/tests/006.test.mjs","type":"runner:file-drained","elapsedMs":1008.838708}
runner: file lifecycle {"entryFile":"/Users/yuanxi/Workwork/vibe-fs/requirements/delegation/tests/026.test.mjs","pid":3820,"parentPid":3799,"type":"runner:file-start","elapsedMs":1010.256083}
runner: file lifecycle {"entryFile":"/Users/yuanxi/Workwork/vibe-fs/requirements/delegation/tests/022.test.mjs","type":"runner:file-drained","elapsedMs":1011.793167}
runner: file lifecycle {"entryFile":"/Users/yuanxi/Workwork/vibe-fs/requirements/delegation/tests/027.test.mjs","pid":3820,"parentPid":3799,"type":"runner:file-start","elapsedMs":1013.150208}
[verification-test-start] {"pid":3840,"parentPid":3820,"entryFile":"/Users/yuanxi/Workwork/vibe-fs/requirements/delegation/tests/021.test.mjs","name":"WHAT[delegation-021] blank attachments are absent and a real attachment survives round trip","fullName":"WHAT[delegation-021] blank attachments are absent and a real attachment survives round trip"}
[verification-test-start] {"pid":3836,"parentPid":3820,"entryFile":"/Users/yuanxi/Workwork/vibe-fs/requirements/delegation/tests/015.test.mjs","name":"WHAT[delegation-015] spurious wake burst still delivers the actual queued completion exactly once","fullName":"WHAT[delegation-015] spurious wake burst still delivers the actual queued completion exactly once"}
[verification-test-start] {"pid":3840,"parentPid":3820,"entryFile":"/Users/yuanxi/Workwork/vibe-fs/requirements/delegation/tests/021.test.mjs","name":"WHAT[delegation-021] actual fork attaches only the designated peer history without cloning authority or transferring unfinished obligations (GAP-153)","fullName":"WHAT[delegation-021] actual fork attaches only the designated peer history without cloning authority or transferring unfinished obligations (GAP-153)"}
runner: file lifecycle {"entryFile":"/Users/yuanxi/Workwork/vibe-fs/requirements/delegation/tests/021.test.mjs","type":"runner:file-drained","elapsedMs":1035.7113749999999}
runner: file lifecycle {"entryFile":"/Users/yuanxi/Workwork/vibe-fs/requirements/delegation/tests/028.test.mjs","pid":3820,"parentPid":3799,"type":"runner:file-start","elapsedMs":1036.437833}
[verification-test-start] {"pid":3835,"parentPid":3820,"entryFile":"/Users/yuanxi/Workwork/vibe-fs/requirements/delegation/tests/014.test.mjs","name":"WHAT[delegation-014] actual commission entry wires job completion into the proven FIFO mailbox and durable result consumption (GAP-153)","fullName":"WHAT[delegation-014] actual commission entry wires job completion into the proven FIFO mailbox and durable result consumption (GAP-153)"}
[verification-test-start] {"pid":3835,"parentPid":3820,"entryFile":"/Users/yuanxi/Workwork/vibe-fs/requirements/delegation/tests/014.test.mjs","name":"WHAT[delegation-014] commission verdict mailbox drains FIFO batches up to the global cap with exact remainder","fullName":"WHAT[delegation-014] commission verdict mailbox drains FIFO batches up to the global cap with exact remainder"}
[verification-test-start] {"pid":3835,"parentPid":3820,"entryFile":"/Users/yuanxi/Workwork/vibe-fs/requirements/delegation/tests/014.test.mjs","name":"WHAT[delegation-014] commission verdict mailbox reports Empty when idle with no pending verdicts","fullName":"WHAT[delegation-014] commission verdict mailbox reports Empty when idle with no pending verdicts"}
[verification-test-start] {"pid":3836,"parentPid":3820,"entryFile":"/Users/yuanxi/Workwork/vibe-fs/requirements/delegation/tests/015.test.mjs","name":"WHAT[delegation-015] every interruption releases the wait while the child remains available for completion","fullName":"WHAT[delegation-015] every interruption releases the wait while the child remains available for completion"}
[verification-test-start] {"pid":3836,"parentPid":3820,"entryFile":"/Users/yuanxi/Workwork/vibe-fs/requirements/delegation/tests/015.test.mjs","name":"WHAT[delegation-015] actual queue errors and competing waits release the single-flight lock","fullName":"WHAT[delegation-015] actual queue errors and competing waits release the single-flight lock"}
runner: file lifecycle {"entryFile":"/Users/yuanxi/Workwork/vibe-fs/requirements/delegation/tests/014.test.mjs","type":"runner:file-drained","elapsedMs":1081.779042}
runner: file lifecycle {"entryFile":"/Users/yuanxi/Workwork/vibe-fs/requirements/delegation/tests/029.test.mjs","pid":3820,"parentPid":3799,"type":"runner:file-start","elapsedMs":1082.889125}
[verification-test-start] {"pid":3836,"parentPid":3820,"entryFile":"/Users/yuanxi/Workwork/vibe-fs/requirements/delegation/tests/015.test.mjs","name":"WHAT[delegation-015] permit gate rejects missing journal without poisoning later ordinary join","fullName":"WHAT[delegation-015] permit gate rejects missing journal without poisoning later ordinary join"}
[verification-test-start] {"pid":3836,"parentPid":3820,"entryFile":"/Users/yuanxi/Workwork/vibe-fs/requirements/delegation/tests/015.test.mjs","name":"WHAT[delegation-015] real Host input and cancellation reach join without cancelling the agent or revoking its authority (GAP-153)","fullName":"WHAT[delegation-015] real Host input and cancellation reach join without cancelling the agent or revoking its authority (GAP-153)"}
[verification-test-start] {"pid":3836,"parentPid":3820,"entryFile":"/Users/yuanxi/Workwork/vibe-fs/requirements/delegation/tests/015.test.mjs","name":"WHAT[delegation-015] interrupted commission join leaves the job active and the next waiter receives its verdict once","fullName":"WHAT[delegation-015] interrupted commission join leaves the job active and the next waiter receives its verdict once"}
[verification-test-start] {"pid":3836,"parentPid":3820,"entryFile":"/Users/yuanxi/Workwork/vibe-fs/requirements/delegation/tests/015.test.mjs","name":"WHAT[delegation-015] a queued or racing commission verdict is consumed before reporting a join interruption","fullName":"WHAT[delegation-015] a queued or racing commission verdict is consumed before reporting a join interruption"}
runner: file lifecycle {"entryFile":"/Users/yuanxi/Workwork/vibe-fs/requirements/delegation/tests/015.test.mjs","type":"runner:file-drained","elapsedMs":1116.04775}
runner: file lifecycle {"entryFile":"/Users/yuanxi/Workwork/vibe-fs/requirements/delegation/tests/030.test.mjs","pid":3820,"parentPid":3799,"type":"runner:file-start","elapsedMs":1120.8938329999999}
[verification-test-start] {"pid":3860,"parentPid":3820,"entryFile":"/Users/yuanxi/Workwork/vibe-fs/requirements/delegation/tests/029.test.mjs","name":"WHAT[delegation-029] current recovery compile inventory and lexical audit exclude known foreign implementations","fullName":"WHAT[delegation-029] current recovery compile inventory and lexical audit exclude known foreign implementations"}
[verification-test-start] {"pid":3861,"parentPid":3820,"entryFile":"/Users/yuanxi/Workwork/vibe-fs/requirements/delegation/tests/030.test.mjs","name":"WHAT[delegation-030] actual injected delegation invariant incidents preserve settlement before exactly one report and kill with no physical fallback (GAP-153)","fullName":"WHAT[delegation-030] actual injected delegation invariant incidents preserve settlement before exactly one report and kill with no physical fallback (GAP-153)"}
runner: file lifecycle {"entryFile":"/Users/yuanxi/Workwork/vibe-fs/requirements/delegation/tests/030.test.mjs","type":"runner:file-drained","elapsedMs":1187.962583}
runner: file lifecycle {"entryFile":"/Users/yuanxi/Workwork/vibe-fs/requirements/delegation/tests/031.test.mjs","pid":3820,"parentPid":3799,"type":"runner:file-start","elapsedMs":1188.054042}
[verification-test-start] {"pid":3858,"parentPid":3820,"entryFile":"/Users/yuanxi/Workwork/vibe-fs/requirements/delegation/tests/028.test.mjs","name":"WHAT[delegation-028] Delegation contract excludes workflow Host PTY and recovery sources","fullName":"WHAT[delegation-028] Delegation contract excludes workflow Host PTY and recovery sources"}
[verification-test-start] {"pid":3858,"parentPid":3820,"entryFile":"/Users/yuanxi/Workwork/vibe-fs/requirements/delegation/tests/028.test.mjs","name":"WHAT[delegation-028] current compile plans meet declared budgets and source-placement audit","fullName":"WHAT[delegation-028] current compile plans meet declared budgets and source-placement audit"}
[verification-test-start] {"pid":3842,"parentPid":3820,"entryFile":"/Users/yuanxi/Workwork/vibe-fs/requirements/delegation/tests/023.test.mjs","name":"WHAT[delegation-023] transient failure follows the injected retry verdict before delivering success or exhaustion","fullName":"WHAT[delegation-023] transient failure follows the injected retry verdict before delivering success or exhaustion"}
[verification-test-start] {"pid":3860,"parentPid":3820,"entryFile":"/Users/yuanxi/Workwork/vibe-fs/requirements/delegation/tests/029.test.mjs","name":"WHAT[delegation-029] current PTY adapter inventory and lexical audit locate its delegation-owned capability","fullName":"WHAT[delegation-029] current PTY adapter inventory and lexical audit locate its delegation-owned capability"}
[verification-test-start] {"pid":3843,"parentPid":3820,"entryFile":"/Users/yuanxi/Workwork/vibe-fs/requirements/delegation/tests/024.test.mjs","name":"WHAT[delegation-024] pre-join resume preserves both public join WorkRecords","fullName":"WHAT[delegation-024] pre-join resume preserves both public join WorkRecords"}
[verification-test-start] {"pid":3860,"parentPid":3820,"entryFile":"/Users/yuanxi/Workwork/vibe-fs/requirements/delegation/tests/029.test.mjs","name":"WHAT[delegation-029] independently compiled workflow boundaries and real injected effects establish confinement beyond current source spellings (GAP-153)","fullName":"WHAT[delegation-029] independently compiled workflow boundaries and real injected effects establish confinement beyond current source spellings (GAP-153)"}
[verification-test-start] {"pid":3856,"parentPid":3820,"entryFile":"/Users/yuanxi/Workwork/vibe-fs/requirements/delegation/tests/026.test.mjs","name":"WHAT[delegation-026] RESUME_synchronous_admission_with_async_work_and_join_isolation","fullName":"WHAT[delegation-026] RESUME_synchronous_admission_with_async_work_and_join_isolation"}
runner: file lifecycle {"entryFile":"/Users/yuanxi/Workwork/vibe-fs/requirements/delegation/tests/029.test.mjs","type":"runner:file-drained","elapsedMs":1345.896}
runner: file lifecycle {"entryFile":"/Users/yuanxi/Workwork/vibe-fs/requirements/delegation/tests/032.test.mjs","pid":3820,"parentPid":3799,"type":"runner:file-start","elapsedMs":1348.5691669999999}
[verification-test-start] {"pid":3858,"parentPid":3820,"entryFile":"/Users/yuanxi/Workwork/vibe-fs/requirements/delegation/tests/028.test.mjs","name":"WHAT[delegation-028] each bounded locality actually compiles independently with only its declared transitive inputs (GAP-153)","fullName":"WHAT[delegation-028] each bounded locality actually compiles independently with only its declared transitive inputs (GAP-153)"}
[verification-test-start] {"pid":3858,"parentPid":3820,"entryFile":"/Users/yuanxi/Workwork/vibe-fs/requirements/delegation/tests/028.test.mjs","name":"WHAT[delegation-028] delegation-029 boundary ignores locality kind labels entirely","fullName":"WHAT[delegation-028] delegation-029 boundary ignores locality kind labels entirely"}
runner: file lifecycle {"entryFile":"/Users/yuanxi/Workwork/vibe-fs/requirements/delegation/tests/028.test.mjs","type":"runner:file-drained","elapsedMs":1368.3827919999999}
runner: file lifecycle {"entryFile":"/Users/yuanxi/Workwork/vibe-fs/requirements/dispatch-protocol/tests/001.test.mjs","pid":3820,"parentPid":3799,"type":"runner:file-start","elapsedMs":1371.815583}
[verification-test-start] {"pid":3844,"parentPid":3820,"entryFile":"/Users/yuanxi/Workwork/vibe-fs/requirements/delegation/tests/025.test.mjs","name":"WHAT[delegation-025] late failure from a previous root cannot settle a reused sync call","fullName":"WHAT[delegation-025] late failure from a previous root cannot settle a reused sync call"}
[verification-test-start] {"pid":3857,"parentPid":3820,"entryFile":"/Users/yuanxi/Workwork/vibe-fs/requirements/delegation/tests/027.test.mjs","name":"WHAT[delegation-027] root affinity also rejects old Failed without a prepared handoff","fullName":"WHAT[delegation-027] root affinity also rejects old Failed without a prepared handoff"}
[verification-test-start] {"pid":3824,"parentPid":3820,"entryFile":"/Users/yuanxi/Workwork/vibe-fs/requirements/delegation/tests/003.test.mjs","name":"WHAT[delegation-003] companion devops is preserved and not abandoned when parent session cancels child work","fullName":"WHAT[delegation-003] companion devops is preserved and not abandoned when parent session cancels child work"}
[verification-test-start] {"pid":3863,"parentPid":3820,"entryFile":"/Users/yuanxi/Workwork/vibe-fs/requirements/delegation/tests/031.test.mjs","name":"WHAT[delegation-031] DELEG_031_committed_checkpoint_advances_frontier_and_delivers_work_record","fullName":"WHAT[delegation-031] DELEG_031_committed_checkpoint_advances_frontier_and_delivers_work_record"}
[verification-test-start] {"pid":3866,"parentPid":3820,"entryFile":"/Users/yuanxi/Workwork/vibe-fs/requirements/dispatch-protocol/tests/001.test.mjs","name":"WHAT[dispatch-protocol-001] actual owner-root and continuation sends reach Host with an already registered exact claim","fullName":"WHAT[dispatch-protocol-001] actual owner-root and continuation sends reach Host with an already registered exact claim"}
[verification-test-start] {"pid":3842,"parentPid":3820,"entryFile":"/Users/yuanxi/Workwork/vibe-fs/requirements/delegation/tests/023.test.mjs","name":"WHAT[delegation-023] actual shared recovery engine exhausts all applicable paths before the parent receives final failure (GAP-153)","fullName":"WHAT[delegation-023] actual shared recovery engine exhausts all applicable paths before the parent receives final failure (GAP-153)"}
runner: file lifecycle {"entryFile":"/Users/yuanxi/Workwork/vibe-fs/requirements/delegation/tests/023.test.mjs","type":"runner:file-drained","elapsedMs":1682.2779170000001}
runner: file lifecycle {"entryFile":"/Users/yuanxi/Workwork/vibe-fs/requirements/dispatch-protocol/tests/002.test.mjs","pid":3820,"parentPid":3799,"type":"runner:file-start","elapsedMs":1685.4029170000001}
[verification-test-start] {"pid":3824,"parentPid":3820,"entryFile":"/Users/yuanxi/Workwork/vibe-fs/requirements/delegation/tests/003.test.mjs","name":"WHAT[delegation-003] parent cancel preserves the busy fixed DevOps work until its real terminal","fullName":"WHAT[delegation-003] parent cancel preserves the busy fixed DevOps work until its real terminal"}
[verification-test-start] {"pid":3844,"parentPid":3820,"entryFile":"/Users/yuanxi/Workwork/vibe-fs/requirements/delegation/tests/025.test.mjs","name":"WHAT[delegation-025] future Host subscriber excludes old terminal and retains new execution identity","fullName":"WHAT[delegation-025] future Host subscriber excludes old terminal and retains new execution identity"}
[verification-test-start] {"pid":3844,"parentPid":3820,"entryFile":"/Users/yuanxi/Workwork/vibe-fs/requirements/delegation/tests/025.test.mjs","name":"WHAT[delegation-025] actual fork execution rejects late run-scoped success failure and abort while preserving legitimate session-wide failures (GAP-153)","fullName":"WHAT[delegation-025] actual fork execution rejects late run-scoped success failure and abort while preserving legitimate session-wide failures (GAP-153)"}
[verification-test-start] {"pid":3864,"parentPid":3820,"entryFile":"/Users/yuanxi/Workwork/vibe-fs/requirements/delegation/tests/032.test.mjs","name":"WHAT[delegation-032] office capability projection denies cross-role dispatch while retaining each role’s own work","fullName":"WHAT[delegation-032] office capability projection denies cross-role dispatch while retaining each role’s own work"}
[verification-test-start] {"pid":3857,"parentPid":3820,"entryFile":"/Users/yuanxi/Workwork/vibe-fs/requirements/delegation/tests/027.test.mjs","name":"WHAT[delegation-027] root affinity also rejects old Aborted without a prepared handoff","fullName":"WHAT[delegation-027] root affinity also rejects old Aborted without a prepared handoff"}
[verification-test-start] {"pid":3864,"parentPid":3820,"entryFile":"/Users/yuanxi/Workwork/vibe-fs/requirements/delegation/tests/032.test.mjs","name":"WHAT[delegation-032] SyncDelegate selects standard Engineer capabilities without DevOps authority","fullName":"WHAT[delegation-032] SyncDelegate selects standard Engineer capabilities without DevOps authority"}
[verification-test-start] {"pid":3864,"parentPid":3820,"entryFile":"/Users/yuanxi/Workwork/vibe-fs/requirements/delegation/tests/032.test.mjs","name":"WHAT[delegation-032] Manager fork refuses a non-engineer calling and dispatches nothing while engineer calling still dispatches","fullName":"WHAT[delegation-032] Manager fork refuses a non-engineer calling and dispatches nothing while engineer calling still dispatches"}
[verification-test-start] {"pid":3869,"parentPid":3820,"entryFile":"/Users/yuanxi/Workwork/vibe-fs/requirements/dispatch-protocol/tests/002.test.mjs","name":"WHAT[dispatch-protocol-002] DP_002_submit_records_the_receipt_without_resolving_the_claim","fullName":"WHAT[dispatch-protocol-002] DP_002_submit_records_the_receipt_without_resolving_the_claim"}
[verification-test-start] {"pid":3866,"parentPid":3820,"entryFile":"/Users/yuanxi/Workwork/vibe-fs/requirements/dispatch-protocol/tests/001.test.mjs","name":"WHAT[dispatch-protocol-001] every actual synthetic-message producer uses the registered dispatcher, including Guard, repair, nudge and Orchestrator paths (GAP-136)","fullName":"WHAT[dispatch-protocol-001] every actual synthetic-message producer uses the registered dispatcher, including Guard, repair, nudge and Orchestrator paths (GAP-136)"}
[verification-test-start] {"pid":3869,"parentPid":3820,"entryFile":"/Users/yuanxi/Workwork/vibe-fs/requirements/dispatch-protocol/tests/002.test.mjs","name":"WHAT[dispatch-protocol-002] DP_002_abandon_removes_the_claim_and_leaves_the_active_run_alone","fullName":"WHAT[dispatch-protocol-002] DP_002_abandon_removes_the_claim_and_leaves_the_active_run_alone"}
runner: file lifecycle {"entryFile":"/Users/yuanxi/Workwork/vibe-fs/requirements/dispatch-protocol/tests/001.test.mjs","type":"runner:file-drained","elapsedMs":1907.453542}
runner: file lifecycle {"entryFile":"/Users/yuanxi/Workwork/vibe-fs/requirements/dispatch-protocol/tests/003.test.mjs","pid":3820,"parentPid":3799,"type":"runner:file-start","elapsedMs":1908.4590420000002}
[verification-test-start] {"pid":3869,"parentPid":3820,"entryFile":"/Users/yuanxi/Workwork/vibe-fs/requirements/dispatch-protocol/tests/002.test.mjs","name":"WHAT[dispatch-protocol-002] DP_002_claim_records_payload_digest_and_participant","fullName":"WHAT[dispatch-protocol-002] DP_002_claim_records_payload_digest_and_participant"}
[verification-test-start] {"pid":3869,"parentPid":3820,"entryFile":"/Users/yuanxi/Workwork/vibe-fs/requirements/dispatch-protocol/tests/002.test.mjs","name":"WHAT[dispatch-protocol-002] PROMPT_011_RuntimeStarted_advances_a_workspace_watermark_not_every_session","fullName":"WHAT[dispatch-protocol-002] PROMPT_011_RuntimeStarted_advances_a_workspace_watermark_not_every_session"}
[verification-test-start] {"pid":3869,"parentPid":3820,"entryFile":"/Users/yuanxi/Workwork/vibe-fs/requirements/dispatch-protocol/tests/002.test.mjs","name":"WHAT[dispatch-protocol-002] HOST_004_stale_idle_repair_is_abandoned_at_the_final_physical_send_boundary","fullName":"WHAT[dispatch-protocol-002] HOST_004_stale_idle_repair_is_abandoned_at_the_final_physical_send_boundary"}
[verification-test-start] {"pid":3844,"parentPid":3820,"entryFile":"/Users/yuanxi/Workwork/vibe-fs/requirements/delegation/tests/025.test.mjs","name":"WHAT[delegation-025] observed Engineer execution publishes the exact admitted prompt and causal formal terminal after the existing workflow","fullName":"WHAT[delegation-025] observed Engineer execution publishes the exact admitted prompt and causal formal terminal after the existing workflow"}
[verification-test-start] {"pid":3844,"parentPid":3820,"entryFile":"/Users/yuanxi/Workwork/vibe-fs/requirements/delegation/tests/025.test.mjs","name":"WHAT[delegation-025] observed invocations reuse a child while preserving distinct prompt and terminal identities and rejecting previous terminals","fullName":"WHAT[delegation-025] observed invocations reuse a child while preserving distinct prompt and terminal identities and rejecting previous terminals"}
[verification-test-start] {"pid":3863,"parentPid":3820,"entryFile":"/Users/yuanxi/Workwork/vibe-fs/requirements/delegation/tests/031.test.mjs","name":"WHAT[delegation-031] a separate checkpoint after writer closure reports NotCommitted with the exact parent","fullName":"WHAT[delegation-031] a separate checkpoint after writer closure reports NotCommitted with the exact parent"}
[verification-test-start] {"pid":3824,"parentPid":3820,"entryFile":"/Users/yuanxi/Workwork/vibe-fs/requirements/delegation/tests/003.test.mjs","name":"WHAT[delegation-003] the original fixed DevOps terminal callback survives parent cancel without another tool lookup","fullName":"WHAT[delegation-003] the original fixed DevOps terminal callback survives parent cancel without another tool lookup"}
[verification-test-start] {"pid":3843,"parentPid":3820,"entryFile":"/Users/yuanxi/Workwork/vibe-fs/requirements/delegation/tests/024.test.mjs","name":"WHAT[delegation-024] FORK_TOOL_same_byname_reuse_dispatches_immediately_and_leaves_completion_to_join","fullName":"WHAT[delegation-024] FORK_TOOL_same_byname_reuse_dispatches_immediately_and_leaves_completion_to_join"}
[verification-test-start] {"pid":3857,"parentPid":3820,"entryFile":"/Users/yuanxi/Workwork/vibe-fs/requirements/delegation/tests/027.test.mjs","name":"WHAT[delegation-027] an active road rejects a new charge and becomes reusable after completion before join consumption","fullName":"WHAT[delegation-027] an active road rejects a new charge and becomes reusable after completion before join consumption"}
[verification-test-start] {"pid":3869,"parentPid":3820,"entryFile":"/Users/yuanxi/Workwork/vibe-fs/requirements/dispatch-protocol/tests/002.test.mjs","name":"WHAT[dispatch-protocol-002] a journal that cannot persist the claim prevents the Host send and leaves no durable trace","fullName":"WHAT[dispatch-protocol-002] a journal that cannot persist the claim prevents the Host send and leaves no durable trace"}
[verification-test-start] {"pid":3869,"parentPid":3820,"entryFile":"/Users/yuanxi/Workwork/vibe-fs/requirements/dispatch-protocol/tests/002.test.mjs","name":"WHAT[dispatch-protocol-002] the exact claim is already durable while the transport invocation is still in flight","fullName":"WHAT[dispatch-protocol-002] the exact claim is already durable while the transport invocation is still in flight"}
[verification-test-start] {"pid":3856,"parentPid":3820,"entryFile":"/Users/yuanxi/Workwork/vibe-fs/requirements/delegation/tests/026.test.mjs","name":"WHAT[delegation-026] FORK_TOOL_acceptance_unknown_never_claims_charge_was_not_placed","fullName":"WHAT[delegation-026] FORK_TOOL_acceptance_unknown_never_claims_charge_was_not_placed"}
[verification-test-start] {"pid":3872,"parentPid":3820,"entryFile":"/Users/yuanxi/Workwork/vibe-fs/requirements/dispatch-protocol/tests/003.test.mjs","name":"WHAT[dispatch-protocol-003] typed transport receipt accepted-queue-entry remains pending and grants no authority after journal reopen","fullName":"WHAT[dispatch-protocol-003] typed transport receipt accepted-queue-entry remains pending and grants no authority after journal reopen"}
[verification-test-start] {"pid":3863,"parentPid":3820,"entryFile":"/Users/yuanxi/Workwork/vibe-fs/requirements/delegation/tests/031.test.mjs","name":"WHAT[delegation-031] DELEG_031_checkpoint_probe_reports_typed_settlement_with_exact_identity","fullName":"WHAT[delegation-031] DELEG_031_checkpoint_probe_reports_typed_settlement_with_exact_identity"}
[verification-test-start] {"pid":3869,"parentPid":3820,"entryFile":"/Users/yuanxi/Workwork/vibe-fs/requirements/dispatch-protocol/tests/002.test.mjs","name":"WHAT[dispatch-protocol-002] production Manager idle dispatch (crash-reconciliation-006 compatibility) sends with the same road and fresh captured permit","fullName":"WHAT[dispatch-protocol-002] production Manager idle dispatch (crash-reconciliation-006 compatibility) sends with the same road and fresh captured permit"}
runner: file lifecycle {"entryFile":"/Users/yuanxi/Workwork/vibe-fs/requirements/delegation/tests/032.test.mjs","type":"runner:file-drained","elapsedMs":2224.6875}
runner: file lifecycle {"entryFile":"/Users/yuanxi/Workwork/vibe-fs/requirements/dispatch-protocol/tests/004.test.mjs","pid":3820,"parentPid":3799,"type":"runner:file-start","elapsedMs":2227.341875}
[verification-test-start] {"pid":3844,"parentPid":3820,"entryFile":"/Users/yuanxi/Workwork/vibe-fs/requirements/delegation/tests/025.test.mjs","name":"WHAT[delegation-025] rejection before dispatch settles both observed tasks without another Host prompt","fullName":"WHAT[delegation-025] rejection before dispatch settles both observed tasks without another Host prompt"}
[verification-test-start] {"pid":3856,"parentPid":3820,"entryFile":"/Users/yuanxi/Workwork/vibe-fs/requirements/delegation/tests/026.test.mjs","name":"WHAT[delegation-026] FORK_TOOL_unconfirmed_dispatch_reports_uncertain_and_never_leaves_ghost_run_for_join","fullName":"WHAT[delegation-026] FORK_TOOL_unconfirmed_dispatch_reports_uncertain_and_never_leaves_ghost_run_for_join"}
[verification-test-start] {"pid":3863,"parentPid":3820,"entryFile":"/Users/yuanxi/Workwork/vibe-fs/requirements/delegation/tests/031.test.mjs","name":"WHAT[delegation-031] successive completed work reuses the child and never retreats the recorded frontier","fullName":"WHAT[delegation-031] successive completed work reuses the child and never retreats the recorded frontier"}
[verification-test-start] {"pid":3869,"parentPid":3820,"entryFile":"/Users/yuanxi/Workwork/vibe-fs/requirements/dispatch-protocol/tests/002.test.mjs","name":"WHAT[dispatch-protocol-002] production Manager idle dispatch (crash-reconciliation-006 compatibility) abandons a captured permit revoked by Human physical ingress before SDK send","fullName":"WHAT[dispatch-protocol-002] production Manager idle dispatch (crash-reconciliation-006 compatibility) abandons a captured permit revoked by Human physical ingress before SDK send"}
[verification-test-start] {"pid":3872,"parentPid":3820,"entryFile":"/Users/yuanxi/Workwork/vibe-fs/requirements/dispatch-protocol/tests/003.test.mjs","name":"WHAT[dispatch-protocol-003] typed transport receipt msg-looks-like-physical remains pending and grants no authority after journal reopen","fullName":"WHAT[dispatch-protocol-003] typed transport receipt msg-looks-like-physical remains pending and grants no authority after journal reopen"}
[verification-test-start] {"pid":3883,"parentPid":3820,"entryFile":"/Users/yuanxi/Workwork/vibe-fs/requirements/dispatch-protocol/tests/004.test.mjs","name":"WHAT[dispatch-protocol-004] ingress_accepts_the_exact_nonblank_Host_identity","fullName":"WHAT[dispatch-protocol-004] ingress_accepts_the_exact_nonblank_Host_identity"}
[verification-test-start] {"pid":3872,"parentPid":3820,"entryFile":"/Users/yuanxi/Workwork/vibe-fs/requirements/dispatch-protocol/tests/003.test.mjs","name":"WHAT[dispatch-protocol-003] observed receipt-only send stays unaccepted until true physical ingress while preserving the original receipt carrier","fullName":"WHAT[dispatch-protocol-003] observed receipt-only send stays unaccepted until true physical ingress while preserving the original receipt carrier"}
[verification-test-start] {"pid":3844,"parentPid":3820,"entryFile":"/Users/yuanxi/Workwork/vibe-fs/requirements/delegation/tests/025.test.mjs","name":"WHAT[delegation-025] owner disposal after proven admission fails the existing observed completion without inventing physical abort","fullName":"WHAT[delegation-025] owner disposal after proven admission fails the existing observed completion without inventing physical abort"}
[verification-test-start] {"pid":3821,"parentPid":3820,"entryFile":"/Users/yuanxi/Workwork/vibe-fs/requirements/capability-enforcement/tests/025.test.mjs","name":"WHAT[capability-enforcement-025] P03_unaccepted_or_malformed_review_retains_readonly_permissions","fullName":"WHAT[capability-enforcement-025] P03_unaccepted_or_malformed_review_retains_readonly_permissions"}
runner: file lifecycle {"entryFile":"/Users/yuanxi/Workwork/vibe-fs/requirements/dispatch-protocol/tests/002.test.mjs","type":"runner:file-drained","elapsedMs":2418.588583}
runner: file lifecycle {"entryFile":"/Users/yuanxi/Workwork/vibe-fs/requirements/dispatch-protocol/tests/005.test.mjs","pid":3820,"parentPid":3799,"type":"runner:file-start","elapsedMs":2418.679458}
[verification-test-start] {"pid":3883,"parentPid":3820,"entryFile":"/Users/yuanxi/Workwork/vibe-fs/requirements/dispatch-protocol/tests/004.test.mjs","name":"WHAT[dispatch-protocol-004] ingress_rejects_missing_or_blank_Host_identity","fullName":"WHAT[dispatch-protocol-004] ingress_rejects_missing_or_blank_Host_identity"}
[verification-test-start] {"pid":3883,"parentPid":3820,"entryFile":"/Users/yuanxi/Workwork/vibe-fs/requirements/dispatch-protocol/tests/004.test.mjs","name":"WHAT[dispatch-protocol-004] ingress_rejects_conflicting_Host_identity_carriers","fullName":"WHAT[dispatch-protocol-004] ingress_rejects_conflicting_Host_identity_carriers"}
[verification-test-start] {"pid":3883,"parentPid":3820,"entryFile":"/Users/yuanxi/Workwork/vibe-fs/requirements/dispatch-protocol/tests/004.test.mjs","name":"WHAT[dispatch-protocol-004] ingress_ignores_non_contract_identity_decoys","fullName":"WHAT[dispatch-protocol-004] ingress_ignores_non_contract_identity_decoys"}
[verification-test-start] {"pid":3824,"parentPid":3820,"entryFile":"/Users/yuanxi/Workwork/vibe-fs/requirements/delegation/tests/003.test.mjs","name":"WHAT[delegation-003] scope detach after parent cancel releases the preserved fixed DevOps callback","fullName":"WHAT[delegation-003] scope detach after parent cancel releases the preserved fixed DevOps callback"}
runner: file lifecycle {"entryFile":"/Users/yuanxi/Workwork/vibe-fs/requirements/delegation/tests/027.test.mjs","type":"runner:file-drained","elapsedMs":2458.265625}
runner: file lifecycle {"entryFile":"/Users/yuanxi/Workwork/vibe-fs/requirements/dispatch-protocol/tests/006.test.mjs","pid":3820,"parentPid":3799,"type":"runner:file-start","elapsedMs":2461.2934170000003}
[verification-test-start] {"pid":3843,"parentPid":3820,"entryFile":"/Users/yuanxi/Workwork/vibe-fs/requirements/delegation/tests/024.test.mjs","name":"WHAT[delegation-024] reusable handoff advances one durable parent delta window at a time","fullName":"WHAT[delegation-024] reusable handoff advances one durable parent delta window at a time"}
[verification-test-start] {"pid":3856,"parentPid":3820,"entryFile":"/Users/yuanxi/Workwork/vibe-fs/requirements/delegation/tests/026.test.mjs","name":"WHAT[delegation-026] IDLE_ROAD_DEVOPS_COMPANION_does_not_block_join_with_hang","fullName":"WHAT[delegation-026] IDLE_ROAD_DEVOPS_COMPANION_does_not_block_join_with_hang"}
[verification-test-start] {"pid":3843,"parentPid":3820,"entryFile":"/Users/yuanxi/Workwork/vibe-fs/requirements/delegation/tests/024.test.mjs","name":"WHAT[delegation-024] reusable prompt carries the new charge and parent delta as data","fullName":"WHAT[delegation-024] reusable prompt carries the new charge and parent delta as data"}
[verification-test-start] {"pid":3843,"parentPid":3820,"entryFile":"/Users/yuanxi/Workwork/vibe-fs/requirements/delegation/tests/024.test.mjs","name":"WHAT[delegation-024] bounded child result never widens to an earlier invocation","fullName":"WHAT[delegation-024] bounded child result never widens to an earlier invocation"}
[verification-test-start] {"pid":3856,"parentPid":3820,"entryFile":"/Users/yuanxi/Workwork/vibe-fs/requirements/delegation/tests/026.test.mjs","name":"WHAT[delegation-026] RESTART_ADOPTED_IDLE_DEVOPS_does_not_block_join_with_hang","fullName":"WHAT[delegation-026] RESTART_ADOPTED_IDLE_DEVOPS_does_not_block_join_with_hang"}
[verification-test-start] {"pid":3844,"parentPid":3820,"entryFile":"/Users/yuanxi/Workwork/vibe-fs/requirements/delegation/tests/025.test.mjs","name":"WHAT[delegation-025] production completed-turn fallback rejects wrong-root instead of settling the reused observed invocation","fullName":"WHAT[delegation-025] production completed-turn fallback rejects wrong-root instead of settling the reused observed invocation"}
[verification-test-start] {"pid":3863,"parentPid":3820,"entryFile":"/Users/yuanxi/Workwork/vibe-fs/requirements/delegation/tests/031.test.mjs","name":"WHAT[delegation-031] actual sync and fork completion still deliver after NotCommitted or Unknown checkpoint, absorb duplicate terminals, re-read durable evidence without reexecution, and fuse only PhaseConflict (GAP-153)","fullName":"WHAT[delegation-031] actual sync and fork completion still deliver after NotCommitted or Unknown checkpoint, absorb duplicate terminals, re-read durable evidence without reexecution, and fuse only PhaseConflict (GAP-153)"}
[verification-test-start] {"pid":3888,"parentPid":3820,"entryFile":"/Users/yuanxi/Workwork/vibe-fs/requirements/dispatch-protocol/tests/005.test.mjs","name":"WHAT[dispatch-protocol-005] DP_005_prompt_key_is_deterministic_and_moves_with_every_component","fullName":"WHAT[dispatch-protocol-005] DP_005_prompt_key_is_deterministic_and_moves_with_every_component"}
[verification-test-start] {"pid":3888,"parentPid":3820,"entryFile":"/Users/yuanxi/Workwork/vibe-fs/requirements/dispatch-protocol/tests/005.test.mjs","name":"WHAT[dispatch-protocol-005] DP_005_claim_scope_names_exactly_session_run_origin_and_payload","fullName":"WHAT[dispatch-protocol-005] DP_005_claim_scope_names_exactly_session_run_origin_and_payload"}
[verification-test-start] {"pid":3888,"parentPid":3820,"entryFile":"/Users/yuanxi/Workwork/vibe-fs/requirements/dispatch-protocol/tests/005.test.mjs","name":"WHAT[dispatch-protocol-005] DP_005_legacy_identity_fields_are_dropped_never_reencoded","fullName":"WHAT[dispatch-protocol-005] DP_005_legacy_identity_fields_are_dropped_never_reencoded"}
runner: file lifecycle {"entryFile":"/Users/yuanxi/Workwork/vibe-fs/requirements/dispatch-protocol/tests/005.test.mjs","type":"runner:file-drained","elapsedMs":2606.951833}
runner: file lifecycle {"entryFile":"/Users/yuanxi/Workwork/vibe-fs/requirements/dispatch-protocol/tests/007.test.mjs","pid":3820,"parentPid":3799,"type":"runner:file-start","elapsedMs":2608.117125}
runner: file lifecycle {"entryFile":"/Users/yuanxi/Workwork/vibe-fs/requirements/dispatch-protocol/tests/003.test.mjs","type":"runner:file-drained","elapsedMs":2621.0256670000003}
runner: file lifecycle {"entryFile":"/Users/yuanxi/Workwork/vibe-fs/requirements/dispatch-protocol/tests/008.test.mjs","pid":3820,"parentPid":3799,"type":"runner:file-start","elapsedMs":2622.358083}
[verification-test-start] {"pid":3856,"parentPid":3820,"entryFile":"/Users/yuanxi/Workwork/vibe-fs/requirements/delegation/tests/026.test.mjs","name":"WHAT[delegation-026] actual admission and checkpoint fault cuts preserve exact durable claim and effect truth without replay or durable program counters (GAP-153)","fullName":"WHAT[delegation-026] actual admission and checkpoint fault cuts preserve exact durable claim and effect truth without replay or durable program counters (GAP-153)"}
[verification-test-start] {"pid":3883,"parentPid":3820,"entryFile":"/Users/yuanxi/Workwork/vibe-fs/requirements/dispatch-protocol/tests/004.test.mjs","name":"WHAT[dispatch-protocol-004] DP_004_physical_acceptance_is_proven_only_by_physical_message","fullName":"WHAT[dispatch-protocol-004] DP_004_physical_acceptance_is_proven_only_by_physical_message"}
[verification-test-start] {"pid":3883,"parentPid":3820,"entryFile":"/Users/yuanxi/Workwork/vibe-fs/requirements/dispatch-protocol/tests/004.test.mjs","name":"WHAT[dispatch-protocol-004] actual process restart matches exact durable PromptKey including read-only historical agent-bearing keys without re-encoding them (GAP-136)","fullName":"WHAT[dispatch-protocol-004] actual process restart matches exact durable PromptKey including read-only historical agent-bearing keys without re-encoding them (GAP-136)"}
runner: file lifecycle {"entryFile":"/Users/yuanxi/Workwork/vibe-fs/requirements/dispatch-protocol/tests/004.test.mjs","type":"runner:file-drained","elapsedMs":2631.8881250000004}
[verification-test-start] {"pid":3896,"parentPid":3820,"entryFile":"/Users/yuanxi/Workwork/vibe-fs/requirements/dispatch-protocol/tests/006.test.mjs","name":"WHAT[dispatch-protocol-006] DP_006_abandon_keeps_the_claim_sequence_consumed","fullName":"WHAT[dispatch-protocol-006] DP_006_abandon_keeps_the_claim_sequence_consumed"}
runner: file lifecycle {"entryFile":"/Users/yuanxi/Workwork/vibe-fs/requirements/dispatch-protocol/tests/009.test.mjs","pid":3820,"parentPid":3799,"type":"runner:file-start","elapsedMs":2634.0727920000004}
[verification-test-start] {"pid":3824,"parentPid":3820,"entryFile":"/Users/yuanxi/Workwork/vibe-fs/requirements/delegation/tests/003.test.mjs","name":"WHAT[delegation-003] each new ordinary work is cancelled after the fixed road owner survives an earlier cancel","fullName":"WHAT[delegation-003] each new ordinary work is cancelled after the fixed road owner survives an earlier cancel"}
[verification-test-start] {"pid":3896,"parentPid":3820,"entryFile":"/Users/yuanxi/Workwork/vibe-fs/requirements/dispatch-protocol/tests/006.test.mjs","name":"WHAT[dispatch-protocol-006] DP_006_claim_sequence_advances_on_registration_not_on_resolution","fullName":"WHAT[dispatch-protocol-006] DP_006_claim_sequence_advances_on_registration_not_on_resolution"}
[verification-test-start] {"pid":3896,"parentPid":3820,"entryFile":"/Users/yuanxi/Workwork/vibe-fs/requirements/dispatch-protocol/tests/006.test.mjs","name":"WHAT[dispatch-protocol-006] DP_006_same_payload_landings_stay_exact_per_physical_message","fullName":"WHAT[dispatch-protocol-006] DP_006_same_payload_landings_stay_exact_per_physical_message"}
runner: file lifecycle {"entryFile":"/Users/yuanxi/Workwork/vibe-fs/requirements/dispatch-protocol/tests/006.test.mjs","type":"runner:file-drained","elapsedMs":2655.9939170000002}
runner: file lifecycle {"entryFile":"/Users/yuanxi/Workwork/vibe-fs/requirements/dispatch-protocol/tests/010.test.mjs","pid":3820,"parentPid":3799,"type":"runner:file-start","elapsedMs":2657.520583}
[verification-test-start] {"pid":3844,"parentPid":3820,"entryFile":"/Users/yuanxi/Workwork/vibe-fs/requirements/delegation/tests/025.test.mjs","name":"WHAT[delegation-025] production completed-turn fallback rejects previous-physical instead of settling the reused observed invocation","fullName":"WHAT[delegation-025] production completed-turn fallback rejects previous-physical instead of settling the reused observed invocation"}
[verification-test-start] {"pid":3909,"parentPid":3820,"entryFile":"/Users/yuanxi/Workwork/vibe-fs/requirements/dispatch-protocol/tests/009.test.mjs","name":"WHAT[dispatch-protocol-009] PROMPT_007_detached_claims_and_persists_without_physical_accepted","fullName":"WHAT[dispatch-protocol-009] PROMPT_007_detached_claims_and_persists_without_physical_accepted"}
[verification-test-start] {"pid":3843,"parentPid":3820,"entryFile":"/Users/yuanxi/Workwork/vibe-fs/requirements/delegation/tests/024.test.mjs","name":"WHAT[delegation-024] Engineer reuse sends parent delta waits for its own root and returns its own child delta","fullName":"WHAT[delegation-024] Engineer reuse sends parent delta waits for its own root and returns its own child delta"}
[verification-test-start] {"pid":3863,"parentPid":3820,"entryFile":"/Users/yuanxi/Workwork/vibe-fs/requirements/delegation/tests/031.test.mjs","name":"WHAT[delegation-031] DELEG_031_stale_authority_completion_cannot_claim_a_new_call","fullName":"WHAT[delegation-031] DELEG_031_stale_authority_completion_cannot_claim_a_new_call"}
[verification-test-start] {"pid":3863,"parentPid":3820,"entryFile":"/Users/yuanxi/Workwork/vibe-fs/requirements/delegation/tests/031.test.mjs","name":"WHAT[delegation-031] DELEG_031_parent_supersede_leaves_no_orphan_completion_claim","fullName":"WHAT[delegation-031] DELEG_031_parent_supersede_leaves_no_orphan_completion_claim"}
[verification-test-start] {"pid":3821,"parentPid":3820,"entryFile":"/Users/yuanxi/Workwork/vibe-fs/requirements/capability-enforcement/tests/025.test.mjs","name":"WHAT[capability-enforcement-025] P07_valid_certificate_cleanup_blocker_or_retirement_freeze_denies_review_tool","fullName":"WHAT[capability-enforcement-025] P07_valid_certificate_cleanup_blocker_or_retirement_freeze_denies_review_tool"}
[verification-test-start] {"pid":3821,"parentPid":3820,"entryFile":"/Users/yuanxi/Workwork/vibe-fs/requirements/capability-enforcement/tests/025.test.mjs","name":"WHAT[capability-enforcement-025] P11_plugin_reopen_evaluates_durable_incumbency_facts_without_resetting_assessment","fullName":"WHAT[capability-enforcement-025] P11_plugin_reopen_evaluates_durable_incumbency_facts_without_resetting_assessment"}
[verification-test-start] {"pid":3821,"parentPid":3820,"entryFile":"/Users/yuanxi/Workwork/vibe-fs/requirements/capability-enforcement/tests/025.test.mjs","name":"WHAT[capability-enforcement-025] P12_current_fact_classifier_distinguishes_accepted_and_unaccepted_assessment","fullName":"WHAT[capability-enforcement-025] P12_current_fact_classifier_distinguishes_accepted_and_unaccepted_assessment"}
[verification-test-start] {"pid":3908,"parentPid":3820,"entryFile":"/Users/yuanxi/Workwork/vibe-fs/requirements/dispatch-protocol/tests/008.test.mjs","name":"WHAT[dispatch-protocol-008] DP_008_unproven_outcome_stays_pending_never_resends","fullName":"WHAT[dispatch-protocol-008] DP_008_unproven_outcome_stays_pending_never_resends"}
runner: file lifecycle {"entryFile":"/Users/yuanxi/Workwork/vibe-fs/requirements/delegation/tests/024.test.mjs","type":"runner:file-drained","elapsedMs":2814.446042}
runner: file lifecycle {"entryFile":"/Users/yuanxi/Workwork/vibe-fs/requirements/dispatch-protocol/tests/011.test.mjs","pid":3820,"parentPid":3799,"type":"runner:file-start","elapsedMs":2820.334083}
[verification-test-start] {"pid":3910,"parentPid":3820,"entryFile":"/Users/yuanxi/Workwork/vibe-fs/requirements/dispatch-protocol/tests/010.test.mjs","name":"WHAT[dispatch-protocol-010] authority root public profile exposes identity without a model field","fullName":"WHAT[dispatch-protocol-010] authority root public profile exposes identity without a model field"}
[verification-test-start] {"pid":3910,"parentPid":3820,"entryFile":"/Users/yuanxi/Workwork/vibe-fs/requirements/dispatch-protocol/tests/010.test.mjs","name":"WHAT[dispatch-protocol-010] PROMPT_006_unknown_authority_kind_fails_closed","fullName":"WHAT[dispatch-protocol-010] PROMPT_006_unknown_authority_kind_fails_closed"}
[verification-test-start] {"pid":3910,"parentPid":3820,"entryFile":"/Users/yuanxi/Workwork/vibe-fs/requirements/dispatch-protocol/tests/010.test.mjs","name":"WHAT[dispatch-protocol-010] PROMPT_006_send_payload_carries_participant_and_no_model","fullName":"WHAT[dispatch-protocol-010] PROMPT_006_send_payload_carries_participant_and_no_model"}
[verification-test-start] {"pid":3907,"parentPid":3820,"entryFile":"/Users/yuanxi/Workwork/vibe-fs/requirements/dispatch-protocol/tests/007.test.mjs","name":"WHAT[dispatch-protocol-007] observed AcceptanceUnknown retains its actual PromptKey and native verdict without resending or guessing from reason text","fullName":"WHAT[dispatch-protocol-007] observed AcceptanceUnknown retains its actual PromptKey and native verdict without resending or guessing from reason text"}
[verification-test-start] {"pid":3909,"parentPid":3820,"entryFile":"/Users/yuanxi/Workwork/vibe-fs/requirements/dispatch-protocol/tests/009.test.mjs","name":"WHAT[dispatch-protocol-009] PROMPT_007_detached_sdk_physical_id_does_not_race_chat_message_acceptance","fullName":"WHAT[dispatch-protocol-009] PROMPT_007_detached_sdk_physical_id_does_not_race_chat_message_acceptance"}
[verification-test-start] {"pid":3863,"parentPid":3820,"entryFile":"/Users/yuanxi/Workwork/vibe-fs/requirements/delegation/tests/031.test.mjs","name":"WHAT[delegation-031] DELEG_031_completed_and_delete_in_both_orders_settle_exactly_once","fullName":"WHAT[delegation-031] DELEG_031_completed_and_delete_in_both_orders_settle_exactly_once"}
[verification-test-start] {"pid":3844,"parentPid":3820,"entryFile":"/Users/yuanxi/Workwork/vibe-fs/requirements/delegation/tests/025.test.mjs","name":"WHAT[delegation-025] production completed-turn fallback settles its invocation once and preserves the first causal response","fullName":"WHAT[delegation-025] production completed-turn fallback settles its invocation once and preserves the first causal response"}
[verification-test-start] {"pid":3824,"parentPid":3820,"entryFile":"/Users/yuanxi/Workwork/vibe-fs/requirements/delegation/tests/003.test.mjs","name":"WHAT[delegation-003] a parent cancellation episode rejects new ordinary ingress before physical placement","fullName":"WHAT[delegation-003] a parent cancellation episode rejects new ordinary ingress before physical placement"}
[verification-test-start] {"pid":3908,"parentPid":3820,"entryFile":"/Users/yuanxi/Workwork/vibe-fs/requirements/dispatch-protocol/tests/008.test.mjs","name":"WHAT[dispatch-protocol-008] DP_008_snapshot_unreadable_is_no_proof_and_keeps_the_claim_pending","fullName":"WHAT[dispatch-protocol-008] DP_008_snapshot_unreadable_is_no_proof_and_keeps_the_claim_pending"}
[verification-test-start] {"pid":3909,"parentPid":3820,"entryFile":"/Users/yuanxi/Workwork/vibe-fs/requirements/dispatch-protocol/tests/009.test.mjs","name":"WHAT[dispatch-protocol-009] PROMPT_007_detached_returns_even_when_session_send_task_never_settles","fullName":"WHAT[dispatch-protocol-009] PROMPT_007_detached_returns_even_when_session_send_task_never_settles"}
[verification-test-start] {"pid":3908,"parentPid":3820,"entryFile":"/Users/yuanxi/Workwork/vibe-fs/requirements/dispatch-protocol/tests/008.test.mjs","name":"WHAT[dispatch-protocol-008] DP_008_concurrent_exact_gate_nudges_share_one_claim_and_send","fullName":"WHAT[dispatch-protocol-008] DP_008_concurrent_exact_gate_nudges_share_one_claim_and_send"}
[verification-test-start] {"pid":3921,"parentPid":3820,"entryFile":"/Users/yuanxi/Workwork/vibe-fs/requirements/dispatch-protocol/tests/011.test.mjs","name":"WHAT[dispatch-protocol-011] PROMPT_006_send_payload_carries_prompt_key_metadata","fullName":"WHAT[dispatch-protocol-011] PROMPT_006_send_payload_carries_prompt_key_metadata"}
[verification-test-start] {"pid":3844,"parentPid":3820,"entryFile":"/Users/yuanxi/Workwork/vibe-fs/requirements/delegation/tests/025.test.mjs","name":"WHAT[delegation-025] a real preparation exception settles observed admission and completion without a Host send","fullName":"WHAT[delegation-025] a real preparation exception settles observed admission and completion without a Host send"}
[verification-test-start] {"pid":3910,"parentPid":3820,"entryFile":"/Users/yuanxi/Workwork/vibe-fs/requirements/dispatch-protocol/tests/010.test.mjs","name":"WHAT[dispatch-protocol-010] DP_010_send_agent_owner_root_is_strictly_model_free","fullName":"WHAT[dispatch-protocol-010] DP_010_send_agent_owner_root_is_strictly_model_free"}
[verification-test-start] {"pid":3908,"parentPid":3820,"entryFile":"/Users/yuanxi/Workwork/vibe-fs/requirements/dispatch-protocol/tests/008.test.mjs","name":"WHAT[dispatch-protocol-008] repeated post-flight exact occasions send again only after durable Abandoned, never after Pending, Submitted or PhysicalAccepted (GAP-136)","fullName":"WHAT[dispatch-protocol-008] repeated post-flight exact occasions send again only after durable Abandoned, never after Pending, Submitted or PhysicalAccepted (GAP-136)"}
runner: file lifecycle {"entryFile":"/Users/yuanxi/Workwork/vibe-fs/requirements/dispatch-protocol/tests/008.test.mjs","type":"runner:file-drained","elapsedMs":3083.5168750000003}
runner: file lifecycle {"entryFile":"/Users/yuanxi/Workwork/vibe-fs/requirements/dispatch-protocol/tests/012.test.mjs","pid":3820,"parentPid":3799,"type":"runner:file-start","elapsedMs":3085.696375}
[verification-test-start] {"pid":3844,"parentPid":3820,"entryFile":"/Users/yuanxi/Workwork/vibe-fs/requirements/delegation/tests/025.test.mjs","name":"WHAT[delegation-025] a real Host send promise exception preserves its actual key without fabricating an outcome","fullName":"WHAT[delegation-025] a real Host send promise exception preserves its actual key without fabricating an outcome"}
[verification-test-start] {"pid":3909,"parentPid":3820,"entryFile":"/Users/yuanxi/Workwork/vibe-fs/requirements/dispatch-protocol/tests/009.test.mjs","name":"WHAT[dispatch-protocol-009] PROMPT_007_detached_continuation_same_claim_path","fullName":"WHAT[dispatch-protocol-009] PROMPT_007_detached_continuation_same_claim_path"}
[verification-test-start] {"pid":3907,"parentPid":3820,"entryFile":"/Users/yuanxi/Workwork/vibe-fs/requirements/dispatch-protocol/tests/007.test.mjs","name":"WHAT[dispatch-protocol-007] observed Fatal retains its actual PromptKey and native verdict without resending or guessing from reason text","fullName":"WHAT[dispatch-protocol-007] observed Fatal retains its actual PromptKey and native verdict without resending or guessing from reason text"}
[verification-test-start] {"pid":3910,"parentPid":3820,"entryFile":"/Users/yuanxi/Workwork/vibe-fs/requirements/dispatch-protocol/tests/010.test.mjs","name":"WHAT[dispatch-protocol-010] DP_010_send_without_session_agent_cache_succeeds","fullName":"WHAT[dispatch-protocol-010] DP_010_send_without_session_agent_cache_succeeds"}
runner: file lifecycle {"entryFile":"/Users/yuanxi/Workwork/vibe-fs/requirements/delegation/tests/025.test.mjs","type":"runner:file-drained","elapsedMs":3158.8625}
runner: file lifecycle {"entryFile":"/Users/yuanxi/Workwork/vibe-fs/requirements/dispatch-protocol/tests/013.test.mjs","pid":3820,"parentPid":3799,"type":"runner:file-start","elapsedMs":3159.6936250000003}
runner: file lifecycle {"entryFile":"/Users/yuanxi/Workwork/vibe-fs/requirements/delegation/tests/031.test.mjs","type":"runner:file-drained","elapsedMs":3196.1189170000002}
runner: file lifecycle {"entryFile":"/Users/yuanxi/Workwork/vibe-fs/requirements/dispatch-protocol/tests/014.test.mjs","pid":3820,"parentPid":3799,"type":"runner:file-start","elapsedMs":3196.4454170000004}
[verification-test-start] {"pid":3910,"parentPid":3820,"entryFile":"/Users/yuanxi/Workwork/vibe-fs/requirements/dispatch-protocol/tests/010.test.mjs","name":"WHAT[dispatch-protocol-010] managed manager assignments retain the accepted run and tool boundary across journal reopen","fullName":"WHAT[dispatch-protocol-010] managed manager assignments retain the accepted run and tool boundary across journal reopen"}
[verification-test-start] {"pid":3821,"parentPid":3820,"entryFile":"/Users/yuanxi/Workwork/vibe-fs/requirements/capability-enforcement/tests/025.test.mjs","name":"WHAT[capability-enforcement-025] P13_review_accepted_after_before_hook_is_rejected_at_execution","fullName":"WHAT[capability-enforcement-025] P13_review_accepted_after_before_hook_is_rejected_at_execution"}
[verification-test-start] {"pid":3907,"parentPid":3820,"entryFile":"/Users/yuanxi/Workwork/vibe-fs/requirements/dispatch-protocol/tests/007.test.mjs","name":"WHAT[dispatch-protocol-007] fresh claim projection begins with no observed runtime restarts","fullName":"WHAT[dispatch-protocol-007] fresh claim projection begins with no observed runtime restarts"}
[verification-test-start] {"pid":3907,"parentPid":3820,"entryFile":"/Users/yuanxi/Workwork/vibe-fs/requirements/dispatch-protocol/tests/007.test.mjs","name":"WHAT[dispatch-protocol-007] PROMPT_007_detached_refused_abandons_send_failed_without_resend","fullName":"WHAT[dispatch-protocol-007] PROMPT_007_detached_refused_abandons_send_failed_without_resend"}
[verification-test-start] {"pid":3909,"parentPid":3820,"entryFile":"/Users/yuanxi/Workwork/vibe-fs/requirements/dispatch-protocol/tests/009.test.mjs","name":"WHAT[dispatch-protocol-009] PROMPT_007_detached_late_listener_verdict_routes_to_exact_owner","fullName":"WHAT[dispatch-protocol-009] PROMPT_007_detached_late_listener_verdict_routes_to_exact_owner"}
[verification-test-start] {"pid":3935,"parentPid":3820,"entryFile":"/Users/yuanxi/Workwork/vibe-fs/requirements/dispatch-protocol/tests/014.test.mjs","name":"WHAT[dispatch-protocol-014] actual invariant incident retains exact committed or unknown claim truth before invoking the injected fatal capability (GAP-136)","fullName":"WHAT[dispatch-protocol-014] actual invariant incident retains exact committed or unknown claim truth before invoking the injected fatal capability (GAP-136)"}
[verification-test-start] {"pid":3935,"parentPid":3820,"entryFile":"/Users/yuanxi/Workwork/vibe-fs/requirements/dispatch-protocol/tests/014.test.mjs","name":"WHAT[dispatch-protocol-014] duplicated actual dispatch incident reports and kills once without relabeling an accepted send as unsent (GAP-136)","fullName":"WHAT[dispatch-protocol-014] duplicated actual dispatch incident reports and kills once without relabeling an accepted send as unsent (GAP-136)"}
runner: file lifecycle {"entryFile":"/Users/yuanxi/Workwork/vibe-fs/requirements/dispatch-protocol/tests/011.test.mjs","type":"runner:file-drained","elapsedMs":3248.018875}
runner: file lifecycle {"entryFile":"/Users/yuanxi/Workwork/vibe-fs/requirements/dispatch-protocol/tests/015.test.mjs","pid":3820,"parentPid":3799,"type":"runner:file-start","elapsedMs":3249.4085830000004}
runner: file lifecycle {"entryFile":"/Users/yuanxi/Workwork/vibe-fs/requirements/dispatch-protocol/tests/014.test.mjs","type":"runner:file-drained","elapsedMs":3252.309792}
runner: file lifecycle {"entryFile":"/Users/yuanxi/Workwork/vibe-fs/requirements/durable-convergence/tests/001.test.mjs","pid":3820,"parentPid":3799,"type":"runner:file-start","elapsedMs":3254.715708}
[verification-test-start] {"pid":3933,"parentPid":3820,"entryFile":"/Users/yuanxi/Workwork/vibe-fs/requirements/dispatch-protocol/tests/012.test.mjs","name":"WHAT[dispatch-protocol-012] recovered turn binding restores durable participant and role when process-local role is absent","fullName":"WHAT[dispatch-protocol-012] recovered turn binding restores durable participant and role when process-local role is absent"}
[verification-test-start] {"pid":3934,"parentPid":3820,"entryFile":"/Users/yuanxi/Workwork/vibe-fs/requirements/dispatch-protocol/tests/013.test.mjs","name":"WHAT[dispatch-protocol-013] reopened journal retains a pending claim until explicit reconciliation observes its physical message","fullName":"WHAT[dispatch-protocol-013] reopened journal retains a pending claim until explicit reconciliation observes its physical message"}
[verification-test-start] {"pid":3824,"parentPid":3820,"entryFile":"/Users/yuanxi/Workwork/vibe-fs/requirements/delegation/tests/003.test.mjs","name":"WHAT[delegation-003] a failed in-flight cancellation cannot skip scope detach of the original fixed callback","fullName":"WHAT[delegation-003] a failed in-flight cancellation cannot skip scope detach of the original fixed callback"}
[verification-test-start] {"pid":3910,"parentPid":3820,"entryFile":"/Users/yuanxi/Workwork/vibe-fs/requirements/dispatch-protocol/tests/010.test.mjs","name":"WHAT[dispatch-protocol-010] managed blogger assignments retain the accepted run and tool boundary across journal reopen","fullName":"WHAT[dispatch-protocol-010] managed blogger assignments retain the accepted run and tool boundary across journal reopen"}
[verification-test-start] {"pid":3933,"parentPid":3820,"entryFile":"/Users/yuanxi/Workwork/vibe-fs/requirements/dispatch-protocol/tests/012.test.mjs","name":"WHAT[dispatch-protocol-012] DP_012_physical_acceptance_hands_exact_claim_identity_to_managed_execution","fullName":"WHAT[dispatch-protocol-012] DP_012_physical_acceptance_hands_exact_claim_identity_to_managed_execution"}
[verification-test-start] {"pid":3909,"parentPid":3820,"entryFile":"/Users/yuanxi/Workwork/vibe-fs/requirements/dispatch-protocol/tests/009.test.mjs","name":"WHAT[dispatch-protocol-009] PROMPT_007_detached_late_unknown_keeps_claim_then_refused_abandons","fullName":"WHAT[dispatch-protocol-009] PROMPT_007_detached_late_unknown_keeps_claim_then_refused_abandons"}
[verification-test-start] {"pid":3907,"parentPid":3820,"entryFile":"/Users/yuanxi/Workwork/vibe-fs/requirements/dispatch-protocol/tests/007.test.mjs","name":"WHAT[dispatch-protocol-007] PROMPT_007_detached_outcome_unknown_keeps_claim_pending_never_resends","fullName":"WHAT[dispatch-protocol-007] PROMPT_007_detached_outcome_unknown_keeps_claim_pending_never_resends"}
[verification-test-start] {"pid":3970,"parentPid":3820,"entryFile":"/Users/yuanxi/Workwork/vibe-fs/requirements/durable-convergence/tests/001.test.mjs","name":"WHAT[durable-convergence-001] merge preserves distinct concurrent facts and removes only exact duplicates","fullName":"WHAT[durable-convergence-001] merge preserves distinct concurrent facts and removes only exact duplicates"}
runner: file lifecycle {"entryFile":"/Users/yuanxi/Workwork/vibe-fs/requirements/durable-convergence/tests/001.test.mjs","type":"runner:file-drained","elapsedMs":3467.838208}
[verification-test-start] {"pid":3969,"parentPid":3820,"entryFile":"/Users/yuanxi/Workwork/vibe-fs/requirements/dispatch-protocol/tests/015.test.mjs","name":"WHAT[dispatch-protocol-015] ingress identity property rejects every malformed or ambiguous carrier world","fullName":"WHAT[dispatch-protocol-015] ingress identity property rejects every malformed or ambiguous carrier world"}
runner: file lifecycle {"entryFile":"/Users/yuanxi/Workwork/vibe-fs/requirements/durable-convergence/tests/002.test.mjs","pid":3820,"parentPid":3799,"type":"runner:file-start","elapsedMs":3470.062292}
[verification-test-start] {"pid":3910,"parentPid":3820,"entryFile":"/Users/yuanxi/Workwork/vibe-fs/requirements/dispatch-protocol/tests/010.test.mjs","name":"WHAT[dispatch-protocol-010] synthetic send producers leave model selection to admission at the wire","fullName":"WHAT[dispatch-protocol-010] synthetic send producers leave model selection to admission at the wire"}
[verification-test-start] {"pid":3934,"parentPid":3820,"entryFile":"/Users/yuanxi/Workwork/vibe-fs/requirements/dispatch-protocol/tests/013.test.mjs","name":"WHAT[dispatch-protocol-013] actual plugin construction reads no journal or Host evidence and recovery cannot run before successful durability activation (GAP-136)","fullName":"WHAT[dispatch-protocol-013] actual plugin construction reads no journal or Host evidence and recovery cannot run before successful durability activation (GAP-136)"}
[verification-test-start] {"pid":3933,"parentPid":3820,"entryFile":"/Users/yuanxi/Workwork/vibe-fs/requirements/dispatch-protocol/tests/012.test.mjs","name":"WHAT[dispatch-protocol-012] DP_012_continuation_inherits_identity_from_profile_without_host_cache","fullName":"WHAT[dispatch-protocol-012] DP_012_continuation_inherits_identity_from_profile_without_host_cache"}
[verification-test-start] {"pid":3907,"parentPid":3820,"entryFile":"/Users/yuanxi/Workwork/vibe-fs/requirements/dispatch-protocol/tests/007.test.mjs","name":"WHAT[dispatch-protocol-007] JNGD_nudge_releases_the_key_when_send_fails_and_retries","fullName":"WHAT[dispatch-protocol-007] JNGD_nudge_releases_the_key_when_send_fails_and_retries"}
[verification-test-start] {"pid":3969,"parentPid":3820,"entryFile":"/Users/yuanxi/Workwork/vibe-fs/requirements/dispatch-protocol/tests/015.test.mjs","name":"WHAT[dispatch-protocol-015] generated non-arrays and non-booleans remain inert without exceptions","fullName":"WHAT[dispatch-protocol-015] generated non-arrays and non-booleans remain inert without exceptions"}
runner: file lifecycle {"entryFile":"/Users/yuanxi/Workwork/vibe-fs/requirements/dispatch-protocol/tests/013.test.mjs","type":"runner:file-drained","elapsedMs":3557.078167}
[verification-test-start] {"pid":4002,"parentPid":3820,"entryFile":"/Users/yuanxi/Workwork/vibe-fs/requirements/durable-convergence/tests/002.test.mjs","name":"WHAT[durable-convergence-002] cross-writer dependency is ordered before its child","fullName":"WHAT[durable-convergence-002] cross-writer dependency is ordered before its child"}
runner: file lifecycle {"entryFile":"/Users/yuanxi/Workwork/vibe-fs/requirements/durable-convergence/tests/003.test.mjs","pid":3820,"parentPid":3799,"type":"runner:file-start","elapsedMs":3559.489458}
[verification-test-start] {"pid":4002,"parentPid":3820,"entryFile":"/Users/yuanxi/Workwork/vibe-fs/requirements/durable-convergence/tests/002.test.mjs","name":"WHAT[durable-convergence-002] generated k-way merge preserves union across writer permutations and exact duplicates","fullName":"WHAT[durable-convergence-002] generated k-way merge preserves union across writer permutations and exact duplicates"}
[verification-test-start] {"pid":3909,"parentPid":3820,"entryFile":"/Users/yuanxi/Workwork/vibe-fs/requirements/dispatch-protocol/tests/009.test.mjs","name":"WHAT[dispatch-protocol-009] PROMPT_007_detached_owned_settled_late_delivery_writes_no_fact","fullName":"WHAT[dispatch-protocol-009] PROMPT_007_detached_owned_settled_late_delivery_writes_no_fact"}
[verification-test-start] {"pid":3969,"parentPid":3820,"entryFile":"/Users/yuanxi/Workwork/vibe-fs/requirements/dispatch-protocol/tests/015.test.mjs","name":"WHAT[dispatch-protocol-015] ingress identity carrier algebra is exact conflict closed and byte preserving","fullName":"WHAT[dispatch-protocol-015] ingress identity carrier algebra is exact conflict closed and byte preserving"}
[verification-test-start] {"pid":3969,"parentPid":3820,"entryFile":"/Users/yuanxi/Workwork/vibe-fs/requirements/dispatch-protocol/tests/015.test.mjs","name":"WHAT[dispatch-protocol-015] ingress rejects conflicting or explicitly invalid SessionId carriers","fullName":"WHAT[dispatch-protocol-015] ingress rejects conflicting or explicitly invalid SessionId carriers"}
[verification-test-start] {"pid":3969,"parentPid":3820,"entryFile":"/Users/yuanxi/Workwork/vibe-fs/requirements/dispatch-protocol/tests/015.test.mjs","name":"WHAT[dispatch-protocol-015] ingress accepts plain own data fields only and never invokes accessors","fullName":"WHAT[dispatch-protocol-015] ingress accepts plain own data fields only and never invokes accessors"}
[verification-test-start] {"pid":3969,"parentPid":3820,"entryFile":"/Users/yuanxi/Workwork/vibe-fs/requirements/dispatch-protocol/tests/015.test.mjs","name":"WHAT[dispatch-protocol-015] agent and PromptKey require one exact primitive string","fullName":"WHAT[dispatch-protocol-015] agent and PromptKey require one exact primitive string"}
[verification-test-start] {"pid":3969,"parentPid":3820,"entryFile":"/Users/yuanxi/Workwork/vibe-fs/requirements/dispatch-protocol/tests/015.test.mjs","name":"WHAT[dispatch-protocol-015] explicit malformed carrier containers cannot collapse into Missing","fullName":"WHAT[dispatch-protocol-015] explicit malformed carrier containers cannot collapse into Missing"}
[verification-test-start] {"pid":3933,"parentPid":3820,"entryFile":"/Users/yuanxi/Workwork/vibe-fs/requirements/dispatch-protocol/tests/012.test.mjs","name":"WHAT[dispatch-protocol-012] DP_012_ingress_missing_agent_remains_none_without_cache_synthesis","fullName":"WHAT[dispatch-protocol-012] DP_012_ingress_missing_agent_remains_none_without_cache_synthesis"}
[verification-test-start] {"pid":3969,"parentPid":3820,"entryFile":"/Users/yuanxi/Workwork/vibe-fs/requirements/dispatch-protocol/tests/015.test.mjs","name":"WHAT[dispatch-protocol-015] malformed parts and boolean lookalikes are absent and never throw","fullName":"WHAT[dispatch-protocol-015] malformed parts and boolean lookalikes are absent and never throw"}
[verification-test-start] {"pid":3933,"parentPid":3820,"entryFile":"/Users/yuanxi/Workwork/vibe-fs/requirements/dispatch-protocol/tests/012.test.mjs","name":"WHAT[dispatch-protocol-012] real PhysicalAccepted handoff retains the whole atomic profile and only managed execution acquires exact capacity and creates execution facts (GAP-136)","fullName":"WHAT[dispatch-protocol-012] real PhysicalAccepted handoff retains the whole atomic profile and only managed execution acquires exact capacity and creates execution facts (GAP-136)"}
runner: file lifecycle {"entryFile":"/Users/yuanxi/Workwork/vibe-fs/requirements/dispatch-protocol/tests/012.test.mjs","type":"runner:file-drained","elapsedMs":3613.775}
runner: file lifecycle {"entryFile":"/Users/yuanxi/Workwork/vibe-fs/requirements/durable-convergence/tests/004.test.mjs","pid":3820,"parentPid":3799,"type":"runner:file-start","elapsedMs":3614.2057080000004}
[verification-test-start] {"pid":4003,"parentPid":3820,"entryFile":"/Users/yuanxi/Workwork/vibe-fs/requirements/durable-convergence/tests/003.test.mjs","name":"WHAT[durable-convergence-003] identity collision is fail closed not LWW","fullName":"WHAT[durable-convergence-003] identity collision is fail closed not LWW"}
[verification-test-start] {"pid":3907,"parentPid":3820,"entryFile":"/Users/yuanxi/Workwork/vibe-fs/requirements/dispatch-protocol/tests/007.test.mjs","name":"WHAT[dispatch-protocol-007] JNGD_join_gate_dedupes_same_terminal_but_rearms_for_fresh_terminal","fullName":"WHAT[dispatch-protocol-007] JNGD_join_gate_dedupes_same_terminal_but_rearms_for_fresh_terminal"}
runner: file lifecycle {"entryFile":"/Users/yuanxi/Workwork/vibe-fs/requirements/dispatch-protocol/tests/009.test.mjs","type":"runner:file-drained","elapsedMs":3682.0392920000004}
runner: file lifecycle {"entryFile":"/Users/yuanxi/Workwork/vibe-fs/requirements/durable-convergence/tests/005.test.mjs","pid":3820,"parentPid":3799,"type":"runner:file-start","elapsedMs":3683.2945}
[verification-test-start] {"pid":3821,"parentPid":3820,"entryFile":"/Users/yuanxi/Workwork/vibe-fs/requirements/capability-enforcement/tests/025.test.mjs","name":"WHAT[capability-enforcement-025] P14_completed_readonly_call_keeps_after_hook_while_subsequent_calls_are_denied","fullName":"WHAT[capability-enforcement-025] P14_completed_readonly_call_keeps_after_hook_while_subsequent_calls_are_denied"}
[verification-test-start] {"pid":3821,"parentPid":3820,"entryFile":"/Users/yuanxi/Workwork/vibe-fs/requirements/capability-enforcement/tests/025.test.mjs","name":"WHAT[capability-enforcement-025] an admitted call reads the file and before-hook denial preserves arguments and journal revision","fullName":"WHAT[capability-enforcement-025] an admitted call reads the file and before-hook denial preserves arguments and journal revision"}
[verification-test-start] {"pid":3824,"parentPid":3820,"entryFile":"/Users/yuanxi/Workwork/vibe-fs/requirements/delegation/tests/003.test.mjs","name":"WHAT[delegation-003] a synchronous cancellation signal failure releases the episode for a later real cancellation","fullName":"WHAT[delegation-003] a synchronous cancellation signal failure releases the episode for a later real cancellation"}
[verification-test-start] {"pid":3907,"parentPid":3820,"entryFile":"/Users/yuanxi/Workwork/vibe-fs/requirements/dispatch-protocol/tests/007.test.mjs","name":"WHAT[dispatch-protocol-007] opening additional journal writers does not abandon an unresolved claim","fullName":"WHAT[dispatch-protocol-007] opening additional journal writers does not abandon an unresolved claim"}
[verification-test-start] {"pid":4003,"parentPid":3820,"entryFile":"/Users/yuanxi/Workwork/vibe-fs/requirements/durable-convergence/tests/003.test.mjs","name":"WHAT[durable-convergence-003] sync blobifies each complete writer file once without segments or index","fullName":"WHAT[durable-convergence-003] sync blobifies each complete writer file once without segments or index"}
[verification-test-start] {"pid":4014,"parentPid":3820,"entryFile":"/Users/yuanxi/Workwork/vibe-fs/requirements/durable-convergence/tests/004.test.mjs","name":"WHAT[durable-convergence-004] a shared-parent fork retains both structural heads without storage rejection","fullName":"WHAT[durable-convergence-004] a shared-parent fork retains both structural heads without storage rejection"}
runner: file lifecycle {"entryFile":"/Users/yuanxi/Workwork/vibe-fs/requirements/dispatch-protocol/tests/007.test.mjs","type":"runner:file-drained","elapsedMs":3817.732667}
runner: file lifecycle {"entryFile":"/Users/yuanxi/Workwork/vibe-fs/requirements/durable-convergence/tests/006.test.mjs","pid":3820,"parentPid":3799,"type":"runner:file-start","elapsedMs":3819.642667}
[verification-test-start] {"pid":4014,"parentPid":3820,"entryFile":"/Users/yuanxi/Workwork/vibe-fs/requirements/durable-convergence/tests/004.test.mjs","name":"WHAT[durable-convergence-004] registered business projections expose deterministic typed DomainConflict for each legal concurrent fork (GAP-151)","fullName":"WHAT[durable-convergence-004] registered business projections expose deterministic typed DomainConflict for each legal concurrent fork (GAP-151)"}
runner: file lifecycle {"entryFile":"/Users/yuanxi/Workwork/vibe-fs/requirements/durable-convergence/tests/004.test.mjs","type":"runner:file-drained","elapsedMs":3871.114417}
runner: file lifecycle {"entryFile":"/Users/yuanxi/Workwork/vibe-fs/requirements/durable-convergence/tests/007.test.mjs","pid":3820,"parentPid":3799,"type":"runner:file-start","elapsedMs":3872.1457500000006}
runner: file lifecycle {"entryFile":"/Users/yuanxi/Workwork/vibe-fs/requirements/delegation/tests/003.test.mjs","type":"runner:file-drained","elapsedMs":3877.3245420000003}
runner: file lifecycle {"entryFile":"/Users/yuanxi/Workwork/vibe-fs/requirements/durable-convergence/tests/008.test.mjs","pid":3820,"parentPid":3799,"type":"runner:file-start","elapsedMs":3878.5897080000004}
runner: file lifecycle {"entryFile":"/Users/yuanxi/Workwork/vibe-fs/requirements/dispatch-protocol/tests/010.test.mjs","type":"runner:file-drained","elapsedMs":3878.8370830000003}
runner: file lifecycle {"entryFile":"/Users/yuanxi/Workwork/vibe-fs/requirements/durable-convergence/tests/009.test.mjs","pid":3820,"parentPid":3799,"type":"runner:file-start","elapsedMs":3878.871292}
[verification-test-start] {"pid":4015,"parentPid":3820,"entryFile":"/Users/yuanxi/Workwork/vibe-fs/requirements/durable-convergence/tests/005.test.mjs","name":"WHAT[durable-convergence-005] partial parent coverage leaves multiple structural heads until all current heads are covered","fullName":"WHAT[durable-convergence-005] partial parent coverage leaves multiple structural heads until all current heads are covered"}
[verification-test-start] {"pid":4015,"parentPid":3820,"entryFile":"/Users/yuanxi/Workwork/vibe-fs/requirements/durable-convergence/tests/005.test.mjs","name":"WHAT[durable-convergence-005] business resolution leaves DomainConflict only after the resolution and all competing heads are folded (GAP-151)","fullName":"WHAT[durable-convergence-005] business resolution leaves DomainConflict only after the resolution and all competing heads are folded (GAP-151)"}
runner: file lifecycle {"entryFile":"/Users/yuanxi/Workwork/vibe-fs/requirements/durable-convergence/tests/005.test.mjs","type":"runner:file-drained","elapsedMs":3969.9747500000003}
runner: file lifecycle {"entryFile":"/Users/yuanxi/Workwork/vibe-fs/requirements/durable-convergence/tests/010.test.mjs","pid":3820,"parentPid":3799,"type":"runner:file-start","elapsedMs":3970.7407920000005}
[verification-test-start] {"pid":4051,"parentPid":3820,"entryFile":"/Users/yuanxi/Workwork/vibe-fs/requirements/durable-convergence/tests/006.test.mjs","name":"WHAT[durable-convergence-006] merge retains competing facts despite opposing revision and wall-clock values","fullName":"WHAT[durable-convergence-006] merge retains competing facts despite opposing revision and wall-clock values"}
[verification-test-start] {"pid":4002,"parentPid":3820,"entryFile":"/Users/yuanxi/Workwork/vibe-fs/requirements/durable-convergence/tests/002.test.mjs","name":"WHAT[durable-convergence-002] generated independent streams compose associatively","fullName":"WHAT[durable-convergence-002] generated independent streams compose associatively"}
runner: file lifecycle {"entryFile":"/Users/yuanxi/Workwork/vibe-fs/requirements/durable-convergence/tests/006.test.mjs","type":"runner:file-drained","elapsedMs":4033.633917}
runner: file lifecycle {"entryFile":"/Users/yuanxi/Workwork/vibe-fs/requirements/durable-convergence/tests/011.test.mjs","pid":3820,"parentPid":3799,"type":"runner:file-start","elapsedMs":4035.145042}
[verification-test-start] {"pid":4070,"parentPid":3820,"entryFile":"/Users/yuanxi/Workwork/vibe-fs/requirements/durable-convergence/tests/008.test.mjs","name":"WHAT[durable-convergence-008] ensure adds both fetch mappings to every remote while preserving custom order and remaining idempotent","fullName":"WHAT[durable-convergence-008] ensure adds both fetch mappings to every remote while preserving custom order and remaining idempotent"}
[verification-test-start] {"pid":4071,"parentPid":3820,"entryFile":"/Users/yuanxi/Workwork/vibe-fs/requirements/durable-convergence/tests/009.test.mjs","name":"WHAT[durable-convergence-009] actual writer sync preserves gateway identities and refuses an invalid remote root","fullName":"WHAT[durable-convergence-009] actual writer sync preserves gateway identities and refuses an invalid remote root"}
[verification-test-start] {"pid":4071,"parentPid":3820,"entryFile":"/Users/yuanxi/Workwork/vibe-fs/requirements/durable-convergence/tests/009.test.mjs","name":"WHAT[durable-convergence-009] absent remote materializes a valid local-only Git snapshot","fullName":"WHAT[durable-convergence-009] absent remote materializes a valid local-only Git snapshot"}
[verification-test-start] {"pid":3821,"parentPid":3820,"entryFile":"/Users/yuanxi/Workwork/vibe-fs/requirements/capability-enforcement/tests/025.test.mjs","name":"WHAT[capability-enforcement-025] denial performs zero physical reads and write attempts through the production invocation (GAP-075: investigation 2026-10-03 — the production chain ToolRegistry → JsToolSpec → ToolWorkflow keeps read snapshots internal; the only wired observation port is RequirementGrounding.programObservation, which fires solely for paths that have grounding materials in the workspace, so a generic physical-read observer does not exist. Needed: a read-path observation port on JsToolSpec/ToolWorkflow (or an equivalent production entry) that the test fixture can subscribe to; the execute counter and journal revision in the passing test above remain the closest available proxies)","fullName":"WHAT[capability-enforcement-025] denial performs zero physical reads and write attempts through the production invocation (GAP-075: investigation 2026-10-03 — the production chain ToolRegistry → JsToolSpec → ToolWorkflow keeps read snapshots internal; the only wired observation port is RequirementGrounding.programObservation, which fires solely for paths that have grounding materials in the workspace, so a generic physical-read observer does not exist. Needed: a read-path observation port on JsToolSpec/ToolWorkflow (or an equivalent production entry) that the test fixture can subscribe to; the execute counter and journal revision in the passing test above remain the closest available proxies)"}
[verification-test-start] {"pid":3821,"parentPid":3820,"entryFile":"/Users/yuanxi/Workwork/vibe-fs/requirements/capability-enforcement/tests/025.test.mjs","name":"WHAT[capability-enforcement-025] an in-flight admitted read finishes across review acceptance (GAP-075: requires a controlled causal barrier driving real overlap; the sequential fixture cannot prove concurrency)","fullName":"WHAT[capability-enforcement-025] an in-flight admitted read finishes across review acceptance (GAP-075: requires a controlled causal barrier driving real overlap; the sequential fixture cannot prove concurrency)"}
[verification-test-start] {"pid":4002,"parentPid":3820,"entryFile":"/Users/yuanxi/Workwork/vibe-fs/requirements/durable-convergence/tests/002.test.mjs","name":"WHAT[durable-convergence-002] registered integration and sync entrypoints share the canonical merge and agree across process and machine boundaries (GAP-151)","fullName":"WHAT[durable-convergence-002] registered integration and sync entrypoints share the canonical merge and agree across process and machine boundaries (GAP-151)"}
runner: file lifecycle {"entryFile":"/Users/yuanxi/Workwork/vibe-fs/requirements/delegation/tests/026.test.mjs","type":"runner:file-drained","elapsedMs":4130.298125}
runner: file lifecycle {"entryFile":"/Users/yuanxi/Workwork/vibe-fs/requirements/durable-events/tests/001.test.mjs","pid":3820,"parentPid":3799,"type":"runner:file-start","elapsedMs":4131.323833}
runner: file lifecycle {"entryFile":"/Users/yuanxi/Workwork/vibe-fs/requirements/capability-enforcement/tests/025.test.mjs","type":"runner:file-drained","elapsedMs":4133.029}
[verification-test-start] {"pid":4069,"parentPid":3820,"entryFile":"/Users/yuanxi/Workwork/vibe-fs/requirements/durable-convergence/tests/007.test.mjs","name":"WHAT[durable-convergence-007] retained rich history rebuilds the exact live production Current","fullName":"WHAT[durable-convergence-007] retained rich history rebuilds the exact live production Current"}
runner: file lifecycle {"entryFile":"/Users/yuanxi/Workwork/vibe-fs/requirements/durable-events/tests/002.test.mjs","pid":3820,"parentPid":3799,"type":"runner:file-start","elapsedMs":4133.687917}
runner: file lifecycle {"entryFile":"/Users/yuanxi/Workwork/vibe-fs/requirements/durable-convergence/tests/002.test.mjs","type":"runner:file-drained","elapsedMs":4138.349875}
runner: file lifecycle {"entryFile":"/Users/yuanxi/Workwork/vibe-fs/requirements/durable-events/tests/003.test.mjs","pid":3820,"parentPid":3799,"type":"runner:file-start","elapsedMs":4141.721458}
[verification-test-start] {"pid":4102,"parentPid":3820,"entryFile":"/Users/yuanxi/Workwork/vibe-fs/requirements/durable-convergence/tests/010.test.mjs","name":"WHAT[durable-convergence-010] unchanged remote payload is not reread merely because payloads have no writer manifest","fullName":"WHAT[durable-convergence-010] unchanged remote payload is not reread merely because payloads have no writer manifest"}
[verification-test-start] {"pid":4102,"parentPid":3820,"entryFile":"/Users/yuanxi/Workwork/vibe-fs/requirements/durable-convergence/tests/010.test.mjs","name":"WHAT[durable-convergence-010] actual changed-file sync reads and validates only changed writer and payload bytes including retention expiry (GAP-151)","fullName":"WHAT[durable-convergence-010] actual changed-file sync reads and validates only changed writer and payload bytes including retention expiry (GAP-151)"}
runner: file lifecycle {"entryFile":"/Users/yuanxi/Workwork/vibe-fs/requirements/durable-convergence/tests/009.test.mjs","type":"runner:file-drained","elapsedMs":4207.466833}
runner: file lifecycle {"entryFile":"/Users/yuanxi/Workwork/vibe-fs/requirements/durable-events/tests/004.test.mjs","pid":3820,"parentPid":3799,"type":"runner:file-start","elapsedMs":4210.446875000001}
[verification-test-start] {"pid":4069,"parentPid":3820,"entryFile":"/Users/yuanxi/Workwork/vibe-fs/requirements/durable-convergence/tests/007.test.mjs","name":"WHAT[durable-convergence-007] independently synchronized replicas agree on nonempty production Current for every registered business oracle (GAP-151)","fullName":"WHAT[durable-convergence-007] independently synchronized replicas agree on nonempty production Current for every registered business oracle (GAP-151)"}
runner: file lifecycle {"entryFile":"/Users/yuanxi/Workwork/vibe-fs/requirements/durable-convergence/tests/007.test.mjs","type":"runner:file-drained","elapsedMs":4232.4562080000005}
runner: file lifecycle {"entryFile":"/Users/yuanxi/Workwork/vibe-fs/requirements/durable-events/tests/005.test.mjs","pid":3820,"parentPid":3799,"type":"runner:file-start","elapsedMs":4232.767042}
[verification-test-start] {"pid":4193,"parentPid":3820,"entryFile":"/Users/yuanxi/Workwork/vibe-fs/requirements/durable-events/tests/003.test.mjs","name":"WHAT[durable-events-003] PERSIST_001_serialization_is_deterministic_for_one_envelope","fullName":"WHAT[durable-events-003] PERSIST_001_serialization_is_deterministic_for_one_envelope"}
[verification-test-start] {"pid":4003,"parentPid":3820,"entryFile":"/Users/yuanxi/Workwork/vibe-fs/requirements/durable-convergence/tests/003.test.mjs","name":"WHAT[durable-convergence-003] concurrent append and hook convergence preserve the retained union across physical replacement and crash cuts (GAP-151)","fullName":"WHAT[durable-convergence-003] concurrent append and hook convergence preserve the retained union across physical replacement and crash cuts (GAP-151)"}
[verification-test-start] {"pid":4192,"parentPid":3820,"entryFile":"/Users/yuanxi/Workwork/vibe-fs/requirements/durable-events/tests/002.test.mjs","name":"WHAT[durable-events-002] PERSIST_001_an_envelope_serializes_to_exactly_one_line","fullName":"WHAT[durable-events-002] PERSIST_001_an_envelope_serializes_to_exactly_one_line"}
[verification-test-start] {"pid":4115,"parentPid":3820,"entryFile":"/Users/yuanxi/Workwork/vibe-fs/requirements/durable-convergence/tests/011.test.mjs","name":"WHAT[durable-convergence-011] reverse tail read is exact across block boundaries","fullName":"WHAT[durable-convergence-011] reverse tail read is exact across block boundaries"}
[verification-test-start] {"pid":4115,"parentPid":3820,"entryFile":"/Users/yuanxi/Workwork/vibe-fs/requirements/durable-convergence/tests/011.test.mjs","name":"WHAT[durable-convergence-011] the exact TTL boundary materializes the complete writer and one millisecond later expires it","fullName":"WHAT[durable-convergence-011] the exact TTL boundary materializes the complete writer and one millisecond later expires it"}
[verification-test-start] {"pid":4191,"parentPid":3820,"entryFile":"/Users/yuanxi/Workwork/vibe-fs/requirements/durable-events/tests/001.test.mjs","name":"WHAT[durable-events-001] append_only_prior_writer_bytes_are_a_strict_prefix_after_new_fact","fullName":"WHAT[durable-events-001] append_only_prior_writer_bytes_are_a_strict_prefix_after_new_fact"}
[verification-test-start] {"pid":4192,"parentPid":3820,"entryFile":"/Users/yuanxi/Workwork/vibe-fs/requirements/durable-events/tests/002.test.mjs","name":"WHAT[durable-events-002] EventType_is_exactly_JournalEnvelope","fullName":"WHAT[durable-events-002] EventType_is_exactly_JournalEnvelope"}
[verification-test-start] {"pid":4192,"parentPid":3820,"entryFile":"/Users/yuanxi/Workwork/vibe-fs/requirements/durable-events/tests/002.test.mjs","name":"WHAT[durable-events-002] encode_preserves_EventId","fullName":"WHAT[durable-events-002] encode_preserves_EventId"}
[verification-test-start] {"pid":4192,"parentPid":3820,"entryFile":"/Users/yuanxi/Workwork/vibe-fs/requirements/durable-events/tests/002.test.mjs","name":"WHAT[durable-events-002] encodeStreamId_scheme_is_stable_and_deterministic","fullName":"WHAT[durable-events-002] encodeStreamId_scheme_is_stable_and_deterministic"}
[verification-test-start] {"pid":4192,"parentPid":3820,"entryFile":"/Users/yuanxi/Workwork/vibe-fs/requirements/durable-events/tests/002.test.mjs","name":"WHAT[durable-events-002] round_trip_preserves_fold_relevant_fields","fullName":"WHAT[durable-events-002] round_trip_preserves_fold_relevant_fields"}
[verification-test-start] {"pid":4193,"parentPid":3820,"entryFile":"/Users/yuanxi/Workwork/vibe-fs/requirements/durable-events/tests/003.test.mjs","name":"WHAT[durable-events-003] PERSIST_001_an_absent_provider_run_is_omitted_rather_than_written_null","fullName":"WHAT[durable-events-003] PERSIST_001_an_absent_provider_run_is_omitted_rather_than_written_null"}
[verification-test-start] {"pid":4193,"parentPid":3820,"entryFile":"/Users/yuanxi/Workwork/vibe-fs/requirements/durable-events/tests/003.test.mjs","name":"WHAT[durable-events-003] PERSIST_001_an_envelope_survives_a_round_trip_unchanged","fullName":"WHAT[durable-events-003] PERSIST_001_an_envelope_survives_a_round_trip_unchanged"}
[verification-test-start] {"pid":4192,"parentPid":3820,"entryFile":"/Users/yuanxi/Workwork/vibe-fs/requirements/durable-events/tests/002.test.mjs","name":"WHAT[durable-events-002] round_trip_fold_equates_with_journal_fold","fullName":"WHAT[durable-events-002] round_trip_fold_equates_with_journal_fold"}
[verification-test-start] {"pid":4193,"parentPid":3820,"entryFile":"/Users/yuanxi/Workwork/vibe-fs/requirements/durable-events/tests/003.test.mjs","name":"WHAT[durable-events-003] PERSIST_001_serialized_bytes_do_not_depend_on_the_writers_utc_offset","fullName":"WHAT[durable-events-003] PERSIST_001_serialized_bytes_do_not_depend_on_the_writers_utc_offset"}
[verification-test-start] {"pid":4192,"parentPid":3820,"entryFile":"/Users/yuanxi/Workwork/vibe-fs/requirements/durable-events/tests/002.test.mjs","name":"WHAT[durable-events-002] tryDecode_rejects_wrong_EventType","fullName":"WHAT[durable-events-002] tryDecode_rejects_wrong_EventType"}
[verification-test-start] {"pid":4192,"parentPid":3820,"entryFile":"/Users/yuanxi/Workwork/vibe-fs/requirements/durable-events/tests/002.test.mjs","name":"WHAT[durable-events-002] workspace_child_process_streams_round_trip","fullName":"WHAT[durable-events-002] workspace_child_process_streams_round_trip"}
[verification-test-start] {"pid":4192,"parentPid":3820,"entryFile":"/Users/yuanxi/Workwork/vibe-fs/requirements/durable-events/tests/002.test.mjs","name":"WHAT[durable-events-002] handle_completed_with_completion_fields_round_trips_canonically","fullName":"WHAT[durable-events-002] handle_completed_with_completion_fields_round_trips_canonically"}
[verification-test-start] {"pid":4193,"parentPid":3820,"entryFile":"/Users/yuanxi/Workwork/vibe-fs/requirements/durable-events/tests/003.test.mjs","name":"WHAT[durable-events-003] PERSIST_001_parents_and_payload_refs_are_canonicalized_at_the_codec_boundary","fullName":"WHAT[durable-events-003] PERSIST_001_parents_and_payload_refs_are_canonicalized_at_the_codec_boundary"}
[verification-test-start] {"pid":4192,"parentPid":3820,"entryFile":"/Users/yuanxi/Workwork/vibe-fs/requirements/durable-events/tests/002.test.mjs","name":"WHAT[durable-events-002] handle_completed_missing_completion_fields_is_rejected_without_decode_migration","fullName":"WHAT[durable-events-002] handle_completed_missing_completion_fields_is_rejected_without_decode_migration"}
[verification-test-start] {"pid":4192,"parentPid":3820,"entryFile":"/Users/yuanxi/Workwork/vibe-fs/requirements/durable-events/tests/002.test.mjs","name":"WHAT[durable-events-002] malformed_completion_and_ownership_labels_fail_closed","fullName":"WHAT[durable-events-002] malformed_completion_and_ownership_labels_fail_closed"}
[verification-test-start] {"pid":4193,"parentPid":3820,"entryFile":"/Users/yuanxi/Workwork/vibe-fs/requirements/durable-events/tests/003.test.mjs","name":"WHAT[durable-events-003] same_EventId_different_canonical_bytes_fail_closed","fullName":"WHAT[durable-events-003] same_EventId_different_canonical_bytes_fail_closed"}
[verification-test-start] {"pid":4192,"parentPid":3820,"entryFile":"/Users/yuanxi/Workwork/vibe-fs/requirements/durable-events/tests/002.test.mjs","name":"WHAT[durable-events-002] EXEC_HostTurnObserved_serializes_round_trip_with_provider_run","fullName":"WHAT[durable-events-002] EXEC_HostTurnObserved_serializes_round_trip_with_provider_run"}
[verification-test-start] {"pid":4192,"parentPid":3820,"entryFile":"/Users/yuanxi/Workwork/vibe-fs/requirements/durable-events/tests/002.test.mjs","name":"WHAT[durable-events-002] EXEC_HostTurnObserved_serializes_round_trip_without_provider_run","fullName":"WHAT[durable-events-002] EXEC_HostTurnObserved_serializes_round_trip_without_provider_run"}
[verification-test-start] {"pid":4192,"parentPid":3820,"entryFile":"/Users/yuanxi/Workwork/vibe-fs/requirements/durable-events/tests/002.test.mjs","name":"WHAT[durable-events-002] EXEC_HostTurnObserved_fold_is_noop_on_agent_projection","fullName":"WHAT[durable-events-002] EXEC_HostTurnObserved_fold_is_noop_on_agent_projection"}
[verification-test-start] {"pid":4193,"parentPid":3820,"entryFile":"/Users/yuanxi/Workwork/vibe-fs/requirements/durable-events/tests/003.test.mjs","name":"WHAT[durable-events-003] same_EventId_same_canonical_bytes_dedupe_ok","fullName":"WHAT[durable-events-003] same_EventId_same_canonical_bytes_dedupe_ok"}
[verification-test-start] {"pid":4192,"parentPid":3820,"entryFile":"/Users/yuanxi/Workwork/vibe-fs/requirements/durable-events/tests/002.test.mjs","name":"WHAT[durable-events-002] EXEC_HostTurnObserved_identity_key_is_session_plus_provider_run","fullName":"WHAT[durable-events-002] EXEC_HostTurnObserved_identity_key_is_session_plus_provider_run"}
[verification-test-start] {"pid":4192,"parentPid":3820,"entryFile":"/Users/yuanxi/Workwork/vibe-fs/requirements/durable-events/tests/002.test.mjs","name":"WHAT[durable-events-002] Journal_codec_round_trip_preserves_fold_relevant_fields","fullName":"WHAT[durable-events-002] Journal_codec_round_trip_preserves_fold_relevant_fields"}
[verification-test-start] {"pid":4192,"parentPid":3820,"entryFile":"/Users/yuanxi/Workwork/vibe-fs/requirements/durable-events/tests/002.test.mjs","name":"WHAT[durable-events-002] Journal_stream_owner_round_trips_all_public_stream_kinds","fullName":"WHAT[durable-events-002] Journal_stream_owner_round_trips_all_public_stream_kinds"}
[verification-test-start] {"pid":4192,"parentPid":3820,"entryFile":"/Users/yuanxi/Workwork/vibe-fs/requirements/durable-events/tests/002.test.mjs","name":"WHAT[durable-events-002] fixture unified-store-schema-version.fs is RED for schema-version-in-store-context","fullName":"WHAT[durable-events-002] fixture unified-store-schema-version.fs is RED for schema-version-in-store-context"}
[verification-test-start] {"pid":4192,"parentPid":3820,"entryFile":"/Users/yuanxi/Workwork/vibe-fs/requirements/durable-events/tests/002.test.mjs","name":"WHAT[durable-events-002] schemaVersion without store context is not flagged (host/authored allow)","fullName":"WHAT[durable-events-002] schemaVersion without store context is not flagged (host/authored allow)"}
[verification-test-start] {"pid":4193,"parentPid":3820,"entryFile":"/Users/yuanxi/Workwork/vibe-fs/requirements/durable-events/tests/003.test.mjs","name":"WHAT[durable-events-003] canonical_bytes_are_utf8_json_plus_single_LF_with_sorted_keys","fullName":"WHAT[durable-events-003] canonical_bytes_are_utf8_json_plus_single_LF_with_sorted_keys"}
[verification-test-start] {"pid":4193,"parentPid":3820,"entryFile":"/Users/yuanxi/Workwork/vibe-fs/requirements/durable-events/tests/003.test.mjs","name":"WHAT[durable-events-003] event payload keys follow Unicode code-point order without integer-key reordering","fullName":"WHAT[durable-events-003] event payload keys follow Unicode code-point order without integer-key reordering"}
[verification-test-start] {"pid":4193,"parentPid":3820,"entryFile":"/Users/yuanxi/Workwork/vibe-fs/requirements/durable-events/tests/003.test.mjs","name":"WHAT[durable-events-003] distinct_EventIds_are_both_retained","fullName":"WHAT[durable-events-003] distinct_EventIds_are_both_retained"}
[verification-test-start] {"pid":4193,"parentPid":3820,"entryFile":"/Users/yuanxi/Workwork/vibe-fs/requirements/durable-events/tests/003.test.mjs","name":"WHAT[durable-events-003] parents_are_accepted_and_canonicalized","fullName":"WHAT[durable-events-003] parents_are_accepted_and_canonicalized"}
[verification-test-start] {"pid":4191,"parentPid":3820,"entryFile":"/Users/yuanxi/Workwork/vibe-fs/requirements/durable-events/tests/001.test.mjs","name":"WHAT[durable-events-001] append_commits_complete_canonical_line_then_updates_Current","fullName":"WHAT[durable-events-001] append_commits_complete_canonical_line_then_updates_Current"}
[verification-test-start] {"pid":4193,"parentPid":3820,"entryFile":"/Users/yuanxi/Workwork/vibe-fs/requirements/durable-events/tests/003.test.mjs","name":"WHAT[durable-events-003] payloadRefs_are_accepted_and_canonicalized_without_RuntimePath_IO","fullName":"WHAT[durable-events-003] payloadRefs_are_accepted_and_canonicalized_without_RuntimePath_IO"}
[verification-test-start] {"pid":4193,"parentPid":3820,"entryFile":"/Users/yuanxi/Workwork/vibe-fs/requirements/durable-events/tests/003.test.mjs","name":"WHAT[durable-events-003] canonical_identity_bytes_stable_under_section_5_0","fullName":"WHAT[durable-events-003] canonical_identity_bytes_stable_under_section_5_0"}
[verification-test-start] {"pid":4193,"parentPid":3820,"entryFile":"/Users/yuanxi/Workwork/vibe-fs/requirements/durable-events/tests/003.test.mjs","name":"WHAT[durable-events-003] DURABLE_EVENTS_003_same_EventId_same_bytes_dedupes","fullName":"WHAT[durable-events-003] DURABLE_EVENTS_003_same_EventId_same_bytes_dedupes"}
[verification-test-start] {"pid":4193,"parentPid":3820,"entryFile":"/Users/yuanxi/Workwork/vibe-fs/requirements/durable-events/tests/003.test.mjs","name":"WHAT[durable-events-003] DURABLE_EVENTS_003_same_EventId_different_bytes_fail_closed","fullName":"WHAT[durable-events-003] DURABLE_EVENTS_003_same_EventId_different_bytes_fail_closed"}
[verification-test-start] {"pid":4193,"parentPid":3820,"entryFile":"/Users/yuanxi/Workwork/vibe-fs/requirements/durable-events/tests/003.test.mjs","name":"WHAT[durable-events-003] invalid UTF-8 bytes fail closed before canonical JSON decoding","fullName":"WHAT[durable-events-003] invalid UTF-8 bytes fail closed before canonical JSON decoding"}
[verification-test-start] {"pid":4193,"parentPid":3820,"entryFile":"/Users/yuanxi/Workwork/vibe-fs/requirements/durable-events/tests/003.test.mjs","name":"WHAT[durable-events-003] UTF-8 BOM bytes are rejected rather than stripped by the decoder","fullName":"WHAT[durable-events-003] UTF-8 BOM bytes are rejected rather than stripped by the decoder"}
[verification-test-start] {"pid":4193,"parentPid":3820,"entryFile":"/Users/yuanxi/Workwork/vibe-fs/requirements/durable-events/tests/003.test.mjs","name":"WHAT[durable-events-003] PERSIST_001_runtime_started_pins_offset_on_serialize_and_deserialize","fullName":"WHAT[durable-events-003] PERSIST_001_runtime_started_pins_offset_on_serialize_and_deserialize"}
[verification-test-start] {"pid":4193,"parentPid":3820,"entryFile":"/Users/yuanxi/Workwork/vibe-fs/requirements/durable-events/tests/003.test.mjs","name":"WHAT[durable-events-003] PERSIST_001_handle_abandoned_pins_abandoned_at_offset","fullName":"WHAT[durable-events-003] PERSIST_001_handle_abandoned_pins_abandoned_at_offset"}
[verification-test-start] {"pid":4193,"parentPid":3820,"entryFile":"/Users/yuanxi/Workwork/vibe-fs/requirements/durable-events/tests/003.test.mjs","name":"WHAT[durable-events-003] Journal_codec_serializes_one_envelope_to_one_UTC_line","fullName":"WHAT[durable-events-003] Journal_codec_serializes_one_envelope_to_one_UTC_line"}
[verification-test-start] {"pid":4193,"parentPid":3820,"entryFile":"/Users/yuanxi/Workwork/vibe-fs/requirements/durable-events/tests/003.test.mjs","name":"WHAT[durable-events-003] MISC_canonical_json_sorts_keys_recursively","fullName":"WHAT[durable-events-003] MISC_canonical_json_sorts_keys_recursively"}
[verification-test-start] {"pid":4193,"parentPid":3820,"entryFile":"/Users/yuanxi/Workwork/vibe-fs/requirements/durable-events/tests/003.test.mjs","name":"WHAT[durable-events-003] canonical JSON orders numeric-looking and non-BMP keys by Unicode code point","fullName":"WHAT[durable-events-003] canonical JSON orders numeric-looking and non-BMP keys by Unicode code point"}
[verification-test-start] {"pid":4193,"parentPid":3820,"entryFile":"/Users/yuanxi/Workwork/vibe-fs/requirements/durable-events/tests/003.test.mjs","name":"WHAT[durable-events-003] canonical JSON preserves JSON sparse-array null semantics","fullName":"WHAT[durable-events-003] canonical JSON preserves JSON sparse-array null semantics"}
[verification-test-start] {"pid":4193,"parentPid":3820,"entryFile":"/Users/yuanxi/Workwork/vibe-fs/requirements/durable-events/tests/003.test.mjs","name":"WHAT[durable-events-003] MISC_canonical_json_equal_ignores_key_order","fullName":"WHAT[durable-events-003] MISC_canonical_json_equal_ignores_key_order"}
[verification-test-start] {"pid":4193,"parentPid":3820,"entryFile":"/Users/yuanxi/Workwork/vibe-fs/requirements/durable-events/tests/003.test.mjs","name":"WHAT[durable-events-003] MISC_without_keys_drops_named_fields_only","fullName":"WHAT[durable-events-003] MISC_without_keys_drops_named_fields_only"}
[verification-test-start] {"pid":4241,"parentPid":3820,"entryFile":"/Users/yuanxi/Workwork/vibe-fs/requirements/durable-events/tests/004.test.mjs","name":"WHAT[durable-events-004] append_task_does_not_return_until_the_cross_process_store_lock_is_released","fullName":"WHAT[durable-events-004] append_task_does_not_return_until_the_cross_process_store_lock_is_released"}
runner: file lifecycle {"entryFile":"/Users/yuanxi/Workwork/vibe-fs/requirements/durable-events/tests/003.test.mjs","type":"runner:file-drained","elapsedMs":4409.768917}
runner: file lifecycle {"entryFile":"/Users/yuanxi/Workwork/vibe-fs/requirements/durable-events/tests/006.test.mjs","pid":3820,"parentPid":3799,"type":"runner:file-start","elapsedMs":4412.920417}
runner: file lifecycle {"entryFile":"/Users/yuanxi/Workwork/vibe-fs/requirements/durable-events/tests/001.test.mjs","type":"runner:file-drained","elapsedMs":4412.998708}
runner: file lifecycle {"entryFile":"/Users/yuanxi/Workwork/vibe-fs/requirements/durable-events/tests/007.test.mjs","pid":3820,"parentPid":3799,"type":"runner:file-start","elapsedMs":4415.663042}
[verification-test-start] {"pid":4252,"parentPid":3820,"entryFile":"/Users/yuanxi/Workwork/vibe-fs/requirements/durable-events/tests/005.test.mjs","name":"WHAT[durable-events-005] one_writer_is_one_file_regardless_of_history_size","fullName":"WHAT[durable-events-005] one_writer_is_one_file_regardless_of_history_size"}
[verification-test-start] {"pid":4241,"parentPid":3820,"entryFile":"/Users/yuanxi/Workwork/vibe-fs/requirements/durable-events/tests/004.test.mjs","name":"WHAT[durable-events-004] every incomplete canonical writer tail fails closed","fullName":"WHAT[durable-events-004] every incomplete canonical writer tail fails closed"}
[verification-test-start] {"pid":4115,"parentPid":3820,"entryFile":"/Users/yuanxi/Workwork/vibe-fs/requirements/durable-convergence/tests/011.test.mjs","name":"WHAT[durable-convergence-011] manifest v2 rejects duplicate extra malformed and mismatched bindings without changing local writer truth","fullName":"WHAT[durable-convergence-011] manifest v2 rejects duplicate extra malformed and mismatched bindings without changing local writer truth"}
[verification-test-start] {"pid":4448,"parentPid":3820,"entryFile":"/Users/yuanxi/Workwork/vibe-fs/requirements/durable-events/tests/007.test.mjs","name":"WHAT[durable-events-007] PERSIST_005_malformed_json_is_an_error_value_not_an_exception","fullName":"WHAT[durable-events-007] PERSIST_005_malformed_json_is_an_error_value_not_an_exception"}
[verification-test-start] {"pid":4003,"parentPid":3820,"entryFile":"/Users/yuanxi/Workwork/vibe-fs/requirements/durable-convergence/tests/003.test.mjs","name":"WHAT[durable-convergence-003] remote writer bytes reject invalid UTF-8 before retained-union merge","fullName":"WHAT[durable-convergence-003] remote writer bytes reject invalid UTF-8 before retained-union merge"}
runner: file lifecycle {"entryFile":"/Users/yuanxi/Workwork/vibe-fs/requirements/durable-convergence/tests/003.test.mjs","type":"runner:file-drained","elapsedMs":4583.066667}
runner: file lifecycle {"entryFile":"/Users/yuanxi/Workwork/vibe-fs/requirements/durable-events/tests/008.test.mjs","pid":3820,"parentPid":3799,"type":"runner:file-start","elapsedMs":4584.230042}
[verification-test-start] {"pid":4447,"parentPid":3820,"entryFile":"/Users/yuanxi/Workwork/vibe-fs/requirements/durable-events/tests/006.test.mjs","name":"WHAT[durable-events-006] duplicate_same_identity_is_idempotent_but_collision_is_rejected","fullName":"WHAT[durable-events-006] duplicate_same_identity_is_idempotent_but_collision_is_rejected"}
[verification-test-start] {"pid":4102,"parentPid":3820,"entryFile":"/Users/yuanxi/Workwork/vibe-fs/requirements/durable-convergence/tests/010.test.mjs","name":"WHAT[durable-convergence-010] hook installer enables repo-local SSH multiplex without clobbering ssh identity options","fullName":"WHAT[durable-convergence-010] hook installer enables repo-local SSH multiplex without clobbering ssh identity options"}
[verification-test-start] {"pid":4102,"parentPid":3820,"entryFile":"/Users/yuanxi/Workwork/vibe-fs/requirements/durable-convergence/tests/010.test.mjs","name":"WHAT[durable-convergence-010] hook installer migrates the obsolete long repo-local control socket path","fullName":"WHAT[durable-convergence-010] hook installer migrates the obsolete long repo-local control socket path"}
[verification-test-start] {"pid":4448,"parentPid":3820,"entryFile":"/Users/yuanxi/Workwork/vibe-fs/requirements/durable-events/tests/007.test.mjs","name":"WHAT[durable-events-007] append_rejects_missing_parent_without_writing_bytes","fullName":"WHAT[durable-events-007] append_rejects_missing_parent_without_writing_bytes"}
[verification-test-start] {"pid":4447,"parentPid":3820,"entryFile":"/Users/yuanxi/Workwork/vibe-fs/requirements/durable-events/tests/006.test.mjs","name":"WHAT[durable-events-006] append_adds_one_local_line_and_Current_is_already_integrated","fullName":"WHAT[durable-events-006] append_adds_one_local_line_and_Current_is_already_integrated"}
[verification-test-start] {"pid":4448,"parentPid":3820,"entryFile":"/Users/yuanxi/Workwork/vibe-fs/requirements/durable-events/tests/007.test.mjs","name":"WHAT[durable-events-007] append_rejects_cycle_in_one_batch_before_durability","fullName":"WHAT[durable-events-007] append_rejects_cycle_in_one_batch_before_durability"}
[verification-test-start] {"pid":4448,"parentPid":3820,"entryFile":"/Users/yuanxi/Workwork/vibe-fs/requirements/durable-events/tests/007.test.mjs","name":"WHAT[durable-events-007] append_rejects_unknown_event_type_fail_closed","fullName":"WHAT[durable-events-007] append_rejects_unknown_event_type_fail_closed"}
[verification-test-start] {"pid":4448,"parentPid":3820,"entryFile":"/Users/yuanxi/Workwork/vibe-fs/requirements/durable-events/tests/007.test.mjs","name":"WHAT[durable-events-007] DURABLE_EVENTS_014_k_way_merge_rejects_missing_parent_fail_closed","fullName":"WHAT[durable-events-007] DURABLE_EVENTS_014_k_way_merge_rejects_missing_parent_fail_closed"}
[verification-test-start] {"pid":4448,"parentPid":3820,"entryFile":"/Users/yuanxi/Workwork/vibe-fs/requirements/durable-events/tests/007.test.mjs","name":"WHAT[durable-events-007] DURABLE_EVENTS_014_k_way_merge_rejects_backward_or_cyclic_writer_frontier","fullName":"WHAT[durable-events-007] DURABLE_EVENTS_014_k_way_merge_rejects_backward_or_cyclic_writer_frontier"}
[verification-test-start] {"pid":4448,"parentPid":3820,"entryFile":"/Users/yuanxi/Workwork/vibe-fs/requirements/durable-events/tests/007.test.mjs","name":"WHAT[durable-events-007] DURABLE_EVENTS_007_unknown_authoritative_event_type_is_rejected_before_durability","fullName":"WHAT[durable-events-007] DURABLE_EVENTS_007_unknown_authoritative_event_type_is_rejected_before_durability"}
[verification-test-start] {"pid":4448,"parentPid":3820,"entryFile":"/Users/yuanxi/Workwork/vibe-fs/requirements/durable-events/tests/007.test.mjs","name":"WHAT[durable-events-007] DURABLE_EVENTS_014_missing_parent_fails_closed","fullName":"WHAT[durable-events-007] DURABLE_EVENTS_014_missing_parent_fails_closed"}
[verification-test-start] {"pid":4448,"parentPid":3820,"entryFile":"/Users/yuanxi/Workwork/vibe-fs/requirements/durable-events/tests/007.test.mjs","name":"WHAT[durable-events-007] local writer boot rejects invalid UTF-8 without replacement decoding","fullName":"WHAT[durable-events-007] local writer boot rejects invalid UTF-8 without replacement decoding"}
[verification-test-start] {"pid":4448,"parentPid":3820,"entryFile":"/Users/yuanxi/Workwork/vibe-fs/requirements/durable-events/tests/007.test.mjs","name":"WHAT[durable-events-007] PERSIST_005_unparseable_json_is_a_decode_error_not_a_throw","fullName":"WHAT[durable-events-007] PERSIST_005_unparseable_json_is_a_decode_error_not_a_throw"}
[verification-test-start] {"pid":4448,"parentPid":3820,"entryFile":"/Users/yuanxi/Workwork/vibe-fs/requirements/durable-events/tests/007.test.mjs","name":"WHAT[durable-events-007] PERSIST_005_unknown_case_is_a_decode_error","fullName":"WHAT[durable-events-007] PERSIST_005_unknown_case_is_a_decode_error"}
[verification-test-start] {"pid":4448,"parentPid":3820,"entryFile":"/Users/yuanxi/Workwork/vibe-fs/requirements/durable-events/tests/007.test.mjs","name":"WHAT[durable-events-007] Fact_codec_distinguishes_current_and_malformed_lines","fullName":"WHAT[durable-events-007] Fact_codec_distinguishes_current_and_malformed_lines"}
[verification-test-start] {"pid":4448,"parentPid":3820,"entryFile":"/Users/yuanxi/Workwork/vibe-fs/requirements/durable-events/tests/007.test.mjs","name":"WHAT[durable-events-007] Journal_codec_refuses_unknown_facts_and_streams","fullName":"WHAT[durable-events-007] Journal_codec_refuses_unknown_facts_and_streams"}
runner: file lifecycle {"entryFile":"/Users/yuanxi/Workwork/vibe-fs/requirements/durable-events/tests/007.test.mjs","type":"runner:file-drained","elapsedMs":4716.898083}
runner: file lifecycle {"entryFile":"/Users/yuanxi/Workwork/vibe-fs/requirements/durable-events/tests/009.test.mjs","pid":3820,"parentPid":3799,"type":"runner:file-start","elapsedMs":4716.990167}
runner: file lifecycle {"entryFile":"/Users/yuanxi/Workwork/vibe-fs/requirements/durable-events/tests/004.test.mjs","type":"runner:file-drained","elapsedMs":4757.806167000001}
runner: file lifecycle {"entryFile":"/Users/yuanxi/Workwork/vibe-fs/requirements/durable-events/tests/010.test.mjs","pid":3820,"parentPid":3799,"type":"runner:file-start","elapsedMs":4758.626375}
runner: file lifecycle {"entryFile":"/Users/yuanxi/Workwork/vibe-fs/requirements/durable-events/tests/006.test.mjs","type":"runner:file-drained","elapsedMs":4760.1320000000005}
runner: file lifecycle {"entryFile":"/Users/yuanxi/Workwork/vibe-fs/requirements/durable-events/tests/011.test.mjs","pid":3820,"parentPid":3799,"type":"runner:file-start","elapsedMs":4760.190542}
[verification-test-start] {"pid":4655,"parentPid":3820,"entryFile":"/Users/yuanxi/Workwork/vibe-fs/requirements/durable-events/tests/008.test.mjs","name":"WHAT[durable-events-008] DURABLE_EVENTS_008_concurrent_heads_remain_distinct_in_structural_Current","fullName":"WHAT[durable-events-008] DURABLE_EVENTS_008_concurrent_heads_remain_distinct_in_structural_Current"}
[verification-test-start] {"pid":4655,"parentPid":3820,"entryFile":"/Users/yuanxi/Workwork/vibe-fs/requirements/durable-events/tests/008.test.mjs","name":"WHAT[durable-events-008] DURABLE_EVENTS_008_resolution_naming_all_heads_collapses_structural_Current","fullName":"WHAT[durable-events-008] DURABLE_EVENTS_008_resolution_naming_all_heads_collapses_structural_Current"}
[verification-test-start] {"pid":4793,"parentPid":3820,"entryFile":"/Users/yuanxi/Workwork/vibe-fs/requirements/durable-events/tests/009.test.mjs","name":"WHAT[durable-events-009] PERSIST_005_legacy_fallback_counters_and_model_ids_are_fatal","fullName":"WHAT[durable-events-009] PERSIST_005_legacy_fallback_counters_and_model_ids_are_fatal"}
runner: file lifecycle {"entryFile":"/Users/yuanxi/Workwork/vibe-fs/requirements/durable-events/tests/008.test.mjs","type":"runner:file-drained","elapsedMs":4847.870667}
runner: file lifecycle {"entryFile":"/Users/yuanxi/Workwork/vibe-fs/requirements/durable-events/tests/012.test.mjs","pid":3820,"parentPid":3799,"type":"runner:file-start","elapsedMs":4848.516833000001}
[verification-test-start] {"pid":4102,"parentPid":3820,"entryFile":"/Users/yuanxi/Workwork/vibe-fs/requirements/durable-convergence/tests/010.test.mjs","name":"WHAT[durable-convergence-010] hook installer migrates the ephemeral tmp-directory path and recreates it at SSH invocation","fullName":"WHAT[durable-convergence-010] hook installer migrates the ephemeral tmp-directory path and recreates it at SSH invocation"}
[verification-test-start] {"pid":4793,"parentPid":3820,"entryFile":"/Users/yuanxi/Workwork/vibe-fs/requirements/durable-events/tests/009.test.mjs","name":"WHAT[durable-events-009] PERSIST_005_replaced_fact_names_produce_the_migration_message_not_a_codec_error","fullName":"WHAT[durable-events-009] PERSIST_005_replaced_fact_names_produce_the_migration_message_not_a_codec_error"}
[verification-test-start] {"pid":4793,"parentPid":3820,"entryFile":"/Users/yuanxi/Workwork/vibe-fs/requirements/durable-events/tests/009.test.mjs","name":"WHAT[durable-events-009] PERSIST_005_the_migration_message_tells_the_operator_what_to_do","fullName":"WHAT[durable-events-009] PERSIST_005_the_migration_message_tells_the_operator_what_to_do"}
[verification-test-start] {"pid":4793,"parentPid":3820,"entryFile":"/Users/yuanxi/Workwork/vibe-fs/requirements/durable-events/tests/009.test.mjs","name":"WHAT[durable-events-009] PERSIST_005_a_current_fact_is_not_mistaken_for_a_legacy_one","fullName":"WHAT[durable-events-009] PERSIST_005_a_current_fact_is_not_mistaken_for_a_legacy_one"}
[verification-test-start] {"pid":4793,"parentPid":3820,"entryFile":"/Users/yuanxi/Workwork/vibe-fs/requirements/durable-events/tests/009.test.mjs","name":"WHAT[durable-events-009] PERSIST_005_modern_json_has_no_legacy_markers","fullName":"WHAT[durable-events-009] PERSIST_005_modern_json_has_no_legacy_markers"}
[verification-test-start] {"pid":4793,"parentPid":3820,"entryFile":"/Users/yuanxi/Workwork/vibe-fs/requirements/durable-events/tests/009.test.mjs","name":"WHAT[durable-events-009] historical_unanchored_guideline_is_refused_without_rewrite","fullName":"WHAT[durable-events-009] historical_unanchored_guideline_is_refused_without_rewrite"}
[verification-test-start] {"pid":4793,"parentPid":3820,"entryFile":"/Users/yuanxi/Workwork/vibe-fs/requirements/durable-events/tests/009.test.mjs","name":"WHAT[durable-events-009] Fact_codec_reports_migration_markers_as_data_errors","fullName":"WHAT[durable-events-009] Fact_codec_reports_migration_markers_as_data_errors"}
[verification-test-start] {"pid":4855,"parentPid":3820,"entryFile":"/Users/yuanxi/Workwork/vibe-fs/requirements/durable-events/tests/011.test.mjs","name":"WHAT[durable-events-011] runtime append creates zero Git objects and remote sync encodes single writer file as single Git blob","fullName":"WHAT[durable-events-011] runtime append creates zero Git objects and remote sync encodes single writer file as single Git blob"}
[verification-test-start] {"pid":4793,"parentPid":3820,"entryFile":"/Users/yuanxi/Workwork/vibe-fs/requirements/durable-events/tests/009.test.mjs","name":"WHAT[durable-events-009] fixture unified-store-dual-write.fs is RED for dual-write","fullName":"WHAT[durable-events-009] fixture unified-store-dual-write.fs is RED for dual-write"}
[verification-test-start] {"pid":4793,"parentPid":3820,"entryFile":"/Users/yuanxi/Workwork/vibe-fs/requirements/durable-events/tests/009.test.mjs","name":"WHAT[durable-events-009] Journal-only or EventStore-only modules are not dual-write","fullName":"WHAT[durable-events-009] Journal-only or EventStore-only modules are not dual-write"}
[verification-test-start] {"pid":3969,"parentPid":3820,"entryFile":"/Users/yuanxi/Workwork/vibe-fs/requirements/dispatch-protocol/tests/015.test.mjs","name":"WHAT[dispatch-protocol-015] actual ingress cannot reinterpret a malformed PromptKey as an external user root","fullName":"WHAT[dispatch-protocol-015] actual ingress cannot reinterpret a malformed PromptKey as an external user root"}
[verification-test-start] {"pid":3969,"parentPid":3820,"entryFile":"/Users/yuanxi/Workwork/vibe-fs/requirements/dispatch-protocol/tests/015.test.mjs","name":"WHAT[dispatch-protocol-015] malformed explicit agent cannot inherit identity from an otherwise valid pending claim","fullName":"WHAT[dispatch-protocol-015] malformed explicit agent cannot inherit identity from an otherwise valid pending claim"}
[verification-test-start] {"pid":4853,"parentPid":3820,"entryFile":"/Users/yuanxi/Workwork/vibe-fs/requirements/durable-events/tests/010.test.mjs","name":"WHAT[durable-events-010] SharedAgentJournal_boots_local_EventStore_and_leaves_retired_RuntimePath_ndjson_unread","fullName":"WHAT[durable-events-010] SharedAgentJournal_boots_local_EventStore_and_leaves_retired_RuntimePath_ndjson_unread"}
[verification-test-start] {"pid":4855,"parentPid":3820,"entryFile":"/Users/yuanxi/Workwork/vibe-fs/requirements/durable-events/tests/011.test.mjs","name":"WHAT[durable-events-011] initial git ODB is empty","fullName":"WHAT[durable-events-011] runtime append creates zero Git objects and remote sync encodes single writer file as single Git blob > WHAT[durable-events-011] initial git ODB is empty"}
[verification-test-start] {"pid":4855,"parentPid":3820,"entryFile":"/Users/yuanxi/Workwork/vibe-fs/requirements/durable-events/tests/011.test.mjs","name":"WHAT[durable-events-011] runtime append creates zero loose Git objects","fullName":"WHAT[durable-events-011] runtime append creates zero Git objects and remote sync encodes single writer file as single Git blob > WHAT[durable-events-011] runtime append creates zero loose Git objects"}
[verification-test-start] {"pid":4070,"parentPid":3820,"entryFile":"/Users/yuanxi/Workwork/vibe-fs/requirements/durable-convergence/tests/008.test.mjs","name":"WHAT[durable-convergence-008] ensure repairs a store-only remote without replacing its existing line","fullName":"WHAT[durable-convergence-008] ensure repairs a store-only remote without replacing its existing line"}
[verification-test-start] {"pid":4926,"parentPid":3820,"entryFile":"/Users/yuanxi/Workwork/vibe-fs/requirements/durable-events/tests/012.test.mjs","name":"WHAT[durable-events-012] BlobWriter_uses_local_content_addressed_payloads_not_workspace_blobs_or_Git_ODB","fullName":"WHAT[durable-events-012] BlobWriter_uses_local_content_addressed_payloads_not_workspace_blobs_or_Git_ODB"}
[verification-test-start] {"pid":4252,"parentPid":3820,"entryFile":"/Users/yuanxi/Workwork/vibe-fs/requirements/durable-events/tests/005.test.mjs","name":"WHAT[durable-events-005] DURABLE_EVENTS_005_one_process_is_one_unbounded_writer_file_with_no_segments","fullName":"WHAT[durable-events-005] DURABLE_EVENTS_005_one_process_is_one_unbounded_writer_file_with_no_segments"}
[verification-test-start] {"pid":4926,"parentPid":3820,"entryFile":"/Users/yuanxi/Workwork/vibe-fs/requirements/durable-events/tests/012.test.mjs","name":"WHAT[durable-events-012] appended_fact_lifts_real_blob_digest_into_persisted_payload_refs","fullName":"WHAT[durable-events-012] appended_fact_lifts_real_blob_digest_into_persisted_payload_refs"}
[verification-test-start] {"pid":4115,"parentPid":3820,"entryFile":"/Users/yuanxi/Workwork/vibe-fs/requirements/durable-convergence/tests/011.test.mjs","name":"WHAT[durable-convergence-011] durable Journal ObservedAt outranks refreshed writer mtime","fullName":"WHAT[durable-convergence-011] durable Journal ObservedAt outranks refreshed writer mtime"}
[verification-test-start] {"pid":4115,"parentPid":3820,"entryFile":"/Users/yuanxi/Workwork/vibe-fs/requirements/durable-convergence/tests/011.test.mjs","name":"WHAT[durable-convergence-011] 24h expiry removes local writer and remote materialization","fullName":"WHAT[durable-convergence-011] 24h expiry removes local writer and remote materialization"}
[verification-test-start] {"pid":4252,"parentPid":3820,"entryFile":"/Users/yuanxi/Workwork/vibe-fs/requirements/durable-events/tests/005.test.mjs","name":"WHAT[durable-events-005] DURABLE_EVENTS_005_each_process_writer_id_names_a_distinct_file_without_machine_identity","fullName":"WHAT[durable-events-005] DURABLE_EVENTS_005_each_process_writer_id_names_a_distinct_file_without_machine_identity"}
runner: file lifecycle {"entryFile":"/Users/yuanxi/Workwork/vibe-fs/requirements/durable-events/tests/010.test.mjs","type":"runner:file-drained","elapsedMs":5152.183875000001}
runner: file lifecycle {"entryFile":"/Users/yuanxi/Workwork/vibe-fs/requirements/durable-events/tests/013.test.mjs","pid":3820,"parentPid":3799,"type":"runner:file-start","elapsedMs":5154.756625}
runner: file lifecycle {"entryFile":"/Users/yuanxi/Workwork/vibe-fs/requirements/durable-events/tests/005.test.mjs","type":"runner:file-drained","elapsedMs":5179.7405420000005}
runner: file lifecycle {"entryFile":"/Users/yuanxi/Workwork/vibe-fs/requirements/durable-events/tests/014.test.mjs","pid":3820,"parentPid":3799,"type":"runner:file-start","elapsedMs":5181.293167}
[verification-test-start] {"pid":4926,"parentPid":3820,"entryFile":"/Users/yuanxi/Workwork/vibe-fs/requirements/durable-events/tests/012.test.mjs","name":"WHAT[durable-events-012] closure_fails_closed_when_a_real_content_address_is_missing","fullName":"WHAT[durable-events-012] closure_fails_closed_when_a_real_content_address_is_missing"}
[verification-test-start] {"pid":5339,"parentPid":3820,"entryFile":"/Users/yuanxi/Workwork/vibe-fs/requirements/durable-events/tests/014.test.mjs","name":"WHAT[durable-events-014] PERSIST_001_ordering_is_by_local_seq_inside_a_runtime_and_by_time_across","fullName":"WHAT[durable-events-014] PERSIST_001_ordering_is_by_local_seq_inside_a_runtime_and_by_time_across"}
[verification-test-start] {"pid":4855,"parentPid":3820,"entryFile":"/Users/yuanxi/Workwork/vibe-fs/requirements/durable-events/tests/011.test.mjs","name":"WHAT[durable-events-011] remote sync hook configuration and single writer file","fullName":"WHAT[durable-events-011] runtime append creates zero Git objects and remote sync encodes single writer file as single Git blob > WHAT[durable-events-011] remote sync hook configuration and single writer file"}
[verification-test-start] {"pid":4926,"parentPid":3820,"entryFile":"/Users/yuanxi/Workwork/vibe-fs/requirements/durable-events/tests/012.test.mjs","name":"WHAT[durable-events-012] closure_lifts_a_content_addressed_digest_into_payload_refs","fullName":"WHAT[durable-events-012] closure_lifts_a_content_addressed_digest_into_payload_refs"}
runner: file lifecycle {"entryFile":"/Users/yuanxi/Workwork/vibe-fs/requirements/durable-events/tests/011.test.mjs","type":"runner:file-drained","elapsedMs":5326.880958}
runner: file lifecycle {"entryFile":"/Users/yuanxi/Workwork/vibe-fs/requirements/durable-events/tests/015.test.mjs","pid":3820,"parentPid":3799,"type":"runner:file-start","elapsedMs":5328.131458}
[verification-test-start] {"pid":4115,"parentPid":3820,"entryFile":"/Users/yuanxi/Workwork/vibe-fs/requirements/durable-convergence/tests/011.test.mjs","name":"WHAT[durable-convergence-011] stale remote snapshot cannot revive writer after cache crosses expiry","fullName":"WHAT[durable-convergence-011] stale remote snapshot cannot revive writer after cache crosses expiry"}
[verification-test-start] {"pid":5308,"parentPid":3820,"entryFile":"/Users/yuanxi/Workwork/vibe-fs/requirements/durable-events/tests/013.test.mjs","name":"WHAT[durable-events-013] physical append failure leaves event and structural Current unchanged","fullName":"WHAT[durable-events-013] physical append failure leaves event and structural Current unchanged"}
[verification-test-start] {"pid":4926,"parentPid":3820,"entryFile":"/Users/yuanxi/Workwork/vibe-fs/requirements/durable-events/tests/012.test.mjs","name":"WHAT[durable-events-012] closure_dedupes_a_matching_blob_ref_and_digest_pair","fullName":"WHAT[durable-events-012] closure_dedupes_a_matching_blob_ref_and_digest_pair"}
runner: file lifecycle {"entryFile":"/Users/yuanxi/Workwork/vibe-fs/requirements/dispatch-protocol/tests/015.test.mjs","type":"runner:file-drained","elapsedMs":5410.448625}
runner: file lifecycle {"entryFile":"/Users/yuanxi/Workwork/vibe-fs/requirements/durable-events/tests/016.test.mjs","pid":3820,"parentPid":3799,"type":"runner:file-start","elapsedMs":5411.185083}
[verification-test-start] {"pid":5339,"parentPid":3820,"entryFile":"/Users/yuanxi/Workwork/vibe-fs/requirements/durable-events/tests/014.test.mjs","name":"WHAT[durable-events-014] PERSIST_001_same_instant_across_runtimes_breaks_the_tie_by_runtime_id","fullName":"WHAT[durable-events-014] PERSIST_001_same_instant_across_runtimes_breaks_the_tie_by_runtime_id"}
[verification-test-start] {"pid":5339,"parentPid":3820,"entryFile":"/Users/yuanxi/Workwork/vibe-fs/requirements/durable-events/tests/014.test.mjs","name":"WHAT[durable-events-014] PERSIST_001_k_way_merge_is_a_total_order_regardless_of_input_order","fullName":"WHAT[durable-events-014] PERSIST_001_k_way_merge_is_a_total_order_regardless_of_input_order"}
[verification-test-start] {"pid":5308,"parentPid":3820,"entryFile":"/Users/yuanxi/Workwork/vibe-fs/requirements/durable-events/tests/013.test.mjs","name":"WHAT[durable-events-013] restart_replays_prior_writer_files_then_fresh_runtime_starts_LocalSeq_at_1","fullName":"WHAT[durable-events-013] restart_replays_prior_writer_files_then_fresh_runtime_starts_LocalSeq_at_1"}
[verification-test-start] {"pid":5339,"parentPid":3820,"entryFile":"/Users/yuanxi/Workwork/vibe-fs/requirements/durable-events/tests/014.test.mjs","name":"WHAT[durable-events-014] DURABLE_EVENTS_014_k_way_merge_is_deterministic_with_EventId_tiebreak","fullName":"WHAT[durable-events-014] DURABLE_EVENTS_014_k_way_merge_is_deterministic_with_EventId_tiebreak"}
[verification-test-start] {"pid":5339,"parentPid":3820,"entryFile":"/Users/yuanxi/Workwork/vibe-fs/requirements/durable-events/tests/014.test.mjs","name":"WHAT[durable-events-014] DURABLE_EVENTS_014_k_way_merge_is_writer_enumeration_independent","fullName":"WHAT[durable-events-014] DURABLE_EVENTS_014_k_way_merge_is_writer_enumeration_independent"}
[verification-test-start] {"pid":5339,"parentPid":3820,"entryFile":"/Users/yuanxi/Workwork/vibe-fs/requirements/durable-events/tests/014.test.mjs","name":"WHAT[durable-events-014] k-way merge bounds actual ready-cursor comparisons","fullName":"WHAT[durable-events-014] k-way merge bounds actual ready-cursor comparisons"}
[verification-test-start] {"pid":4926,"parentPid":3820,"entryFile":"/Users/yuanxi/Workwork/vibe-fs/requirements/durable-events/tests/012.test.mjs","name":"WHAT[durable-events-012] closure_ignores_non_content_addressed_placeholder_handles","fullName":"WHAT[durable-events-012] closure_ignores_non_content_addressed_placeholder_handles"}
[verification-test-start] {"pid":4115,"parentPid":3820,"entryFile":"/Users/yuanxi/Workwork/vibe-fs/requirements/durable-convergence/tests/011.test.mjs","name":"WHAT[durable-convergence-011] manifest-less legacy remote is ignored instead of refreshing writer activity","fullName":"WHAT[durable-convergence-011] manifest-less legacy remote is ignored instead of refreshing writer activity"}
[verification-test-start] {"pid":5467,"parentPid":3820,"entryFile":"/Users/yuanxi/Workwork/vibe-fs/requirements/durable-events/tests/015.test.mjs","name":"WHAT[durable-events-015] PERSIST_010_companion_online_and_codec_replay_are_identical","fullName":"WHAT[durable-events-015] PERSIST_010_companion_online_and_codec_replay_are_identical"}
[verification-test-start] {"pid":4926,"parentPid":3820,"entryFile":"/Users/yuanxi/Workwork/vibe-fs/requirements/durable-events/tests/012.test.mjs","name":"WHAT[durable-events-012] closure_is_empty_for_a_fact_without_blob_fields","fullName":"WHAT[durable-events-012] closure_is_empty_for_a_fact_without_blob_fields"}
[verification-test-start] {"pid":5467,"parentPid":3820,"entryFile":"/Users/yuanxi/Workwork/vibe-fs/requirements/durable-events/tests/015.test.mjs","name":"WHAT[durable-events-015] PERSIST_010_companion_facts_fold_into_the_owned_projection","fullName":"WHAT[durable-events-015] PERSIST_010_companion_facts_fold_into_the_owned_projection"}
[verification-test-start] {"pid":5467,"parentPid":3820,"entryFile":"/Users/yuanxi/Workwork/vibe-fs/requirements/durable-events/tests/015.test.mjs","name":"WHAT[durable-events-015] HOST_008_duplicate_companion_link_to_a_different_child_fails_closed","fullName":"WHAT[durable-events-015] HOST_008_duplicate_companion_link_to_a_different_child_fails_closed"}
[verification-test-start] {"pid":5467,"parentPid":3820,"entryFile":"/Users/yuanxi/Workwork/vibe-fs/requirements/durable-events/tests/015.test.mjs","name":"WHAT[durable-events-015] PERSIST_010_entry_and_squash_fold_into_the_blog_projection","fullName":"WHAT[durable-events-015] PERSIST_010_entry_and_squash_fold_into_the_blog_projection"}
[verification-test-start] {"pid":5467,"parentPid":3820,"entryFile":"/Users/yuanxi/Workwork/vibe-fs/requirements/durable-events/tests/015.test.mjs","name":"WHAT[durable-events-015] PERSIST_010_single_frame_squash_accepts_the_new_terminal_blob_digest","fullName":"WHAT[durable-events-015] PERSIST_010_single_frame_squash_accepts_the_new_terminal_blob_digest"}
[verification-test-start] {"pid":5467,"parentPid":3820,"entryFile":"/Users/yuanxi/Workwork/vibe-fs/requirements/durable-events/tests/015.test.mjs","name":"WHAT[durable-events-015] CTX_012_rebase_folds_into_the_prefix_projection_only","fullName":"WHAT[durable-events-015] CTX_012_rebase_folds_into_the_prefix_projection_only"}
[verification-test-start] {"pid":5467,"parentPid":3820,"entryFile":"/Users/yuanxi/Workwork/vibe-fs/requirements/durable-events/tests/015.test.mjs","name":"WHAT[durable-events-015] PERSIST_010_a_stale_frame_epoch_fails_the_fold_closed","fullName":"WHAT[durable-events-015] PERSIST_010_a_stale_frame_epoch_fails_the_fold_closed"}
[verification-test-start] {"pid":5467,"parentPid":3820,"entryFile":"/Users/yuanxi/Workwork/vibe-fs/requirements/durable-events/tests/015.test.mjs","name":"WHAT[durable-events-015] CTX_012_a_replayed_rebase_is_absorbed_so_crash_recovery_is_idempotent","fullName":"WHAT[durable-events-015] CTX_012_a_replayed_rebase_is_absorbed_so_crash_recovery_is_idempotent"}
[verification-test-start] {"pid":5467,"parentPid":3820,"entryFile":"/Users/yuanxi/Workwork/vibe-fs/requirements/durable-events/tests/015.test.mjs","name":"WHAT[durable-events-015] CTX_011_a_not_new_candidate_is_absorbed_by_the_fold","fullName":"WHAT[durable-events-015] CTX_011_a_not_new_candidate_is_absorbed_by_the_fold"}
[verification-test-start] {"pid":5467,"parentPid":3820,"entryFile":"/Users/yuanxi/Workwork/vibe-fs/requirements/durable-events/tests/015.test.mjs","name":"WHAT[durable-events-015] PERSIST_010_a_non_sequential_prefix_epoch_fails_the_fold_closed","fullName":"WHAT[durable-events-015] PERSIST_010_a_non_sequential_prefix_epoch_fails_the_fold_closed"}
[verification-test-start] {"pid":5467,"parentPid":3820,"entryFile":"/Users/yuanxi/Workwork/vibe-fs/requirements/durable-events/tests/015.test.mjs","name":"WHAT[durable-events-015] CTX_011_a_retreating_cutoff_fails_the_fold_closed","fullName":"WHAT[durable-events-015] CTX_011_a_retreating_cutoff_fails_the_fold_closed"}
[verification-test-start] {"pid":5467,"parentPid":3820,"entryFile":"/Users/yuanxi/Workwork/vibe-fs/requirements/durable-events/tests/015.test.mjs","name":"WHAT[durable-events-015] HOST_006_reanchor_retires_the_prefix_and_zeroes_prefix_coverage_in_one_fact","fullName":"WHAT[durable-events-015] HOST_006_reanchor_retires_the_prefix_and_zeroes_prefix_coverage_in_one_fact"}
[verification-test-start] {"pid":5467,"parentPid":3820,"entryFile":"/Users/yuanxi/Workwork/vibe-fs/requirements/durable-events/tests/015.test.mjs","name":"WHAT[durable-events-015] HOST_006_a_replayed_reanchor_leaves_rebuilt_coverage_alone","fullName":"WHAT[durable-events-015] HOST_006_a_replayed_reanchor_leaves_rebuilt_coverage_alone"}
[verification-test-start] {"pid":5308,"parentPid":3820,"entryFile":"/Users/yuanxi/Workwork/vibe-fs/requirements/durable-events/tests/013.test.mjs","name":"WHAT[durable-events-013] boot_and_live_use_one_CanonicalIntegrator_program","fullName":"WHAT[durable-events-013] boot_and_live_use_one_CanonicalIntegrator_program"}
[verification-test-start] {"pid":5467,"parentPid":3820,"entryFile":"/Users/yuanxi/Workwork/vibe-fs/requirements/durable-events/tests/015.test.mjs","name":"WHAT[durable-events-015] HOST_006_coverage_and_probes_both_recover_after_a_reanchor","fullName":"WHAT[durable-events-015] HOST_006_coverage_and_probes_both_recover_after_a_reanchor"}
[verification-test-start] {"pid":5467,"parentPid":3820,"entryFile":"/Users/yuanxi/Workwork/vibe-fs/requirements/durable-events/tests/015.test.mjs","name":"WHAT[durable-events-015] PERSIST_010_context_recovery_facts_survive_NDJSON_and_still_fold","fullName":"WHAT[durable-events-015] PERSIST_010_context_recovery_facts_survive_NDJSON_and_still_fold"}
[verification-test-start] {"pid":5308,"parentPid":3820,"entryFile":"/Users/yuanxi/Workwork/vibe-fs/requirements/durable-events/tests/013.test.mjs","name":"WHAT[durable-events-013] journal_surface_does_not_mint_terminal_proof_from_forged_strings","fullName":"WHAT[durable-events-013] journal_surface_does_not_mint_terminal_proof_from_forged_strings"}
[verification-test-start] {"pid":5542,"parentPid":3820,"entryFile":"/Users/yuanxi/Workwork/vibe-fs/requirements/durable-events/tests/016.test.mjs","name":"WHAT[durable-events-016] durable fact vocabulary has no OpenCode infrastructure dependency","fullName":"WHAT[durable-events-016] durable fact vocabulary has no OpenCode infrastructure dependency"}
runner: file lifecycle {"entryFile":"/Users/yuanxi/Workwork/vibe-fs/requirements/durable-events/tests/015.test.mjs","type":"runner:file-drained","elapsedMs":5540.229708}
runner: file lifecycle {"entryFile":"/Users/yuanxi/Workwork/vibe-fs/requirements/durable-events/tests/017.test.mjs","pid":3820,"parentPid":3799,"type":"runner:file-start","elapsedMs":5542.840458000001}
runner: file lifecycle {"entryFile":"/Users/yuanxi/Workwork/vibe-fs/requirements/durable-events/tests/014.test.mjs","type":"runner:file-drained","elapsedMs":5543.163875}
runner: file lifecycle {"entryFile":"/Users/yuanxi/Workwork/vibe-fs/requirements/durable-events/tests/018.test.mjs","pid":3820,"parentPid":3799,"type":"runner:file-start","elapsedMs":5544.989917}
runner: file lifecycle {"entryFile":"/Users/yuanxi/Workwork/vibe-fs/requirements/durable-events/tests/012.test.mjs","type":"runner:file-drained","elapsedMs":5580.608292}
[verification-test-start] {"pid":5308,"parentPid":3820,"entryFile":"/Users/yuanxi/Workwork/vibe-fs/requirements/durable-events/tests/013.test.mjs","name":"WHAT[durable-events-013] EXEC_journal_revision_advances_only_on_successful_fold","fullName":"WHAT[durable-events-013] EXEC_journal_revision_advances_only_on_successful_fold"}
runner: file lifecycle {"entryFile":"/Users/yuanxi/Workwork/vibe-fs/requirements/durable-events/tests/019.test.mjs","pid":3820,"parentPid":3799,"type":"runner:file-start","elapsedMs":5582.56575}
[verification-test-start] {"pid":5542,"parentPid":3820,"entryFile":"/Users/yuanxi/Workwork/vibe-fs/requirements/durable-events/tests/016.test.mjs","name":"WHAT[durable-events-016] Git_contract_exposes_canonical_store_ref","fullName":"WHAT[durable-events-016] Git_contract_exposes_canonical_store_ref"}
[verification-test-start] {"pid":5542,"parentPid":3820,"entryFile":"/Users/yuanxi/Workwork/vibe-fs/requirements/durable-events/tests/016.test.mjs","name":"WHAT[durable-events-016] scanner ids cover unified-store clean-break and history ownership rules","fullName":"WHAT[durable-events-016] scanner ids cover unified-store clean-break and history ownership rules"}
[verification-test-start] {"pid":5542,"parentPid":3820,"entryFile":"/Users/yuanxi/Workwork/vibe-fs/requirements/durable-events/tests/016.test.mjs","name":"WHAT[durable-events-016] fixture unified-store-feature-ref.fs is RED for feature-ref","fullName":"WHAT[durable-events-016] fixture unified-store-feature-ref.fs is RED for feature-ref"}
[verification-test-start] {"pid":5542,"parentPid":3820,"entryFile":"/Users/yuanxi/Workwork/vibe-fs/requirements/durable-events/tests/016.test.mjs","name":"WHAT[durable-events-016] fixture unified-store-git-bypass.fs is RED for git-bypass","fullName":"WHAT[durable-events-016] fixture unified-store-git-bypass.fs is RED for git-bypass"}
[verification-test-start] {"pid":5542,"parentPid":3820,"entryFile":"/Users/yuanxi/Workwork/vibe-fs/requirements/durable-events/tests/016.test.mjs","name":"WHAT[durable-events-016] canonical refs/wanxiang/store is allowed only under Persist/Git ownership","fullName":"WHAT[durable-events-016] canonical refs/wanxiang/store is allowed only under Persist/Git ownership"}
[verification-test-start] {"pid":5542,"parentPid":3820,"entryFile":"/Users/yuanxi/Workwork/vibe-fs/requirements/durable-events/tests/016.test.mjs","name":"WHAT[durable-events-016] owner remote-tracking store ref is allowed; other feature refs stay RED","fullName":"WHAT[durable-events-016] owner remote-tracking store ref is allowed; other feature refs stay RED"}
[verification-test-start] {"pid":5542,"parentPid":3820,"entryFile":"/Users/yuanxi/Workwork/vibe-fs/requirements/durable-events/tests/016.test.mjs","name":"WHAT[durable-events-016] git-bypass allowlist is empty; only Persist/Git ownership may invoke git","fullName":"WHAT[durable-events-016] git-bypass allowlist is empty; only Persist/Git ownership may invoke git"}
[verification-test-start] {"pid":5542,"parentPid":3820,"entryFile":"/Users/yuanxi/Workwork/vibe-fs/requirements/durable-events/tests/016.test.mjs","name":"WHAT[durable-events-016] production scan is GREEN under gate rules (empty git-bypass allowlist)","fullName":"WHAT[durable-events-016] production scan is GREEN under gate rules (empty git-bypass allowlist)"}
[verification-test-start] {"pid":5653,"parentPid":3820,"entryFile":"/Users/yuanxi/Workwork/vibe-fs/requirements/durable-events/tests/018.test.mjs","name":"WHAT[durable-events-018] HOOK_activation_ensure_installs_both_hooks_and_remote_fetch_refspec_without_running_sync","fullName":"WHAT[durable-events-018] HOOK_activation_ensure_installs_both_hooks_and_remote_fetch_refspec_without_running_sync"}
[verification-test-start] {"pid":5308,"parentPid":3820,"entryFile":"/Users/yuanxi/Workwork/vibe-fs/requirements/durable-events/tests/013.test.mjs","name":"WHAT[durable-events-013] EXEC_AwaitChangeFrom_after_append_returns_promptly","fullName":"WHAT[durable-events-013] EXEC_AwaitChangeFrom_after_append_returns_promptly"}
[verification-test-start] {"pid":4115,"parentPid":3820,"entryFile":"/Users/yuanxi/Workwork/vibe-fs/requirements/durable-convergence/tests/011.test.mjs","name":"WHAT[durable-convergence-011] v1 mtime manifest is legacy and cannot resurrect an expired writer","fullName":"WHAT[durable-convergence-011] v1 mtime manifest is legacy and cannot resurrect an expired writer"}
[verification-test-start] {"pid":4070,"parentPid":3820,"entryFile":"/Users/yuanxi/Workwork/vibe-fs/requirements/durable-convergence/tests/008.test.mjs","name":"WHAT[durable-convergence-008] real plugin load leaves Git configuration unchanged and first durability activation installs hooks without starting synchronization (GAP-151)","fullName":"WHAT[durable-convergence-008] real plugin load leaves Git configuration unchanged and first durability activation installs hooks without starting synchronization (GAP-151)"}
[verification-test-start] {"pid":4070,"parentPid":3820,"entryFile":"/Users/yuanxi/Workwork/vibe-fs/requirements/durable-convergence/tests/008.test.mjs","name":"WHAT[durable-convergence-008] controlled CAS competition and replacement crash cuts preserve all facts while clean no-op leaves unseen remote progress untouched (GAP-151)","fullName":"WHAT[durable-convergence-008] controlled CAS competition and replacement crash cuts preserve all facts while clean no-op leaves unseen remote progress untouched (GAP-151)"}
runner: file lifecycle {"entryFile":"/Users/yuanxi/Workwork/vibe-fs/requirements/durable-convergence/tests/008.test.mjs","type":"runner:file-drained","elapsedMs":5714.573125}
runner: file lifecycle {"entryFile":"/Users/yuanxi/Workwork/vibe-fs/requirements/durable-events/tests/020.test.mjs","pid":3820,"parentPid":3799,"type":"runner:file-start","elapsedMs":5715.98425}
[verification-test-start] {"pid":5650,"parentPid":3820,"entryFile":"/Users/yuanxi/Workwork/vibe-fs/requirements/durable-events/tests/017.test.mjs","name":"WHAT[durable-events-017] append_path_has_no_Git_object_or_ref_capability","fullName":"WHAT[durable-events-017] append_path_has_no_Git_object_or_ref_capability"}
[verification-test-start] {"pid":5308,"parentPid":3820,"entryFile":"/Users/yuanxi/Workwork/vibe-fs/requirements/durable-events/tests/013.test.mjs","name":"WHAT[durable-events-013] EXEC_AwaitChangeFrom_before_append_waits_then_completes","fullName":"WHAT[durable-events-013] EXEC_AwaitChangeFrom_before_append_waits_then_completes"}
[verification-test-start] {"pid":5308,"parentPid":3820,"entryFile":"/Users/yuanxi/Workwork/vibe-fs/requirements/durable-events/tests/013.test.mjs","name":"WHAT[durable-events-013] EXEC_cancelled_revision_subscription_unregisters_without_a_fact","fullName":"WHAT[durable-events-013] EXEC_cancelled_revision_subscription_unregisters_without_a_fact"}
[verification-test-start] {"pid":5650,"parentPid":3820,"entryFile":"/Users/yuanxi/Workwork/vibe-fs/requirements/durable-events/tests/017.test.mjs","name":"WHAT[durable-events-017] DURABLE_EVENTS_004_017_local_append_has_zero_Git_object_tree_ref_dependencies","fullName":"WHAT[durable-events-017] DURABLE_EVENTS_004_017_local_append_has_zero_Git_object_tree_ref_dependencies"}
[verification-test-start] {"pid":5308,"parentPid":3820,"entryFile":"/Users/yuanxi/Workwork/vibe-fs/requirements/durable-events/tests/013.test.mjs","name":"WHAT[durable-events-013] PERSIST_008_both_directions_answer_from_one_map_without_a_scan","fullName":"WHAT[durable-events-013] PERSIST_008_both_directions_answer_from_one_map_without_a_scan"}
[verification-test-start] {"pid":5308,"parentPid":3820,"entryFile":"/Users/yuanxi/Workwork/vibe-fs/requirements/durable-events/tests/013.test.mjs","name":"WHAT[durable-events-013] canonical shape requires one-envelope rule and shared boot live program","fullName":"WHAT[durable-events-013] canonical shape requires one-envelope rule and shared boot live program"}
[verification-test-start] {"pid":5308,"parentPid":3820,"entryFile":"/Users/yuanxi/Workwork/vibe-fs/requirements/durable-events/tests/013.test.mjs","name":"WHAT[durable-events-013] production CanonicalIntegrator has the shared one-envelope program shape","fullName":"WHAT[durable-events-013] production CanonicalIntegrator has the shared one-envelope program shape"}
runner: file lifecycle {"entryFile":"/Users/yuanxi/Workwork/vibe-fs/requirements/durable-events/tests/017.test.mjs","type":"runner:file-drained","elapsedMs":5806.751292}
runner: file lifecycle {"entryFile":"/Users/yuanxi/Workwork/vibe-fs/requirements/durable-events/tests/021.test.mjs","pid":3820,"parentPid":3799,"type":"runner:file-start","elapsedMs":5808.5025000000005}
[verification-test-start] {"pid":5680,"parentPid":3820,"entryFile":"/Users/yuanxi/Workwork/vibe-fs/requirements/durable-events/tests/019.test.mjs","name":"WHAT[durable-events-019] every registered business oracle changes its production Current","fullName":"WHAT[durable-events-019] every registered business oracle changes its production Current"}
runner: file lifecycle {"entryFile":"/Users/yuanxi/Workwork/vibe-fs/requirements/durable-events/tests/013.test.mjs","type":"runner:file-drained","elapsedMs":5855.905958}
runner: file lifecycle {"entryFile":"/Users/yuanxi/Workwork/vibe-fs/requirements/durable-events/tests/022.test.mjs","pid":3820,"parentPid":3799,"type":"runner:file-start","elapsedMs":5858.30725}
[verification-test-start] {"pid":5806,"parentPid":3820,"entryFile":"/Users/yuanxi/Workwork/vibe-fs/requirements/durable-events/tests/020.test.mjs","name":"WHAT[durable-events-020] Journal boot creates no writer until the first business append","fullName":"WHAT[durable-events-020] Journal boot creates no writer until the first business append"}
[verification-test-start] {"pid":4115,"parentPid":3820,"entryFile":"/Users/yuanxi/Workwork/vibe-fs/requirements/durable-convergence/tests/011.test.mjs","name":"WHAT[durable-convergence-011] declared manifest must cover every remote writer blob exactly","fullName":"WHAT[durable-convergence-011] declared manifest must cover every remote writer blob exactly"}
[verification-test-start] {"pid":5653,"parentPid":3820,"entryFile":"/Users/yuanxi/Workwork/vibe-fs/requirements/durable-events/tests/018.test.mjs","name":"WHAT[durable-events-018] HOOK_shim_resolves_node_from_environment_not_installer_host_execPath","fullName":"WHAT[durable-events-018] HOOK_shim_resolves_node_from_environment_not_installer_host_execPath"}
[verification-test-start] {"pid":5806,"parentPid":3820,"entryFile":"/Users/yuanxi/Workwork/vibe-fs/requirements/durable-events/tests/020.test.mjs","name":"WHAT[durable-events-020] workspace capability acquisition defers malformed-history rejection until actual consumption","fullName":"WHAT[durable-events-020] workspace capability acquisition defers malformed-history rejection until actual consumption"}
[verification-test-start] {"pid":5928,"parentPid":3820,"entryFile":"/Users/yuanxi/Workwork/vibe-fs/requirements/durable-events/tests/022.test.mjs","name":"WHAT[durable-events-022] EventStore contracts exclude physical and Strength runtime closure","fullName":"WHAT[durable-events-022] EventStore contracts exclude physical and Strength runtime closure"}
[verification-test-start] {"pid":5680,"parentPid":3820,"entryFile":"/Users/yuanxi/Workwork/vibe-fs/requirements/durable-events/tests/019.test.mjs","name":"WHAT[durable-events-019] removing one real hostProgram registration blocks its domain result","fullName":"WHAT[durable-events-019] removing one real hostProgram registration blocks its domain result"}
[verification-test-start] {"pid":5806,"parentPid":3820,"entryFile":"/Users/yuanxi/Workwork/vibe-fs/requirements/durable-events/tests/020.test.mjs","name":"WHAT[durable-events-020] activated replay ignores the recognized legacy Journal fact without writing a cut","fullName":"WHAT[durable-events-020] activated replay ignores the recognized legacy Journal fact without writing a cut"}
[verification-test-start] {"pid":5806,"parentPid":3820,"entryFile":"/Users/yuanxi/Workwork/vibe-fs/requirements/durable-events/tests/020.test.mjs","name":"WHAT[durable-events-020] actual plugin load checks readability without replay repair or writes; first durable consumer activates once","fullName":"WHAT[durable-events-020] actual plugin load checks readability without replay repair or writes; first durable consumer activates once"}
runner: file lifecycle {"entryFile":"/Users/yuanxi/Workwork/vibe-fs/requirements/durable-events/tests/020.test.mjs","type":"runner:file-drained","elapsedMs":5982.673042}
runner: file lifecycle {"entryFile":"/Users/yuanxi/Workwork/vibe-fs/requirements/durable-events/tests/023.test.mjs","pid":3820,"parentPid":3799,"type":"runner:file-start","elapsedMs":5983.789583}
[verification-test-start] {"pid":5888,"parentPid":3820,"entryFile":"/Users/yuanxi/Workwork/vibe-fs/requirements/durable-events/tests/021.test.mjs","name":"WHAT[durable-events-021] low-level append persists bad fact and cut together; reopening a store replays the scoped reset","fullName":"WHAT[durable-events-021] low-level append persists bad fact and cut together; reopening a store replays the scoped reset"}
[verification-test-start] {"pid":5928,"parentPid":3820,"entryFile":"/Users/yuanxi/Workwork/vibe-fs/requirements/durable-events/tests/022.test.mjs","name":"WHAT[durable-events-022] declared EventStore compile plans stay within source-count budgets","fullName":"WHAT[durable-events-022] declared EventStore compile plans stay within source-count budgets"}
[verification-test-start] {"pid":5680,"parentPid":3820,"entryFile":"/Users/yuanxi/Workwork/vibe-fs/requirements/durable-events/tests/019.test.mjs","name":"WHAT[durable-events-019] feature history loops report exact path line and token","fullName":"WHAT[durable-events-019] feature history loops report exact path line and token"}
[verification-test-start] {"pid":5680,"parentPid":3820,"entryFile":"/Users/yuanxi/Workwork/vibe-fs/requirements/durable-events/tests/019.test.mjs","name":"WHAT[durable-events-019] diagnostic history fields do not turn unrelated graph collection into durable replay","fullName":"WHAT[durable-events-019] diagnostic history fields do not turn unrelated graph collection into durable replay"}
[verification-test-start] {"pid":5680,"parentPid":3820,"entryFile":"/Users/yuanxi/Workwork/vibe-fs/requirements/durable-events/tests/019.test.mjs","name":"WHAT[durable-events-019] history merge detection binds collection and ordering to the same function","fullName":"WHAT[durable-events-019] history merge detection binds collection and ordering to the same function"}
[verification-test-start] {"pid":5680,"parentPid":3820,"entryFile":"/Users/yuanxi/Workwork/vibe-fs/requirements/durable-events/tests/019.test.mjs","name":"WHAT[durable-events-019] overrides default members and constructor effects cannot merge business history","fullName":"WHAT[durable-events-019] overrides default members and constructor effects cannot merge business history"}
[verification-test-start] {"pid":5680,"parentPid":3820,"entryFile":"/Users/yuanxi/Workwork/vibe-fs/requirements/durable-events/tests/019.test.mjs","name":"WHAT[durable-events-019] a called local collection helper does not hide a history merge","fullName":"WHAT[durable-events-019] a called local collection helper does not hide a history merge"}
[verification-test-start] {"pid":5680,"parentPid":3820,"entryFile":"/Users/yuanxi/Workwork/vibe-fs/requirements/durable-events/tests/019.test.mjs","name":"WHAT[durable-events-019] history merge follows transitive and mutually recursive named helpers","fullName":"WHAT[durable-events-019] history merge follows transitive and mutually recursive named helpers"}
[verification-test-start] {"pid":5680,"parentPid":3820,"entryFile":"/Users/yuanxi/Workwork/vibe-fs/requirements/durable-events/tests/019.test.mjs","name":"WHAT[durable-events-019] history merge follows explicitly called helpers in same-file modules","fullName":"WHAT[durable-events-019] history merge follows explicitly called helpers in same-file modules"}
[verification-test-start] {"pid":5680,"parentPid":3820,"entryFile":"/Users/yuanxi/Workwork/vibe-fs/requirements/durable-events/tests/019.test.mjs","name":"WHAT[durable-events-019] lambda parameters shadow helpers only inside their own expression","fullName":"WHAT[durable-events-019] lambda parameters shadow helpers only inside their own expression"}
[verification-test-start] {"pid":5680,"parentPid":3820,"entryFile":"/Users/yuanxi/Workwork/vibe-fs/requirements/durable-events/tests/019.test.mjs","name":"WHAT[durable-events-019] a value parameter does not resolve to a same-named module helper","fullName":"WHAT[durable-events-019] a value parameter does not resolve to a same-named module helper"}
[verification-test-start] {"pid":5680,"parentPid":3820,"entryFile":"/Users/yuanxi/Workwork/vibe-fs/requirements/durable-events/tests/019.test.mjs","name":"WHAT[durable-events-019] unreferenced and shadowed helpers do not supply history collection","fullName":"WHAT[durable-events-019] unreferenced and shadowed helpers do not supply history collection"}
[verification-test-start] {"pid":5680,"parentPid":3820,"entryFile":"/Users/yuanxi/Workwork/vibe-fs/requirements/durable-events/tests/019.test.mjs","name":"WHAT[durable-events-019] history collection does not cross unrelated member boundaries","fullName":"WHAT[durable-events-019] history collection does not cross unrelated member boundaries"}
[verification-test-start] {"pid":5680,"parentPid":3820,"entryFile":"/Users/yuanxi/Workwork/vibe-fs/requirements/durable-events/tests/019.test.mjs","name":"WHAT[durable-events-019] feature-local NDJSON SQLite and private stores are forbidden","fullName":"WHAT[durable-events-019] feature-local NDJSON SQLite and private stores are forbidden"}
[verification-test-start] {"pid":5680,"parentPid":3820,"entryFile":"/Users/yuanxi/Workwork/vibe-fs/requirements/durable-events/tests/019.test.mjs","name":"WHAT[durable-events-019] durable file database and custom-store writer capabilities are owner-bound","fullName":"WHAT[durable-events-019] durable file database and custom-store writer capabilities are owner-bound"}
[verification-test-start] {"pid":5680,"parentPid":3820,"entryFile":"/Users/yuanxi/Workwork/vibe-fs/requirements/durable-events/tests/019.test.mjs","name":"WHAT[durable-events-019] canonical integrator and exact physical or proof readers are allowed","fullName":"WHAT[durable-events-019] canonical integrator and exact physical or proof readers are allowed"}
[verification-test-start] {"pid":4192,"parentPid":3820,"entryFile":"/Users/yuanxi/Workwork/vibe-fs/requirements/durable-events/tests/002.test.mjs","name":"WHAT[durable-events-002] always-forbidden store version tokens are RED without extra context","fullName":"WHAT[durable-events-002] always-forbidden store version tokens are RED without extra context"}
[verification-test-start] {"pid":4192,"parentPid":3820,"entryFile":"/Users/yuanxi/Workwork/vibe-fs/requirements/durable-events/tests/002.test.mjs","name":"WHAT[durable-events-002] production scan keeps store context free of version tokens","fullName":"WHAT[durable-events-002] production scan keeps store context free of version tokens"}
[verification-test-start] {"pid":5888,"parentPid":3820,"entryFile":"/Users/yuanxi/Workwork/vibe-fs/requirements/durable-events/tests/021.test.mjs","name":"WHAT[durable-events-021] the actual producing process exits after semantic cut and a distinct next process resumes from the reset Current","fullName":"WHAT[durable-events-021] the actual producing process exits after semantic cut and a distinct next process resumes from the reset Current"}
[verification-test-start] {"pid":5888,"parentPid":3820,"entryFile":"/Users/yuanxi/Workwork/vibe-fs/requirements/durable-events/tests/021.test.mjs","name":"WHAT[durable-events-021] an uncut historical Journal fault suppresses only its own journal stream","fullName":"WHAT[durable-events-021] an uncut historical Journal fault suppresses only its own journal stream"}
[verification-test-start] {"pid":4115,"parentPid":3820,"entryFile":"/Users/yuanxi/Workwork/vibe-fs/requirements/durable-convergence/tests/011.test.mjs","name":"WHAT[durable-convergence-011] writer lifecycle observes active, expiry, and reactivation without mtime resurrection","fullName":"WHAT[durable-convergence-011] writer lifecycle observes active, expiry, and reactivation without mtime resurrection"}
runner: file lifecycle {"entryFile":"/Users/yuanxi/Workwork/vibe-fs/requirements/durable-events/tests/021.test.mjs","type":"runner:file-drained","elapsedMs":6050.286833}
runner: file lifecycle {"entryFile":"/Users/yuanxi/Workwork/vibe-fs/requirements/durable-events/tests/024.test.mjs","pid":3820,"parentPid":3799,"type":"runner:file-start","elapsedMs":6051.824542}
[verification-test-start] {"pid":5989,"parentPid":3820,"entryFile":"/Users/yuanxi/Workwork/vibe-fs/requirements/durable-events/tests/023.test.mjs","name":"WHAT[durable-events-023] canonical codec surface keeps encode decode UTF-8 identity and merge in one fail-closed protocol","fullName":"WHAT[durable-events-023] canonical codec surface keeps encode decode UTF-8 identity and merge in one fail-closed protocol"}
[verification-test-start] {"pid":4192,"parentPid":3820,"entryFile":"/Users/yuanxi/Workwork/vibe-fs/requirements/durable-events/tests/002.test.mjs","name":"WHAT[durable-events-002] documented non-store schemaVersion sites remain unflagged in production text","fullName":"WHAT[durable-events-002] documented non-store schemaVersion sites remain unflagged in production text"}
runner: file lifecycle {"entryFile":"/Users/yuanxi/Workwork/vibe-fs/requirements/durable-events/tests/002.test.mjs","type":"runner:file-drained","elapsedMs":6082.626375}
runner: file lifecycle {"entryFile":"/Users/yuanxi/Workwork/vibe-fs/requirements/durable-events/tests/025.test.mjs","pid":3820,"parentPid":3799,"type":"runner:file-start","elapsedMs":6083.966458}
[verification-test-start] {"pid":6058,"parentPid":3820,"entryFile":"/Users/yuanxi/Workwork/vibe-fs/requirements/durable-events/tests/024.test.mjs","name":"WHAT[durable-events-024] actual semantic-cut caller requires injected fatal capability and refuses fatal before committed or unknown settlement","fullName":"WHAT[durable-events-024] actual semantic-cut caller requires injected fatal capability and refuses fatal before committed or unknown settlement"}
[verification-test-start] {"pid":6058,"parentPid":3820,"entryFile":"/Users/yuanxi/Workwork/vibe-fs/requirements/durable-events/tests/024.test.mjs","name":"WHAT[durable-events-024] actual physical child persists bad fact and cut then reports and exits once; duplicate incident cannot execute again","fullName":"WHAT[durable-events-024] actual physical child persists bad fact and cut then reports and exits once; duplicate incident cannot execute again"}
[verification-test-start] {"pid":5653,"parentPid":3820,"entryFile":"/Users/yuanxi/Workwork/vibe-fs/requirements/durable-events/tests/018.test.mjs","name":"WHAT[durable-events-018] HOOK_reference_transaction_and_pre_push_launch_the_same_independent_full_converge_runtime","fullName":"WHAT[durable-events-018] HOOK_reference_transaction_and_pre_push_launch_the_same_independent_full_converge_runtime"}
runner: file lifecycle {"entryFile":"/Users/yuanxi/Workwork/vibe-fs/requirements/durable-events/tests/022.test.mjs","type":"runner:file-drained","elapsedMs":6101.908625}
runner: file lifecycle {"entryFile":"/Users/yuanxi/Workwork/vibe-fs/requirements/host-provider-failure-ownership/tests/001.test.mjs","pid":3820,"parentPid":3799,"type":"runner:file-start","elapsedMs":6103.538625}
runner: file lifecycle {"entryFile":"/Users/yuanxi/Workwork/vibe-fs/requirements/durable-events/tests/024.test.mjs","type":"runner:file-drained","elapsedMs":6107.273083}
runner: file lifecycle {"entryFile":"/Users/yuanxi/Workwork/vibe-fs/requirements/host-provider-failure-ownership/tests/002.test.mjs","pid":3820,"parentPid":3799,"type":"runner:file-start","elapsedMs":6108.029542}
[verification-test-start] {"pid":6094,"parentPid":3820,"entryFile":"/Users/yuanxi/Workwork/vibe-fs/requirements/host-provider-failure-ownership/tests/002.test.mjs","name":"WHAT[host-provider-failure-ownership-002] full plugin recovery opens only licensed fresh runs after Host failure without duplicate upstream requests (GAP-143)","fullName":"WHAT[host-provider-failure-ownership-002] full plugin recovery opens only licensed fresh runs after Host failure without duplicate upstream requests (GAP-143)"}
runner: file lifecycle {"entryFile":"/Users/yuanxi/Workwork/vibe-fs/requirements/host-provider-failure-ownership/tests/002.test.mjs","type":"runner:file-drained","elapsedMs":6148.9310000000005}
runner: file lifecycle {"entryFile":"/Users/yuanxi/Workwork/vibe-fs/requirements/host-provider-failure-ownership/tests/003.test.mjs","pid":3820,"parentPid":3799,"type":"runner:file-start","elapsedMs":6149.729083}
[verification-test-start] {"pid":5989,"parentPid":3820,"entryFile":"/Users/yuanxi/Workwork/vibe-fs/requirements/durable-events/tests/023.test.mjs","name":"WHAT[durable-events-023] single-field family folds own their slice and declare no aggregate dependency","fullName":"WHAT[durable-events-023] single-field family folds own their slice and declare no aggregate dependency"}
runner: file lifecycle {"entryFile":"/Users/yuanxi/Workwork/vibe-fs/requirements/durable-convergence/tests/011.test.mjs","type":"runner:file-drained","elapsedMs":6219.008292}
runner: file lifecycle {"entryFile":"/Users/yuanxi/Workwork/vibe-fs/requirements/host-provider-failure-ownership/tests/004.test.mjs","pid":3820,"parentPid":3799,"type":"runner:file-start","elapsedMs":6219.7972500000005}
[verification-test-start] {"pid":6106,"parentPid":3820,"entryFile":"/Users/yuanxi/Workwork/vibe-fs/requirements/host-provider-failure-ownership/tests/003.test.mjs","name":"WHAT[host-provider-failure-ownership-003] presentation classifier marks licensed recovery as having no final presentation","fullName":"WHAT[host-provider-failure-ownership-003] presentation classifier marks licensed recovery as having no final presentation"}
[verification-test-start] {"pid":6106,"parentPid":3820,"entryFile":"/Users/yuanxi/Workwork/vibe-fs/requirements/host-provider-failure-ownership/tests/003.test.mjs","name":"WHAT[host-provider-failure-ownership-003] actual recovery emits no plugin final presentation before exhaustion and preserves Host native error visibility (GAP-143)","fullName":"WHAT[host-provider-failure-ownership-003] actual recovery emits no plugin final presentation before exhaustion and preserves Host native error visibility (GAP-143)"}
runner: file lifecycle {"entryFile":"/Users/yuanxi/Workwork/vibe-fs/requirements/host-provider-failure-ownership/tests/003.test.mjs","type":"runner:file-drained","elapsedMs":6235.952958}
runner: file lifecycle {"entryFile":"/Users/yuanxi/Workwork/vibe-fs/requirements/host-provider-failure-ownership/tests/005.test.mjs","pid":3820,"parentPid":3799,"type":"runner:file-start","elapsedMs":6236.986458}
[verification-test-start] {"pid":5989,"parentPid":3820,"entryFile":"/Users/yuanxi/Workwork/vibe-fs/requirements/durable-events/tests/023.test.mjs","name":"WHAT[durable-events-023] prompt provider companion and context folds decide on their own slices while composition owns the aggregate write","fullName":"WHAT[durable-events-023] prompt provider companion and context folds decide on their own slices while composition owns the aggregate write"}
[verification-test-start] {"pid":6081,"parentPid":3820,"entryFile":"/Users/yuanxi/Workwork/vibe-fs/requirements/durable-events/tests/025.test.mjs","name":"WHAT[durable-events-025] conflicting Prepared identity returns StorageInvalid without appending a semantic cut","fullName":"WHAT[durable-events-025] conflicting Prepared identity returns StorageInvalid without appending a semantic cut"}
[verification-test-start] {"pid":5989,"parentPid":3820,"entryFile":"/Users/yuanxi/Workwork/vibe-fs/requirements/durable-events/tests/023.test.mjs","name":"WHAT[durable-events-023] EXEC_port_members_read_journal_at_call_time","fullName":"WHAT[durable-events-023] EXEC_port_members_read_journal_at_call_time"}
[verification-test-start] {"pid":6120,"parentPid":3820,"entryFile":"/Users/yuanxi/Workwork/vibe-fs/requirements/host-provider-failure-ownership/tests/005.test.mjs","name":"WHAT[host-provider-failure-ownership-005] retry ownership heuristic detects no known forbidden source pattern","fullName":"WHAT[host-provider-failure-ownership-005] retry ownership heuristic detects no known forbidden source pattern"}
[verification-test-start] {"pid":6081,"parentPid":3820,"entryFile":"/Users/yuanxi/Workwork/vibe-fs/requirements/durable-events/tests/025.test.mjs","name":"WHAT[durable-events-025] actual Prepared semantic cut prevents transaction file effects; Committed unknown is recovered without assuming not-written","fullName":"WHAT[durable-events-025] actual Prepared semantic cut prevents transaction file effects; Committed unknown is recovered without assuming not-written"}
[verification-test-start] {"pid":6081,"parentPid":3820,"entryFile":"/Users/yuanxi/Workwork/vibe-fs/requirements/durable-events/tests/025.test.mjs","name":"WHAT[durable-events-025] durable typed rejection reaches its unique composition fatal owner through a required capability","fullName":"WHAT[durable-events-025] durable typed rejection reaches its unique composition fatal owner through a required capability"}
[verification-test-start] {"pid":6084,"parentPid":3820,"entryFile":"/Users/yuanxi/Workwork/vibe-fs/requirements/host-provider-failure-ownership/tests/001.test.mjs","name":"WHAT[host-provider-failure-ownership-001] actual plugin config hook forces zero despite existing values and legacy environment override","fullName":"WHAT[host-provider-failure-ownership-001] actual plugin config hook forces zero despite existing values and legacy environment override"}
runner: file lifecycle {"entryFile":"/Users/yuanxi/Workwork/vibe-fs/requirements/durable-events/tests/025.test.mjs","type":"runner:file-drained","elapsedMs":6332.0556670000005}
runner: file lifecycle {"entryFile":"/Users/yuanxi/Workwork/vibe-fs/requirements/host-provider-failure-ownership/tests/006.test.mjs","pid":3820,"parentPid":3799,"type":"runner:file-start","elapsedMs":6335.077083}
[verification-test-start] {"pid":6120,"parentPid":3820,"entryFile":"/Users/yuanxi/Workwork/vibe-fs/requirements/host-provider-failure-ownership/tests/005.test.mjs","name":"WHAT[host-provider-failure-ownership-005] actual Host observer and Change Orchestrator cannot send recovery without the policy owner licence (GAP-143)","fullName":"WHAT[host-provider-failure-ownership-005] actual Host observer and Change Orchestrator cannot send recovery without the policy owner licence (GAP-143)"}
[verification-test-start] {"pid":5989,"parentPid":3820,"entryFile":"/Users/yuanxi/Workwork/vibe-fs/requirements/durable-events/tests/023.test.mjs","name":"WHAT[durable-events-023] EXEC_one_commit_moves_every_related_view_together","fullName":"WHAT[durable-events-023] EXEC_one_commit_moves_every_related_view_together"}
runner: file lifecycle {"entryFile":"/Users/yuanxi/Workwork/vibe-fs/requirements/host-provider-failure-ownership/tests/005.test.mjs","type":"runner:file-drained","elapsedMs":6400.689958}
runner: file lifecycle {"entryFile":"/Users/yuanxi/Workwork/vibe-fs/requirements/host-provider-failure-ownership/tests/007.test.mjs","pid":3820,"parentPid":3799,"type":"runner:file-start","elapsedMs":6402.37925}
[verification-test-start] {"pid":5653,"parentPid":3820,"entryFile":"/Users/yuanxi/Workwork/vibe-fs/requirements/durable-events/tests/018.test.mjs","name":"WHAT[durable-events-018] HOOK_classification_preserves_foreign_hooks","fullName":"WHAT[durable-events-018] HOOK_classification_preserves_foreign_hooks"}
[verification-test-start] {"pid":5653,"parentPid":3820,"entryFile":"/Users/yuanxi/Workwork/vibe-fs/requirements/durable-events/tests/018.test.mjs","name":"WHAT[durable-events-018] HOOK_install_refreshes_owned_hook_but_never_overwrites_foreign_hook","fullName":"WHAT[durable-events-018] HOOK_install_refreshes_owned_hook_but_never_overwrites_foreign_hook"}
runner: file lifecycle {"entryFile":"/Users/yuanxi/Workwork/vibe-fs/requirements/durable-events/tests/018.test.mjs","type":"runner:file-drained","elapsedMs":6425.156833}
runner: file lifecycle {"entryFile":"/Users/yuanxi/Workwork/vibe-fs/requirements/interaction-authority/tests/001.test.mjs","pid":3820,"parentPid":3799,"type":"runner:file-start","elapsedMs":6427.92625}
[verification-test-start] {"pid":6132,"parentPid":3820,"entryFile":"/Users/yuanxi/Workwork/vibe-fs/requirements/host-provider-failure-ownership/tests/006.test.mjs","name":"WHAT[host-provider-failure-ownership-006] presentation classifier distinguishes exhausted policy from recovery and settled execution","fullName":"WHAT[host-provider-failure-ownership-006] presentation classifier distinguishes exhausted policy from recovery and settled execution"}
[verification-test-start] {"pid":6132,"parentPid":3820,"entryFile":"/Users/yuanxi/Workwork/vibe-fs/requirements/host-provider-failure-ownership/tests/006.test.mjs","name":"WHAT[host-provider-failure-ownership-006] real budget and capacity exhaustion durably terminalize, stop admission and emit exactly one final through duplicate callbacks and restart (GAP-143)","fullName":"WHAT[host-provider-failure-ownership-006] real budget and capacity exhaustion durably terminalize, stop admission and emit exactly one final through duplicate callbacks and restart (GAP-143)"}
runner: file lifecycle {"entryFile":"/Users/yuanxi/Workwork/vibe-fs/requirements/host-provider-failure-ownership/tests/006.test.mjs","type":"runner:file-drained","elapsedMs":6455.430958}
runner: file lifecycle {"entryFile":"/Users/yuanxi/Workwork/vibe-fs/requirements/interaction-authority/tests/002.test.mjs","pid":3820,"parentPid":3799,"type":"runner:file-start","elapsedMs":6456.333958}
[verification-test-start] {"pid":6146,"parentPid":3820,"entryFile":"/Users/yuanxi/Workwork/vibe-fs/requirements/host-provider-failure-ownership/tests/007.test.mjs","name":"WHAT[host-provider-failure-ownership-007] dependency metadata pins the required Host and plugin versions","fullName":"WHAT[host-provider-failure-ownership-007] dependency metadata pins the required Host and plugin versions"}
[verification-test-start] {"pid":6146,"parentPid":3820,"entryFile":"/Users/yuanxi/Workwork/vibe-fs/requirements/host-provider-failure-ownership/tests/007.test.mjs","name":"WHAT[host-provider-failure-ownership-007] compatibility gate rejects consumer and error presentation owner drift through SDK and Desktop CLI (GAP-143)","fullName":"WHAT[host-provider-failure-ownership-007] compatibility gate rejects consumer and error presentation owner drift through SDK and Desktop CLI (GAP-143)"}
runner: file lifecycle {"entryFile":"/Users/yuanxi/Workwork/vibe-fs/requirements/host-provider-failure-ownership/tests/007.test.mjs","type":"runner:file-drained","elapsedMs":6469.913083}
runner: file lifecycle {"entryFile":"/Users/yuanxi/Workwork/vibe-fs/requirements/interaction-authority/tests/003.test.mjs","pid":3820,"parentPid":3799,"type":"runner:file-start","elapsedMs":6470.68725}
[verification-test-start] {"pid":6118,"parentPid":3820,"entryFile":"/Users/yuanxi/Workwork/vibe-fs/requirements/host-provider-failure-ownership/tests/004.test.mjs","name":"WHAT[host-provider-failure-ownership-004] actual config hook propagates rejected legacy configuration to its Host caller","fullName":"WHAT[host-provider-failure-ownership-004] actual config hook propagates rejected legacy configuration to its Host caller"}
[verification-test-start] {"pid":5989,"parentPid":3820,"entryFile":"/Users/yuanxi/Workwork/vibe-fs/requirements/durable-events/tests/023.test.mjs","name":"WHAT[durable-events-023] EXEC_revision_waiter_wakes_on_next_commit","fullName":"WHAT[durable-events-023] EXEC_revision_waiter_wakes_on_next_commit"}
[verification-test-start] {"pid":6155,"parentPid":3820,"entryFile":"/Users/yuanxi/Workwork/vibe-fs/requirements/interaction-authority/tests/001.test.mjs","name":"WHAT[interaction-authority-001] receipt stays pending across reopen and only exact physical acceptance creates child authority","fullName":"WHAT[interaction-authority-001] receipt stays pending across reopen and only exact physical acceptance creates child authority"}
[verification-test-start] {"pid":6156,"parentPid":3820,"entryFile":"/Users/yuanxi/Workwork/vibe-fs/requirements/interaction-authority/tests/002.test.mjs","name":"WHAT[interaction-authority-002] identical identifier text grants different authority only through typed receipt or physical evidence","fullName":"WHAT[interaction-authority-002] identical identifier text grants different authority only through typed receipt or physical evidence"}
[verification-test-start] {"pid":6158,"parentPid":3820,"entryFile":"/Users/yuanxi/Workwork/vibe-fs/requirements/interaction-authority/tests/003.test.mjs","name":"WHAT[interaction-authority-003] HumanRoot persists identity before provider work and returns the exact profile","fullName":"WHAT[interaction-authority-003] HumanRoot persists identity before provider work and returns the exact profile"}
[verification-test-start] {"pid":5989,"parentPid":3820,"entryFile":"/Users/yuanxi/Workwork/vibe-fs/requirements/durable-events/tests/023.test.mjs","name":"WHAT[durable-events-023] EXEC_cancelled_waiter_releases_without_stealing_a_commit","fullName":"WHAT[durable-events-023] EXEC_cancelled_waiter_releases_without_stealing_a_commit"}
[verification-test-start] {"pid":6158,"parentPid":3820,"entryFile":"/Users/yuanxi/Workwork/vibe-fs/requirements/interaction-authority/tests/003.test.mjs","name":"WHAT[interaction-authority-003] physical receipt installs exact AgentOwnerRoot authority after its claim","fullName":"WHAT[interaction-authority-003] physical receipt installs exact AgentOwnerRoot authority after its claim"}
[verification-test-start] {"pid":5989,"parentPid":3820,"entryFile":"/Users/yuanxi/Workwork/vibe-fs/requirements/durable-events/tests/023.test.mjs","name":"WHAT[durable-events-023] EXEC_unknown_append_poisons_and_is_never_confirmed","fullName":"WHAT[durable-events-023] EXEC_unknown_append_poisons_and_is_never_confirmed"}
[verification-test-start] {"pid":6156,"parentPid":3820,"entryFile":"/Users/yuanxi/Workwork/vibe-fs/requirements/interaction-authority/tests/002.test.mjs","name":"WHAT[interaction-authority-002] untrusted text and shape never supply missing provenance to ingress classification","fullName":"WHAT[interaction-authority-002] untrusted text and shape never supply missing provenance to ingress classification"}
[verification-test-start] {"pid":6155,"parentPid":3820,"entryFile":"/Users/yuanxi/Workwork/vibe-fs/requirements/interaction-authority/tests/001.test.mjs","name":"WHAT[interaction-authority-001] GAP-122 compiler rejects using a TransportReceipt where authority promotion requires proven physical identity","fullName":"WHAT[interaction-authority-001] GAP-122 compiler rejects using a TransportReceipt where authority promotion requires proven physical identity"}
runner: file lifecycle {"entryFile":"/Users/yuanxi/Workwork/vibe-fs/requirements/interaction-authority/tests/002.test.mjs","type":"runner:file-drained","elapsedMs":6833.8665}
runner: file lifecycle {"entryFile":"/Users/yuanxi/Workwork/vibe-fs/requirements/interaction-authority/tests/004.test.mjs","pid":3820,"parentPid":3799,"type":"runner:file-start","elapsedMs":6835.231208}
runner: file lifecycle {"entryFile":"/Users/yuanxi/Workwork/vibe-fs/requirements/interaction-authority/tests/001.test.mjs","type":"runner:file-drained","elapsedMs":6835.717250000001}
runner: file lifecycle {"entryFile":"/Users/yuanxi/Workwork/vibe-fs/requirements/interaction-authority/tests/005.test.mjs","pid":3820,"parentPid":3799,"type":"runner:file-start","elapsedMs":6836.379792000001}
runner: file lifecycle {"entryFile":"/Users/yuanxi/Workwork/vibe-fs/requirements/durable-events/tests/023.test.mjs","type":"runner:file-drained","elapsedMs":6844.213042}
[verification-test-start] {"pid":6158,"parentPid":3820,"entryFile":"/Users/yuanxi/Workwork/vibe-fs/requirements/interaction-authority/tests/003.test.mjs","name":"WHAT[interaction-authority-003] rejected or unknown physical send outcome leaves no authority","fullName":"WHAT[interaction-authority-003] rejected or unknown physical send outcome leaves no authority"}
runner: file lifecycle {"entryFile":"/Users/yuanxi/Workwork/vibe-fs/requirements/interaction-authority/tests/006.test.mjs","pid":3820,"parentPid":3799,"type":"runner:file-start","elapsedMs":6844.632292}
[verification-test-start] {"pid":6158,"parentPid":3820,"entryFile":"/Users/yuanxi/Workwork/vibe-fs/requirements/interaction-authority/tests/003.test.mjs","name":"WHAT[interaction-authority-003] valid authority profiles carry one atomic participant identity","fullName":"WHAT[interaction-authority-003] valid authority profiles carry one atomic participant identity"}
[verification-test-start] {"pid":6158,"parentPid":3820,"entryFile":"/Users/yuanxi/Workwork/vibe-fs/requirements/interaction-authority/tests/003.test.mjs","name":"WHAT[interaction-authority-003] rejects hand-built mismatched profile","fullName":"WHAT[interaction-authority-003] rejects hand-built mismatched profile"}
[verification-test-start] {"pid":6158,"parentPid":3820,"entryFile":"/Users/yuanxi/Workwork/vibe-fs/requirements/interaction-authority/tests/003.test.mjs","name":"WHAT[interaction-authority-003] Bookkeeper cannot enter a public authority profile","fullName":"WHAT[interaction-authority-003] Bookkeeper cannot enter a public authority profile"}
[verification-test-start] {"pid":6158,"parentPid":3820,"entryFile":"/Users/yuanxi/Workwork/vibe-fs/requirements/interaction-authority/tests/003.test.mjs","name":"WHAT[interaction-authority-003] current schema-v2 authority bytes round-trip canonically","fullName":"WHAT[interaction-authority-003] current schema-v2 authority bytes round-trip canonically"}
[verification-test-start] {"pid":6158,"parentPid":3820,"entryFile":"/Users/yuanxi/Workwork/vibe-fs/requirements/interaction-authority/tests/003.test.mjs","name":"WHAT[interaction-authority-003] current AgentOwnerRoot retains exact inherited owner provenance","fullName":"WHAT[interaction-authority-003] current AgentOwnerRoot retains exact inherited owner provenance"}
[verification-test-start] {"pid":6158,"parentPid":3820,"entryFile":"/Users/yuanxi/Workwork/vibe-fs/requirements/interaction-authority/tests/003.test.mjs","name":"WHAT[interaction-authority-003] repeated legacy HumanRoot replay upgrades to identical schema-v2 identity","fullName":"WHAT[interaction-authority-003] repeated legacy HumanRoot replay upgrades to identical schema-v2 identity"}
[verification-test-start] {"pid":6158,"parentPid":3820,"entryFile":"/Users/yuanxi/Workwork/vibe-fs/requirements/interaction-authority/tests/003.test.mjs","name":"WHAT[interaction-authority-003] unknown authority schema fails closed precisely","fullName":"WHAT[interaction-authority-003] unknown authority schema fails closed precisely"}
[verification-test-start] {"pid":6158,"parentPid":3820,"entryFile":"/Users/yuanxi/Workwork/vibe-fs/requirements/interaction-authority/tests/003.test.mjs","name":"WHAT[interaction-authority-003] malformed legacy identity fails closed at the missing field","fullName":"WHAT[interaction-authority-003] malformed legacy identity fails closed at the missing field"}
[verification-test-start] {"pid":6158,"parentPid":3820,"entryFile":"/Users/yuanxi/Workwork/vibe-fs/requirements/interaction-authority/tests/003.test.mjs","name":"WHAT[interaction-authority-003] stale legacy peer fields normalize to canonical identity","fullName":"WHAT[interaction-authority-003] stale legacy peer fields normalize to canonical identity"}
[verification-test-start] {"pid":6158,"parentPid":3820,"entryFile":"/Users/yuanxi/Workwork/vibe-fs/requirements/interaction-authority/tests/003.test.mjs","name":"WHAT[interaction-authority-003] malformed schema-v2 identity fails closed at the missing field","fullName":"WHAT[interaction-authority-003] malformed schema-v2 identity fails closed at the missing field"}
[verification-test-start] {"pid":6158,"parentPid":3820,"entryFile":"/Users/yuanxi/Workwork/vibe-fs/requirements/interaction-authority/tests/003.test.mjs","name":"WHAT[interaction-authority-003] mismatched schema-v2 identity fails closed precisely","fullName":"WHAT[interaction-authority-003] mismatched schema-v2 identity fails closed precisely"}
[verification-test-start] {"pid":6158,"parentPid":3820,"entryFile":"/Users/yuanxi/Workwork/vibe-fs/requirements/interaction-authority/tests/003.test.mjs","name":"WHAT[interaction-authority-003] rejects unprovable historical identity","fullName":"WHAT[interaction-authority-003] rejects unprovable historical identity"}
[verification-test-start] {"pid":6158,"parentPid":3820,"entryFile":"/Users/yuanxi/Workwork/vibe-fs/requirements/interaction-authority/tests/003.test.mjs","name":"WHAT[interaction-authority-003] participant identity is not a second live fact case","fullName":"WHAT[interaction-authority-003] participant identity is not a second live fact case"}
[verification-test-start] {"pid":6158,"parentPid":3820,"entryFile":"/Users/yuanxi/Workwork/vibe-fs/requirements/interaction-authority/tests/003.test.mjs","name":"WHAT[interaction-authority-003] IA_003_malformed_profile_role_and_root_kind_fail_closed_tier_is_compat","fullName":"WHAT[interaction-authority-003] IA_003_malformed_profile_role_and_root_kind_fail_closed_tier_is_compat"}
[verification-test-start] {"pid":6158,"parentPid":3820,"entryFile":"/Users/yuanxi/Workwork/vibe-fs/requirements/interaction-authority/tests/003.test.mjs","name":"WHAT[interaction-authority-003] IA_003_root_carries_resolved_participant_identity","fullName":"WHAT[interaction-authority-003] IA_003_root_carries_resolved_participant_identity"}
[verification-test-start] {"pid":6158,"parentPid":3820,"entryFile":"/Users/yuanxi/Workwork/vibe-fs/requirements/interaction-authority/tests/003.test.mjs","name":"WHAT[interaction-authority-003] IA_003_root_remains_the_source_for_continuations","fullName":"WHAT[interaction-authority-003] IA_003_root_remains_the_source_for_continuations"}
[verification-test-start] {"pid":6158,"parentPid":3820,"entryFile":"/Users/yuanxi/Workwork/vibe-fs/requirements/interaction-authority/tests/003.test.mjs","name":"WHAT[interaction-authority-003] TPOL_top_level_manager_has_fail_closed_parent_rules_table_driven","fullName":"WHAT[interaction-authority-003] TPOL_top_level_manager_has_fail_closed_parent_rules_table_driven"}
[verification-test-start] {"pid":6158,"parentPid":3820,"entryFile":"/Users/yuanxi/Workwork/vibe-fs/requirements/interaction-authority/tests/003.test.mjs","name":"WHAT[interaction-authority-003] accepted root and exact identity recover together from the real journal","fullName":"WHAT[interaction-authority-003] accepted root and exact identity recover together from the real journal"}
[verification-test-start] {"pid":6158,"parentPid":3820,"entryFile":"/Users/yuanxi/Workwork/vibe-fs/requirements/interaction-authority/tests/003.test.mjs","name":"WHAT[interaction-authority-003] GAP-122 crash each root append boundary and prove no orphan identity or root including initial exact target lease","fullName":"WHAT[interaction-authority-003] GAP-122 crash each root append boundary and prove no orphan identity or root including initial exact target lease"}
runner: file lifecycle {"entryFile":"/Users/yuanxi/Workwork/vibe-fs/requirements/interaction-authority/tests/003.test.mjs","type":"runner:file-drained","elapsedMs":6952.352167}
runner: file lifecycle {"entryFile":"/Users/yuanxi/Workwork/vibe-fs/requirements/interaction-authority/tests/007.test.mjs","pid":3820,"parentPid":3799,"type":"runner:file-start","elapsedMs":6953.042583}
[verification-test-start] {"pid":4102,"parentPid":3820,"entryFile":"/Users/yuanxi/Workwork/vibe-fs/requirements/durable-convergence/tests/010.test.mjs","name":"WHAT[durable-convergence-010] hook installer respects user-owned SSH multiplex configuration","fullName":"WHAT[durable-convergence-010] hook installer respects user-owned SSH multiplex configuration"}
[verification-test-start] {"pid":4793,"parentPid":3820,"entryFile":"/Users/yuanxi/Workwork/vibe-fs/requirements/durable-events/tests/009.test.mjs","name":"WHAT[durable-events-009] dual-write allowlist is empty (no parked bridges)","fullName":"WHAT[durable-events-009] dual-write allowlist is empty (no parked bridges)"}
[verification-test-start] {"pid":4793,"parentPid":3820,"entryFile":"/Users/yuanxi/Workwork/vibe-fs/requirements/durable-events/tests/009.test.mjs","name":"WHAT[durable-events-009] production scan has no dual-write residue","fullName":"WHAT[durable-events-009] production scan has no dual-write residue"}
[verification-test-start] {"pid":6203,"parentPid":3820,"entryFile":"/Users/yuanxi/Workwork/vibe-fs/requirements/interaction-authority/tests/005.test.mjs","name":"WHAT[interaction-authority-005] AgentOwnerRoot rejects RootSelection before Host send","fullName":"WHAT[interaction-authority-005] AgentOwnerRoot rejects RootSelection before Host send"}
[verification-test-start] {"pid":6204,"parentPid":3820,"entryFile":"/Users/yuanxi/Workwork/vibe-fs/requirements/interaction-authority/tests/006.test.mjs","name":"WHAT[interaction-authority-006] HumanRoot missing identity seed is rejected without authority","fullName":"WHAT[interaction-authority-006] HumanRoot missing identity seed is rejected without authority"}
[verification-test-start] {"pid":6204,"parentPid":3820,"entryFile":"/Users/yuanxi/Workwork/vibe-fs/requirements/interaction-authority/tests/006.test.mjs","name":"WHAT[interaction-authority-006] IA_006_canonical_names_resolve_and_legacy_or_malformed_are_refused","fullName":"WHAT[interaction-authority-006] IA_006_canonical_names_resolve_and_legacy_or_malformed_are_refused"}
[verification-test-start] {"pid":6202,"parentPid":3820,"entryFile":"/Users/yuanxi/Workwork/vibe-fs/requirements/interaction-authority/tests/004.test.mjs","name":"WHAT[interaction-authority-004] each current continuation retains the complete run root and identity evidence","fullName":"WHAT[interaction-authority-004] each current continuation retains the complete run root and identity evidence"}
[verification-test-start] {"pid":6205,"parentPid":3820,"entryFile":"/Users/yuanxi/Workwork/vibe-fs/requirements/interaction-authority/tests/007.test.mjs","name":"WHAT[interaction-authority-007] IA_007_unknown_origin_changes_no_projection_state","fullName":"WHAT[interaction-authority-007] IA_007_unknown_origin_changes_no_projection_state"}
[verification-test-start] {"pid":6204,"parentPid":3820,"entryFile":"/Users/yuanxi/Workwork/vibe-fs/requirements/interaction-authority/tests/006.test.mjs","name":"WHAT[interaction-authority-006] IA_006_agent_owner_root_claim_rejects_legacy_name","fullName":"WHAT[interaction-authority-006] IA_006_agent_owner_root_claim_rejects_legacy_name"}
[verification-test-start] {"pid":6203,"parentPid":3820,"entryFile":"/Users/yuanxi/Workwork/vibe-fs/requirements/interaction-authority/tests/005.test.mjs","name":"WHAT[interaction-authority-005] inherited identity is durable in PluginPromptClaimed before Host send","fullName":"WHAT[interaction-authority-005] inherited identity is durable in PluginPromptClaimed before Host send"}
[verification-test-start] {"pid":6205,"parentPid":3820,"entryFile":"/Users/yuanxi/Workwork/vibe-fs/requirements/interaction-authority/tests/007.test.mjs","name":"WHAT[interaction-authority-007] absent wire agent continues the durable active participant","fullName":"WHAT[interaction-authority-007] absent wire agent continues the durable active participant"}
[verification-test-start] {"pid":6205,"parentPid":3820,"entryFile":"/Users/yuanxi/Workwork/vibe-fs/requirements/interaction-authority/tests/007.test.mjs","name":"WHAT[interaction-authority-007] durable active profile supplies the participant when the wire omits it","fullName":"WHAT[interaction-authority-007] durable active profile supplies the participant when the wire omits it"}
runner: file lifecycle {"entryFile":"/Users/yuanxi/Workwork/vibe-fs/requirements/interaction-authority/tests/006.test.mjs","type":"runner:file-drained","elapsedMs":7041.393583}
runner: file lifecycle {"entryFile":"/Users/yuanxi/Workwork/vibe-fs/requirements/interaction-authority/tests/008.test.mjs","pid":3820,"parentPid":3799,"type":"runner:file-start","elapsedMs":7042.462583}
runner: file lifecycle {"entryFile":"/Users/yuanxi/Workwork/vibe-fs/requirements/interaction-authority/tests/007.test.mjs","type":"runner:file-drained","elapsedMs":7045.66625}
runner: file lifecycle {"entryFile":"/Users/yuanxi/Workwork/vibe-fs/requirements/interaction-authority/tests/009.test.mjs","pid":3820,"parentPid":3799,"type":"runner:file-start","elapsedMs":7046.702417}
[verification-test-start] {"pid":6202,"parentPid":3820,"entryFile":"/Users/yuanxi/Workwork/vibe-fs/requirements/interaction-authority/tests/004.test.mjs","name":"WHAT[interaction-authority-004] GAP-122 actual continuation never resets fallback or repair budget while changing only an authorized physical binding","fullName":"WHAT[interaction-authority-004] GAP-122 actual continuation never resets fallback or repair budget while changing only an authorized physical binding"}
runner: file lifecycle {"entryFile":"/Users/yuanxi/Workwork/vibe-fs/requirements/interaction-authority/tests/004.test.mjs","type":"runner:file-drained","elapsedMs":7065.364708}
runner: file lifecycle {"entryFile":"/Users/yuanxi/Workwork/vibe-fs/requirements/interaction-authority/tests/010.test.mjs","pid":3820,"parentPid":3799,"type":"runner:file-start","elapsedMs":7066.64725}
[verification-test-start] {"pid":4793,"parentPid":3820,"entryFile":"/Users/yuanxi/Workwork/vibe-fs/requirements/durable-events/tests/009.test.mjs","name":"WHAT[durable-events-009] SharedAgentJournal_cache_hit_returns_same_instance_without_rereading_retired_path","fullName":"WHAT[durable-events-009] SharedAgentJournal_cache_hit_returns_same_instance_without_rereading_retired_path"}
runner: file lifecycle {"entryFile":"/Users/yuanxi/Workwork/vibe-fs/requirements/durable-events/tests/009.test.mjs","type":"runner:file-drained","elapsedMs":7087.079417}
runner: file lifecycle {"entryFile":"/Users/yuanxi/Workwork/vibe-fs/requirements/interaction-authority/tests/011.test.mjs","pid":3820,"parentPid":3799,"type":"runner:file-start","elapsedMs":7087.819667}
[verification-test-start] {"pid":6237,"parentPid":3820,"entryFile":"/Users/yuanxi/Workwork/vibe-fs/requirements/interaction-authority/tests/009.test.mjs","name":"WHAT[interaction-authority-009] actual ingress resolves an omitted participant from active or historical durable Profile while malformed carriers and unprovable identity remain rejected (GAP-122)","fullName":"WHAT[interaction-authority-009] actual ingress resolves an omitted participant from active or historical durable Profile while malformed carriers and unprovable identity remain rejected (GAP-122)"}
[verification-test-start] {"pid":6236,"parentPid":3820,"entryFile":"/Users/yuanxi/Workwork/vibe-fs/requirements/interaction-authority/tests/008.test.mjs","name":"WHAT[interaction-authority-008] HostInternal_companion_carrier_marks_internal","fullName":"WHAT[interaction-authority-008] HostInternal_companion_carrier_marks_internal"}
[verification-test-start] {"pid":6237,"parentPid":3820,"entryFile":"/Users/yuanxi/Workwork/vibe-fs/requirements/interaction-authority/tests/009.test.mjs","name":"WHAT[interaction-authority-009] IA_009_pure_resolution_never_infers_human_root","fullName":"WHAT[interaction-authority-009] IA_009_pure_resolution_never_infers_human_root"}
[verification-test-start] {"pid":6237,"parentPid":3820,"entryFile":"/Users/yuanxi/Workwork/vibe-fs/requirements/interaction-authority/tests/009.test.mjs","name":"WHAT[interaction-authority-009] explicit agent cannot infer HumanRoot while active","fullName":"WHAT[interaction-authority-009] explicit agent cannot infer HumanRoot while active"}
[verification-test-start] {"pid":6237,"parentPid":3820,"entryFile":"/Users/yuanxi/Workwork/vibe-fs/requirements/interaction-authority/tests/009.test.mjs","name":"WHAT[interaction-authority-009] matching user agent continues the exact active root","fullName":"WHAT[interaction-authority-009] matching user agent continues the exact active root"}
[verification-test-start] {"pid":6236,"parentPid":3820,"entryFile":"/Users/yuanxi/Workwork/vibe-fs/requirements/interaction-authority/tests/008.test.mjs","name":"WHAT[interaction-authority-008] HostInternal_raw_compaction_and_synthetic_carriers","fullName":"WHAT[interaction-authority-008] HostInternal_raw_compaction_and_synthetic_carriers"}
runner: file lifecycle {"entryFile":"/Users/yuanxi/Workwork/vibe-fs/requirements/interaction-authority/tests/009.test.mjs","type":"runner:file-drained","elapsedMs":7146.603542}
runner: file lifecycle {"entryFile":"/Users/yuanxi/Workwork/vibe-fs/requirements/interaction-authority/tests/012.test.mjs","pid":3820,"parentPid":3799,"type":"runner:file-start","elapsedMs":7147.20475}
[verification-test-start] {"pid":6242,"parentPid":3820,"entryFile":"/Users/yuanxi/Workwork/vibe-fs/requirements/interaction-authority/tests/010.test.mjs","name":"WHAT[interaction-authority-010] IA_010_terminal_repair_identity_is_exactly_once","fullName":"WHAT[interaction-authority-010] IA_010_terminal_repair_identity_is_exactly_once"}
[verification-test-start] {"pid":6203,"parentPid":3820,"entryFile":"/Users/yuanxi/Workwork/vibe-fs/requirements/interaction-authority/tests/005.test.mjs","name":"WHAT[interaction-authority-005] stale owner witness is rejected before Host send","fullName":"WHAT[interaction-authority-005] stale owner witness is rejected before Host send"}
[verification-test-start] {"pid":6236,"parentPid":3820,"entryFile":"/Users/yuanxi/Workwork/vibe-fs/requirements/interaction-authority/tests/008.test.mjs","name":"WHAT[interaction-authority-008] IA_008_resolution_order_is_accepted_then_claimed_then_compaction_then_root","fullName":"WHAT[interaction-authority-008] IA_008_resolution_order_is_accepted_then_claimed_then_compaction_then_root"}
[verification-test-start] {"pid":6236,"parentPid":3820,"entryFile":"/Users/yuanxi/Workwork/vibe-fs/requirements/interaction-authority/tests/008.test.mjs","name":"WHAT[interaction-authority-008] IA_008_accepted_continuation_outranks_compaction","fullName":"WHAT[interaction-authority-008] IA_008_accepted_continuation_outranks_compaction"}
[verification-test-start] {"pid":6236,"parentPid":3820,"entryFile":"/Users/yuanxi/Workwork/vibe-fs/requirements/interaction-authority/tests/008.test.mjs","name":"WHAT[interaction-authority-008] accepted Host identity outranks claim and compaction","fullName":"WHAT[interaction-authority-008] accepted Host identity outranks claim and compaction"}
runner: file lifecycle {"entryFile":"/Users/yuanxi/Workwork/vibe-fs/requirements/interaction-authority/tests/010.test.mjs","type":"runner:file-drained","elapsedMs":7164.139958}
runner: file lifecycle {"entryFile":"/Users/yuanxi/Workwork/vibe-fs/requirements/interaction-authority/tests/013.test.mjs","pid":3820,"parentPid":3799,"type":"runner:file-start","elapsedMs":7165.549625000001}
[verification-test-start] {"pid":6236,"parentPid":3820,"entryFile":"/Users/yuanxi/Workwork/vibe-fs/requirements/interaction-authority/tests/008.test.mjs","name":"WHAT[interaction-authority-008] registered AgentOwnerRoot outranks external root inference","fullName":"WHAT[interaction-authority-008] registered AgentOwnerRoot outranks external root inference"}
[verification-test-start] {"pid":6249,"parentPid":3820,"entryFile":"/Users/yuanxi/Workwork/vibe-fs/requirements/interaction-authority/tests/011.test.mjs","name":"WHAT[interaction-authority-011] PROMPT_011_logical_run_id_is_stable_and_input_sensitive","fullName":"WHAT[interaction-authority-011] PROMPT_011_logical_run_id_is_stable_and_input_sensitive"}
[verification-test-start] {"pid":6236,"parentPid":3820,"entryFile":"/Users/yuanxi/Workwork/vibe-fs/requirements/interaction-authority/tests/008.test.mjs","name":"WHAT[interaction-authority-008] plugin claim is frozen even if the later projection changes","fullName":"WHAT[interaction-authority-008] plugin claim is frozen even if the later projection changes"}
runner: file lifecycle {"entryFile":"/Users/yuanxi/Workwork/vibe-fs/requirements/interaction-authority/tests/008.test.mjs","type":"runner:file-drained","elapsedMs":7177.062}
runner: file lifecycle {"entryFile":"/Users/yuanxi/Workwork/vibe-fs/requirements/interaction-authority/tests/014.test.mjs","pid":3820,"parentPid":3799,"type":"runner:file-start","elapsedMs":7181.481583}
[verification-test-start] {"pid":6203,"parentPid":3820,"entryFile":"/Users/yuanxi/Workwork/vibe-fs/requirements/interaction-authority/tests/005.test.mjs","name":"WHAT[interaction-authority-005] owner superseded after claim rejects physical acceptance without child authority","fullName":"WHAT[interaction-authority-005] owner superseded after claim rejects physical acceptance without child authority"}
runner: file lifecycle {"entryFile":"/Users/yuanxi/Workwork/vibe-fs/requirements/durable-convergence/tests/010.test.mjs","type":"runner:file-drained","elapsedMs":7214.67325}
runner: file lifecycle {"entryFile":"/Users/yuanxi/Workwork/vibe-fs/requirements/interaction-authority/tests/015.test.mjs","pid":3820,"parentPid":3799,"type":"runner:file-start","elapsedMs":7214.766208}
[verification-test-start] {"pid":6281,"parentPid":3820,"entryFile":"/Users/yuanxi/Workwork/vibe-fs/requirements/interaction-authority/tests/012.test.mjs","name":"WHAT[interaction-authority-012] IA_005_degeneration_guard_is_continuation","fullName":"WHAT[interaction-authority-012] IA_005_degeneration_guard_is_continuation"}
runner: file lifecycle {"entryFile":"/Users/yuanxi/Workwork/vibe-fs/requirements/interaction-authority/tests/012.test.mjs","type":"runner:file-drained","elapsedMs":7245.029}
runner: file lifecycle {"entryFile":"/Users/yuanxi/Workwork/vibe-fs/requirements/interaction-authority/tests/016.test.mjs","pid":3820,"parentPid":3799,"type":"runner:file-start","elapsedMs":7245.074625}
[verification-test-start] {"pid":6293,"parentPid":3820,"entryFile":"/Users/yuanxi/Workwork/vibe-fs/requirements/interaction-authority/tests/014.test.mjs","name":"WHAT[interaction-authority-014] EXEC_016_join_guard_is_a_continuation","fullName":"WHAT[interaction-authority-014] EXEC_016_join_guard_is_a_continuation"}
[verification-test-start] {"pid":6293,"parentPid":3820,"entryFile":"/Users/yuanxi/Workwork/vibe-fs/requirements/interaction-authority/tests/014.test.mjs","name":"WHAT[interaction-authority-014] EXEC_016_join_guard_instruction_requires_join_before_finish","fullName":"WHAT[interaction-authority-014] EXEC_016_join_guard_instruction_requires_join_before_finish"}
[verification-test-start] {"pid":6293,"parentPid":3820,"entryFile":"/Users/yuanxi/Workwork/vibe-fs/requirements/interaction-authority/tests/014.test.mjs","name":"WHAT[interaction-authority-014] GAP-122 actual unresolved background work admits JoinGuard and rejects a new root through the public path","fullName":"WHAT[interaction-authority-014] GAP-122 actual unresolved background work admits JoinGuard and rejects a new root through the public path"}
runner: file lifecycle {"entryFile":"/Users/yuanxi/Workwork/vibe-fs/requirements/interaction-authority/tests/014.test.mjs","type":"runner:file-drained","elapsedMs":7292.147792}
[verification-test-start] {"pid":6203,"parentPid":3820,"entryFile":"/Users/yuanxi/Workwork/vibe-fs/requirements/interaction-authority/tests/005.test.mjs","name":"WHAT[interaction-authority-005] IA_005_every_continuation_kind_is_parseable_and_not_root","fullName":"WHAT[interaction-authority-005] IA_005_every_continuation_kind_is_parseable_and_not_root"}
runner: file lifecycle {"entryFile":"/Users/yuanxi/Workwork/vibe-fs/requirements/interaction-authority/tests/017.test.mjs","pid":3820,"parentPid":3799,"type":"runner:file-start","elapsedMs":7293.088583}
[verification-test-start] {"pid":6203,"parentPid":3820,"entryFile":"/Users/yuanxi/Workwork/vibe-fs/requirements/interaction-authority/tests/005.test.mjs","name":"WHAT[interaction-authority-005] exhaustive chat admission intent table","fullName":"WHAT[interaction-authority-005] exhaustive chat admission intent table"}
[verification-test-start] {"pid":6203,"parentPid":3820,"entryFile":"/Users/yuanxi/Workwork/vibe-fs/requirements/interaction-authority/tests/005.test.mjs","name":"WHAT[interaction-authority-005] rejects managed intent without physical message identity","fullName":"WHAT[interaction-authority-005] rejects managed intent without physical message identity"}
[verification-test-start] {"pid":6203,"parentPid":3820,"entryFile":"/Users/yuanxi/Workwork/vibe-fs/requirements/interaction-authority/tests/005.test.mjs","name":"WHAT[interaction-authority-005] rejects insufficient exact identity evidence","fullName":"WHAT[interaction-authority-005] rejects insufficient exact identity evidence"}
runner: file lifecycle {"entryFile":"/Users/yuanxi/Workwork/vibe-fs/requirements/interaction-authority/tests/005.test.mjs","type":"runner:file-drained","elapsedMs":7312.552125}
runner: file lifecycle {"entryFile":"/Users/yuanxi/Workwork/vibe-fs/requirements/interaction-authority/tests/018.test.mjs","pid":3820,"parentPid":3799,"type":"runner:file-start","elapsedMs":7316.163292}
[verification-test-start] {"pid":6295,"parentPid":3820,"entryFile":"/Users/yuanxi/Workwork/vibe-fs/requirements/interaction-authority/tests/016.test.mjs","name":"WHAT[interaction-authority-016] IA_016_agent_owner_root_has_no_run_before_physical_acceptance","fullName":"WHAT[interaction-authority-016] IA_016_agent_owner_root_has_no_run_before_physical_acceptance"}
[verification-test-start] {"pid":6295,"parentPid":3820,"entryFile":"/Users/yuanxi/Workwork/vibe-fs/requirements/interaction-authority/tests/016.test.mjs","name":"WHAT[interaction-authority-016] IA_016_accepted_root_claim_stays_out_of_continuation_map","fullName":"WHAT[interaction-authority-016] IA_016_accepted_root_claim_stays_out_of_continuation_map"}
[verification-test-start] {"pid":6284,"parentPid":3820,"entryFile":"/Users/yuanxi/Workwork/vibe-fs/requirements/interaction-authority/tests/013.test.mjs","name":"WHAT[interaction-authority-013] accepted continuation preserves complete identity evidence within the exact run","fullName":"WHAT[interaction-authority-013] accepted continuation preserves complete identity evidence within the exact run"}
runner: file lifecycle {"entryFile":"/Users/yuanxi/Workwork/vibe-fs/requirements/interaction-authority/tests/016.test.mjs","type":"runner:file-drained","elapsedMs":7383.198833}
runner: file lifecycle {"entryFile":"/Users/yuanxi/Workwork/vibe-fs/requirements/interaction-authority/tests/019.test.mjs","pid":3820,"parentPid":3799,"type":"runner:file-start","elapsedMs":7384.7675420000005}
[verification-test-start] {"pid":6294,"parentPid":3820,"entryFile":"/Users/yuanxi/Workwork/vibe-fs/requirements/interaction-authority/tests/015.test.mjs","name":"WHAT[interaction-authority-015] matching external user ingress continues without replacing the active authority run","fullName":"WHAT[interaction-authority-015] matching external user ingress continues without replacing the active authority run"}
runner: file lifecycle {"entryFile":"/Users/yuanxi/Workwork/vibe-fs/requirements/interaction-authority/tests/013.test.mjs","type":"runner:file-drained","elapsedMs":7436.033208}
runner: file lifecycle {"entryFile":"/Users/yuanxi/Workwork/vibe-fs/requirements/interaction-authority/tests/020.test.mjs","pid":3820,"parentPid":3799,"type":"runner:file-start","elapsedMs":7437.030917}
[verification-test-start] {"pid":6318,"parentPid":3820,"entryFile":"/Users/yuanxi/Workwork/vibe-fs/requirements/interaction-authority/tests/018.test.mjs","name":"WHAT[interaction-authority-018] pure close transition clears exact run resources before root reuse","fullName":"WHAT[interaction-authority-018] pure close transition clears exact run resources before root reuse"}
[verification-test-start] {"pid":6318,"parentPid":3820,"entryFile":"/Users/yuanxi/Workwork/vibe-fs/requirements/interaction-authority/tests/018.test.mjs","name":"WHAT[interaction-authority-018] GAP-123 all five accepted lifecycle kinds carry ExpectedClosureKind and exact source witness into a durable AuthorityLogicalRunClosed","fullName":"WHAT[interaction-authority-018] GAP-123 all five accepted lifecycle kinds carry ExpectedClosureKind and exact source witness into a durable AuthorityLogicalRunClosed"}
[verification-test-start] {"pid":6318,"parentPid":3820,"entryFile":"/Users/yuanxi/Workwork/vibe-fs/requirements/interaction-authority/tests/018.test.mjs","name":"WHAT[interaction-authority-018] GAP-123 committed source plus unknown closure append retains identity and blocks SessionId reuse across restart","fullName":"WHAT[interaction-authority-018] GAP-123 committed source plus unknown closure append retains identity and blocks SessionId reuse across restart"}
runner: file lifecycle {"entryFile":"/Users/yuanxi/Workwork/vibe-fs/requirements/interaction-authority/tests/018.test.mjs","type":"runner:file-drained","elapsedMs":7458.29525}
runner: file lifecycle {"entryFile":"/Users/yuanxi/Workwork/vibe-fs/requirements/interaction-authority/tests/021.test.mjs","pid":3820,"parentPid":3799,"type":"runner:file-start","elapsedMs":7459.238708}
[verification-test-start] {"pid":6319,"parentPid":3820,"entryFile":"/Users/yuanxi/Workwork/vibe-fs/requirements/interaction-authority/tests/019.test.mjs","name":"WHAT[interaction-authority-019] gate_nudge_is_exact_terminal_idempotent_and_unbounded_across_fresh_terminals","fullName":"WHAT[interaction-authority-019] gate_nudge_is_exact_terminal_idempotent_and_unbounded_across_fresh_terminals"}
[verification-test-start] {"pid":6320,"parentPid":3820,"entryFile":"/Users/yuanxi/Workwork/vibe-fs/requirements/interaction-authority/tests/020.test.mjs","name":"WHAT[interaction-authority-020] GAP-122 actual repair incident settles its exact claim and physical outcome before one injected report and kill","fullName":"WHAT[interaction-authority-020] GAP-122 actual repair incident settles its exact claim and physical outcome before one injected report and kill"}
[verification-test-start] {"pid":6320,"parentPid":3820,"entryFile":"/Users/yuanxi/Workwork/vibe-fs/requirements/interaction-authority/tests/020.test.mjs","name":"WHAT[interaction-authority-020] GAP-122 actual repair dependency boundary rejects direct optional or global physical fatal capability","fullName":"WHAT[interaction-authority-020] GAP-122 actual repair dependency boundary rejects direct optional or global physical fatal capability"}
runner: file lifecycle {"entryFile":"/Users/yuanxi/Workwork/vibe-fs/requirements/interaction-authority/tests/020.test.mjs","type":"runner:file-drained","elapsedMs":7501.9847500000005}
runner: file lifecycle {"entryFile":"/Users/yuanxi/Workwork/vibe-fs/requirements/interaction-authority/tests/022.test.mjs","pid":3820,"parentPid":3799,"type":"runner:file-start","elapsedMs":7504.607125}
[verification-test-start] {"pid":6294,"parentPid":3820,"entryFile":"/Users/yuanxi/Workwork/vibe-fs/requirements/interaction-authority/tests/015.test.mjs","name":"WHAT[interaction-authority-015] external user message without explicit agent continues active run via ingress projection (§009)","fullName":"WHAT[interaction-authority-015] external user message without explicit agent continues active run via ingress projection (§009)"}
[verification-test-start] {"pid":6306,"parentPid":3820,"entryFile":"/Users/yuanxi/Workwork/vibe-fs/requirements/interaction-authority/tests/017.test.mjs","name":"WHAT[interaction-authority-017] real pure close removes previously accepted continuation lookup","fullName":"WHAT[interaction-authority-017] real pure close removes previously accepted continuation lookup"}
[verification-test-start] {"pid":6306,"parentPid":3820,"entryFile":"/Users/yuanxi/Workwork/vibe-fs/requirements/interaction-authority/tests/017.test.mjs","name":"WHAT[interaction-authority-017] dispatcher rejects a continuation with no active run at its target","fullName":"WHAT[interaction-authority-017] dispatcher rejects a continuation with no active run at its target"}
runner: file lifecycle {"entryFile":"/Users/yuanxi/Workwork/vibe-fs/requirements/interaction-authority/tests/015.test.mjs","type":"runner:file-drained","elapsedMs":7583.3546670000005}
runner: file lifecycle {"entryFile":"/Users/yuanxi/Workwork/vibe-fs/requirements/interaction-authority/tests/023.test.mjs","pid":3820,"parentPid":3799,"type":"runner:file-start","elapsedMs":7584.315125}
[verification-test-start] {"pid":6322,"parentPid":3820,"entryFile":"/Users/yuanxi/Workwork/vibe-fs/requirements/interaction-authority/tests/022.test.mjs","name":"WHAT[interaction-authority-022] actual road decision preserves an established DevOps model on a conflicting rebind","fullName":"WHAT[interaction-authority-022] actual road decision preserves an established DevOps model on a conflicting rebind"}
[verification-test-start] {"pid":6322,"parentPid":3820,"entryFile":"/Users/yuanxi/Workwork/vibe-fs/requirements/interaction-authority/tests/022.test.mjs","name":"WHAT[interaction-authority-022] pure handle transition rejects a second child on the occupied DevOps handle","fullName":"WHAT[interaction-authority-022] pure handle transition rejects a second child on the occupied DevOps handle"}
[verification-test-start] {"pid":6322,"parentPid":3820,"entryFile":"/Users/yuanxi/Workwork/vibe-fs/requirements/interaction-authority/tests/022.test.mjs","name":"WHAT[interaction-authority-022] GAP-122 actual DevOps resume and crash recovery preserve model Persona and one logical authority through concurrent physical attempts","fullName":"WHAT[interaction-authority-022] GAP-122 actual DevOps resume and crash recovery preserve model Persona and one logical authority through concurrent physical attempts"}
runner: file lifecycle {"entryFile":"/Users/yuanxi/Workwork/vibe-fs/requirements/interaction-authority/tests/022.test.mjs","type":"runner:file-drained","elapsedMs":7616.779208}
runner: file lifecycle {"entryFile":"/Users/yuanxi/Workwork/vibe-fs/requirements/js-semantic-surface/tests/001.test.mjs","pid":3820,"parentPid":3799,"type":"runner:file-start","elapsedMs":7617.898125000001}
[verification-test-start] {"pid":6319,"parentPid":3820,"entryFile":"/Users/yuanxi/Workwork/vibe-fs/requirements/interaction-authority/tests/019.test.mjs","name":"WHAT[interaction-authority-019] repair claim does not turn an in-flight repair into exhaustion","fullName":"WHAT[interaction-authority-019] repair claim does not turn an in-flight repair into exhaustion"}
[verification-test-start] {"pid":6319,"parentPid":3820,"entryFile":"/Users/yuanxi/Workwork/vibe-fs/requirements/interaction-authority/tests/019.test.mjs","name":"WHAT[interaction-authority-019] fresh invalid repair terminals re-open the gate reminder","fullName":"WHAT[interaction-authority-019] fresh invalid repair terminals re-open the gate reminder"}
[verification-test-start] {"pid":6306,"parentPid":3820,"entryFile":"/Users/yuanxi/Workwork/vibe-fs/requirements/interaction-authority/tests/017.test.mjs","name":"WHAT[interaction-authority-017] dispatcher rejects a continuation whose supplied profile names another logical run","fullName":"WHAT[interaction-authority-017] dispatcher rejects a continuation whose supplied profile names another logical run"}
[verification-test-start] {"pid":6319,"parentPid":3820,"entryFile":"/Users/yuanxi/Workwork/vibe-fs/requirements/interaction-authority/tests/019.test.mjs","name":"WHAT[interaction-authority-019] a currently-repairing attempt never completes as exhausted or failed repair","fullName":"WHAT[interaction-authority-019] a currently-repairing attempt never completes as exhausted or failed repair"}
[verification-test-start] {"pid":6319,"parentPid":3820,"entryFile":"/Users/yuanxi/Workwork/vibe-fs/requirements/interaction-authority/tests/019.test.mjs","name":"WHAT[interaction-authority-019] duplicate gate-nudge claim is AlreadyAdmitted — single physical send","fullName":"WHAT[interaction-authority-019] duplicate gate-nudge claim is AlreadyAdmitted — single physical send"}
[verification-test-start] {"pid":6306,"parentPid":3820,"entryFile":"/Users/yuanxi/Workwork/vibe-fs/requirements/interaction-authority/tests/017.test.mjs","name":"WHAT[interaction-authority-017] dispatcher rejects a continuation whose supplied profile names another authority root","fullName":"WHAT[interaction-authority-017] dispatcher rejects a continuation whose supplied profile names another authority root"}
[verification-test-start] {"pid":6323,"parentPid":3820,"entryFile":"/Users/yuanxi/Workwork/vibe-fs/requirements/interaction-authority/tests/023.test.mjs","name":"WHAT[interaction-authority-023] real retry terminal observations and exact durable terminal independently release nudge suppression for every terminal kind while duplicate occasions remain absorbed (GAP-122)","fullName":"WHAT[interaction-authority-023] real retry terminal observations and exact durable terminal independently release nudge suppression for every terminal kind while duplicate occasions remain absorbed (GAP-122)"}
[verification-test-start] {"pid":6324,"parentPid":3820,"entryFile":"/Users/yuanxi/Workwork/vibe-fs/requirements/js-semantic-surface/tests/001.test.mjs","name":"WHAT[js-semantic-surface-001] formal semantic test carriers use .test.mjs","fullName":"WHAT[js-semantic-surface-001] formal semantic test carriers use .test.mjs"}
[verification-test-start] {"pid":6323,"parentPid":3820,"entryFile":"/Users/yuanxi/Workwork/vibe-fs/requirements/interaction-authority/tests/023.test.mjs","name":"WHAT[interaction-authority-023] an unsettled retry attempt suppresses idle repair","fullName":"WHAT[interaction-authority-023] an unsettled retry attempt suppresses idle repair"}
[verification-test-start] {"pid":6323,"parentPid":3820,"entryFile":"/Users/yuanxi/Workwork/vibe-fs/requirements/interaction-authority/tests/023.test.mjs","name":"WHAT[interaction-authority-023] a settled attempt releases the suppression and regains nudge qualification","fullName":"WHAT[interaction-authority-023] a settled attempt releases the suppression and regains nudge qualification"}
[verification-test-start] {"pid":6323,"parentPid":3820,"entryFile":"/Users/yuanxi/Workwork/vibe-fs/requirements/interaction-authority/tests/023.test.mjs","name":"WHAT[interaction-authority-023] the durable execution terminal releases the suppression on its own","fullName":"WHAT[interaction-authority-023] the durable execution terminal releases the suppression on its own"}
[verification-test-start] {"pid":6323,"parentPid":3820,"entryFile":"/Users/yuanxi/Workwork/vibe-fs/requirements/interaction-authority/tests/023.test.mjs","name":"WHAT[interaction-authority-023] suppression is scoped to the retry continuation only","fullName":"WHAT[interaction-authority-023] suppression is scoped to the retry continuation only"}
runner: file lifecycle {"entryFile":"/Users/yuanxi/Workwork/vibe-fs/requirements/interaction-authority/tests/023.test.mjs","type":"runner:file-drained","elapsedMs":7683.287208}
runner: file lifecycle {"entryFile":"/Users/yuanxi/Workwork/vibe-fs/requirements/js-semantic-surface/tests/002.test.mjs","pid":3820,"parentPid":3799,"type":"runner:file-start","elapsedMs":7684.036667}
[verification-test-start] {"pid":6324,"parentPid":3820,"entryFile":"/Users/yuanxi/Workwork/vibe-fs/requirements/js-semantic-surface/tests/001.test.mjs","name":"WHAT[js-semantic-surface-001] the carrier check rejects a second language without confusing source fixtures with tests","fullName":"WHAT[js-semantic-surface-001] the carrier check rejects a second language without confusing source fixtures with tests"}
[verification-test-start] {"pid":6324,"parentPid":3820,"entryFile":"/Users/yuanxi/Workwork/vibe-fs/requirements/js-semantic-surface/tests/001.test.mjs","name":"WHAT[js-semantic-surface-001] imported test support satisfies the required .mjs suffix","fullName":"WHAT[js-semantic-surface-001] imported test support satisfies the required .mjs suffix"}
[verification-test-start] {"pid":6306,"parentPid":3820,"entryFile":"/Users/yuanxi/Workwork/vibe-fs/requirements/interaction-authority/tests/017.test.mjs","name":"WHAT[interaction-authority-017] dispatcher delivers a continuation to a target that has an active run","fullName":"WHAT[interaction-authority-017] dispatcher delivers a continuation to a target that has an active run"}
[verification-test-start] {"pid":6321,"parentPid":3820,"entryFile":"/Users/yuanxi/Workwork/vibe-fs/requirements/interaction-authority/tests/021.test.mjs","name":"WHAT[interaction-authority-021] historical payload survives actual EventStore reopen without role rewriting","fullName":"WHAT[interaction-authority-021] historical payload survives actual EventStore reopen without role rewriting"}
[verification-test-start] {"pid":6325,"parentPid":3820,"entryFile":"/Users/yuanxi/Workwork/vibe-fs/requirements/js-semantic-surface/tests/002.test.mjs","name":"WHAT[js-semantic-surface-002] the current semantic zone passes the implemented boundary gate","fullName":"WHAT[js-semantic-surface-002] the current semantic zone passes the implemented boundary gate"}
[verification-test-start] {"pid":6321,"parentPid":3820,"entryFile":"/Users/yuanxi/Workwork/vibe-fs/requirements/interaction-authority/tests/021.test.mjs","name":"WHAT[interaction-authority-021] legacy authority is rejected at actual new ingress and current Engineer remains admissible","fullName":"WHAT[interaction-authority-021] legacy authority is rejected at actual new ingress and current Engineer remains admissible"}
runner: file lifecycle {"entryFile":"/Users/yuanxi/Workwork/vibe-fs/requirements/durable-events/tests/016.test.mjs","type":"runner:file-drained","elapsedMs":7762.164124999999}
runner: file lifecycle {"entryFile":"/Users/yuanxi/Workwork/vibe-fs/requirements/js-semantic-surface/tests/003.test.mjs","pid":3820,"parentPid":3799,"type":"runner:file-start","elapsedMs":7763.259250000001}
runner: file lifecycle {"entryFile":"/Users/yuanxi/Workwork/vibe-fs/requirements/js-semantic-surface/tests/001.test.mjs","type":"runner:file-drained","elapsedMs":7767.677167}
runner: file lifecycle {"entryFile":"/Users/yuanxi/Workwork/vibe-fs/requirements/js-semantic-surface/tests/004.test.mjs","pid":3820,"parentPid":3799,"type":"runner:file-start","elapsedMs":7768.097417000001}
[verification-test-start] {"pid":6319,"parentPid":3820,"entryFile":"/Users/yuanxi/Workwork/vibe-fs/requirements/interaction-authority/tests/019.test.mjs","name":"WHAT[interaction-authority-019] terminal evidence separates formal content tool activity and visible reasoning","fullName":"WHAT[interaction-authority-019] terminal evidence separates formal content tool activity and visible reasoning"}
[verification-test-start] {"pid":6319,"parentPid":3820,"entryFile":"/Users/yuanxi/Workwork/vibe-fs/requirements/interaction-authority/tests/019.test.mjs","name":"WHAT[interaction-authority-019] production classifier distinguishes stable terminal in-flight and content-damaged results","fullName":"WHAT[interaction-authority-019] production classifier distinguishes stable terminal in-flight and content-damaged results"}
[verification-test-start] {"pid":6319,"parentPid":3820,"entryFile":"/Users/yuanxi/Workwork/vibe-fs/requirements/interaction-authority/tests/019.test.mjs","name":"WHAT[interaction-authority-019] current roles and historical classification distinguish actual tool work from a missing continuation","fullName":"WHAT[interaction-authority-019] current roles and historical classification distinguish actual tool work from a missing continuation"}
runner: file lifecycle {"entryFile":"/Users/yuanxi/Workwork/vibe-fs/requirements/interaction-authority/tests/019.test.mjs","type":"runner:file-drained","elapsedMs":7813.939582999999}
runner: file lifecycle {"entryFile":"/Users/yuanxi/Workwork/vibe-fs/requirements/js-semantic-surface/tests/005.test.mjs","pid":3820,"parentPid":3799,"type":"runner:file-start","elapsedMs":7814.781333000001}
[verification-test-start] {"pid":6327,"parentPid":3820,"entryFile":"/Users/yuanxi/Workwork/vibe-fs/requirements/js-semantic-surface/tests/003.test.mjs","name":"WHAT[js-semantic-surface-003] current registrations have real owners, compiled sources, outputs and imports","fullName":"WHAT[js-semantic-surface-003] current registrations have real owners, compiled sources, outputs and imports"}
[verification-test-start] {"pid":6328,"parentPid":3820,"entryFile":"/Users/yuanxi/Workwork/vibe-fs/requirements/js-semantic-surface/tests/004.test.mjs","name":"WHAT[js-semantic-surface-004] support dependencies are traversed transitively, including cycles","fullName":"WHAT[js-semantic-surface-004] support dependencies are traversed transitively, including cycles"}
[verification-test-start] {"pid":6328,"parentPid":3820,"entryFile":"/Users/yuanxi/Workwork/vibe-fs/requirements/js-semantic-surface/tests/004.test.mjs","name":"WHAT[js-semantic-surface-004] moving an internal import into support or leaving support unreferenced cannot hide it","fullName":"WHAT[js-semantic-surface-004] moving an internal import into support or leaving support unreferenced cannot hide it"}
runner: file lifecycle {"entryFile":"/Users/yuanxi/Workwork/vibe-fs/requirements/js-semantic-surface/tests/004.test.mjs","type":"runner:file-drained","elapsedMs":7846.240292}
runner: file lifecycle {"entryFile":"/Users/yuanxi/Workwork/vibe-fs/requirements/js-semantic-surface/tests/006.test.mjs","pid":3820,"parentPid":3799,"type":"runner:file-start","elapsedMs":7846.920167}
[verification-test-start] {"pid":6329,"parentPid":3820,"entryFile":"/Users/yuanxi/Workwork/vibe-fs/requirements/js-semantic-surface/tests/005.test.mjs","name":"WHAT[js-semantic-surface-005] the validator accepts the declared JS-native values without reserving ordinary field names","fullName":"WHAT[js-semantic-surface-005] the validator accepts the declared JS-native values without reserving ordinary field names"}
[verification-test-start] {"pid":6329,"parentPid":3820,"entryFile":"/Users/yuanxi/Workwork/vibe-fs/requirements/js-semantic-surface/tests/005.test.mjs","name":"WHAT[js-semantic-surface-005] Promise is a permitted carrier and its fulfilled value is validated separately","fullName":"WHAT[js-semantic-surface-005] Promise is a permitted carrier and its fulfilled value is validated separately"}
[verification-test-start] {"pid":6329,"parentPid":3820,"entryFile":"/Users/yuanxi/Workwork/vibe-fs/requirements/js-semantic-surface/tests/005.test.mjs","name":"WHAT[js-semantic-surface-005] runtime instances and nested non-native values are rejected","fullName":"WHAT[js-semantic-surface-005] runtime instances and nested non-native values are rejected"}
[verification-test-start] {"pid":6329,"parentPid":3820,"entryFile":"/Users/yuanxi/Workwork/vibe-fs/requirements/js-semantic-surface/tests/005.test.mjs","name":"WHAT[js-semantic-surface-005] shared and cyclic native data remain native","fullName":"WHAT[js-semantic-surface-005] shared and cyclic native data remain native"}
[verification-test-start] {"pid":6329,"parentPid":3820,"entryFile":"/Users/yuanxi/Workwork/vibe-fs/requirements/js-semantic-surface/tests/005.test.mjs","name":"WHAT[js-semantic-surface-005] opaque validation preserves identity without reading private state","fullName":"WHAT[js-semantic-surface-005] opaque validation preserves identity without reading private state"}
runner: file lifecycle {"entryFile":"/Users/yuanxi/Workwork/vibe-fs/requirements/js-semantic-surface/tests/005.test.mjs","type":"runner:file-drained","elapsedMs":7870.48675}
runner: file lifecycle {"entryFile":"/Users/yuanxi/Workwork/vibe-fs/requirements/managed-chat-execution/tests/001.test.mjs","pid":3820,"parentPid":3799,"type":"runner:file-start","elapsedMs":7872.997292}
[verification-test-start] {"pid":6249,"parentPid":3820,"entryFile":"/Users/yuanxi/Workwork/vibe-fs/requirements/interaction-authority/tests/011.test.mjs","name":"WHAT[interaction-authority-011] CHAT_PARAMS_managed_provider_run_without_committed_lease_fails_closed","fullName":"WHAT[interaction-authority-011] CHAT_PARAMS_managed_provider_run_without_committed_lease_fails_closed"}
[verification-test-start] {"pid":6306,"parentPid":3820,"entryFile":"/Users/yuanxi/Workwork/vibe-fs/requirements/interaction-authority/tests/017.test.mjs","name":"WHAT[interaction-authority-017] dispatcher rejects a continuation whose target run is durably closed while its archived profile is still readable","fullName":"WHAT[interaction-authority-017] dispatcher rejects a continuation whose target run is durably closed while its archived profile is still readable"}
[verification-test-start] {"pid":6321,"parentPid":3820,"entryFile":"/Users/yuanxi/Workwork/vibe-fs/requirements/interaction-authority/tests/021.test.mjs","name":"WHAT[interaction-authority-021] legacy Inspector fact remains decodable for history without becoming Engineer","fullName":"WHAT[interaction-authority-021] legacy Inspector fact remains decodable for history without becoming Engineer"}
runner: file lifecycle {"entryFile":"/Users/yuanxi/Workwork/vibe-fs/requirements/interaction-authority/tests/017.test.mjs","type":"runner:file-drained","elapsedMs":7892.554875}
runner: file lifecycle {"entryFile":"/Users/yuanxi/Workwork/vibe-fs/requirements/managed-chat-execution/tests/002.test.mjs","pid":3820,"parentPid":3799,"type":"runner:file-start","elapsedMs":7894.662582999999}
runner: file lifecycle {"entryFile":"/Users/yuanxi/Workwork/vibe-fs/requirements/interaction-authority/tests/021.test.mjs","type":"runner:file-drained","elapsedMs":7898.889583}
runner: file lifecycle {"entryFile":"/Users/yuanxi/Workwork/vibe-fs/requirements/managed-chat-execution/tests/003.test.mjs","pid":3820,"parentPid":3799,"type":"runner:file-start","elapsedMs":7900.689249999999}
[verification-test-start] {"pid":6330,"parentPid":3820,"entryFile":"/Users/yuanxi/Workwork/vibe-fs/requirements/js-semantic-surface/tests/006.test.mjs","name":"WHAT[js-semantic-surface-006] non-compiler physical probes do not import unregistered internal modules","fullName":"WHAT[js-semantic-surface-006] non-compiler physical probes do not import unregistered internal modules"}
{"operation":"managed-agent-config-invalid","result":"Legacy agent name 'coder' is present in opencode.json."}
[verification-test-start] {"pid":6330,"parentPid":3820,"entryFile":"/Users/yuanxi/Workwork/vibe-fs/requirements/js-semantic-surface/tests/006.test.mjs","name":"WHAT[js-semantic-surface-006] the complete emitted graph links and its production modules load","fullName":"WHAT[js-semantic-surface-006] the complete emitted graph links and its production modules load"}
[verification-test-start] {"pid":6118,"parentPid":3820,"entryFile":"/Users/yuanxi/Workwork/vibe-fs/requirements/host-provider-failure-ownership/tests/004.test.mjs","name":"WHAT[host-provider-failure-ownership-004] real Host UI retains config permission tool cancel and unknown errors without global suppression (GAP-143)","fullName":"WHAT[host-provider-failure-ownership-004] real Host UI retains config permission tool cancel and unknown errors without global suppression (GAP-143)"}
runner: file lifecycle {"entryFile":"/Users/yuanxi/Workwork/vibe-fs/requirements/host-provider-failure-ownership/tests/004.test.mjs","type":"runner:file-drained","elapsedMs":7996.145875}
runner: file lifecycle {"entryFile":"/Users/yuanxi/Workwork/vibe-fs/requirements/managed-chat-execution/tests/004.test.mjs","pid":3820,"parentPid":3799,"type":"runner:file-start","elapsedMs":7996.197749999999}
[verification-test-start] {"pid":6331,"parentPid":3820,"entryFile":"/Users/yuanxi/Workwork/vibe-fs/requirements/managed-chat-execution/tests/001.test.mjs","name":"WHAT[managed-chat-execution-001] exact key indexes two physical messages within one session","fullName":"WHAT[managed-chat-execution-001] exact key indexes two physical messages within one session"}
[verification-test-start] {"pid":6333,"parentPid":3820,"entryFile":"/Users/yuanxi/Workwork/vibe-fs/requirements/managed-chat-execution/tests/002.test.mjs","name":"WHAT[managed-chat-execution-002] online prefix integration equals replay from the same canonical facts","fullName":"WHAT[managed-chat-execution-002] online prefix integration equals replay from the same canonical facts"}
[verification-test-start] {"pid":5680,"parentPid":3820,"entryFile":"/Users/yuanxi/Workwork/vibe-fs/requirements/durable-events/tests/019.test.mjs","name":"WHAT[durable-events-019] production tree has no feature history loop or private substrate","fullName":"WHAT[durable-events-019] production tree has no feature history loop or private substrate"}
runner: file lifecycle {"entryFile":"/Users/yuanxi/Workwork/vibe-fs/requirements/managed-chat-execution/tests/001.test.mjs","type":"runner:file-drained","elapsedMs":8179.933625}
runner: file lifecycle {"entryFile":"/Users/yuanxi/Workwork/vibe-fs/requirements/managed-chat-execution/tests/005.test.mjs","pid":3820,"parentPid":3799,"type":"runner:file-start","elapsedMs":8180.094958}
runner: file lifecycle {"entryFile":"/Users/yuanxi/Workwork/vibe-fs/requirements/durable-events/tests/019.test.mjs","type":"runner:file-drained","elapsedMs":8216.053875}
runner: file lifecycle {"entryFile":"/Users/yuanxi/Workwork/vibe-fs/requirements/managed-chat-execution/tests/006.test.mjs","pid":3820,"parentPid":3799,"type":"runner:file-start","elapsedMs":8217.094000000001}
[verification-test-start] {"pid":6333,"parentPid":3820,"entryFile":"/Users/yuanxi/Workwork/vibe-fs/requirements/managed-chat-execution/tests/002.test.mjs","name":"WHAT[managed-chat-execution-002] schema v1 Accepted ProviderStarted and Terminal round-trip canonically","fullName":"WHAT[managed-chat-execution-002] schema v1 Accepted ProviderStarted and Terminal round-trip canonically"}
[verification-test-start] {"pid":6349,"parentPid":3820,"entryFile":"/Users/yuanxi/Workwork/vibe-fs/requirements/managed-chat-execution/tests/004.test.mjs","name":"WHAT[managed-chat-execution-004] durable acceptance is projected before its witness exists","fullName":"WHAT[managed-chat-execution-004] durable acceptance is projected before its witness exists"}
[verification-test-start] {"pid":6333,"parentPid":3820,"entryFile":"/Users/yuanxi/Workwork/vibe-fs/requirements/managed-chat-execution/tests/002.test.mjs","name":"WHAT[managed-chat-execution-002] unknown schema version fails closed during production fold","fullName":"WHAT[managed-chat-execution-002] unknown schema version fails closed during production fold"}
[verification-test-start] {"pid":6333,"parentPid":3820,"entryFile":"/Users/yuanxi/Workwork/vibe-fs/requirements/managed-chat-execution/tests/002.test.mjs","name":"WHAT[managed-chat-execution-002] writes ProviderStarted before provider work","fullName":"WHAT[managed-chat-execution-002] writes ProviderStarted before provider work"}
[verification-test-start] {"pid":6333,"parentPid":3820,"entryFile":"/Users/yuanxi/Workwork/vibe-fs/requirements/managed-chat-execution/tests/002.test.mjs","name":"WHAT[managed-chat-execution-002] each uncertain ProviderStarted append leaves projection accepted","fullName":"WHAT[managed-chat-execution-002] each uncertain ProviderStarted append leaves projection accepted"}
runner: file lifecycle {"entryFile":"/Users/yuanxi/Workwork/vibe-fs/requirements/managed-chat-execution/tests/002.test.mjs","type":"runner:file-drained","elapsedMs":8262.582042}
runner: file lifecycle {"entryFile":"/Users/yuanxi/Workwork/vibe-fs/requirements/managed-chat-execution/tests/007.test.mjs","pid":3820,"parentPid":3799,"type":"runner:file-start","elapsedMs":8263.241042}
[verification-test-start] {"pid":6334,"parentPid":3820,"entryFile":"/Users/yuanxi/Workwork/vibe-fs/requirements/managed-chat-execution/tests/003.test.mjs","name":"WHAT[managed-chat-execution-003] concurrent exact chat admissions and their replay project one committed target into every Host request","fullName":"WHAT[managed-chat-execution-003] concurrent exact chat admissions and their replay project one committed target into every Host request"}
[verification-test-start] {"pid":6349,"parentPid":3820,"entryFile":"/Users/yuanxi/Workwork/vibe-fs/requirements/managed-chat-execution/tests/004.test.mjs","name":"WHAT[managed-chat-execution-004] exact duplicate reconstructs an equivalent witness without another append","fullName":"WHAT[managed-chat-execution-004] exact duplicate reconstructs an equivalent witness without another append"}
[verification-test-start] {"pid":6349,"parentPid":3820,"entryFile":"/Users/yuanxi/Workwork/vibe-fs/requirements/managed-chat-execution/tests/004.test.mjs","name":"WHAT[managed-chat-execution-004] established evidence conflict is typed and appends nothing","fullName":"WHAT[managed-chat-execution-004] established evidence conflict is typed and appends nothing"}
[verification-test-start] {"pid":6349,"parentPid":3820,"entryFile":"/Users/yuanxi/Workwork/vibe-fs/requirements/managed-chat-execution/tests/004.test.mjs","name":"WHAT[managed-chat-execution-004] each uncertain persistence outcome acquires no capacity","fullName":"WHAT[managed-chat-execution-004] each uncertain persistence outcome acquires no capacity"}
[verification-test-start] {"pid":6349,"parentPid":3820,"entryFile":"/Users/yuanxi/Workwork/vibe-fs/requirements/managed-chat-execution/tests/004.test.mjs","name":"WHAT[managed-chat-execution-004] fixed admission counterworlds distinguish every intent and rejection","fullName":"WHAT[managed-chat-execution-004] fixed admission counterworlds distinguish every intent and rejection"}
[verification-test-start] {"pid":6351,"parentPid":3820,"entryFile":"/Users/yuanxi/Workwork/vibe-fs/requirements/managed-chat-execution/tests/006.test.mjs","name":"WHAT[managed-chat-execution-006] terminal replay performs no acceptance or capacity effect","fullName":"WHAT[managed-chat-execution-006] terminal replay performs no acceptance or capacity effect"}
[verification-test-start] {"pid":6349,"parentPid":3820,"entryFile":"/Users/yuanxi/Workwork/vibe-fs/requirements/managed-chat-execution/tests/004.test.mjs","name":"WHAT[managed-chat-execution-004] accepted replay reuses acceptance without another append","fullName":"WHAT[managed-chat-execution-004] accepted replay reuses acceptance without another append"}
[verification-test-start] {"pid":6349,"parentPid":3820,"entryFile":"/Users/yuanxi/Workwork/vibe-fs/requirements/managed-chat-execution/tests/004.test.mjs","name":"WHAT[managed-chat-execution-004] identical Accepted replay is idempotent and conflicting evidence fails closed","fullName":"WHAT[managed-chat-execution-004] identical Accepted replay is idempotent and conflicting evidence fails closed"}
[verification-test-start] {"pid":6350,"parentPid":3820,"entryFile":"/Users/yuanxi/Workwork/vibe-fs/requirements/managed-chat-execution/tests/005.test.mjs","name":"WHAT[managed-chat-execution-005] ProviderStarted enforces acceptance provider run and terminal fences","fullName":"WHAT[managed-chat-execution-005] ProviderStarted enforces acceptance provider run and terminal fences"}
[verification-test-start] {"pid":6352,"parentPid":3820,"entryFile":"/Users/yuanxi/Workwork/vibe-fs/requirements/managed-chat-execution/tests/007.test.mjs","name":"WHAT[managed-chat-execution-007] every acquired pre-commit failure releases exactly once","fullName":"WHAT[managed-chat-execution-007] every acquired pre-commit failure releases exactly once"}
[verification-test-start] {"pid":6349,"parentPid":3820,"entryFile":"/Users/yuanxi/Workwork/vibe-fs/requirements/managed-chat-execution/tests/004.test.mjs","name":"WHAT[managed-chat-execution-004] same admitted plan binds the same admission twice","fullName":"WHAT[managed-chat-execution-004] same admitted plan binds the same admission twice"}
[verification-test-start] {"pid":6349,"parentPid":3820,"entryFile":"/Users/yuanxi/Workwork/vibe-fs/requirements/managed-chat-execution/tests/004.test.mjs","name":"WHAT[managed-chat-execution-004] conflicting plan against the same key fails closed","fullName":"WHAT[managed-chat-execution-004] conflicting plan against the same key fails closed"}
runner: file lifecycle {"entryFile":"/Users/yuanxi/Workwork/vibe-fs/requirements/managed-chat-execution/tests/004.test.mjs","type":"runner:file-drained","elapsedMs":8427.908583}
runner: file lifecycle {"entryFile":"/Users/yuanxi/Workwork/vibe-fs/requirements/managed-chat-execution/tests/008.test.mjs","pid":3820,"parentPid":3799,"type":"runner:file-start","elapsedMs":8428.589417000001}
[verification-test-start] {"pid":6350,"parentPid":3820,"entryFile":"/Users/yuanxi/Workwork/vibe-fs/requirements/managed-chat-execution/tests/005.test.mjs","name":"WHAT[managed-chat-execution-005] equal start and terminal duplicates are semantic no-ops","fullName":"WHAT[managed-chat-execution-005] equal start and terminal duplicates are semantic no-ops"}
[verification-test-start] {"pid":6350,"parentPid":3820,"entryFile":"/Users/yuanxi/Workwork/vibe-fs/requirements/managed-chat-execution/tests/005.test.mjs","name":"WHAT[managed-chat-execution-005] ProviderStarted before Accepted rejects","fullName":"WHAT[managed-chat-execution-005] ProviderStarted before Accepted rejects"}
[verification-test-start] {"pid":6372,"parentPid":3820,"entryFile":"/Users/yuanxi/Workwork/vibe-fs/requirements/managed-chat-execution/tests/008.test.mjs","name":"WHAT[managed-chat-execution-008] plugin construction performs no durable reads, capacity acquisition or recovery before substrate activation (GAP-126)","fullName":"WHAT[managed-chat-execution-008] plugin construction performs no durable reads, capacity acquisition or recovery before substrate activation (GAP-126)"}
[verification-test-start] {"pid":6350,"parentPid":3820,"entryFile":"/Users/yuanxi/Workwork/vibe-fs/requirements/managed-chat-execution/tests/005.test.mjs","name":"WHAT[managed-chat-execution-005] exact public assistant observation alone establishes provider start","fullName":"WHAT[managed-chat-execution-005] exact public assistant observation alone establishes provider start"}
[verification-test-start] {"pid":6372,"parentPid":3820,"entryFile":"/Users/yuanxi/Workwork/vibe-fs/requirements/managed-chat-execution/tests/008.test.mjs","name":"WHAT[managed-chat-execution-008] activation failure prevents recovery and causal activation resumes through ordinary admission without timers (GAP-126)","fullName":"WHAT[managed-chat-execution-008] activation failure prevents recovery and causal activation resumes through ordinary admission without timers (GAP-126)"}
runner: file lifecycle {"entryFile":"/Users/yuanxi/Workwork/vibe-fs/requirements/managed-chat-execution/tests/008.test.mjs","type":"runner:file-drained","elapsedMs":8483.976375}
runner: file lifecycle {"entryFile":"/Users/yuanxi/Workwork/vibe-fs/requirements/managed-chat-execution/tests/009.test.mjs","pid":3820,"parentPid":3799,"type":"runner:file-start","elapsedMs":8485.346708000001}
[verification-test-start] {"pid":6352,"parentPid":3820,"entryFile":"/Users/yuanxi/Workwork/vibe-fs/requirements/managed-chat-execution/tests/007.test.mjs","name":"WHAT[managed-chat-execution-007] release boundary failure is typed without a second release","fullName":"WHAT[managed-chat-execution-007] release boundary failure is typed without a second release"}
[verification-test-start] {"pid":6352,"parentPid":3820,"entryFile":"/Users/yuanxi/Workwork/vibe-fs/requirements/managed-chat-execution/tests/007.test.mjs","name":"WHAT[managed-chat-execution-007] rejected supersession abort terminalizes the accepted successor before releasing its admission","fullName":"WHAT[managed-chat-execution-007] rejected supersession abort terminalizes the accepted successor before releasing its admission"}
[verification-test-start] {"pid":6352,"parentPid":3820,"entryFile":"/Users/yuanxi/Workwork/vibe-fs/requirements/managed-chat-execution/tests/007.test.mjs","name":"WHAT[managed-chat-execution-007] supersession abort failure preserves ownership and its cause while successor settlement is unknown or unavailable","fullName":"WHAT[managed-chat-execution-007] supersession abort failure preserves ownership and its cause while successor settlement is unknown or unavailable"}
[verification-test-start] {"pid":6352,"parentPid":3820,"entryFile":"/Users/yuanxi/Workwork/vibe-fs/requirements/managed-chat-execution/tests/007.test.mjs","name":"WHAT[managed-chat-execution-007] pre-provider failure cancellation and rejection settle without a provider run","fullName":"WHAT[managed-chat-execution-007] pre-provider failure cancellation and rejection settle without a provider run"}
[verification-test-start] {"pid":6352,"parentPid":3820,"entryFile":"/Users/yuanxi/Workwork/vibe-fs/requirements/managed-chat-execution/tests/007.test.mjs","name":"WHAT[managed-chat-execution-007] each typed pre-provider failure settles the exact accepted execution","fullName":"WHAT[managed-chat-execution-007] each typed pre-provider failure settles the exact accepted execution"}
[verification-test-start] {"pid":6352,"parentPid":3820,"entryFile":"/Users/yuanxi/Workwork/vibe-fs/requirements/managed-chat-execution/tests/007.test.mjs","name":"WHAT[managed-chat-execution-007] rejects hostile legacy AGENT-028 membrane input before it can enter a legal managed flow","fullName":"WHAT[managed-chat-execution-007] rejects hostile legacy AGENT-028 membrane input before it can enter a legal managed flow"}
[verification-test-start] {"pid":6352,"parentPid":3820,"entryFile":"/Users/yuanxi/Workwork/vibe-fs/requirements/managed-chat-execution/tests/007.test.mjs","name":"WHAT[managed-chat-execution-007] detects missing exact pre-provider release","fullName":"WHAT[managed-chat-execution-007] detects missing exact pre-provider release"}
[verification-test-start] {"pid":6375,"parentPid":3820,"entryFile":"/Users/yuanxi/Workwork/vibe-fs/requirements/managed-chat-execution/tests/009.test.mjs","name":"WHAT[managed-chat-execution-009] three canonical fact samples contain no process-local artifact fields","fullName":"WHAT[managed-chat-execution-009] three canonical fact samples contain no process-local artifact fields"}
runner: file lifecycle {"entryFile":"/Users/yuanxi/Workwork/vibe-fs/requirements/managed-chat-execution/tests/007.test.mjs","type":"runner:file-drained","elapsedMs":8603.530458000001}
runner: file lifecycle {"entryFile":"/Users/yuanxi/Workwork/vibe-fs/requirements/managed-chat-execution/tests/010.test.mjs","pid":3820,"parentPid":3799,"type":"runner:file-start","elapsedMs":8604.567500000001}
runner: file lifecycle {"entryFile":"/Users/yuanxi/Workwork/vibe-fs/requirements/managed-chat-execution/tests/009.test.mjs","type":"runner:file-drained","elapsedMs":8610.545333}
runner: file lifecycle {"entryFile":"/Users/yuanxi/Workwork/vibe-fs/requirements/managed-chat-execution/tests/011.test.mjs","pid":3820,"parentPid":3799,"type":"runner:file-start","elapsedMs":8611.701833000001}
[verification-test-start] {"pid":6351,"parentPid":3820,"entryFile":"/Users/yuanxi/Workwork/vibe-fs/requirements/managed-chat-execution/tests/006.test.mjs","name":"WHAT[managed-chat-execution-006] same key terminal conflict","fullName":"WHAT[managed-chat-execution-006] same key terminal conflict"}
[verification-test-start] {"pid":6350,"parentPid":3820,"entryFile":"/Users/yuanxi/Workwork/vibe-fs/requirements/managed-chat-execution/tests/005.test.mjs","name":"WHAT[managed-chat-execution-005] transform durably starts the real assistant observed before its attempt plan existed","fullName":"WHAT[managed-chat-execution-005] transform durably starts the real assistant observed before its attempt plan existed"}
[verification-test-start] {"pid":6351,"parentPid":3820,"entryFile":"/Users/yuanxi/Workwork/vibe-fs/requirements/managed-chat-execution/tests/006.test.mjs","name":"WHAT[managed-chat-execution-006] Terminal directly after Accepted is rejected","fullName":"WHAT[managed-chat-execution-006] Terminal directly after Accepted is rejected"}
[verification-test-start] {"pid":6351,"parentPid":3820,"entryFile":"/Users/yuanxi/Workwork/vibe-fs/requirements/managed-chat-execution/tests/006.test.mjs","name":"WHAT[managed-chat-execution-006] each terminal disposition is durable after provider start","fullName":"WHAT[managed-chat-execution-006] each terminal disposition is durable after provider start"}
[verification-test-start] {"pid":6351,"parentPid":3820,"entryFile":"/Users/yuanxi/Workwork/vibe-fs/requirements/managed-chat-execution/tests/006.test.mjs","name":"WHAT[managed-chat-execution-006] provider terminal before ProviderStarted rejects","fullName":"WHAT[managed-chat-execution-006] provider terminal before ProviderStarted rejects"}
[verification-test-start] {"pid":6351,"parentPid":3820,"entryFile":"/Users/yuanxi/Workwork/vibe-fs/requirements/managed-chat-execution/tests/006.test.mjs","name":"WHAT[managed-chat-execution-006] conflicting terminal rejects without a second write","fullName":"WHAT[managed-chat-execution-006] conflicting terminal rejects without a second write"}
[verification-test-start] {"pid":6351,"parentPid":3820,"entryFile":"/Users/yuanxi/Workwork/vibe-fs/requirements/managed-chat-execution/tests/006.test.mjs","name":"WHAT[managed-chat-execution-006] each uncertain Terminal append leaves projection provider-started","fullName":"WHAT[managed-chat-execution-006] each uncertain Terminal append leaves projection provider-started"}
[verification-test-start] {"pid":6351,"parentPid":3820,"entryFile":"/Users/yuanxi/Workwork/vibe-fs/requirements/managed-chat-execution/tests/006.test.mjs","name":"WHAT[managed-chat-execution-006] exact successful Host terminals retain typed finish outcomes","fullName":"WHAT[managed-chat-execution-006] exact successful Host terminals retain typed finish outcomes"}
[verification-test-start] {"pid":6351,"parentPid":3820,"entryFile":"/Users/yuanxi/Workwork/vibe-fs/requirements/managed-chat-execution/tests/006.test.mjs","name":"WHAT[managed-chat-execution-006] exact cancel and interruption become closed typed terminal dispositions","fullName":"WHAT[managed-chat-execution-006] exact cancel and interruption become closed typed terminal dispositions"}
[verification-test-start] {"pid":6351,"parentPid":3820,"entryFile":"/Users/yuanxi/Workwork/vibe-fs/requirements/managed-chat-execution/tests/006.test.mjs","name":"WHAT[managed-chat-execution-006] exact provider failure remains typed but awaits retry-owner disposition","fullName":"WHAT[managed-chat-execution-006] exact provider failure remains typed but awaits retry-owner disposition"}
[verification-test-start] {"pid":6351,"parentPid":3820,"entryFile":"/Users/yuanxi/Workwork/vibe-fs/requirements/managed-chat-execution/tests/006.test.mjs","name":"WHAT[managed-chat-execution-006] ambiguous and deleted evidence fail closed","fullName":"WHAT[managed-chat-execution-006] ambiguous and deleted evidence fail closed"}
[verification-test-start] {"pid":6351,"parentPid":3820,"entryFile":"/Users/yuanxi/Workwork/vibe-fs/requirements/managed-chat-execution/tests/006.test.mjs","name":"WHAT[managed-chat-execution-006] public Host terminal event waits for durable commit before exact capacity release under held and uncertain append (GAP-126)","fullName":"WHAT[managed-chat-execution-006] public Host terminal event waits for durable commit before exact capacity release under held and uncertain append (GAP-126)"}
runner: file lifecycle {"entryFile":"/Users/yuanxi/Workwork/vibe-fs/requirements/host-provider-failure-ownership/tests/001.test.mjs","type":"runner:file-drained","elapsedMs":8736.907125}
runner: file lifecycle {"entryFile":"/Users/yuanxi/Workwork/vibe-fs/requirements/managed-chat-execution/tests/012.test.mjs","pid":3820,"parentPid":3799,"type":"runner:file-start","elapsedMs":8739.497208}
[verification-test-start] {"pid":6377,"parentPid":3820,"entryFile":"/Users/yuanxi/Workwork/vibe-fs/requirements/managed-chat-execution/tests/011.test.mjs","name":"WHAT[managed-chat-execution-011] external and plugin roots share AcceptManagedChatIntent","fullName":"WHAT[managed-chat-execution-011] external and plugin roots share AcceptManagedChatIntent"}
[verification-test-start] {"pid":6389,"parentPid":3820,"entryFile":"/Users/yuanxi/Workwork/vibe-fs/requirements/managed-chat-execution/tests/012.test.mjs","name":"WHAT[managed-chat-execution-012] controlled admission A–E stops and provider lifecycle prefixes preserve their committed phase","fullName":"WHAT[managed-chat-execution-012] controlled admission A–E stops and provider lifecycle prefixes preserve their committed phase"}
[verification-test-start] {"pid":6249,"parentPid":3820,"entryFile":"/Users/yuanxi/Workwork/vibe-fs/requirements/interaction-authority/tests/011.test.mjs","name":"WHAT[interaction-authority-011] CHAT_PARAMS_an_unaccepted_message_does_not_claim_managed_execution","fullName":"WHAT[interaction-authority-011] CHAT_PARAMS_an_unaccepted_message_does_not_claim_managed_execution"}
[verification-test-start] {"pid":6249,"parentPid":3820,"entryFile":"/Users/yuanxi/Workwork/vibe-fs/requirements/interaction-authority/tests/011.test.mjs","name":"WHAT[interaction-authority-011] CHAT_PARAMS_admitted_lease_validates_without_rewriting_host_model","fullName":"WHAT[interaction-authority-011] CHAT_PARAMS_admitted_lease_validates_without_rewriting_host_model"}
[verification-test-start] {"pid":6376,"parentPid":3820,"entryFile":"/Users/yuanxi/Workwork/vibe-fs/requirements/managed-chat-execution/tests/010.test.mjs","name":"WHAT[managed-chat-execution-010] actual recovery Host cancellation settles one exact execution and preserves its neighbours","fullName":"WHAT[managed-chat-execution-010] actual recovery Host cancellation settles one exact execution and preserves its neighbours"}
[verification-test-start] {"pid":6389,"parentPid":3820,"entryFile":"/Users/yuanxi/Workwork/vibe-fs/requirements/managed-chat-execution/tests/012.test.mjs","name":"WHAT[managed-chat-execution-012] durable output of every A–I crash cut feeds actual recovery after process restart without duplicate owner effects (GAP-127)","fullName":"WHAT[managed-chat-execution-012] durable output of every A–I crash cut feeds actual recovery after process restart without duplicate owner effects (GAP-127)"}
[verification-test-start] {"pid":6389,"parentPid":3820,"entryFile":"/Users/yuanxi/Workwork/vibe-fs/requirements/managed-chat-execution/tests/012.test.mjs","name":"WHAT[managed-chat-execution-012] sampled recovery evidence repeats every interpreter effect without observer deduplication","fullName":"WHAT[managed-chat-execution-012] sampled recovery evidence repeats every interpreter effect without observer deduplication"}
[verification-test-start] {"pid":6389,"parentPid":3820,"entryFile":"/Users/yuanxi/Workwork/vibe-fs/requirements/managed-chat-execution/tests/012.test.mjs","name":"WHAT[managed-chat-execution-012] duplicate terminal and stale recovery evidence are semantically inert","fullName":"WHAT[managed-chat-execution-012] duplicate terminal and stale recovery evidence are semantically inert"}
[verification-test-start] {"pid":6377,"parentPid":3820,"entryFile":"/Users/yuanxi/Workwork/vibe-fs/requirements/managed-chat-execution/tests/011.test.mjs","name":"WHAT[managed-chat-execution-011] malformed exact identity seed is rejected by the production codec","fullName":"WHAT[managed-chat-execution-011] malformed exact identity seed is rejected by the production codec"}
[verification-test-start] {"pid":6377,"parentPid":3820,"entryFile":"/Users/yuanxi/Workwork/vibe-fs/requirements/managed-chat-execution/tests/011.test.mjs","name":"WHAT[managed-chat-execution-011] exact physical provider run and evidence are frozen","fullName":"WHAT[managed-chat-execution-011] exact physical provider run and evidence are frozen"}
runner: file lifecycle {"entryFile":"/Users/yuanxi/Workwork/vibe-fs/requirements/managed-chat-execution/tests/011.test.mjs","type":"runner:file-drained","elapsedMs":9127.667792}
runner: file lifecycle {"entryFile":"/Users/yuanxi/Workwork/vibe-fs/requirements/managed-chat-execution/tests/013.test.mjs","pid":3820,"parentPid":3799,"type":"runner:file-start","elapsedMs":9129.839667}
[verification-test-start] {"pid":6389,"parentPid":3820,"entryFile":"/Users/yuanxi/Workwork/vibe-fs/requirements/managed-chat-execution/tests/012.test.mjs","name":"WHAT[managed-chat-execution-012] lifecycle recovery interprets every typed decision through its owner port","fullName":"WHAT[managed-chat-execution-012] lifecycle recovery interprets every typed decision through its owner port"}
[verification-test-start] {"pid":6389,"parentPid":3820,"entryFile":"/Users/yuanxi/Workwork/vibe-fs/requirements/managed-chat-execution/tests/012.test.mjs","name":"WHAT[managed-chat-execution-012] absent recovery port publishes exactly one manual disposition and no resume","fullName":"WHAT[managed-chat-execution-012] absent recovery port publishes exactly one manual disposition and no resume"}
[verification-test-start] {"pid":6389,"parentPid":3820,"entryFile":"/Users/yuanxi/Workwork/vibe-fs/requirements/managed-chat-execution/tests/012.test.mjs","name":"WHAT[managed-chat-execution-012] rejecting port is awaited and publishes the same single manual","fullName":"WHAT[managed-chat-execution-012] rejecting port is awaited and publishes the same single manual"}
[verification-test-start] {"pid":6389,"parentPid":3820,"entryFile":"/Users/yuanxi/Workwork/vibe-fs/requirements/managed-chat-execution/tests/012.test.mjs","name":"WHAT[managed-chat-execution-012] accepting port awaits ordinary admission and emits no manual block","fullName":"WHAT[managed-chat-execution-012] accepting port awaits ordinary admission and emits no manual block"}
[verification-test-start] {"pid":6389,"parentPid":3820,"entryFile":"/Users/yuanxi/Workwork/vibe-fs/requirements/managed-chat-execution/tests/012.test.mjs","name":"WHAT[managed-chat-execution-012] duplicate resume signals keep exactly one manual","fullName":"WHAT[managed-chat-execution-012] duplicate resume signals keep exactly one manual"}
[verification-test-start] {"pid":6376,"parentPid":3820,"entryFile":"/Users/yuanxi/Workwork/vibe-fs/requirements/managed-chat-execution/tests/010.test.mjs","name":"WHAT[managed-chat-execution-010] public logical cancel and session delete enumerate every key and await durable terminal plus real capacity release, including held append (GAP-126)","fullName":"WHAT[managed-chat-execution-010] public logical cancel and session delete enumerate every key and await durable terminal plus real capacity release, including held append (GAP-126)"}
[verification-test-start] {"pid":6389,"parentPid":3820,"entryFile":"/Users/yuanxi/Workwork/vibe-fs/requirements/managed-chat-execution/tests/012.test.mjs","name":"WHAT[managed-chat-execution-012] actual recovery Host repeats terminal settlement idempotently when capacity is already absent","fullName":"WHAT[managed-chat-execution-012] actual recovery Host repeats terminal settlement idempotently when capacity is already absent"}
[verification-test-start] {"pid":6414,"parentPid":3820,"entryFile":"/Users/yuanxi/Workwork/vibe-fs/requirements/managed-chat-execution/tests/013.test.mjs","name":"WHAT[managed-chat-execution-013] queue full and cancellation cross no bind Host or provider boundary","fullName":"WHAT[managed-chat-execution-013] queue full and cancellation cross no bind Host or provider boundary"}
[verification-test-start] {"pid":6389,"parentPid":3820,"entryFile":"/Users/yuanxi/Workwork/vibe-fs/requirements/managed-chat-execution/tests/012.test.mjs","name":"WHAT[managed-chat-execution-012] late recovery release after supersession preserves the newer real capacity owner and rejects genuine conflict (GAP-126)","fullName":"WHAT[managed-chat-execution-012] late recovery release after supersession preserves the newer real capacity owner and rejects genuine conflict (GAP-126)"}
[verification-test-start] {"pid":6389,"parentPid":3820,"entryFile":"/Users/yuanxi/Workwork/vibe-fs/requirements/managed-chat-execution/tests/012.test.mjs","name":"WHAT[managed-chat-execution-012] representative typed evidence selects the expected production recovery decisions","fullName":"WHAT[managed-chat-execution-012] representative typed evidence selects the expected production recovery decisions"}
[verification-test-start] {"pid":6389,"parentPid":3820,"entryFile":"/Users/yuanxi/Workwork/vibe-fs/requirements/managed-chat-execution/tests/012.test.mjs","name":"WHAT[managed-chat-execution-012] duplicate evaluation is deterministic and effect-free","fullName":"WHAT[managed-chat-execution-012] duplicate evaluation is deterministic and effect-free"}
runner: file lifecycle {"entryFile":"/Users/yuanxi/Workwork/vibe-fs/requirements/managed-chat-execution/tests/012.test.mjs","type":"runner:file-drained","elapsedMs":9331.945125}
runner: file lifecycle {"entryFile":"/Users/yuanxi/Workwork/vibe-fs/requirements/managed-chat-execution/tests/014.test.mjs","pid":3820,"parentPid":3799,"type":"runner:file-start","elapsedMs":9333.134875}
[verification-test-start] {"pid":6249,"parentPid":3820,"entryFile":"/Users/yuanxi/Workwork/vibe-fs/requirements/interaction-authority/tests/011.test.mjs","name":"WHAT[interaction-authority-011] CHAT_PARAMS_uses_the_resolved_provider_model_id_not_the_mutated_user_message_model","fullName":"WHAT[interaction-authority-011] CHAT_PARAMS_uses_the_resolved_provider_model_id_not_the_mutated_user_message_model"}
[verification-test-start] {"pid":6414,"parentPid":3820,"entryFile":"/Users/yuanxi/Workwork/vibe-fs/requirements/managed-chat-execution/tests/013.test.mjs","name":"WHAT[managed-chat-execution-013] diagnostic query derives nonterminal and physical-attempt counts from canonical projection","fullName":"WHAT[managed-chat-execution-013] diagnostic query derives nonterminal and physical-attempt counts from canonical projection"}
[verification-test-start] {"pid":6414,"parentPid":3820,"entryFile":"/Users/yuanxi/Workwork/vibe-fs/requirements/managed-chat-execution/tests/013.test.mjs","name":"WHAT[managed-chat-execution-013] exact terminal settlement revokes the manual","fullName":"WHAT[managed-chat-execution-013] exact terminal settlement revokes the manual"}
[verification-test-start] {"pid":6425,"parentPid":3820,"entryFile":"/Users/yuanxi/Workwork/vibe-fs/requirements/managed-chat-execution/tests/014.test.mjs","name":"WHAT[managed-chat-execution-014] capture canonicalizes facts and preserves only immutable owner evidence","fullName":"WHAT[managed-chat-execution-014] capture canonicalizes facts and preserves only immutable owner evidence"}
[verification-test-start] {"pid":6414,"parentPid":3820,"entryFile":"/Users/yuanxi/Workwork/vibe-fs/requirements/managed-chat-execution/tests/013.test.mjs","name":"WHAT[managed-chat-execution-013] pre-provider cancellation settlement revokes the manual","fullName":"WHAT[managed-chat-execution-013] pre-provider cancellation settlement revokes the manual"}
[verification-test-start] {"pid":6425,"parentPid":3820,"entryFile":"/Users/yuanxi/Workwork/vibe-fs/requirements/managed-chat-execution/tests/014.test.mjs","name":"WHAT[managed-chat-execution-014] capture redacts known failures and rejects payload or stack fields","fullName":"WHAT[managed-chat-execution-014] capture redacts known failures and rejects payload or stack fields"}
runner: file lifecycle {"entryFile":"/Users/yuanxi/Workwork/vibe-fs/requirements/managed-chat-execution/tests/013.test.mjs","type":"runner:file-drained","elapsedMs":9611.470333}
runner: file lifecycle {"entryFile":"/Users/yuanxi/Workwork/vibe-fs/requirements/managed-session-lifecycle/tests/001.test.mjs","pid":3820,"parentPid":3799,"type":"runner:file-start","elapsedMs":9613.797125000001}
[verification-test-start] {"pid":6425,"parentPid":3820,"entryFile":"/Users/yuanxi/Workwork/vibe-fs/requirements/managed-chat-execution/tests/014.test.mjs","name":"WHAT[managed-chat-execution-014] replay reconstructs the canonical projection and emits only owner effect requests","fullName":"WHAT[managed-chat-execution-014] replay reconstructs the canonical projection and emits only owner effect requests"}
[verification-test-start] {"pid":6425,"parentPid":3820,"entryFile":"/Users/yuanxi/Workwork/vibe-fs/requirements/managed-chat-execution/tests/014.test.mjs","name":"WHAT[managed-chat-execution-014] agent-028 session-only binding is hostile; current owners fold exact keys with fixed participant","fullName":"WHAT[managed-chat-execution-014] agent-028 session-only binding is hostile; current owners fold exact keys with fixed participant"}
[verification-test-start] {"pid":6425,"parentPid":3820,"entryFile":"/Users/yuanxi/Workwork/vibe-fs/requirements/managed-chat-execution/tests/014.test.mjs","name":"WHAT[managed-chat-execution-014] agent-028 legacy agent fields are hostile: dropped on re-encoding and inert on replay","fullName":"WHAT[managed-chat-execution-014] agent-028 legacy agent fields are hostile: dropped on re-encoding and inert on replay"}
[verification-test-start] {"pid":6425,"parentPid":3820,"entryFile":"/Users/yuanxi/Workwork/vibe-fs/requirements/managed-chat-execution/tests/014.test.mjs","name":"WHAT[managed-chat-execution-014] duplicate replay is idempotent and does not accumulate authority","fullName":"WHAT[managed-chat-execution-014] duplicate replay is idempotent and does not accumulate authority"}
[verification-test-start] {"pid":6425,"parentPid":3820,"entryFile":"/Users/yuanxi/Workwork/vibe-fs/requirements/managed-chat-execution/tests/014.test.mjs","name":"WHAT[managed-chat-execution-014] replay fails closed on tamper, version, unknown, or missing evidence","fullName":"WHAT[managed-chat-execution-014] replay fails closed on tamper, version, unknown, or missing evidence"}
[verification-test-start] {"pid":6425,"parentPid":3820,"entryFile":"/Users/yuanxi/Workwork/vibe-fs/requirements/managed-chat-execution/tests/014.test.mjs","name":"WHAT[managed-chat-execution-014] replay rejects unsupported Host evidence and unknown recovery observations","fullName":"WHAT[managed-chat-execution-014] replay rejects unsupported Host evidence and unknown recovery observations"}
runner: file lifecycle {"entryFile":"/Users/yuanxi/Workwork/vibe-fs/requirements/managed-chat-execution/tests/014.test.mjs","type":"runner:file-drained","elapsedMs":9668.70375}
runner: file lifecycle {"entryFile":"/Users/yuanxi/Workwork/vibe-fs/requirements/managed-session-lifecycle/tests/002.test.mjs","pid":3820,"parentPid":3799,"type":"runner:file-start","elapsedMs":9671.295917}
[verification-test-start] {"pid":6447,"parentPid":3820,"entryFile":"/Users/yuanxi/Workwork/vibe-fs/requirements/managed-session-lifecycle/tests/001.test.mjs","name":"WHAT[managed-session-lifecycle-001] one attachment owner binds current Engineer requests once","fullName":"WHAT[managed-session-lifecycle-001] one attachment owner binds current Engineer requests once"}
[verification-test-start] {"pid":6447,"parentPid":3820,"entryFile":"/Users/yuanxi/Workwork/vibe-fs/requirements/managed-session-lifecycle/tests/001.test.mjs","name":"WHAT[managed-session-lifecycle-001] unknown role input cannot silently exercise another role","fullName":"WHAT[managed-session-lifecycle-001] unknown role input cannot silently exercise another role"}
[verification-test-start] {"pid":6447,"parentPid":3820,"entryFile":"/Users/yuanxi/Workwork/vibe-fs/requirements/managed-session-lifecycle/tests/001.test.mjs","name":"WHAT[managed-session-lifecycle-001] all AttachmentKinds use the same creation, recovery and cleanup owner through public Host paths (GAP-133)","fullName":"WHAT[managed-session-lifecycle-001] all AttachmentKinds use the same creation, recovery and cleanup owner through public Host paths (GAP-133)"}
[verification-test-start] {"pid":6327,"parentPid":3820,"entryFile":"/Users/yuanxi/Workwork/vibe-fs/requirements/js-semantic-surface/tests/003.test.mjs","name":"WHAT[js-semantic-surface-003] registration is static evidence and does not require consumer authorization or callback execution","fullName":"WHAT[js-semantic-surface-003] registration is static evidence and does not require consumer authorization or callback execution"}
js-boundary-gate: OK — 0 debt line(s) across 0 file(s)
[verification-test-start] {"pid":6325,"parentPid":3820,"entryFile":"/Users/yuanxi/Workwork/vibe-fs/requirements/js-semantic-surface/tests/002.test.mjs","name":"WHAT[js-semantic-surface-002] the same gate accepts a registered public import and rejects an internal module","fullName":"WHAT[js-semantic-surface-002] the same gate accepts a registered public import and rejects an internal module"}
js-boundary-gate: 1 violation(s) across 1 file(s)
  ../../../../var/folders/g_/3ydzn7kx5lg9ylq8fd9p_13r0000gn/T/js-surface-LdzXjT/requirements/consumer/tests/support/api.mjs:1 [deep-dist-import] import * as api from '../../../../dist/Internal/Unregistered.js'
js-boundary-gate: OK — 0 debt line(s) across 0 file(s)
[verification-test-start] {"pid":6325,"parentPid":3820,"entryFile":"/Users/yuanxi/Workwork/vibe-fs/requirements/js-semantic-surface/tests/002.test.mjs","name":"WHAT[js-semantic-surface-002] module discovery, generated-name probing and runtime representation access are detected","fullName":"WHAT[js-semantic-surface-002] module discovery, generated-name probing and runtime representation access are detected"}
runner: file lifecycle {"entryFile":"/Users/yuanxi/Workwork/vibe-fs/requirements/managed-session-lifecycle/tests/001.test.mjs","type":"runner:file-drained","elapsedMs":9733.395167}
[verification-test-start] {"pid":6325,"parentPid":3820,"entryFile":"/Users/yuanxi/Workwork/vibe-fs/requirements/js-semantic-surface/tests/002.test.mjs","name":"WHAT[js-semantic-surface-002] a template that chooses an unregistered compiled module is detected","fullName":"WHAT[js-semantic-surface-002] a template that chooses an unregistered compiled module is detected"}
[verification-test-start] {"pid":6327,"parentPid":3820,"entryFile":"/Users/yuanxi/Workwork/vibe-fs/requirements/js-semantic-surface/tests/003.test.mjs","name":"WHAT[js-semantic-surface-003] a body reference cannot resurrect a retired law","fullName":"WHAT[js-semantic-surface-003] a body reference cannot resurrect a retired law"}
runner: file lifecycle {"entryFile":"/Users/yuanxi/Workwork/vibe-fs/requirements/managed-session-lifecycle/tests/003.test.mjs","pid":3820,"parentPid":3799,"type":"runner:file-start","elapsedMs":9735.26375}
[verification-test-start] {"pid":6249,"parentPid":3820,"entryFile":"/Users/yuanxi/Workwork/vibe-fs/requirements/interaction-authority/tests/011.test.mjs","name":"WHAT[interaction-authority-011] CHAT_PARAMS_accepts_the_real_provider_model_shape_with_message_variant","fullName":"WHAT[interaction-authority-011] CHAT_PARAMS_accepts_the_real_provider_model_shape_with_message_variant"}
[verification-test-start] {"pid":6325,"parentPid":3820,"entryFile":"/Users/yuanxi/Workwork/vibe-fs/requirements/js-semantic-surface/tests/002.test.mjs","name":"WHAT[js-semantic-surface-002] ordinary data enumeration and standard function binding remain legal","fullName":"WHAT[js-semantic-surface-002] ordinary data enumeration and standard function binding remain legal"}
[verification-test-start] {"pid":6327,"parentPid":3820,"entryFile":"/Users/yuanxi/Workwork/vibe-fs/requirements/js-semantic-surface/tests/003.test.mjs","name":"WHAT[js-semantic-surface-003] a misleading dist suffix is not an import of the registered module","fullName":"WHAT[js-semantic-surface-003] a misleading dist suffix is not an import of the registered module"}
[verification-test-start] {"pid":6327,"parentPid":3820,"entryFile":"/Users/yuanxi/Workwork/vibe-fs/requirements/js-semantic-surface/tests/003.test.mjs","name":"WHAT[js-semantic-surface-003] malformed metadata and duplicate modules fail the same registration gate","fullName":"WHAT[js-semantic-surface-003] malformed metadata and duplicate modules fail the same registration gate"}
js-surface-manifest: 1 violation(s)
  Owner/Surface.js: law owner-099 is absent from requirements/owner/WHAT.md
js-surface-manifest: OK — 1 registered surfaces, laws and contract imports closed
[verification-test-start] {"pid":6327,"parentPid":3820,"entryFile":"/Users/yuanxi/Workwork/vibe-fs/requirements/js-semantic-surface/tests/003.test.mjs","name":"WHAT[js-semantic-surface-003] uncompiled and un-emitted sources cannot satisfy registration","fullName":"WHAT[js-semantic-surface-003] uncompiled and un-emitted sources cannot satisfy registration"}
[verification-test-start] {"pid":6327,"parentPid":3820,"entryFile":"/Users/yuanxi/Workwork/vibe-fs/requirements/js-semantic-surface/tests/003.test.mjs","name":"WHAT[js-semantic-surface-003] explicit law ownership resolves against that owner and its current headings","fullName":"WHAT[js-semantic-surface-003] explicit law ownership resolves against that owner and its current headings"}
[verification-test-start] {"pid":6334,"parentPid":3820,"entryFile":"/Users/yuanxi/Workwork/vibe-fs/requirements/managed-chat-execution/tests/003.test.mjs","name":"WHAT[managed-chat-execution-003] an exact admission joining after committed Host projection receives its own complete model","fullName":"WHAT[managed-chat-execution-003] an exact admission joining after committed Host projection receives its own complete model"}
[verification-test-start] {"pid":6450,"parentPid":3820,"entryFile":"/Users/yuanxi/Workwork/vibe-fs/requirements/managed-session-lifecycle/tests/002.test.mjs","name":"WHAT[managed-session-lifecycle-002] HOST_014_concurrent_first_ensure_is_single_flight_and_creates_one_child","fullName":"WHAT[managed-session-lifecycle-002] HOST_014_concurrent_first_ensure_is_single_flight_and_creates_one_child"}
runner: file lifecycle {"entryFile":"/Users/yuanxi/Workwork/vibe-fs/requirements/js-semantic-surface/tests/002.test.mjs","type":"runner:file-drained","elapsedMs":9764.64175}
runner: file lifecycle {"entryFile":"/Users/yuanxi/Workwork/vibe-fs/requirements/managed-session-lifecycle/tests/004.test.mjs","pid":3820,"parentPid":3799,"type":"runner:file-start","elapsedMs":9764.679333}
[verification-test-start] {"pid":6450,"parentPid":3820,"entryFile":"/Users/yuanxi/Workwork/vibe-fs/requirements/managed-session-lifecycle/tests/002.test.mjs","name":"WHAT[managed-session-lifecycle-002] holding association append prevents the first actual prompt until durable confirmation (GAP-133)","fullName":"WHAT[managed-session-lifecycle-002] holding association append prevents the first actual prompt until durable confirmation (GAP-133)"}
runner: file lifecycle {"entryFile":"/Users/yuanxi/Workwork/vibe-fs/requirements/managed-session-lifecycle/tests/002.test.mjs","type":"runner:file-drained","elapsedMs":9781.428667}
runner: file lifecycle {"entryFile":"/Users/yuanxi/Workwork/vibe-fs/requirements/managed-session-lifecycle/tests/005.test.mjs","pid":3820,"parentPid":3799,"type":"runner:file-start","elapsedMs":9782.18525}
runner: file lifecycle {"entryFile":"/Users/yuanxi/Workwork/vibe-fs/requirements/js-semantic-surface/tests/003.test.mjs","type":"runner:file-drained","elapsedMs":9798.948583}
fatal: not a git repository (or any of the parent directories): .git
runner: file lifecycle {"entryFile":"/Users/yuanxi/Workwork/vibe-fs/requirements/managed-session-lifecycle/tests/006.test.mjs","pid":3820,"parentPid":3799,"type":"runner:file-start","elapsedMs":9800.361667000001}
[verification-test-start] {"pid":6460,"parentPid":3820,"entryFile":"/Users/yuanxi/Workwork/vibe-fs/requirements/managed-session-lifecycle/tests/003.test.mjs","name":"WHAT[managed-session-lifecycle-003] actual satellite owner reuses an exactly matching supplied journal association","fullName":"WHAT[managed-session-lifecycle-003] actual satellite owner reuses an exactly matching supplied journal association"}
[verification-test-start] {"pid":6460,"parentPid":3820,"entryFile":"/Users/yuanxi/Workwork/vibe-fs/requirements/managed-session-lifecycle/tests/003.test.mjs","name":"WHAT[managed-session-lifecycle-003] conflicting association and failed Host query refuse recovery without creating children","fullName":"WHAT[managed-session-lifecycle-003] conflicting association and failed Host query refuse recovery without creating children"}
[verification-test-start] {"pid":6460,"parentPid":3820,"entryFile":"/Users/yuanxi/Workwork/vibe-fs/requirements/managed-session-lifecycle/tests/003.test.mjs","name":"WHAT[managed-session-lifecycle-003] no journal association means new child rather than adoption of a matching sibling","fullName":"WHAT[managed-session-lifecycle-003] no journal association means new child rather than adoption of a matching sibling"}
[verification-test-start] {"pid":6460,"parentPid":3820,"entryFile":"/Users/yuanxi/Workwork/vibe-fs/requirements/managed-session-lifecycle/tests/003.test.mjs","name":"WHAT[managed-session-lifecycle-003] journal reopened after actual process restart selects one exact child and attaches a new child to the real family root (GAP-133)","fullName":"WHAT[managed-session-lifecycle-003] journal reopened after actual process restart selects one exact child and attaches a new child to the real family root (GAP-133)"}
runner: file lifecycle {"entryFile":"/Users/yuanxi/Workwork/vibe-fs/requirements/managed-session-lifecycle/tests/003.test.mjs","type":"runner:file-drained","elapsedMs":9828.227417}
runner: file lifecycle {"entryFile":"/Users/yuanxi/Workwork/vibe-fs/requirements/managed-session-lifecycle/tests/007.test.mjs","pid":3820,"parentPid":3799,"type":"runner:file-start","elapsedMs":9828.940083}
fatal: not a git repository (or any of the parent directories): .git
[verification-test-start] {"pid":6493,"parentPid":3820,"entryFile":"/Users/yuanxi/Workwork/vibe-fs/requirements/managed-session-lifecycle/tests/005.test.mjs","name":"WHAT[managed-session-lifecycle-005] EXEC_026_get_or_create_reuses_the_existing_binding_and_keeps_the_bound_agent","fullName":"WHAT[managed-session-lifecycle-005] EXEC_026_get_or_create_reuses_the_existing_binding_and_keeps_the_bound_agent"}
[verification-test-start] {"pid":6493,"parentPid":3820,"entryFile":"/Users/yuanxi/Workwork/vibe-fs/requirements/managed-session-lifecycle/tests/005.test.mjs","name":"WHAT[managed-session-lifecycle-005] two requests from one owner reuse the binding","fullName":"WHAT[managed-session-lifecycle-005] two requests from one owner reuse the binding"}
[verification-test-start] {"pid":6493,"parentPid":3820,"entryFile":"/Users/yuanxi/Workwork/vibe-fs/requirements/managed-session-lifecycle/tests/005.test.mjs","name":"WHAT[managed-session-lifecycle-005] explicit removal permits a new binding on the same owner","fullName":"WHAT[managed-session-lifecycle-005] explicit removal permits a new binding on the same owner"}
[verification-test-start] {"pid":6493,"parentPid":3820,"entryFile":"/Users/yuanxi/Workwork/vibe-fs/requirements/managed-session-lifecycle/tests/005.test.mjs","name":"WHAT[managed-session-lifecycle-005] one actual owner isolates live scopes and retains each binding independently","fullName":"WHAT[managed-session-lifecycle-005] one actual owner isolates live scopes and retains each binding independently"}
[verification-test-start] {"pid":6493,"parentPid":3820,"entryFile":"/Users/yuanxi/Workwork/vibe-fs/requirements/managed-session-lifecycle/tests/005.test.mjs","name":"WHAT[managed-session-lifecycle-005] concurrent same-key requests share one creation while scope-b/Engineer can finish independently","fullName":"WHAT[managed-session-lifecycle-005] concurrent same-key requests share one creation while scope-b/Engineer can finish independently"}
[verification-test-start] {"pid":6493,"parentPid":3820,"entryFile":"/Users/yuanxi/Workwork/vibe-fs/requirements/managed-session-lifecycle/tests/005.test.mjs","name":"WHAT[managed-session-lifecycle-005] concurrent same-key requests share one creation while scope-a/Inspector can finish independently","fullName":"WHAT[managed-session-lifecycle-005] concurrent same-key requests share one creation while scope-a/Inspector can finish independently"}
[verification-test-start] {"pid":6493,"parentPid":3820,"entryFile":"/Users/yuanxi/Workwork/vibe-fs/requirements/managed-session-lifecycle/tests/005.test.mjs","name":"WHAT[managed-session-lifecycle-005] typed Engineer/Coder bindings in one scope are independently reusable and removable","fullName":"WHAT[managed-session-lifecycle-005] typed Engineer/Coder bindings in one scope are independently reusable and removable"}
[verification-test-start] {"pid":6493,"parentPid":3820,"entryFile":"/Users/yuanxi/Workwork/vibe-fs/requirements/managed-session-lifecycle/tests/005.test.mjs","name":"WHAT[managed-session-lifecycle-005] typed Engineer/Inspector bindings in one scope are independently reusable and removable","fullName":"WHAT[managed-session-lifecycle-005] typed Engineer/Inspector bindings in one scope are independently reusable and removable"}
[verification-test-start] {"pid":6493,"parentPid":3820,"entryFile":"/Users/yuanxi/Workwork/vibe-fs/requirements/managed-session-lifecycle/tests/005.test.mjs","name":"WHAT[managed-session-lifecycle-005] typed Coder/Inspector bindings in one scope are independently reusable and removable","fullName":"WHAT[managed-session-lifecycle-005] typed Coder/Inspector bindings in one scope are independently reusable and removable"}
runner: file lifecycle {"entryFile":"/Users/yuanxi/Workwork/vibe-fs/requirements/managed-session-lifecycle/tests/005.test.mjs","type":"runner:file-drained","elapsedMs":9915.411250000001}
runner: file lifecycle {"entryFile":"/Users/yuanxi/Workwork/vibe-fs/requirements/managed-session-lifecycle/tests/008.test.mjs","pid":3820,"parentPid":3799,"type":"runner:file-start","elapsedMs":9915.988458}
fatal: not a git repository (or any of the parent directories): .git
fatal: not a git repository (or any of the parent directories): .git
fatal: not a git repository (or any of the parent directories): .git
[verification-test-start] {"pid":6485,"parentPid":3820,"entryFile":"/Users/yuanxi/Workwork/vibe-fs/requirements/managed-session-lifecycle/tests/004.test.mjs","name":"WHAT[managed-session-lifecycle-004] EXEC_026_sync_delegate_reuses_session_after_full_completion","fullName":"WHAT[managed-session-lifecycle-004] EXEC_026_sync_delegate_reuses_session_after_full_completion"}
fatal: not a git repository (or any of the parent directories): .git
[verification-test-start] {"pid":6495,"parentPid":3820,"entryFile":"/Users/yuanxi/Workwork/vibe-fs/requirements/managed-session-lifecycle/tests/006.test.mjs","name":"WHAT[managed-session-lifecycle-006] exact admission resumes the road without reviving its consumed work","fullName":"WHAT[managed-session-lifecycle-006] exact admission resumes the road without reviving its consumed work"}
[verification-test-start] {"pid":6506,"parentPid":3820,"entryFile":"/Users/yuanxi/Workwork/vibe-fs/requirements/managed-session-lifecycle/tests/007.test.mjs","name":"WHAT[managed-session-lifecycle-007] canonical A and B retain separate cells across late A and cold replay","fullName":"WHAT[managed-session-lifecycle-007] canonical A and B retain separate cells across late A and cold replay"}
[verification-test-start] {"pid":6518,"parentPid":3820,"entryFile":"/Users/yuanxi/Workwork/vibe-fs/requirements/managed-session-lifecycle/tests/008.test.mjs","name":"WHAT[managed-session-lifecycle-008] exact consume with before commit failure never releases an unconfirmed payload","fullName":"WHAT[managed-session-lifecycle-008] exact consume with before commit failure never releases an unconfirmed payload"}
[verification-test-start] {"pid":6334,"parentPid":3820,"entryFile":"/Users/yuanxi/Workwork/vibe-fs/requirements/managed-chat-execution/tests/003.test.mjs","name":"WHAT[managed-chat-execution-003] managed admission has one fixed success order","fullName":"WHAT[managed-chat-execution-003] managed admission has one fixed success order"}
[verification-test-start] {"pid":6334,"parentPid":3820,"entryFile":"/Users/yuanxi/Workwork/vibe-fs/requirements/managed-chat-execution/tests/003.test.mjs","name":"WHAT[managed-chat-execution-003] append failure performs zero downstream effects","fullName":"WHAT[managed-chat-execution-003] append failure performs zero downstream effects"}
[verification-test-start] {"pid":6249,"parentPid":3820,"entryFile":"/Users/yuanxi/Workwork/vibe-fs/requirements/interaction-authority/tests/011.test.mjs","name":"WHAT[interaction-authority-011] CHAT_PARAMS_leaves_temperature_untouched_when_model_capability_disables_it","fullName":"WHAT[interaction-authority-011] CHAT_PARAMS_leaves_temperature_untouched_when_model_capability_disables_it"}
[verification-test-start] {"pid":6334,"parentPid":3820,"entryFile":"/Users/yuanxi/Workwork/vibe-fs/requirements/managed-chat-execution/tests/003.test.mjs","name":"WHAT[managed-chat-execution-003] acquisition failure crosses no later boundary","fullName":"WHAT[managed-chat-execution-003] acquisition failure crosses no later boundary"}
[verification-test-start] {"pid":6334,"parentPid":3820,"entryFile":"/Users/yuanxi/Workwork/vibe-fs/requirements/managed-chat-execution/tests/003.test.mjs","name":"WHAT[managed-chat-execution-003] superseded demand is a typed nonfatal short-circuit","fullName":"WHAT[managed-chat-execution-003] superseded demand is a typed nonfatal short-circuit"}
[verification-test-start] {"pid":6334,"parentPid":3820,"entryFile":"/Users/yuanxi/Workwork/vibe-fs/requirements/managed-chat-execution/tests/003.test.mjs","name":"WHAT[managed-chat-execution-003] already-started replay performs no duplicate admission effect","fullName":"WHAT[managed-chat-execution-003] already-started replay performs no duplicate admission effect"}
[verification-test-start] {"pid":6334,"parentPid":3820,"entryFile":"/Users/yuanxi/Workwork/vibe-fs/requirements/managed-chat-execution/tests/003.test.mjs","name":"WHAT[managed-chat-execution-003] HostInternal physical input creates no managed admission or provider send","fullName":"WHAT[managed-chat-execution-003] HostInternal physical input creates no managed admission or provider send"}
fatal: not a git repository (or any of the parent directories): .git
fatal: not a git repository (or any of the parent directories): .git
fatal: not a git repository (or any of the parent directories): .git
[verification-test-start] {"pid":6485,"parentPid":3820,"entryFile":"/Users/yuanxi/Workwork/vibe-fs/requirements/managed-session-lifecycle/tests/004.test.mjs","name":"WHAT[managed-session-lifecycle-004] EXEC_027_dispose_fails_unsettled_sync_delegate_call_scope","fullName":"WHAT[managed-session-lifecycle-004] EXEC_027_dispose_fails_unsettled_sync_delegate_call_scope"}
[verification-test-start] {"pid":6485,"parentPid":3820,"entryFile":"/Users/yuanxi/Workwork/vibe-fs/requirements/managed-session-lifecycle/tests/004.test.mjs","name":"WHAT[managed-session-lifecycle-004] EXEC_027_cancel_before_completion_fails_pending_invoke","fullName":"WHAT[managed-session-lifecycle-004] EXEC_027_cancel_before_completion_fails_pending_invoke"}
[verification-test-start] {"pid":6350,"parentPid":3820,"entryFile":"/Users/yuanxi/Workwork/vibe-fs/requirements/managed-chat-execution/tests/005.test.mjs","name":"WHAT[managed-chat-execution-005] transform rejects missing or foreign public assistant identity before the provider boundary","fullName":"WHAT[managed-chat-execution-005] transform rejects missing or foreign public assistant identity before the provider boundary"}
fatal: not a git repository (or any of the parent directories): .git
fatal: not a git repository (or any of the parent directories): .git
runner: file lifecycle {"entryFile":"/Users/yuanxi/Workwork/vibe-fs/requirements/managed-chat-execution/tests/006.test.mjs","type":"runner:file-drained","elapsedMs":10629.729583}
runner: file lifecycle {"entryFile":"/Users/yuanxi/Workwork/vibe-fs/requirements/managed-session-lifecycle/tests/009.test.mjs","pid":3820,"parentPid":3799,"type":"runner:file-start","elapsedMs":10631.327167}
[verification-test-start] {"pid":6518,"parentPid":3820,"entryFile":"/Users/yuanxi/Workwork/vibe-fs/requirements/managed-session-lifecycle/tests/008.test.mjs","name":"WHAT[managed-session-lifecycle-008] exact consume with after commit failure never releases an unconfirmed payload","fullName":"WHAT[managed-session-lifecycle-008] exact consume with after commit failure never releases an unconfirmed payload"}
runner: file lifecycle {"entryFile":"/Users/yuanxi/Workwork/vibe-fs/requirements/managed-session-lifecycle/tests/004.test.mjs","type":"runner:file-drained","elapsedMs":10693.851958}
runner: file lifecycle {"entryFile":"/Users/yuanxi/Workwork/vibe-fs/requirements/managed-session-lifecycle/tests/010.test.mjs","pid":3820,"parentPid":3799,"type":"runner:file-start","elapsedMs":10694.218167}
[verification-test-start] {"pid":6495,"parentPid":3820,"entryFile":"/Users/yuanxi/Workwork/vibe-fs/requirements/managed-session-lifecycle/tests/006.test.mjs","name":"WHAT[managed-session-lifecycle-006] EXEC_009_agent_pty_and_manager_job_handles_are_separate_identities","fullName":"WHAT[managed-session-lifecycle-006] EXEC_009_agent_pty_and_manager_job_handles_are_separate_identities"}
[verification-test-start] {"pid":6495,"parentPid":3820,"entryFile":"/Users/yuanxi/Workwork/vibe-fs/requirements/managed-session-lifecycle/tests/006.test.mjs","name":"WHAT[managed-session-lifecycle-006] EXEC_005_the_views_partition_the_lifecycle_and_never_show_retired","fullName":"WHAT[managed-session-lifecycle-006] EXEC_005_the_views_partition_the_lifecycle_and_never_show_retired"}
[verification-test-start] {"pid":6495,"parentPid":3820,"entryFile":"/Users/yuanxi/Workwork/vibe-fs/requirements/managed-session-lifecycle/tests/006.test.mjs","name":"WHAT[managed-session-lifecycle-006] EXEC_009_a_retired_handle_answers_retired_forever","fullName":"WHAT[managed-session-lifecycle-006] EXEC_009_a_retired_handle_answers_retired_forever"}
[verification-test-start] {"pid":6495,"parentPid":3820,"entryFile":"/Users/yuanxi/Workwork/vibe-fs/requirements/managed-session-lifecycle/tests/006.test.mjs","name":"WHAT[managed-session-lifecycle-006] EXEC_009_a_retired_id_is_distinguishable_from_one_that_never_existed","fullName":"WHAT[managed-session-lifecycle-006] EXEC_009_a_retired_id_is_distinguishable_from_one_that_never_existed"}
[verification-test-start] {"pid":6495,"parentPid":3820,"entryFile":"/Users/yuanxi/Workwork/vibe-fs/requirements/managed-session-lifecycle/tests/006.test.mjs","name":"WHAT[managed-session-lifecycle-006] EXEC_009_a_retired_child_session_is_still_recognised_as_a_child","fullName":"WHAT[managed-session-lifecycle-006] EXEC_009_a_retired_child_session_is_still_recognised_as_a_child"}
[verification-test-start] {"pid":6495,"parentPid":3820,"entryFile":"/Users/yuanxi/Workwork/vibe-fs/requirements/managed-session-lifecycle/tests/006.test.mjs","name":"WHAT[managed-session-lifecycle-006] EXEC_009_linked_children_lists_every_child_ever_linked","fullName":"WHAT[managed-session-lifecycle-006] EXEC_009_linked_children_lists_every_child_ever_linked"}
[verification-test-start] {"pid":6495,"parentPid":3820,"entryFile":"/Users/yuanxi/Workwork/vibe-fs/requirements/managed-session-lifecycle/tests/006.test.mjs","name":"WHAT[managed-session-lifecycle-006] EXEC_009_the_three_facts_replay_into_the_terminal_state","fullName":"WHAT[managed-session-lifecycle-006] EXEC_009_the_three_facts_replay_into_the_terminal_state"}
[verification-test-start] {"pid":6495,"parentPid":3820,"entryFile":"/Users/yuanxi/Workwork/vibe-fs/requirements/managed-session-lifecycle/tests/006.test.mjs","name":"WHAT[managed-session-lifecycle-006] EXEC_001_fork_creates_a_child_run","fullName":"WHAT[managed-session-lifecycle-006] EXEC_001_fork_creates_a_child_run"}
[verification-test-start] {"pid":6495,"parentPid":3820,"entryFile":"/Users/yuanxi/Workwork/vibe-fs/requirements/managed-session-lifecycle/tests/006.test.mjs","name":"WHAT[managed-session-lifecycle-006] EXEC_007_nudge_is_fire_and_forget","fullName":"WHAT[managed-session-lifecycle-006] EXEC_007_nudge_is_fire_and_forget"}
[verification-test-start] {"pid":6495,"parentPid":3820,"entryFile":"/Users/yuanxi/Workwork/vibe-fs/requirements/managed-session-lifecycle/tests/006.test.mjs","name":"WHAT[managed-session-lifecycle-006] surface_refuses_unknown_role","fullName":"WHAT[managed-session-lifecycle-006] surface_refuses_unknown_role"}
[verification-test-start] {"pid":6495,"parentPid":3820,"entryFile":"/Users/yuanxi/Workwork/vibe-fs/requirements/managed-session-lifecycle/tests/006.test.mjs","name":"WHAT[managed-session-lifecycle-006] surface_refuses_unknown_completion_kind","fullName":"WHAT[managed-session-lifecycle-006] surface_refuses_unknown_completion_kind"}
[verification-test-start] {"pid":6495,"parentPid":3820,"entryFile":"/Users/yuanxi/Workwork/vibe-fs/requirements/managed-session-lifecycle/tests/006.test.mjs","name":"WHAT[managed-session-lifecycle-006] surface_refuses_unknown_abandon_reason","fullName":"WHAT[managed-session-lifecycle-006] surface_refuses_unknown_abandon_reason"}
[verification-test-start] {"pid":6495,"parentPid":3820,"entryFile":"/Users/yuanxi/Workwork/vibe-fs/requirements/managed-session-lifecycle/tests/006.test.mjs","name":"WHAT[managed-session-lifecycle-006] surface_refuses_unknown_ownership","fullName":"WHAT[managed-session-lifecycle-006] surface_refuses_unknown_ownership"}
[verification-test-start] {"pid":6249,"parentPid":3820,"entryFile":"/Users/yuanxi/Workwork/vibe-fs/requirements/interaction-authority/tests/011.test.mjs","name":"WHAT[interaction-authority-011] CHAT_PARAMS_agentless_root_does_not_invent_binding","fullName":"WHAT[interaction-authority-011] CHAT_PARAMS_agentless_root_does_not_invent_binding"}
[verification-test-start] {"pid":6495,"parentPid":3820,"entryFile":"/Users/yuanxi/Workwork/vibe-fs/requirements/managed-session-lifecycle/tests/006.test.mjs","name":"WHAT[managed-session-lifecycle-006] surface_refuses_unknown_command_op","fullName":"WHAT[managed-session-lifecycle-006] surface_refuses_unknown_command_op"}
[verification-test-start] {"pid":6495,"parentPid":3820,"entryFile":"/Users/yuanxi/Workwork/vibe-fs/requirements/managed-session-lifecycle/tests/006.test.mjs","name":"WHAT[managed-session-lifecycle-006] EXEC_016_listable_handles_are_outstanding_for_manager","fullName":"WHAT[managed-session-lifecycle-006] EXEC_016_listable_handles_are_outstanding_for_manager"}
[verification-test-start] {"pid":6495,"parentPid":3820,"entryFile":"/Users/yuanxi/Workwork/vibe-fs/requirements/managed-session-lifecycle/tests/006.test.mjs","name":"WHAT[managed-session-lifecycle-006] THEOREM_join_blocked_while_handle_active","fullName":"WHAT[managed-session-lifecycle-006] THEOREM_join_blocked_while_handle_active"}
[verification-test-start] {"pid":6495,"parentPid":3820,"entryFile":"/Users/yuanxi/Workwork/vibe-fs/requirements/managed-session-lifecycle/tests/006.test.mjs","name":"WHAT[managed-session-lifecycle-006] THEOREM_projection_steps_enumerate_blocked_then_awakened_then_clear","fullName":"WHAT[managed-session-lifecycle-006] THEOREM_projection_steps_enumerate_blocked_then_awakened_then_clear"}
[verification-test-start] {"pid":6495,"parentPid":3820,"entryFile":"/Users/yuanxi/Workwork/vibe-fs/requirements/managed-session-lifecycle/tests/006.test.mjs","name":"WHAT[managed-session-lifecycle-006] TPOL_sessionDead_false_without_journal","fullName":"WHAT[managed-session-lifecycle-006] TPOL_sessionDead_false_without_journal"}
[verification-test-start] {"pid":6495,"parentPid":3820,"entryFile":"/Users/yuanxi/Workwork/vibe-fs/requirements/managed-session-lifecycle/tests/006.test.mjs","name":"WHAT[managed-session-lifecycle-006] TPOL_outstanding_without_durable_work_is_role_closed","fullName":"WHAT[managed-session-lifecycle-006] TPOL_outstanding_without_durable_work_is_role_closed"}
[verification-test-start] {"pid":6495,"parentPid":3820,"entryFile":"/Users/yuanxi/Workwork/vibe-fs/requirements/managed-session-lifecycle/tests/006.test.mjs","name":"WHAT[managed-session-lifecycle-006] replay cannot revive a retired Engineer handle","fullName":"WHAT[managed-session-lifecycle-006] replay cannot revive a retired Engineer handle"}
[verification-test-start] {"pid":6495,"parentPid":3820,"entryFile":"/Users/yuanxi/Workwork/vibe-fs/requirements/managed-session-lifecycle/tests/006.test.mjs","name":"WHAT[managed-session-lifecycle-006] replay cannot revive a retired DevOps handle","fullName":"WHAT[managed-session-lifecycle-006] replay cannot revive a retired DevOps handle"}
[verification-test-start] {"pid":6249,"parentPid":3820,"entryFile":"/Users/yuanxi/Workwork/vibe-fs/requirements/interaction-authority/tests/011.test.mjs","name":"WHAT[interaction-authority-011] accepted root identity and its projection agree field by field","fullName":"WHAT[interaction-authority-011] accepted root identity and its projection agree field by field"}
fatal: not a git repository (or any of the parent directories): .git
runner: file lifecycle {"entryFile":"/Users/yuanxi/Workwork/vibe-fs/requirements/managed-session-lifecycle/tests/006.test.mjs","type":"runner:file-drained","elapsedMs":10774.089125}
runner: file lifecycle {"entryFile":"/Users/yuanxi/Workwork/vibe-fs/requirements/managed-session-lifecycle/tests/011.test.mjs","pid":3820,"parentPid":3799,"type":"runner:file-start","elapsedMs":10776.809833}
[verification-test-start] {"pid":6695,"parentPid":3820,"entryFile":"/Users/yuanxi/Workwork/vibe-fs/requirements/managed-session-lifecycle/tests/010.test.mjs","name":"WHAT[managed-session-lifecycle-010] EXEC_014_host_owned_hidden_child_is_parent_invisible","fullName":"WHAT[managed-session-lifecycle-010] EXEC_014_host_owned_hidden_child_is_parent_invisible"}
runner: file lifecycle {"entryFile":"/Users/yuanxi/Workwork/vibe-fs/requirements/managed-session-lifecycle/tests/010.test.mjs","type":"runner:file-drained","elapsedMs":10830.286667}
runner: file lifecycle {"entryFile":"/Users/yuanxi/Workwork/vibe-fs/requirements/managed-session-lifecycle/tests/012.test.mjs","pid":3820,"parentPid":3799,"type":"runner:file-start","elapsedMs":10831.829833}
[verification-test-start] {"pid":6706,"parentPid":3820,"entryFile":"/Users/yuanxi/Workwork/vibe-fs/requirements/managed-session-lifecycle/tests/011.test.mjs","name":"WHAT[managed-session-lifecycle-011] missing restored child produces a replacement and closes the previous association","fullName":"WHAT[managed-session-lifecycle-011] missing restored child produces a replacement and closes the previous association"}
[verification-test-start] {"pid":6334,"parentPid":3820,"entryFile":"/Users/yuanxi/Workwork/vibe-fs/requirements/managed-chat-execution/tests/003.test.mjs","name":"WHAT[managed-chat-execution-003] rejected participant identity stops the registered Host hook before acceptance, capacity or projection","fullName":"WHAT[managed-chat-execution-003] rejected participant identity stops the registered Host hook before acceptance, capacity or projection"}
[verification-test-start] {"pid":6706,"parentPid":3820,"entryFile":"/Users/yuanxi/Workwork/vibe-fs/requirements/managed-session-lifecycle/tests/011.test.mjs","name":"WHAT[managed-session-lifecycle-011] controlled append and real crash cuts prove new-child, old-close and new-link ordering without dual active association (GAP-133)","fullName":"WHAT[managed-session-lifecycle-011] controlled append and real crash cuts prove new-child, old-close and new-link ordering without dual active association (GAP-133)"}
[verification-test-start] {"pid":6706,"parentPid":3820,"entryFile":"/Users/yuanxi/Workwork/vibe-fs/requirements/managed-session-lifecycle/tests/011.test.mjs","name":"WHAT[managed-session-lifecycle-011] HOST_014_children_query_failure_does_not_guess_or_create","fullName":"WHAT[managed-session-lifecycle-011] HOST_014_children_query_failure_does_not_guess_or_create"}
[verification-test-start] {"pid":6506,"parentPid":3820,"entryFile":"/Users/yuanxi/Workwork/vibe-fs/requirements/managed-session-lifecycle/tests/007.test.mjs","name":"WHAT[managed-session-lifecycle-007] completed work remains single-assignment before consumption","fullName":"WHAT[managed-session-lifecycle-007] completed work remains single-assignment before consumption"}
[verification-test-start] {"pid":6249,"parentPid":3820,"entryFile":"/Users/yuanxi/Workwork/vibe-fs/requirements/interaction-authority/tests/011.test.mjs","name":"WHAT[interaction-authority-011] per-physical target/lease is carried atomically in the attempt profile and survives restart (GAP-122: lease atomicity and restart replay pending — the identity-agreement test above covers the same-process projection only)","fullName":"WHAT[interaction-authority-011] per-physical target/lease is carried atomically in the attempt profile and survives restart (GAP-122: lease atomicity and restart replay pending — the identity-agreement test above covers the same-process projection only)"}
runner: file lifecycle {"entryFile":"/Users/yuanxi/Workwork/vibe-fs/requirements/managed-session-lifecycle/tests/011.test.mjs","type":"runner:file-drained","elapsedMs":10867.961167}
runner: file lifecycle {"entryFile":"/Users/yuanxi/Workwork/vibe-fs/requirements/managed-session-lifecycle/tests/013.test.mjs","pid":3820,"parentPid":3799,"type":"runner:file-start","elapsedMs":10868.622}
[verification-test-start] {"pid":6518,"parentPid":3820,"entryFile":"/Users/yuanxi/Workwork/vibe-fs/requirements/managed-session-lifecycle/tests/008.test.mjs","name":"WHAT[managed-session-lifecycle-008] concurrent exact consumers deliver a work at most once","fullName":"WHAT[managed-session-lifecycle-008] concurrent exact consumers deliver a work at most once"}
runner: file lifecycle {"entryFile":"/Users/yuanxi/Workwork/vibe-fs/requirements/interaction-authority/tests/011.test.mjs","type":"runner:file-drained","elapsedMs":10885.116708}
runner: file lifecycle {"entryFile":"/Users/yuanxi/Workwork/vibe-fs/requirements/managed-session-lifecycle/tests/014.test.mjs","pid":3820,"parentPid":3799,"type":"runner:file-start","elapsedMs":10888.241333}
[verification-test-start] {"pid":6707,"parentPid":3820,"entryFile":"/Users/yuanxi/Workwork/vibe-fs/requirements/managed-session-lifecycle/tests/012.test.mjs","name":"WHAT[managed-session-lifecycle-012] VERIFY_009_child_run_starts_active","fullName":"WHAT[managed-session-lifecycle-012] VERIFY_009_child_run_starts_active"}
[verification-test-start] {"pid":6683,"parentPid":3820,"entryFile":"/Users/yuanxi/Workwork/vibe-fs/requirements/managed-session-lifecycle/tests/009.test.mjs","name":"WHAT[managed-session-lifecycle-009] EXEC_009_HandleAbandoned_serializes_round_trip","fullName":"WHAT[managed-session-lifecycle-009] EXEC_009_HandleAbandoned_serializes_round_trip"}
[verification-test-start] {"pid":6506,"parentPid":3820,"entryFile":"/Users/yuanxi/Workwork/vibe-fs/requirements/managed-session-lifecycle/tests/007.test.mjs","name":"WHAT[managed-session-lifecycle-007] LOOP_optional_string_traversal_calls_extract_zero_for_None_once_for_Some_and_propagates_failure","fullName":"WHAT[managed-session-lifecycle-007] LOOP_optional_string_traversal_calls_extract_zero_for_None_once_for_Some_and_propagates_failure"}
[verification-test-start] {"pid":6506,"parentPid":3820,"entryFile":"/Users/yuanxi/Workwork/vibe-fs/requirements/managed-session-lifecycle/tests/007.test.mjs","name":"WHAT[managed-session-lifecycle-007] EXEC_004_the_first_completion_wins_and_later_ones_are_refused","fullName":"WHAT[managed-session-lifecycle-007] EXEC_004_the_first_completion_wins_and_later_ones_are_refused"}
[verification-test-start] {"pid":6506,"parentPid":3820,"entryFile":"/Users/yuanxi/Workwork/vibe-fs/requirements/managed-session-lifecycle/tests/007.test.mjs","name":"WHAT[managed-session-lifecycle-007] EXEC_004_each_completion_kind_survives_into_the_state","fullName":"WHAT[managed-session-lifecycle-007] EXEC_004_each_completion_kind_survives_into_the_state"}
[verification-test-start] {"pid":6506,"parentPid":3820,"entryFile":"/Users/yuanxi/Workwork/vibe-fs/requirements/managed-session-lifecycle/tests/007.test.mjs","name":"WHAT[managed-session-lifecycle-007] EXEC_004_completing_an_unknown_handle_is_refused_by_name","fullName":"WHAT[managed-session-lifecycle-007] EXEC_004_completing_an_unknown_handle_is_refused_by_name"}
[verification-test-start] {"pid":6506,"parentPid":3820,"entryFile":"/Users/yuanxi/Workwork/vibe-fs/requirements/managed-session-lifecycle/tests/007.test.mjs","name":"WHAT[managed-session-lifecycle-007] EXEC_009_completed_awaiting_join_carries_blob_refs","fullName":"WHAT[managed-session-lifecycle-007] EXEC_009_completed_awaiting_join_carries_blob_refs"}
[verification-test-start] {"pid":6506,"parentPid":3820,"entryFile":"/Users/yuanxi/Workwork/vibe-fs/requirements/managed-session-lifecycle/tests/007.test.mjs","name":"WHAT[managed-session-lifecycle-007] EXEC_009_cancelled_completion_has_no_blob","fullName":"WHAT[managed-session-lifecycle-007] EXEC_009_cancelled_completion_has_no_blob"}
[verification-test-start] {"pid":6506,"parentPid":3820,"entryFile":"/Users/yuanxi/Workwork/vibe-fs/requirements/managed-session-lifecycle/tests/007.test.mjs","name":"WHAT[managed-session-lifecycle-007] EXEC_009_fold_replays_completion_blob_refs","fullName":"WHAT[managed-session-lifecycle-007] EXEC_009_fold_replays_completion_blob_refs"}
[verification-test-start] {"pid":6506,"parentPid":3820,"entryFile":"/Users/yuanxi/Workwork/vibe-fs/requirements/managed-session-lifecycle/tests/007.test.mjs","name":"WHAT[managed-session-lifecycle-007] EXEC_009_codec_migrates_0_5_1_handle_completed_missing_blob_fields","fullName":"WHAT[managed-session-lifecycle-007] EXEC_009_codec_migrates_0_5_1_handle_completed_missing_blob_fields"}
[verification-test-start] {"pid":6707,"parentPid":3820,"entryFile":"/Users/yuanxi/Workwork/vibe-fs/requirements/managed-session-lifecycle/tests/012.test.mjs","name":"WHAT[managed-session-lifecycle-012] VERIFY_009_child_run_cancel_flips_active_and_cancelled","fullName":"WHAT[managed-session-lifecycle-012] VERIFY_009_child_run_cancel_flips_active_and_cancelled"}
[verification-test-start] {"pid":6518,"parentPid":3820,"entryFile":"/Users/yuanxi/Workwork/vibe-fs/requirements/managed-session-lifecycle/tests/008.test.mjs","name":"WHAT[managed-session-lifecycle-008] EXEC_004_join_may_only_retire_a_handle_that_actually_completed","fullName":"WHAT[managed-session-lifecycle-008] EXEC_004_join_may_only_retire_a_handle_that_actually_completed"}
[verification-test-start] {"pid":6707,"parentPid":3820,"entryFile":"/Users/yuanxi/Workwork/vibe-fs/requirements/managed-session-lifecycle/tests/012.test.mjs","name":"WHAT[managed-session-lifecycle-012] VERIFY_009_child_run_bind_session_records_child_session","fullName":"WHAT[managed-session-lifecycle-012] VERIFY_009_child_run_bind_session_records_child_session"}
[verification-test-start] {"pid":6707,"parentPid":3820,"entryFile":"/Users/yuanxi/Workwork/vibe-fs/requirements/managed-session-lifecycle/tests/012.test.mjs","name":"WHAT[managed-session-lifecycle-012] VERIFY_009_child_run_completion_cell_is_single_assignment","fullName":"WHAT[managed-session-lifecycle-012] VERIFY_009_child_run_completion_cell_is_single_assignment"}
[verification-test-start] {"pid":6707,"parentPid":3820,"entryFile":"/Users/yuanxi/Workwork/vibe-fs/requirements/managed-session-lifecycle/tests/012.test.mjs","name":"WHAT[managed-session-lifecycle-012] VERIFY_009_child_run_make_failed_carries_error_outcome","fullName":"WHAT[managed-session-lifecycle-012] VERIFY_009_child_run_make_failed_carries_error_outcome"}
[verification-test-start] {"pid":6707,"parentPid":3820,"entryFile":"/Users/yuanxi/Workwork/vibe-fs/requirements/managed-session-lifecycle/tests/012.test.mjs","name":"WHAT[managed-session-lifecycle-012] VERIFY_009_projection_status_busy_while_running","fullName":"WHAT[managed-session-lifecycle-012] VERIFY_009_projection_status_busy_while_running"}
[verification-test-start] {"pid":6707,"parentPid":3820,"entryFile":"/Users/yuanxi/Workwork/vibe-fs/requirements/managed-session-lifecycle/tests/012.test.mjs","name":"WHAT[managed-session-lifecycle-012] VERIFY_009_projection_status_closed_on_cancel_or_runtime_cancel","fullName":"WHAT[managed-session-lifecycle-012] VERIFY_009_projection_status_closed_on_cancel_or_runtime_cancel"}
[verification-test-start] {"pid":6707,"parentPid":3820,"entryFile":"/Users/yuanxi/Workwork/vibe-fs/requirements/managed-session-lifecycle/tests/012.test.mjs","name":"WHAT[managed-session-lifecycle-012] VERIFY_009_projection_status_interrupted_on_interrupt_code","fullName":"WHAT[managed-session-lifecycle-012] VERIFY_009_projection_status_interrupted_on_interrupt_code"}
[verification-test-start] {"pid":6707,"parentPid":3820,"entryFile":"/Users/yuanxi/Workwork/vibe-fs/requirements/managed-session-lifecycle/tests/012.test.mjs","name":"WHAT[managed-session-lifecycle-012] VERIFY_009_projection_status_closed_on_abandon","fullName":"WHAT[managed-session-lifecycle-012] VERIFY_009_projection_status_closed_on_abandon"}
[verification-test-start] {"pid":6518,"parentPid":3820,"entryFile":"/Users/yuanxi/Workwork/vibe-fs/requirements/managed-session-lifecycle/tests/008.test.mjs","name":"WHAT[managed-session-lifecycle-008] EXEC_009_a_replayed_completion_or_retirement_is_absorbed","fullName":"WHAT[managed-session-lifecycle-008] EXEC_009_a_replayed_completion_or_retirement_is_absorbed"}
[verification-test-start] {"pid":6707,"parentPid":3820,"entryFile":"/Users/yuanxi/Workwork/vibe-fs/requirements/managed-session-lifecycle/tests/012.test.mjs","name":"WHAT[managed-session-lifecycle-012] VERIFY_009_projection_status_idle_on_clean_completion","fullName":"WHAT[managed-session-lifecycle-012] VERIFY_009_projection_status_idle_on_clean_completion"}
[verification-test-start] {"pid":6707,"parentPid":3820,"entryFile":"/Users/yuanxi/Workwork/vibe-fs/requirements/managed-session-lifecycle/tests/012.test.mjs","name":"WHAT[managed-session-lifecycle-012] VERIFY_009_projection_status_idle_for_other_failures","fullName":"WHAT[managed-session-lifecycle-012] VERIFY_009_projection_status_idle_for_other_failures"}
[verification-test-start] {"pid":6707,"parentPid":3820,"entryFile":"/Users/yuanxi/Workwork/vibe-fs/requirements/managed-session-lifecycle/tests/012.test.mjs","name":"WHAT[managed-session-lifecycle-012] VERIFY_009_projection_to_record_running_state","fullName":"WHAT[managed-session-lifecycle-012] VERIFY_009_projection_to_record_running_state"}
[verification-test-start] {"pid":6707,"parentPid":3820,"entryFile":"/Users/yuanxi/Workwork/vibe-fs/requirements/managed-session-lifecycle/tests/012.test.mjs","name":"WHAT[managed-session-lifecycle-012] VERIFY_009_projection_to_record_interrupted_label_is_message","fullName":"WHAT[managed-session-lifecycle-012] VERIFY_009_projection_to_record_interrupted_label_is_message"}
[verification-test-start] {"pid":6707,"parentPid":3820,"entryFile":"/Users/yuanxi/Workwork/vibe-fs/requirements/managed-session-lifecycle/tests/012.test.mjs","name":"WHAT[managed-session-lifecycle-012] VERIFY_009_projection_to_record_abandoned_label_is_reason","fullName":"WHAT[managed-session-lifecycle-012] VERIFY_009_projection_to_record_abandoned_label_is_reason"}
[verification-test-start] {"pid":6707,"parentPid":3820,"entryFile":"/Users/yuanxi/Workwork/vibe-fs/requirements/managed-session-lifecycle/tests/012.test.mjs","name":"WHAT[managed-session-lifecycle-012] VERIFY_009_projection_to_record_completed_label_is_status_text","fullName":"WHAT[managed-session-lifecycle-012] VERIFY_009_projection_to_record_completed_label_is_status_text"}
[verification-test-start] {"pid":6707,"parentPid":3820,"entryFile":"/Users/yuanxi/Workwork/vibe-fs/requirements/managed-session-lifecycle/tests/012.test.mjs","name":"WHAT[managed-session-lifecycle-012] HFP_fork_pty_blank_command_is_refused","fullName":"WHAT[managed-session-lifecycle-012] HFP_fork_pty_blank_command_is_refused"}
[verification-test-start] {"pid":6707,"parentPid":3820,"entryFile":"/Users/yuanxi/Workwork/vibe-fs/requirements/managed-session-lifecycle/tests/012.test.mjs","name":"WHAT[managed-session-lifecycle-012] HFP_fork_pty_tracks_registers_and_resolves_last","fullName":"WHAT[managed-session-lifecycle-012] HFP_fork_pty_tracks_registers_and_resolves_last"}
[verification-test-start] {"pid":6518,"parentPid":3820,"entryFile":"/Users/yuanxi/Workwork/vibe-fs/requirements/managed-session-lifecycle/tests/008.test.mjs","name":"WHAT[managed-session-lifecycle-008] EXEC_004_a_retirement_without_a_completion_stops_the_replay","fullName":"WHAT[managed-session-lifecycle-008] EXEC_004_a_retirement_without_a_completion_stops_the_replay"}
[verification-test-start] {"pid":6707,"parentPid":3820,"entryFile":"/Users/yuanxi/Workwork/vibe-fs/requirements/managed-session-lifecycle/tests/012.test.mjs","name":"WHAT[managed-session-lifecycle-012] HFP_fork_pty_port_exception_untracks_and_errors","fullName":"WHAT[managed-session-lifecycle-012] HFP_fork_pty_port_exception_untracks_and_errors"}
[verification-test-start] {"pid":6683,"parentPid":3820,"entryFile":"/Users/yuanxi/Workwork/vibe-fs/requirements/managed-session-lifecycle/tests/009.test.mjs","name":"WHAT[managed-session-lifecycle-009] EXEC_009_Active_to_Abandoned_fold_and_projection","fullName":"WHAT[managed-session-lifecycle-009] EXEC_009_Active_to_Abandoned_fold_and_projection"}
[verification-test-start] {"pid":6518,"parentPid":3820,"entryFile":"/Users/yuanxi/Workwork/vibe-fs/requirements/managed-session-lifecycle/tests/008.test.mjs","name":"WHAT[managed-session-lifecycle-008] fold_refuses_unknown_fact_case","fullName":"WHAT[managed-session-lifecycle-008] fold_refuses_unknown_fact_case"}
[verification-test-start] {"pid":6707,"parentPid":3820,"entryFile":"/Users/yuanxi/Workwork/vibe-fs/requirements/managed-session-lifecycle/tests/012.test.mjs","name":"WHAT[managed-session-lifecycle-012] HFP_try_pty_unknown_string_id_is_none","fullName":"WHAT[managed-session-lifecycle-012] HFP_try_pty_unknown_string_id_is_none"}
[verification-test-start] {"pid":6707,"parentPid":3820,"entryFile":"/Users/yuanxi/Workwork/vibe-fs/requirements/managed-session-lifecycle/tests/012.test.mjs","name":"WHAT[managed-session-lifecycle-012] HFP_send_pty_unowned_id_is_unknown","fullName":"WHAT[managed-session-lifecycle-012] HFP_send_pty_unowned_id_is_unknown"}
[verification-test-start] {"pid":6707,"parentPid":3820,"entryFile":"/Users/yuanxi/Workwork/vibe-fs/requirements/managed-session-lifecycle/tests/012.test.mjs","name":"WHAT[managed-session-lifecycle-012] HFP_send_pty_owned_but_missing_on_port_is_unknown","fullName":"WHAT[managed-session-lifecycle-012] HFP_send_pty_owned_but_missing_on_port_is_unknown"}
[verification-test-start] {"pid":6518,"parentPid":3820,"entryFile":"/Users/yuanxi/Workwork/vibe-fs/requirements/managed-session-lifecycle/tests/008.test.mjs","name":"WHAT[managed-session-lifecycle-008] retirement removes completed handle from all parent views","fullName":"WHAT[managed-session-lifecycle-008] retirement removes completed handle from all parent views"}
[verification-test-start] {"pid":6683,"parentPid":3820,"entryFile":"/Users/yuanxi/Workwork/vibe-fs/requirements/managed-session-lifecycle/tests/009.test.mjs","name":"WHAT[managed-session-lifecycle-009] EXEC_009_CompletedAwaitingJoin_can_abandon","fullName":"WHAT[managed-session-lifecycle-009] EXEC_009_CompletedAwaitingJoin_can_abandon"}
[verification-test-start] {"pid":6683,"parentPid":3820,"entryFile":"/Users/yuanxi/Workwork/vibe-fs/requirements/managed-session-lifecycle/tests/009.test.mjs","name":"WHAT[managed-session-lifecycle-009] EXEC_009_Abandoned_is_not_joinable_and_cannot_complete","fullName":"WHAT[managed-session-lifecycle-009] EXEC_009_Abandoned_is_not_joinable_and_cannot_complete"}
[verification-test-start] {"pid":6707,"parentPid":3820,"entryFile":"/Users/yuanxi/Workwork/vibe-fs/requirements/managed-session-lifecycle/tests/012.test.mjs","name":"WHAT[managed-session-lifecycle-012] HFP_send_pty_signal_forwards_signal_command","fullName":"WHAT[managed-session-lifecycle-012] HFP_send_pty_signal_forwards_signal_command"}
[verification-test-start] {"pid":6518,"parentPid":3820,"entryFile":"/Users/yuanxi/Workwork/vibe-fs/requirements/managed-session-lifecycle/tests/008.test.mjs","name":"WHAT[managed-session-lifecycle-008] EXEC_009_consume_abandoned_writes_HandleRetired_second_AlreadyRetired","fullName":"WHAT[managed-session-lifecycle-008] EXEC_009_consume_abandoned_writes_HandleRetired_second_AlreadyRetired"}
[verification-test-start] {"pid":6707,"parentPid":3820,"entryFile":"/Users/yuanxi/Workwork/vibe-fs/requirements/managed-session-lifecycle/tests/012.test.mjs","name":"WHAT[managed-session-lifecycle-012] HFP_send_pty_write_forwards_write_command","fullName":"WHAT[managed-session-lifecycle-012] HFP_send_pty_write_forwards_write_command"}
[verification-test-start] {"pid":6707,"parentPid":3820,"entryFile":"/Users/yuanxi/Workwork/vibe-fs/requirements/managed-session-lifecycle/tests/012.test.mjs","name":"WHAT[managed-session-lifecycle-012] HFP_send_pty_read_with_empty_prompt","fullName":"WHAT[managed-session-lifecycle-012] HFP_send_pty_read_with_empty_prompt"}
[verification-test-start] {"pid":6683,"parentPid":3820,"entryFile":"/Users/yuanxi/Workwork/vibe-fs/requirements/managed-session-lifecycle/tests/009.test.mjs","name":"WHAT[managed-session-lifecycle-009] EXEC_009_recordAbandon_CAS_first_wins","fullName":"WHAT[managed-session-lifecycle-009] EXEC_009_recordAbandon_CAS_first_wins"}
[verification-test-start] {"pid":6518,"parentPid":3820,"entryFile":"/Users/yuanxi/Workwork/vibe-fs/requirements/managed-session-lifecycle/tests/008.test.mjs","name":"WHAT[managed-session-lifecycle-008] actual join withholds payload until retirement append confirms and survives each crash cut with one delivery (GAP-133)","fullName":"WHAT[managed-session-lifecycle-008] actual join withholds payload until retirement append confirms and survives each crash cut with one delivery (GAP-133)"}
[verification-test-start] {"pid":6707,"parentPid":3820,"entryFile":"/Users/yuanxi/Workwork/vibe-fs/requirements/managed-session-lifecycle/tests/012.test.mjs","name":"WHAT[managed-session-lifecycle-012] HFP_send_pty_port_error_propagates","fullName":"WHAT[managed-session-lifecycle-012] HFP_send_pty_port_error_propagates"}
[verification-test-start] {"pid":6707,"parentPid":3820,"entryFile":"/Users/yuanxi/Workwork/vibe-fs/requirements/managed-session-lifecycle/tests/012.test.mjs","name":"WHAT[managed-session-lifecycle-012] HFP_track_untrack_pty_run_round_trip","fullName":"WHAT[managed-session-lifecycle-012] HFP_track_untrack_pty_run_round_trip"}
[verification-test-start] {"pid":6719,"parentPid":3820,"entryFile":"/Users/yuanxi/Workwork/vibe-fs/requirements/managed-session-lifecycle/tests/013.test.mjs","name":"WHAT[managed-session-lifecycle-013] abandonment projection remains parent-visible until consumption","fullName":"WHAT[managed-session-lifecycle-013] abandonment projection remains parent-visible until consumption"}
runner: file lifecycle {"entryFile":"/Users/yuanxi/Workwork/vibe-fs/requirements/managed-session-lifecycle/tests/012.test.mjs","type":"runner:file-drained","elapsedMs":11112.969708}
runner: file lifecycle {"entryFile":"/Users/yuanxi/Workwork/vibe-fs/requirements/managed-session-lifecycle/tests/015.test.mjs","pid":3820,"parentPid":3799,"type":"runner:file-start","elapsedMs":11113.808417}
[verification-test-start] {"pid":6506,"parentPid":3820,"entryFile":"/Users/yuanxi/Workwork/vibe-fs/requirements/managed-session-lifecycle/tests/007.test.mjs","name":"WHAT[managed-session-lifecycle-007] every completion race preserves the first production winner","fullName":"WHAT[managed-session-lifecycle-007] every completion race preserves the first production winner"}
[verification-test-start] {"pid":6506,"parentPid":3820,"entryFile":"/Users/yuanxi/Workwork/vibe-fs/requirements/managed-session-lifecycle/tests/007.test.mjs","name":"WHAT[managed-session-lifecycle-007] THEOREM_handle_completed_causally_awakens_joinable","fullName":"WHAT[managed-session-lifecycle-007] THEOREM_handle_completed_causally_awakens_joinable"}
[verification-test-start] {"pid":6506,"parentPid":3820,"entryFile":"/Users/yuanxi/Workwork/vibe-fs/requirements/managed-session-lifecycle/tests/007.test.mjs","name":"WHAT[managed-session-lifecycle-007] folding linked and completed facts exposes a joinable handle","fullName":"WHAT[managed-session-lifecycle-007] folding linked and completed facts exposes a joinable handle"}
[verification-test-start] {"pid":6506,"parentPid":3820,"entryFile":"/Users/yuanxi/Workwork/vibe-fs/requirements/managed-session-lifecycle/tests/007.test.mjs","name":"WHAT[managed-session-lifecycle-007] replayed link cannot reopen the completed cell for a different winner","fullName":"WHAT[managed-session-lifecycle-007] replayed link cannot reopen the completed cell for a different winner"}
runner: file lifecycle {"entryFile":"/Users/yuanxi/Workwork/vibe-fs/requirements/managed-session-lifecycle/tests/007.test.mjs","type":"runner:file-drained","elapsedMs":11173.903125}
runner: file lifecycle {"entryFile":"/Users/yuanxi/Workwork/vibe-fs/requirements/managed-session-lifecycle/tests/016.test.mjs","pid":3820,"parentPid":3799,"type":"runner:file-start","elapsedMs":11175.543083}
runner: file lifecycle {"entryFile":"/Users/yuanxi/Workwork/vibe-fs/requirements/managed-chat-execution/tests/003.test.mjs","type":"runner:file-drained","elapsedMs":11203.928208}
runner: file lifecycle {"entryFile":"/Users/yuanxi/Workwork/vibe-fs/requirements/managed-session-lifecycle/tests/017.test.mjs","pid":3820,"parentPid":3799,"type":"runner:file-start","elapsedMs":11205.917125}
[verification-test-start] {"pid":6376,"parentPid":3820,"entryFile":"/Users/yuanxi/Workwork/vibe-fs/requirements/managed-chat-execution/tests/010.test.mjs","name":"WHAT[managed-chat-execution-010] actual Host session deletion settles every admitted key and preserves another session","fullName":"WHAT[managed-chat-execution-010] actual Host session deletion settles every admitted key and preserves another session"}
[verification-test-start] {"pid":6720,"parentPid":3820,"entryFile":"/Users/yuanxi/Workwork/vibe-fs/requirements/managed-session-lifecycle/tests/014.test.mjs","name":"WHAT[managed-session-lifecycle-014] G6_deleted_delegate_child_retires_live_binding_but_survives_for_owner_scope_close","fullName":"WHAT[managed-session-lifecycle-014] G6_deleted_delegate_child_retires_live_binding_but_survives_for_owner_scope_close"}
[verification-test-start] {"pid":6732,"parentPid":3820,"entryFile":"/Users/yuanxi/Workwork/vibe-fs/requirements/managed-session-lifecycle/tests/016.test.mjs","name":"WHAT[managed-session-lifecycle-016] Sessions adapter rejects root attempt interrupt and physically aborts a managed child exactly once","fullName":"WHAT[managed-session-lifecycle-016] Sessions adapter rejects root attempt interrupt and physically aborts a managed child exactly once"}
[verification-test-start] {"pid":6732,"parentPid":3820,"entryFile":"/Users/yuanxi/Workwork/vibe-fs/requirements/managed-session-lifecycle/tests/016.test.mjs","name":"WHAT[managed-session-lifecycle-016] managed interrupt returns the held Host rejection after one AbortSession attempt","fullName":"WHAT[managed-session-lifecycle-016] managed interrupt returns the held Host rejection after one AbortSession attempt"}
[verification-test-start] {"pid":6733,"parentPid":3820,"entryFile":"/Users/yuanxi/Workwork/vibe-fs/requirements/managed-session-lifecycle/tests/017.test.mjs","name":"WHAT[managed-session-lifecycle-017] actual termination waits for descendant drain and Host outcome before exact Failed, Host rejection=false","fullName":"WHAT[managed-session-lifecycle-017] actual termination waits for descendant drain and Host outcome before exact Failed, Host rejection=false"}
[verification-test-start] {"pid":6732,"parentPid":3820,"entryFile":"/Users/yuanxi/Workwork/vibe-fs/requirements/managed-session-lifecycle/tests/016.test.mjs","name":"WHAT[managed-session-lifecycle-016] already-terminal attempt interrupt is Ok and issues transport abort for root session","fullName":"WHAT[managed-session-lifecycle-016] already-terminal attempt interrupt is Ok and issues transport abort for root session"}
[verification-test-start] {"pid":6733,"parentPid":3820,"entryFile":"/Users/yuanxi/Workwork/vibe-fs/requirements/managed-session-lifecycle/tests/017.test.mjs","name":"WHAT[managed-session-lifecycle-017] actual termination waits for descendant drain and Host outcome before exact Failed, Host rejection=true","fullName":"WHAT[managed-session-lifecycle-017] actual termination waits for descendant drain and Host outcome before exact Failed, Host rejection=true"}
[verification-test-start] {"pid":6733,"parentPid":3820,"entryFile":"/Users/yuanxi/Workwork/vibe-fs/requirements/managed-session-lifecycle/tests/017.test.mjs","name":"WHAT[managed-session-lifecycle-017] real successor workflows and parent listeners reject missing or wrong Authority Root without orphaning parent wait (GAP-133)","fullName":"WHAT[managed-session-lifecycle-017] real successor workflows and parent listeners reject missing or wrong Authority Root without orphaning parent wait (GAP-133)"}
runner: file lifecycle {"entryFile":"/Users/yuanxi/Workwork/vibe-fs/requirements/managed-session-lifecycle/tests/016.test.mjs","type":"runner:file-drained","elapsedMs":11325.322958}
runner: file lifecycle {"entryFile":"/Users/yuanxi/Workwork/vibe-fs/requirements/managed-session-lifecycle/tests/018.test.mjs","pid":3820,"parentPid":3799,"type":"runner:file-start","elapsedMs":11326.690625000001}
runner: file lifecycle {"entryFile":"/Users/yuanxi/Workwork/vibe-fs/requirements/managed-session-lifecycle/tests/017.test.mjs","type":"runner:file-drained","elapsedMs":11328.164958}
runner: file lifecycle {"entryFile":"/Users/yuanxi/Workwork/vibe-fs/requirements/managed-session-lifecycle/tests/019.test.mjs","pid":3820,"parentPid":3799,"type":"runner:file-start","elapsedMs":11329.611083}
[verification-test-start] {"pid":6683,"parentPid":3820,"entryFile":"/Users/yuanxi/Workwork/vibe-fs/requirements/managed-session-lifecycle/tests/009.test.mjs","name":"WHAT[managed-session-lifecycle-009] an unscoped historical binding cannot authorize a new abandonment","fullName":"WHAT[managed-session-lifecycle-009] an unscoped historical binding cannot authorize a new abandonment"}
[verification-test-start] {"pid":6683,"parentPid":3820,"entryFile":"/Users/yuanxi/Workwork/vibe-fs/requirements/managed-session-lifecycle/tests/009.test.mjs","name":"WHAT[managed-session-lifecycle-009] public scoped work snapshot is lossless JSON data","fullName":"WHAT[managed-session-lifecycle-009] public scoped work snapshot is lossless JSON data"}
HOOK CHAT MESSAGE FAILED: ChatAdmissionHookException {
  message: 'Managed chat admission failed: TransactionFailed (LeaseCommitFailed (Conflict, Settled Conflict))',
  innerException: undefined,
  failure: ChatAdmissionHookFailure {
    tag: 1,
    fields: [ [ChatAdmissionTransactionError] ]
  },
  executionKey: ChatExecutionKey {
    SessionId: SessionId { tag: 0, fields: [Array] },
    PhysicalUserMessageId: PhysicalUserMessageId { tag: 0, fields: [Array] }
  }
}
[verification-test-start] {"pid":6731,"parentPid":3820,"entryFile":"/Users/yuanxi/Workwork/vibe-fs/requirements/managed-session-lifecycle/tests/015.test.mjs","name":"WHAT[managed-session-lifecycle-015] actual admissions and replay retain exact handle child participant binding","fullName":"WHAT[managed-session-lifecycle-015] actual admissions and replay retain exact handle child participant binding"}
[verification-test-start] {"pid":6719,"parentPid":3820,"entryFile":"/Users/yuanxi/Workwork/vibe-fs/requirements/managed-session-lifecycle/tests/013.test.mjs","name":"WHAT[managed-session-lifecycle-013] retirement projection removes the handle from parent horizon","fullName":"WHAT[managed-session-lifecycle-013] retirement projection removes the handle from parent horizon"}
[verification-test-start] {"pid":6719,"parentPid":3820,"entryFile":"/Users/yuanxi/Workwork/vibe-fs/requirements/managed-session-lifecycle/tests/013.test.mjs","name":"WHAT[managed-session-lifecycle-013] active projection retains its child identity","fullName":"WHAT[managed-session-lifecycle-013] active projection retains its child identity"}
[verification-test-start] {"pid":6719,"parentPid":3820,"entryFile":"/Users/yuanxi/Workwork/vibe-fs/requirements/managed-session-lifecycle/tests/013.test.mjs","name":"WHAT[managed-session-lifecycle-013] actual restart re-enlists durable visible handles and a failed recovery commit blocks readiness (GAP-133)","fullName":"WHAT[managed-session-lifecycle-013] actual restart re-enlists durable visible handles and a failed recovery commit blocks readiness (GAP-133)"}
[verification-test-start] {"pid":6719,"parentPid":3820,"entryFile":"/Users/yuanxi/Workwork/vibe-fs/requirements/managed-session-lifecycle/tests/013.test.mjs","name":"WHAT[managed-session-lifecycle-013] a stale-projection consumer is arbitrated by the durable consumption tombstone, not its own fold","fullName":"WHAT[managed-session-lifecycle-013] a stale-projection consumer is arbitrated by the durable consumption tombstone, not its own fold"}
runner: file lifecycle {"entryFile":"/Users/yuanxi/Workwork/vibe-fs/requirements/managed-session-lifecycle/tests/008.test.mjs","type":"runner:file-drained","elapsedMs":11549.537208}
runner: file lifecycle {"entryFile":"/Users/yuanxi/Workwork/vibe-fs/requirements/managed-session-lifecycle/tests/020.test.mjs","pid":3820,"parentPid":3799,"type":"runner:file-start","elapsedMs":11550.777042}
[verification-test-start] {"pid":6683,"parentPid":3820,"entryFile":"/Users/yuanxi/Workwork/vibe-fs/requirements/managed-session-lifecycle/tests/009.test.mjs","name":"WHAT[managed-session-lifecycle-009] EXEC_009_fold_replays_HandleAbandoned_idempotent","fullName":"WHAT[managed-session-lifecycle-009] EXEC_009_fold_replays_HandleAbandoned_idempotent"}
[verification-test-start] {"pid":6683,"parentPid":3820,"entryFile":"/Users/yuanxi/Workwork/vibe-fs/requirements/managed-session-lifecycle/tests/009.test.mjs","name":"WHAT[managed-session-lifecycle-009] EXEC_009_retire_tombstone_unaffected_by_abandon_path","fullName":"WHAT[managed-session-lifecycle-009] EXEC_009_retire_tombstone_unaffected_by_abandon_path"}
[verification-test-start] {"pid":6683,"parentPid":3820,"entryFile":"/Users/yuanxi/Workwork/vibe-fs/requirements/managed-session-lifecycle/tests/009.test.mjs","name":"WHAT[managed-session-lifecycle-009] EXEC_009_projection_CAS_duplicate_abandon_refused","fullName":"WHAT[managed-session-lifecycle-009] EXEC_009_projection_CAS_duplicate_abandon_refused"}
[verification-test-start] {"pid":6683,"parentPid":3820,"entryFile":"/Users/yuanxi/Workwork/vibe-fs/requirements/managed-session-lifecycle/tests/009.test.mjs","name":"WHAT[managed-session-lifecycle-009] EXEC_009_parent_abort_needs_the_handles_themselves_not_a_count","fullName":"WHAT[managed-session-lifecycle-009] EXEC_009_parent_abort_needs_the_handles_themselves_not_a_count"}
[verification-test-start] {"pid":6683,"parentPid":3820,"entryFile":"/Users/yuanxi/Workwork/vibe-fs/requirements/managed-session-lifecycle/tests/009.test.mjs","name":"WHAT[managed-session-lifecycle-009] EXEC_009_abandoned_retire_clears_reportable_single_report","fullName":"WHAT[managed-session-lifecycle-009] EXEC_009_abandoned_retire_clears_reportable_single_report"}
[verification-test-start] {"pid":6683,"parentPid":3820,"entryFile":"/Users/yuanxi/Workwork/vibe-fs/requirements/managed-session-lifecycle/tests/009.test.mjs","name":"WHAT[managed-session-lifecycle-009] authorized parent termination awaits every durable abandonment and held physical child cleanup before publishing parent terminal (GAP-133)","fullName":"WHAT[managed-session-lifecycle-009] authorized parent termination awaits every durable abandonment and held physical child cleanup before publishing parent terminal (GAP-133)"}
[verification-test-start] {"pid":6683,"parentPid":3820,"entryFile":"/Users/yuanxi/Workwork/vibe-fs/requirements/managed-session-lifecycle/tests/009.test.mjs","name":"WHAT[managed-session-lifecycle-009] G2_delegate_cancel_owner_fails_pending_invoke_no_extra_child","fullName":"WHAT[managed-session-lifecycle-009] G2_delegate_cancel_owner_fails_pending_invoke_no_extra_child"}
[verification-test-start] {"pid":6781,"parentPid":3820,"entryFile":"/Users/yuanxi/Workwork/vibe-fs/requirements/managed-session-lifecycle/tests/020.test.mjs","name":"WHAT[managed-session-lifecycle-020] public plugin rejects an active identity conflict and retains the new identity after Manager life completion and journal reopen","fullName":"WHAT[managed-session-lifecycle-020] public plugin rejects an active identity conflict and retains the new identity after Manager life completion and journal reopen"}
runner: file lifecycle {"entryFile":"/Users/yuanxi/Workwork/vibe-fs/requirements/managed-session-lifecycle/tests/014.test.mjs","type":"runner:file-drained","elapsedMs":11663.421333}
runner: file lifecycle {"entryFile":"/Users/yuanxi/Workwork/vibe-fs/requirements/managed-session-lifecycle/tests/021.test.mjs","pid":3820,"parentPid":3799,"type":"runner:file-start","elapsedMs":11664.861458}
runner: file lifecycle {"entryFile":"/Users/yuanxi/Workwork/vibe-fs/requirements/managed-session-lifecycle/tests/009.test.mjs","type":"runner:file-drained","elapsedMs":11676.900583}
runner: file lifecycle {"entryFile":"/Users/yuanxi/Workwork/vibe-fs/requirements/managed-session-lifecycle/tests/022.test.mjs","pid":3820,"parentPid":3799,"type":"runner:file-start","elapsedMs":11679.852208}
[verification-test-start] {"pid":6757,"parentPid":3820,"entryFile":"/Users/yuanxi/Workwork/vibe-fs/requirements/managed-session-lifecycle/tests/019.test.mjs","name":"WHAT[managed-session-lifecycle-019] recovery interpreter requests exact reconciliation for held terminal resources","fullName":"WHAT[managed-session-lifecycle-019] recovery interpreter requests exact reconciliation for held terminal resources"}
[verification-test-start] {"pid":6783,"parentPid":3820,"entryFile":"/Users/yuanxi/Workwork/vibe-fs/requirements/managed-session-lifecycle/tests/021.test.mjs","name":"WHAT[managed-session-lifecycle-021] actual delete and observation incidents await exact settlement, child drain and durable closure before the injected fatal capability (GAP-133)","fullName":"WHAT[managed-session-lifecycle-021] actual delete and observation incidents await exact settlement, child drain and durable closure before the injected fatal capability (GAP-133)"}
[verification-test-start] {"pid":6783,"parentPid":3820,"entryFile":"/Users/yuanxi/Workwork/vibe-fs/requirements/managed-session-lifecycle/tests/021.test.mjs","name":"WHAT[managed-session-lifecycle-021] repeated lifecycle incident reports and kills once, while detach never requests fatal or fabricates terminal facts (GAP-133)","fullName":"WHAT[managed-session-lifecycle-021] repeated lifecycle incident reports and kills once, while detach never requests fatal or fabricates terminal facts (GAP-133)"}
[verification-test-start] {"pid":6757,"parentPid":3820,"entryFile":"/Users/yuanxi/Workwork/vibe-fs/requirements/managed-session-lifecycle/tests/019.test.mjs","name":"WHAT[managed-session-lifecycle-019] actual session delete waits for every exact terminal commit and capacity release before completing (GAP-126)","fullName":"WHAT[managed-session-lifecycle-019] actual session delete waits for every exact terminal commit and capacity release before completing (GAP-126)"}
runner: file lifecycle {"entryFile":"/Users/yuanxi/Workwork/vibe-fs/requirements/managed-session-lifecycle/tests/021.test.mjs","type":"runner:file-drained","elapsedMs":11708.074875}
runner: file lifecycle {"entryFile":"/Users/yuanxi/Workwork/vibe-fs/requirements/managed-session-lifecycle/tests/023.test.mjs","pid":3820,"parentPid":3799,"type":"runner:file-start","elapsedMs":11709.223292}
runner: file lifecycle {"entryFile":"/Users/yuanxi/Workwork/vibe-fs/requirements/managed-chat-execution/tests/010.test.mjs","type":"runner:file-drained","elapsedMs":11726.767458}
runner: file lifecycle {"entryFile":"/Users/yuanxi/Workwork/vibe-fs/requirements/managed-session-lifecycle/tests/024.test.mjs","pid":3820,"parentPid":3799,"type":"runner:file-start","elapsedMs":11729.316417}
[verification-test-start] {"pid":6785,"parentPid":3820,"entryFile":"/Users/yuanxi/Workwork/vibe-fs/requirements/managed-session-lifecycle/tests/023.test.mjs","name":"WHAT[managed-session-lifecycle-023] production identity resolution rejects legacy names without promoting them","fullName":"WHAT[managed-session-lifecycle-023] production identity resolution rejects legacy names without promoting them"}
[verification-test-start] {"pid":6785,"parentPid":3820,"entryFile":"/Users/yuanxi/Workwork/vibe-fs/requirements/managed-session-lifecycle/tests/023.test.mjs","name":"WHAT[managed-session-lifecycle-023] discovering a historical active role through recovery durably retires it and drains resources without upgrading authority (GAP-133, GAP-124)","fullName":"WHAT[managed-session-lifecycle-023] discovering a historical active role through recovery durably retires it and drains resources without upgrading authority (GAP-133, GAP-124)"}
[verification-test-start] {"pid":6719,"parentPid":3820,"entryFile":"/Users/yuanxi/Workwork/vibe-fs/requirements/managed-session-lifecycle/tests/013.test.mjs","name":"WHAT[managed-session-lifecycle-013] parent projection filters hidden handles before recovery selection","fullName":"WHAT[managed-session-lifecycle-013] parent projection filters hidden handles before recovery selection"}
[verification-test-start] {"pid":6719,"parentPid":3820,"entryFile":"/Users/yuanxi/Workwork/vibe-fs/requirements/managed-session-lifecycle/tests/013.test.mjs","name":"WHAT[managed-session-lifecycle-013] session_recovery_contract_authorizes_family_without_physical_handle_leaks","fullName":"WHAT[managed-session-lifecycle-013] session_recovery_contract_authorizes_family_without_physical_handle_leaks"}
runner: file lifecycle {"entryFile":"/Users/yuanxi/Workwork/vibe-fs/requirements/managed-session-lifecycle/tests/023.test.mjs","type":"runner:file-drained","elapsedMs":11799.067292}
runner: file lifecycle {"entryFile":"/Users/yuanxi/Workwork/vibe-fs/requirements/managed-session-lifecycle/tests/025.test.mjs","pid":3820,"parentPid":3799,"type":"runner:file-start","elapsedMs":11801.801083}
[verification-test-start] {"pid":6786,"parentPid":3820,"entryFile":"/Users/yuanxi/Workwork/vibe-fs/requirements/managed-session-lifecycle/tests/024.test.mjs","name":"WHAT[managed-session-lifecycle-024] active DevOps handle rejects a second physical binding in the production projection","fullName":"WHAT[managed-session-lifecycle-024] active DevOps handle rejects a second physical binding in the production projection"}
runner: file lifecycle {"entryFile":"/Users/yuanxi/Workwork/vibe-fs/requirements/managed-session-lifecycle/tests/013.test.mjs","type":"runner:file-drained","elapsedMs":11807.849167}
runner: file lifecycle {"entryFile":"/Users/yuanxi/Workwork/vibe-fs/requirements/provider-attempt-recovery/tests/001.test.mjs","pid":3820,"parentPid":3799,"type":"runner:file-start","elapsedMs":11808.62825}
[verification-test-start] {"pid":6786,"parentPid":3820,"entryFile":"/Users/yuanxi/Workwork/vibe-fs/requirements/managed-session-lifecycle/tests/024.test.mjs","name":"WHAT[managed-session-lifecycle-024] road projection retains the supplied logical operator and model binding","fullName":"WHAT[managed-session-lifecycle-024] road projection retains the supplied logical operator and model binding"}
[verification-test-start] {"pid":6756,"parentPid":3820,"entryFile":"/Users/yuanxi/Workwork/vibe-fs/requirements/managed-session-lifecycle/tests/018.test.mjs","name":"WHAT[managed-session-lifecycle-018] actual tool runtime detach preserves durable Active child without physical abort","fullName":"WHAT[managed-session-lifecycle-018] actual tool runtime detach preserves durable Active child without physical abort"}
[verification-test-start] {"pid":6786,"parentPid":3820,"entryFile":"/Users/yuanxi/Workwork/vibe-fs/requirements/managed-session-lifecycle/tests/024.test.mjs","name":"WHAT[managed-session-lifecycle-024] actual DevOps crash recovery keeps one executable authority, fixed Persona/model, avoids command replay and drains real PTYs (GAP-133, GAP-129)","fullName":"WHAT[managed-session-lifecycle-024] actual DevOps crash recovery keeps one executable authority, fixed Persona/model, avoids command replay and drains real PTYs (GAP-133, GAP-129)"}
HOOK CHAT MESSAGE FAILED: ChatAdmissionHookException {
  message: 'Managed chat admission failed: TransactionFailed (LeaseCommitFailed (Conflict, Settled Conflict))',
  innerException: undefined,
  failure: ChatAdmissionHookFailure {
    tag: 1,
    fields: [ [ChatAdmissionTransactionError] ]
  },
  executionKey: ChatExecutionKey {
    SessionId: SessionId { tag: 0, fields: [Array] },
    PhysicalUserMessageId: PhysicalUserMessageId { tag: 0, fields: [Array] }
  }
}
runner: file lifecycle {"entryFile":"/Users/yuanxi/Workwork/vibe-fs/requirements/managed-session-lifecycle/tests/024.test.mjs","type":"runner:file-drained","elapsedMs":11856.266542}
runner: file lifecycle {"entryFile":"/Users/yuanxi/Workwork/vibe-fs/requirements/provider-attempt-recovery/tests/002.test.mjs","pid":3820,"parentPid":3799,"type":"runner:file-start","elapsedMs":11858.181333}
runner: file lifecycle {"entryFile":"/Users/yuanxi/Workwork/vibe-fs/requirements/managed-chat-execution/tests/005.test.mjs","type":"runner:file-drained","elapsedMs":11871.560708}
runner: file lifecycle {"entryFile":"/Users/yuanxi/Workwork/vibe-fs/requirements/provider-attempt-recovery/tests/003.test.mjs","pid":3820,"parentPid":3799,"type":"runner:file-start","elapsedMs":11871.744125000001}
[verification-test-start] {"pid":6784,"parentPid":3820,"entryFile":"/Users/yuanxi/Workwork/vibe-fs/requirements/managed-session-lifecycle/tests/022.test.mjs","name":"WHAT[managed-session-lifecycle-022] CASE_SETTLE_uncommitted_finalize_does_not_publish_a_case","fullName":"WHAT[managed-session-lifecycle-022] CASE_SETTLE_uncommitted_finalize_does_not_publish_a_case"}
[verification-test-start] {"pid":6789,"parentPid":3820,"entryFile":"/Users/yuanxi/Workwork/vibe-fs/requirements/provider-attempt-recovery/tests/002.test.mjs","name":"WHAT[provider-attempt-recovery-002] legacy_fallback_bytes_decode_one_way_and_never_re_encode_offsets","fullName":"WHAT[provider-attempt-recovery-002] legacy_fallback_bytes_decode_one_way_and_never_re_encode_offsets"}
[verification-test-start] {"pid":6731,"parentPid":3820,"entryFile":"/Users/yuanxi/Workwork/vibe-fs/requirements/managed-session-lifecycle/tests/015.test.mjs","name":"WHAT[managed-session-lifecycle-015] a bare Root string is not work admission in the production fold","fullName":"WHAT[managed-session-lifecycle-015] a bare Root string is not work admission in the production fold"}
[verification-test-start] {"pid":6731,"parentPid":3820,"entryFile":"/Users/yuanxi/Workwork/vibe-fs/requirements/managed-session-lifecycle/tests/015.test.mjs","name":"WHAT[managed-session-lifecycle-015] a retired DevOps link is not permanent-loss proof for physical replacement","fullName":"WHAT[managed-session-lifecycle-015] a retired DevOps link is not permanent-loss proof for physical replacement"}
[verification-test-start] {"pid":6731,"parentPid":3820,"entryFile":"/Users/yuanxi/Workwork/vibe-fs/requirements/managed-session-lifecycle/tests/015.test.mjs","name":"WHAT[managed-session-lifecycle-015] EXEC_009_only_an_agent_handle_answers_the_agent_question","fullName":"WHAT[managed-session-lifecycle-015] EXEC_009_only_an_agent_handle_answers_the_agent_question"}
[verification-test-start] {"pid":6731,"parentPid":3820,"entryFile":"/Users/yuanxi/Workwork/vibe-fs/requirements/managed-session-lifecycle/tests/015.test.mjs","name":"WHAT[managed-session-lifecycle-015] EXEC_009_a_linked_handle_records_the_child_session_it_drives","fullName":"WHAT[managed-session-lifecycle-015] EXEC_009_a_linked_handle_records_the_child_session_it_drives"}
[verification-test-start] {"pid":6731,"parentPid":3820,"entryFile":"/Users/yuanxi/Workwork/vibe-fs/requirements/managed-session-lifecycle/tests/015.test.mjs","name":"WHAT[managed-session-lifecycle-015] EXEC_009_replaying_the_exact_live_link_is_idempotent","fullName":"WHAT[managed-session-lifecycle-015] EXEC_009_replaying_the_exact_live_link_is_idempotent"}
[verification-test-start] {"pid":6731,"parentPid":3820,"entryFile":"/Users/yuanxi/Workwork/vibe-fs/requirements/managed-session-lifecycle/tests/015.test.mjs","name":"WHAT[managed-session-lifecycle-015] EXEC_009_one_durable_handle_cannot_be_rebound_to_another_child","fullName":"WHAT[managed-session-lifecycle-015] EXEC_009_one_durable_handle_cannot_be_rebound_to_another_child"}
[verification-test-start] {"pid":6731,"parentPid":3820,"entryFile":"/Users/yuanxi/Workwork/vibe-fs/requirements/managed-session-lifecycle/tests/015.test.mjs","name":"WHAT[managed-session-lifecycle-015] EXEC_009_a_completion_for_a_handle_that_was_never_linked_stops_the_replay","fullName":"WHAT[managed-session-lifecycle-015] EXEC_009_a_completion_for_a_handle_that_was_never_linked_stops_the_replay"}
[verification-test-start] {"pid":6731,"parentPid":3820,"entryFile":"/Users/yuanxi/Workwork/vibe-fs/requirements/managed-session-lifecycle/tests/015.test.mjs","name":"WHAT[managed-session-lifecycle-015] EXEC_018_creation_order_follows_HandleLinked_fold_sequence","fullName":"WHAT[managed-session-lifecycle-015] EXEC_018_creation_order_follows_HandleLinked_fold_sequence"}
[verification-test-start] {"pid":6784,"parentPid":3820,"entryFile":"/Users/yuanxi/Workwork/vibe-fs/requirements/managed-session-lifecycle/tests/022.test.mjs","name":"WHAT[managed-session-lifecycle-022] archive commits once and duplicate finalize creates no second Bookkeeper child","fullName":"WHAT[managed-session-lifecycle-022] archive commits once and duplicate finalize creates no second Bookkeeper child"}
[verification-test-start] {"pid":6731,"parentPid":3820,"entryFile":"/Users/yuanxi/Workwork/vibe-fs/requirements/managed-session-lifecycle/tests/015.test.mjs","name":"WHAT[managed-session-lifecycle-015] TPOL_linked_child_keeps_exact_handle_and_target","fullName":"WHAT[managed-session-lifecycle-015] TPOL_linked_child_keeps_exact_handle_and_target"}
[verification-test-start] {"pid":6731,"parentPid":3820,"entryFile":"/Users/yuanxi/Workwork/vibe-fs/requirements/managed-session-lifecycle/tests/015.test.mjs","name":"WHAT[managed-session-lifecycle-015] actual recovered fork uses its runtime Agent ID handle and rebinds the same physical child (GAP-133)","fullName":"WHAT[managed-session-lifecycle-015] actual recovered fork uses its runtime Agent ID handle and rebinds the same physical child (GAP-133)"}
[verification-test-start] {"pid":6787,"parentPid":3820,"entryFile":"/Users/yuanxi/Workwork/vibe-fs/requirements/managed-session-lifecycle/tests/025.test.mjs","name":"WHAT[managed-session-lifecycle-025] controlled PTY port completion clears actual HostForkRuntime ownership and name bookkeeping","fullName":"WHAT[managed-session-lifecycle-025] controlled PTY port completion clears actual HostForkRuntime ownership and name bookkeeping"}
[verification-test-start] {"pid":6787,"parentPid":3820,"entryFile":"/Users/yuanxi/Workwork/vibe-fs/requirements/managed-session-lifecycle/tests/025.test.mjs","name":"WHAT[managed-session-lifecycle-025] DevOps run terminal settlement closes every PTY the DevOps child owns at the port boundary","fullName":"WHAT[managed-session-lifecycle-025] DevOps run terminal settlement closes every PTY the DevOps child owns at the port boundary"}
[verification-test-start] {"pid":6756,"parentPid":3820,"entryFile":"/Users/yuanxi/Workwork/vibe-fs/requirements/managed-session-lifecycle/tests/018.test.mjs","name":"WHAT[managed-session-lifecycle-018] real TurnAborted, retry, Fission and unknown stops preserve durable handles and permit re-enlist after process restart (GAP-133)","fullName":"WHAT[managed-session-lifecycle-018] real TurnAborted, retry, Fission and unknown stops preserve durable handles and permit re-enlist after process restart (GAP-133)"}
[verification-test-start] {"pid":6788,"parentPid":3820,"entryFile":"/Users/yuanxi/Workwork/vibe-fs/requirements/provider-attempt-recovery/tests/001.test.mjs","name":"WHAT[provider-attempt-recovery-001] an_accepted_authority_root_creates_the_budget","fullName":"WHAT[provider-attempt-recovery-001] an_accepted_authority_root_creates_the_budget"}
[verification-test-start] {"pid":6788,"parentPid":3820,"entryFile":"/Users/yuanxi/Workwork/vibe-fs/requirements/provider-attempt-recovery/tests/001.test.mjs","name":"WHAT[provider-attempt-recovery-001] a_record_with_no_accepted_root_stops_the_replay","fullName":"WHAT[provider-attempt-recovery-001] a_record_with_no_accepted_root_stops_the_replay"}
[verification-test-start] {"pid":6788,"parentPid":3820,"entryFile":"/Users/yuanxi/Workwork/vibe-fs/requirements/provider-attempt-recovery/tests/001.test.mjs","name":"WHAT[provider-attempt-recovery-001] an_active_authority_root_must_close_before_replacement","fullName":"WHAT[provider-attempt-recovery-001] an_active_authority_root_must_close_before_replacement"}
[verification-test-start] {"pid":6784,"parentPid":3820,"entryFile":"/Users/yuanxi/Workwork/vibe-fs/requirements/managed-session-lifecycle/tests/022.test.mjs","name":"WHAT[managed-session-lifecycle-022] no draft finalizes successfully without creating a Bookkeeper child","fullName":"WHAT[managed-session-lifecycle-022] no draft finalizes successfully without creating a Bookkeeper child"}
[verification-test-start] {"pid":6788,"parentPid":3820,"entryFile":"/Users/yuanxi/Workwork/vibe-fs/requirements/provider-attempt-recovery/tests/001.test.mjs","name":"WHAT[provider-attempt-recovery-001] no_active_run_records_nothing_and_writes_no_fact","fullName":"WHAT[provider-attempt-recovery-001] no_active_run_records_nothing_and_writes_no_fact"}
[verification-test-start] {"pid":6788,"parentPid":3820,"entryFile":"/Users/yuanxi/Workwork/vibe-fs/requirements/provider-attempt-recovery/tests/001.test.mjs","name":"WHAT[provider-attempt-recovery-001] separate authority projections keep independent counts","fullName":"WHAT[provider-attempt-recovery-001] separate authority projections keep independent counts"}
[verification-test-start] {"pid":6790,"parentPid":3820,"entryFile":"/Users/yuanxi/Workwork/vibe-fs/requirements/provider-attempt-recovery/tests/003.test.mjs","name":"WHAT[provider-attempt-recovery-003] the_same_attempt_observed_twice_advances_once","fullName":"WHAT[provider-attempt-recovery-003] the_same_attempt_observed_twice_advances_once"}
runner: file lifecycle {"entryFile":"/Users/yuanxi/Workwork/vibe-fs/requirements/provider-attempt-recovery/tests/001.test.mjs","type":"runner:file-drained","elapsedMs":12138.669750000001}
runner: file lifecycle {"entryFile":"/Users/yuanxi/Workwork/vibe-fs/requirements/provider-attempt-recovery/tests/004.test.mjs","pid":3820,"parentPid":3799,"type":"runner:file-start","elapsedMs":12140.886333}
[verification-test-start] {"pid":6789,"parentPid":3820,"entryFile":"/Users/yuanxi/Workwork/vibe-fs/requirements/provider-attempt-recovery/tests/002.test.mjs","name":"WHAT[provider-attempt-recovery-002] a_fresh_budget_starts_at_zero_with_no_budget_spent","fullName":"WHAT[provider-attempt-recovery-002] a_fresh_budget_starts_at_zero_with_no_budget_spent"}
[verification-test-start] {"pid":6789,"parentPid":3820,"entryFile":"/Users/yuanxi/Workwork/vibe-fs/requirements/provider-attempt-recovery/tests/002.test.mjs","name":"WHAT[provider-attempt-recovery-002] fixed_participant_holds_across_failures","fullName":"WHAT[provider-attempt-recovery-002] fixed_participant_holds_across_failures"}
[verification-test-start] {"pid":6790,"parentPid":3820,"entryFile":"/Users/yuanxi/Workwork/vibe-fs/requirements/provider-attempt-recovery/tests/003.test.mjs","name":"WHAT[provider-attempt-recovery-003] the_dedupe_window_is_bounded","fullName":"WHAT[provider-attempt-recovery-003] the_dedupe_window_is_bounded"}
[verification-test-start] {"pid":6790,"parentPid":3820,"entryFile":"/Users/yuanxi/Workwork/vibe-fs/requirements/provider-attempt-recovery/tests/003.test.mjs","name":"WHAT[provider-attempt-recovery-003] a_duplicate_line_is_absorbed_because_replay_produces_it","fullName":"WHAT[provider-attempt-recovery-003] a_duplicate_line_is_absorbed_because_replay_produces_it"}
[verification-test-start] {"pid":6790,"parentPid":3820,"entryFile":"/Users/yuanxi/Workwork/vibe-fs/requirements/provider-attempt-recovery/tests/003.test.mjs","name":"WHAT[provider-attempt-recovery-003] same_failure_observed_twice_advances_once","fullName":"WHAT[provider-attempt-recovery-003] same_failure_observed_twice_advances_once"}
runner: file lifecycle {"entryFile":"/Users/yuanxi/Workwork/vibe-fs/requirements/provider-attempt-recovery/tests/002.test.mjs","type":"runner:file-drained","elapsedMs":12179.159417}
runner: file lifecycle {"entryFile":"/Users/yuanxi/Workwork/vibe-fs/requirements/provider-attempt-recovery/tests/005.test.mjs","pid":3820,"parentPid":3799,"type":"runner:file-start","elapsedMs":12181.335125}
[verification-test-start] {"pid":6784,"parentPid":3820,"entryFile":"/Users/yuanxi/Workwork/vibe-fs/requirements/managed-session-lifecycle/tests/022.test.mjs","name":"WHAT[managed-session-lifecycle-022] real deletion preserves exact Inspector identity for NotCommitted, Unknown and PhaseConflict; only committed or empty finalization releases it (GAP-133)","fullName":"WHAT[managed-session-lifecycle-022] real deletion preserves exact Inspector identity for NotCommitted, Unknown and PhaseConflict; only committed or empty finalization releases it (GAP-133)"}
runner: file lifecycle {"entryFile":"/Users/yuanxi/Workwork/vibe-fs/requirements/managed-session-lifecycle/tests/022.test.mjs","type":"runner:file-drained","elapsedMs":12214.029042}
runner: file lifecycle {"entryFile":"/Users/yuanxi/Workwork/vibe-fs/requirements/provider-attempt-recovery/tests/006.test.mjs","pid":3820,"parentPid":3799,"type":"runner:file-start","elapsedMs":12215.124333}
[verification-test-start] {"pid":6790,"parentPid":3820,"entryFile":"/Users/yuanxi/Workwork/vibe-fs/requirements/provider-attempt-recovery/tests/003.test.mjs","name":"WHAT[provider-attempt-recovery-003] an_older_failed_run_is_absorbed_after_its_successor_advances","fullName":"WHAT[provider-attempt-recovery-003] an_older_failed_run_is_absorbed_after_its_successor_advances"}
[verification-test-start] {"pid":6864,"parentPid":3820,"entryFile":"/Users/yuanxi/Workwork/vibe-fs/requirements/provider-attempt-recovery/tests/006.test.mjs","name":"WHAT[provider-attempt-recovery-006] request kind changes preserve the selected plan identity and system prompt","fullName":"WHAT[provider-attempt-recovery-006] request kind changes preserve the selected plan identity and system prompt"}
[verification-test-start] {"pid":6864,"parentPid":3820,"entryFile":"/Users/yuanxi/Workwork/vibe-fs/requirements/provider-attempt-recovery/tests/006.test.mjs","name":"WHAT[provider-attempt-recovery-006] actual retry with changed target preserves durable identity and full system prompt through Host submission (GAP-139)","fullName":"WHAT[provider-attempt-recovery-006] actual retry with changed target preserves durable identity and full system prompt through Host submission (GAP-139)"}
[verification-test-start] {"pid":6787,"parentPid":3820,"entryFile":"/Users/yuanxi/Workwork/vibe-fs/requirements/managed-session-lifecycle/tests/025.test.mjs","name":"WHAT[managed-session-lifecycle-025] fixed DevOps work return drains its PTY residue without affecting other runtimes","fullName":"WHAT[managed-session-lifecycle-025] fixed DevOps work return drains its PTY residue without affecting other runtimes"}
runner: file lifecycle {"entryFile":"/Users/yuanxi/Workwork/vibe-fs/requirements/provider-attempt-recovery/tests/006.test.mjs","type":"runner:file-drained","elapsedMs":12302.332542}
runner: file lifecycle {"entryFile":"/Users/yuanxi/Workwork/vibe-fs/requirements/provider-attempt-recovery/tests/007.test.mjs","pid":3820,"parentPid":3799,"type":"runner:file-start","elapsedMs":12305.22275}
[verification-test-start] {"pid":6330,"parentPid":3820,"entryFile":"/Users/yuanxi/Workwork/vibe-fs/requirements/js-semantic-surface/tests/006.test.mjs","name":"WHAT[js-semantic-surface-006] a closed graph supports named, default, namespace and re-exported values","fullName":"WHAT[js-semantic-surface-006] a closed graph supports named, default, namespace and re-exported values"}
js-module-linkage: OK — 3 emitted modules linked and loaded
[verification-test-start] {"pid":6330,"parentPid":3820,"entryFile":"/Users/yuanxi/Workwork/vibe-fs/requirements/js-semantic-surface/tests/006.test.mjs","name":"WHAT[js-semantic-surface-006] missing modules, missing exports and invalid emitted syntax fail","fullName":"WHAT[js-semantic-surface-006] missing modules, missing exports and invalid emitted syntax fail"}
js-module-linkage: FAILED — 2 violation(s)
  consumer.js: failed to load emitted module: Unexpected token '='
  consumer.js: invalid emitted ESM: <source>: Unexpected token (1:13)
[verification-test-start] {"pid":6330,"parentPid":3820,"entryFile":"/Users/yuanxi/Workwork/vibe-fs/requirements/js-semantic-surface/tests/006.test.mjs","name":"WHAT[js-semantic-surface-006] static imports, re-exports and deferred literal imports cannot escape the package","fullName":"WHAT[js-semantic-surface-006] static imports, re-exports and deferred literal imports cannot escape the package"}
[verification-test-start] {"pid":6330,"parentPid":3820,"entryFile":"/Users/yuanxi/Workwork/vibe-fs/requirements/js-semantic-surface/tests/006.test.mjs","name":"WHAT[js-semantic-surface-006] uncalled literal imports and re-exported names are still linked","fullName":"WHAT[js-semantic-surface-006] uncalled literal imports and re-exported names are still linked"}
[verification-test-start] {"pid":6790,"parentPid":3820,"entryFile":"/Users/yuanxi/Workwork/vibe-fs/requirements/provider-attempt-recovery/tests/003.test.mjs","name":"WHAT[provider-attempt-recovery-003] ProviderFailure_owner_exposes_budget_and_dedupe_state","fullName":"WHAT[provider-attempt-recovery-003] ProviderFailure_owner_exposes_budget_and_dedupe_state"}
[verification-test-start] {"pid":6790,"parentPid":3820,"entryFile":"/Users/yuanxi/Workwork/vibe-fs/requirements/provider-attempt-recovery/tests/003.test.mjs","name":"WHAT[provider-attempt-recovery-003] each_retry_binds_a_fresh_physical_identity","fullName":"WHAT[provider-attempt-recovery-003] each_retry_binds_a_fresh_physical_identity"}
[verification-test-start] {"pid":6330,"parentPid":3820,"entryFile":"/Users/yuanxi/Workwork/vibe-fs/requirements/js-semantic-surface/tests/006.test.mjs","name":"WHAT[js-semantic-surface-006] linking uses the actual ESM path without inventing a file extension","fullName":"WHAT[js-semantic-surface-006] linking uses the actual ESM path without inventing a file extension"}
[verification-test-start] {"pid":6330,"parentPid":3820,"entryFile":"/Users/yuanxi/Workwork/vibe-fs/requirements/js-semantic-surface/tests/006.test.mjs","name":"WHAT[js-semantic-surface-006] loadability failure blocks the gate even when static linkage succeeds","fullName":"WHAT[js-semantic-surface-006] loadability failure blocks the gate even when static linkage succeeds"}
js-module-linkage: FAILED — 1 violation(s)
  broken.js: failed to load emitted module: initialization failed
runner: file lifecycle {"entryFile":"/Users/yuanxi/Workwork/vibe-fs/requirements/provider-attempt-recovery/tests/003.test.mjs","type":"runner:file-drained","elapsedMs":12365.539958}
runner: file lifecycle {"entryFile":"/Users/yuanxi/Workwork/vibe-fs/requirements/provider-attempt-recovery/tests/008.test.mjs","pid":3820,"parentPid":3799,"type":"runner:file-start","elapsedMs":12366.043833}
runner: file lifecycle {"entryFile":"/Users/yuanxi/Workwork/vibe-fs/requirements/managed-session-lifecycle/tests/015.test.mjs","type":"runner:file-drained","elapsedMs":12384.903792000001}
runner: file lifecycle {"entryFile":"/Users/yuanxi/Workwork/vibe-fs/requirements/provider-attempt-recovery/tests/009.test.mjs","pid":3820,"parentPid":3799,"type":"runner:file-start","elapsedMs":12390.387167}
[verification-test-start] {"pid":6852,"parentPid":3820,"entryFile":"/Users/yuanxi/Workwork/vibe-fs/requirements/provider-attempt-recovery/tests/004.test.mjs","name":"WHAT[provider-attempt-recovery-004] failure_adds_one_to_the_consecutive_count","fullName":"WHAT[provider-attempt-recovery-004] failure_adds_one_to_the_consecutive_count"}
[verification-test-start] {"pid":6852,"parentPid":3820,"entryFile":"/Users/yuanxi/Workwork/vibe-fs/requirements/provider-attempt-recovery/tests/004.test.mjs","name":"WHAT[provider-attempt-recovery-004] success_resets_the_budget","fullName":"WHAT[provider-attempt-recovery-004] success_resets_the_budget"}
runner: file lifecycle {"entryFile":"/Users/yuanxi/Workwork/vibe-fs/requirements/js-semantic-surface/tests/006.test.mjs","type":"runner:file-drained","elapsedMs":12405.936417}
runner: file lifecycle {"entryFile":"/Users/yuanxi/Workwork/vibe-fs/requirements/provider-attempt-recovery/tests/010.test.mjs","pid":3820,"parentPid":3799,"type":"runner:file-start","elapsedMs":12405.9835}
[verification-test-start] {"pid":6852,"parentPid":3820,"entryFile":"/Users/yuanxi/Workwork/vibe-fs/requirements/provider-attempt-recovery/tests/004.test.mjs","name":"WHAT[provider-attempt-recovery-004] success_is_a_durable_fact_that_zeroes_the_count","fullName":"WHAT[provider-attempt-recovery-004] success_is_a_durable_fact_that_zeroes_the_count"}
[verification-test-start] {"pid":6852,"parentPid":3820,"entryFile":"/Users/yuanxi/Workwork/vibe-fs/requirements/provider-attempt-recovery/tests/004.test.mjs","name":"WHAT[provider-attempt-recovery-004] recording_success_clears_the_dedupe_window_too","fullName":"WHAT[provider-attempt-recovery-004] recording_success_clears_the_dedupe_window_too"}
[verification-test-start] {"pid":6852,"parentPid":3820,"entryFile":"/Users/yuanxi/Workwork/vibe-fs/requirements/provider-attempt-recovery/tests/004.test.mjs","name":"WHAT[provider-attempt-recovery-004] an_accepted_execution_without_a_start_fact_still_names_its_ordinary_kind","fullName":"WHAT[provider-attempt-recovery-004] an_accepted_execution_without_a_start_fact_still_names_its_ordinary_kind"}
[verification-test-start] {"pid":6787,"parentPid":3820,"entryFile":"/Users/yuanxi/Workwork/vibe-fs/requirements/managed-session-lifecycle/tests/025.test.mjs","name":"WHAT[managed-session-lifecycle-025] ToolRuntimeScope production wiring drains DevOps child PTYs on run complete","fullName":"WHAT[managed-session-lifecycle-025] ToolRuntimeScope production wiring drains DevOps child PTYs on run complete"}
[verification-test-start] {"pid":6863,"parentPid":3820,"entryFile":"/Users/yuanxi/Workwork/vibe-fs/requirements/provider-attempt-recovery/tests/005.test.mjs","name":"WHAT[provider-attempt-recovery-005] finite budget boundaries stop automatic permission at the configured count","fullName":"WHAT[provider-attempt-recovery-005] finite budget boundaries stop automatic permission at the configured count"}
[verification-test-start] {"pid":6866,"parentPid":3820,"entryFile":"/Users/yuanxi/Workwork/vibe-fs/requirements/provider-attempt-recovery/tests/008.test.mjs","name":"WHAT[provider-attempt-recovery-008] idle arriving before exact empty provider error never dispatches interaction repair","fullName":"WHAT[provider-attempt-recovery-008] idle arriving before exact empty provider error never dispatches interaction repair"}
[verification-test-start] {"pid":6863,"parentPid":3820,"entryFile":"/Users/yuanxi/Workwork/vibe-fs/requirements/provider-attempt-recovery/tests/005.test.mjs","name":"WHAT[provider-attempt-recovery-005] durable exhaustion forbids retry even if a caller asks with a larger limit","fullName":"WHAT[provider-attempt-recovery-005] durable exhaustion forbids retry even if a caller asks with a larger limit"}
[verification-test-start] {"pid":6863,"parentPid":3820,"entryFile":"/Users/yuanxi/Workwork/vibe-fs/requirements/provider-attempt-recovery/tests/005.test.mjs","name":"WHAT[provider-attempt-recovery-005] real retry engine calls neither admission nor redispatch after exhaustion","fullName":"WHAT[provider-attempt-recovery-005] real retry engine calls neither admission nor redispatch after exhaustion"}
[verification-test-start] {"pid":6863,"parentPid":3820,"entryFile":"/Users/yuanxi/Workwork/vibe-fs/requirements/provider-attempt-recovery/tests/005.test.mjs","name":"WHAT[provider-attempt-recovery-005] ledger records exhaustion exactly at its current finite limit and preserves it on reopen","fullName":"WHAT[provider-attempt-recovery-005] ledger records exhaustion exactly at its current finite limit and preserves it on reopen"}
[verification-test-start] {"pid":6868,"parentPid":3820,"entryFile":"/Users/yuanxi/Workwork/vibe-fs/requirements/provider-attempt-recovery/tests/010.test.mjs","name":"WHAT[provider-attempt-recovery-010] Blogger retry policy selects maintenance only with material","fullName":"WHAT[provider-attempt-recovery-010] Blogger retry policy selects maintenance only with material"}
[verification-test-start] {"pid":6866,"parentPid":3820,"entryFile":"/Users/yuanxi/Workwork/vibe-fs/requirements/provider-attempt-recovery/tests/008.test.mjs","name":"WHAT[provider-attempt-recovery-008] errored empty and XML-only terminals wait for provider recovery, never idle repair","fullName":"WHAT[provider-attempt-recovery-008] errored empty and XML-only terminals wait for provider recovery, never idle repair"}
[verification-test-start] {"pid":6866,"parentPid":3820,"entryFile":"/Users/yuanxi/Workwork/vibe-fs/requirements/provider-attempt-recovery/tests/008.test.mjs","name":"WHAT[provider-attempt-recovery-008] terminal validity distinguishes unusable content from an ordinary answer","fullName":"WHAT[provider-attempt-recovery-008] terminal validity distinguishes unusable content from an ordinary answer"}
[verification-test-start] {"pid":6866,"parentPid":3820,"entryFile":"/Users/yuanxi/Workwork/vibe-fs/requirements/provider-attempt-recovery/tests/008.test.mjs","name":"WHAT[provider-attempt-recovery-008] unusable content alone cannot substitute for a confirmed provider failure","fullName":"WHAT[provider-attempt-recovery-008] unusable content alone cannot substitute for a confirmed provider failure"}
[verification-test-start] {"pid":6866,"parentPid":3820,"entryFile":"/Users/yuanxi/Workwork/vibe-fs/requirements/provider-attempt-recovery/tests/008.test.mjs","name":"WHAT[provider-attempt-recovery-008] only_a_probe_attempt_with_a_usable_terminal_may_promote","fullName":"WHAT[provider-attempt-recovery-008] only_a_probe_attempt_with_a_usable_terminal_may_promote"}
[verification-test-start] {"pid":6866,"parentPid":3820,"entryFile":"/Users/yuanxi/Workwork/vibe-fs/requirements/provider-attempt-recovery/tests/008.test.mjs","name":"WHAT[provider-attempt-recovery-008] RECON_formal_content_gate_is_shared_with_terminal_validity","fullName":"WHAT[provider-attempt-recovery-008] RECON_formal_content_gate_is_shared_with_terminal_validity"}
[verification-test-start] {"pid":6866,"parentPid":3820,"entryFile":"/Users/yuanxi/Workwork/vibe-fs/requirements/provider-attempt-recovery/tests/008.test.mjs","name":"WHAT[provider-attempt-recovery-008] actual unfinished Manager and other repairable roles reach one repair without spending provider budget (GAP-139)","fullName":"WHAT[provider-attempt-recovery-008] actual unfinished Manager and other repairable roles reach one repair without spending provider budget (GAP-139)"}
fatal: not a git repository (or any of the parent directories): .git
[verification-test-start] {"pid":6868,"parentPid":3820,"entryFile":"/Users/yuanxi/Workwork/vibe-fs/requirements/provider-attempt-recovery/tests/010.test.mjs","name":"WHAT[provider-attempt-recovery-010] actual licensed Blogger retry sends Squash before Main when eligible and accounts for Squash outcome without success reset (GAP-139)","fullName":"WHAT[provider-attempt-recovery-010] actual licensed Blogger retry sends Squash before Main when eligible and accounts for Squash outcome without success reset (GAP-139)"}
runner: file lifecycle {"entryFile":"/Users/yuanxi/Workwork/vibe-fs/requirements/provider-attempt-recovery/tests/008.test.mjs","type":"runner:file-drained","elapsedMs":12535.977167000001}
runner: file lifecycle {"entryFile":"/Users/yuanxi/Workwork/vibe-fs/requirements/provider-attempt-recovery/tests/011.test.mjs","pid":3820,"parentPid":3799,"type":"runner:file-start","elapsedMs":12538.443417}
runner: file lifecycle {"entryFile":"/Users/yuanxi/Workwork/vibe-fs/requirements/provider-attempt-recovery/tests/010.test.mjs","type":"runner:file-drained","elapsedMs":12539.268583000001}
runner: file lifecycle {"entryFile":"/Users/yuanxi/Workwork/vibe-fs/requirements/provider-attempt-recovery/tests/012.test.mjs","pid":3820,"parentPid":3799,"type":"runner:file-start","elapsedMs":12543.023917}
fatal: not a git repository (or any of the parent directories): .git
fatal: not a git repository (or any of the parent directories): .git
runner: file lifecycle {"entryFile":"/Users/yuanxi/Workwork/vibe-fs/requirements/provider-attempt-recovery/tests/004.test.mjs","type":"runner:file-drained","elapsedMs":12584.528708}
runner: file lifecycle {"entryFile":"/Users/yuanxi/Workwork/vibe-fs/requirements/provider-attempt-recovery/tests/013.test.mjs","pid":3820,"parentPid":3799,"type":"runner:file-start","elapsedMs":12585.8325}
fatal: not a git repository (or any of the parent directories): .git
[verification-test-start] {"pid":6865,"parentPid":3820,"entryFile":"/Users/yuanxi/Workwork/vibe-fs/requirements/provider-attempt-recovery/tests/007.test.mjs","name":"WHAT[provider-attempt-recovery-007] a_valid_record_moves_the_durable_budget","fullName":"WHAT[provider-attempt-recovery-007] a_valid_record_moves_the_durable_budget"}
[verification-test-start] {"pid":6865,"parentPid":3820,"entryFile":"/Users/yuanxi/Workwork/vibe-fs/requirements/provider-attempt-recovery/tests/007.test.mjs","name":"WHAT[provider-attempt-recovery-007] the_count_must_advance_by_exactly_one_from_the_folded_state","fullName":"WHAT[provider-attempt-recovery-007] the_count_must_advance_by_exactly_one_from_the_folded_state"}
[verification-test-start] {"pid":6865,"parentPid":3820,"entryFile":"/Users/yuanxi/Workwork/vibe-fs/requirements/provider-attempt-recovery/tests/007.test.mjs","name":"WHAT[provider-attempt-recovery-007] each_rejection_names_a_different_cause","fullName":"WHAT[provider-attempt-recovery-007] each_rejection_names_a_different_cause"}
[verification-test-start] {"pid":6865,"parentPid":3820,"entryFile":"/Users/yuanxi/Workwork/vibe-fs/requirements/provider-attempt-recovery/tests/007.test.mjs","name":"WHAT[provider-attempt-recovery-007] a_replayed_journal_reaches_the_same_budget","fullName":"WHAT[provider-attempt-recovery-007] a_replayed_journal_reaches_the_same_budget"}
[verification-test-start] {"pid":6865,"parentPid":3820,"entryFile":"/Users/yuanxi/Workwork/vibe-fs/requirements/provider-attempt-recovery/tests/007.test.mjs","name":"WHAT[provider-attempt-recovery-007] ordered facts with intervening success restart the failure streak","fullName":"WHAT[provider-attempt-recovery-007] ordered facts with intervening success restart the failure streak"}
[verification-test-start] {"pid":6865,"parentPid":3820,"entryFile":"/Users/yuanxi/Workwork/vibe-fs/requirements/provider-attempt-recovery/tests/007.test.mjs","name":"WHAT[provider-attempt-recovery-007] a new failure fact after exhaustion stops durable replay","fullName":"WHAT[provider-attempt-recovery-007] a new failure fact after exhaustion stops durable replay"}
[verification-test-start] {"pid":6865,"parentPid":3820,"entryFile":"/Users/yuanxi/Workwork/vibe-fs/requirements/provider-attempt-recovery/tests/007.test.mjs","name":"WHAT[provider-attempt-recovery-007] durable replay refuses a count above its failure limit","fullName":"WHAT[provider-attempt-recovery-007] durable replay refuses a count above its failure limit"}
[verification-test-start] {"pid":6865,"parentPid":3820,"entryFile":"/Users/yuanxi/Workwork/vibe-fs/requirements/provider-attempt-recovery/tests/007.test.mjs","name":"WHAT[provider-attempt-recovery-007] an_advance_naming_another_run_is_absorbed_not_applied","fullName":"WHAT[provider-attempt-recovery-007] an_advance_naming_another_run_is_absorbed_not_applied"}
fatal: not a git repository (or any of the parent directories): .git
runner: file lifecycle {"entryFile":"/Users/yuanxi/Workwork/vibe-fs/requirements/provider-attempt-recovery/tests/007.test.mjs","type":"runner:file-drained","elapsedMs":12636.099667}
runner: file lifecycle {"entryFile":"/Users/yuanxi/Workwork/vibe-fs/requirements/provider-attempt-recovery/tests/014.test.mjs","pid":3820,"parentPid":3799,"type":"runner:file-start","elapsedMs":12639.889833000001}
[verification-test-start] {"pid":6912,"parentPid":3820,"entryFile":"/Users/yuanxi/Workwork/vibe-fs/requirements/provider-attempt-recovery/tests/013.test.mjs","name":"WHAT[provider-attempt-recovery-013] newly constructed plans expose the selected participant evidence instead of a fixed fixture answer","fullName":"WHAT[provider-attempt-recovery-013] newly constructed plans expose the selected participant evidence instead of a fixed fixture answer"}
[verification-test-start] {"pid":6912,"parentPid":3820,"entryFile":"/Users/yuanxi/Workwork/vibe-fs/requirements/provider-attempt-recovery/tests/013.test.mjs","name":"WHAT[provider-attempt-recovery-013] actual retries and restart preserve complete durable Persona provenance language authority and provider horizon (GAP-139)","fullName":"WHAT[provider-attempt-recovery-013] actual retries and restart preserve complete durable Persona provenance language authority and provider horizon (GAP-139)"}
fatal: not a git repository (or any of the parent directories): .git
[verification-test-start] {"pid":6891,"parentPid":3820,"entryFile":"/Users/yuanxi/Workwork/vibe-fs/requirements/provider-attempt-recovery/tests/012.test.mjs","name":"WHAT[provider-attempt-recovery-012] PAR_012_an_interrupted_tool_call_is_not_a_confirmed_failure","fullName":"WHAT[provider-attempt-recovery-012] PAR_012_an_interrupted_tool_call_is_not_a_confirmed_failure"}
[verification-test-start] {"pid":6891,"parentPid":3820,"entryFile":"/Users/yuanxi/Workwork/vibe-fs/requirements/provider-attempt-recovery/tests/012.test.mjs","name":"WHAT[provider-attempt-recovery-012] ordinary tool error remains distinct from interrupted cleanup residue","fullName":"WHAT[provider-attempt-recovery-012] ordinary tool error remains distinct from interrupted cleanup residue"}
[verification-test-start] {"pid":6891,"parentPid":3820,"entryFile":"/Users/yuanxi/Workwork/vibe-fs/requirements/provider-attempt-recovery/tests/012.test.mjs","name":"WHAT[provider-attempt-recovery-012] actual aborted Host tool residue leaves provider budget unchanged through reconciliation (GAP-139)","fullName":"WHAT[provider-attempt-recovery-012] actual aborted Host tool residue leaves provider budget unchanged through reconciliation (GAP-139)"}
runner: file lifecycle {"entryFile":"/Users/yuanxi/Workwork/vibe-fs/requirements/provider-attempt-recovery/tests/013.test.mjs","type":"runner:file-drained","elapsedMs":12704.875792}
runner: file lifecycle {"entryFile":"/Users/yuanxi/Workwork/vibe-fs/requirements/provider-attempt-recovery/tests/015.test.mjs","pid":3820,"parentPid":3799,"type":"runner:file-start","elapsedMs":12707.588458}
[verification-test-start] {"pid":6888,"parentPid":3820,"entryFile":"/Users/yuanxi/Workwork/vibe-fs/requirements/provider-attempt-recovery/tests/011.test.mjs","name":"WHAT[provider-attempt-recovery-011] same-key same-plan replays the admitted plan","fullName":"WHAT[provider-attempt-recovery-011] same-key same-plan replays the admitted plan"}
[verification-test-start] {"pid":6867,"parentPid":3820,"entryFile":"/Users/yuanxi/Workwork/vibe-fs/requirements/provider-attempt-recovery/tests/009.test.mjs","name":"WHAT[provider-attempt-recovery-009] duplicate domain failure identity cannot advance the pure projection again","fullName":"WHAT[provider-attempt-recovery-009] duplicate domain failure identity cannot advance the pure projection again"}
runner: file lifecycle {"entryFile":"/Users/yuanxi/Workwork/vibe-fs/requirements/provider-attempt-recovery/tests/012.test.mjs","type":"runner:file-drained","elapsedMs":12724.761375}
runner: file lifecycle {"entryFile":"/Users/yuanxi/Workwork/vibe-fs/requirements/provider-attempt-recovery/tests/016.test.mjs","pid":3820,"parentPid":3799,"type":"runner:file-start","elapsedMs":12725.452958}
[verification-test-start] {"pid":6787,"parentPid":3820,"entryFile":"/Users/yuanxi/Workwork/vibe-fs/requirements/managed-session-lifecycle/tests/025.test.mjs","name":"WHAT[managed-session-lifecycle-025] TERM must be followed by real process exit, and escalate to KILL when the grace window elapses; the controlled PTY port starts no OS process, so real exit and the KILL escalation cannot be observed in this harness (GAP-133)","fullName":"WHAT[managed-session-lifecycle-025] TERM must be followed by real process exit, and escalate to KILL when the grace window elapses; the controlled PTY port starts no OS process, so real exit and the KILL escalation cannot be observed in this harness (GAP-133)"}
[verification-test-start] {"pid":6867,"parentPid":3820,"entryFile":"/Users/yuanxi/Workwork/vibe-fs/requirements/provider-attempt-recovery/tests/009.test.mjs","name":"WHAT[provider-attempt-recovery-009] varying Host transport retry numbers cannot change domain count identity or physical recovery permission (GAP-139)","fullName":"WHAT[provider-attempt-recovery-009] varying Host transport retry numbers cannot change domain count identity or physical recovery permission (GAP-139)"}
[verification-test-start] {"pid":6867,"parentPid":3820,"entryFile":"/Users/yuanxi/Workwork/vibe-fs/requirements/provider-attempt-recovery/tests/009.test.mjs","name":"WHAT[provider-attempt-recovery-009] the_dedupe_identity_names_the_run_the_root_and_the_attempt","fullName":"WHAT[provider-attempt-recovery-009] the_dedupe_identity_names_the_run_the_root_and_the_attempt"}
runner: file lifecycle {"entryFile":"/Users/yuanxi/Workwork/vibe-fs/requirements/provider-attempt-recovery/tests/009.test.mjs","type":"runner:file-drained","elapsedMs":12746.115375}
runner: file lifecycle {"entryFile":"/Users/yuanxi/Workwork/vibe-fs/requirements/provider-attempt-recovery/tests/017.test.mjs","pid":3820,"parentPid":3799,"type":"runner:file-start","elapsedMs":12746.163333}
runner: file lifecycle {"entryFile":"/Users/yuanxi/Workwork/vibe-fs/requirements/managed-session-lifecycle/tests/025.test.mjs","type":"runner:file-drained","elapsedMs":12760.46275}
runner: file lifecycle {"entryFile":"/Users/yuanxi/Workwork/vibe-fs/requirements/provider-attempt-recovery/tests/018.test.mjs","pid":3820,"parentPid":3799,"type":"runner:file-start","elapsedMs":12762.134750000001}
[verification-test-start] {"pid":6939,"parentPid":3820,"entryFile":"/Users/yuanxi/Workwork/vibe-fs/requirements/provider-attempt-recovery/tests/018.test.mjs","name":"WHAT[provider-attempt-recovery-018] actual WorkMain recovery waits on an open Blogger request until committed close or strictly newer coverage; unrelated facts cannot unlock it (GAP-139)","fullName":"WHAT[provider-attempt-recovery-018] actual WorkMain recovery waits on an open Blogger request until committed close or strictly newer coverage; unrelated facts cannot unlock it (GAP-139)"}
[verification-test-start] {"pid":6939,"parentPid":3820,"entryFile":"/Users/yuanxi/Workwork/vibe-fs/requirements/provider-attempt-recovery/tests/018.test.mjs","name":"WHAT[provider-attempt-recovery-018] real recovery proceeds without an open producer and cancellation releases an existing durable-event wait (GAP-139)","fullName":"WHAT[provider-attempt-recovery-018] real recovery proceeds without an open producer and cancellation releases an existing durable-event wait (GAP-139)"}
[verification-test-start] {"pid":6863,"parentPid":3820,"entryFile":"/Users/yuanxi/Workwork/vibe-fs/requirements/provider-attempt-recovery/tests/005.test.mjs","name":"WHAT[provider-attempt-recovery-005] full recovery workflow reaches exhaustion without an extra physical Host send (GAP-139)","fullName":"WHAT[provider-attempt-recovery-005] full recovery workflow reaches exhaustion without an extra physical Host send (GAP-139)"}
[verification-test-start] {"pid":6935,"parentPid":3820,"entryFile":"/Users/yuanxi/Workwork/vibe-fs/requirements/provider-attempt-recovery/tests/016.test.mjs","name":"WHAT[provider-attempt-recovery-016] actual RequestKind algebra clears only business-main success","fullName":"WHAT[provider-attempt-recovery-016] actual RequestKind algebra clears only business-main success"}
runner: file lifecycle {"entryFile":"/Users/yuanxi/Workwork/vibe-fs/requirements/provider-attempt-recovery/tests/018.test.mjs","type":"runner:file-drained","elapsedMs":12832.518250000001}
runner: file lifecycle {"entryFile":"/Users/yuanxi/Workwork/vibe-fs/requirements/provider-attempt-recovery/tests/019.test.mjs","pid":3820,"parentPid":3799,"type":"runner:file-start","elapsedMs":12834.319}
[verification-test-start] {"pid":6935,"parentPid":3820,"entryFile":"/Users/yuanxi/Workwork/vibe-fs/requirements/provider-attempt-recovery/tests/016.test.mjs","name":"WHAT[provider-attempt-recovery-016] tool-calls finish is a successful provider attempt while the turn continues","fullName":"WHAT[provider-attempt-recovery-016] tool-calls finish is a successful provider attempt while the turn continues"}
[verification-test-start] {"pid":6935,"parentPid":3820,"entryFile":"/Users/yuanxi/Workwork/vibe-fs/requirements/provider-attempt-recovery/tests/016.test.mjs","name":"WHAT[provider-attempt-recovery-016] real ordinary and Blogger completion use durable kind evidence and write SuccessRecorded only for eligible successes (GAP-139)","fullName":"WHAT[provider-attempt-recovery-016] real ordinary and Blogger completion use durable kind evidence and write SuccessRecorded only for eligible successes (GAP-139)"}
runner: file lifecycle {"entryFile":"/Users/yuanxi/Workwork/vibe-fs/requirements/provider-attempt-recovery/tests/005.test.mjs","type":"runner:file-drained","elapsedMs":12837.469500000001}
runner: file lifecycle {"entryFile":"/Users/yuanxi/Workwork/vibe-fs/requirements/provider-attempt-recovery/tests/020.test.mjs","pid":3820,"parentPid":3799,"type":"runner:file-start","elapsedMs":12838.58725}
runner: file lifecycle {"entryFile":"/Users/yuanxi/Workwork/vibe-fs/requirements/provider-attempt-recovery/tests/016.test.mjs","type":"runner:file-drained","elapsedMs":12844.672917}
runner: file lifecycle {"entryFile":"/Users/yuanxi/Workwork/vibe-fs/requirements/provider-attempt-recovery/tests/021.test.mjs","pid":3820,"parentPid":3799,"type":"runner:file-start","elapsedMs":12845.282000000001}
[verification-test-start] {"pid":6936,"parentPid":3820,"entryFile":"/Users/yuanxi/Workwork/vibe-fs/requirements/provider-attempt-recovery/tests/017.test.mjs","name":"WHAT[provider-attempt-recovery-017] runtime request ownership rejects stale release after explicit replacement","fullName":"WHAT[provider-attempt-recovery-017] runtime request ownership rejects stale release after explicit replacement"}
[verification-test-start] {"pid":6936,"parentPid":3820,"entryFile":"/Users/yuanxi/Workwork/vibe-fs/requirements/provider-attempt-recovery/tests/017.test.mjs","name":"WHAT[provider-attempt-recovery-017] actual Main→Main Main→Squash and Squash→Main recovery commits old abandonment before fresh materialization and PromptKey binding (GAP-139)","fullName":"WHAT[provider-attempt-recovery-017] actual Main→Main Main→Squash and Squash→Main recovery commits old abandonment before fresh materialization and PromptKey binding (GAP-139)"}
runner: file lifecycle {"entryFile":"/Users/yuanxi/Workwork/vibe-fs/requirements/provider-attempt-recovery/tests/017.test.mjs","type":"runner:file-drained","elapsedMs":12880.109542}
runner: file lifecycle {"entryFile":"/Users/yuanxi/Workwork/vibe-fs/requirements/provider-attempt-recovery/tests/022.test.mjs","pid":3820,"parentPid":3799,"type":"runner:file-start","elapsedMs":12880.853458}
[verification-test-start] {"pid":6948,"parentPid":3820,"entryFile":"/Users/yuanxi/Workwork/vibe-fs/requirements/provider-attempt-recovery/tests/019.test.mjs","name":"WHAT[provider-attempt-recovery-019] current retry ownership heuristics find no known forbidden source pattern","fullName":"WHAT[provider-attempt-recovery-019] current retry ownership heuristics find no known forbidden source pattern"}
[verification-test-start] {"pid":6923,"parentPid":3820,"entryFile":"/Users/yuanxi/Workwork/vibe-fs/requirements/provider-attempt-recovery/tests/014.test.mjs","name":"WHAT[provider-attempt-recovery-014] ledger replay preserves one licensed failure count","fullName":"WHAT[provider-attempt-recovery-014] ledger replay preserves one licensed failure count"}
[verification-test-start] {"pid":6888,"parentPid":3820,"entryFile":"/Users/yuanxi/Workwork/vibe-fs/requirements/provider-attempt-recovery/tests/011.test.mjs","name":"WHAT[provider-attempt-recovery-011] same-key different authority fails closed","fullName":"WHAT[provider-attempt-recovery-011] same-key different authority fails closed"}
[verification-test-start] {"pid":6951,"parentPid":3820,"entryFile":"/Users/yuanxi/Workwork/vibe-fs/requirements/provider-attempt-recovery/tests/022.test.mjs","name":"WHAT[provider-attempt-recovery-022] await without the exact observation stays pending","fullName":"WHAT[provider-attempt-recovery-022] await without the exact observation stays pending"}
[verification-test-start] {"pid":6888,"parentPid":3820,"entryFile":"/Users/yuanxi/Workwork/vibe-fs/requirements/provider-attempt-recovery/tests/011.test.mjs","name":"WHAT[provider-attempt-recovery-011] same-key different probe fails closed","fullName":"WHAT[provider-attempt-recovery-011] same-key different probe fails closed"}
[verification-test-start] {"pid":6951,"parentPid":3820,"entryFile":"/Users/yuanxi/Workwork/vibe-fs/requirements/provider-attempt-recovery/tests/022.test.mjs","name":"WHAT[provider-attempt-recovery-022] another run and another session never satisfy the exact attempt","fullName":"WHAT[provider-attempt-recovery-022] another run and another session never satisfy the exact attempt"}
[verification-test-start] {"pid":6951,"parentPid":3820,"entryFile":"/Users/yuanxi/Workwork/vibe-fs/requirements/provider-attempt-recovery/tests/022.test.mjs","name":"WHAT[provider-attempt-recovery-022] observation is idempotent and a late waiter resolves immediately","fullName":"WHAT[provider-attempt-recovery-022] observation is idempotent and a late waiter resolves immediately"}
[verification-test-start] {"pid":6951,"parentPid":3820,"entryFile":"/Users/yuanxi/Workwork/vibe-fs/requirements/provider-attempt-recovery/tests/022.test.mjs","name":"WHAT[provider-attempt-recovery-022] revocation denies the waiting attempt only","fullName":"WHAT[provider-attempt-recovery-022] revocation denies the waiting attempt only"}
[verification-test-start] {"pid":6951,"parentPid":3820,"entryFile":"/Users/yuanxi/Workwork/vibe-fs/requirements/provider-attempt-recovery/tests/022.test.mjs","name":"WHAT[provider-attempt-recovery-022] actual Host terminal observation alone releases recovery while coarse error and idle cannot; fresh process inherits no stop permission (GAP-139)","fullName":"WHAT[provider-attempt-recovery-022] actual Host terminal observation alone releases recovery while coarse error and idle cannot; fresh process inherits no stop permission (GAP-139)"}
[verification-test-start] {"pid":6888,"parentPid":3820,"entryFile":"/Users/yuanxi/Workwork/vibe-fs/requirements/provider-attempt-recovery/tests/011.test.mjs","name":"WHAT[provider-attempt-recovery-011] same-key different request kind fails closed","fullName":"WHAT[provider-attempt-recovery-011] same-key different request kind fails closed"}
[verification-test-start] {"pid":6888,"parentPid":3820,"entryFile":"/Users/yuanxi/Workwork/vibe-fs/requirements/provider-attempt-recovery/tests/011.test.mjs","name":"WHAT[provider-attempt-recovery-011] same admitted plan drives binding and the frozen candidate is retained","fullName":"WHAT[provider-attempt-recovery-011] same admitted plan drives binding and the frozen candidate is retained"}
[verification-test-start] {"pid":6888,"parentPid":3820,"entryFile":"/Users/yuanxi/Workwork/vibe-fs/requirements/provider-attempt-recovery/tests/011.test.mjs","name":"WHAT[provider-attempt-recovery-011] bind to the wrong parent or run is refused","fullName":"WHAT[provider-attempt-recovery-011] bind to the wrong parent or run is refused"}
runner: file lifecycle {"entryFile":"/Users/yuanxi/Workwork/vibe-fs/requirements/provider-attempt-recovery/tests/022.test.mjs","type":"runner:file-drained","elapsedMs":12968.841833}
runner: file lifecycle {"entryFile":"/Users/yuanxi/Workwork/vibe-fs/requirements/provider-attempt-recovery/tests/023.test.mjs","pid":3820,"parentPid":3799,"type":"runner:file-start","elapsedMs":12969.531167000001}
[verification-test-start] {"pid":6888,"parentPid":3820,"entryFile":"/Users/yuanxi/Workwork/vibe-fs/requirements/provider-attempt-recovery/tests/011.test.mjs","name":"WHAT[provider-attempt-recovery-011] terminal consumption is single-shot and never re-promotes","fullName":"WHAT[provider-attempt-recovery-011] terminal consumption is single-shot and never re-promotes"}
[verification-test-start] {"pid":6888,"parentPid":3820,"entryFile":"/Users/yuanxi/Workwork/vibe-fs/requirements/provider-attempt-recovery/tests/011.test.mjs","name":"WHAT[provider-attempt-recovery-011] freeze under the wrong session key is an identity mismatch","fullName":"WHAT[provider-attempt-recovery-011] freeze under the wrong session key is an identity mismatch"}
[verification-test-start] {"pid":6888,"parentPid":3820,"entryFile":"/Users/yuanxi/Workwork/vibe-fs/requirements/provider-attempt-recovery/tests/011.test.mjs","name":"WHAT[provider-attempt-recovery-011] freeze under the wrong physical key is an identity mismatch","fullName":"WHAT[provider-attempt-recovery-011] freeze under the wrong physical key is an identity mismatch"}
[verification-test-start] {"pid":6888,"parentPid":3820,"entryFile":"/Users/yuanxi/Workwork/vibe-fs/requirements/provider-attempt-recovery/tests/011.test.mjs","name":"WHAT[provider-attempt-recovery-011] same physical replay after binding returns the admitted plan","fullName":"WHAT[provider-attempt-recovery-011] same physical replay after binding returns the admitted plan"}
[verification-test-start] {"pid":6888,"parentPid":3820,"entryFile":"/Users/yuanxi/Workwork/vibe-fs/requirements/provider-attempt-recovery/tests/011.test.mjs","name":"WHAT[provider-attempt-recovery-011] same run and root with a different participant conflicts","fullName":"WHAT[provider-attempt-recovery-011] same run and root with a different participant conflicts"}
[verification-test-start] {"pid":6888,"parentPid":3820,"entryFile":"/Users/yuanxi/Workwork/vibe-fs/requirements/provider-attempt-recovery/tests/011.test.mjs","name":"WHAT[provider-attempt-recovery-011] same run and root with a different role conflicts","fullName":"WHAT[provider-attempt-recovery-011] same run and root with a different role conflicts"}
[verification-test-start] {"pid":6888,"parentPid":3820,"entryFile":"/Users/yuanxi/Workwork/vibe-fs/requirements/provider-attempt-recovery/tests/011.test.mjs","name":"WHAT[provider-attempt-recovery-011] recordBound rejects a conflicting session, run, or physical parent","fullName":"WHAT[provider-attempt-recovery-011] recordBound rejects a conflicting session, run, or physical parent"}
[verification-test-start] {"pid":6888,"parentPid":3820,"entryFile":"/Users/yuanxi/Workwork/vibe-fs/requirements/provider-attempt-recovery/tests/011.test.mjs","name":"WHAT[provider-attempt-recovery-011] same candidate probe id with a different digest conflicts","fullName":"WHAT[provider-attempt-recovery-011] same candidate probe id with a different digest conflicts"}
[verification-test-start] {"pid":6888,"parentPid":3820,"entryFile":"/Users/yuanxi/Workwork/vibe-fs/requirements/provider-attempt-recovery/tests/011.test.mjs","name":"WHAT[provider-attempt-recovery-011] terminal consume clears both registries so a fresh physical plan may freeze","fullName":"WHAT[provider-attempt-recovery-011] terminal consume clears both registries so a fresh physical plan may freeze"}
[verification-test-start] {"pid":6888,"parentPid":3820,"entryFile":"/Users/yuanxi/Workwork/vibe-fs/requirements/provider-attempt-recovery/tests/011.test.mjs","name":"WHAT[provider-attempt-recovery-011] public plan observation exposes no budget snapshot","fullName":"WHAT[provider-attempt-recovery-011] public plan observation exposes no budget snapshot"}
[verification-test-start] {"pid":6888,"parentPid":3820,"entryFile":"/Users/yuanxi/Workwork/vibe-fs/requirements/provider-attempt-recovery/tests/011.test.mjs","name":"WHAT[provider-attempt-recovery-011] an_attempt_without_a_probe_cannot_promote_even_on_success","fullName":"WHAT[provider-attempt-recovery-011] an_attempt_without_a_probe_cannot_promote_even_on_success"}
[verification-test-start] {"pid":6888,"parentPid":3820,"entryFile":"/Users/yuanxi/Workwork/vibe-fs/requirements/provider-attempt-recovery/tests/011.test.mjs","name":"WHAT[provider-attempt-recovery-011] maintenance policy changes with available material","fullName":"WHAT[provider-attempt-recovery-011] maintenance policy changes with available material"}
[verification-test-start] {"pid":6888,"parentPid":3820,"entryFile":"/Users/yuanxi/Workwork/vibe-fs/requirements/provider-attempt-recovery/tests/011.test.mjs","name":"WHAT[provider-attempt-recovery-011] actual render observes the admitted immutable plan and cannot consume a transient recovery permission (GAP-139)","fullName":"WHAT[provider-attempt-recovery-011] actual render observes the admitted immutable plan and cannot consume a transient recovery permission (GAP-139)"}
[verification-test-start] {"pid":6888,"parentPid":3820,"entryFile":"/Users/yuanxi/Workwork/vibe-fs/requirements/provider-attempt-recovery/tests/011.test.mjs","name":"WHAT[provider-attempt-recovery-011] XWIRE_accepted_retry_cannot_be_consumed_by_other_physical_material_in_the_same_session","fullName":"WHAT[provider-attempt-recovery-011] XWIRE_accepted_retry_cannot_be_consumed_by_other_physical_material_in_the_same_session"}
[verification-test-start] {"pid":6888,"parentPid":3820,"entryFile":"/Users/yuanxi/Workwork/vibe-fs/requirements/provider-attempt-recovery/tests/011.test.mjs","name":"WHAT[provider-attempt-recovery-011] XWIRE_missing_current_physical_user_cannot_consume_the_accepted_retry","fullName":"WHAT[provider-attempt-recovery-011] XWIRE_missing_current_physical_user_cannot_consume_the_accepted_retry"}
[verification-test-start] {"pid":6888,"parentPid":3820,"entryFile":"/Users/yuanxi/Workwork/vibe-fs/requirements/provider-attempt-recovery/tests/011.test.mjs","name":"WHAT[provider-attempt-recovery-011] XWIRE_mutation_sensitive_unrelated_physical_user_must_not_consume_accepted_retry","fullName":"WHAT[provider-attempt-recovery-011] XWIRE_mutation_sensitive_unrelated_physical_user_must_not_consume_accepted_retry"}
runner: file lifecycle {"entryFile":"/Users/yuanxi/Workwork/vibe-fs/requirements/provider-attempt-recovery/tests/011.test.mjs","type":"runner:file-drained","elapsedMs":13015.583375}
runner: file lifecycle {"entryFile":"/Users/yuanxi/Workwork/vibe-fs/requirements/requirement-system/tests/001.test.mjs","pid":3820,"parentPid":3799,"type":"runner:file-start","elapsedMs":13016.889583}
[verification-test-start] {"pid":6923,"parentPid":3820,"entryFile":"/Users/yuanxi/Workwork/vibe-fs/requirements/provider-attempt-recovery/tests/014.test.mjs","name":"WHAT[provider-attempt-recovery-014] actual continuation waits for exact Host stop after failure admission and never spends budget by sending (GAP-139)","fullName":"WHAT[provider-attempt-recovery-014] actual continuation waits for exact Host stop after failure admission and never spends budget by sending (GAP-139)"}
runner: file lifecycle {"entryFile":"/Users/yuanxi/Workwork/vibe-fs/requirements/provider-attempt-recovery/tests/014.test.mjs","type":"runner:file-drained","elapsedMs":13030.51775}
[verification-test-start] {"pid":6756,"parentPid":3820,"entryFile":"/Users/yuanxi/Workwork/vibe-fs/requirements/managed-session-lifecycle/tests/018.test.mjs","name":"WHAT[managed-session-lifecycle-018] authorized owner cancellation durably abandons only its child and awaits the held Host abort","fullName":"WHAT[managed-session-lifecycle-018] authorized owner cancellation durably abandons only its child and awaits the held Host abort"}
runner: file lifecycle {"entryFile":"/Users/yuanxi/Workwork/vibe-fs/requirements/requirement-system/tests/004.test.mjs","pid":3820,"parentPid":3799,"type":"runner:file-start","elapsedMs":13031.249125}
[verification-test-start] {"pid":6934,"parentPid":3820,"entryFile":"/Users/yuanxi/Workwork/vibe-fs/requirements/provider-attempt-recovery/tests/015.test.mjs","name":"WHAT[provider-attempt-recovery-015] retry engine never admits or redispatches a StrengthReplica failure","fullName":"WHAT[provider-attempt-recovery-015] retry engine never admits or redispatches a StrengthReplica failure"}
[verification-test-start] {"pid":6934,"parentPid":3820,"entryFile":"/Users/yuanxi/Workwork/vibe-fs/requirements/provider-attempt-recovery/tests/015.test.mjs","name":"WHAT[provider-attempt-recovery-015] StrengthReplica success is ineligible to clear the owner failure count","fullName":"WHAT[provider-attempt-recovery-015] StrengthReplica success is ineligible to clear the owner failure count"}
[verification-test-start] {"pid":6934,"parentPid":3820,"entryFile":"/Users/yuanxi/Workwork/vibe-fs/requirements/provider-attempt-recovery/tests/015.test.mjs","name":"WHAT[provider-attempt-recovery-015] actual speculative success and failure leave the owner journal budget unchanged (GAP-139)","fullName":"WHAT[provider-attempt-recovery-015] actual speculative success and failure leave the owner journal budget unchanged (GAP-139)"}
runner: file lifecycle {"entryFile":"/Users/yuanxi/Workwork/vibe-fs/requirements/provider-attempt-recovery/tests/015.test.mjs","type":"runner:file-drained","elapsedMs":13061.323875}
[verification-test-start] {"pid":6953,"parentPid":3820,"entryFile":"/Users/yuanxi/Workwork/vibe-fs/requirements/requirement-system/tests/001.test.mjs","name":"WHAT[requirement-system-001] declared clause IDs have one owner in the indexed packages","fullName":"WHAT[requirement-system-001] declared clause IDs have one owner in the indexed packages"}
runner: file lifecycle {"entryFile":"/Users/yuanxi/Workwork/vibe-fs/requirements/requirement-system/tests/005.test.mjs","pid":3820,"parentPid":3799,"type":"runner:file-start","elapsedMs":13062.576375}
[verification-test-start] {"pid":6953,"parentPid":3820,"entryFile":"/Users/yuanxi/Workwork/vibe-fs/requirements/requirement-system/tests/001.test.mjs","name":"WHAT[requirement-system-001] repeated definitions are rejected while package-local numbers remain distinct","fullName":"WHAT[requirement-system-001] repeated definitions are rejected while package-local numbers remain distinct"}
[verification-test-start] {"pid":6954,"parentPid":3820,"entryFile":"/Users/yuanxi/Workwork/vibe-fs/requirements/requirement-system/tests/004.test.mjs","name":"WHAT[requirement-system-004] ownership accepts multiline titles, modifiers and template suffixes","fullName":"WHAT[requirement-system-004] ownership accepts multiline titles, modifiers and template suffixes"}
runner: file lifecycle {"entryFile":"/Users/yuanxi/Workwork/vibe-fs/requirements/requirement-system/tests/001.test.mjs","type":"runner:file-drained","elapsedMs":13087.010667}
runner: file lifecycle {"entryFile":"/Users/yuanxi/Workwork/vibe-fs/requirements/requirement-system/tests/006.test.mjs","pid":3820,"parentPid":3799,"type":"runner:file-start","elapsedMs":13087.946625}
[verification-test-start] {"pid":6954,"parentPid":3820,"entryFile":"/Users/yuanxi/Workwork/vibe-fs/requirements/requirement-system/tests/004.test.mjs","name":"WHAT[requirement-system-004] ownership rejects missing, multiple and wrong primary clauses","fullName":"WHAT[requirement-system-004] ownership rejects missing, multiple and wrong primary clauses"}
[verification-test-start] {"pid":6757,"parentPid":3820,"entryFile":"/Users/yuanxi/Workwork/vibe-fs/requirements/managed-session-lifecycle/tests/019.test.mjs","name":"WHAT[managed-session-lifecycle-019] actual logical cancel waits for every key settlement and exact capacity release (GAP-126)","fullName":"WHAT[managed-session-lifecycle-019] actual logical cancel waits for every key settlement and exact capacity release (GAP-126)"}
runner: file lifecycle {"entryFile":"/Users/yuanxi/Workwork/vibe-fs/requirements/requirement-system/tests/004.test.mjs","type":"runner:file-drained","elapsedMs":13100.229958}
runner: file lifecycle {"entryFile":"/Users/yuanxi/Workwork/vibe-fs/requirements/requirement-system/tests/007.test.mjs","pid":3820,"parentPid":3799,"type":"runner:file-start","elapsedMs":13101.767792}
[verification-test-start] {"pid":6955,"parentPid":3820,"entryFile":"/Users/yuanxi/Workwork/vibe-fs/requirements/requirement-system/tests/005.test.mjs","name":"WHAT[requirement-system-005] formal clause definitions can only live in package WHAT.md","fullName":"WHAT[requirement-system-005] formal clause definitions can only live in package WHAT.md"}
[verification-test-start] {"pid":6949,"parentPid":3820,"entryFile":"/Users/yuanxi/Workwork/vibe-fs/requirements/provider-attempt-recovery/tests/020.test.mjs","name":"WHAT[provider-attempt-recovery-020] budget_replay_exposes_domain_evidence_without_resume_authority","fullName":"WHAT[provider-attempt-recovery-020] budget_replay_exposes_domain_evidence_without_resume_authority"}
[verification-test-start] {"pid":6955,"parentPid":3820,"entryFile":"/Users/yuanxi/Workwork/vibe-fs/requirements/requirement-system/tests/005.test.mjs","name":"WHAT[requirement-system-005] clauseDefinitionHeadings surfaces ## [NNN] definitions from any file for detection","fullName":"WHAT[requirement-system-005] clauseDefinitionHeadings surfaces ## [NNN] definitions from any file for detection"}
runner: file lifecycle {"entryFile":"/Users/yuanxi/Workwork/vibe-fs/requirements/requirement-system/tests/005.test.mjs","type":"runner:file-drained","elapsedMs":13135.127417}
runner: file lifecycle {"entryFile":"/Users/yuanxi/Workwork/vibe-fs/requirements/requirement-system/tests/008.test.mjs","pid":3820,"parentPid":3799,"type":"runner:file-start","elapsedMs":13137.700583}
[verification-test-start] {"pid":6950,"parentPid":3820,"entryFile":"/Users/yuanxi/Workwork/vibe-fs/requirements/provider-attempt-recovery/tests/021.test.mjs","name":"WHAT[provider-attempt-recovery-021] explicit retain settlement preserves the exact failed target for one fresh admission","fullName":"WHAT[provider-attempt-recovery-021] explicit retain settlement preserves the exact failed target for one fresh admission"}
[verification-test-start] {"pid":6956,"parentPid":3820,"entryFile":"/Users/yuanxi/Workwork/vibe-fs/requirements/requirement-system/tests/006.test.mjs","name":"WHAT[requirement-system-006] package completeness accepts the two documents and a tests directory","fullName":"WHAT[requirement-system-006] package completeness accepts the two documents and a tests directory"}
[verification-test-start] {"pid":6957,"parentPid":3820,"entryFile":"/Users/yuanxi/Workwork/vibe-fs/requirements/requirement-system/tests/007.test.mjs","name":"WHAT[requirement-system-007] package explanatory documents may reference clauses but cannot define them","fullName":"WHAT[requirement-system-007] package explanatory documents may reference clauses but cannot define them"}
[verification-test-start] {"pid":6950,"parentPid":3820,"entryFile":"/Users/yuanxi/Workwork/vibe-fs/requirements/provider-attempt-recovery/tests/021.test.mjs","name":"WHAT[provider-attempt-recovery-021] retry preference is consumed once and does not pin future admissions","fullName":"WHAT[provider-attempt-recovery-021] retry preference is consumed once and does not pin future admissions"}
[verification-test-start] {"pid":6950,"parentPid":3820,"entryFile":"/Users/yuanxi/Workwork/vibe-fs/requirements/provider-attempt-recovery/tests/021.test.mjs","name":"WHAT[provider-attempt-recovery-021] explicit condemnation consumes an exact witness once and rotates to a healthy target","fullName":"WHAT[provider-attempt-recovery-021] explicit condemnation consumes an exact witness once and rotates to a healthy target"}
[verification-test-start] {"pid":6949,"parentPid":3820,"entryFile":"/Users/yuanxi/Workwork/vibe-fs/requirements/provider-attempt-recovery/tests/020.test.mjs","name":"WHAT[provider-attempt-recovery-020] actual plan freeze bind and consume create no manual intervention","fullName":"WHAT[provider-attempt-recovery-020] actual plan freeze bind and consume create no manual intervention"}
[verification-test-start] {"pid":6950,"parentPid":3820,"entryFile":"/Users/yuanxi/Workwork/vibe-fs/requirements/provider-attempt-recovery/tests/021.test.mjs","name":"WHAT[provider-attempt-recovery-021] the_settlement_fact_is_the_durable_provider_retry_attempt_acceptance","fullName":"WHAT[provider-attempt-recovery-021] the_settlement_fact_is_the_durable_provider_retry_attempt_acceptance"}
[verification-test-start] {"pid":6949,"parentPid":3820,"entryFile":"/Users/yuanxi/Workwork/vibe-fs/requirements/provider-attempt-recovery/tests/020.test.mjs","name":"WHAT[provider-attempt-recovery-020] real journal replay without exact licence produces no provider retry or resume side effect (GAP-139)","fullName":"WHAT[provider-attempt-recovery-020] real journal replay without exact licence produces no provider retry or resume side effect (GAP-139)"}
runner: file lifecycle {"entryFile":"/Users/yuanxi/Workwork/vibe-fs/requirements/requirement-system/tests/007.test.mjs","type":"runner:file-drained","elapsedMs":13160.54875}
runner: file lifecycle {"entryFile":"/Users/yuanxi/Workwork/vibe-fs/requirements/requirement-system/tests/011.test.mjs","pid":3820,"parentPid":3799,"type":"runner:file-start","elapsedMs":13161.770333}
[verification-test-start] {"pid":6952,"parentPid":3820,"entryFile":"/Users/yuanxi/Workwork/vibe-fs/requirements/provider-attempt-recovery/tests/023.test.mjs","name":"WHAT[provider-attempt-recovery-023] session idle sweep selectively targets only Accepted without ProviderStarted executions of that session","fullName":"WHAT[provider-attempt-recovery-023] session idle sweep selectively targets only Accepted without ProviderStarted executions of that session"}
runner: file lifecycle {"entryFile":"/Users/yuanxi/Workwork/vibe-fs/requirements/requirement-system/tests/006.test.mjs","type":"runner:file-drained","elapsedMs":13167.443125}
runner: file lifecycle {"entryFile":"/Users/yuanxi/Workwork/vibe-fs/requirements/requirement-system/tests/017.test.mjs","pid":3820,"parentPid":3799,"type":"runner:file-start","elapsedMs":13169.941417}
runner: file lifecycle {"entryFile":"/Users/yuanxi/Workwork/vibe-fs/requirements/provider-attempt-recovery/tests/020.test.mjs","type":"runner:file-drained","elapsedMs":13169.994333}
runner: file lifecycle {"entryFile":"/Users/yuanxi/Workwork/vibe-fs/requirements/requirement-system/tests/018.test.mjs","pid":3820,"parentPid":3799,"type":"runner:file-start","elapsedMs":13174.280958}
[verification-test-start] {"pid":6959,"parentPid":3820,"entryFile":"/Users/yuanxi/Workwork/vibe-fs/requirements/requirement-system/tests/008.test.mjs","name":"WHAT[requirement-system-008] spec gate rejects unknown, vacant, and suffixed clause references","fullName":"WHAT[requirement-system-008] spec gate rejects unknown, vacant, and suffixed clause references"}
[verification-test-start] {"pid":6959,"parentPid":3820,"entryFile":"/Users/yuanxi/Workwork/vibe-fs/requirements/requirement-system/tests/008.test.mjs","name":"WHAT[requirement-system-008] spec gate expands slash lists and checks range endpoints with lowercase clause IDs","fullName":"WHAT[requirement-system-008] spec gate expands slash lists and checks range endpoints with lowercase clause IDs"}
[verification-test-start] {"pid":6959,"parentPid":3820,"entryFile":"/Users/yuanxi/Workwork/vibe-fs/requirements/requirement-system/tests/008.test.mjs","name":"WHAT[requirement-system-008] spec gate finds ## [NNN] Clause definition headings in WHAT.md","fullName":"WHAT[requirement-system-008] spec gate finds ## [NNN] Clause definition headings in WHAT.md"}
runner: file lifecycle {"entryFile":"/Users/yuanxi/Workwork/vibe-fs/requirements/requirement-system/tests/008.test.mjs","type":"runner:file-drained","elapsedMs":13203.896875}
runner: file lifecycle {"entryFile":"/Users/yuanxi/Workwork/vibe-fs/requirements/session-ontology/tests/001.test.mjs","pid":3820,"parentPid":3799,"type":"runner:file-start","elapsedMs":13205.928917000001}
[verification-test-start] {"pid":6971,"parentPid":3820,"entryFile":"/Users/yuanxi/Workwork/vibe-fs/requirements/requirement-system/tests/011.test.mjs","name":"WHAT[requirement-system-011] spec gate ignores proposals directory by default","fullName":"WHAT[requirement-system-011] spec gate ignores proposals directory by default"}
runner: file lifecycle {"entryFile":"/Users/yuanxi/Workwork/vibe-fs/requirements/requirement-system/tests/011.test.mjs","type":"runner:file-drained","elapsedMs":13220.924417}
runner: file lifecycle {"entryFile":"/Users/yuanxi/Workwork/vibe-fs/requirements/session-ontology/tests/002.test.mjs","pid":3820,"parentPid":3799,"type":"runner:file-start","elapsedMs":13222.868083}
[verification-test-start] {"pid":6973,"parentPid":3820,"entryFile":"/Users/yuanxi/Workwork/vibe-fs/requirements/requirement-system/tests/018.test.mjs","name":"WHAT[requirement-system-018] files map to live clauses without requiring a file for every clause","fullName":"WHAT[requirement-system-018] files map to live clauses without requiring a file for every clause"}
[verification-test-start] {"pid":6972,"parentPid":3820,"entryFile":"/Users/yuanxi/Workwork/vibe-fs/requirements/requirement-system/tests/017.test.mjs","name":"WHAT[requirement-system-017] the executable verifier scans the complete requirements tree","fullName":"WHAT[requirement-system-017] the executable verifier scans the complete requirements tree"}
[verification-test-start] {"pid":6756,"parentPid":3820,"entryFile":"/Users/yuanxi/Workwork/vibe-fs/requirements/managed-session-lifecycle/tests/018.test.mjs","name":"WHAT[managed-session-lifecycle-018] plugin shutdown waits for already admitted provider transforms and terminal callbacks without logical cancellation (GAP-133)","fullName":"WHAT[managed-session-lifecycle-018] plugin shutdown waits for already admitted provider transforms and terminal callbacks without logical cancellation (GAP-133)"}
[verification-test-start] {"pid":6756,"parentPid":3820,"entryFile":"/Users/yuanxi/Workwork/vibe-fs/requirements/managed-session-lifecycle/tests/018.test.mjs","name":"WHAT[managed-session-lifecycle-018] actual plugin dispose detaches capacity without cancelling durable Accepted executions","fullName":"WHAT[managed-session-lifecycle-018] actual plugin dispose detaches capacity without cancelling durable Accepted executions"}
[verification-test-start] {"pid":6973,"parentPid":3820,"entryFile":"/Users/yuanxi/Workwork/vibe-fs/requirements/requirement-system/tests/018.test.mjs","name":"WHAT[requirement-system-018] wrong names, retired clause numbers and split files are rejected","fullName":"WHAT[requirement-system-018] wrong names, retired clause numbers and split files are rejected"}
runner: file lifecycle {"entryFile":"/Users/yuanxi/Workwork/vibe-fs/requirements/requirement-system/tests/018.test.mjs","type":"runner:file-drained","elapsedMs":13258.138125}
runner: file lifecycle {"entryFile":"/Users/yuanxi/Workwork/vibe-fs/requirements/session-ontology/tests/003.test.mjs","pid":3820,"parentPid":3799,"type":"runner:file-start","elapsedMs":13259.311}
fatal: not a git repository (or any of the parent directories): .git
[verification-test-start] {"pid":6974,"parentPid":3820,"entryFile":"/Users/yuanxi/Workwork/vibe-fs/requirements/session-ontology/tests/001.test.mjs","name":"WHAT[session-ontology-001] execution predicates distinguish Work from InternalLeaf","fullName":"WHAT[session-ontology-001] execution predicates distinguish Work from InternalLeaf"}
fatal: not a git repository (or any of the parent directories): .git
runner: file lifecycle {"entryFile":"/Users/yuanxi/Workwork/vibe-fs/requirements/session-ontology/tests/001.test.mjs","type":"runner:file-drained","elapsedMs":13309.353708}
runner: file lifecycle {"entryFile":"/Users/yuanxi/Workwork/vibe-fs/requirements/session-ontology/tests/004.test.mjs","pid":3820,"parentPid":3799,"type":"runner:file-start","elapsedMs":13311.052583}
[verification-test-start] {"pid":6975,"parentPid":3820,"entryFile":"/Users/yuanxi/Workwork/vibe-fs/requirements/session-ontology/tests/002.test.mjs","name":"WHAT[session-ontology-002] an actual companion association exposes one owner and one attachment kind","fullName":"WHAT[session-ontology-002] an actual companion association exposes one owner and one attachment kind"}
[verification-test-start] {"pid":6975,"parentPid":3820,"entryFile":"/Users/yuanxi/Workwork/vibe-fs/requirements/session-ontology/tests/002.test.mjs","name":"WHAT[session-ontology-002] Root and Attached project mutually exclusive ownership shapes","fullName":"WHAT[session-ontology-002] Root and Attached project mutually exclusive ownership shapes"}
[verification-test-start] {"pid":6987,"parentPid":3820,"entryFile":"/Users/yuanxi/Workwork/vibe-fs/requirements/session-ontology/tests/003.test.mjs","name":"WHAT[session-ontology-003] dedicated classification uses production role-to-attachment rules","fullName":"WHAT[session-ontology-003] dedicated classification uses production role-to-attachment rules"}
runner: file lifecycle {"entryFile":"/Users/yuanxi/Workwork/vibe-fs/requirements/session-ontology/tests/002.test.mjs","type":"runner:file-drained","elapsedMs":13331.525542}
runner: file lifecycle {"entryFile":"/Users/yuanxi/Workwork/vibe-fs/requirements/session-ontology/tests/005.test.mjs","pid":3820,"parentPid":3799,"type":"runner:file-start","elapsedMs":13333.262292}
runner: file lifecycle {"entryFile":"/Users/yuanxi/Workwork/vibe-fs/requirements/session-ontology/tests/003.test.mjs","type":"runner:file-drained","elapsedMs":13333.924208}
runner: file lifecycle {"entryFile":"/Users/yuanxi/Workwork/vibe-fs/requirements/session-ontology/tests/006.test.mjs","pid":3820,"parentPid":3799,"type":"runner:file-start","elapsedMs":13335.878458000001}
[verification-test-start] {"pid":6950,"parentPid":3820,"entryFile":"/Users/yuanxi/Workwork/vibe-fs/requirements/provider-attempt-recovery/tests/021.test.mjs","name":"WHAT[provider-attempt-recovery-021] the_lwr_retry_payload_replaces_the_covered_prefix_with_the_work_record","fullName":"WHAT[provider-attempt-recovery-021] the_lwr_retry_payload_replaces_the_covered_prefix_with_the_work_record"}
[verification-test-start] {"pid":6950,"parentPid":3820,"entryFile":"/Users/yuanxi/Workwork/vibe-fs/requirements/provider-attempt-recovery/tests/021.test.mjs","name":"WHAT[provider-attempt-recovery-021] actual ordinary and sync-delegate recovery combine exact durable LWR evidence and target settlement after licensing and before send (GAP-139)","fullName":"WHAT[provider-attempt-recovery-021] actual ordinary and sync-delegate recovery combine exact durable LWR evidence and target settlement after licensing and before send (GAP-139)"}
[verification-test-start] {"pid":6952,"parentPid":3820,"entryFile":"/Users/yuanxi/Workwork/vibe-fs/requirements/provider-attempt-recovery/tests/023.test.mjs","name":"WHAT[provider-attempt-recovery-023] missing resume capability terminalizes the accepted execution instead of leaving it Accepted","fullName":"WHAT[provider-attempt-recovery-023] missing resume capability terminalizes the accepted execution instead of leaving it Accepted"}
runner: file lifecycle {"entryFile":"/Users/yuanxi/Workwork/vibe-fs/requirements/provider-attempt-recovery/tests/021.test.mjs","type":"runner:file-drained","elapsedMs":13375.07425}
runner: file lifecycle {"entryFile":"/Users/yuanxi/Workwork/vibe-fs/requirements/session-ontology/tests/007.test.mjs","pid":3820,"parentPid":3799,"type":"runner:file-start","elapsedMs":13375.804125}
[verification-test-start] {"pid":7003,"parentPid":3820,"entryFile":"/Users/yuanxi/Workwork/vibe-fs/requirements/session-ontology/tests/004.test.mjs","name":"WHAT[session-ontology-004] a linked Companion is an owned leaf with no Companion of its own","fullName":"WHAT[session-ontology-004] a linked Companion is an owned leaf with no Companion of its own"}
[verification-test-start] {"pid":7003,"parentPid":3820,"entryFile":"/Users/yuanxi/Workwork/vibe-fs/requirements/session-ontology/tests/004.test.mjs","name":"WHAT[session-ontology-004] production replica classification is InternalLeaf plus Attached","fullName":"WHAT[session-ontology-004] production replica classification is InternalLeaf plus Attached"}
runner: file lifecycle {"entryFile":"/Users/yuanxi/Workwork/vibe-fs/requirements/session-ontology/tests/004.test.mjs","type":"runner:file-drained","elapsedMs":13388.98375}
runner: file lifecycle {"entryFile":"/Users/yuanxi/Workwork/vibe-fs/requirements/session-ontology/tests/008.test.mjs","pid":3820,"parentPid":3799,"type":"runner:file-start","elapsedMs":13389.709208}
fatal: not a git repository (or any of the parent directories): .git
[verification-test-start] {"pid":7010,"parentPid":3820,"entryFile":"/Users/yuanxi/Workwork/vibe-fs/requirements/session-ontology/tests/005.test.mjs","name":"WHAT[session-ontology-005] HOST_008_companion_cannot_serve_two_work_sessions","fullName":"WHAT[session-ontology-005] HOST_008_companion_cannot_serve_two_work_sessions"}
[verification-test-start] {"pid":7011,"parentPid":3820,"entryFile":"/Users/yuanxi/Workwork/vibe-fs/requirements/session-ontology/tests/006.test.mjs","name":"WHAT[session-ontology-006] HOST_008_work_parent_is_recorded_when_supplied","fullName":"WHAT[session-ontology-006] HOST_008_work_parent_is_recorded_when_supplied"}
[verification-test-start] {"pid":7010,"parentPid":3820,"entryFile":"/Users/yuanxi/Workwork/vibe-fs/requirements/session-ontology/tests/005.test.mjs","name":"WHAT[session-ontology-005] HOST_008_session_cannot_be_its_own_companion","fullName":"WHAT[session-ontology-005] HOST_008_session_cannot_be_its_own_companion"}
runner: file lifecycle {"entryFile":"/Users/yuanxi/Workwork/vibe-fs/requirements/session-ontology/tests/005.test.mjs","type":"runner:file-drained","elapsedMs":13421.320917000001}
runner: file lifecycle {"entryFile":"/Users/yuanxi/Workwork/vibe-fs/requirements/session-ontology/tests/009.test.mjs","pid":3820,"parentPid":3799,"type":"runner:file-start","elapsedMs":13424.345042}
fatal: not a git repository (or any of the parent directories): .git
[verification-test-start] {"pid":6952,"parentPid":3820,"entryFile":"/Users/yuanxi/Workwork/vibe-fs/requirements/provider-attempt-recovery/tests/023.test.mjs","name":"WHAT[provider-attempt-recovery-023] real boot sweep after process restart resolves only Accepted-without-start and preserves exact accepted material without replacement send (GAP-139)","fullName":"WHAT[provider-attempt-recovery-023] real boot sweep after process restart resolves only Accepted-without-start and preserves exact accepted material without replacement send (GAP-139)"}
[verification-test-start] {"pid":7012,"parentPid":3820,"entryFile":"/Users/yuanxi/Workwork/vibe-fs/requirements/session-ontology/tests/007.test.mjs","name":"WHAT[session-ontology-007] HOST_008_durable_link_derives_work_and_leaf_cells","fullName":"WHAT[session-ontology-007] HOST_008_durable_link_derives_work_and_leaf_cells"}
[verification-test-start] {"pid":7013,"parentPid":3820,"entryFile":"/Users/yuanxi/Workwork/vibe-fs/requirements/session-ontology/tests/008.test.mjs","name":"WHAT[session-ontology-008] HOST_008_linking_records_both_directions","fullName":"WHAT[session-ontology-008] HOST_008_linking_records_both_directions"}
fatal: not a git repository (or any of the parent directories): .git
[verification-test-start] {"pid":7013,"parentPid":3820,"entryFile":"/Users/yuanxi/Workwork/vibe-fs/requirements/session-ontology/tests/008.test.mjs","name":"WHAT[session-ontology-008] COMPANION_002_companion_side_answers_isCompanion_immediately","fullName":"WHAT[session-ontology-008] COMPANION_002_companion_side_answers_isCompanion_immediately"}
[verification-test-start] {"pid":7013,"parentPid":3820,"entryFile":"/Users/yuanxi/Workwork/vibe-fs/requirements/session-ontology/tests/008.test.mjs","name":"WHAT[session-ontology-008] COMPANION_002_companion_is_structurally_a_leaf","fullName":"WHAT[session-ontology-008] COMPANION_002_companion_is_structurally_a_leaf"}
[verification-test-start] {"pid":7011,"parentPid":3820,"entryFile":"/Users/yuanxi/Workwork/vibe-fs/requirements/session-ontology/tests/006.test.mjs","name":"WHAT[session-ontology-006] HOST_008_relink_without_parent_does_not_erase_known_parent","fullName":"WHAT[session-ontology-006] HOST_008_relink_without_parent_does_not_erase_known_parent"}
[verification-test-start] {"pid":7013,"parentPid":3820,"entryFile":"/Users/yuanxi/Workwork/vibe-fs/requirements/session-ontology/tests/008.test.mjs","name":"WHAT[session-ontology-008] COMPANION_002_companion_cannot_receive_a_companion","fullName":"WHAT[session-ontology-008] COMPANION_002_companion_cannot_receive_a_companion"}
[verification-test-start] {"pid":7011,"parentPid":3820,"entryFile":"/Users/yuanxi/Workwork/vibe-fs/requirements/session-ontology/tests/006.test.mjs","name":"WHAT[session-ontology-006] flattenedChildAdapterProbe confirms managed child physical parent is family root in-process","fullName":"WHAT[session-ontology-006] flattenedChildAdapterProbe confirms managed child physical parent is family root in-process"}
[verification-test-start] {"pid":7013,"parentPid":3820,"entryFile":"/Users/yuanxi/Workwork/vibe-fs/requirements/session-ontology/tests/008.test.mjs","name":"WHAT[session-ontology-008] COMPANION_003_relinking_same_pair_is_idempotent","fullName":"WHAT[session-ontology-008] COMPANION_003_relinking_same_pair_is_idempotent"}
runner: file lifecycle {"entryFile":"/Users/yuanxi/Workwork/vibe-fs/requirements/session-ontology/tests/007.test.mjs","type":"runner:file-drained","elapsedMs":13464.28375}
runner: file lifecycle {"entryFile":"/Users/yuanxi/Workwork/vibe-fs/requirements/session-ontology/tests/010.test.mjs","pid":3820,"parentPid":3799,"type":"runner:file-start","elapsedMs":13465.598750000001}
[verification-test-start] {"pid":7013,"parentPid":3820,"entryFile":"/Users/yuanxi/Workwork/vibe-fs/requirements/session-ontology/tests/008.test.mjs","name":"WHAT[session-ontology-008] COMPANION_002_second_companion_for_one_work_session_is_refused","fullName":"WHAT[session-ontology-008] COMPANION_002_second_companion_for_one_work_session_is_refused"}
[verification-test-start] {"pid":7013,"parentPid":3820,"entryFile":"/Users/yuanxi/Workwork/vibe-fs/requirements/session-ontology/tests/008.test.mjs","name":"WHAT[session-ontology-008] a registered Work session cannot be overwritten as another session companion","fullName":"WHAT[session-ontology-008] a registered Work session cannot be overwritten as another session companion"}
[verification-test-start] {"pid":7011,"parentPid":3820,"entryFile":"/Users/yuanxi/Workwork/vibe-fs/requirements/session-ontology/tests/006.test.mjs","name":"WHAT[session-ontology-006] restored child owner with empty process-local map flattens physical parent to authoritative Host root","fullName":"WHAT[session-ontology-006] restored child owner with empty process-local map flattens physical parent to authoritative Host root"}
[verification-test-start] {"pid":7013,"parentPid":3820,"entryFile":"/Users/yuanxi/Workwork/vibe-fs/requirements/session-ontology/tests/008.test.mjs","name":"WHAT[session-ontology-008] COMPANION_002_unlinking_does_not_disturb_another_pair","fullName":"WHAT[session-ontology-008] COMPANION_002_unlinking_does_not_disturb_another_pair"}
runner: file lifecycle {"entryFile":"/Users/yuanxi/Workwork/vibe-fs/requirements/provider-attempt-recovery/tests/023.test.mjs","type":"runner:file-drained","elapsedMs":13469.635417}
runner: file lifecycle {"entryFile":"/Users/yuanxi/Workwork/vibe-fs/requirements/session-ontology/tests/011.test.mjs","pid":3820,"parentPid":3799,"type":"runner:file-start","elapsedMs":13471.438042}
[verification-test-start] {"pid":7011,"parentPid":3820,"entryFile":"/Users/yuanxi/Workwork/vibe-fs/requirements/session-ontology/tests/006.test.mjs","name":"WHAT[session-ontology-006] unknown parent query error fails closed and creates no session","fullName":"WHAT[session-ontology-006] unknown parent query error fails closed and creates no session"}
[verification-test-start] {"pid":7011,"parentPid":3820,"entryFile":"/Users/yuanxi/Workwork/vibe-fs/requirements/session-ontology/tests/006.test.mjs","name":"WHAT[session-ontology-006] session parent cycle fails closed and refuses creation","fullName":"WHAT[session-ontology-006] session parent cycle fails closed and refuses creation"}
runner: file lifecycle {"entryFile":"/Users/yuanxi/Workwork/vibe-fs/requirements/session-ontology/tests/008.test.mjs","type":"runner:file-drained","elapsedMs":13476.608417}
runner: file lifecycle {"entryFile":"/Users/yuanxi/Workwork/vibe-fs/requirements/session-ontology/tests/012.test.mjs","pid":3820,"parentPid":3799,"type":"runner:file-start","elapsedMs":13477.846083}
runner: file lifecycle {"entryFile":"/Users/yuanxi/Workwork/vibe-fs/requirements/session-ontology/tests/006.test.mjs","type":"runner:file-drained","elapsedMs":13478.375167}
[verification-test-start] {"pid":6948,"parentPid":3820,"entryFile":"/Users/yuanxi/Workwork/vibe-fs/requirements/provider-attempt-recovery/tests/019.test.mjs","name":"WHAT[provider-attempt-recovery-019] rejects nested physical retry owner","fullName":"WHAT[provider-attempt-recovery-019] rejects nested physical retry owner"}
runner: file lifecycle {"entryFile":"/Users/yuanxi/Workwork/vibe-fs/requirements/session-ontology/tests/014.test.mjs","pid":3820,"parentPid":3799,"type":"runner:file-start","elapsedMs":13480.831917}
fatal: not a git repository (or any of the parent directories): .git
[verification-test-start] {"pid":6948,"parentPid":3820,"entryFile":"/Users/yuanxi/Workwork/vibe-fs/requirements/provider-attempt-recovery/tests/019.test.mjs","name":"WHAT[provider-attempt-recovery-019] rejects retry classification from diagnostic text","fullName":"WHAT[provider-attempt-recovery-019] rejects retry classification from diagnostic text"}
[verification-test-start] {"pid":6948,"parentPid":3820,"entryFile":"/Users/yuanxi/Workwork/vibe-fs/requirements/provider-attempt-recovery/tests/019.test.mjs","name":"WHAT[provider-attempt-recovery-019] real retry engine admits only typed provider failures and passes the same exact licence to redispatch","fullName":"WHAT[provider-attempt-recovery-019] real retry engine admits only typed provider failures and passes the same exact licence to redispatch"}
[verification-test-start] {"pid":6948,"parentPid":3820,"entryFile":"/Users/yuanxi/Workwork/vibe-fs/requirements/provider-attempt-recovery/tests/019.test.mjs","name":"WHAT[provider-attempt-recovery-019] real retry engine waits for admission and never redispatches a refused exhausted or superseded episode","fullName":"WHAT[provider-attempt-recovery-019] real retry engine waits for admission and never redispatches a refused exhausted or superseded episode"}
[verification-test-start] {"pid":7024,"parentPid":3820,"entryFile":"/Users/yuanxi/Workwork/vibe-fs/requirements/session-ontology/tests/009.test.mjs","name":"WHAT[session-ontology-009] independent Work associations retain distinct Companions","fullName":"WHAT[session-ontology-009] independent Work associations retain distinct Companions"}
[verification-test-start] {"pid":6948,"parentPid":3820,"entryFile":"/Users/yuanxi/Workwork/vibe-fs/requirements/provider-attempt-recovery/tests/019.test.mjs","name":"WHAT[provider-attempt-recovery-019] retry licence changes with the exact provider run and request kind","fullName":"WHAT[provider-attempt-recovery-019] retry licence changes with the exact provider run and request kind"}
[verification-test-start] {"pid":6948,"parentPid":3820,"entryFile":"/Users/yuanxi/Workwork/vibe-fs/requirements/provider-attempt-recovery/tests/019.test.mjs","name":"WHAT[provider-attempt-recovery-019] all production callers and wrong-attempt ledger inputs enforce the opaque licence without alternate retry owners (GAP-139)","fullName":"WHAT[provider-attempt-recovery-019] all production callers and wrong-attempt ledger inputs enforce the opaque licence without alternate retry owners (GAP-139)"}
[verification-test-start] {"pid":7024,"parentPid":3820,"entryFile":"/Users/yuanxi/Workwork/vibe-fs/requirements/session-ontology/tests/009.test.mjs","name":"WHAT[session-ontology-009] COMPANION_003_unlinking_frees_work_session_for_fresh_companion","fullName":"WHAT[session-ontology-009] COMPANION_003_unlinking_frees_work_session_for_fresh_companion"}
[verification-test-start] {"pid":7024,"parentPid":3820,"entryFile":"/Users/yuanxi/Workwork/vibe-fs/requirements/session-ontology/tests/009.test.mjs","name":"WHAT[session-ontology-009] COMPANION_003_unlinking_is_total_and_idempotent","fullName":"WHAT[session-ontology-009] COMPANION_003_unlinking_is_total_and_idempotent"}
[verification-test-start] {"pid":7046,"parentPid":3820,"entryFile":"/Users/yuanxi/Workwork/vibe-fs/requirements/session-ontology/tests/011.test.mjs","name":"WHAT[session-ontology-011] replica runtime must prove one active replica per owner, disposal and no transcript reuse; a literal satellite-kind list proves none of these","fullName":"WHAT[session-ontology-011] replica runtime must prove one active replica per owner, disposal and no transcript reuse; a literal satellite-kind list proves none of these"}
runner: file lifecycle {"entryFile":"/Users/yuanxi/Workwork/vibe-fs/requirements/provider-attempt-recovery/tests/019.test.mjs","type":"runner:file-drained","elapsedMs":13511.809167}
runner: file lifecycle {"entryFile":"/Users/yuanxi/Workwork/vibe-fs/requirements/sphinx-v2/tests/001.test.mjs","pid":3820,"parentPid":3799,"type":"runner:file-start","elapsedMs":13513.684625}
runner: file lifecycle {"entryFile":"/Users/yuanxi/Workwork/vibe-fs/requirements/session-ontology/tests/011.test.mjs","type":"runner:file-drained","elapsedMs":13523.100708}
runner: file lifecycle {"entryFile":"/Users/yuanxi/Workwork/vibe-fs/requirements/sphinx-v2/tests/002.test.mjs","pid":3820,"parentPid":3799,"type":"runner:file-start","elapsedMs":13524.570292}
[verification-test-start] {"pid":7048,"parentPid":3820,"entryFile":"/Users/yuanxi/Workwork/vibe-fs/requirements/session-ontology/tests/014.test.mjs","name":"WHAT[session-ontology-014] flat topology and legal role boundaries need production evidence after their scope is resolved; a literal Companion-only list is not that evidence","fullName":"WHAT[session-ontology-014] flat topology and legal role boundaries need production evidence after their scope is resolved; a literal Companion-only list is not that evidence"}
runner: file lifecycle {"entryFile":"/Users/yuanxi/Workwork/vibe-fs/requirements/session-ontology/tests/009.test.mjs","type":"runner:file-drained","elapsedMs":13530.578542}
runner: file lifecycle {"entryFile":"/Users/yuanxi/Workwork/vibe-fs/requirements/sphinx-v2/tests/004.test.mjs","pid":3820,"parentPid":3799,"type":"runner:file-start","elapsedMs":13533.387333}
runner: file lifecycle {"entryFile":"/Users/yuanxi/Workwork/vibe-fs/requirements/session-ontology/tests/014.test.mjs","type":"runner:file-drained","elapsedMs":13535.241}
runner: file lifecycle {"entryFile":"/Users/yuanxi/Workwork/vibe-fs/requirements/sphinx-v2/tests/007.test.mjs","pid":3820,"parentPid":3799,"type":"runner:file-start","elapsedMs":13543.003292}
[verification-test-start] {"pid":7047,"parentPid":3820,"entryFile":"/Users/yuanxi/Workwork/vibe-fs/requirements/session-ontology/tests/012.test.mjs","name":"WHAT[session-ontology-012] Bookkeeper attachment preserves the exact transaction identity","fullName":"WHAT[session-ontology-012] Bookkeeper attachment preserves the exact transaction identity"}
[verification-test-start] {"pid":7045,"parentPid":3820,"entryFile":"/Users/yuanxi/Workwork/vibe-fs/requirements/session-ontology/tests/010.test.mjs","name":"WHAT[session-ontology-010] COMPANION_001_unknown_session_is_not_a_companion","fullName":"WHAT[session-ontology-010] COMPANION_001_unknown_session_is_not_a_companion"}
runner: file lifecycle {"entryFile":"/Users/yuanxi/Workwork/vibe-fs/requirements/session-ontology/tests/012.test.mjs","type":"runner:file-drained","elapsedMs":13547.184833}
runner: file lifecycle {"entryFile":"/Users/yuanxi/Workwork/vibe-fs/requirements/sphinx-v2/tests/010.test.mjs","pid":3820,"parentPid":3799,"type":"runner:file-start","elapsedMs":13547.911458}
runner: file lifecycle {"entryFile":"/Users/yuanxi/Workwork/vibe-fs/requirements/session-ontology/tests/010.test.mjs","type":"runner:file-drained","elapsedMs":13552.757917}
runner: file lifecycle {"entryFile":"/Users/yuanxi/Workwork/vibe-fs/requirements/sphinx-v2/tests/011.test.mjs","pid":3820,"parentPid":3799,"type":"runner:file-start","elapsedMs":13554.08775}
[verification-test-start] {"pid":7050,"parentPid":3820,"entryFile":"/Users/yuanxi/Workwork/vibe-fs/requirements/sphinx-v2/tests/002.test.mjs","name":"WHAT[sphinx-v2-002] the profile config hash input carries no ranking terms","fullName":"WHAT[sphinx-v2-002] the profile config hash input carries no ranking terms"}
[verification-test-start] {"pid":7050,"parentPid":3820,"entryFile":"/Users/yuanxi/Workwork/vibe-fs/requirements/sphinx-v2/tests/002.test.mjs","name":"WHAT[sphinx-v2-002] an invalid profile is refused","fullName":"WHAT[sphinx-v2-002] an invalid profile is refused"}
[verification-test-start] {"pid":7050,"parentPid":3820,"entryFile":"/Users/yuanxi/Workwork/vibe-fs/requirements/sphinx-v2/tests/002.test.mjs","name":"WHAT[sphinx-v2-002] the declared default profile is admissible","fullName":"WHAT[sphinx-v2-002] the declared default profile is admissible"}
[verification-test-start] {"pid":7050,"parentPid":3820,"entryFile":"/Users/yuanxi/Workwork/vibe-fs/requirements/sphinx-v2/tests/002.test.mjs","name":"WHAT[sphinx-v2-002] delegated execution claims no independence","fullName":"WHAT[sphinx-v2-002] delegated execution claims no independence"}
[verification-test-start] {"pid":7050,"parentPid":3820,"entryFile":"/Users/yuanxi/Workwork/vibe-fs/requirements/sphinx-v2/tests/002.test.mjs","name":"WHAT[sphinx-v2-002] an Unestimated plan cannot gain a usable estimate from supplied Rank or Location","fullName":"WHAT[sphinx-v2-002] an Unestimated plan cannot gain a usable estimate from supplied Rank or Location"}
[verification-test-start] {"pid":7050,"parentPid":3820,"entryFile":"/Users/yuanxi/Workwork/vibe-fs/requirements/sphinx-v2/tests/002.test.mjs","name":"WHAT[sphinx-v2-002] a collection of only Unestimated plans has no selected alternative","fullName":"WHAT[sphinx-v2-002] a collection of only Unestimated plans has no selected alternative"}
[verification-test-start] {"pid":7050,"parentPid":3820,"entryFile":"/Users/yuanxi/Workwork/vibe-fs/requirements/sphinx-v2/tests/002.test.mjs","name":"WHAT[sphinx-v2-002] declared estimates retain the existing zero-rank convention","fullName":"WHAT[sphinx-v2-002] declared estimates retain the existing zero-rank convention"}
[verification-test-start] {"pid":7050,"parentPid":3820,"entryFile":"/Users/yuanxi/Workwork/vibe-fs/requirements/sphinx-v2/tests/002.test.mjs","name":"WHAT[sphinx-v2-002] an empty comparison or missing estimates cannot claim numerical comparability","fullName":"WHAT[sphinx-v2-002] an empty comparison or missing estimates cannot claim numerical comparability"}
runner: file lifecycle {"entryFile":"/Users/yuanxi/Workwork/vibe-fs/requirements/sphinx-v2/tests/002.test.mjs","type":"runner:file-drained","elapsedMs":13669.7805}
runner: file lifecycle {"entryFile":"/Users/yuanxi/Workwork/vibe-fs/requirements/sphinx-v2/tests/012.test.mjs","pid":3820,"parentPid":3799,"type":"runner:file-start","elapsedMs":13677.338708}
[verification-test-start] {"pid":7049,"parentPid":3820,"entryFile":"/Users/yuanxi/Workwork/vibe-fs/requirements/sphinx-v2/tests/001.test.mjs","name":"WHAT[sphinx-v2-001] a real created goal keeps the exact submitted text and initial revision","fullName":"WHAT[sphinx-v2-001] a real created goal keeps the exact submitted text and initial revision"}
[verification-test-start] {"pid":7049,"parentPid":3820,"entryFile":"/Users/yuanxi/Workwork/vibe-fs/requirements/sphinx-v2/tests/001.test.mjs","name":"WHAT[sphinx-v2-001] an explicit amendment advances revision while leaving the earlier goal value unchanged","fullName":"WHAT[sphinx-v2-001] an explicit amendment advances revision while leaving the earlier goal value unchanged"}
[verification-test-start] {"pid":7049,"parentPid":3820,"entryFile":"/Users/yuanxi/Workwork/vibe-fs/requirements/sphinx-v2/tests/001.test.mjs","name":"WHAT[sphinx-v2-001] a blank amendment authorizer is refused without advancing the original goal","fullName":"WHAT[sphinx-v2-001] a blank amendment authorizer is refused without advancing the original goal"}
[verification-test-start] {"pid":7049,"parentPid":3820,"entryFile":"/Users/yuanxi/Workwork/vibe-fs/requirements/sphinx-v2/tests/001.test.mjs","name":"WHAT[sphinx-v2-001] durable goal snapshots preserve exact user text and proposals do not become amendments during cold replay","fullName":"WHAT[sphinx-v2-001] durable goal snapshots preserve exact user text and proposals do not become amendments during cold replay"}
[verification-test-start] {"pid":7051,"parentPid":3820,"entryFile":"/Users/yuanxi/Workwork/vibe-fs/requirements/sphinx-v2/tests/004.test.mjs","name":"WHAT[sphinx-v2-004] provider receipt classification preserves unresolved usage rather than billing it as zero","fullName":"WHAT[sphinx-v2-004] provider receipt classification preserves unresolved usage rather than billing it as zero"}
[verification-test-start] {"pid":7055,"parentPid":3820,"entryFile":"/Users/yuanxi/Workwork/vibe-fs/requirements/sphinx-v2/tests/012.test.mjs","name":"WHAT[sphinx-v2-012] out-of-order results in one round use local work attempt fence ticket and scope while control commands enforce expectedRevision","fullName":"WHAT[sphinx-v2-012] out-of-order results in one round use local work attempt fence ticket and scope while control commands enforce expectedRevision"}
[verification-test-start] {"pid":7051,"parentPid":3820,"entryFile":"/Users/yuanxi/Workwork/vibe-fs/requirements/sphinx-v2/tests/004.test.mjs","name":"WHAT[sphinx-v2-004] canonical reservations retain each work amount rather than the accumulated pool through cold replay","fullName":"WHAT[sphinx-v2-004] canonical reservations retain each work amount rather than the accumulated pool through cold replay"}
runner: file lifecycle {"entryFile":"/Users/yuanxi/Workwork/vibe-fs/requirements/sphinx-v2/tests/012.test.mjs","type":"runner:file-drained","elapsedMs":13728.826625}
runner: file lifecycle {"entryFile":"/Users/yuanxi/Workwork/vibe-fs/requirements/sphinx-v2/tests/013.test.mjs","pid":3820,"parentPid":3799,"type":"runner:file-start","elapsedMs":13730.668292}
[verification-test-start] {"pid":7052,"parentPid":3820,"entryFile":"/Users/yuanxi/Workwork/vibe-fs/requirements/sphinx-v2/tests/007.test.mjs","name":"WHAT[sphinx-v2-007] a fresh dispatch with a missing Some round refuses its whole batch without creating a placeholder","fullName":"WHAT[sphinx-v2-007] a fresh dispatch with a missing Some round refuses its whole batch without creating a placeholder"}
[verification-test-start] {"pid":7051,"parentPid":3820,"entryFile":"/Users/yuanxi/Workwork/vibe-fs/requirements/sphinx-v2/tests/004.test.mjs","name":"WHAT[sphinx-v2-004] reservations that exactly fill the authorized pool do not charge outstanding amounts twice","fullName":"WHAT[sphinx-v2-004] reservations that exactly fill the authorized pool do not charge outstanding amounts twice"}
[verification-test-start] {"pid":7053,"parentPid":3820,"entryFile":"/Users/yuanxi/Workwork/vibe-fs/requirements/sphinx-v2/tests/010.test.mjs","name":"WHAT[sphinx-v2-010] recovery classification distinguishes unsent intent from an unrecorded Host receipt","fullName":"WHAT[sphinx-v2-010] recovery classification distinguishes unsent intent from an unrecorded Host receipt"}
[verification-test-start] {"pid":7049,"parentPid":3820,"entryFile":"/Users/yuanxi/Workwork/vibe-fs/requirements/sphinx-v2/tests/001.test.mjs","name":"WHAT[sphinx-v2-001] the actual command boundary accepts only user-authorized goal amendments and invalidates dependent estimates without deleting observations","fullName":"WHAT[sphinx-v2-001] the actual command boundary accepts only user-authorized goal amendments and invalidates dependent estimates without deleting observations"}
[verification-test-start] {"pid":6757,"parentPid":3820,"entryFile":"/Users/yuanxi/Workwork/vibe-fs/requirements/managed-session-lifecycle/tests/019.test.mjs","name":"WHAT[managed-session-lifecycle-019] uncertain terminal commit keeps cancel and delete fail closed without release (GAP-126)","fullName":"WHAT[managed-session-lifecycle-019] uncertain terminal commit keeps cancel and delete fail closed without release (GAP-126)"}
runner: file lifecycle {"entryFile":"/Users/yuanxi/Workwork/vibe-fs/requirements/sphinx-v2/tests/001.test.mjs","type":"runner:file-drained","elapsedMs":13782.230833}
[verification-test-start] {"pid":7053,"parentPid":3820,"entryFile":"/Users/yuanxi/Workwork/vibe-fs/requirements/sphinx-v2/tests/010.test.mjs","name":"WHAT[sphinx-v2-010] canonical Current freezes the complete durable intent and receipt without inventing Running","fullName":"WHAT[sphinx-v2-010] canonical Current freezes the complete durable intent and receipt without inventing Running"}
runner: file lifecycle {"entryFile":"/Users/yuanxi/Workwork/vibe-fs/requirements/sphinx-v2/tests/014.test.mjs","pid":3820,"parentPid":3799,"type":"runner:file-start","elapsedMs":13783.055}
[verification-test-start] {"pid":7051,"parentPid":3820,"entryFile":"/Users/yuanxi/Workwork/vibe-fs/requirements/sphinx-v2/tests/004.test.mjs","name":"WHAT[sphinx-v2-004] actual durable reservations survive unresolved usage and settle cancellation duplicate calls and observed overrun exactly once","fullName":"WHAT[sphinx-v2-004] actual durable reservations survive unresolved usage and settle cancellation duplicate calls and observed overrun exactly once"}
[verification-test-start] {"pid":7054,"parentPid":3820,"entryFile":"/Users/yuanxi/Workwork/vibe-fs/requirements/sphinx-v2/tests/011.test.mjs","name":"WHAT[sphinx-v2-011] durable command replay returns its original content-bound receipt after later revisions and a new writer","fullName":"WHAT[sphinx-v2-011] durable command replay returns its original content-bound receipt after later revisions and a new writer"}
[verification-test-start] {"pid":7052,"parentPid":3820,"entryFile":"/Users/yuanxi/Workwork/vibe-fs/requirements/sphinx-v2/tests/007.test.mjs","name":"WHAT[sphinx-v2-007] an independent work with RoundId None records its intent without inventing a round and survives cold replay","fullName":"WHAT[sphinx-v2-007] an independent work with RoundId None records its intent without inventing a round and survives cold replay"}
runner: file lifecycle {"entryFile":"/Users/yuanxi/Workwork/vibe-fs/requirements/sphinx-v2/tests/004.test.mjs","type":"runner:file-drained","elapsedMs":13799.461375}
runner: file lifecycle {"entryFile":"/Users/yuanxi/Workwork/vibe-fs/requirements/sphinx-v2/tests/017.test.mjs","pid":3820,"parentPid":3799,"type":"runner:file-start","elapsedMs":13800.101958}
[verification-test-start] {"pid":6781,"parentPid":3820,"entryFile":"/Users/yuanxi/Workwork/vibe-fs/requirements/managed-session-lifecycle/tests/020.test.mjs","name":"WHAT[managed-session-lifecycle-020] pure authority projection rejects premature roots and permits them after matching child-work closure","fullName":"WHAT[managed-session-lifecycle-020] pure authority projection rejects premature roots and permits them after matching child-work closure"}
[verification-test-start] {"pid":7056,"parentPid":3820,"entryFile":"/Users/yuanxi/Workwork/vibe-fs/requirements/sphinx-v2/tests/013.test.mjs","name":"WHAT[sphinx-v2-013] the actual selector follows declared comparison rather than plan identity or input order","fullName":"WHAT[sphinx-v2-013] the actual selector follows declared comparison rather than plan identity or input order"}
[verification-test-start] {"pid":7052,"parentPid":3820,"entryFile":"/Users/yuanxi/Workwork/vibe-fs/requirements/sphinx-v2/tests/007.test.mjs","name":"WHAT[sphinx-v2-007] RoundOpened before DispatchRequested in the same atomic batch supplies the explicit round reference","fullName":"WHAT[sphinx-v2-007] RoundOpened before DispatchRequested in the same atomic batch supplies the explicit round reference"}
[verification-test-start] {"pid":7056,"parentPid":3820,"entryFile":"/Users/yuanxi/Workwork/vibe-fs/requirements/sphinx-v2/tests/013.test.mjs","name":"WHAT[sphinx-v2-013] real Agenda refuses unsatisfied or failed prerequisites including a parent merely selected in the same concurrent batch","fullName":"WHAT[sphinx-v2-013] real Agenda refuses unsatisfied or failed prerequisites including a parent merely selected in the same concurrent batch"}
runner: file lifecycle {"entryFile":"/Users/yuanxi/Workwork/vibe-fs/requirements/sphinx-v2/tests/013.test.mjs","type":"runner:file-drained","elapsedMs":13829.063583000001}
runner: file lifecycle {"entryFile":"/Users/yuanxi/Workwork/vibe-fs/requirements/sphinx-v2/tests/018.test.mjs","pid":3820,"parentPid":3799,"type":"runner:file-start","elapsedMs":13830.251042}
[verification-test-start] {"pid":7052,"parentPid":3820,"entryFile":"/Users/yuanxi/Workwork/vibe-fs/requirements/sphinx-v2/tests/007.test.mjs","name":"WHAT[sphinx-v2-007] DispatchRequested before RoundOpened is refused without reordering or publishing any part of the batch","fullName":"WHAT[sphinx-v2-007] DispatchRequested before RoundOpened is refused without reordering or publishing any part of the batch"}
[verification-test-start] {"pid":7053,"parentPid":3820,"entryFile":"/Users/yuanxi/Workwork/vibe-fs/requirements/sphinx-v2/tests/010.test.mjs","name":"WHAT[sphinx-v2-010] a Ready work with its own durable reservation can record an intent before acquiring a lease","fullName":"WHAT[sphinx-v2-010] a Ready work with its own durable reservation can record an intent before acquiring a lease"}
[verification-test-start] {"pid":7054,"parentPid":3820,"entryFile":"/Users/yuanxi/Workwork/vibe-fs/requirements/sphinx-v2/tests/011.test.mjs","name":"WHAT[sphinx-v2-011] the actual runtime returns the same receipt for exact result replay and rejects same work attempt fence with changed payload before stale revision checks","fullName":"WHAT[sphinx-v2-011] the actual runtime returns the same receipt for exact result replay and rejects same work attempt fence with changed payload before stale revision checks"}
[verification-test-start] {"pid":7058,"parentPid":3820,"entryFile":"/Users/yuanxi/Workwork/vibe-fs/requirements/sphinx-v2/tests/014.test.mjs","name":"WHAT[sphinx-v2-014] a ranking expands to composite pairs, not independent votes","fullName":"WHAT[sphinx-v2-014] a ranking expands to composite pairs, not independent votes"}
[verification-test-start] {"pid":7058,"parentPid":3820,"entryFile":"/Users/yuanxi/Workwork/vibe-fs/requirements/sphinx-v2/tests/014.test.mjs","name":"WHAT[sphinx-v2-014] best and worst must differ","fullName":"WHAT[sphinx-v2-014] best and worst must differ"}
[verification-test-start] {"pid":7053,"parentPid":3820,"entryFile":"/Users/yuanxi/Workwork/vibe-fs/requirements/sphinx-v2/tests/010.test.mjs","name":"WHAT[sphinx-v2-010] exact intent and full receipt replay retain the original record after Running and reservation release","fullName":"WHAT[sphinx-v2-010] exact intent and full receipt replay retain the original record after Running and reservation release"}
runner: file lifecycle {"entryFile":"/Users/yuanxi/Workwork/vibe-fs/requirements/sphinx-v2/tests/011.test.mjs","type":"runner:file-drained","elapsedMs":13906.20125}
runner: file lifecycle {"entryFile":"/Users/yuanxi/Workwork/vibe-fs/requirements/sphinx-v2/tests/019.test.mjs","pid":3820,"parentPid":3799,"type":"runner:file-start","elapsedMs":13907.671333}
runner: file lifecycle {"entryFile":"/Users/yuanxi/Workwork/vibe-fs/requirements/sphinx-v2/tests/007.test.mjs","type":"runner:file-drained","elapsedMs":13919.238542000001}
runner: file lifecycle {"entryFile":"/Users/yuanxi/Workwork/vibe-fs/requirements/sphinx-v2/tests/020.test.mjs","pid":3820,"parentPid":3799,"type":"runner:file-start","elapsedMs":13919.291375}
runner: file lifecycle {"entryFile":"/Users/yuanxi/Workwork/vibe-fs/requirements/sphinx-v2/tests/014.test.mjs","type":"runner:file-drained","elapsedMs":13919.309333000001}
runner: file lifecycle {"entryFile":"/Users/yuanxi/Workwork/vibe-fs/requirements/sphinx-v2/tests/021.test.mjs","pid":3820,"parentPid":3799,"type":"runner:file-start","elapsedMs":13919.317500000001}
[verification-test-start] {"pid":7053,"parentPid":3820,"entryFile":"/Users/yuanxi/Workwork/vibe-fs/requirements/sphinx-v2/tests/010.test.mjs","name":"WHAT[sphinx-v2-010] new intent requires an existing ready attempt and its own sufficient persisted reservation","fullName":"WHAT[sphinx-v2-010] new intent requires an existing ready attempt and its own sufficient persisted reservation"}
[verification-test-start] {"pid":7060,"parentPid":3820,"entryFile":"/Users/yuanxi/Workwork/vibe-fs/requirements/sphinx-v2/tests/018.test.mjs","name":"WHAT[sphinx-v2-018] a work result carrying a certificate patch, a budget debit, an event write or a goal revision is refused by name","fullName":"WHAT[sphinx-v2-018] a work result carrying a certificate patch, a budget debit, an event write or a goal revision is refused by name"}
[verification-test-start] {"pid":7060,"parentPid":3820,"entryFile":"/Users/yuanxi/Workwork/vibe-fs/requirements/sphinx-v2/tests/018.test.mjs","name":"WHAT[sphinx-v2-018] a work result carrying the answer bytes, its schema and its work identity is accepted","fullName":"WHAT[sphinx-v2-018] a work result carrying the answer bytes, its schema and its work identity is accepted"}
[verification-test-start] {"pid":7060,"parentPid":3820,"entryFile":"/Users/yuanxi/Workwork/vibe-fs/requirements/sphinx-v2/tests/018.test.mjs","name":"WHAT[sphinx-v2-018] a refused over-reach carries no business fact of its own","fullName":"WHAT[sphinx-v2-018] a refused over-reach carries no business fact of its own"}
[verification-test-start] {"pid":6781,"parentPid":3820,"entryFile":"/Users/yuanxi/Workwork/vibe-fs/requirements/managed-session-lifecycle/tests/020.test.mjs","name":"WHAT[managed-session-lifecycle-020] pure child closure permits a new profile and retains the last profile","fullName":"WHAT[managed-session-lifecycle-020] pure child closure permits a new profile and retains the last profile"}
[verification-test-start] {"pid":7053,"parentPid":3820,"entryFile":"/Users/yuanxi/Workwork/vibe-fs/requirements/sphinx-v2/tests/010.test.mjs","name":"WHAT[sphinx-v2-010] refuses missing work without publishing an intent","fullName":"WHAT[sphinx-v2-010] new intent requires an existing ready attempt and its own sufficient persisted reservation > WHAT[sphinx-v2-010] refuses missing work without publishing an intent"}
runner: file lifecycle {"entryFile":"/Users/yuanxi/Workwork/vibe-fs/requirements/sphinx-v2/tests/018.test.mjs","type":"runner:file-drained","elapsedMs":13972.762375}
runner: file lifecycle {"entryFile":"/Users/yuanxi/Workwork/vibe-fs/requirements/sphinx-v2/tests/022.test.mjs","pid":3820,"parentPid":3799,"type":"runner:file-start","elapsedMs":13973.475708}
[verification-test-start] {"pid":7053,"parentPid":3820,"entryFile":"/Users/yuanxi/Workwork/vibe-fs/requirements/sphinx-v2/tests/010.test.mjs","name":"WHAT[sphinx-v2-010] refuses different attempt without publishing an intent","fullName":"WHAT[sphinx-v2-010] new intent requires an existing ready attempt and its own sufficient persisted reservation > WHAT[sphinx-v2-010] refuses different attempt without publishing an intent"}
[verification-test-start] {"pid":7053,"parentPid":3820,"entryFile":"/Users/yuanxi/Workwork/vibe-fs/requirements/sphinx-v2/tests/010.test.mjs","name":"WHAT[sphinx-v2-010] refuses different fence without publishing an intent","fullName":"WHAT[sphinx-v2-010] new intent requires an existing ready attempt and its own sufficient persisted reservation > WHAT[sphinx-v2-010] refuses different fence without publishing an intent"}
[verification-test-start] {"pid":6781,"parentPid":3820,"entryFile":"/Users/yuanxi/Workwork/vibe-fs/requirements/managed-session-lifecycle/tests/020.test.mjs","name":"WHAT[managed-session-lifecycle-020] Manager AgentOwnerRoot remains active for owner-directed post-life recovery","fullName":"WHAT[managed-session-lifecycle-020] Manager AgentOwnerRoot remains active for owner-directed post-life recovery"}
[verification-test-start] {"pid":7074,"parentPid":3820,"entryFile":"/Users/yuanxi/Workwork/vibe-fs/requirements/sphinx-v2/tests/021.test.mjs","name":"WHAT[sphinx-v2-021] recovery classifies accepted observations for interpretation without buying another response","fullName":"WHAT[sphinx-v2-021] recovery classifies accepted observations for interpretation without buying another response"}
[verification-test-start] {"pid":6781,"parentPid":3820,"entryFile":"/Users/yuanxi/Workwork/vibe-fs/requirements/managed-session-lifecycle/tests/020.test.mjs","name":"WHAT[managed-session-lifecycle-020] registering a second root without closure returns ActiveRunIdentityConflict","fullName":"WHAT[managed-session-lifecycle-020] registering a second root without closure returns ActiveRunIdentityConflict"}
[verification-test-start] {"pid":7074,"parentPid":3820,"entryFile":"/Users/yuanxi/Workwork/vibe-fs/requirements/sphinx-v2/tests/021.test.mjs","name":"WHAT[sphinx-v2-021] actual two-transaction recovery preserves accepted raw responses and retries only pure interpretation after plugin failure","fullName":"WHAT[sphinx-v2-021] actual two-transaction recovery preserves accepted raw responses and retries only pure interpretation after plugin failure"}
[verification-test-start] {"pid":6781,"parentPid":3820,"entryFile":"/Users/yuanxi/Workwork/vibe-fs/requirements/managed-session-lifecycle/tests/020.test.mjs","name":"WHAT[managed-session-lifecycle-020] each authority kind requires matching durable exact prior-run closure before fresh identity installation (GAP-123)","fullName":"WHAT[managed-session-lifecycle-020] each authority kind requires matching durable exact prior-run closure before fresh identity installation (GAP-123)"}
[verification-test-start] {"pid":7059,"parentPid":3820,"entryFile":"/Users/yuanxi/Workwork/vibe-fs/requirements/sphinx-v2/tests/017.test.mjs","name":"WHAT[sphinx-v2-017] stop reasons stay distinguishable","fullName":"WHAT[sphinx-v2-017] stop reasons stay distinguishable"}
[verification-test-start] {"pid":7053,"parentPid":3820,"entryFile":"/Users/yuanxi/Workwork/vibe-fs/requirements/sphinx-v2/tests/010.test.mjs","name":"WHAT[sphinx-v2-010] refuses different immutable input without publishing an intent","fullName":"WHAT[sphinx-v2-010] new intent requires an existing ready attempt and its own sufficient persisted reservation > WHAT[sphinx-v2-010] refuses different immutable input without publishing an intent"}
runner: file lifecycle {"entryFile":"/Users/yuanxi/Workwork/vibe-fs/requirements/managed-session-lifecycle/tests/020.test.mjs","type":"runner:file-drained","elapsedMs":14000.671042}
runner: file lifecycle {"entryFile":"/Users/yuanxi/Workwork/vibe-fs/requirements/sphinx-v2/tests/023.test.mjs","pid":3820,"parentPid":3799,"type":"runner:file-start","elapsedMs":14002.213917000001}
[verification-test-start] {"pid":7059,"parentPid":3820,"entryFile":"/Users/yuanxi/Workwork/vibe-fs/requirements/sphinx-v2/tests/017.test.mjs","name":"WHAT[sphinx-v2-017] a newly created inquiry classifies as having no runnable work","fullName":"WHAT[sphinx-v2-017] a newly created inquiry classifies as having no runnable work"}
[verification-test-start] {"pid":7059,"parentPid":3820,"entryFile":"/Users/yuanxi/Workwork/vibe-fs/requirements/sphinx-v2/tests/017.test.mjs","name":"WHAT[sphinx-v2-017] runtime completion requires an accepted renderer result and durable AnswerCommitted","fullName":"WHAT[sphinx-v2-017] runtime completion requires an accepted renderer result and durable AnswerCommitted"}
[verification-test-start] {"pid":7053,"parentPid":3820,"entryFile":"/Users/yuanxi/Workwork/vibe-fs/requirements/sphinx-v2/tests/010.test.mjs","name":"WHAT[sphinx-v2-010] refuses different resource declaration without publishing an intent","fullName":"WHAT[sphinx-v2-010] new intent requires an existing ready attempt and its own sufficient persisted reservation > WHAT[sphinx-v2-010] refuses different resource declaration without publishing an intent"}
runner: file lifecycle {"entryFile":"/Users/yuanxi/Workwork/vibe-fs/requirements/sphinx-v2/tests/021.test.mjs","type":"runner:file-drained","elapsedMs":14015.792042000001}
runner: file lifecycle {"entryFile":"/Users/yuanxi/Workwork/vibe-fs/requirements/sphinx-v2/tests/025.test.mjs","pid":3820,"parentPid":3799,"type":"runner:file-start","elapsedMs":14016.629042}
[verification-test-start] {"pid":7085,"parentPid":3820,"entryFile":"/Users/yuanxi/Workwork/vibe-fs/requirements/sphinx-v2/tests/022.test.mjs","name":"WHAT[sphinx-v2-022] real probe protocol persists the before and after visible inputs and distinguishes measurement from intervention without claiming improvement","fullName":"WHAT[sphinx-v2-022] real probe protocol persists the before and after visible inputs and distinguishes measurement from intervention without claiming improvement"}
[verification-test-start] {"pid":7053,"parentPid":3820,"entryFile":"/Users/yuanxi/Workwork/vibe-fs/requirements/sphinx-v2/tests/010.test.mjs","name":"WHAT[sphinx-v2-010] refuses invented physical reference without publishing an intent","fullName":"WHAT[sphinx-v2-010] new intent requires an existing ready attempt and its own sufficient persisted reservation > WHAT[sphinx-v2-010] refuses invented physical reference without publishing an intent"}
[verification-test-start] {"pid":7059,"parentPid":3820,"entryFile":"/Users/yuanxi/Workwork/vibe-fs/requirements/sphinx-v2/tests/017.test.mjs","name":"WHAT[sphinx-v2-017] unexecuted work cannot publish an answer or its valid batch prefix","fullName":"WHAT[sphinx-v2-017] unexecuted work cannot publish an answer or its valid batch prefix"}
runner: file lifecycle {"entryFile":"/Users/yuanxi/Workwork/vibe-fs/requirements/sphinx-v2/tests/022.test.mjs","type":"runner:file-drained","elapsedMs":14041.493583}
runner: file lifecycle {"entryFile":"/Users/yuanxi/Workwork/vibe-fs/requirements/sphinx-v2/tests/026.test.mjs","pid":3820,"parentPid":3799,"type":"runner:file-start","elapsedMs":14043.710833000001}
fatal: not a git repository (or any of the parent directories): .git
[verification-test-start] {"pid":7053,"parentPid":3820,"entryFile":"/Users/yuanxi/Workwork/vibe-fs/requirements/sphinx-v2/tests/010.test.mjs","name":"WHAT[sphinx-v2-010] refuses Planned work without publishing an intent","fullName":"WHAT[sphinx-v2-010] new intent requires an existing ready attempt and its own sufficient persisted reservation > WHAT[sphinx-v2-010] refuses Planned work without publishing an intent"}
[verification-test-start] {"pid":7053,"parentPid":3820,"entryFile":"/Users/yuanxi/Workwork/vibe-fs/requirements/sphinx-v2/tests/010.test.mjs","name":"WHAT[sphinx-v2-010] refuses no reservation without publishing an intent","fullName":"WHAT[sphinx-v2-010] new intent requires an existing ready attempt and its own sufficient persisted reservation > WHAT[sphinx-v2-010] refuses no reservation without publishing an intent"}
[verification-test-start] {"pid":7059,"parentPid":3820,"entryFile":"/Users/yuanxi/Workwork/vibe-fs/requirements/sphinx-v2/tests/017.test.mjs","name":"WHAT[sphinx-v2-017] running work cannot publish an answer or its valid batch prefix","fullName":"WHAT[sphinx-v2-017] running work cannot publish an answer or its valid batch prefix"}
fatal: not a git repository (or any of the parent directories): .git
[verification-test-start] {"pid":7053,"parentPid":3820,"entryFile":"/Users/yuanxi/Workwork/vibe-fs/requirements/sphinx-v2/tests/010.test.mjs","name":"WHAT[sphinx-v2-010] refuses insufficient reservation without publishing an intent","fullName":"WHAT[sphinx-v2-010] new intent requires an existing ready attempt and its own sufficient persisted reservation > WHAT[sphinx-v2-010] refuses insufficient reservation without publishing an intent"}
[verification-test-start] {"pid":7059,"parentPid":3820,"entryFile":"/Users/yuanxi/Workwork/vibe-fs/requirements/sphinx-v2/tests/017.test.mjs","name":"WHAT[sphinx-v2-017] failed work cannot publish an answer or its valid batch prefix","fullName":"WHAT[sphinx-v2-017] failed work cannot publish an answer or its valid batch prefix"}
[verification-test-start] {"pid":7053,"parentPid":3820,"entryFile":"/Users/yuanxi/Workwork/vibe-fs/requirements/sphinx-v2/tests/010.test.mjs","name":"WHAT[sphinx-v2-010] refuses another attempt reservation without publishing an intent","fullName":"WHAT[sphinx-v2-010] new intent requires an existing ready attempt and its own sufficient persisted reservation > WHAT[sphinx-v2-010] refuses another attempt reservation without publishing an intent"}
fatal: not a git repository (or any of the parent directories): .git
[verification-test-start] {"pid":7086,"parentPid":3820,"entryFile":"/Users/yuanxi/Workwork/vibe-fs/requirements/sphinx-v2/tests/023.test.mjs","name":"WHAT[sphinx-v2-023] a label outside the presented set is refused","fullName":"WHAT[sphinx-v2-023] a label outside the presented set is refused"}
[verification-test-start] {"pid":7053,"parentPid":3820,"entryFile":"/Users/yuanxi/Workwork/vibe-fs/requirements/sphinx-v2/tests/010.test.mjs","name":"WHAT[sphinx-v2-010] refuses released reservation without publishing an intent","fullName":"WHAT[sphinx-v2-010] new intent requires an existing ready attempt and its own sufficient persisted reservation > WHAT[sphinx-v2-010] refuses released reservation without publishing an intent"}
runner: file lifecycle {"entryFile":"/Users/yuanxi/Workwork/vibe-fs/requirements/sphinx-v2/tests/023.test.mjs","type":"runner:file-drained","elapsedMs":14106.863875000001}
runner: file lifecycle {"entryFile":"/Users/yuanxi/Workwork/vibe-fs/requirements/sphinx-v2/tests/029.test.mjs","pid":3820,"parentPid":3799,"type":"runner:file-start","elapsedMs":14108.097958}
[verification-test-start] {"pid":7090,"parentPid":3820,"entryFile":"/Users/yuanxi/Workwork/vibe-fs/requirements/sphinx-v2/tests/026.test.mjs","name":"WHAT[sphinx-v2-026] the declared finite Bayes model normalizes its likelihood product","fullName":"WHAT[sphinx-v2-026] the declared finite Bayes model normalizes its likelihood product"}
[verification-test-start] {"pid":7090,"parentPid":3820,"entryFile":"/Users/yuanxi/Workwork/vibe-fs/requirements/sphinx-v2/tests/026.test.mjs","name":"WHAT[sphinx-v2-026] repeating one exact observation does not multiply its model contribution","fullName":"WHAT[sphinx-v2-026] repeating one exact observation does not multiply its model contribution"}
[verification-test-start] {"pid":7087,"parentPid":3820,"entryFile":"/Users/yuanxi/Workwork/vibe-fs/requirements/sphinx-v2/tests/025.test.mjs","name":"WHAT[sphinx-v2-025] ordinal decoding distinguishes abstention ties and conditional responses","fullName":"WHAT[sphinx-v2-025] ordinal decoding distinguishes abstention ties and conditional responses"}
[verification-test-start] {"pid":7090,"parentPid":3820,"entryFile":"/Users/yuanxi/Workwork/vibe-fs/requirements/sphinx-v2/tests/026.test.mjs","name":"WHAT[sphinx-v2-026] malformed likelihoods cannot produce an exact posterior","fullName":"WHAT[sphinx-v2-026] malformed likelihoods cannot produce an exact posterior"}
[verification-test-start] {"pid":7087,"parentPid":3820,"entryFile":"/Users/yuanxi/Workwork/vibe-fs/requirements/sphinx-v2/tests/025.test.mjs","name":"WHAT[sphinx-v2-025] logSigmoid stays finite for extreme comparisons","fullName":"WHAT[sphinx-v2-025] logSigmoid stays finite for extreme comparisons"}
fatal: not a git repository (or any of the parent directories): .git
[verification-test-start] {"pid":7087,"parentPid":3820,"entryFile":"/Users/yuanxi/Workwork/vibe-fs/requirements/sphinx-v2/tests/025.test.mjs","name":"WHAT[sphinx-v2-025] log-sum-exp does not overflow on a large pair","fullName":"WHAT[sphinx-v2-025] log-sum-exp does not overflow on a large pair"}
[verification-test-start] {"pid":7090,"parentPid":3820,"entryFile":"/Users/yuanxi/Workwork/vibe-fs/requirements/sphinx-v2/tests/026.test.mjs","name":"WHAT[sphinx-v2-026] certificate wire decoding keeps posterior guarantees distinct from external correctness classes","fullName":"WHAT[sphinx-v2-026] certificate wire decoding keeps posterior guarantees distinct from external correctness classes"}
[verification-test-start] {"pid":7053,"parentPid":3820,"entryFile":"/Users/yuanxi/Workwork/vibe-fs/requirements/sphinx-v2/tests/010.test.mjs","name":"WHAT[sphinx-v2-010] refuses Running work without publishing an intent","fullName":"WHAT[sphinx-v2-010] new intent requires an existing ready attempt and its own sufficient persisted reservation > WHAT[sphinx-v2-010] refuses Running work without publishing an intent"}
runner: file lifecycle {"entryFile":"/Users/yuanxi/Workwork/vibe-fs/requirements/sphinx-v2/tests/025.test.mjs","type":"runner:file-drained","elapsedMs":14122.360083}
runner: file lifecycle {"entryFile":"/Users/yuanxi/Workwork/vibe-fs/requirements/sphinx-v2/tests/033.test.mjs","pid":3820,"parentPid":3799,"type":"runner:file-start","elapsedMs":14123.308208}
[verification-test-start] {"pid":7059,"parentPid":3820,"entryFile":"/Users/yuanxi/Workwork/vibe-fs/requirements/sphinx-v2/tests/017.test.mjs","name":"WHAT[sphinx-v2-017] cancelled work cannot publish an answer or its valid batch prefix","fullName":"WHAT[sphinx-v2-017] cancelled work cannot publish an answer or its valid batch prefix"}
[verification-test-start] {"pid":7053,"parentPid":3820,"entryFile":"/Users/yuanxi/Workwork/vibe-fs/requirements/sphinx-v2/tests/010.test.mjs","name":"WHAT[sphinx-v2-010] refuses input required work without publishing an intent","fullName":"WHAT[sphinx-v2-010] new intent requires an existing ready attempt and its own sufficient persisted reservation > WHAT[sphinx-v2-010] refuses input required work without publishing an intent"}
[verification-test-start] {"pid":7090,"parentPid":3820,"entryFile":"/Users/yuanxi/Workwork/vibe-fs/requirements/sphinx-v2/tests/026.test.mjs","name":"WHAT[sphinx-v2-026] runtime certificate propagation never upgrades model posterior or adaptive samples into external correctness or deterministic bounds (GAP-219: runtime wiring pending — the wire-decoding distinctness test above does not prove cross-operator propagation)","fullName":"WHAT[sphinx-v2-026] runtime certificate propagation never upgrades model posterior or adaptive samples into external correctness or deterministic bounds (GAP-219: runtime wiring pending — the wire-decoding distinctness test above does not prove cross-operator propagation)"}
fatal: not a git repository (or any of the parent directories): .git
runner: file lifecycle {"entryFile":"/Users/yuanxi/Workwork/vibe-fs/requirements/sphinx-v2/tests/026.test.mjs","type":"runner:file-drained","elapsedMs":14142.053542}
runner: file lifecycle {"entryFile":"/Users/yuanxi/Workwork/vibe-fs/requirements/sphinx-v2/tests/034.test.mjs","pid":3820,"parentPid":3799,"type":"runner:file-start","elapsedMs":14143.885458}
[verification-test-start] {"pid":7053,"parentPid":3820,"entryFile":"/Users/yuanxi/Workwork/vibe-fs/requirements/sphinx-v2/tests/010.test.mjs","name":"WHAT[sphinx-v2-010] refuses failed work without publishing an intent","fullName":"WHAT[sphinx-v2-010] new intent requires an existing ready attempt and its own sufficient persisted reservation > WHAT[sphinx-v2-010] refuses failed work without publishing an intent"}
[verification-test-start] {"pid":7072,"parentPid":3820,"entryFile":"/Users/yuanxi/Workwork/vibe-fs/requirements/sphinx-v2/tests/019.test.mjs","name":"WHAT[sphinx-v2-019] previously sealed @2 creation and undispatched work retain their exact complete state through cold replay","fullName":"WHAT[sphinx-v2-019] previously sealed @2 creation and undispatched work retain their exact complete state through cold replay"}
[verification-test-start] {"pid":7072,"parentPid":3820,"entryFile":"/Users/yuanxi/Workwork/vibe-fs/requirements/sphinx-v2/tests/019.test.mjs","name":"WHAT[sphinx-v2-019] preserves actual prior seal for legacy-created","fullName":"WHAT[sphinx-v2-019] previously sealed @2 creation and undispatched work retain their exact complete state through cold replay > WHAT[sphinx-v2-019] preserves actual prior seal for legacy-created"}
[verification-test-start] {"pid":7059,"parentPid":3820,"entryFile":"/Users/yuanxi/Workwork/vibe-fs/requirements/sphinx-v2/tests/017.test.mjs","name":"WHAT[sphinx-v2-017] success tagged with a different attempt cannot publish an answer or its valid batch prefix","fullName":"WHAT[sphinx-v2-017] success tagged with a different attempt cannot publish an answer or its valid batch prefix"}
fatal: not a git repository (or any of the parent directories): .git
[verification-test-start] {"pid":7073,"parentPid":3820,"entryFile":"/Users/yuanxi/Workwork/vibe-fs/requirements/sphinx-v2/tests/020.test.mjs","name":"WHAT[sphinx-v2-020] an actual created state has a usable content-sensitive semantic hash","fullName":"WHAT[sphinx-v2-020] an actual created state has a usable content-sensitive semantic hash"}
[verification-test-start] {"pid":7053,"parentPid":3820,"entryFile":"/Users/yuanxi/Workwork/vibe-fs/requirements/sphinx-v2/tests/010.test.mjs","name":"WHAT[sphinx-v2-010] refuses cancelled work without publishing an intent","fullName":"WHAT[sphinx-v2-010] new intent requires an existing ready attempt and its own sufficient persisted reservation > WHAT[sphinx-v2-010] refuses cancelled work without publishing an intent"}
[verification-test-start] {"pid":7059,"parentPid":3820,"entryFile":"/Users/yuanxi/Workwork/vibe-fs/requirements/sphinx-v2/tests/017.test.mjs","name":"WHAT[sphinx-v2-017] missing accepted observation cannot publish an answer or its valid batch prefix","fullName":"WHAT[sphinx-v2-017] missing accepted observation cannot publish an answer or its valid batch prefix"}
[verification-test-start] {"pid":7073,"parentPid":3820,"entryFile":"/Users/yuanxi/Workwork/vibe-fs/requirements/sphinx-v2/tests/020.test.mjs","name":"WHAT[sphinx-v2-020] same-length original goals produce distinct actual export hashes and native semantic views","fullName":"WHAT[sphinx-v2-020] same-length original goals produce distinct actual export hashes and native semantic views"}
[verification-test-start] {"pid":7053,"parentPid":3820,"entryFile":"/Users/yuanxi/Workwork/vibe-fs/requirements/sphinx-v2/tests/010.test.mjs","name":"WHAT[sphinx-v2-010] accepted intent identity binds all request contents and admits only one intent for a work attempt","fullName":"WHAT[sphinx-v2-010] accepted intent identity binds all request contents and admits only one intent for a work attempt"}
[verification-test-start] {"pid":7053,"parentPid":3820,"entryFile":"/Users/yuanxi/Workwork/vibe-fs/requirements/sphinx-v2/tests/010.test.mjs","name":"WHAT[sphinx-v2-010] refuses changed public envelope atomically","fullName":"WHAT[sphinx-v2-010] accepted intent identity binds all request contents and admits only one intent for a work attempt > WHAT[sphinx-v2-010] refuses changed public envelope atomically"}
[verification-test-start] {"pid":7072,"parentPid":3820,"entryFile":"/Users/yuanxi/Workwork/vibe-fs/requirements/sphinx-v2/tests/019.test.mjs","name":"WHAT[sphinx-v2-019] preserves actual prior seal for legacy-work","fullName":"WHAT[sphinx-v2-019] previously sealed @2 creation and undispatched work retain their exact complete state through cold replay > WHAT[sphinx-v2-019] preserves actual prior seal for legacy-work"}
[verification-test-start] {"pid":7059,"parentPid":3820,"entryFile":"/Users/yuanxi/Workwork/vibe-fs/requirements/sphinx-v2/tests/017.test.mjs","name":"WHAT[sphinx-v2-017] another successful work observation cannot publish an answer or its valid batch prefix","fullName":"WHAT[sphinx-v2-017] another successful work observation cannot publish an answer or its valid batch prefix"}
[verification-test-start] {"pid":7053,"parentPid":3820,"entryFile":"/Users/yuanxi/Workwork/vibe-fs/requirements/sphinx-v2/tests/010.test.mjs","name":"WHAT[sphinx-v2-010] refuses changed private ticket atomically","fullName":"WHAT[sphinx-v2-010] accepted intent identity binds all request contents and admits only one intent for a work attempt > WHAT[sphinx-v2-010] refuses changed private ticket atomically"}
[verification-test-start] {"pid":7072,"parentPid":3820,"entryFile":"/Users/yuanxi/Workwork/vibe-fs/requirements/sphinx-v2/tests/019.test.mjs","name":"WHAT[sphinx-v2-019] prior missing-round dispatch and aggregate reservation seals become explicit durable cuts","fullName":"WHAT[sphinx-v2-019] prior missing-round dispatch and aggregate reservation seals become explicit durable cuts"}
[verification-test-start] {"pid":7072,"parentPid":3820,"entryFile":"/Users/yuanxi/Workwork/vibe-fs/requirements/sphinx-v2/tests/019.test.mjs","name":"WHAT[sphinx-v2-019] refuses the prior incorrect seal for legacy-noop-dispatch","fullName":"WHAT[sphinx-v2-019] prior missing-round dispatch and aggregate reservation seals become explicit durable cuts > WHAT[sphinx-v2-019] refuses the prior incorrect seal for legacy-noop-dispatch"}
[verification-test-start] {"pid":7119,"parentPid":3820,"entryFile":"/Users/yuanxi/Workwork/vibe-fs/requirements/sphinx-v2/tests/029.test.mjs","name":"WHAT[sphinx-v2-029] answer.now wins when it is estimated highest","fullName":"WHAT[sphinx-v2-029] answer.now wins when it is estimated highest"}
[verification-test-start] {"pid":7119,"parentPid":3820,"entryFile":"/Users/yuanxi/Workwork/vibe-fs/requirements/sphinx-v2/tests/029.test.mjs","name":"WHAT[sphinx-v2-029] an investigation wins when it is estimated highest","fullName":"WHAT[sphinx-v2-029] an investigation wins when it is estimated highest"}
[verification-test-start] {"pid":7119,"parentPid":3820,"entryFile":"/Users/yuanxi/Workwork/vibe-fs/requirements/sphinx-v2/tests/029.test.mjs","name":"WHAT[sphinx-v2-029] answer.now receives no default advantage when it is Unestimated","fullName":"WHAT[sphinx-v2-029] answer.now receives no default advantage when it is Unestimated"}
[verification-test-start] {"pid":7119,"parentPid":3820,"entryFile":"/Users/yuanxi/Workwork/vibe-fs/requirements/sphinx-v2/tests/029.test.mjs","name":"WHAT[sphinx-v2-029] an estimated answer.now may win against an Unestimated investigation","fullName":"WHAT[sphinx-v2-029] an estimated answer.now may win against an Unestimated investigation"}
[verification-test-start] {"pid":7073,"parentPid":3820,"entryFile":"/Users/yuanxi/Workwork/vibe-fs/requirements/sphinx-v2/tests/020.test.mjs","name":"WHAT[sphinx-v2-020] an actual other-writer append appears in ordered public trace and repeated reads preserve all journal bytes","fullName":"WHAT[sphinx-v2-020] an actual other-writer append appears in ordered public trace and repeated reads preserve all journal bytes"}
[verification-test-start] {"pid":7119,"parentPid":3820,"entryFile":"/Users/yuanxi/Workwork/vibe-fs/requirements/sphinx-v2/tests/029.test.mjs","name":"WHAT[sphinx-v2-029] selected ordinal and provisional answers retain their actual estimate kind","fullName":"WHAT[sphinx-v2-029] selected ordinal and provisional answers retain their actual estimate kind"}
[verification-test-start] {"pid":7053,"parentPid":3820,"entryFile":"/Users/yuanxi/Workwork/vibe-fs/requirements/sphinx-v2/tests/010.test.mjs","name":"WHAT[sphinx-v2-010] refuses changed public schema atomically","fullName":"WHAT[sphinx-v2-010] accepted intent identity binds all request contents and admits only one intent for a work attempt > WHAT[sphinx-v2-010] refuses changed public schema atomically"}
[verification-test-start] {"pid":7059,"parentPid":3820,"entryFile":"/Users/yuanxi/Workwork/vibe-fs/requirements/sphinx-v2/tests/017.test.mjs","name":"WHAT[sphinx-v2-017] accepted result with a different output schema cannot publish an answer or its valid batch prefix","fullName":"WHAT[sphinx-v2-017] accepted result with a different output schema cannot publish an answer or its valid batch prefix"}
[verification-test-start] {"pid":7141,"parentPid":3820,"entryFile":"/Users/yuanxi/Workwork/vibe-fs/requirements/sphinx-v2/tests/034.test.mjs","name":"WHAT[sphinx-v2-034] recovery classifies an unconfirmed cancellation as awaiting terminal","fullName":"WHAT[sphinx-v2-034] recovery classifies an unconfirmed cancellation as awaiting terminal"}
[verification-test-start] {"pid":7072,"parentPid":3820,"entryFile":"/Users/yuanxi/Workwork/vibe-fs/requirements/sphinx-v2/tests/019.test.mjs","name":"WHAT[sphinx-v2-019] refuses the prior incorrect seal for legacy-reservation-aggregate","fullName":"WHAT[sphinx-v2-019] prior missing-round dispatch and aggregate reservation seals become explicit durable cuts > WHAT[sphinx-v2-019] refuses the prior incorrect seal for legacy-reservation-aggregate"}
[verification-test-start] {"pid":7141,"parentPid":3820,"entryFile":"/Users/yuanxi/Workwork/vibe-fs/requirements/sphinx-v2/tests/034.test.mjs","name":"WHAT[sphinx-v2-034] the work identity is checked rather than carried over from a receipt","fullName":"WHAT[sphinx-v2-034] the work identity is checked rather than carried over from a receipt"}
runner: file lifecycle {"entryFile":"/Users/yuanxi/Workwork/vibe-fs/requirements/sphinx-v2/tests/029.test.mjs","type":"runner:file-drained","elapsedMs":14261.5145}
[verification-test-start] {"pid":7141,"parentPid":3820,"entryFile":"/Users/yuanxi/Workwork/vibe-fs/requirements/sphinx-v2/tests/034.test.mjs","name":"WHAT[sphinx-v2-034] the adapter declares dispatch and cancel but not unobservable reads","fullName":"WHAT[sphinx-v2-034] the adapter declares dispatch and cancel but not unobservable reads"}
runner: file lifecycle {"entryFile":"/Users/yuanxi/Workwork/vibe-fs/requirements/sphinx-v2/tests/036.test.mjs","pid":3820,"parentPid":3799,"type":"runner:file-start","elapsedMs":14264.045792}
[verification-test-start] {"pid":7141,"parentPid":3820,"entryFile":"/Users/yuanxi/Workwork/vibe-fs/requirements/sphinx-v2/tests/034.test.mjs","name":"WHAT[sphinx-v2-034] actual Host receipts bind work identity and cancel awaits real child resource termination while late results cannot enter semantic state","fullName":"WHAT[sphinx-v2-034] actual Host receipts bind work identity and cancel awaits real child resource termination while late results cannot enter semantic state"}
runner: file lifecycle {"entryFile":"/Users/yuanxi/Workwork/vibe-fs/requirements/sphinx-v2/tests/034.test.mjs","type":"runner:file-drained","elapsedMs":14269.12375}
runner: file lifecycle {"entryFile":"/Users/yuanxi/Workwork/vibe-fs/requirements/structured-workflow/tests/012.test.mjs","pid":3820,"parentPid":3799,"type":"runner:file-start","elapsedMs":14272.153292}
[verification-test-start] {"pid":7059,"parentPid":3820,"entryFile":"/Users/yuanxi/Workwork/vibe-fs/requirements/sphinx-v2/tests/017.test.mjs","name":"WHAT[sphinx-v2-017] an answer preserves its exact successful work and accepted result after a cold reopen","fullName":"WHAT[sphinx-v2-017] an answer preserves its exact successful work and accepted result after a cold reopen"}
[verification-test-start] {"pid":7053,"parentPid":3820,"entryFile":"/Users/yuanxi/Workwork/vibe-fs/requirements/sphinx-v2/tests/010.test.mjs","name":"WHAT[sphinx-v2-010] refuses changed work content atomically","fullName":"WHAT[sphinx-v2-010] accepted intent identity binds all request contents and admits only one intent for a work attempt > WHAT[sphinx-v2-010] refuses changed work content atomically"}
[verification-test-start] {"pid":7072,"parentPid":3820,"entryFile":"/Users/yuanxi/Workwork/vibe-fs/requirements/sphinx-v2/tests/019.test.mjs","name":"WHAT[sphinx-v2-019] an older answer without an observation reference is a durable strict DTO cut","fullName":"WHAT[sphinx-v2-019] an older answer without an observation reference is a durable strict DTO cut"}
[verification-test-start] {"pid":7073,"parentPid":3820,"entryFile":"/Users/yuanxi/Workwork/vibe-fs/requirements/sphinx-v2/tests/020.test.mjs","name":"WHAT[sphinx-v2-020] actual physical work references change state and trace hashes while preserving semantic content","fullName":"WHAT[sphinx-v2-020] actual physical work references change state and trace hashes while preserving semantic content"}
[verification-test-start] {"pid":7053,"parentPid":3820,"entryFile":"/Users/yuanxi/Workwork/vibe-fs/requirements/sphinx-v2/tests/010.test.mjs","name":"WHAT[sphinx-v2-010] refuses changed second intent identity atomically","fullName":"WHAT[sphinx-v2-010] accepted intent identity binds all request contents and admits only one intent for a work attempt > WHAT[sphinx-v2-010] refuses changed second intent identity atomically"}
[verification-test-start] {"pid":7072,"parentPid":3820,"entryFile":"/Users/yuanxi/Workwork/vibe-fs/requirements/sphinx-v2/tests/019.test.mjs","name":"WHAT[sphinx-v2-019] a rejected multi-body preparation never publishes its valid prefix","fullName":"WHAT[sphinx-v2-019] a rejected multi-body preparation never publishes its valid prefix"}
[verification-test-start] {"pid":7072,"parentPid":3820,"entryFile":"/Users/yuanxi/Workwork/vibe-fs/requirements/sphinx-v2/tests/019.test.mjs","name":"WHAT[sphinx-v2-019] an unknown body after a valid body produces a durable semantic cut and no partial Current even after reopen","fullName":"WHAT[sphinx-v2-019] an unknown body after a valid body produces a durable semantic cut and no partial Current even after reopen"}
runner: file lifecycle {"entryFile":"/Users/yuanxi/Workwork/vibe-fs/requirements/sphinx-v2/tests/017.test.mjs","type":"runner:file-drained","elapsedMs":14327.744625}
[verification-test-start] {"pid":7053,"parentPid":3820,"entryFile":"/Users/yuanxi/Workwork/vibe-fs/requirements/sphinx-v2/tests/010.test.mjs","name":"WHAT[sphinx-v2-010] a receipt requires the accepted intent and matching work attempt fence and physical binding","fullName":"WHAT[sphinx-v2-010] a receipt requires the accepted intent and matching work attempt fence and physical binding"}
[verification-test-start] {"pid":7130,"parentPid":3820,"entryFile":"/Users/yuanxi/Workwork/vibe-fs/requirements/sphinx-v2/tests/033.test.mjs","name":"WHAT[sphinx-v2-033] the public JS owner refuses missing durable storage instead of falling back to memory","fullName":"WHAT[sphinx-v2-033] the public JS owner refuses missing durable storage instead of falling back to memory"}
runner: file lifecycle {"entryFile":"/Users/yuanxi/Workwork/vibe-fs/requirements/managed-session-lifecycle/tests/018.test.mjs","type":"runner:file-drained","elapsedMs":14334.889375}
[verification-test-start] {"pid":7130,"parentPid":3820,"entryFile":"/Users/yuanxi/Workwork/vibe-fs/requirements/sphinx-v2/tests/033.test.mjs","name":"WHAT[sphinx-v2-033] explicit startup configuration rejects inadmissible authorization and quotas without a fallback or business writes","fullName":"WHAT[sphinx-v2-033] explicit startup configuration rejects inadmissible authorization and quotas without a fallback or business writes"}
[verification-test-start] {"pid":7146,"parentPid":3820,"entryFile":"/Users/yuanxi/Workwork/vibe-fs/requirements/structured-workflow/tests/012.test.mjs","name":"WHAT[structured-workflow-012] output reset clears children and preserves foreign linked input","fullName":"WHAT[structured-workflow-012] output reset clears children and preserves foreign linked input"}
[verification-test-start] {"pid":7053,"parentPid":3820,"entryFile":"/Users/yuanxi/Workwork/vibe-fs/requirements/sphinx-v2/tests/010.test.mjs","name":"WHAT[sphinx-v2-010] refuses receipt for absent intent","fullName":"WHAT[sphinx-v2-010] a receipt requires the accepted intent and matching work attempt fence and physical binding > WHAT[sphinx-v2-010] refuses receipt for absent intent"}
[verification-test-start] {"pid":7053,"parentPid":3820,"entryFile":"/Users/yuanxi/Workwork/vibe-fs/requirements/sphinx-v2/tests/010.test.mjs","name":"WHAT[sphinx-v2-010] refuses receipt for another intent","fullName":"WHAT[sphinx-v2-010] a receipt requires the accepted intent and matching work attempt fence and physical binding > WHAT[sphinx-v2-010] refuses receipt for another intent"}
[verification-test-start] {"pid":7072,"parentPid":3820,"entryFile":"/Users/yuanxi/Workwork/vibe-fs/requirements/sphinx-v2/tests/019.test.mjs","name":"WHAT[sphinx-v2-019] internal and external parent edges must agree and foreign valid history is not silently used as the base","fullName":"WHAT[sphinx-v2-019] internal and external parent edges must agree and foreign valid history is not silently used as the base"}
[verification-test-start] {"pid":6972,"parentPid":3820,"entryFile":"/Users/yuanxi/Workwork/vibe-fs/requirements/requirement-system/tests/017.test.mjs","name":"WHAT[requirement-system-017] a deleted clause reports its surviving test, including nested files","fullName":"WHAT[requirement-system-017] a deleted clause reports its surviving test, including nested files"}
[verification-test-start] {"pid":7130,"parentPid":3820,"entryFile":"/Users/yuanxi/Workwork/vibe-fs/requirements/sphinx-v2/tests/033.test.mjs","name":"WHAT[sphinx-v2-033] a durable readonly owner needs explicit start authorization, while an explicitly supplied zero quota persists and reopens","fullName":"WHAT[sphinx-v2-033] a durable readonly owner needs explicit start authorization, while an explicitly supplied zero quota persists and reopens"}
[verification-test-start] {"pid":7053,"parentPid":3820,"entryFile":"/Users/yuanxi/Workwork/vibe-fs/requirements/sphinx-v2/tests/010.test.mjs","name":"WHAT[sphinx-v2-010] refuses receipt for another work","fullName":"WHAT[sphinx-v2-010] a receipt requires the accepted intent and matching work attempt fence and physical binding > WHAT[sphinx-v2-010] refuses receipt for another work"}
[verification-test-start] {"pid":7073,"parentPid":3820,"entryFile":"/Users/yuanxi/Workwork/vibe-fs/requirements/sphinx-v2/tests/020.test.mjs","name":"WHAT[sphinx-v2-020] complete canonical dispatch bindings change full hashes and retain the same semantic view","fullName":"WHAT[sphinx-v2-020] complete canonical dispatch bindings change full hashes and retain the same semantic view"}
runner: file lifecycle {"entryFile":"/Users/yuanxi/Workwork/vibe-fs/requirements/requirement-system/tests/017.test.mjs","type":"runner:file-drained","elapsedMs":14365.293708000001}
[verification-test-start] {"pid":7053,"parentPid":3820,"entryFile":"/Users/yuanxi/Workwork/vibe-fs/requirements/sphinx-v2/tests/010.test.mjs","name":"WHAT[sphinx-v2-010] refuses receipt for another attempt","fullName":"WHAT[sphinx-v2-010] a receipt requires the accepted intent and matching work attempt fence and physical binding > WHAT[sphinx-v2-010] refuses receipt for another attempt"}
[verification-test-start] {"pid":7072,"parentPid":3820,"entryFile":"/Users/yuanxi/Workwork/vibe-fs/requirements/sphinx-v2/tests/019.test.mjs","name":"WHAT[sphinx-v2-019] an absent outer parent is StorageInvalid and cannot publish any transition","fullName":"WHAT[sphinx-v2-019] an absent outer parent is StorageInvalid and cannot publish any transition"}
[verification-test-start] {"pid":7053,"parentPid":3820,"entryFile":"/Users/yuanxi/Workwork/vibe-fs/requirements/sphinx-v2/tests/010.test.mjs","name":"WHAT[sphinx-v2-010] refuses receipt for another fence","fullName":"WHAT[sphinx-v2-010] a receipt requires the accepted intent and matching work attempt fence and physical binding > WHAT[sphinx-v2-010] refuses receipt for another fence"}
[verification-test-start] {"pid":7130,"parentPid":3820,"entryFile":"/Users/yuanxi/Workwork/vibe-fs/requirements/sphinx-v2/tests/033.test.mjs","name":"WHAT[sphinx-v2-033] creation receipts bind the exact authorized reserve for every legal resource name","fullName":"WHAT[sphinx-v2-033] creation receipts bind the exact authorized reserve for every legal resource name"}
[verification-test-start] {"pid":7072,"parentPid":3820,"entryFile":"/Users/yuanxi/Workwork/vibe-fs/requirements/sphinx-v2/tests/019.test.mjs","name":"WHAT[sphinx-v2-019] identical event identity with changed payload is a storage collision rather than a rewrite","fullName":"WHAT[sphinx-v2-019] identical event identity with changed payload is a storage collision rather than a rewrite"}
[verification-test-start] {"pid":7053,"parentPid":3820,"entryFile":"/Users/yuanxi/Workwork/vibe-fs/requirements/sphinx-v2/tests/010.test.mjs","name":"WHAT[sphinx-v2-010] refuses receipt for conflicting actual physical reference","fullName":"WHAT[sphinx-v2-010] a receipt requires the accepted intent and matching work attempt fence and physical binding > WHAT[sphinx-v2-010] refuses receipt for conflicting actual physical reference"}
[verification-test-start] {"pid":7053,"parentPid":3820,"entryFile":"/Users/yuanxi/Workwork/vibe-fs/requirements/sphinx-v2/tests/010.test.mjs","name":"WHAT[sphinx-v2-010] refuses receipt for conflicting Running reference with absent spec reference","fullName":"WHAT[sphinx-v2-010] a receipt requires the accepted intent and matching work attempt fence and physical binding > WHAT[sphinx-v2-010] refuses receipt for conflicting Running reference with absent spec reference"}
[verification-test-start] {"pid":7072,"parentPid":3820,"entryFile":"/Users/yuanxi/Workwork/vibe-fs/requirements/sphinx-v2/tests/019.test.mjs","name":"WHAT[sphinx-v2-019] legal same-parent forks preserve both writers and canonical Current refuses to pick a winner","fullName":"WHAT[sphinx-v2-019] legal same-parent forks preserve both writers and canonical Current refuses to pick a winner"}
runner: file lifecycle {"entryFile":"/Users/yuanxi/Workwork/vibe-fs/requirements/managed-session-lifecycle/tests/019.test.mjs","type":"runner:file-drained","elapsedMs":14414.169542}
[verification-test-start] {"pid":7130,"parentPid":3820,"entryFile":"/Users/yuanxi/Workwork/vibe-fs/requirements/sphinx-v2/tests/033.test.mjs","name":"WHAT[sphinx-v2-033] a disposed public owner rejects valid operations without writing and can be disposed again","fullName":"WHAT[sphinx-v2-033] a disposed public owner rejects valid operations without writing and can be disposed again"}
[verification-test-start] {"pid":7053,"parentPid":3820,"entryFile":"/Users/yuanxi/Workwork/vibe-fs/requirements/sphinx-v2/tests/010.test.mjs","name":"WHAT[sphinx-v2-010] the complete recorded receipt is immutable for its accepted intent","fullName":"WHAT[sphinx-v2-010] the complete recorded receipt is immutable for its accepted intent"}
[verification-test-start] {"pid":7053,"parentPid":3820,"entryFile":"/Users/yuanxi/Workwork/vibe-fs/requirements/sphinx-v2/tests/010.test.mjs","name":"WHAT[sphinx-v2-010] refuses a changed physical reference without replacing the original receipt","fullName":"WHAT[sphinx-v2-010] the complete recorded receipt is immutable for its accepted intent > WHAT[sphinx-v2-010] refuses a changed physical reference without replacing the original receipt"}
[verification-test-start] {"pid":7130,"parentPid":3820,"entryFile":"/Users/yuanxi/Workwork/vibe-fs/requirements/sphinx-v2/tests/033.test.mjs","name":"WHAT[sphinx-v2-033] the real production ServeEntry exits before emitting MCP protocol when durable storage is absent","fullName":"WHAT[sphinx-v2-033] the real production ServeEntry exits before emitting MCP protocol when durable storage is absent"}
[verification-test-start] {"pid":7053,"parentPid":3820,"entryFile":"/Users/yuanxi/Workwork/vibe-fs/requirements/sphinx-v2/tests/010.test.mjs","name":"WHAT[sphinx-v2-010] refuses a changed receipt payload without replacing the original receipt","fullName":"WHAT[sphinx-v2-010] the complete recorded receipt is immutable for its accepted intent > WHAT[sphinx-v2-010] refuses a changed receipt payload without replacing the original receipt"}
[verification-test-start] {"pid":7073,"parentPid":3820,"entryFile":"/Users/yuanxi/Workwork/vibe-fs/requirements/sphinx-v2/tests/020.test.mjs","name":"WHAT[sphinx-v2-020] unknown, semantically cut and forked inquiries never export a substituted trace","fullName":"WHAT[sphinx-v2-020] unknown, semantically cut and forked inquiries never export a substituted trace"}
[verification-test-start] {"pid":7053,"parentPid":3820,"entryFile":"/Users/yuanxi/Workwork/vibe-fs/requirements/sphinx-v2/tests/010.test.mjs","name":"WHAT[sphinx-v2-010] refuses a changed receipt schema without replacing the original receipt","fullName":"WHAT[sphinx-v2-010] the complete recorded receipt is immutable for its accepted intent > WHAT[sphinx-v2-010] refuses a changed receipt schema without replacing the original receipt"}
[verification-test-start] {"pid":7072,"parentPid":3820,"entryFile":"/Users/yuanxi/Workwork/vibe-fs/requirements/sphinx-v2/tests/019.test.mjs","name":"WHAT[sphinx-v2-019] a later legitimate child of an accepted ancestor is not rejected by a global last-state check","fullName":"WHAT[sphinx-v2-019] a later legitimate child of an accepted ancestor is not rejected by a global last-state check"}
[verification-test-start] {"pid":7053,"parentPid":3820,"entryFile":"/Users/yuanxi/Workwork/vibe-fs/requirements/sphinx-v2/tests/010.test.mjs","name":"WHAT[sphinx-v2-010] terminal inquiry admission rejects new dispatch facts including event-level replay","fullName":"WHAT[sphinx-v2-010] terminal inquiry admission rejects new dispatch facts including event-level replay"}
[verification-test-start] {"pid":7053,"parentPid":3820,"entryFile":"/Users/yuanxi/Workwork/vibe-fs/requirements/sphinx-v2/tests/010.test.mjs","name":"WHAT[sphinx-v2-010] terminal inquiry refuses DispatchRequested","fullName":"WHAT[sphinx-v2-010] terminal inquiry admission rejects new dispatch facts including event-level replay > WHAT[sphinx-v2-010] terminal inquiry refuses DispatchRequested"}
[verification-test-start] {"pid":7072,"parentPid":3820,"entryFile":"/Users/yuanxi/Workwork/vibe-fs/requirements/sphinx-v2/tests/019.test.mjs","name":"WHAT[sphinx-v2-019] post-state verification checks actual complete state, not array sizes or the old incomplete stateHash","fullName":"WHAT[sphinx-v2-019] post-state verification checks actual complete state, not array sizes or the old incomplete stateHash"}
[verification-test-start] {"pid":7053,"parentPid":3820,"entryFile":"/Users/yuanxi/Workwork/vibe-fs/requirements/sphinx-v2/tests/010.test.mjs","name":"WHAT[sphinx-v2-010] terminal inquiry refuses DispatchReceiptRecorded","fullName":"WHAT[sphinx-v2-010] terminal inquiry admission rejects new dispatch facts including event-level replay > WHAT[sphinx-v2-010] terminal inquiry refuses DispatchReceiptRecorded"}
[verification-test-start] {"pid":7144,"parentPid":3820,"entryFile":"/Users/yuanxi/Workwork/vibe-fs/requirements/sphinx-v2/tests/036.test.mjs","name":"WHAT[sphinx-v2-036] actual tool contract admits the v2 names and rejects retired stage aliases","fullName":"WHAT[sphinx-v2-036] actual tool contract admits the v2 names and rejects retired stage aliases"}
[verification-test-start] {"pid":7144,"parentPid":3820,"entryFile":"/Users/yuanxi/Workwork/vibe-fs/requirements/sphinx-v2/tests/036.test.mjs","name":"WHAT[sphinx-v2-036] every registered tool decodes its own arguments instead of ignoring them","fullName":"WHAT[sphinx-v2-036] every registered tool decodes its own arguments instead of ignoring them"}
[verification-test-start] {"pid":7053,"parentPid":3820,"entryFile":"/Users/yuanxi/Workwork/vibe-fs/requirements/sphinx-v2/tests/010.test.mjs","name":"WHAT[sphinx-v2-010] actual durable append failure prevents Host dispatch and receipt-loss recovery reconciles the same intent without creating a second child","fullName":"WHAT[sphinx-v2-010] actual durable append failure prevents Host dispatch and receipt-loss recovery reconciles the same intent without creating a second child"}
[verification-test-start] {"pid":7144,"parentPid":3820,"entryFile":"/Users/yuanxi/Workwork/vibe-fs/requirements/sphinx-v2/tests/036.test.mjs","name":"WHAT[sphinx-v2-036] invalid inquiry identities are refused by the real JS reader instead of escaping as exceptions","fullName":"WHAT[sphinx-v2-036] invalid inquiry identities are refused by the real JS reader instead of escaping as exceptions"}
[verification-test-start] {"pid":7144,"parentPid":3820,"entryFile":"/Users/yuanxi/Workwork/vibe-fs/requirements/sphinx-v2/tests/036.test.mjs","name":"WHAT[sphinx-v2-036] read ingress refuses explicit additional commands and state mutations by field","fullName":"WHAT[sphinx-v2-036] read ingress refuses explicit additional commands and state mutations by field"}
[verification-test-start] {"pid":7144,"parentPid":3820,"entryFile":"/Users/yuanxi/Workwork/vibe-fs/requirements/sphinx-v2/tests/036.test.mjs","name":"WHAT[sphinx-v2-036] a goal amendment requires its own user authorizer and validates optional replacement text","fullName":"WHAT[sphinx-v2-036] a goal amendment requires its own user authorizer and validates optional replacement text"}
[verification-test-start] {"pid":7144,"parentPid":3820,"entryFile":"/Users/yuanxi/Workwork/vibe-fs/requirements/sphinx-v2/tests/036.test.mjs","name":"WHAT[sphinx-v2-036] goal amendment ingress requires its own checked revision precondition","fullName":"WHAT[sphinx-v2-036] goal amendment ingress requires its own checked revision precondition"}
[verification-test-start] {"pid":7144,"parentPid":3820,"entryFile":"/Users/yuanxi/Workwork/vibe-fs/requirements/sphinx-v2/tests/036.test.mjs","name":"WHAT[sphinx-v2-036] an export mode outside summary and full, and a claim limit that could never admit work, are refused by field","fullName":"WHAT[sphinx-v2-036] an export mode outside summary and full, and a claim limit that could never admit work, are refused by field"}
runner: file lifecycle {"entryFile":"/Users/yuanxi/Workwork/vibe-fs/requirements/sphinx-v2/tests/010.test.mjs","type":"runner:file-drained","elapsedMs":14516.665625}
[verification-test-start] {"pid":7072,"parentPid":3820,"entryFile":"/Users/yuanxi/Workwork/vibe-fs/requirements/sphinx-v2/tests/019.test.mjs","name":"WHAT[sphinx-v2-019] canonical replay honors the parent when a child identity sorts before it","fullName":"WHAT[sphinx-v2-019] canonical replay honors the parent when a child identity sorts before it"}
[verification-test-start] {"pid":7144,"parentPid":3820,"entryFile":"/Users/yuanxi/Workwork/vibe-fs/requirements/sphinx-v2/tests/036.test.mjs","name":"WHAT[sphinx-v2-036] the response oracle rejects bare empty content, false success and malformed refusal fields","fullName":"WHAT[sphinx-v2-036] the response oracle rejects bare empty content, false success and malformed refusal fields"}
[verification-test-start] {"pid":7144,"parentPid":3820,"entryFile":"/Users/yuanxi/Workwork/vibe-fs/requirements/sphinx-v2/tests/036.test.mjs","name":"WHAT[sphinx-v2-036] one real SDK stdio session registers seven tools and preserves named ingress refusals","fullName":"WHAT[sphinx-v2-036] one real SDK stdio session registers seven tools and preserves named ingress refusals"}
[verification-test-start] {"pid":7146,"parentPid":3820,"entryFile":"/Users/yuanxi/Workwork/vibe-fs/requirements/structured-workflow/tests/012.test.mjs","name":"WHAT[structured-workflow-012] output reset rejects a linked root without replacing it or clearing foreign input","fullName":"WHAT[structured-workflow-012] output reset rejects a linked root without replacing it or clearing foreign input"}
[verification-test-start] {"pid":7146,"parentPid":3820,"entryFile":"/Users/yuanxi/Workwork/vibe-fs/requirements/structured-workflow/tests/012.test.mjs","name":"WHAT[structured-workflow-012] output reset creates a missing directory and preserves invalid file and dangling-link roots","fullName":"WHAT[structured-workflow-012] output reset creates a missing directory and preserves invalid file and dangling-link roots"}
[verification-test-start] {"pid":7146,"parentPid":3820,"entryFile":"/Users/yuanxi/Workwork/vibe-fs/requirements/structured-workflow/tests/012.test.mjs","name":"WHAT[structured-workflow-012] changed .fs with unchanged .fsi triggers reverse-consumer recompile","fullName":"WHAT[structured-workflow-012] changed .fs with unchanged .fsi triggers reverse-consumer recompile"}
[verification-test-start] {"pid":7146,"parentPid":3820,"entryFile":"/Users/yuanxi/Workwork/vibe-fs/requirements/structured-workflow/tests/012.test.mjs","name":"WHAT[structured-workflow-012] generated impact DAGs preserve change union signature monotonicity and canonical flat inputs","fullName":"WHAT[structured-workflow-012] generated impact DAGs preserve change union signature monotonicity and canonical flat inputs"}
runner: file lifecycle {"entryFile":"/Users/yuanxi/Workwork/vibe-fs/requirements/sphinx-v2/tests/020.test.mjs","type":"runner:file-drained","elapsedMs":14533.434583}
[verification-test-start] {"pid":7072,"parentPid":3820,"entryFile":"/Users/yuanxi/Workwork/vibe-fs/requirements/sphinx-v2/tests/019.test.mjs","name":"WHAT[sphinx-v2-019] strict ingress rejects malformed fields and arrays without silently dropping them","fullName":"WHAT[sphinx-v2-019] strict ingress rejects malformed fields and arrays without silently dropping them"}
[verification-test-start] {"pid":7072,"parentPid":3820,"entryFile":"/Users/yuanxi/Workwork/vibe-fs/requirements/sphinx-v2/tests/019.test.mjs","name":"WHAT[sphinx-v2-019] frozen @1 material is preserved and explicitly cut, never silently restored as an empty inquiry","fullName":"WHAT[sphinx-v2-019] frozen @1 material is preserved and explicitly cut, never silently restored as an empty inquiry"}
[verification-test-start] {"pid":7072,"parentPid":3820,"entryFile":"/Users/yuanxi/Workwork/vibe-fs/requirements/sphinx-v2/tests/019.test.mjs","name":"WHAT[sphinx-v2-019] creation and multi-body work transition append atomically at one revision and survive a new writer","fullName":"WHAT[sphinx-v2-019] creation and multi-body work transition append atomically at one revision and survive a new writer"}
[verification-test-start] {"pid":7072,"parentPid":3820,"entryFile":"/Users/yuanxi/Workwork/vibe-fs/requirements/sphinx-v2/tests/019.test.mjs","name":"WHAT[sphinx-v2-019] cancellation and a late cancel remain honest across writer close and canonical cold replay","fullName":"WHAT[sphinx-v2-019] cancellation and a late cancel remain honest across writer close and canonical cold replay"}
[verification-test-start] {"pid":7146,"parentPid":3820,"entryFile":"/Users/yuanxi/Workwork/vibe-fs/requirements/structured-workflow/tests/012.test.mjs","name":"WHAT[structured-workflow-012] disk inventory plans identically through the split stages","fullName":"WHAT[structured-workflow-012] disk inventory plans identically through the split stages"}
[verification-test-start] {"pid":7146,"parentPid":3820,"entryFile":"/Users/yuanxi/Workwork/vibe-fs/requirements/structured-workflow/tests/012.test.mjs","name":"WHAT[structured-workflow-012] implementation changes reach reverse consumers","fullName":"WHAT[structured-workflow-012] implementation changes reach reverse consumers"}
[verification-test-start] {"pid":7146,"parentPid":3820,"entryFile":"/Users/yuanxi/Workwork/vibe-fs/requirements/structured-workflow/tests/012.test.mjs","name":"WHAT[structured-workflow-012] signature-risky implementation changes independently reach reverse consumers across all syntax forms","fullName":"WHAT[structured-workflow-012] signature-risky implementation changes independently reach reverse consumers across all syntax forms"}
[verification-test-start] {"pid":7072,"parentPid":3820,"entryFile":"/Users/yuanxi/Workwork/vibe-fs/requirements/sphinx-v2/tests/019.test.mjs","name":"WHAT[sphinx-v2-019] all 30 body cases cross real encoding append and new-writer canonical replay without losing public DTO fields","fullName":"WHAT[sphinx-v2-019] all 30 body cases cross real encoding append and new-writer canonical replay without losing public DTO fields"}
[verification-test-start] {"pid":7130,"parentPid":3820,"entryFile":"/Users/yuanxi/Workwork/vibe-fs/requirements/sphinx-v2/tests/033.test.mjs","name":"WHAT[sphinx-v2-033] the real production ServeEntry refuses explicit blank startup configuration before protocol or business writes","fullName":"WHAT[sphinx-v2-033] the real production ServeEntry refuses explicit blank startup configuration before protocol or business writes"}
[verification-test-start] {"pid":7146,"parentPid":3820,"entryFile":"/Users/yuanxi/Workwork/vibe-fs/requirements/structured-workflow/tests/012.test.mjs","name":"WHAT[structured-workflow-012] missing sibling fsi independently triggers signature risk and pulls reverse consumers","fullName":"WHAT[structured-workflow-012] missing sibling fsi independently triggers signature risk and pulls reverse consumers"}
[verification-test-start] {"pid":7146,"parentPid":3820,"entryFile":"/Users/yuanxi/Workwork/vibe-fs/requirements/structured-workflow/tests/012.test.mjs","name":"WHAT[structured-workflow-012] comments and string literals containing Literal or inline do not trigger signature risk","fullName":"WHAT[structured-workflow-012] comments and string literals containing Literal or inline do not trigger signature risk"}
[verification-test-start] {"pid":7144,"parentPid":3820,"entryFile":"/Users/yuanxi/Workwork/vibe-fs/requirements/sphinx-v2/tests/036.test.mjs","name":"WHAT[sphinx-v2-036] public goal amendment advertises optional text and a strict revision precondition","fullName":"WHAT[sphinx-v2-036] one real SDK stdio session registers seven tools and preserves named ingress refusals > WHAT[sphinx-v2-036] public goal amendment advertises optional text and a strict revision precondition"}
[verification-test-start] {"pid":7144,"parentPid":3820,"entryFile":"/Users/yuanxi/Workwork/vibe-fs/requirements/sphinx-v2/tests/036.test.mjs","name":"WHAT[sphinx-v2-036] public start requires explicit startup configuration","fullName":"WHAT[sphinx-v2-036] one real SDK stdio session registers seven tools and preserves named ingress refusals > WHAT[sphinx-v2-036] public start requires explicit startup configuration"}
[verification-test-start] {"pid":7144,"parentPid":3820,"entryFile":"/Users/yuanxi/Workwork/vibe-fs/requirements/sphinx-v2/tests/036.test.mjs","name":"WHAT[sphinx-v2-036] a clean submit reaches the current unsupported branch, not business acceptance","fullName":"WHAT[sphinx-v2-036] one real SDK stdio session registers seven tools and preserves named ingress refusals > WHAT[sphinx-v2-036] a clean submit reaches the current unsupported branch, not business acceptance"}
[verification-test-start] {"pid":7144,"parentPid":3820,"entryFile":"/Users/yuanxi/Workwork/vibe-fs/requirements/sphinx-v2/tests/036.test.mjs","name":"WHAT[sphinx-v2-036] public work_submit preserves and refuses certificatePatches","fullName":"WHAT[sphinx-v2-036] one real SDK stdio session registers seven tools and preserves named ingress refusals > WHAT[sphinx-v2-036] public work_submit preserves and refuses certificatePatches"}
[verification-test-start] {"pid":7144,"parentPid":3820,"entryFile":"/Users/yuanxi/Workwork/vibe-fs/requirements/sphinx-v2/tests/036.test.mjs","name":"WHAT[sphinx-v2-036] public work_submit preserves and refuses budgetDebit","fullName":"WHAT[sphinx-v2-036] one real SDK stdio session registers seven tools and preserves named ingress refusals > WHAT[sphinx-v2-036] public work_submit preserves and refuses budgetDebit"}
[verification-test-start] {"pid":7144,"parentPid":3820,"entryFile":"/Users/yuanxi/Workwork/vibe-fs/requirements/sphinx-v2/tests/036.test.mjs","name":"WHAT[sphinx-v2-036] public work_submit preserves and refuses events","fullName":"WHAT[sphinx-v2-036] one real SDK stdio session registers seven tools and preserves named ingress refusals > WHAT[sphinx-v2-036] public work_submit preserves and refuses events"}
[verification-test-start] {"pid":7144,"parentPid":3820,"entryFile":"/Users/yuanxi/Workwork/vibe-fs/requirements/sphinx-v2/tests/036.test.mjs","name":"WHAT[sphinx-v2-036] public work_submit preserves and refuses goalRevision","fullName":"WHAT[sphinx-v2-036] one real SDK stdio session registers seven tools and preserves named ingress refusals > WHAT[sphinx-v2-036] public work_submit preserves and refuses goalRevision"}
[verification-test-start] {"pid":7146,"parentPid":3820,"entryFile":"/Users/yuanxi/Workwork/vibe-fs/requirements/structured-workflow/tests/012.test.mjs","name":"WHAT[structured-workflow-012] incremental compile executes focused flat compile and records cache","fullName":"WHAT[structured-workflow-012] incremental compile executes focused flat compile and records cache"}
[verification-test-start] {"pid":7144,"parentPid":3820,"entryFile":"/Users/yuanxi/Workwork/vibe-fs/requirements/sphinx-v2/tests/036.test.mjs","name":"WHAT[sphinx-v2-036] public work_submit preserves and refuses goalAmendment","fullName":"WHAT[sphinx-v2-036] one real SDK stdio session registers seven tools and preserves named ingress refusals > WHAT[sphinx-v2-036] public work_submit preserves and refuses goalAmendment"}
[verification-test-start] {"pid":7144,"parentPid":3820,"entryFile":"/Users/yuanxi/Workwork/vibe-fs/requirements/sphinx-v2/tests/036.test.mjs","name":"WHAT[sphinx-v2-036] sphinx_inquiry_status.status clean input is not a business read/export proof","fullName":"WHAT[sphinx-v2-036] one real SDK stdio session registers seven tools and preserves named ingress refusals > WHAT[sphinx-v2-036] sphinx_inquiry_status.status clean input is not a business read/export proof"}
[verification-test-start] {"pid":7144,"parentPid":3820,"entryFile":"/Users/yuanxi/Workwork/vibe-fs/requirements/sphinx-v2/tests/036.test.mjs","name":"WHAT[sphinx-v2-036] public sphinx_inquiry_status.status refuses explicit command","fullName":"WHAT[sphinx-v2-036] one real SDK stdio session registers seven tools and preserves named ingress refusals > WHAT[sphinx-v2-036] public sphinx_inquiry_status.status refuses explicit command"}
[verification-test-start] {"pid":7144,"parentPid":3820,"entryFile":"/Users/yuanxi/Workwork/vibe-fs/requirements/sphinx-v2/tests/036.test.mjs","name":"WHAT[sphinx-v2-036] public sphinx_inquiry_status.status refuses explicit commands","fullName":"WHAT[sphinx-v2-036] one real SDK stdio session registers seven tools and preserves named ingress refusals > WHAT[sphinx-v2-036] public sphinx_inquiry_status.status refuses explicit commands"}
[verification-test-start] {"pid":7144,"parentPid":3820,"entryFile":"/Users/yuanxi/Workwork/vibe-fs/requirements/sphinx-v2/tests/036.test.mjs","name":"WHAT[sphinx-v2-036] public sphinx_inquiry_status.status refuses explicit certificatePatches","fullName":"WHAT[sphinx-v2-036] one real SDK stdio session registers seven tools and preserves named ingress refusals > WHAT[sphinx-v2-036] public sphinx_inquiry_status.status refuses explicit certificatePatches"}
[verification-test-start] {"pid":7144,"parentPid":3820,"entryFile":"/Users/yuanxi/Workwork/vibe-fs/requirements/sphinx-v2/tests/036.test.mjs","name":"WHAT[sphinx-v2-036] public sphinx_inquiry_status.status refuses explicit budgetDebit","fullName":"WHAT[sphinx-v2-036] one real SDK stdio session registers seven tools and preserves named ingress refusals > WHAT[sphinx-v2-036] public sphinx_inquiry_status.status refuses explicit budgetDebit"}
[verification-test-start] {"pid":7144,"parentPid":3820,"entryFile":"/Users/yuanxi/Workwork/vibe-fs/requirements/sphinx-v2/tests/036.test.mjs","name":"WHAT[sphinx-v2-036] public sphinx_inquiry_status.status refuses explicit events","fullName":"WHAT[sphinx-v2-036] one real SDK stdio session registers seven tools and preserves named ingress refusals > WHAT[sphinx-v2-036] public sphinx_inquiry_status.status refuses explicit events"}
[verification-test-start] {"pid":7144,"parentPid":3820,"entryFile":"/Users/yuanxi/Workwork/vibe-fs/requirements/sphinx-v2/tests/036.test.mjs","name":"WHAT[sphinx-v2-036] public sphinx_inquiry_status.status refuses explicit goalRevision","fullName":"WHAT[sphinx-v2-036] one real SDK stdio session registers seven tools and preserves named ingress refusals > WHAT[sphinx-v2-036] public sphinx_inquiry_status.status refuses explicit goalRevision"}
[verification-test-start] {"pid":7144,"parentPid":3820,"entryFile":"/Users/yuanxi/Workwork/vibe-fs/requirements/sphinx-v2/tests/036.test.mjs","name":"WHAT[sphinx-v2-036] public sphinx_inquiry_status.status refuses explicit goalAmendment","fullName":"WHAT[sphinx-v2-036] one real SDK stdio session registers seven tools and preserves named ingress refusals > WHAT[sphinx-v2-036] public sphinx_inquiry_status.status refuses explicit goalAmendment"}
[verification-test-start] {"pid":7144,"parentPid":3820,"entryFile":"/Users/yuanxi/Workwork/vibe-fs/requirements/sphinx-v2/tests/036.test.mjs","name":"WHAT[sphinx-v2-036] sphinx_inquiry_export.summary clean input is not a business read/export proof","fullName":"WHAT[sphinx-v2-036] one real SDK stdio session registers seven tools and preserves named ingress refusals > WHAT[sphinx-v2-036] sphinx_inquiry_export.summary clean input is not a business read/export proof"}
[verification-test-start] {"pid":7144,"parentPid":3820,"entryFile":"/Users/yuanxi/Workwork/vibe-fs/requirements/sphinx-v2/tests/036.test.mjs","name":"WHAT[sphinx-v2-036] public sphinx_inquiry_export.summary refuses explicit command","fullName":"WHAT[sphinx-v2-036] one real SDK stdio session registers seven tools and preserves named ingress refusals > WHAT[sphinx-v2-036] public sphinx_inquiry_export.summary refuses explicit command"}
[verification-test-start] {"pid":7144,"parentPid":3820,"entryFile":"/Users/yuanxi/Workwork/vibe-fs/requirements/sphinx-v2/tests/036.test.mjs","name":"WHAT[sphinx-v2-036] public sphinx_inquiry_export.summary refuses explicit commands","fullName":"WHAT[sphinx-v2-036] one real SDK stdio session registers seven tools and preserves named ingress refusals > WHAT[sphinx-v2-036] public sphinx_inquiry_export.summary refuses explicit commands"}
[verification-test-start] {"pid":7144,"parentPid":3820,"entryFile":"/Users/yuanxi/Workwork/vibe-fs/requirements/sphinx-v2/tests/036.test.mjs","name":"WHAT[sphinx-v2-036] public sphinx_inquiry_export.summary refuses explicit certificatePatches","fullName":"WHAT[sphinx-v2-036] one real SDK stdio session registers seven tools and preserves named ingress refusals > WHAT[sphinx-v2-036] public sphinx_inquiry_export.summary refuses explicit certificatePatches"}
[verification-test-start] {"pid":7144,"parentPid":3820,"entryFile":"/Users/yuanxi/Workwork/vibe-fs/requirements/sphinx-v2/tests/036.test.mjs","name":"WHAT[sphinx-v2-036] public sphinx_inquiry_export.summary refuses explicit budgetDebit","fullName":"WHAT[sphinx-v2-036] one real SDK stdio session registers seven tools and preserves named ingress refusals > WHAT[sphinx-v2-036] public sphinx_inquiry_export.summary refuses explicit budgetDebit"}
[verification-test-start] {"pid":7144,"parentPid":3820,"entryFile":"/Users/yuanxi/Workwork/vibe-fs/requirements/sphinx-v2/tests/036.test.mjs","name":"WHAT[sphinx-v2-036] public sphinx_inquiry_export.summary refuses explicit events","fullName":"WHAT[sphinx-v2-036] one real SDK stdio session registers seven tools and preserves named ingress refusals > WHAT[sphinx-v2-036] public sphinx_inquiry_export.summary refuses explicit events"}
[verification-test-start] {"pid":7144,"parentPid":3820,"entryFile":"/Users/yuanxi/Workwork/vibe-fs/requirements/sphinx-v2/tests/036.test.mjs","name":"WHAT[sphinx-v2-036] public sphinx_inquiry_export.summary refuses explicit goalRevision","fullName":"WHAT[sphinx-v2-036] one real SDK stdio session registers seven tools and preserves named ingress refusals > WHAT[sphinx-v2-036] public sphinx_inquiry_export.summary refuses explicit goalRevision"}
[verification-test-start] {"pid":7144,"parentPid":3820,"entryFile":"/Users/yuanxi/Workwork/vibe-fs/requirements/sphinx-v2/tests/036.test.mjs","name":"WHAT[sphinx-v2-036] public sphinx_inquiry_export.summary refuses explicit goalAmendment","fullName":"WHAT[sphinx-v2-036] one real SDK stdio session registers seven tools and preserves named ingress refusals > WHAT[sphinx-v2-036] public sphinx_inquiry_export.summary refuses explicit goalAmendment"}
[verification-test-start] {"pid":7144,"parentPid":3820,"entryFile":"/Users/yuanxi/Workwork/vibe-fs/requirements/sphinx-v2/tests/036.test.mjs","name":"WHAT[sphinx-v2-036] sphinx_inquiry_export.full clean input is not a business read/export proof","fullName":"WHAT[sphinx-v2-036] one real SDK stdio session registers seven tools and preserves named ingress refusals > WHAT[sphinx-v2-036] sphinx_inquiry_export.full clean input is not a business read/export proof"}
[verification-test-start] {"pid":7144,"parentPid":3820,"entryFile":"/Users/yuanxi/Workwork/vibe-fs/requirements/sphinx-v2/tests/036.test.mjs","name":"WHAT[sphinx-v2-036] public sphinx_inquiry_export.full refuses explicit command","fullName":"WHAT[sphinx-v2-036] one real SDK stdio session registers seven tools and preserves named ingress refusals > WHAT[sphinx-v2-036] public sphinx_inquiry_export.full refuses explicit command"}
[verification-test-start] {"pid":7144,"parentPid":3820,"entryFile":"/Users/yuanxi/Workwork/vibe-fs/requirements/sphinx-v2/tests/036.test.mjs","name":"WHAT[sphinx-v2-036] public sphinx_inquiry_export.full refuses explicit commands","fullName":"WHAT[sphinx-v2-036] one real SDK stdio session registers seven tools and preserves named ingress refusals > WHAT[sphinx-v2-036] public sphinx_inquiry_export.full refuses explicit commands"}
[verification-test-start] {"pid":7144,"parentPid":3820,"entryFile":"/Users/yuanxi/Workwork/vibe-fs/requirements/sphinx-v2/tests/036.test.mjs","name":"WHAT[sphinx-v2-036] public sphinx_inquiry_export.full refuses explicit certificatePatches","fullName":"WHAT[sphinx-v2-036] one real SDK stdio session registers seven tools and preserves named ingress refusals > WHAT[sphinx-v2-036] public sphinx_inquiry_export.full refuses explicit certificatePatches"}
[verification-test-start] {"pid":7144,"parentPid":3820,"entryFile":"/Users/yuanxi/Workwork/vibe-fs/requirements/sphinx-v2/tests/036.test.mjs","name":"WHAT[sphinx-v2-036] public sphinx_inquiry_export.full refuses explicit budgetDebit","fullName":"WHAT[sphinx-v2-036] one real SDK stdio session registers seven tools and preserves named ingress refusals > WHAT[sphinx-v2-036] public sphinx_inquiry_export.full refuses explicit budgetDebit"}
[verification-test-start] {"pid":7144,"parentPid":3820,"entryFile":"/Users/yuanxi/Workwork/vibe-fs/requirements/sphinx-v2/tests/036.test.mjs","name":"WHAT[sphinx-v2-036] public sphinx_inquiry_export.full refuses explicit events","fullName":"WHAT[sphinx-v2-036] one real SDK stdio session registers seven tools and preserves named ingress refusals > WHAT[sphinx-v2-036] public sphinx_inquiry_export.full refuses explicit events"}
[verification-test-start] {"pid":7144,"parentPid":3820,"entryFile":"/Users/yuanxi/Workwork/vibe-fs/requirements/sphinx-v2/tests/036.test.mjs","name":"WHAT[sphinx-v2-036] public sphinx_inquiry_export.full refuses explicit goalRevision","fullName":"WHAT[sphinx-v2-036] one real SDK stdio session registers seven tools and preserves named ingress refusals > WHAT[sphinx-v2-036] public sphinx_inquiry_export.full refuses explicit goalRevision"}
[verification-test-start] {"pid":7144,"parentPid":3820,"entryFile":"/Users/yuanxi/Workwork/vibe-fs/requirements/sphinx-v2/tests/036.test.mjs","name":"WHAT[sphinx-v2-036] public sphinx_inquiry_export.full refuses explicit goalAmendment","fullName":"WHAT[sphinx-v2-036] one real SDK stdio session registers seven tools and preserves named ingress refusals > WHAT[sphinx-v2-036] public sphinx_inquiry_export.full refuses explicit goalAmendment"}
[verification-test-start] {"pid":7144,"parentPid":3820,"entryFile":"/Users/yuanxi/Workwork/vibe-fs/requirements/sphinx-v2/tests/036.test.mjs","name":"WHAT[sphinx-v2-036] public goal amendment refuses a negative revision before the unsupported driver","fullName":"WHAT[sphinx-v2-036] one real SDK stdio session registers seven tools and preserves named ingress refusals > WHAT[sphinx-v2-036] public goal amendment refuses a negative revision before the unsupported driver"}
[verification-test-start] {"pid":7146,"parentPid":3820,"entryFile":"/Users/yuanxi/Workwork/vibe-fs/requirements/structured-workflow/tests/012.test.mjs","name":"WHAT[structured-workflow-012] signature changes include every reverse consumer and exact forward union","fullName":"WHAT[structured-workflow-012] signature changes include every reverse consumer and exact forward union"}
[verification-test-start] {"pid":7144,"parentPid":3820,"entryFile":"/Users/yuanxi/Workwork/vibe-fs/requirements/sphinx-v2/tests/036.test.mjs","name":"WHAT[sphinx-v2-036] public goal amendment accepts omitted replacementText at ingress only","fullName":"WHAT[sphinx-v2-036] one real SDK stdio session registers seven tools and preserves named ingress refusals > WHAT[sphinx-v2-036] public goal amendment accepts omitted replacementText at ingress only"}
[verification-test-start] {"pid":7144,"parentPid":3820,"entryFile":"/Users/yuanxi/Workwork/vibe-fs/requirements/sphinx-v2/tests/036.test.mjs","name":"WHAT[sphinx-v2-036] public goal amendment accepts nonblank replacementText at ingress only","fullName":"WHAT[sphinx-v2-036] one real SDK stdio session registers seven tools and preserves named ingress refusals > WHAT[sphinx-v2-036] public goal amendment accepts nonblank replacementText at ingress only"}
[verification-test-start] {"pid":7144,"parentPid":3820,"entryFile":"/Users/yuanxi/Workwork/vibe-fs/requirements/sphinx-v2/tests/036.test.mjs","name":"WHAT[sphinx-v2-036] public goal amendment refuses explicit null replacementText, not as omitted","fullName":"WHAT[sphinx-v2-036] one real SDK stdio session registers seven tools and preserves named ingress refusals > WHAT[sphinx-v2-036] public goal amendment refuses explicit null replacementText, not as omitted"}
[verification-test-start] {"pid":7144,"parentPid":3820,"entryFile":"/Users/yuanxi/Workwork/vibe-fs/requirements/sphinx-v2/tests/036.test.mjs","name":"WHAT[sphinx-v2-036] public goal amendment refuses blank replacementText, not as omitted","fullName":"WHAT[sphinx-v2-036] one real SDK stdio session registers seven tools and preserves named ingress refusals > WHAT[sphinx-v2-036] public goal amendment refuses blank replacementText, not as omitted"}
[verification-test-start] {"pid":7146,"parentPid":3820,"entryFile":"/Users/yuanxi/Workwork/vibe-fs/requirements/structured-workflow/tests/012.test.mjs","name":"WHAT[structured-workflow-012] toolchain changes and oversized impact select one full flat build","fullName":"WHAT[structured-workflow-012] toolchain changes and oversized impact select one full flat build"}
[verification-test-start] {"pid":7144,"parentPid":3820,"entryFile":"/Users/yuanxi/Workwork/vibe-fs/requirements/sphinx-v2/tests/036.test.mjs","name":"WHAT[sphinx-v2-036] invalid material identities are refused by the real JS creator without a durable write","fullName":"WHAT[sphinx-v2-036] invalid material identities are refused by the real JS creator without a durable write"}
[verification-test-start] {"pid":7146,"parentPid":3820,"entryFile":"/Users/yuanxi/Workwork/vibe-fs/requirements/structured-workflow/tests/012.test.mjs","name":"WHAT[structured-workflow-012] materialized impact project has exact canonical inputs and zero ProjectReference","fullName":"WHAT[structured-workflow-012] materialized impact project has exact canonical inputs and zero ProjectReference"}
[verification-test-start] {"pid":7144,"parentPid":3820,"entryFile":"/Users/yuanxi/Workwork/vibe-fs/requirements/sphinx-v2/tests/036.test.mjs","name":"WHAT[sphinx-v2-036] actual JS start refuses malformed string lists without coercion or exceptions","fullName":"WHAT[sphinx-v2-036] actual JS start refuses malformed string lists without coercion or exceptions"}
[verification-test-start] {"pid":7144,"parentPid":3820,"entryFile":"/Users/yuanxi/Workwork/vibe-fs/requirements/sphinx-v2/tests/036.test.mjs","name":"WHAT[sphinx-v2-036] actual start rejects constraints missing","fullName":"WHAT[sphinx-v2-036] actual JS start refuses malformed string lists without coercion or exceptions > WHAT[sphinx-v2-036] actual start rejects constraints missing"}
[verification-test-start] {"pid":7144,"parentPid":3820,"entryFile":"/Users/yuanxi/Workwork/vibe-fs/requirements/sphinx-v2/tests/036.test.mjs","name":"WHAT[sphinx-v2-036] actual start rejects constraints null","fullName":"WHAT[sphinx-v2-036] actual JS start refuses malformed string lists without coercion or exceptions > WHAT[sphinx-v2-036] actual start rejects constraints null"}
[verification-test-start] {"pid":7144,"parentPid":3820,"entryFile":"/Users/yuanxi/Workwork/vibe-fs/requirements/sphinx-v2/tests/036.test.mjs","name":"WHAT[sphinx-v2-036] actual start rejects constraints object","fullName":"WHAT[sphinx-v2-036] actual JS start refuses malformed string lists without coercion or exceptions > WHAT[sphinx-v2-036] actual start rejects constraints object"}
[verification-test-start] {"pid":7144,"parentPid":3820,"entryFile":"/Users/yuanxi/Workwork/vibe-fs/requirements/sphinx-v2/tests/036.test.mjs","name":"WHAT[sphinx-v2-036] actual start rejects constraints string","fullName":"WHAT[sphinx-v2-036] actual JS start refuses malformed string lists without coercion or exceptions > WHAT[sphinx-v2-036] actual start rejects constraints string"}
[verification-test-start] {"pid":7144,"parentPid":3820,"entryFile":"/Users/yuanxi/Workwork/vibe-fs/requirements/sphinx-v2/tests/036.test.mjs","name":"WHAT[sphinx-v2-036] actual start rejects constraints numeric entry","fullName":"WHAT[sphinx-v2-036] actual JS start refuses malformed string lists without coercion or exceptions > WHAT[sphinx-v2-036] actual start rejects constraints numeric entry"}
[verification-test-start] {"pid":7144,"parentPid":3820,"entryFile":"/Users/yuanxi/Workwork/vibe-fs/requirements/sphinx-v2/tests/036.test.mjs","name":"WHAT[sphinx-v2-036] actual start rejects constraints object entry","fullName":"WHAT[sphinx-v2-036] actual JS start refuses malformed string lists without coercion or exceptions > WHAT[sphinx-v2-036] actual start rejects constraints object entry"}
[verification-test-start] {"pid":7144,"parentPid":3820,"entryFile":"/Users/yuanxi/Workwork/vibe-fs/requirements/sphinx-v2/tests/036.test.mjs","name":"WHAT[sphinx-v2-036] actual start rejects constraints null entry","fullName":"WHAT[sphinx-v2-036] actual JS start refuses malformed string lists without coercion or exceptions > WHAT[sphinx-v2-036] actual start rejects constraints null entry"}
[verification-test-start] {"pid":7144,"parentPid":3820,"entryFile":"/Users/yuanxi/Workwork/vibe-fs/requirements/sphinx-v2/tests/036.test.mjs","name":"WHAT[sphinx-v2-036] actual start rejects constraints boolean entry","fullName":"WHAT[sphinx-v2-036] actual JS start refuses malformed string lists without coercion or exceptions > WHAT[sphinx-v2-036] actual start rejects constraints boolean entry"}
[verification-test-start] {"pid":7144,"parentPid":3820,"entryFile":"/Users/yuanxi/Workwork/vibe-fs/requirements/sphinx-v2/tests/036.test.mjs","name":"WHAT[sphinx-v2-036] actual start rejects materialRefs missing","fullName":"WHAT[sphinx-v2-036] actual JS start refuses malformed string lists without coercion or exceptions > WHAT[sphinx-v2-036] actual start rejects materialRefs missing"}
[verification-test-start] {"pid":7144,"parentPid":3820,"entryFile":"/Users/yuanxi/Workwork/vibe-fs/requirements/sphinx-v2/tests/036.test.mjs","name":"WHAT[sphinx-v2-036] actual start rejects materialRefs null","fullName":"WHAT[sphinx-v2-036] actual JS start refuses malformed string lists without coercion or exceptions > WHAT[sphinx-v2-036] actual start rejects materialRefs null"}
[verification-test-start] {"pid":7144,"parentPid":3820,"entryFile":"/Users/yuanxi/Workwork/vibe-fs/requirements/sphinx-v2/tests/036.test.mjs","name":"WHAT[sphinx-v2-036] actual start rejects materialRefs object","fullName":"WHAT[sphinx-v2-036] actual JS start refuses malformed string lists without coercion or exceptions > WHAT[sphinx-v2-036] actual start rejects materialRefs object"}
[verification-test-start] {"pid":7144,"parentPid":3820,"entryFile":"/Users/yuanxi/Workwork/vibe-fs/requirements/sphinx-v2/tests/036.test.mjs","name":"WHAT[sphinx-v2-036] actual start rejects materialRefs string","fullName":"WHAT[sphinx-v2-036] actual JS start refuses malformed string lists without coercion or exceptions > WHAT[sphinx-v2-036] actual start rejects materialRefs string"}
[verification-test-start] {"pid":7144,"parentPid":3820,"entryFile":"/Users/yuanxi/Workwork/vibe-fs/requirements/sphinx-v2/tests/036.test.mjs","name":"WHAT[sphinx-v2-036] actual start rejects materialRefs numeric entry","fullName":"WHAT[sphinx-v2-036] actual JS start refuses malformed string lists without coercion or exceptions > WHAT[sphinx-v2-036] actual start rejects materialRefs numeric entry"}
[verification-test-start] {"pid":7144,"parentPid":3820,"entryFile":"/Users/yuanxi/Workwork/vibe-fs/requirements/sphinx-v2/tests/036.test.mjs","name":"WHAT[sphinx-v2-036] actual start rejects materialRefs object entry","fullName":"WHAT[sphinx-v2-036] actual JS start refuses malformed string lists without coercion or exceptions > WHAT[sphinx-v2-036] actual start rejects materialRefs object entry"}
[verification-test-start] {"pid":7146,"parentPid":3820,"entryFile":"/Users/yuanxi/Workwork/vibe-fs/requirements/structured-workflow/tests/012.test.mjs","name":"WHAT[structured-workflow-012] multi-change union compiles each closure once","fullName":"WHAT[structured-workflow-012] multi-change union compiles each closure once"}
[verification-test-start] {"pid":7144,"parentPid":3820,"entryFile":"/Users/yuanxi/Workwork/vibe-fs/requirements/sphinx-v2/tests/036.test.mjs","name":"WHAT[sphinx-v2-036] actual start rejects materialRefs null entry","fullName":"WHAT[sphinx-v2-036] actual JS start refuses malformed string lists without coercion or exceptions > WHAT[sphinx-v2-036] actual start rejects materialRefs null entry"}
[verification-test-start] {"pid":7144,"parentPid":3820,"entryFile":"/Users/yuanxi/Workwork/vibe-fs/requirements/sphinx-v2/tests/036.test.mjs","name":"WHAT[sphinx-v2-036] actual start rejects materialRefs boolean entry","fullName":"WHAT[sphinx-v2-036] actual JS start refuses malformed string lists without coercion or exceptions > WHAT[sphinx-v2-036] actual start rejects materialRefs boolean entry"}
[verification-test-start] {"pid":7146,"parentPid":3820,"entryFile":"/Users/yuanxi/Workwork/vibe-fs/requirements/structured-workflow/tests/012.test.mjs","name":"WHAT[structured-workflow-012] project file changes select one full flat build","fullName":"WHAT[structured-workflow-012] project file changes select one full flat build"}
[verification-test-start] {"pid":7144,"parentPid":3820,"entryFile":"/Users/yuanxi/Workwork/vibe-fs/requirements/sphinx-v2/tests/036.test.mjs","name":"WHAT[sphinx-v2-036] invalid inquiry identities and material identities receive named refusals over real stdio","fullName":"WHAT[sphinx-v2-036] invalid inquiry identities and material identities receive named refusals over real stdio"}
[verification-test-start] {"pid":7146,"parentPid":3820,"entryFile":"/Users/yuanxi/Workwork/vibe-fs/requirements/structured-workflow/tests/012.test.mjs","name":"WHAT[structured-workflow-012] production impact-set ladder classifies fs fsi project and toolchain","fullName":"WHAT[structured-workflow-012] production impact-set ladder classifies fs fsi project and toolchain"}
[verification-test-start] {"pid":7130,"parentPid":3820,"entryFile":"/Users/yuanxi/Workwork/vibe-fs/requirements/sphinx-v2/tests/033.test.mjs","name":"WHAT[sphinx-v2-033] the real production ServeEntry refuses invalid startup JSON before protocol or business writes","fullName":"WHAT[sphinx-v2-033] the real production ServeEntry refuses invalid startup JSON before protocol or business writes"}
[verification-test-start] {"pid":7146,"parentPid":3820,"entryFile":"/Users/yuanxi/Workwork/vibe-fs/requirements/structured-workflow/tests/012.test.mjs","name":"WHAT[structured-workflow-012] compile-impact CLI plan-only smoke matches the planner","fullName":"WHAT[structured-workflow-012] compile-impact CLI plan-only smoke matches the planner"}
[verification-test-start] {"pid":7144,"parentPid":3820,"entryFile":"/Users/yuanxi/Workwork/vibe-fs/requirements/sphinx-v2/tests/036.test.mjs","name":"WHAT[sphinx-v2-036] real sphinx_inquiry_status rejects invalid inquiry identity \"a b\"","fullName":"WHAT[sphinx-v2-036] invalid inquiry identities and material identities receive named refusals over real stdio > WHAT[sphinx-v2-036] real sphinx_inquiry_status rejects invalid inquiry identity \"a b\""}
[verification-test-start] {"pid":7144,"parentPid":3820,"entryFile":"/Users/yuanxi/Workwork/vibe-fs/requirements/sphinx-v2/tests/036.test.mjs","name":"WHAT[sphinx-v2-036] real sphinx_inquiry_export rejects invalid inquiry identity \"a b\"","fullName":"WHAT[sphinx-v2-036] invalid inquiry identities and material identities receive named refusals over real stdio > WHAT[sphinx-v2-036] real sphinx_inquiry_export rejects invalid inquiry identity \"a b\""}
[verification-test-start] {"pid":7144,"parentPid":3820,"entryFile":"/Users/yuanxi/Workwork/vibe-fs/requirements/sphinx-v2/tests/036.test.mjs","name":"WHAT[sphinx-v2-036] real sphinx_inquiry_cancel rejects invalid inquiry identity \"a b\"","fullName":"WHAT[sphinx-v2-036] invalid inquiry identities and material identities receive named refusals over real stdio > WHAT[sphinx-v2-036] real sphinx_inquiry_cancel rejects invalid inquiry identity \"a b\""}
[verification-test-start] {"pid":7144,"parentPid":3820,"entryFile":"/Users/yuanxi/Workwork/vibe-fs/requirements/sphinx-v2/tests/036.test.mjs","name":"WHAT[sphinx-v2-036] real sphinx_inquiry_status rejects invalid inquiry identity \"inq\\nx\"","fullName":"WHAT[sphinx-v2-036] invalid inquiry identities and material identities receive named refusals over real stdio > WHAT[sphinx-v2-036] real sphinx_inquiry_status rejects invalid inquiry identity \"inq\\nx\""}
[verification-test-start] {"pid":7144,"parentPid":3820,"entryFile":"/Users/yuanxi/Workwork/vibe-fs/requirements/sphinx-v2/tests/036.test.mjs","name":"WHAT[sphinx-v2-036] real sphinx_inquiry_export rejects invalid inquiry identity \"inq\\nx\"","fullName":"WHAT[sphinx-v2-036] invalid inquiry identities and material identities receive named refusals over real stdio > WHAT[sphinx-v2-036] real sphinx_inquiry_export rejects invalid inquiry identity \"inq\\nx\""}
[verification-test-start] {"pid":7144,"parentPid":3820,"entryFile":"/Users/yuanxi/Workwork/vibe-fs/requirements/sphinx-v2/tests/036.test.mjs","name":"WHAT[sphinx-v2-036] real sphinx_inquiry_cancel rejects invalid inquiry identity \"inq\\nx\"","fullName":"WHAT[sphinx-v2-036] invalid inquiry identities and material identities receive named refusals over real stdio > WHAT[sphinx-v2-036] real sphinx_inquiry_cancel rejects invalid inquiry identity \"inq\\nx\""}
[verification-test-start] {"pid":7144,"parentPid":3820,"entryFile":"/Users/yuanxi/Workwork/vibe-fs/requirements/sphinx-v2/tests/036.test.mjs","name":"WHAT[sphinx-v2-036] real sphinx_inquiry_status rejects invalid inquiry identity \"inq\\u0000x\"","fullName":"WHAT[sphinx-v2-036] invalid inquiry identities and material identities receive named refusals over real stdio > WHAT[sphinx-v2-036] real sphinx_inquiry_status rejects invalid inquiry identity \"inq\\u0000x\""}
[verification-test-start] {"pid":7144,"parentPid":3820,"entryFile":"/Users/yuanxi/Workwork/vibe-fs/requirements/sphinx-v2/tests/036.test.mjs","name":"WHAT[sphinx-v2-036] real sphinx_inquiry_export rejects invalid inquiry identity \"inq\\u0000x\"","fullName":"WHAT[sphinx-v2-036] invalid inquiry identities and material identities receive named refusals over real stdio > WHAT[sphinx-v2-036] real sphinx_inquiry_export rejects invalid inquiry identity \"inq\\u0000x\""}
[verification-test-start] {"pid":7144,"parentPid":3820,"entryFile":"/Users/yuanxi/Workwork/vibe-fs/requirements/sphinx-v2/tests/036.test.mjs","name":"WHAT[sphinx-v2-036] real sphinx_inquiry_cancel rejects invalid inquiry identity \"inq\\u0000x\"","fullName":"WHAT[sphinx-v2-036] invalid inquiry identities and material identities receive named refusals over real stdio > WHAT[sphinx-v2-036] real sphinx_inquiry_cancel rejects invalid inquiry identity \"inq\\u0000x\""}
[verification-test-start] {"pid":7130,"parentPid":3820,"entryFile":"/Users/yuanxi/Workwork/vibe-fs/requirements/sphinx-v2/tests/033.test.mjs","name":"WHAT[sphinx-v2-033] the real production ServeEntry refuses explicit JSON null configuration before protocol or business writes","fullName":"WHAT[sphinx-v2-033] the real production ServeEntry refuses explicit JSON null configuration before protocol or business writes"}
[verification-test-start] {"pid":7144,"parentPid":3820,"entryFile":"/Users/yuanxi/Workwork/vibe-fs/requirements/sphinx-v2/tests/036.test.mjs","name":"WHAT[sphinx-v2-036] real start rejects invalid material identity \"ref a\"","fullName":"WHAT[sphinx-v2-036] invalid inquiry identities and material identities receive named refusals over real stdio > WHAT[sphinx-v2-036] real start rejects invalid material identity \"ref a\""}
[verification-test-start] {"pid":7144,"parentPid":3820,"entryFile":"/Users/yuanxi/Workwork/vibe-fs/requirements/sphinx-v2/tests/036.test.mjs","name":"WHAT[sphinx-v2-036] real start rejects invalid material identity \"ref\\nx\"","fullName":"WHAT[sphinx-v2-036] invalid inquiry identities and material identities receive named refusals over real stdio > WHAT[sphinx-v2-036] real start rejects invalid material identity \"ref\\nx\""}
[verification-test-start] {"pid":7144,"parentPid":3820,"entryFile":"/Users/yuanxi/Workwork/vibe-fs/requirements/sphinx-v2/tests/036.test.mjs","name":"WHAT[sphinx-v2-036] real start rejects invalid material identity \"ref\\u0000x\"","fullName":"WHAT[sphinx-v2-036] invalid inquiry identities and material identities receive named refusals over real stdio > WHAT[sphinx-v2-036] real start rejects invalid material identity \"ref\\u0000x\""}
[verification-test-start] {"pid":7144,"parentPid":3820,"entryFile":"/Users/yuanxi/Workwork/vibe-fs/requirements/sphinx-v2/tests/036.test.mjs","name":"WHAT[sphinx-v2-036] configured real stdio start persists byte-exact goals and content-bound receipts, while native reads survive a new OS server","fullName":"WHAT[sphinx-v2-036] configured real stdio start persists byte-exact goals and content-bound receipts, while native reads survive a new OS server"}
runner: file lifecycle {"entryFile":"/Users/yuanxi/Workwork/vibe-fs/requirements/sphinx-v2/tests/019.test.mjs","type":"runner:file-drained","elapsedMs":14975.233292}
[verification-test-start] {"pid":7130,"parentPid":3820,"entryFile":"/Users/yuanxi/Workwork/vibe-fs/requirements/sphinx-v2/tests/033.test.mjs","name":"WHAT[sphinx-v2-033] the real production ServeEntry refuses semantically invalid startup configuration before protocol or business writes","fullName":"WHAT[sphinx-v2-033] the real production ServeEntry refuses semantically invalid startup configuration before protocol or business writes"}
runner: file lifecycle {"entryFile":"/Users/yuanxi/Workwork/vibe-fs/requirements/sphinx-v2/tests/033.test.mjs","type":"runner:file-drained","elapsedMs":15261.981792}
[verification-test-start] {"pid":7144,"parentPid":3820,"entryFile":"/Users/yuanxi/Workwork/vibe-fs/requirements/sphinx-v2/tests/036.test.mjs","name":"WHAT[sphinx-v2-036] registered writable MCP tools drive durable creation, work claim, result admission and authorized goal amendment through the single runtime","fullName":"WHAT[sphinx-v2-036] registered writable MCP tools drive durable creation, work claim, result admission and authorized goal amendment through the single runtime"}
[verification-test-start] {"pid":7144,"parentPid":3820,"entryFile":"/Users/yuanxi/Workwork/vibe-fs/requirements/sphinx-v2/tests/036.test.mjs","name":"WHAT[sphinx-v2-036] status/export over real stdio read an existing inquiry without creating leases, calling models or changing business state; receipts and dispatch observers need positive controls","fullName":"WHAT[sphinx-v2-036] status/export over real stdio read an existing inquiry without creating leases, calling models or changing business state; receipts and dispatch observers need positive controls"}
runner: file lifecycle {"entryFile":"/Users/yuanxi/Workwork/vibe-fs/requirements/sphinx-v2/tests/036.test.mjs","type":"runner:file-drained","elapsedMs":15635.333583}
[verification-test-start] {"pid":7146,"parentPid":3820,"entryFile":"/Users/yuanxi/Workwork/vibe-fs/requirements/structured-workflow/tests/012.test.mjs","name":"WHAT[structured-workflow-012] obsolete recursive-graph compile probes stay deleted","fullName":"WHAT[structured-workflow-012] obsolete recursive-graph compile probes stay deleted"}
[verification-test-start] {"pid":7146,"parentPid":3820,"entryFile":"/Users/yuanxi/Workwork/vibe-fs/requirements/structured-workflow/tests/012.test.mjs","name":"WHAT[structured-workflow-012] fixed owner impact corpus drives the production planner without becoming a verdict","fullName":"WHAT[structured-workflow-012] fixed owner impact corpus drives the production planner without becoming a verdict"}
[verification-test-start] {"pid":7146,"parentPid":3820,"entryFile":"/Users/yuanxi/Workwork/vibe-fs/requirements/structured-workflow/tests/012.test.mjs","name":"WHAT[structured-workflow-012] owner impact corpus rejects stable-case deletion and baseline drift","fullName":"WHAT[structured-workflow-012] owner impact corpus rejects stable-case deletion and baseline drift"}
[verification-test-start] {"pid":7146,"parentPid":3820,"entryFile":"/Users/yuanxi/Workwork/vibe-fs/requirements/structured-workflow/tests/012.test.mjs","name":"WHAT[structured-workflow-012] baseline writer binds one clean exact commit and refuses overwrite","fullName":"WHAT[structured-workflow-012] baseline writer binds one clean exact commit and refuses overwrite"}
[verification-test-start] {"pid":7146,"parentPid":3820,"entryFile":"/Users/yuanxi/Workwork/vibe-fs/requirements/structured-workflow/tests/012.test.mjs","name":"WHAT[structured-workflow-012] production focused closure carries upstream type-definition shards (CompanionHost regression)","fullName":"WHAT[structured-workflow-012] production focused closure carries upstream type-definition shards (CompanionHost regression)"}
[verification-test-start] {"pid":7146,"parentPid":3820,"entryFile":"/Users/yuanxi/Workwork/vibe-fs/requirements/structured-workflow/tests/012.test.mjs","name":"WHAT[structured-workflow-012] focused Controller compilation includes the exact ChatExecution contract used by SessionHostPort","fullName":"WHAT[structured-workflow-012] focused Controller compilation includes the exact ChatExecution contract used by SessionHostPort"}
[verification-test-start] {"pid":7146,"parentPid":3820,"entryFile":"/Users/yuanxi/Workwork/vibe-fs/requirements/structured-workflow/tests/012.test.mjs","name":"WHAT[structured-workflow-012] disk inventory matches the legacy plan and rejects unmapped added sources fail-closed","fullName":"WHAT[structured-workflow-012] disk inventory matches the legacy plan and rejects unmapped added sources fail-closed"}
[verification-test-start] {"pid":7146,"parentPid":3820,"entryFile":"/Users/yuanxi/Workwork/vibe-fs/requirements/structured-workflow/tests/012.test.mjs","name":"WHAT[structured-workflow-012] inventory rejects bad topology inputs and planning rejects bad change inputs","fullName":"WHAT[structured-workflow-012] inventory rejects bad topology inputs and planning rejects bad change inputs"}
[verification-test-start] {"pid":7146,"parentPid":3820,"entryFile":"/Users/yuanxi/Workwork/vibe-fs/requirements/structured-workflow/tests/012.test.mjs","name":"WHAT[structured-workflow-012] flat Fable projection planner produces exact closure and canonical aggregate order","fullName":"WHAT[structured-workflow-012] flat Fable projection planner produces exact closure and canonical aggregate order"}
[verification-test-start] {"pid":7146,"parentPid":3820,"entryFile":"/Users/yuanxi/Workwork/vibe-fs/requirements/structured-workflow/tests/012.test.mjs","name":"WHAT[structured-workflow-012] flat Fable projection materializes zero ProjectReference and isolated scratch props","fullName":"WHAT[structured-workflow-012] flat Fable projection materializes zero ProjectReference and isolated scratch props"}
[verification-test-start] {"pid":7146,"parentPid":3820,"entryFile":"/Users/yuanxi/Workwork/vibe-fs/requirements/structured-workflow/tests/012.test.mjs","name":"WHAT[structured-workflow-012] flat projection rejects missing or stale ProjectReference before compiler invocation","fullName":"WHAT[structured-workflow-012] flat projection rejects missing or stale ProjectReference before compiler invocation"}
[verification-test-start] {"pid":7146,"parentPid":3820,"entryFile":"/Users/yuanxi/Workwork/vibe-fs/requirements/structured-workflow/tests/012.test.mjs","name":"WHAT[structured-workflow-012] flat Fable projection materialization escapes XML metacharacters, strips emitter identity, and binds source bytes into isolated fingerprints","fullName":"WHAT[structured-workflow-012] flat Fable projection materialization escapes XML metacharacters, strips emitter identity, and binds source bytes into isolated fingerprints"}
[verification-test-start] {"pid":7146,"parentPid":3820,"entryFile":"/Users/yuanxi/Workwork/vibe-fs/requirements/structured-workflow/tests/012.test.mjs","name":"WHAT[structured-workflow-012] failure lifecycle prevents false-green warm cache and enforces success marker contract","fullName":"WHAT[structured-workflow-012] failure lifecycle prevents false-green warm cache and enforces success marker contract"}
[verification-test-start] {"pid":7146,"parentPid":3820,"entryFile":"/Users/yuanxi/Workwork/vibe-fs/requirements/structured-workflow/tests/012.test.mjs","name":"WHAT[structured-workflow-012] collectTrackedInputs includes compile-order global.json and build state scripts, and compile-order change triggers full plan","fullName":"WHAT[structured-workflow-012] collectTrackedInputs includes compile-order global.json and build state scripts, and compile-order change triggers full plan"}
[verification-test-start] {"pid":7146,"parentPid":3820,"entryFile":"/Users/yuanxi/Workwork/vibe-fs/requirements/structured-workflow/tests/012.test.mjs","name":"WHAT[structured-workflow-012] compileIncremental enforces mandatory changedPaths and bypasses build-manifest read and write","fullName":"WHAT[structured-workflow-012] compileIncremental enforces mandatory changedPaths and bypasses build-manifest read and write"}
[verification-test-start] {"pid":7146,"parentPid":3820,"entryFile":"/Users/yuanxi/Workwork/vibe-fs/requirements/structured-workflow/tests/012.test.mjs","name":"WHAT[structured-workflow-012] compileIncremental staging semantics protects outputDir from failure pollution","fullName":"WHAT[structured-workflow-012] compileIncremental staging semantics protects outputDir from failure pollution"}
[verification-test-start] {"pid":7146,"parentPid":3820,"entryFile":"/Users/yuanxi/Workwork/vibe-fs/requirements/structured-workflow/tests/012.test.mjs","name":"WHAT[structured-workflow-012] compileIncremental staging rebaseEmittedImports rebases escaping imports landing in targetDir while preserving normal and external imports","fullName":"WHAT[structured-workflow-012] compileIncremental staging rebaseEmittedImports rebases escaping imports landing in targetDir while preserving normal and external imports"}
[verification-test-start] {"pid":7146,"parentPid":3820,"entryFile":"/Users/yuanxi/Workwork/vibe-fs/requirements/structured-workflow/tests/012.test.mjs","name":"WHAT[structured-workflow-012] build mode decisions: plain fs changes plan focused, non-fs inputs plan full, and plan matches run mode","fullName":"WHAT[structured-workflow-012] build mode decisions: plain fs changes plan focused, non-fs inputs plan full, and plan matches run mode"}
[verification-test-start] {"pid":7146,"parentPid":3820,"entryFile":"/Users/yuanxi/Workwork/vibe-fs/requirements/structured-workflow/tests/012.test.mjs","name":"WHAT[structured-workflow-012] build failure preserves prior valid manifest and does not delete it (unit: pre-compile failure)","fullName":"WHAT[structured-workflow-012] build failure preserves prior valid manifest and does not delete it (unit: pre-compile failure)"}
runner: file lifecycle {"entryFile":"/Users/yuanxi/Workwork/vibe-fs/requirements/structured-workflow/tests/012.test.mjs","type":"runner:file-drained","elapsedMs":16198.422583}

[test-summary] 225 file(s), 1125 passed, 0 failed, 27 skipped, 121 todo (16.17s wall, 106.66s test time)
  todo: /Users/yuanxi/Workwork/vibe-fs/requirements/delegation/tests/001.test.mjs:WHAT[delegation-001] every actual delegation entry specifies charge entitled office logical owner and bounded consequence rather than deriving them from persona labels (GAP-153) — reason not supplied
  todo: /Users/yuanxi/Workwork/vibe-fs/requirements/delegation/tests/004.test.mjs:WHAT[delegation-004] the actual tool registry assigns distinct names to commission fork and resume and no name has conflicting contracts (GAP-153) — reason not supplied
  todo: /Users/yuanxi/Workwork/vibe-fs/requirements/delegation/tests/005.test.mjs:WHAT[delegation-005] all public schemas and success/failure returns exclude physical topology, including missing display-name paths (GAP-153) — reason not supplied
  todo: /Users/yuanxi/Workwork/vibe-fs/requirements/delegation/tests/013.test.mjs:WHAT[delegation-013] real agent completion join enforces current ownership and durable CAS consumption across concurrent calls and restart (GAP-153) — reason not supplied
  todo: /Users/yuanxi/Workwork/vibe-fs/requirements/delegation/tests/008.test.mjs:WHAT[delegation-008] the real Host tool-call collection fixes complete batch membership before invocation without using arrival timing (GAP-153) — reason not supplied
  todo: /Users/yuanxi/Workwork/vibe-fs/requirements/delegation/tests/007.test.mjs:WHAT[delegation-007] the Sphinx program invokes standard Engineer through an acyclic managed path with family-root placement and exact terminal identity, without extra DevOps authority (GAP-153) — reason not supplied
  todo: /Users/yuanxi/Workwork/vibe-fs/requirements/delegation/tests/010.test.mjs:WHAT[delegation-010] actual routing uses effective system configuration and retained binding without accepting caller-selected model targets (GAP-153) — reason not supplied
  todo: /Users/yuanxi/Workwork/vibe-fs/requirements/delegation/tests/017.test.mjs:WHAT[delegation-017] consuming a real returned WorkRecord changes no caller authority obligation or global request direction (GAP-153) — reason not supplied
  todo: /Users/yuanxi/Workwork/vibe-fs/requirements/delegation/tests/020.test.mjs:WHAT[delegation-020] legal adapter naming changes preserve actual delegation authority ownership and lifecycle observations (GAP-153) — reason not supplied
  todo: /Users/yuanxi/Workwork/vibe-fs/requirements/delegation/tests/019.test.mjs:WHAT[delegation-019] actual fork first-prompt producers obtain the current durable parent record and preserve the typed instruction and data boundary end to end (GAP-153) — reason not supplied
  todo: /Users/yuanxi/Workwork/vibe-fs/requirements/delegation/tests/006.test.mjs:WHAT[delegation-006] actual resume preserves the complete execution and model binding through replacement and recovery (GAP-153; GAP-129) — reason not supplied
  todo: /Users/yuanxi/Workwork/vibe-fs/requirements/delegation/tests/022.test.mjs:WHAT[delegation-022] real tool execution remains allowed after estimate exhaustion and replacement resets the same durable estimate through reopen (GAP-153) — reason not supplied
  todo: /Users/yuanxi/Workwork/vibe-fs/requirements/delegation/tests/021.test.mjs:WHAT[delegation-021] actual fork attaches only the designated peer history without cloning authority or transferring unfinished obligations (GAP-153) — reason not supplied
  todo: /Users/yuanxi/Workwork/vibe-fs/requirements/delegation/tests/014.test.mjs:WHAT[delegation-014] actual commission entry wires job completion into the proven FIFO mailbox and durable result consumption (GAP-153) — reason not supplied
  todo: /Users/yuanxi/Workwork/vibe-fs/requirements/delegation/tests/015.test.mjs:WHAT[delegation-015] real Host input and cancellation reach join without cancelling the agent or revoking its authority (GAP-153) — reason not supplied
  todo: /Users/yuanxi/Workwork/vibe-fs/requirements/delegation/tests/030.test.mjs:WHAT[delegation-030] actual injected delegation invariant incidents preserve settlement before exactly one report and kill with no physical fallback (GAP-153) — reason not supplied
  todo: /Users/yuanxi/Workwork/vibe-fs/requirements/delegation/tests/029.test.mjs:WHAT[delegation-029] independently compiled workflow boundaries and real injected effects establish confinement beyond current source spellings (GAP-153) — reason not supplied
  todo: /Users/yuanxi/Workwork/vibe-fs/requirements/delegation/tests/028.test.mjs:WHAT[delegation-028] each bounded locality actually compiles independently with only its declared transitive inputs (GAP-153) — reason not supplied
  todo: /Users/yuanxi/Workwork/vibe-fs/requirements/delegation/tests/023.test.mjs:WHAT[delegation-023] actual shared recovery engine exhausts all applicable paths before the parent receives final failure (GAP-153) — reason not supplied
  todo: /Users/yuanxi/Workwork/vibe-fs/requirements/dispatch-protocol/tests/001.test.mjs:WHAT[dispatch-protocol-001] every actual synthetic-message producer uses the registered dispatcher, including Guard, repair, nudge and Orchestrator paths (GAP-136) — reason not supplied
  todo: /Users/yuanxi/Workwork/vibe-fs/requirements/delegation/tests/025.test.mjs:WHAT[delegation-025] actual fork execution rejects late run-scoped success failure and abort while preserving legitimate session-wide failures (GAP-153) — reason not supplied
  todo: /Users/yuanxi/Workwork/vibe-fs/requirements/delegation/tests/026.test.mjs:WHAT[delegation-026] actual admission and checkpoint fault cuts preserve exact durable claim and effect truth without replay or durable program counters (GAP-153) — reason not supplied
  todo: /Users/yuanxi/Workwork/vibe-fs/requirements/dispatch-protocol/tests/004.test.mjs:WHAT[dispatch-protocol-004] actual process restart matches exact durable PromptKey including read-only historical agent-bearing keys without re-encoding them (GAP-136) — reason not supplied
  todo: /Users/yuanxi/Workwork/vibe-fs/requirements/delegation/tests/031.test.mjs:WHAT[delegation-031] actual sync and fork completion still deliver after NotCommitted or Unknown checkpoint, absorb duplicate terminals, re-read durable evidence without reexecution, and fuse only PhaseConflict (GAP-153) — reason not supplied
  todo: /Users/yuanxi/Workwork/vibe-fs/requirements/dispatch-protocol/tests/008.test.mjs:WHAT[dispatch-protocol-008] repeated post-flight exact occasions send again only after durable Abandoned, never after Pending, Submitted or PhysicalAccepted (GAP-136) — reason not supplied
  todo: /Users/yuanxi/Workwork/vibe-fs/requirements/dispatch-protocol/tests/014.test.mjs:WHAT[dispatch-protocol-014] actual invariant incident retains exact committed or unknown claim truth before invoking the injected fatal capability (GAP-136) — reason not supplied
  todo: /Users/yuanxi/Workwork/vibe-fs/requirements/dispatch-protocol/tests/014.test.mjs:WHAT[dispatch-protocol-014] duplicated actual dispatch incident reports and kills once without relabeling an accepted send as unsent (GAP-136) — reason not supplied
  todo: /Users/yuanxi/Workwork/vibe-fs/requirements/dispatch-protocol/tests/013.test.mjs:WHAT[dispatch-protocol-013] actual plugin construction reads no journal or Host evidence and recovery cannot run before successful durability activation (GAP-136) — reason not supplied
  todo: /Users/yuanxi/Workwork/vibe-fs/requirements/dispatch-protocol/tests/012.test.mjs:WHAT[dispatch-protocol-012] real PhysicalAccepted handoff retains the whole atomic profile and only managed execution acquires exact capacity and creates execution facts (GAP-136) — reason not supplied
  todo: /Users/yuanxi/Workwork/vibe-fs/requirements/durable-convergence/tests/004.test.mjs:WHAT[durable-convergence-004] registered business projections expose deterministic typed DomainConflict for each legal concurrent fork (GAP-151) — reason not supplied
  skip: /Users/yuanxi/Workwork/vibe-fs/requirements/dispatch-protocol/tests/010.test.mjs:WHAT[dispatch-protocol-010] compiler rejects adding physical model authority to the opaque root — integration tier not enabled
  todo: /Users/yuanxi/Workwork/vibe-fs/requirements/durable-convergence/tests/005.test.mjs:WHAT[durable-convergence-005] business resolution leaves DomainConflict only after the resolution and all competing heads are folded (GAP-151) — reason not supplied
  skip: /Users/yuanxi/Workwork/vibe-fs/requirements/durable-convergence/tests/008.test.mjs:WHAT[durable-convergence-008] reference-transaction imports the observed snapshot and publishes independent local truth in one hook process — integration tier not enabled
  todo: /Users/yuanxi/Workwork/vibe-fs/requirements/capability-enforcement/tests/025.test.mjs:WHAT[capability-enforcement-025] denial performs zero physical reads and write attempts through the production invocation (GAP-075: investigation 2026-10-03 — the production chain ToolRegistry → JsToolSpec → ToolWorkflow keeps read snapshots internal; the only wired observation port is RequirementGrounding.programObservation, which fires solely for paths that have grounding materials in the workspace, so a generic physical-read observer does not exist. Needed: a read-path observation port on JsToolSpec/ToolWorkflow (or an equivalent production entry) that the test fixture can subscribe to; the execute counter and journal revision in the passing test above remain the closest available proxies) — reason not supplied
  todo: /Users/yuanxi/Workwork/vibe-fs/requirements/capability-enforcement/tests/025.test.mjs:WHAT[capability-enforcement-025] an in-flight admitted read finishes across review acceptance (GAP-075: requires a controlled causal barrier driving real overlap; the sequential fixture cannot prove concurrency) — reason not supplied
  todo: /Users/yuanxi/Workwork/vibe-fs/requirements/durable-convergence/tests/002.test.mjs:WHAT[durable-convergence-002] registered integration and sync entrypoints share the canonical merge and agree across process and machine boundaries (GAP-151) — reason not supplied
  skip: /Users/yuanxi/Workwork/vibe-fs/requirements/durable-convergence/tests/010.test.mjs:WHAT[durable-convergence-010] actual clean pre-push does no transport despite unseen remote progress and local change resumes convergence — integration tier not enabled
  skip: /Users/yuanxi/Workwork/vibe-fs/requirements/durable-convergence/tests/009.test.mjs:WHAT[durable-convergence-009] two independent clients converge and replay exact facts using only a bare Git remote and hook processes — integration tier not enabled
  todo: /Users/yuanxi/Workwork/vibe-fs/requirements/durable-convergence/tests/007.test.mjs:WHAT[durable-convergence-007] independently synchronized replicas agree on nonempty production Current for every registered business oracle (GAP-151) — reason not supplied
  skip: /Users/yuanxi/Workwork/vibe-fs/requirements/durable-events/tests/003.test.mjs:WHAT[durable-events-003] canonical_event_bytes_are_stable_under_object_and_set_order — integration tier not enabled
  skip: /Users/yuanxi/Workwork/vibe-fs/requirements/durable-events/tests/003.test.mjs:WHAT[durable-events-003] same_event_id_different_canonical_bytes_is_identity_collision — integration tier not enabled
  skip: /Users/yuanxi/Workwork/vibe-fs/requirements/durable-events/tests/003.test.mjs:WHAT[durable-events-003] canonical_event_bytes_decode_to_the_same_plain_event — integration tier not enabled
  skip: /Users/yuanxi/Workwork/vibe-fs/requirements/durable-events/tests/003.test.mjs:WHAT[durable-events-003] decode_rejects_noncanonical_key_and_set_order_without_reencoding_the_event — integration tier not enabled
  skip: /Users/yuanxi/Workwork/vibe-fs/requirements/durable-events/tests/003.test.mjs:WHAT[durable-events-003] merge_by_identity_dedupes_equal_bytes_and_rejects_collisions — integration tier not enabled
  todo: /Users/yuanxi/Workwork/vibe-fs/requirements/durable-convergence/tests/003.test.mjs:WHAT[durable-convergence-003] concurrent append and hook convergence preserve the retained union across physical replacement and crash cuts (GAP-151) — reason not supplied
  todo: /Users/yuanxi/Workwork/vibe-fs/requirements/durable-convergence/tests/010.test.mjs:WHAT[durable-convergence-010] actual changed-file sync reads and validates only changed writer and payload bytes including retention expiry (GAP-151) — reason not supplied
  todo: /Users/yuanxi/Workwork/vibe-fs/requirements/durable-convergence/tests/008.test.mjs:WHAT[durable-convergence-008] real plugin load leaves Git configuration unchanged and first durability activation installs hooks without starting synchronization (GAP-151) — reason not supplied
  todo: /Users/yuanxi/Workwork/vibe-fs/requirements/durable-convergence/tests/008.test.mjs:WHAT[durable-convergence-008] controlled CAS competition and replacement crash cuts preserve all facts while clean no-op leaves unseen remote progress untouched (GAP-151) — reason not supplied
  todo: /Users/yuanxi/Workwork/vibe-fs/requirements/durable-events/tests/020.test.mjs:WHAT[durable-events-020] actual plugin load checks readability without replay repair or writes; first durable consumer activates once — reason not supplied
  todo: /Users/yuanxi/Workwork/vibe-fs/requirements/durable-events/tests/021.test.mjs:WHAT[durable-events-021] the actual producing process exits after semantic cut and a distinct next process resumes from the reset Current — reason not supplied
  skip: /Users/yuanxi/Workwork/vibe-fs/requirements/durable-events/tests/022.test.mjs:WHAT[durable-events-022] each actual bounded locality compiles as one flat project and a reversed dependency is rejected — integration tier not enabled
  skip: /Users/yuanxi/Workwork/vibe-fs/requirements/durable-events/tests/022.test.mjs:WHAT[durable-events-022] real Fable compiles the journal observation owner using its declared closure — integration tier not enabled
  todo: /Users/yuanxi/Workwork/vibe-fs/requirements/durable-events/tests/024.test.mjs:WHAT[durable-events-024] actual semantic-cut caller requires injected fatal capability and refuses fatal before committed or unknown settlement — reason not supplied
  todo: /Users/yuanxi/Workwork/vibe-fs/requirements/durable-events/tests/024.test.mjs:WHAT[durable-events-024] actual physical child persists bad fact and cut then reports and exits once; duplicate incident cannot execute again — reason not supplied
  skip: /Users/yuanxi/Workwork/vibe-fs/requirements/host-provider-failure-ownership/tests/002.test.mjs:WHAT[host-provider-failure-ownership-002] installed Host makes one upstream request for one failed physical run with production retry configuration — integration tier not enabled
  todo: /Users/yuanxi/Workwork/vibe-fs/requirements/host-provider-failure-ownership/tests/002.test.mjs:WHAT[host-provider-failure-ownership-002] full plugin recovery opens only licensed fresh runs after Host failure without duplicate upstream requests (GAP-143) — reason not supplied
  todo: /Users/yuanxi/Workwork/vibe-fs/requirements/host-provider-failure-ownership/tests/003.test.mjs:WHAT[host-provider-failure-ownership-003] actual recovery emits no plugin final presentation before exhaustion and preserves Host native error visibility (GAP-143) — reason not supplied
  todo: /Users/yuanxi/Workwork/vibe-fs/requirements/durable-events/tests/025.test.mjs:WHAT[durable-events-025] actual Prepared semantic cut prevents transaction file effects; Committed unknown is recovered without assuming not-written — reason not supplied
  todo: /Users/yuanxi/Workwork/vibe-fs/requirements/durable-events/tests/025.test.mjs:WHAT[durable-events-025] durable typed rejection reaches its unique composition fatal owner through a required capability — reason not supplied
  todo: /Users/yuanxi/Workwork/vibe-fs/requirements/host-provider-failure-ownership/tests/005.test.mjs:WHAT[host-provider-failure-ownership-005] actual Host observer and Change Orchestrator cannot send recovery without the policy owner licence (GAP-143) — reason not supplied
  todo: /Users/yuanxi/Workwork/vibe-fs/requirements/host-provider-failure-ownership/tests/006.test.mjs:WHAT[host-provider-failure-ownership-006] real budget and capacity exhaustion durably terminalize, stop admission and emit exactly one final through duplicate callbacks and restart (GAP-143) — reason not supplied
  todo: /Users/yuanxi/Workwork/vibe-fs/requirements/host-provider-failure-ownership/tests/007.test.mjs:WHAT[host-provider-failure-ownership-007] compatibility gate rejects consumer and error presentation owner drift through SDK and Desktop CLI (GAP-143) — reason not supplied
  todo: /Users/yuanxi/Workwork/vibe-fs/requirements/interaction-authority/tests/001.test.mjs:WHAT[interaction-authority-001] GAP-122 compiler rejects using a TransportReceipt where authority promotion requires proven physical identity — reason not supplied
  skip: /Users/yuanxi/Workwork/vibe-fs/requirements/durable-events/tests/023.test.mjs:WHAT[durable-events-023] isolated compilation rejects physical-store authority in the codec closure — integration tier not enabled
  skip: /Users/yuanxi/Workwork/vibe-fs/requirements/durable-events/tests/023.test.mjs:WHAT[durable-events-023] isolated compilation rejects aggregate authority in domain folds — integration tier not enabled
  todo: /Users/yuanxi/Workwork/vibe-fs/requirements/interaction-authority/tests/003.test.mjs:WHAT[interaction-authority-003] GAP-122 crash each root append boundary and prove no orphan identity or root including initial exact target lease — reason not supplied
  todo: /Users/yuanxi/Workwork/vibe-fs/requirements/interaction-authority/tests/004.test.mjs:WHAT[interaction-authority-004] GAP-122 actual continuation never resets fallback or repair budget while changing only an authorized physical binding — reason not supplied
  skip: /Users/yuanxi/Workwork/vibe-fs/requirements/durable-events/tests/009.test.mjs:WHAT[durable-events-009] local_EventStore_never_reads_or_rewrites_any_legacy_layout — integration tier not enabled
  skip: /Users/yuanxi/Workwork/vibe-fs/requirements/durable-events/tests/009.test.mjs:WHAT[durable-events-009] shock_cut_source_has_no_legacy_shape_detection_migration_or_reset — integration tier not enabled
  todo: /Users/yuanxi/Workwork/vibe-fs/requirements/interaction-authority/tests/009.test.mjs:WHAT[interaction-authority-009] actual ingress resolves an omitted participant from active or historical durable Profile while malformed carriers and unprovable identity remain rejected (GAP-122) — reason not supplied
  todo: /Users/yuanxi/Workwork/vibe-fs/requirements/interaction-authority/tests/014.test.mjs:WHAT[interaction-authority-014] GAP-122 actual unresolved background work admits JoinGuard and rejects a new root through the public path — reason not supplied
  todo: /Users/yuanxi/Workwork/vibe-fs/requirements/interaction-authority/tests/018.test.mjs:WHAT[interaction-authority-018] GAP-123 all five accepted lifecycle kinds carry ExpectedClosureKind and exact source witness into a durable AuthorityLogicalRunClosed — reason not supplied
  todo: /Users/yuanxi/Workwork/vibe-fs/requirements/interaction-authority/tests/018.test.mjs:WHAT[interaction-authority-018] GAP-123 committed source plus unknown closure append retains identity and blocks SessionId reuse across restart — reason not supplied
  todo: /Users/yuanxi/Workwork/vibe-fs/requirements/interaction-authority/tests/020.test.mjs:WHAT[interaction-authority-020] GAP-122 actual repair incident settles its exact claim and physical outcome before one injected report and kill — reason not supplied
  todo: /Users/yuanxi/Workwork/vibe-fs/requirements/interaction-authority/tests/020.test.mjs:WHAT[interaction-authority-020] GAP-122 actual repair dependency boundary rejects direct optional or global physical fatal capability — reason not supplied
  todo: /Users/yuanxi/Workwork/vibe-fs/requirements/interaction-authority/tests/022.test.mjs:WHAT[interaction-authority-022] GAP-122 actual DevOps resume and crash recovery preserve model Persona and one logical authority through concurrent physical attempts — reason not supplied
  todo: /Users/yuanxi/Workwork/vibe-fs/requirements/interaction-authority/tests/023.test.mjs:WHAT[interaction-authority-023] real retry terminal observations and exact durable terminal independently release nudge suppression for every terminal kind while duplicate occasions remain absorbed (GAP-122) — reason not supplied
  todo: /Users/yuanxi/Workwork/vibe-fs/requirements/js-semantic-surface/tests/001.test.mjs:WHAT[js-semantic-surface-001] imported test support satisfies the required .mjs suffix — 03-D1: existing .js support conflicts with the current .mjs-only rule; decide the rule before migration
  todo: /Users/yuanxi/Workwork/vibe-fs/requirements/interaction-authority/tests/017.test.mjs:WHAT[interaction-authority-017] dispatcher rejects a continuation whose target run is durably closed while its archived profile is still readable — reason not supplied
  todo: /Users/yuanxi/Workwork/vibe-fs/requirements/interaction-authority/tests/021.test.mjs:WHAT[interaction-authority-021] legacy Inspector fact remains decodable for history without becoming Engineer — GAP-124 actual historical fact decoder rejects legacy SelectedAgent
  todo: /Users/yuanxi/Workwork/vibe-fs/requirements/js-semantic-surface/tests/006.test.mjs:WHAT[js-semantic-surface-006] non-compiler physical probes do not import unregistered internal modules — 03-D2: existing Host exit probes bypass the public surface; retain their physical proof pending the boundary decision
  todo: /Users/yuanxi/Workwork/vibe-fs/requirements/host-provider-failure-ownership/tests/004.test.mjs:WHAT[host-provider-failure-ownership-004] real Host UI retains config permission tool cancel and unknown errors without global suppression (GAP-143) — reason not supplied
  todo: /Users/yuanxi/Workwork/vibe-fs/requirements/managed-chat-execution/tests/008.test.mjs:WHAT[managed-chat-execution-008] plugin construction performs no durable reads, capacity acquisition or recovery before substrate activation (GAP-126) — reason not supplied
  todo: /Users/yuanxi/Workwork/vibe-fs/requirements/managed-chat-execution/tests/008.test.mjs:WHAT[managed-chat-execution-008] activation failure prevents recovery and causal activation resumes through ordinary admission without timers (GAP-126) — reason not supplied
  skip: /Users/yuanxi/Workwork/vibe-fs/requirements/managed-chat-execution/tests/009.test.mjs:WHAT[managed-chat-execution-009] abrupt process exit retains exact Accepted and empties local admission capacity — integration tier not enabled
  todo: /Users/yuanxi/Workwork/vibe-fs/requirements/managed-chat-execution/tests/012.test.mjs:WHAT[managed-chat-execution-012] durable output of every A–I crash cut feeds actual recovery after process restart without duplicate owner effects (GAP-127) — reason not supplied
  todo: /Users/yuanxi/Workwork/vibe-fs/requirements/managed-chat-execution/tests/012.test.mjs:WHAT[managed-chat-execution-012] late recovery release after supersession preserves the newer real capacity owner and rejects genuine conflict (GAP-126) — reason not supplied
  todo: /Users/yuanxi/Workwork/vibe-fs/requirements/managed-session-lifecycle/tests/002.test.mjs:WHAT[managed-session-lifecycle-002] holding association append prevents the first actual prompt until durable confirmation (GAP-133) — reason not supplied
  todo: /Users/yuanxi/Workwork/vibe-fs/requirements/managed-session-lifecycle/tests/003.test.mjs:WHAT[managed-session-lifecycle-003] journal reopened after actual process restart selects one exact child and attaches a new child to the real family root (GAP-133) — reason not supplied
  todo: /Users/yuanxi/Workwork/vibe-fs/requirements/managed-session-lifecycle/tests/011.test.mjs:WHAT[managed-session-lifecycle-011] controlled append and real crash cuts prove new-child, old-close and new-link ordering without dual active association (GAP-133) — reason not supplied
  todo: /Users/yuanxi/Workwork/vibe-fs/requirements/interaction-authority/tests/011.test.mjs:WHAT[interaction-authority-011] per-physical target/lease is carried atomically in the attempt profile and survives restart (GAP-122: lease atomicity and restart replay pending — the identity-agreement test above covers the same-process projection only) — reason not supplied
  todo: /Users/yuanxi/Workwork/vibe-fs/requirements/managed-session-lifecycle/tests/017.test.mjs:WHAT[managed-session-lifecycle-017] real successor workflows and parent listeners reject missing or wrong Authority Root without orphaning parent wait (GAP-133) — reason not supplied
  todo: /Users/yuanxi/Workwork/vibe-fs/requirements/managed-session-lifecycle/tests/013.test.mjs:WHAT[managed-session-lifecycle-013] actual restart re-enlists durable visible handles and a failed recovery commit blocks readiness (GAP-133) — reason not supplied
  todo: /Users/yuanxi/Workwork/vibe-fs/requirements/managed-session-lifecycle/tests/009.test.mjs:WHAT[managed-session-lifecycle-009] authorized parent termination awaits every durable abandonment and held physical child cleanup before publishing parent terminal (GAP-133) — reason not supplied
  todo: /Users/yuanxi/Workwork/vibe-fs/requirements/managed-session-lifecycle/tests/021.test.mjs:WHAT[managed-session-lifecycle-021] actual delete and observation incidents await exact settlement, child drain and durable closure before the injected fatal capability (GAP-133) — reason not supplied
  todo: /Users/yuanxi/Workwork/vibe-fs/requirements/managed-session-lifecycle/tests/021.test.mjs:WHAT[managed-session-lifecycle-021] repeated lifecycle incident reports and kills once, while detach never requests fatal or fabricates terminal facts (GAP-133) — reason not supplied
  todo: /Users/yuanxi/Workwork/vibe-fs/requirements/managed-session-lifecycle/tests/023.test.mjs:WHAT[managed-session-lifecycle-023] discovering a historical active role through recovery durably retires it and drains resources without upgrading authority (GAP-133, GAP-124) — reason not supplied
  todo: /Users/yuanxi/Workwork/vibe-fs/requirements/managed-session-lifecycle/tests/024.test.mjs:WHAT[managed-session-lifecycle-024] actual DevOps crash recovery keeps one executable authority, fixed Persona/model, avoids command replay and drains real PTYs (GAP-133, GAP-129) — reason not supplied
  todo: /Users/yuanxi/Workwork/vibe-fs/requirements/managed-session-lifecycle/tests/022.test.mjs:WHAT[managed-session-lifecycle-022] real deletion preserves exact Inspector identity for NotCommitted, Unknown and PhaseConflict; only committed or empty finalization releases it (GAP-133) — reason not supplied
  todo: /Users/yuanxi/Workwork/vibe-fs/requirements/provider-attempt-recovery/tests/006.test.mjs:WHAT[provider-attempt-recovery-006] actual retry with changed target preserves durable identity and full system prompt through Host submission (GAP-139) — reason not supplied
  todo: /Users/yuanxi/Workwork/vibe-fs/requirements/provider-attempt-recovery/tests/008.test.mjs:WHAT[provider-attempt-recovery-008] actual unfinished Manager and other repairable roles reach one repair without spending provider budget (GAP-139) — reason not supplied
  todo: /Users/yuanxi/Workwork/vibe-fs/requirements/provider-attempt-recovery/tests/010.test.mjs:WHAT[provider-attempt-recovery-010] actual licensed Blogger retry sends Squash before Main when eligible and accounts for Squash outcome without success reset (GAP-139) — reason not supplied
  todo: /Users/yuanxi/Workwork/vibe-fs/requirements/provider-attempt-recovery/tests/007.test.mjs:WHAT[provider-attempt-recovery-007] a new failure fact after exhaustion stops durable replay — GAP-140: the fold currently absorbs AlreadyExhausted instead of rejecting a new failure fact
  todo: /Users/yuanxi/Workwork/vibe-fs/requirements/provider-attempt-recovery/tests/007.test.mjs:WHAT[provider-attempt-recovery-007] durable replay refuses a count above its failure limit — GAP-140 / 37-D1: persisted facts do not establish a limit and the fold accepts the over-budget successor
  todo: /Users/yuanxi/Workwork/vibe-fs/requirements/provider-attempt-recovery/tests/013.test.mjs:WHAT[provider-attempt-recovery-013] actual retries and restart preserve complete durable Persona provenance language authority and provider horizon (GAP-139) — reason not supplied
  todo: /Users/yuanxi/Workwork/vibe-fs/requirements/provider-attempt-recovery/tests/012.test.mjs:WHAT[provider-attempt-recovery-012] actual aborted Host tool residue leaves provider budget unchanged through reconciliation (GAP-139) — reason not supplied
  todo: /Users/yuanxi/Workwork/vibe-fs/requirements/managed-session-lifecycle/tests/025.test.mjs:WHAT[managed-session-lifecycle-025] TERM must be followed by real process exit, and escalate to KILL when the grace window elapses; the controlled PTY port starts no OS process, so real exit and the KILL escalation cannot be observed in this harness (GAP-133) — reason not supplied
  todo: /Users/yuanxi/Workwork/vibe-fs/requirements/provider-attempt-recovery/tests/009.test.mjs:WHAT[provider-attempt-recovery-009] varying Host transport retry numbers cannot change domain count identity or physical recovery permission (GAP-139) — reason not supplied
  todo: /Users/yuanxi/Workwork/vibe-fs/requirements/provider-attempt-recovery/tests/018.test.mjs:WHAT[provider-attempt-recovery-018] actual WorkMain recovery waits on an open Blogger request until committed close or strictly newer coverage; unrelated facts cannot unlock it (GAP-139) — reason not supplied
  todo: /Users/yuanxi/Workwork/vibe-fs/requirements/provider-attempt-recovery/tests/018.test.mjs:WHAT[provider-attempt-recovery-018] real recovery proceeds without an open producer and cancellation releases an existing durable-event wait (GAP-139) — reason not supplied
  todo: /Users/yuanxi/Workwork/vibe-fs/requirements/provider-attempt-recovery/tests/005.test.mjs:WHAT[provider-attempt-recovery-005] full recovery workflow reaches exhaustion without an extra physical Host send (GAP-139) — reason not supplied
  todo: /Users/yuanxi/Workwork/vibe-fs/requirements/provider-attempt-recovery/tests/016.test.mjs:WHAT[provider-attempt-recovery-016] real ordinary and Blogger completion use durable kind evidence and write SuccessRecorded only for eligible successes (GAP-139) — reason not supplied
  todo: /Users/yuanxi/Workwork/vibe-fs/requirements/provider-attempt-recovery/tests/017.test.mjs:WHAT[provider-attempt-recovery-017] actual Main→Main Main→Squash and Squash→Main recovery commits old abandonment before fresh materialization and PromptKey binding (GAP-139) — reason not supplied
  todo: /Users/yuanxi/Workwork/vibe-fs/requirements/provider-attempt-recovery/tests/022.test.mjs:WHAT[provider-attempt-recovery-022] actual Host terminal observation alone releases recovery while coarse error and idle cannot; fresh process inherits no stop permission (GAP-139) — reason not supplied
  todo: /Users/yuanxi/Workwork/vibe-fs/requirements/provider-attempt-recovery/tests/011.test.mjs:WHAT[provider-attempt-recovery-011] actual render observes the admitted immutable plan and cannot consume a transient recovery permission (GAP-139) — reason not supplied
  todo: /Users/yuanxi/Workwork/vibe-fs/requirements/provider-attempt-recovery/tests/014.test.mjs:WHAT[provider-attempt-recovery-014] actual continuation waits for exact Host stop after failure admission and never spends budget by sending (GAP-139) — reason not supplied
  todo: /Users/yuanxi/Workwork/vibe-fs/requirements/provider-attempt-recovery/tests/015.test.mjs:WHAT[provider-attempt-recovery-015] actual speculative success and failure leave the owner journal budget unchanged (GAP-139) — reason not supplied
  todo: /Users/yuanxi/Workwork/vibe-fs/requirements/provider-attempt-recovery/tests/020.test.mjs:WHAT[provider-attempt-recovery-020] real journal replay without exact licence produces no provider retry or resume side effect (GAP-139) — reason not supplied
  todo: /Users/yuanxi/Workwork/vibe-fs/requirements/managed-session-lifecycle/tests/018.test.mjs:WHAT[managed-session-lifecycle-018] plugin shutdown waits for already admitted provider transforms and terminal callbacks without logical cancellation (GAP-133) — reason not supplied
  todo: /Users/yuanxi/Workwork/vibe-fs/requirements/provider-attempt-recovery/tests/021.test.mjs:WHAT[provider-attempt-recovery-021] actual ordinary and sync-delegate recovery combine exact durable LWR evidence and target settlement after licensing and before send (GAP-139) — reason not supplied
  todo: /Users/yuanxi/Workwork/vibe-fs/requirements/provider-attempt-recovery/tests/023.test.mjs:WHAT[provider-attempt-recovery-023] real boot sweep after process restart resolves only Accepted-without-start and preserves exact accepted material without replacement send (GAP-139) — reason not supplied
  todo: /Users/yuanxi/Workwork/vibe-fs/requirements/provider-attempt-recovery/tests/019.test.mjs:WHAT[provider-attempt-recovery-019] all production callers and wrong-attempt ledger inputs enforce the opaque licence without alternate retry owners (GAP-139) — reason not supplied
  todo: /Users/yuanxi/Workwork/vibe-fs/requirements/session-ontology/tests/011.test.mjs:WHAT[session-ontology-011] replica runtime must prove one active replica per owner, disposal and no transcript reuse; a literal satellite-kind list proves none of these — reason not supplied
  todo: /Users/yuanxi/Workwork/vibe-fs/requirements/session-ontology/tests/014.test.mjs:WHAT[session-ontology-014] flat topology and legal role boundaries need production evidence after their scope is resolved; a literal Companion-only list is not that evidence — reason not supplied
  todo: /Users/yuanxi/Workwork/vibe-fs/requirements/sphinx-v2/tests/012.test.mjs:WHAT[sphinx-v2-012] out-of-order results in one round use local work attempt fence ticket and scope while control commands enforce expectedRevision — reason not supplied
  todo: /Users/yuanxi/Workwork/vibe-fs/requirements/sphinx-v2/tests/001.test.mjs:WHAT[sphinx-v2-001] the actual command boundary accepts only user-authorized goal amendments and invalidates dependent estimates without deleting observations — reason not supplied
  todo: /Users/yuanxi/Workwork/vibe-fs/requirements/sphinx-v2/tests/004.test.mjs:WHAT[sphinx-v2-004] actual durable reservations survive unresolved usage and settle cancellation duplicate calls and observed overrun exactly once — reason not supplied
  todo: /Users/yuanxi/Workwork/vibe-fs/requirements/sphinx-v2/tests/013.test.mjs:WHAT[sphinx-v2-013] real Agenda refuses unsatisfied or failed prerequisites including a parent merely selected in the same concurrent batch — reason not supplied
  todo: /Users/yuanxi/Workwork/vibe-fs/requirements/sphinx-v2/tests/011.test.mjs:WHAT[sphinx-v2-011] the actual runtime returns the same receipt for exact result replay and rejects same work attempt fence with changed payload before stale revision checks — reason not supplied
  todo: /Users/yuanxi/Workwork/vibe-fs/requirements/managed-session-lifecycle/tests/020.test.mjs:WHAT[managed-session-lifecycle-020] each authority kind requires matching durable exact prior-run closure before fresh identity installation (GAP-123) — reason not supplied
  todo: /Users/yuanxi/Workwork/vibe-fs/requirements/sphinx-v2/tests/021.test.mjs:WHAT[sphinx-v2-021] actual two-transaction recovery preserves accepted raw responses and retries only pure interpretation after plugin failure — reason not supplied
  todo: /Users/yuanxi/Workwork/vibe-fs/requirements/sphinx-v2/tests/017.test.mjs:WHAT[sphinx-v2-017] runtime completion requires an accepted renderer result and durable AnswerCommitted — reason not supplied
  todo: /Users/yuanxi/Workwork/vibe-fs/requirements/sphinx-v2/tests/022.test.mjs:WHAT[sphinx-v2-022] real probe protocol persists the before and after visible inputs and distinguishes measurement from intervention without claiming improvement — reason not supplied
  todo: /Users/yuanxi/Workwork/vibe-fs/requirements/sphinx-v2/tests/026.test.mjs:WHAT[sphinx-v2-026] runtime certificate propagation never upgrades model posterior or adaptive samples into external correctness or deterministic bounds (GAP-219: runtime wiring pending — the wire-decoding distinctness test above does not prove cross-operator propagation) — reason not supplied
  todo: /Users/yuanxi/Workwork/vibe-fs/requirements/sphinx-v2/tests/034.test.mjs:WHAT[sphinx-v2-034] actual Host receipts bind work identity and cancel awaits real child resource termination while late results cannot enter semantic state — reason not supplied
  todo: /Users/yuanxi/Workwork/vibe-fs/requirements/sphinx-v2/tests/010.test.mjs:WHAT[sphinx-v2-010] actual durable append failure prevents Host dispatch and receipt-loss recovery reconciles the same intent without creating a second child — reason not supplied
  skip: /Users/yuanxi/Workwork/vibe-fs/requirements/structured-workflow/tests/012.test.mjs:WHAT[structured-workflow-012] Mac nested mounted output resets under immutable input and cleanup preserves the original callback failure — integration tier not enabled
  todo: /Users/yuanxi/Workwork/vibe-fs/requirements/sphinx-v2/tests/036.test.mjs:WHAT[sphinx-v2-036] registered writable MCP tools drive durable creation, work claim, result admission and authorized goal amendment through the single runtime — reason not supplied
  todo: /Users/yuanxi/Workwork/vibe-fs/requirements/sphinx-v2/tests/036.test.mjs:WHAT[sphinx-v2-036] status/export over real stdio read an existing inquiry without creating leases, calling models or changing business state; receipts and dispatch observers need positive controls — reason not supplied
  skip: /Users/yuanxi/Workwork/vibe-fs/requirements/structured-workflow/tests/012.test.mjs:WHAT[structured-workflow-012] real Fable compiles a focused Controller change with its declared SessionHostPort contracts — integration tier not enabled
  skip: /Users/yuanxi/Workwork/vibe-fs/requirements/structured-workflow/tests/012.test.mjs:WHAT[structured-workflow-012] compile-impact CLI compiles a focused production implementation change — integration tier not enabled
  skip: /Users/yuanxi/Workwork/vibe-fs/requirements/structured-workflow/tests/012.test.mjs:WHAT[structured-workflow-012] switching focused closures in one output directory emits the newly selected module — integration tier not enabled
  skip: /Users/yuanxi/Workwork/vibe-fs/requirements/structured-workflow/tests/012.test.mjs:WHAT[structured-workflow-012] compile-impact CLI emits fresh output into a scratch output dir and never writes a success manifest — integration tier not enabled
  skip: /Users/yuanxi/Workwork/vibe-fs/requirements/structured-workflow/tests/012.test.mjs:WHAT[structured-workflow-012] compile-impact CLI re-emits reverse consumers for inline body changes — integration tier not enabled
  skip: /Users/yuanxi/Workwork/vibe-fs/requirements/structured-workflow/tests/012.test.mjs:WHAT[structured-workflow-012] deleting a source purges its stale JS from dist — integration tier not enabled
  skip: /Users/yuanxi/Workwork/vibe-fs/requirements/structured-workflow/tests/012.test.mjs:WHAT[structured-workflow-012] independent Fable checks enforce compile-shard input boundaries — integration tier not enabled
  skip: /Users/yuanxi/Workwork/vibe-fs/requirements/structured-workflow/tests/012.test.mjs:WHAT[structured-workflow-012] build failure preserves prior valid manifest and does not delete it (integration: compiler failure) — integration tier not enabled
  skip: /Users/yuanxi/Workwork/vibe-fs/requirements/structured-workflow/tests/012.test.mjs:WHAT[structured-workflow-012] flat closure compilation compiles transitive closure green and keeps unreferenced sources red — integration tier not enabled
runner: post-exit group verification/reclamation: pid=3820; elapsedMs=18.115; accepted=true
runner: 1273 test(s), 106.7s of test time; max 4356ms, p90 197ms, median 4ms
runner:    4356ms  WHAT[js-semantic-surface-006] the complete emitted graph links and its production modules load
runner:    2366ms  WHAT[host-provider-failure-ownership-001] actual plugin config hook forces zero despite existing values and legacy environment override
runner:    2216ms  WHAT[managed-session-lifecycle-020] public plugin rejects an active identity conflict and retains the new identity after Manager life completion and journal reopen
runner:    2155ms  WHAT[durable-events-019] production tree has no feature history loop or private substrate
runner:    2128ms  WHAT[durable-events-016] production scan is GREEN under gate rules (empty git-bypass allowlist)

runner: 1125 passed, 0 failed; 225/225 planned file(s) completed
runner: partial evidence; 27 skipped, 121 TODO; excluded cases are not passes
runner: pending proof prevents complete acceptance
Error: runner: supervised suite failed (exit 1)
    at fail (file:///Users/yuanxi/Workwork/vibe-fs/requirements/verification-system/tests/e2e/support/supervise-node-test.mjs:221:25)
    at superviseOwnedNodeTest (file:///Users/yuanxi/Workwork/vibe-fs/requirements/verification-system/tests/e2e/support/supervise-node-test.mjs:455:5)
    at process.processTicksAndRejections (node:internal/process/task_queues:103:5)
    at async superviseNodeTest (file:///Users/yuanxi/Workwork/vibe-fs/requirements/verification-system/tests/e2e/support/supervise-node-test.mjs:199:14)
    at async file:///Users/yuanxi/Workwork/vibe-fs/requirements/verification-system/tests/run.mjs:94:1 {
  exitCode: 1
}
