Bound runs: 45e413 PR53 run37317062149 / f136a PR53 run37328559383.
Top-level owner PID2832,parent2823 / PID2859,parent2850.
Values below are runner lifecycle milliseconds. No incomplete016 duration is manufactured.
file	45_start_ms	45_drain_ms	45_cost_ms	f136_start_ms	f136_drain_ms	f136_cost_ms	delta_ms
requirements/action-affordance/tests/001.test.mjs	29.296590999999978	269.958778	240.66218700000002	36.03421700000001	344.50955899999997	308.47534199999996	67.81315499999994
requirements/action-affordance/tests/002.test.mjs	31.91653500000001	73.978364	42.06182899999999	38.7602599999999	80.60611999999992	41.845860000000016	-0.21596899999997277
requirements/action-affordance/tests/003.test.mjs	76.34670999999997	111.40235999999999	35.055650000000014	82.69415099999992	125.42459099999996	42.730440000000044	7.67479000000003
requirements/action-affordance/tests/004.test.mjs	113.53329000000002	150.59185499999995	37.05856499999993	127.39711299999999	171.7299549999999	44.332841999999914	7.274276999999984
requirements/action-affordance/tests/005.test.mjs	152.80130300000002	186.37446100000005	33.573158000000035	175.92333799999994	221.353882	45.430544000000054	11.85738600000002
requirements/action-affordance/tests/006.test.mjs	188.38897500000002	226.22362900000002	37.834654	223.49811699999998	270.75280399999997	47.25468699999999	9.42003299999999
requirements/action-affordance/tests/007.test.mjs	229.22221299999995	338.234135	109.01192200000003	275.07535099999996	414.447998	139.37264700000003	30.360725000000002
requirements/action-affordance/tests/008.test.mjs	272.01594500000004	312.118726	40.102780999999936	347.586732	401.17815499999995	53.59142299999996	13.488642000000027
requirements/action-affordance/tests/009.test.mjs	314.37514300000004	564.522332	250.14718899999997	404.383462	725.317563	320.93410099999994	70.78691199999997
requirements/action-affordance/tests/010.test.mjs	339.70172499999995	378.01525	38.31352500000003	416.72263	463.150264	46.42763400000001	8.114108999999985
requirements/action-affordance/tests/011.test.mjs	382.775198	419.83713900000004	37.06194100000005	465.35651299999995	510.09065099999987	44.734137999999916	7.672196999999869
requirements/action-affordance/tests/012.test.mjs	422.64778099999995	465.224586	42.576805000000036	512.322599	565.053955	52.731356000000005	10.15455099999997
requirements/action-affordance/tests/013.test.mjs	466.831565	502.23175499999996	35.40018999999995	568.081012	612.696732	44.61572000000001	9.215530000000058
requirements/action-affordance/tests/014.test.mjs	504.007088	751.0590559999998	247.05196799999982	614.787537	934.373894	319.5863569999999	72.53438900000009
requirements/action-affordance/tests/015.test.mjs	566.3545790000001	797.4550809999998	231.10050199999978	727.5291599999999	1047.400608	319.871448	88.77094600000021
requirements/attention-regulation/tests/001.test.mjs	753.0641659999999	877.19471	124.1305440000001	936.4222550000001	1076.130458	139.70820300000003	15.577658999999926
requirements/attention-regulation/tests/002.test.mjs	799.5392789999999	2116.419842	1316.880563	1049.4526449999998	2756.949885	1707.4972400000001	390.6166770000002
requirements/attention-regulation/tests/003.test.mjs	878.9969429999999	1010.054848	131.05790500000012	1078.0251669999998	1243.2888199999998	165.26365299999998	34.20574799999986
requirements/attention-regulation/tests/004.test.mjs	1012.0004569999999	2959.3767709999997	1947.3763139999999	1245.585626	3664.4960839999994	2418.9104579999994	471.5341439999995
requirements/attention-regulation/tests/005.test.mjs	2119.214159	3403.6569719999998	1284.4428129999997	2762.929597	4324.512536	1561.5829390000004	277.1401260000007
requirements/attention-regulation/tests/006.test.mjs	2962.5980919999997	3027.618047	65.01995500000021	3667.777425	3763.894324	96.11689899999965	31.09694399999944
requirements/behavior-diagnosis/tests/001.test.mjs	3029.803568	3167.258895	137.45532700000012	3765.8937809999998	3911.582168	145.68838700000015	8.233060000000023
requirements/behavior-diagnosis/tests/002.test.mjs	3169.788533	3215.360168	45.57163500000024	3916.366677	3986.711789	70.34511199999997	24.77347699999973
requirements/behavior-diagnosis/tests/003.test.mjs	3217.201619	3348.131612	130.9299930000002	3989.0304879999994	4133.5598039999995	144.5293160000001	13.599322999999913
requirements/behavior-diagnosis/tests/004.test.mjs	3349.972253	3549.815532	199.84327900000017	4136.239953	4420.323667	284.0837139999994	84.24043499999925
requirements/behavior-diagnosis/tests/005.test.mjs	3406.891562	3489.773372	82.88181000000031	4325.854451	4429.960143	104.10569200000009	21.223881999999776
requirements/behavior-diagnosis/tests/006.test.mjs	3496.222902	4826.7907620000005	1330.5678600000006	4424.438797	6359.387049	1934.9482520000001	604.3803919999996
requirements/behavior-diagnosis/tests/007.test.mjs	3551.757276	3707.6476289999996	155.89035299999978	4431.726017	4635.611513	203.88549599999988	47.9951430000001
requirements/behavior-diagnosis/tests/008.test.mjs	3709.722042	3975.801269	266.0792270000002	4637.526482	4971.176375	333.6498929999998	67.57066599999962
requirements/behavior-diagnosis/tests/009.test.mjs	3977.625936	4815.789859	838.1639230000005	4973.308918	6735.458941	1762.1500230000001	923.9860999999996
requirements/behavior-diagnosis/tests/010.test.mjs	4817.661205	5057.608501000001	239.94729600000028	6361.157991	6646.651483	285.4934919999996	45.54619599999933
requirements/behavior-diagnosis/tests/011.test.mjs	4828.487302	4925.2934000000005	96.80609800000002	6649.110137	6764.407861	115.29772400000002	18.491625999999997
requirements/behavior-diagnosis/tests/012.test.mjs	4927.068756000001	5141.643869	214.57511299999987	6737.6716	6973.61359	235.94199000000026	21.366877000000386
requirements/behavior-diagnosis/tests/013.test.mjs	5059.620914	5265.294143	205.673229	6766.609213	6996.808848	230.19963499999994	24.52640599999995
requirements/behavior-diagnosis/tests/014.test.mjs	5143.527483000001	5364.789001	221.26151799999934	6974.691696	7243.751537	269.05984100000023	47.79832300000089
requirements/behavior-diagnosis/tests/015.test.mjs	5267.300736	5371.308363	104.00762699999996	6998.537847	7124.9315129999995	126.39366599999994	22.386038999999982
requirements/behavior-diagnosis/tests/016.test.mjs	5366.961867	5692.524853000001	325.5629860000008	7126.721805	7517.686678	390.9648729999999	65.40188699999908
requirements/behavior-diagnosis/tests/017.test.mjs	5372.947319000001	10409.413964000001	5036.466645	7245.5711169999995	15675.142929	8429.571812	3393.1051669999997
requirements/behavior-diagnosis/tests/018.test.mjs	5694.461104	7214.528505	1520.0674010000002	7519.9941	9266.43143	1746.4373300000007	226.3699290000004
requirements/behavior-diagnosis/tests/019.test.mjs	7216.4055450000005	7254.937186	38.53164099999958	9268.245707	9311.627505	43.381798000000344	4.850157000000763
requirements/capability-enforcement/tests/001.test.mjs	7256.731570000001	7331.817642	75.08607199999915	9313.398826999999	9398.488877	85.0900500000007	10.003978000001553
requirements/capability-enforcement/tests/002.test.mjs	7333.827432	8330.571310000001	996.7438780000011	9400.172527	10488.103419	1087.9308919999985	91.18701399999736
requirements/capability-enforcement/tests/003.test.mjs	8332.669672	8409.023264000001	76.3535920000013	10490.412273	10572.156334	81.74406099999942	5.39046899999812
requirements/capability-enforcement/tests/004.test.mjs	8411.231803	8486.450454	75.21865099999923	10574.068109	10664.762609	90.6944999999996	15.47584900000038
requirements/capability-enforcement/tests/005.test.mjs	8488.47077	8632.990483	144.51971299999968	10666.654384	10836.356597	169.70221300000048	25.1825000000008
requirements/capability-enforcement/tests/006.test.mjs	8634.829855	10726.687989	2091.858134	10838.32695	13480.412489	2642.0855389999997	550.2274049999996
requirements/capability-enforcement/tests/007.test.mjs	10411.677527	10852.071647	440.39412000000084	13482.337972	13994.746561	512.4085890000006	72.01446899999974
requirements/capability-enforcement/tests/009.test.mjs	10729.027045	11960.003375	1230.9763299999995	13996.832241	15356.038511	1359.2062700000006	128.22994000000108
requirements/capability-enforcement/tests/010.test.mjs	10854.365545	12682.622018	1828.2564729999995	15358.673855	17440.834785000003	2082.1609300000036	253.9044570000042
requirements/capability-enforcement/tests/011.test.mjs	11963.475057	13191.189096	1227.7140390000004	15677.342586	17167.202554000003	1489.8599680000025	262.14592900000207
requirements/capability-enforcement/tests/012.test.mjs	12684.66696	13021.909647	337.24268699999993	17171.471366	17586.006986	414.53561999999874	77.29293299999881
requirements/capability-enforcement/tests/013.test.mjs	13024.349691000001	13084.044385000001	59.6946939999998	17443.048683	17525.811080000003	82.76239700000224	23.06770300000244
requirements/capability-enforcement/tests/014.test.mjs	13086.055626000001	13120.185809	34.130182999999306	17528.568418000003	17570.557889000003	41.989471000000776	7.85928800000147
requirements/capability-enforcement/tests/015.test.mjs	13122.489408000001	13218.475792000001	95.98638399999982	17572.921132000003	17698.415359000002	125.49422699999923	29.50784299999941
requirements/capability-enforcement/tests/016.test.mjs	13193.60949	13296.798681	103.18919099999948	17589.33192	17710.387523	121.0556030000007	17.86641200000122
requirements/capability-enforcement/tests/017.test.mjs	13220.601625000001	13284.469495000001	63.86787000000004	17701.396385	17774.181506	72.7851210000008	8.91725100000076
requirements/capability-enforcement/tests/018.test.mjs	13285.92472	13348.411077	62.48635699999977	17712.013325	17787.183473	75.17014800000106	12.683791000001293
requirements/capability-enforcement/tests/019.test.mjs	13298.482639	13868.087160000001	569.6045210000011	17777.374471000003	18431.983299000003	654.6088280000004	85.00430699999924
requirements/capability-enforcement/tests/020.test.mjs	13350.431351000001	13398.793647	48.36229599999933	17789.070198	17832.951857	43.88165899999876	-4.48063700000057
requirements/capability-enforcement/tests/021.test.mjs	13400.984998	18964.942775	5563.957777	17834.670759	25876.371613000003	8041.700854000002	2477.743077000003
requirements/capability-enforcement/tests/023.test.mjs	13872.747609	14205.750732	333.0031230000004	18433.613397	18877.450899000003	443.83750200000213	110.83437900000172
requirements/capability-enforcement/tests/024.test.mjs	14208.23351	15368.822699	1160.5891890000003	18879.462453	20219.177341000002	1339.7148880000022	179.125699000002
requirements/capability-enforcement/tests/025.test.mjs	15371.719249	17387.02721	2015.3079610000004	20221.334266	22789.968313	2568.6340469999996	553.3260859999991
requirements/capability-enforcement/tests/026.test.mjs	17389.01909	18324.753455000002	935.7343650000003	22792.024665	23949.587730000003	1157.563065000002	221.82870000000185
requirements/causal-wait/tests/001.test.mjs	18326.804294	18402.016752	75.21245799999815	23951.964381	24045.284011000003	93.31963000000178	18.10717200000363
requirements/causal-wait/tests/002.test.mjs	18404.279791	18487.040638	82.76084699999774	24047.242426	24139.921214	92.67878800000108	9.917941000003339
requirements/causal-wait/tests/003.test.mjs	18489.235974	18843.606538	354.37056400000074	24142.356183	24606.385995	464.0298120000007	109.65924799999993
requirements/causal-wait/tests/004.test.mjs	18845.694473	18920.736365	75.0418920000011	24609.358510000002	24695.977565	86.61905499999921	11.577162999998109
requirements/causal-wait/tests/005.test.mjs	18923.074346	19115.573783	192.49943699999858	24697.770170000003	24897.098236	199.32806599999822	6.828628999999637
requirements/causal-wait/tests/006.test.mjs	18967.178563	19099.602028	132.42346499999985	24899.167579	25027.923222	128.75564300000042	-3.6678219999994326
requirements/causal-wait/tests/007.test.mjs	19101.622771000002	19202.941449	101.31867799999964	25030.169090000003	25153.838329000002	123.66923899999892	22.35056099999929
requirements/causal-wait/tests/008.test.mjs	19117.467285	19311.10168	193.63439500000095	25156.369418000002	25379.616444000003	223.24702600000091	29.612630999999965
requirements/causal-wait/tests/009.test.mjs	19205.114031	19340.280358	135.166326999999	25381.485359000002	25530.060131000002	148.57477199999994	13.408445000000938
requirements/change-integration/tests/001.test.mjs	19313.526543	19492.471545	178.9450020000004	25532.294993000003	25745.335399000003	213.04040600000008	34.09540399999969
requirements/change-integration/tests/002.test.mjs	19342.374442	19619.092971000002	276.7185290000016	25747.323789000002	26084.516563	337.1927739999992	60.47424499999761
requirements/change-integration/tests/003.test.mjs	19495.21676	19775.816986	280.6002260000023	25878.643591	26223.817212	345.17362100000173	64.57339499999944
requirements/change-integration/tests/004.test.mjs	19621.335239	20251.003694	629.6684549999991	26086.523571	26747.722551000003	661.198980000001	31.530525000001944
requirements/change-integration/tests/005.test.mjs	19778.280947	20035.235551	256.9546040000023	26226.138449000002	26527.158613000003	301.0201640000014	44.065559999999095
requirements/change-integration/tests/006.test.mjs	20039.21169	20195.353438000002	156.14174800000183	26529.384352	26718.714703	189.33035100000052	33.18860299999869
requirements/change-integration/tests/007.test.mjs	20197.215142	20377.351148	180.13600600000063	26720.782633000003	26913.320183000003	192.53755000000092	12.401544000000285
requirements/change-integration/tests/008.test.mjs	20253.075343	20538.523231	285.4478879999988	26752.341661000002	27064.61862	312.2769589999989	26.829071000000113
requirements/change-integration/tests/009.test.mjs	20379.25868	20543.370251	164.11157100000128	26916.321672000002	27109.339567000003	193.01789500000086	28.906323999999586
requirements/change-integration/tests/011.test.mjs	20540.702153000002	20577.957914	37.25576099999671	27066.512908	27114.474625000003	47.961717000001954	10.705956000005244
requirements/change-integration/tests/013.test.mjs	20545.581312000002	20713.255749	167.67443699999785	27111.544945	27325.394993	213.85004800000024	46.17561100000239
requirements/change-integration/tests/014.test.mjs	20578.976489	20745.271149	166.29465999999957	27116.295302000002	27308.066577	191.77127499999915	25.476614999999583
requirements/change-integration/tests/015.test.mjs	20713.769543000002	20875.007085	161.23754199999894	27310.341805	27498.330286	187.98848100000032	26.75093900000138
requirements/change-integration/tests/017.test.mjs	20748.251657	20782.121478	33.86982100000023	27327.364534	27367.468065	40.10353100000066	6.233710000000428
requirements/cognitive-environment/tests/001.test.mjs	20784.270965	20831.653043000002	47.382078000002366	27370.313568	27412.751961	42.43839300000036	-4.943685000002006
requirements/cognitive-environment/tests/002.test.mjs	20833.545192	20871.84264	38.29744799999753	27414.621953	27457.549093	42.92713999999978	4.629692000002251
requirements/cognitive-environment/tests/003.test.mjs	20874.318499	20963.37596	89.05746100000033	27459.803475	27563.761642	103.95816700000069	14.900706000000355
requirements/cognitive-environment/tests/004.test.mjs	20876.852695	20912.364468	35.51177299999836	27500.089701	27543.744199	43.654497999999876	8.14272500000152
requirements/cognitive-environment/tests/005.test.mjs	20914.75637	21002.693876	87.93750600000203	27545.822705000002	27641.105533	95.28282799999943	7.345321999997395
requirements/cognitive-environment/tests/006.test.mjs	20965.937869	21005.405929	39.46805999999924	27565.888171000002	27607.418559	41.53038799999922	2.0623279999999795
requirements/cognitive-environment/tests/007.test.mjs	21004.695771	21042.317602	37.621831000000384	27609.512654000002	27651.122106000003	41.6094520000006	3.9876210000002175
requirements/cognitive-environment/tests/008.test.mjs	21007.216295000002	21044.786769000002	37.570474000000104	27642.937146	27682.649731	39.71258500000113	2.142111000001023
requirements/cognitive-environment/tests/009.test.mjs	21044.246496	21080.714319	36.46782299999904	27653.059184	27690.446711	37.387526999998954	0.9197039999999106
requirements/cognitive-environment/tests/010.test.mjs	21047.194514	21083.385832	36.19131800000105	27684.482657	27723.311579	38.8289220000006	2.6376039999995555
requirements/cognitive-environment/tests/011.test.mjs	21082.770304	21118.306956	35.53665199999887	27692.301334000003	27730.030447	37.7291129999976	2.1924609999987297
requirements/cognitive-environment/tests/012.test.mjs	21085.034424	21154.767889	69.73346499999752	27725.432279	27809.966118	84.53383899999972	14.800374000002193
requirements/cognitive-environment/tests/013.test.mjs	21121.190117000002	21159.128615	37.93849799999953	27732.310427	27774.083286	41.77285900000061	3.8343610000010813
requirements/cognitive-environment/tests/015.test.mjs	21156.851687000002	24922.51462	3765.6629329999996	27775.939286	32133.889221	4357.949935000001	592.2870020000009
requirements/cognitive-environment/tests/016.test.mjs	21160.955246	21196.714151	35.75890499999878	27812.142361000002	27851.87369	39.73132899999837	3.9724239999995916
requirements/cognitive-workspace/tests/001.test.mjs	21198.683998	21234.786491	36.1024929999985	27854.324338000002	27895.901842000003	41.57750400000077	5.475011000002269
requirements/cognitive-workspace/tests/002.test.mjs	21235.158431	21278.009125	42.85069400000066	27899.225697	27943.503856000003	44.278159000001324	1.427465000000666
requirements/cognitive-workspace/tests/003.test.mjs	21280.008055000002	21317.212838	37.204782999997406	27945.482722	27987.853173000003	42.370451000002504	5.165668000005098
requirements/cognitive-workspace/tests/004.test.mjs	21319.182164	21356.722883000002	37.540719000000536	27989.752439	28034.949304	45.19686500000171	7.656146000001172
requirements/cognitive-workspace/tests/005.test.mjs	21358.97903	21397.866547	38.887517000002845	28036.924214000002	28083.395210000002	46.470996000000014	7.583478999997169
requirements/cognitive-workspace/tests/006.test.mjs	21400.055393	21444.397863000002	44.34247000000323	28086.683301	28135.695194	49.01189299999896	4.6694229999957315
requirements/cognitive-workspace/tests/007.test.mjs	21444.902503	21487.821601	42.919097999998485	28137.649312	28180.375782000003	42.72647000000143	-0.1926279999970575
requirements/cognitive-workspace/tests/008.test.mjs	21489.685067000002	21533.74997	44.064902999998594	28182.372595	28226.331629	43.95903399999952	-0.10586899999907473
requirements/cognitive-workspace/tests/009.test.mjs	21535.751194	21578.893477	43.14228300000104	28229.311294000003	28274.951074	45.6397799999977	2.497496999996656
requirements/cognitive-workspace/tests/010.test.mjs	21580.934571	21617.866783	36.93221199999971	28276.138466	28320.513918	44.37545200000022	7.4432400000005146
requirements/concern-routing/tests/001.test.mjs	21619.772273	21684.349412	64.5771390000009	28323.313542	28399.336514000002	76.02297200000248	11.445833000001585
requirements/concern-routing/tests/002.test.mjs	21686.516246	24829.304454	3142.7882080000018	28401.508916000003	32316.008628	3914.499711999997	771.7115039999953
requirements/concern-routing/tests/003.test.mjs	24831.237975	25980.740406	1149.5024310000008	32136.342307000003	33540.33702	1403.9947129999964	254.4922819999956
requirements/concern-routing/tests/004.test.mjs	24924.414672	26313.556761	1389.1420890000009	32318.105962000005	34010.893292	1692.7873299999956	303.6452409999947
requirements/concern-routing/tests/005.test.mjs	25983.60574	27176.397506	1192.791766000002	33541.516299999996	34895.971303	1354.4550030000028	161.66323700000066
requirements/concern-routing/tests/006.test.mjs	26316.557349	28061.644491	1745.0871420000003	34013.614428	36078.729365	2065.1149369999985	320.02779499999815
requirements/concern-routing/tests/007.test.mjs	27178.262214000002	27215.77478	37.512565999997605	34898.319766	34948.21711	49.89734399999725	12.384777999999642
requirements/context-compression/tests/001.test.mjs	27217.754571	27266.375365	48.62079399999857	34950.113541	34989.689643	39.57610199999908	-9.044691999999486
requirements/context-compression/tests/002.test.mjs	27268.79664	27553.870004	285.07336399999986	34991.780486999996	35347.105326	355.3248390000008	70.25147500000094
requirements/context-compression/tests/003.test.mjs	27555.704246	27976.39367	420.68942400000014	35350.338139	35875.414544	525.0764049999998	104.38698099999965
requirements/context-compression/tests/004.test.mjs	27978.535715	28064.568823	86.03310799999963	35877.448487999995	35990.187354999995	112.73886700000003	26.7057590000004
requirements/context-compression/tests/005.test.mjs	28063.677212	28290.461053	226.7838410000004	35992.563405	36293.838871	301.27546599999914	74.49162499999875
requirements/context-compression/tests/006.test.mjs	28066.309685	28301.412233	235.10254799999893	36080.636376999995	36394.635472999995	313.99909599999955	78.89654800000062
requirements/context-compression/tests/007.test.mjs	28292.584049	28544.963211000002	252.3791620000011	36296.09153	36597.137382	301.0458520000029	48.666690000001836
requirements/context-compression/tests/008.test.mjs	28303.380677	28572.042618	268.6619409999985	36396.750438999996	36708.933479	312.18304000000353	43.52109900000505
requirements/context-compression/tests/009.test.mjs	28546.892827	28786.968971000002	240.0761440000024	36599.388358	36904.627817	305.239459000004	65.1633150000016
requirements/context-compression/tests/010.test.mjs	28574.124753	28687.42492	113.30016700000124	36711.013031999995	36833.267949	122.25491700000566	8.954750000004424
requirements/context-compression/tests/011.test.mjs	28689.404	28874.614117	185.21011700000236	36835.293445999996	37086.968602	251.6751560000048	66.46503900000243
requirements/context-compression/tests/012.test.mjs	28792.061011	28975.664333	183.60332199999903	36907.097148	37147.74426	240.64711199999874	57.04378999999972
requirements/context-compression/tests/013.test.mjs	28876.5883	28968.725843	92.13754300000073	37089.329573999996	37197.806413	108.47683900000266	16.339296000001923
requirements/context-compression/tests/014.test.mjs	28971.243654	29086.251205	115.00755099999878	37149.846362	37285.355406999995	135.50904499999888	20.501494000000093
requirements/context-compression/tests/015.test.mjs	28977.427729	29041.944558	64.51682900000014	37199.77244	37282.205924999995	82.4334849999941	17.916655999993964
requirements/context-compression/tests/016.test.mjs	29044.166996	29256.872043	212.70504699999947	37284.214865999995	37521.645841	237.43097500000295	24.725928000003478
requirements/context-compression/tests/017.test.mjs	29087.821711	29247.454057	159.6323459999985	37287.954949	37494.377684	206.4227350000001	46.790389000001596
requirements/context-compression/tests/018.test.mjs	29249.708312	30743.49347	1493.7851580000024	37496.074945	39288.872614	1792.7976689999996	299.0125109999972
requirements/context-compression/tests/019.test.mjs	29258.653726	29740.678999	482.0252729999993	37523.542643	38073.724745	550.1821019999988	68.15682899999956
requirements/context-compression/tests/020.test.mjs	29742.689367	29892.68665	149.9972830000006	38075.701087	38247.138841	171.43775399999868	21.44047099999807
requirements/context-compression/tests/021.test.mjs	29894.51861	30113.342173	218.82356300000174	38249.773747	38528.691216	278.917469	60.09390599999824
requirements/context-compression/tests/022.test.mjs	30115.426813000002	30339.528216	224.10140299999694	38531.042303999995	38822.064557	291.0222530000028	66.92085000000588
requirements/context-compression/tests/023.test.mjs	30344.227815000002	30449.54534	105.31752499999857	38825.676757	38941.642706	115.96594899999764	10.648423999999068
requirements/context-compression/tests/024.test.mjs	30451.70348	40149.004907999995	9697.301427999995	38943.591865999995	50776.079539	11832.487673000003	2135.186245000008
requirements/context-compression/tests/025.test.mjs	30747.742389	30975.117403	227.3750140000011	39293.964436999995	39586.068703	292.1042660000021	64.729252000001
requirements/context-compression/tests/026.test.mjs	30977.453142000002	31425.167542	447.7143999999971	39588.038805	40134.571336	546.5325310000044	98.81813100000727
requirements/context-compression/tests/027.test.mjs	31427.051549	31730.419458	303.3679090000005	40136.584198	40551.922202999995	415.3380049999978	111.97009599999728
requirements/context-compression/tests/028.test.mjs	31732.380442	31810.62641	78.24596799999927	40554.229449	40643.504667	89.2752180000025	11.02925000000323
requirements/context-compression/tests/029.test.mjs	31812.556357	31965.995375	153.4390179999973	40645.439556	40832.714675999996	187.27511999999842	33.83610200000112
requirements/context-compression/tests/030.test.mjs	31967.874225	32114.246679	146.3724540000003	40835.039995	41019.159953999995	184.11995899999602	37.747504999995726
requirements/crash-reconciliation/tests/001.test.mjs	32116.17943	32175.087050000002	58.90762000000177	41021.482979	41100.483254	79.00027499999851	20.09265499999674
requirements/crash-reconciliation/tests/002.test.mjs	32177.348456	32249.800136	72.45168000000194	41102.526717	41193.425024	90.89830699999584	18.446626999993896
requirements/crash-reconciliation/tests/003.test.mjs	32251.911827	32333.630717000004	81.71889000000374	41195.699004999995	41306.362163	110.66315800000302	28.944267999999283
requirements/crash-reconciliation/tests/004.test.mjs	32335.910350000002	32373.164303	37.253952999999456	41308.436432999995	41352.352173	43.91574000000401	6.661787000004551
requirements/crash-reconciliation/tests/005.test.mjs	32375.476596999997	32437.806931000003	62.33033400000568	41354.595793	41441.666098999995	87.07030599999416	24.739971999988484
requirements/crash-reconciliation/tests/006.test.mjs	32439.767966000003	32511.968568	72.20060199999716	41443.90681	41528.886447	84.97963699999673	12.779034999999567
requirements/crash-reconciliation/tests/007.test.mjs	32513.903793	32592.798218	78.89442499999859	41531.36736	41644.116905999996	112.7495459999991	33.85512100000051
requirements/crash-reconciliation/tests/008.test.mjs	32594.854826	32658.196304	63.3414780000021	41646.338238	41718.030617	71.69237900000007	8.350900999997975
requirements/crash-reconciliation/tests/009.test.mjs	32660.035384	32857.791474	197.75608999999895	41719.942316	41971.212517	251.27020099999936	53.51411100000041
requirements/crash-reconciliation/tests/010.test.mjs	32860.073080999995	32932.769630999996	72.69655000000057	41973.455069999996	42057.450111	83.99504100000195	11.298491000001377
requirements/crash-reconciliation/tests/011.test.mjs	32934.833279	32998.341408	63.508129000001645	42059.328966	42131.456891999995	72.12792599999375	8.619796999992104
requirements/crash-reconciliation/tests/012.test.mjs	33001.037049	33062.99497299999	61.95792399999482	42133.710843	42214.982195	81.27135199999611	19.313428000001295
requirements/crash-reconciliation/tests/013.test.mjs	33065.10821599999	33122.792293	57.684077000005345	42217.285896	42289.696228	72.41033199999947	14.726254999994126
requirements/crash-reconciliation/tests/014.test.mjs	33124.940877999994	33190.235489	65.2946110000048	42293.344662999996	42377.296074	83.95141100000183	18.65679999999702
requirements/crash-reconciliation/tests/015.test.mjs	33192.302662999995	43677.916235	10485.613572000002	42380.368003999996	52942.728056	10562.360052000004	76.74648000000161
requirements/crash-reconciliation/tests/016.test.mjs	40150.904209	40222.575825	71.67161599999963	50778.066676999995	50868.083514	90.01683700000285	18.34522100000322
requirements/crash-reconciliation/tests/017.test.mjs	40224.39387299999	40255.166606	30.772733000005246	50869.994798	50908.271379	38.27658099999826	7.503847999993013
requirements/crash-reconciliation/tests/018.test.mjs	40257.084294	41301.251675	1044.1673809999993	50910.093639	52240.046616	1329.9529770000008	285.78559600000153
requirements/crash-reconciliation/tests/019.test.mjs	41304.230521	41340.728566	36.498045000000275	52242.884595999996	52286.652657	43.76806100000249	7.270016000002215
requirements/crash-reconciliation/tests/020.test.mjs	41342.667827	41540.96036	198.29253299999982	52288.620775999996	52558.178282	269.55750600000465	71.26497300000483
requirements/crash-reconciliation/tests/021.test.mjs	41542.868995	41701.26016799999	158.39117299999634	52560.296758	52779.757668	219.4609100000016	61.06973700000526
requirements/degeneration-guard/tests/001.test.mjs	41702.978315	41876.068625	173.0903099999996	52781.814881	53008.245649	226.43076799999835	53.34045799999876
requirements/degeneration-guard/tests/002.test.mjs	41877.88654299999	42045.524112	167.6375690000059	52945.032216	53171.488463	226.4562470000019	58.818677999996
requirements/degeneration-guard/tests/003.test.mjs	42047.263101	42223.974583999996	176.71148299999913	53010.405983	53242.05671	231.6507270000002	54.939244000001054
requirements/degeneration-guard/tests/004.test.mjs	42225.840223	42642.949961	417.1097379999992	53173.728993	53861.919745	688.1907520000022	271.08101400000305
requirements/degeneration-guard/tests/005.test.mjs	42644.721057999996	42804.587533	159.86647500000254	53244.343389	53493.861778	249.51838899999711	89.65191399999458
requirements/degeneration-guard/tests/006.test.mjs	42806.271249	42979.837183999996	173.56593499999872	53498.333604	53828.999528	330.6659240000008	157.0999890000021
requirements/degeneration-guard/tests/007.test.mjs	42981.594570999994	43170.501891	188.9073200000057	53831.853653	54100.692405	268.8387520000033	79.93143199999759
requirements/degeneration-guard/tests/008.test.mjs	43172.611337999995	43343.554724999995	170.94338699999935	53864.425575	54108.68765	244.26207499999873	73.31868799999938
requirements/degeneration-guard/tests/009.test.mjs	43345.325209999995	43531.458002	186.13279200000397	54102.796583999996	54362.724555	259.9279710000046	73.79517900000064
requirements/degeneration-guard/tests/010.test.mjs	43533.262489999994	43702.091703	168.82921300000453	54111.314512	54329.433297999996	218.1187859999991	49.28957299999456
requirements/degeneration-guard/tests/011.test.mjs	43680.00915699999	43760.543979999995	80.53482300000178	54331.68541	54430.843302	99.1578920000029	18.623069000001124
requirements/degeneration-guard/tests/012.test.mjs	43704.852780999994	43743.273872	38.4210910000038	54365.171325999996	54404.455082	39.28375600000436	0.8626650000005611
requirements/degeneration-guard/tests/013.test.mjs	43746.522293999995	43981.332662999994	234.8103689999989	54406.797314999996	54639.820478	233.0231630000053	-1.7872059999936027
requirements/delegation/tests/001.test.mjs	43763.197395999996	43795.291019	32.09362300000066	54433.305901	54472.057275	38.75137399999949	6.657750999998825
requirements/delegation/tests/002.test.mjs	43797.656251	43865.866193999995	68.20994299999438	54474.311109999995	54545.773555	71.46244500000466	3.2525020000102813
requirements/delegation/tests/003.test.mjs	43866.997246	45828.867834	1961.870587999998	54548.217752	57025.813196999996	2477.595444999999	515.7248570000011
requirements/delegation/tests/004.test.mjs	43983.399614999995	44017.252757999995	33.85314300000027	54643.361629	54684.094181	40.732552000001306	6.879409000001033
requirements/delegation/tests/005.test.mjs	44019.931210999996	44231.448271999994	211.51706099999865	54686.557667	54930.895381999995	244.3377149999942	32.82065399999556
requirements/delegation/tests/006.test.mjs	44233.470356	44774.740692	541.2703360000014	54933.096021	55895.454664	962.3586429999996	421.08830699999817
requirements/delegation/tests/007.test.mjs	44777.193956999996	45242.656309	465.4623520000023	55897.725539	56507.444798	609.7192589999977	144.2569069999954
requirements/delegation/tests/008.test.mjs	45244.866738	45707.166506999994	462.29976899999747	56510.001375	57067.300292	557.2989170000001	94.9991480000026
requirements/delegation/tests/009.test.mjs	45709.352619	46288.32737399999	578.9747549999956	57028.477610999995	57897.123405	868.6457940000037	289.671039000008
requirements/delegation/tests/010.test.mjs	45833.364816999994	46385.28058599999	551.9157689999993	57069.642945	57881.377464	811.7345189999978	259.81874999999854
requirements/delegation/tests/011.test.mjs	46290.425323999996	46839.326171999994	548.9008479999975	57883.723462999995	58494.696538	610.9730750000017	62.072227000004204
requirements/delegation/tests/012.test.mjs	46388.22227699999	46895.863298	507.6410210000031	57899.992182999995	58600.947469	700.955286000004	193.3142650000009
requirements/delegation/tests/013.test.mjs	46840.574531	47059.897766999995	219.32323599999654	58496.659328999995	58760.950241	264.290912000004	44.967676000007486
requirements/delegation/tests/014.test.mjs	46898.080959	47130.402422	232.32146300000022	58603.019655	58874.004915	270.9852600000013	38.66379700000107
requirements/delegation/tests/015.test.mjs	47062.258752999995	47367.99189	305.7331370000029	58763.235298	59120.632644	357.3973459999979	51.664208999995026
requirements/delegation/tests/017.test.mjs	47132.41343099999	47167.664396	35.250965000006545	58877.124730999996	58918.556408	41.43167700000049	6.180711999993946
requirements/delegation/tests/019.test.mjs	47170.24909	47269.32644999999	99.07735999999568	58920.899852999995	59040.054633	119.1547800000044	20.077420000008715
requirements/delegation/tests/020.test.mjs	47272.017013	47309.75898	37.74196700000175	59042.718081	59094.230668	51.51258699999744	13.770619999995688
requirements/delegation/tests/021.test.mjs	47312.602302	47400.201714999996	87.59941299999628	59096.398899	59201.389199	104.99029999999766	17.390887000001385
requirements/delegation/tests/022.test.mjs	47370.20232	47433.754182	63.551862000000256	59122.568613999996	59209.813201	87.24458700000105	23.69272500000079
requirements/delegation/tests/023.test.mjs	47404.204574999996	47977.212031999996	573.0074569999997	59203.855013	59861.18561	657.3305970000001	84.32314000000042
requirements/delegation/tests/024.test.mjs	47435.85757	48463.006078	1027.1485079999984	59211.605574	60409.678753	1198.073178999999	170.92467100000067
requirements/delegation/tests/025.test.mjs	47979.453829	48508.094189999996	528.6403609999979	59861.267514	60462.450175	601.1826609999989	72.54230000000098
requirements/delegation/tests/026.test.mjs	48465.094702999995	50969.513502999995	2504.4187999999995	60411.770573999995	63097.774241	2686.0036670000045	181.58486700000503
requirements/delegation/tests/027.test.mjs	48510.238207999995	49310.44620699999	800.2079989999984	60464.628466999995	61543.799146	1079.1706790000026	278.9626800000042
requirements/delegation/tests/028.test.mjs	49312.425137	49505.540758999996	193.11562199999753	61549.177818	61772.349768	223.17195000000356	30.056328000006033
requirements/delegation/tests/029.test.mjs	49507.414912	49620.556485999994	113.14157399999385	61774.188467	61904.448237	130.25976999999693	17.11819600000308
requirements/delegation/tests/030.test.mjs	49622.385962	49655.36790999999	32.98194799999328	61906.342516	61942.869261	36.52674500000285	3.5447970000095665
requirements/delegation/tests/031.test.mjs	49657.105977	50389.621205999996	732.5152289999969	61944.524057999995	62827.341322	882.8172640000048	150.3020350000079
requirements/delegation/tests/032.test.mjs	50391.473326	50792.425912	400.9525859999994	62829.235209	63441.0475	611.812291000002	210.85970500000258
requirements/dispatch-protocol/tests/001.test.mjs	50794.160435	51104.193789	310.03335399999924	63100.538612	63523.358681	422.82006900000124	112.786715000002
requirements/dispatch-protocol/tests/002.test.mjs	50972.20454599999	51460.631247	488.42670100000396	63443.518609	64045.949879	602.431270000001	114.00456899999699
requirements/dispatch-protocol/tests/003.test.mjs	51106.016565	51478.644269	372.62770399999863	63525.382227999995	64013.4074	488.0251720000015	115.39746800000285
requirements/dispatch-protocol/tests/004.test.mjs	51462.880483999994	51830.577002	367.6965180000043	64015.175779	64427.951571	412.77579200000037	45.079273999996076
requirements/dispatch-protocol/tests/005.test.mjs	51480.495186	51738.938003999996	258.4428179999959	64048.078831	64299.627029999996	251.5481989999971	-6.894618999998784
requirements/dispatch-protocol/tests/006.test.mjs	51741.534434999994	51945.08324199999	203.54880699999921	64303.321254999995	64568.510512	265.18925700000545	61.64045000000624
requirements/dispatch-protocol/tests/007.test.mjs	51836.441445	52377.364624999995	540.923179999998	64430.24407	65092.59112299999	662.3470529999904	121.42387299999245
requirements/dispatch-protocol/tests/008.test.mjs	51947.427593	52352.931735	405.50414199999796	64570.598011999995	65066.567906	495.96989400000166	90.4657520000037
requirements/dispatch-protocol/tests/009.test.mjs	52355.176845999995	52937.02417	581.8473240000021	65068.796539	65751.423042	682.6265029999922	100.77917899999011
requirements/dispatch-protocol/tests/010.test.mjs	52379.449446	53171.631411999995	792.1819659999965	65094.59237299999	66028.587854	933.9954810000054	141.81351500000892
requirements/dispatch-protocol/tests/011.test.mjs	52939.344464999995	53291.389279999996	352.0448150000011	65753.825367	66148.362499	394.53713199999765	42.49231699999655
requirements/dispatch-protocol/tests/012.test.mjs	53173.685256	53640.615329	466.9300730000032	66030.642334	66580.230259	549.5879249999998	82.65785199999664
requirements/dispatch-protocol/tests/013.test.mjs	53294.213212999995	53651.920635999995	357.70742299999984	66150.527275	66569.764517	419.2372420000029	61.529819000003044
requirements/dispatch-protocol/tests/014.test.mjs	53642.938548	53679.362045999995	36.42349799999647	66572.123016	66611.508105	39.38508900000306	2.9615910000065924
requirements/dispatch-protocol/tests/015.test.mjs	53654.045395999994	55056.400745	1402.355349000005	66582.123676	68242.490502	1660.3668259999977	258.01147699999274
requirements/distribution/tests/001.test.mjs	53681.406525	53790.955676	109.54915099999926	66613.352487	66741.441708	128.089221000002	18.540070000002743
requirements/distribution/tests/002.test.mjs	53793.067066999996	54383.323412	590.2563450000016	66744.312259	67464.545172	720.2329129999998	129.97656799999822
requirements/distribution/tests/003.test.mjs	54387.275935	55047.318345	660.0424100000018	67466.492721	68234.662361	768.1696399999928	108.12722999999096
requirements/distribution/tests/004.test.mjs	55049.554002	55094.826828	45.27282600000035	68238.33192699999	68285.96999499999	47.6380680000002	2.365241999999853
requirements/distribution/tests/005.test.mjs	55059.21913899999	56260.245526	1201.0263870000053	68244.776181	69685.852832	1441.0766510000103	240.05026400000497
requirements/distribution/tests/006.test.mjs	55097.201884999995	55207.776120999995	110.57423600000038	68288.122462	68409.420654	121.29819200000202	10.723956000001635
requirements/distribution/tests/007.test.mjs	55210.594215	57781.13658	2570.542365000001	68417.804594	71467.103839	3049.299245000002	478.7568800000008
requirements/distribution/tests/008.test.mjs	56262.437237	56321.057043999994	58.61980699999549	69688.170359	69752.506916	64.33655700000236	5.7167500000068685
requirements/distribution/tests/009.test.mjs	56323.634595999996	56394.996784999996	71.36218899999949	69754.794607	69859.337594	104.54298699999345	33.180797999993956
requirements/distribution/tests/010.test.mjs	56397.307364	56513.835067	116.52770299999975	69862.327129	69988.921342	126.59421300000395	10.0665100000042
requirements/durable-convergence/tests/001.test.mjs	56515.976271	56681.115717999994	165.1394469999941	69991.426897	70182.460782	191.0338849999971	25.894438000002992
requirements/durable-convergence/tests/002.test.mjs	56683.353047	57173.807781999996	490.45473499999935	70184.805801	70791.333971	606.528170000005	116.0734350000057
requirements/durable-convergence/tests/003.test.mjs	57175.946313	57502.712113999994	326.7658009999941	70793.196381	71195.486753	402.2903720000031	75.52457100000902
requirements/durable-convergence/tests/004.test.mjs	57504.84009	57685.807134999995	180.9670449999976	71197.73112	71404.092141	206.36102100000426	25.39397600000666
requirements/durable-convergence/tests/005.test.mjs	57687.996121	57870.050693	182.05457200000092	71406.262676	71632.690384	226.4277080000029	44.37313600000198
requirements/durable-convergence/tests/006.test.mjs	57783.180358	57973.911007999995	190.7306499999977	71469.168554	71684.34414	215.17558599999757	24.44493599999987
requirements/durable-convergence/tests/007.test.mjs	57872.676108	58135.391313	262.7152050000004	71635.208784	71946.597822	311.3890379999939	48.673832999993465
requirements/durable-convergence/tests/008.test.mjs	57975.936759	58347.851049	371.9142900000006	71686.47240099999	72064.912919	378.44051800000307	6.5262280000024475
requirements/durable-convergence/tests/009.test.mjs	58137.929315999994	58396.272647	258.3433310000037	71948.568016	72233.978597	285.4105809999892	27.067249999985506
requirements/durable-convergence/tests/010.test.mjs	58350.093946999994	58696.81264	346.71869300000253	72068.599311	72431.290906	362.6915949999966	15.972901999994065
requirements/durable-convergence/tests/011.test.mjs	58399.102137999995	58919.359767999995	520.2576300000001	72236.027248	72777.507769	541.480521000005	21.222891000004893
requirements/durable-events/tests/001.test.mjs	58698.774605	58922.107907	223.3333019999991	72433.50240699999	72693.372649	259.8702420000045	36.536940000005416
requirements/durable-events/tests/002.test.mjs	58921.407853	60351.35026	1429.9424070000023	72695.48299799999	74459.417112	1763.9341140000033	333.99170700000104
requirements/durable-events/tests/003.test.mjs	58923.916621	59150.295431	226.37881000000198	72779.463074	73056.247661	276.7845870000019	50.405776999999944
requirements/durable-events/tests/004.test.mjs	59152.511238	59544.338037999994	391.8267999999953	73058.116501	73508.936741	450.8202400000009	58.99344000000565
requirements/durable-events/tests/005.test.mjs	59546.437089	59873.820082	327.38299299999926	73511.425376	73874.79207	363.36669399999664	35.98370099999738
requirements/durable-events/tests/006.test.mjs	59876.088106999996	60140.749003	264.66089600000123	73877.178756	74178.623962	301.44520600000396	36.78431000000273
requirements/durable-events/tests/007.test.mjs	60142.827442999995	60348.594358999995	205.7669160000005	74180.808949	74423.438457	242.62950799999817	36.862591999997676
requirements/durable-events/tests/008.test.mjs	60350.542233	60533.30854699999	182.76631399999314	74425.864472	74657.896071	232.03159899999446	49.26528500000131
requirements/durable-events/tests/009.test.mjs	60353.166496	61810.480904	1457.3144079999984	74462.128403	76348.303214	1886.1748110000044	428.86040300000604
requirements/durable-events/tests/010.test.mjs	60535.647939999995	60788.973586	253.32564600000478	74659.940411	75023.403951	363.463539999997	110.13789399999223
requirements/durable-events/tests/011.test.mjs	60791.019118	60989.786003999994	198.7668859999976	75025.496147	75262.00762399999	236.51147699999274	37.744590999995125
requirements/durable-events/tests/012.test.mjs	60991.621739999995	61316.586651	324.96491100000276	75264.478753	75716.709206	452.2304529999965	127.26554199999373
requirements/durable-events/tests/013.test.mjs	61318.506021999994	61752.106332999996	433.60031100000197	75719.195497	76207.190107	487.99461000000883	54.39429900000687
requirements/durable-events/tests/014.test.mjs	61754.083021	62075.99972	321.91669900000124	76209.501955	76576.92709	367.4251349999977	45.508435999996436
requirements/durable-events/tests/015.test.mjs	61813.910009	62011.123937	197.2139279999974	76349.691139	76585.029214	235.3380749999924	38.12414699999499
requirements/durable-events/tests/016.test.mjs	62017.220069999996	63416.116747	1398.8966770000043	76579.072071	78268.23830299999	1689.1662319999887	290.2695549999844
requirements/durable-events/tests/017.test.mjs	62077.94478	62270.315642999994	192.37086299999646	76586.92851	76839.860762	252.9322519999987	60.56138900000224
requirements/durable-events/tests/018.test.mjs	62270.571918999995	62592.207915	321.6359960000045	76841.986489	77216.466013	374.47952399999485	52.84352799999033
requirements/durable-events/tests/019.test.mjs	62594.433597999996	64102.763206999996	1508.3296090000003	77218.377803	78993.30677	1774.9289669999998	266.5993579999995
requirements/durable-events/tests/020.test.mjs	63418.457803	63660.026773	241.56897000000026	78270.347781	78545.946919	275.5991379999905	34.030167999990226
requirements/durable-events/tests/021.test.mjs	63662.100517	63853.800799	191.70028199999797	78548.19858499999	78786.693349	238.49476400000276	46.79448200000479
requirements/durable-events/tests/022.test.mjs	63856.070848999996	64039.51856	183.4477110000007	78788.911115	79010.177985	221.26687000000675	37.81915900000604
requirements/durable-events/tests/023.test.mjs	64041.441647	64589.803345	548.3616980000006	78996.117361	79622.752214	626.6348529999959	78.27315499999531
requirements/durable-events/tests/024.test.mjs	64106.184389999995	64153.748246999996	47.56385700000101	79012.217643	79051.45869	39.241047000003164	-8.322809999997844
requirements/durable-events/tests/025.test.mjs	64155.627828	64441.533813999995	285.90598599999794	79053.879713	79332.27921	278.39949699999124	-7.506489000006695
requirements/effect-accounting/tests/001.test.mjs	64443.622651	64599.510426999994	155.88777599999594	79335.69566499999	79553.205406	217.50974100000167	61.62196500000573
requirements/effect-accounting/tests/002.test.mjs	64592.105163	64759.56408	167.4589169999963	79555.74176799999	79751.333599	195.59183100001246	28.13291400001617
requirements/effect-accounting/tests/003.test.mjs	64601.475416999994	65027.948191999996	426.472775000002	79627.07513699999	80154.065144	526.9900070000003	100.51723199999833
requirements/effect-accounting/tests/004.test.mjs	64761.961741	64947.738249999995	185.7765089999957	79753.465075	79940.756006	187.2909309999959	1.5144220000001951
requirements/effect-accounting/tests/005.test.mjs	64952.594836	65271.356524	318.76168800000596	79943.460016	80357.410995	413.9509790000011	95.18929099999514
requirements/effect-accounting/tests/006.test.mjs	65029.548452999996	65370.512493999995	340.96404099999927	80156.36425299999	80527.545591	371.1813380000094	30.21729700001015
requirements/effect-accounting/tests/007.test.mjs	65276.18193199999	65479.24161499999	203.0596829999995	80359.836905	80625.720193	265.88328799999726	62.82360499999777
requirements/effect-accounting/tests/008.test.mjs	65372.61951799999	66094.76525099999	722.1457329999976	80529.753978	81403.529044	873.775066000002	151.6293330000044
requirements/effect-accounting/tests/010.test.mjs	65481.58166899999	65572.24853299999	90.6668639999989	80629.320855	80741.666464	112.34560899999633	21.678744999997434
requirements/effect-accounting/tests/012.test.mjs	65574.196778	65732.180041	157.9832630000019	80743.63593599999	80934.861719	191.22578300000168	33.242519999999786
requirements/execution-failure-policy/tests/001.test.mjs	65734.33572799999	65800.31974199999	65.98401400000148	80936.787545	81015.827531	79.03998600000341	13.05597200000193
requirements/execution-failure-policy/tests/002.test.mjs	65802.273434	66348.606087	546.3326529999904	81017.90581699999	81681.323984	663.4181670000107	117.08551400002034
requirements/execution-failure-policy/tests/003.test.mjs	66099.210838	66606.710825	507.4999870000029	81405.536062	82028.583453	623.0473910000001	115.54740399999719
requirements/execution-failure-policy/tests/004.test.mjs	66351.519686	66440.375552	88.85586599999806	81681.835426	81789.892724	108.05729799999972	19.20143200000166
requirements/execution-failure-policy/tests/005.test.mjs	66442.405119	66511.932729	69.52760999999009	81792.118026	81867.046685	74.92865899999742	5.401049000007333
requirements/execution-failure-policy/tests/006.test.mjs	66514.178302	67027.312186	513.1338839999953	81869.49520399999	82489.972247	620.4770430000062	107.34315900001093
requirements/execution-failure-policy/tests/007.test.mjs	66609.254287	66789.127935	179.8736479999934	82031.138077	82247.465129	216.32705200000782	36.453404000014416
requirements/execution-failure-policy/tests/008.test.mjs	66791.109039	66970.917598	179.80855899999733	82249.435522	82448.335034	198.8995120000036	19.090953000006266
requirements/execution-failure-policy/tests/009.test.mjs	66973.249149	67039.621147	66.37199800000235	82450.473646	82530.77132	80.29767400000128	13.92567599999893
requirements/execution-failure-policy/tests/010.test.mjs	67028.497432	67630.928996	602.4315639999986	82492.630758	83254.645303	762.0145449999982	159.58298099999956
requirements/execution-failure-policy/tests/011.test.mjs	67042.228615	67566.70608599999	524.477470999991	82533.916946	83153.408717	619.4917710000009	95.01430000000983
requirements/execution-failure-policy/tests/012.test.mjs	67572.24245599999	67766.403285	194.16082900000038	83155.774997	83396.521588	240.7465910000028	46.58576200000243
requirements/execution-failure-policy/tests/013.test.mjs	67633.39472099999	67702.046553	68.6518320000032	83256.82526299999	83340.354112	83.52884900000936	14.877017000006163
requirements/execution-failure-policy/tests/014.test.mjs	67704.736305	67756.945628	52.20932300000277	83342.66563999999	83403.095957	60.43031700000574	8.220994000002975
requirements/execution-model-routing/tests/001.test.mjs	67758.876697	67856.34901199999	97.4723149999918	83399.020989	83512.898494	113.87750499999675	16.40519000000495
requirements/execution-model-routing/tests/002.test.mjs	67768.43322199999	67893.880666	125.44744400000491	83405.223908	83550.29899899999	145.07509099999152	19.62764699998661
requirements/execution-model-routing/tests/003.test.mjs	67858.51516499999	70399.276741	2540.7615760000044	83515.380043	86495.424467	2980.044424000007	439.28284800000256
requirements/execution-model-routing/tests/004.test.mjs	67895.647587	68007.735739	112.08815199999663	83552.63226	83678.557667	125.92540700000245	13.837255000005825
requirements/execution-model-routing/tests/005.test.mjs	68011.121128	68116.221013	105.09988500000327	83680.791518	83791.743413	110.9518950000056	5.852010000002338
requirements/execution-model-routing/tests/006.test.mjs	68117.207858	68224.794619	107.58676099999866	83793.786546	83932.319756	138.53320999999414	30.946448999995482
requirements/execution-model-routing/tests/007.test.mjs	68227.29313199999	68319.205863	91.91273100000399	83934.223719	84045.075103	110.85138399999414	18.938652999990154
requirements/execution-model-routing/tests/008.test.mjs	68321.134047	69347.364191	1026.230144000001	84047.134229	85305.066727	1257.9324979999947	231.70235399999365
requirements/execution-model-routing/tests/009.test.mjs	69351.118357	70751.325266	1400.2069090000005	85307.551416	86931.272952	1623.7215359999973	223.51462699999684
requirements/execution-model-routing/tests/010.test.mjs	70404.339157	71125.780564	721.4414070000057	86497.632743	87341.28762	843.6548770000081	122.21347000000242
requirements/execution-model-routing/tests/011.test.mjs	70754.334939	70794.574306	40.23936700000195	86933.851798	86985.14627699999	51.294478999989224	11.055111999987275
requirements/execution-model-routing/tests/012.test.mjs	70796.614699	70910.211451	113.59675199999765	86987.814227	87123.57261	135.7583830000076	22.161631000009947
requirements/execution-model-routing/tests/013.test.mjs	70913.19793	71010.767479	97.5695490000071	87125.97725899999	87263.35493	137.3776710000093	39.808122000002186
requirements/execution-model-routing/tests/014.test.mjs	71013.227996	73911.65760399999	2898.4296079999913	87265.790194	91289.73203	4023.941835999998	1125.5122280000069
requirements/execution-model-routing/tests/015.test.mjs	71127.927478	71246.01690799999	118.08942999999272	87345.161415	87489.130937	143.96952199999942	25.880092000006698
requirements/execution-model-routing/tests/016.test.mjs	71249.411882	71291.21846999999	41.80658799999219	87492.70660199999	87550.026797	57.320195000007516	15.513607000015327
requirements/execution-model-routing/tests/017.test.mjs	71293.724575	71401.889635	108.16505999999936	87554.442931	87694.32347799999	139.88054699999338	31.715486999994027
requirements/execution-model-routing/tests/018.test.mjs	71404.555931	71490.929724	86.37379300000612	87697.661585	87809.925399	112.26381400000537	25.89002099999925
requirements/execution-model-routing/tests/019.test.mjs	71494.33206	71606.209091	111.87703099999635	87812.855831	87929.840428	116.9845970000024	5.107566000006045
requirements/execution-model-routing/tests/020.test.mjs	71608.433933	71721.57865299999	113.1447199999966	87932.229648	88062.214234	129.98458600000595	16.83986600000935
requirements/feature-ablation/tests/001.test.mjs	71724.833837	72360.99197399999	636.1581369999913	88064.669689	88793.920142	729.2504530000006	93.0923160000093
requirements/feature-ablation/tests/002.test.mjs	72363.640684	72619.132507	255.49182300000393	88796.299202	89139.03967099999	342.74046899999666	87.24864599999273
requirements/feature-ablation/tests/003.test.mjs	72621.38806499999	73081.682371	460.2943060000107	89141.639954	89636.92477299999	495.28481899999315	34.99051299998246
requirements/feature-ablation/tests/004.test.mjs	73083.675704	73562.99842399999	479.3227199999965	89639.451806	90268.687956	629.236149999997	149.91343000000052
requirements/guidance-delivery/tests/001.test.mjs	73564.957876	73896.342894	331.38501800000085	90271.028773	90673.613476	402.58470300000045	71.19968499999959
requirements/guidance-delivery/tests/002.test.mjs	73898.392892	74274.910057	376.5171649999975	90675.986426	91098.46222	422.47579399999813	45.958629000000656
requirements/guidance-delivery/tests/003.test.mjs	73913.611898	74290.331737	376.7198389999976	91100.733938	91501.10478	400.37084199998935	23.65100299999176
requirements/guidance-delivery/tests/004.test.mjs	74277.60933199999	74670.210295	392.6009630000044	91291.888694	91826.152805	534.2641110000113	141.6631480000069
requirements/guidance-delivery/tests/005.test.mjs	74292.09982999999	74681.309765	389.2099350000062	91503.310528	92012.365193	509.0546650000033	119.84472999999707
requirements/guidance-delivery/tests/006.test.mjs	74673.20591799999	75068.459437	395.2535190000053	91828.48908	92283.40195099999	454.9128709999932	59.65935199998785
requirements/guidance-delivery/tests/007.test.mjs	74683.422789	75088.823924	405.4011349999928	92014.549158	92520.68416	506.13500200001	100.7338670000172
requirements/guidance-delivery/tests/008.test.mjs	75070.634003	75449.122156	378.4881529999984	92286.673652	92791.224426	504.550774000003	126.06262100000458
requirements/guidance-delivery/tests/009.test.mjs	75090.99171	75274.313135	183.3214250000019	92523.035087	92830.535575	307.50048800000513	124.17906300000323
requirements/guidance-delivery/tests/011.test.mjs	75276.550756	75591.64280999999	315.09205399999337	92793.643756	93152.148366	358.50460999998904	43.412555999995675
requirements/guidance-delivery/tests/012.test.mjs	75451.34120899999	75530.07207	78.73086100000364	92833.356371	92925.53903	92.18265899999824	13.451797999994596
requirements/host-boundary/tests/001.test.mjs	75533.598793	75643.980661	110.38186799999676	92927.151352	93052.147312	124.9959600000002	14.614092000003438
requirements/host-boundary/tests/002.test.mjs	75593.705557	75672.54624299999	78.84068599999591	93054.942349	93166.930989	111.98863999999594	33.14795400000003
requirements/host-boundary/tests/003.test.mjs	75646.60580599999	76694.363145	1047.7573390000034	93153.697934	94472.842016	1319.144081999999	271.3867429999955
requirements/host-boundary/tests/004.test.mjs	75674.838595	75761.71719	86.87859500000195	93168.944276	93273.766114	104.82183800000348	17.94324300000153
requirements/host-boundary/tests/005.test.mjs	75763.69477799999	75898.66011	134.96533200000704	93276.14406199999	93436.766517	160.62245500000427	25.657122999997227
requirements/host-boundary/tests/006.test.mjs	75900.94669499999	76095.83645599999	194.88976099999854	93439.138957	93700.482277	261.34331999999995	66.4535590000014
requirements/host-boundary/tests/007.test.mjs	76098.028538	76159.929445	61.90090700000292	93702.807134	93779.607315	76.8001809999987	14.899273999995785
requirements/host-boundary/tests/008.test.mjs	76161.984401	76330.552472	168.5680710000015	93781.905642	93992.508694	210.60305200000585	42.034981000004336
requirements/host-boundary/tests/009.test.mjs	76332.44780699999	76408.879944	76.4321370000107	93994.730547	94089.41998199999	94.68943499999295	18.257297999982256
requirements/host-boundary/tests/010.test.mjs	76410.785725	76465.881461	55.095736000002944	94091.73864	94157.31211299999	65.57347299999674	10.477736999993795
requirements/host-boundary/tests/011.test.mjs	76468.60502399999	76566.547133	97.94210900001053	94159.43893599999	94285.179319	125.7403830000112	27.798274000000674
requirements/host-boundary/tests/012.test.mjs	76568.536	76628.067338	59.53133800000069	94287.398322	94364.47187	77.0735480000003	17.542209999999614
requirements/host-boundary/tests/013.test.mjs	76630.410968	77755.305614	1124.8946460000006	94366.640887	95784.011036	1417.3701489999949	292.4755029999942
requirements/host-boundary/tests/014.test.mjs	76696.927408	77221.817392	524.889983999994	94476.087242	95132.238585	656.151343000005	131.261359000011
requirements/host-boundary/tests/015.test.mjs	77223.73587199999	77319.04253199999	95.30666000000201	95134.595435	95256.494708	121.89927300000272	26.59261300000071
requirements/host-boundary/tests/016.test.mjs	77320.99569299999	77419.292546	98.2968530000071	95258.71489799999	95386.505914	127.79101600000286	29.49416299999575
requirements/host-boundary/tests/017.test.mjs	77421.115752	77519.047345	97.93159300000116	95388.626213	95516.308536	127.6823230000009	29.75072999999975
requirements/host-boundary/tests/018.test.mjs	77521.569374	77568.533601	46.96422700000403	95518.647074	95569.301027	50.65395300000091	3.689725999996881
requirements/host-boundary/tests/019.test.mjs	77571.287699	78111.398215	540.1105160000006	95571.425302	96254.78837	683.3630679999915	143.25255199999083
requirements/host-boundary/tests/020.test.mjs	77762.830517	77924.023554	161.19303700000455	95792.069854	96004.302455	212.23260099999607	51.039563999991515
requirements/host-boundary/tests/021.test.mjs	77926.116747	78074.352047	148.23530000000028	96004.645983	96186.007243	181.36126000000513	33.12596000000485
requirements/host-boundary/tests/022.test.mjs	78076.377457	78604.842322	528.4648650000017	96188.243747	96859.586144	671.3423970000003	142.8775319999986
requirements/host-boundary/tests/023.test.mjs	78113.474242	81075.97140699999	2962.4971649999934	96257.312668	99795.884899	3538.5722309999983	576.0750660000049
requirements/host-boundary/tests/024.test.mjs	78606.840742	78684.894145	78.05340299999807	96861.96242899999	96951.361768	89.39933900001051	11.345936000012443
requirements/host-boundary/tests/025.test.mjs	78688.259194	78804.804001	116.5448069999984	96954.307833	97101.891045	147.58321199999773	31.03840499999933
requirements/host-boundary/tests/026.test.mjs	78806.81498	79032.66604299999	225.8510629999946	97103.99221499999	97376.237909	272.245694000012	46.3946310000174
requirements/host-boundary/tests/027.test.mjs	79035.380121	79153.408684	118.02856299999985	97378.71698	97533.899468	155.18248800000583	37.153925000005984
requirements/host-boundary/tests/028.test.mjs	79156.131005	79353.73600399999	197.6049989999883	97536.225217	97770.229355	234.00413800000388	36.399139000015566
requirements/host-boundary/tests/029.test.mjs	79355.929377	79971.556495	615.627118000004	97779.37994099999	98523.33168999999	743.9517489999998	128.32463099999586
requirements/host-boundary/tests/030.test.mjs	79974.54067	80130.610569	156.06989899999462	98526.446128	98726.796813	200.3506849999976	44.28078600000299
requirements/host-boundary/tests/031.test.mjs	80132.767067	80301.914475	169.14740800000436	98729.73799	98931.24483899999	201.5068489999976	32.35944099999324
requirements/host-boundary/tests/032.test.mjs	80305.685635	90161.946701	9856.261065999992	98933.93003999999	111104.434182	12170.504142000005	2314.2430760000134
requirements/host-boundary/tests/033.test.mjs	81077.948685	82767.707312	1689.758627000003	99798.269261	101859.283098	2061.013837000006	371.255210000003
requirements/host-provider-failure-ownership/tests/001.test.mjs	82769.833244	84103.03619299999	1333.2029489999986	101861.647495	103618.471647	1756.824152000001	423.6212030000024
requirements/host-provider-failure-ownership/tests/002.test.mjs	84108.55772	84152.96204	44.40432000000146	103622.41785099999	103678.842744	56.42489300000307	12.020573000001605
requirements/host-provider-failure-ownership/tests/003.test.mjs	84155.18025199999	84234.8039	79.62364800000796	103681.280828	103776.828865	95.54803700000048	15.924388999992516
requirements/host-provider-failure-ownership/tests/004.test.mjs	84240.230062	85376.618829	1136.3887669999967	103779.856433	105167.45442	1387.597987000001	251.20922000000428
requirements/host-provider-failure-ownership/tests/005.test.mjs	85379.96599299999	85490.757199	110.79120600000897	105171.35836	105294.766077	123.40771699999459	12.616510999985621
requirements/host-provider-failure-ownership/tests/006.test.mjs	85493.291898	85556.500094	63.208196000006865	105296.761057	105373.227258	76.46620100000291	13.258004999996047
requirements/host-provider-failure-ownership/tests/007.test.mjs	85558.479376	85593.263722	34.78434600000037	105375.487709	105417.728582	42.240873000002466	7.456527000002097
requirements/institutional-learning/tests/001.test.mjs	85595.614685	86722.809107	1127.1944220000005	105420.128252	106843.597522	1423.4692700000014	296.27484800000093
requirements/institutional-learning/tests/002.test.mjs	86724.777684	86793.936456	69.15877199999522	106846.030102	106934.676716	88.6466139999975	19.487842000002274
requirements/institutional-learning/tests/003.test.mjs	86796.188259	87953.315095	1157.1268359999958	106936.749319	108455.646295	1518.8969760000036	361.7701400000078
requirements/institutional-learning/tests/004.test.mjs	87956.235627	89089.21790999999	1132.9822829999903	108457.99485799999	109929.88171	1471.8868520000105	338.9045690000203
requirements/institutional-learning/tests/005.test.mjs	89090.695076	89154.73918199999	64.04410599998664	109933.933508	110015.337115	81.40360700000019	17.35950100001355
requirements/institutional-learning/tests/006.test.mjs	89157.29388099999	90476.823516	1319.5296350000135	110017.339672	111730.377614	1713.0379419999954	393.50830699998187
requirements/institutional-learning/tests/007.test.mjs	90165.21872199999	91351.775645	1186.556923000011	111107.03935199999	112592.829381	1485.7900290000107	299.2331059999997
requirements/institutional-learning/tests/008.test.mjs	90480.29695999999	91860.76543	1380.468470000007	111731.214737	113534.949262	1803.7345249999926	423.2660549999855
requirements/interaction-authority/tests/001.test.mjs	91354.172777	91733.577426	379.4046490000037	112596.316202	113049.79903	453.4828279999929	74.07817899998918
requirements/interaction-authority/tests/002.test.mjs	91736.71226	92103.242168	366.5299079999968	113052.508183	113496.323961	443.8157780000038	77.28587000000698
requirements/interaction-authority/tests/003.test.mjs	91866.167701	92333.057518	466.88981700000295	113498.662219	114033.519525	534.8573059999908	67.96748899998784
requirements/interaction-authority/tests/004.test.mjs	92103.912148	92320.691113	216.77896499999042	113538.311334	113790.383431	252.07209699999657	35.29313200000615
requirements/interaction-authority/tests/005.test.mjs	92322.697116	92699.72566499999	377.0285489999951	113792.94806	114278.945815	485.99775500000396	108.96920600000885
requirements/interaction-authority/tests/006.test.mjs	92335.062399	92520.498886	185.43648699999903	114035.772424	114325.746505	289.9740810000076	104.53759400000854
requirements/interaction-authority/tests/007.test.mjs	92523.70845199999	92617.620054	93.9116020000074	114281.246096	114370.529146	89.28304999999818	-4.628552000009222
requirements/interaction-authority/tests/008.test.mjs	92619.60455399999	92731.482317	111.87776300001133	114328.07066699999	114454.460652	126.38998500000162	14.512221999990288
requirements/interaction-authority/tests/009.test.mjs	92701.805539	92779.202014	77.39647500000137	114373.749625	114469.318974	95.5693489999976	18.172873999996227
requirements/interaction-authority/tests/010.test.mjs	92733.518736	92798.82334	65.30460400000447	114457.073173	114538.736112	81.66293900000164	16.35833499999717
requirements/interaction-authority/tests/011.test.mjs	92781.321859	94624.319658	1842.9977989999898	114471.384511	116926.288465	2454.9039540000085	611.9061550000188
requirements/interaction-authority/tests/012.test.mjs	92800.922685	92863.31245499999	62.389769999994314	114541.321733	114622.681794	81.3600609999994	18.97029100000509
requirements/interaction-authority/tests/013.test.mjs	92865.694596	93039.984468	174.28987199999392	114625.218807	114865.22869	240.00988300000608	65.72001100001216
requirements/interaction-authority/tests/014.test.mjs	93042.486019	93104.69763699999	62.21161799998663	114867.994873	114952.777313	84.7824399999954	22.570822000008775
requirements/interaction-authority/tests/015.test.mjs	93106.716992	93403.133516	296.4165240000002	114954.953867	115339.432411	384.4785439999978	88.06201999999757
requirements/interaction-authority/tests/016.test.mjs	93405.39332399999	93490.044815	84.65149100001145	115341.893749	115457.335616	115.44186700000137	30.79037599998992
requirements/interaction-authority/tests/017.test.mjs	93492.537613	93935.93973099999	443.40211799999815	115461.23569	115999.281518	538.0458280000021	94.64371000000392
requirements/interaction-authority/tests/018.test.mjs	93938.69131	94013.009821	74.31851100000495	116002.694076	116098.20966	95.5155839999934	21.19707299998845
requirements/interaction-authority/tests/019.test.mjs	94015.51591999999	94333.563818	318.04789800000435	116100.92741	116485.818741	384.8913309999916	66.84343299998727
requirements/interaction-authority/tests/020.test.mjs	94335.911549	94378.793503	42.88195399999677	116488.458814	116531.678762	43.21994799999811	0.33799400000134483
requirements/interaction-authority/tests/021.test.mjs	94380.83432	94671.03319999999	290.1988799999963	116534.500219	116895.97921599999	361.47899699999834	71.28011700000206
requirements/interaction-authority/tests/022.test.mjs	94624.896207	94700.712677	75.81647000000521	116898.584557	116989.367495	90.78293800000392	14.966467999998713
requirements/interaction-authority/tests/023.test.mjs	94673.305425	94744.535771	71.23034599999664	116928.551329	117016.40719	87.85586100000364	16.625515000007
requirements/intra-participant-parallelism/tests/001.test.mjs	94705.203949	94736.464862	31.26091299999098	116991.517799	117036.649942	45.13214300000982	13.87123000001884
requirements/intra-participant-parallelism/tests/002.test.mjs	94738.792732	94805.520559	66.72782699999516	117018.87237	117098.467984	79.5956140000053	12.86778700001014
requirements/intra-participant-parallelism/tests/003.test.mjs	94746.43637699999	94817.532479	71.09610200001043	117038.713936	117128.555893	89.84195699999691	18.745854999986477
requirements/intra-participant-parallelism/tests/004.test.mjs	94807.49715899999	94889.984848	82.48768900000141	117100.65003599999	117198.989414	98.33937800000422	15.851689000002807
requirements/intra-participant-parallelism/tests/005.test.mjs	94819.683223	94902.550153	82.86693000000378	117131.009886	117241.064274	110.05438800000411	27.187458000000333
requirements/intra-participant-parallelism/tests/006.test.mjs	94893.22125799999	94959.100766	65.87950800001272	117201.171737	117285.442254	84.2705169999972	18.39100899998448
requirements/intra-participant-parallelism/tests/007.test.mjs	94904.781017	94969.273063	64.49204599999939	117243.467495	117324.115001	80.64750599999388	16.15545999999449
requirements/intra-participant-parallelism/tests/008.test.mjs	94961.458841	95025.224092	63.765251000004355	117288.731747	117375.615823	86.8840760000021	23.11882499999774
requirements/intra-participant-parallelism/tests/009.test.mjs	94971.097434	95198.845234	227.74779999999737	117326.38072	117601.94170899999	275.5609889999905	47.813188999993145
requirements/intra-participant-parallelism/tests/010.test.mjs	95027.744482	95074.527237	46.782755000007455	117378.472102	117418.607185	40.13508300000103	-6.647672000006423
requirements/intra-participant-parallelism/tests/011.test.mjs	95076.522726	95168.93660999999	92.41388399999414	117420.571078	117524.419599	103.84852100000717	11.434637000013026
requirements/intra-participant-parallelism/tests/012.test.mjs	95172.573704	95505.52979	332.9560860000056	117526.845459	117921.590576	394.7451169999986	61.789030999992974
requirements/intra-participant-parallelism/tests/013.test.mjs	95200.770097	96826.309742	1625.539644999997	117604.868655	119502.82648799999	1897.9578329999931	272.418187999996
requirements/intra-participant-parallelism/tests/014.test.mjs	95507.951621	95599.743338	91.79171700000006	117923.892699	118016.895796	93.00309699999343	1.211379999993369
requirements/intra-participant-parallelism/tests/015.test.mjs	95602.000562	95666.429242	64.42867999999726	118020.664983	118109.506562	88.84157899999991	24.412899000002653
requirements/intra-participant-parallelism/tests/017.test.mjs	95668.949012	97031.275153	1362.3261409999977	118111.880003	119789.183085	1677.3030819999985	314.9769410000008
requirements/js-semantic-surface/tests/001.test.mjs	96827.592867	96961.687865	134.0949980000005	119505.140098	119659.513658	154.37355999999272	20.278561999992235
requirements/js-semantic-surface/tests/002.test.mjs	96965.529597	98470.20464299999	1504.6750459999894	119661.828655	121501.747257	1839.9186019999906	335.24355600000126
requirements/js-semantic-surface/tests/003.test.mjs	97033.672007	98544.48260399999	1510.8105969999888	119790.632312	121575.595355	1784.963042999996	274.15244600000733
requirements/js-semantic-surface/tests/004.test.mjs	98472.489137	98529.398771	56.909633999996004	121503.860886	121572.135895	68.2750090000045	11.365375000008498
requirements/js-semantic-surface/tests/005.test.mjs	98531.38117	98569.919796	38.53862600000866	121574.6349	121622.596868	47.9619679999887	9.423341999980039
requirements/js-semantic-surface/tests/006.test.mjs	98547.198448	101467.771309	2920.572861000008	121577.632879	125176.811575	3599.1786960000027	678.6058349999948
requirements/knowledge-reuse/tests/001.test.mjs	98572.283339	98856.613534	284.3301950000023	121624.907869	121952.435788	327.5279190000001	43.197723999997834
requirements/knowledge-reuse/tests/002.test.mjs	98861.256968	99139.805377	278.54840899999544	121952.535058	122309.050797	356.5157390000095	77.96733000001404
requirements/knowledge-reuse/tests/003.test.mjs	99142.83753399999	99225.261227	82.42369300000428	122311.507143	122439.106116	127.59897300000011	45.17527999999584
requirements/knowledge-reuse/tests/004.test.mjs	99227.56462599999	99506.723544	279.158918000001	122441.860722	122831.541744	389.6810220000043	110.52210400000331
requirements/knowledge-reuse/tests/005.test.mjs	99509.806919	100215.833082	706.0261630000023	122836.633211	123588.432645	751.7994340000005	45.7732709999982
requirements/knowledge-reuse/tests/006.test.mjs	100218.000737	100550.425028	332.424291000003	123591.016133	124003.730857	412.71472400000494	80.29043300000194
requirements/knowledge-reuse/tests/007.test.mjs	100552.739544	100755.991626	203.25208200000634	124005.934702	124268.581017	262.6463150000054	59.394232999999076
requirements/knowledge-reuse/tests/008.test.mjs	100758.000481	100971.93849	213.93800900000497	124271.215602	124555.74746099999	284.53185899999517	70.5938499999902
requirements/knowledge-reuse/tests/009.test.mjs	100974.17209	101178.62635199999	204.4542619999993	124557.811025	124823.54665	265.73562500000116	61.281363000001875
requirements/knowledge-reuse/tests/010.test.mjs	101180.682515	102039.824197	859.1416820000013	124825.971759	125868.97334899999	1043.0015899999999	183.85990799999854
requirements/knowledge-reuse/tests/011.test.mjs	101469.661783	101763.244004	293.58222099998966	125179.42440799999	125537.088045	357.6636370000051	64.08141600001545
requirements/knowledge-reuse/tests/012.test.mjs	101765.497623	101988.470687	222.9730639999907	125539.929682	125826.643298	286.71361599999364	63.740552000002936
requirements/knowledge-reuse/tests/013.test.mjs	101990.501894	102024.01501999999	33.513125999990734	125829.37190499999	125871.869979	42.498074000002816	8.984948000012082
requirements/knowledge-reuse/tests/014.test.mjs	102025.778364	102110.551181	84.77281700000458	125871.041749	125980.045564	109.00381500000367	24.23099799999909
requirements/knowledge-reuse/tests/015.test.mjs	102042.026941	102373.039653	331.0127119999961	125873.677576	126254.006425	380.3288489999977	49.31613700000162
requirements/knowledge-reuse/tests/016.test.mjs	102113.602006	102491.642201	378.0401949999941	125982.023128	126406.670938	424.64780999999493	46.607615000000806
requirements/managed-chat-execution/tests/001.test.mjs	102375.199322	102576.005013	200.8056910000014	126256.303025	126518.373796	262.0707709999988	61.2650799999974
requirements/managed-chat-execution/tests/002.test.mjs	102493.84634599999	102724.821681	230.9753350000101	126408.992616	126693.456373	284.46375699999044	53.488421999980346
requirements/managed-chat-execution/tests/003.test.mjs	102578.519284	104263.713087	1685.193803000002	126521.12034	128582.300453	2061.1801130000094	375.9863100000075
requirements/managed-chat-execution/tests/004.test.mjs	102727.075831	103005.75586399999	278.6800329999969	126696.07220899999	127025.906969	329.83476000001247	51.154727000015555
requirements/managed-chat-execution/tests/005.test.mjs	103007.80059	104830.324782	1822.5241919999971	127028.104595	129289.004172	2260.899577000004	438.37538500000664
requirements/managed-chat-execution/tests/006.test.mjs	104265.720106	105503.589329	1237.8692230000015	128584.57494399999	130092.942078	1508.367134	270.49791099999857
requirements/managed-chat-execution/tests/007.test.mjs	104832.952079	105063.65192799999	230.6998489999969	129291.42284099999	129596.473192	305.0503510000126	74.3505020000157
requirements/managed-chat-execution/tests/008.test.mjs	105066.202099	105108.344329	42.14222999999765	129599.719746	129648.335936	48.61619000000064	6.4739600000029895
requirements/managed-chat-execution/tests/009.test.mjs	105110.384152	105240.343304	129.9591519999958	129650.160709	129798.504073	148.3433640000003	18.38421200000448
requirements/managed-chat-execution/tests/010.test.mjs	105249.228796	106911.259781	1662.0309850000049	129801.805614	131865.73200100003	2063.9263870000286	401.89540200002375
requirements/managed-chat-execution/tests/011.test.mjs	105506.22760299999	105917.582768	411.35516500000085	130095.414769	130594.52844499999	499.1136759999936	87.75851099999272
requirements/managed-chat-execution/tests/012.test.mjs	105919.66252	106337.690144	418.02762399999483	130596.977955	131113.81994400002	516.8419890000223	98.81436500002746
requirements/managed-chat-execution/tests/013.test.mjs	106340.481198	106757.042212	416.56101400000625	131116.056749	131629.44742	513.390671000001	96.82965699999477
requirements/managed-chat-execution/tests/014.test.mjs	106759.75687099999	106996.842878	237.08600700000534	131635.049723	131909.294081	274.2443579999963	37.158350999990944
requirements/managed-session-lifecycle/tests/001.test.mjs	106914.10498599999	107004.288913	90.1839270000055	131868.24752600002	131957.062852	88.81532599998172	-1.368601000023773
requirements/managed-session-lifecycle/tests/002.test.mjs	106999.16608699999	107062.381656	63.215569000007235	131911.80583000003	131988.964684	77.15885399997933	13.943284999972093
requirements/managed-session-lifecycle/tests/003.test.mjs	107006.022424	107070.45143999999	64.42901599999459	131959.631568	132036.29014700002	76.65857900000992	12.229563000015332
requirements/managed-session-lifecycle/tests/004.test.mjs	107064.765266	107672.81327099999	608.0480049999896	131991.061768	132727.236256	736.1744879999897	128.126483
requirements/managed-session-lifecycle/tests/005.test.mjs	107072.263339	107148.457335	76.19399600000179	132038.779042	132136.73297100002	97.95392900001025	21.75993300000846
requirements/managed-session-lifecycle/tests/006.test.mjs	107150.429345	107767.871369	617.4420240000036	132139.129867	132915.239746	776.109878999996	158.66785499999241
requirements/managed-session-lifecycle/tests/007.test.mjs	107675.458545	108513.220894	837.7623489999969	132729.58602100002	133784.88284200002	1055.2968209999963	217.53447199999937
requirements/managed-session-lifecycle/tests/008.test.mjs	107770.37531	108744.96513499999	974.5898249999882	132917.645866	134127.672071	1210.026205000002	235.43638000001374
requirements/managed-session-lifecycle/tests/009.test.mjs	108515.056809	109144.130534	629.0737249999947	133787.84642800002	134574.68340200002	786.8369740000053	157.76324900001055
requirements/managed-session-lifecycle/tests/010.test.mjs	108746.82941199999	108816.139291	69.30987900000764	134129.753606	134223.330097	93.57649099998525	24.266611999977613
requirements/managed-session-lifecycle/tests/011.test.mjs	108819.00022999999	108896.631431	77.63120100001106	134224.68901700003	134340.97158900002	116.28257199999643	38.651370999985375
requirements/managed-session-lifecycle/tests/012.test.mjs	108898.79444	109141.63298	242.838539999997	134343.590891	134638.91216200002	295.32127100002253	52.482731000025524
requirements/managed-session-lifecycle/tests/013.test.mjs	109143.539773	109746.437812	602.898039000007	134577.111906	135360.44486400002	783.3329580000136	180.43491900000663
requirements/managed-session-lifecycle/tests/014.test.mjs	109145.824857	109667.486471	521.6616139999969	134641.595711	135295.119975	653.524264000007	131.86265000001004
requirements/managed-session-lifecycle/tests/015.test.mjs	109669.59254499999	110436.916183	767.3236380000017	135297.19468500002	136253.03551500003	955.840830000001	188.51719199999934
requirements/managed-session-lifecycle/tests/016.test.mjs	109749.15841199999	109843.02200299999	93.86359100000118	135363.10729	135496.399058	133.2917679999955	39.42817699999432
requirements/managed-session-lifecycle/tests/017.test.mjs	109844.01552	109979.42879199999	135.41327199999068	135498.46524000002	135626.278257	127.81301699997857	-7.600255000012112
requirements/managed-session-lifecycle/tests/018.test.mjs	109984.616149	111748.00605499999	1763.3899059999967	135629.694431	137710.449361	2080.7549299999955	317.3650239999988
requirements/managed-session-lifecycle/tests/019.test.mjs	110446.27083899999	112137.280207	1691.0093680000136	136255.62474600002	138321.848112	2066.223365999991	375.21399799997744
requirements/managed-session-lifecycle/tests/020.test.mjs	111751.998592	113333.130926	1581.1323339999944	137712.78176900002	139707.62148200002	1994.839712999994	413.7073789999995
requirements/managed-session-lifecycle/tests/021.test.mjs	112140.206336	112185.246155	45.039818999997806	138324.08822200002	138366.525916	42.437693999992916	-2.6021250000048894
requirements/managed-session-lifecycle/tests/022.test.mjs	112187.29179799999	112439.263851	251.97205300000496	138368.837769	138686.33793	317.5001610000036	65.52810799999861
requirements/managed-session-lifecycle/tests/023.test.mjs	112441.08851999999	112498.904052	57.815532000007806	138687.50624800002	138757.624734	70.11848599999212	12.302953999984311
requirements/managed-session-lifecycle/tests/024.test.mjs	112501.069465	112569.55718799999	68.48772299999837	138763.739088	138872.757996	109.01890799999819	40.53118499999982
requirements/managed-session-lifecycle/tests/025.test.mjs	112571.798205	113232.822222	661.0240170000034	138875.357683	139701.42949	826.0718070000003	165.0477899999969
requirements/obligation-ledger/tests/001.test.mjs	113234.450296	113505.501809	271.0515129999985	139703.927419	139999.502207	295.5747879999981	24.523274999999558
requirements/obligation-ledger/tests/002.test.mjs	113335.509209	113589.220223	253.71101400000043	139709.471728	140017.51490200002	308.0431740000204	54.33216000001994
requirements/obligation-ledger/tests/003.test.mjs	113507.56455699999	113551.248585	43.68402800000331	140001.61613100002	140042.293214	40.67708299998776	-3.0069450000155484
requirements/obligation-ledger/tests/004.test.mjs	113553.672026	113821.677029	268.0050029999984	140019.75734500002	140350.587402	330.83005699998466	62.82505399998627
requirements/obligation-ledger/tests/005.test.mjs	113591.44172	113850.919985	259.4782649999979	140044.389142	140364.046229	319.6570869999996	60.178822000001674
requirements/obligation-ledger/tests/006.test.mjs	113824.056514	113857.514612	33.45809800000279	140353.002576	140393.4217	40.41912400000729	6.961026000004495
requirements/obligation-ledger/tests/007.test.mjs	113853.20597	113889.61877	36.41280000000552	140366.32604800002	140408.74581000002	42.419762000004994	6.006961999999476
requirements/office-capability/tests/001.test.mjs	113859.460744	113892.35419099999	32.89344699999492	140395.70858500001	140437.63165700002	41.92307200000505	9.029625000010128
requirements/office-capability/tests/003.test.mjs	113891.684663	113945.714679	54.03001600000425	140410.90993000002	140483.55829900003	72.64836900000228	18.618352999998024
requirements/office-capability/tests/004.test.mjs	113893.96692199999	113926.379543	32.412621000010404	140439.81812500002	140480.51898300002	40.700857999996515	8.288236999986111
requirements/office-capability/tests/005.test.mjs	113928.412057	113962.623869	34.21181200000865	140482.76872800002	140524.30441500002	41.53568699999596	7.323874999987311
requirements/office-capability/tests/006.test.mjs	113947.64014999999	113984.745484	37.10533400000713	140485.523484	140530.04283800002	44.51935400001821	7.414020000011078
requirements/office-capability/tests/007.test.mjs	113964.643543	114051.320515	86.67697200000111	140526.334023	140639.684046	113.35002300000633	26.673051000005216
requirements/office-capability/tests/011.test.mjs	113986.50787	114019.196027	32.68815699999686	140531.958859	140573.39706000002	41.43820100001176	8.750044000014896
requirements/office-capability/tests/012.test.mjs	114021.231174	114077.926918	56.69574399999692	140575.874217	140651.75286	75.87864300000365	19.182899000006728
requirements/office-capability/tests/015.test.mjs	114052.80303899999	114109.613857	56.81081800001266	140641.987857	140710.094538	68.10668100000476	11.295862999992096
requirements/office-capability/tests/016.test.mjs	114079.923257	114135.72796799999	55.804710999989766	140653.95564300002	140718.91158100002	64.95593799999915	9.151227000009385
requirements/office-capability/tests/017.test.mjs	114111.55499199999	114165.647163	54.09217100001115	140712.652643	140781.791337	69.13869399999385	15.046522999982699
requirements/office-capability/tests/018.test.mjs	114138.129817	114195.454749	57.32493200000317	140720.975345	140789.93635600002	68.96101100000669	11.63607900000352
requirements/participant-horizon/tests/001.test.mjs	114167.957454	114203.160611	35.20315699999628	140784.030325	140826.820876	42.79055100001278	7.587394000016502
requirements/participant-horizon/tests/002.test.mjs	114198.239625	114249.071103	50.831477999992785	140793.40404800003	140854.430793	61.02674499998102	10.195266999988235
requirements/participant-horizon/tests/003.test.mjs	114205.762832	114397.81182799999	192.04899599999771	140829.91691700002	141085.381327	255.46440999998595	63.41541399998823
requirements/participant-horizon/tests/004.test.mjs	114251.24703099999	114294.554351	43.30732000000717	140858.358008	140903.33642	44.97841199999675	1.671091999989585
requirements/participant-horizon/tests/005.test.mjs	114296.878073	114476.097746	179.2196729999996	140905.605803	141158.30115100002	252.69534800000838	73.47567500000878
requirements/participant-horizon/tests/006.test.mjs	114399.985373	114435.96186499999	35.97649199998705	141087.67772200002	141132.991199	45.31347699998878	9.336985000001732
requirements/participant-horizon/tests/007.test.mjs	114437.967538	114473.722947	35.755409000004875	141135.505493	141178.269613	42.7641200000071	7.008711000002222
requirements/participant-horizon/tests/008.test.mjs	114475.51646	114507.73455899999	32.218098999990616	141160.70421700002	141202.17490100002	41.47068399999989	9.252585000009276
requirements/participant-horizon/tests/009.test.mjs	114477.72188299999	114959.304813	481.5829300000041	141180.562157	141780.01446900002	599.4523120000085	117.8693820000044
requirements/participant-horizon/tests/010.test.mjs	114509.789685	115014.300315	504.5106300000043	141204.299617	141777.126346	572.8267289999931	68.31609899998875
requirements/participant-horizon/tests/011.test.mjs	114961.61571499999	115455.810971	494.19525600000634	141779.20728600002	142378.684054	599.4767679999932	105.28151199998683
requirements/participant-horizon/tests/012.test.mjs	115016.445687	115098.65529899999	82.20961199999147	141781.71467900003	141874.812842	93.09816299998784	10.888550999996369
requirements/participant-horizon/tests/013.test.mjs	115100.943026	115249.327444	148.38441800000146	141877.52316100002	142049.41131000002	171.8881490000058	23.503731000004336
requirements/participant-horizon/tests/014.test.mjs	115253.281682	115293.50847	40.22678799999994	142051.87246800002	142099.546577	47.67410899998504	7.447320999985095
requirements/participant-horizon/tests/015.test.mjs	115295.892823	115372.610577	76.71775399999751	142102.132759	142181.80327300003	79.67051400002674	2.9527600000292296
requirements/participant-identity/tests/001.test.mjs	115375.099278	115486.90097	111.80169200000819	142184.477067	142327.096365	142.61929800000507	30.817605999996886
requirements/participant-identity/tests/002.test.mjs	115458.518341	115889.11691299999	430.59857199998805	142329.43334100003	142847.98261	518.549268999981	87.95069699999294
requirements/participant-identity/tests/003.test.mjs	115488.907995	115548.24090199999	59.33290699998906	142381.24095200002	142454.799765	73.55881299998146	14.225905999992392
requirements/participant-identity/tests/004.test.mjs	115550.41176399999	115836.911836	286.5000720000098	142457.26760800002	142802.504744	345.23713599998155	58.737063999971724
requirements/participant-identity/tests/005.test.mjs	115838.886552	115918.515724	79.62917200000084	142804.76149900001	142911.805618	107.04411899999832	27.414946999997483
requirements/participant-identity/tests/007.test.mjs	115891.48043499999	115948.304462	56.824027000009664	142850.622527	142926.70953000002	76.08700300002238	19.262976000012713
requirements/participant-identity/tests/008.test.mjs	115920.737241	117034.326516	1113.5892750000057	142914.081692	144318.19044900002	1404.108757000009	290.51948200000334
requirements/participant-identity/tests/009.test.mjs	115950.768726	117519.539848	1568.7711220000056	142928.75471500002	144857.618618	1928.8639029999904	360.0927809999848
requirements/participant-identity/tests/010.test.mjs	117037.005983	117113.70698999999	76.70100699999603	144321.407352	144419.86344900003	98.4560970000166	21.755090000020573
requirements/prefix-stability/tests/001.test.mjs	117117.005601	118364.16915999999	1247.1635589999933	144421.871699	145983.35317900003	1561.4814800000167	314.3179210000235
requirements/prefix-stability/tests/002.test.mjs	117521.82079499999	117621.37183999999	99.55104500000016	144859.898828	144991.872505	131.97367700000177	32.42263200000161
requirements/prefix-stability/tests/003.test.mjs	117623.609322	122071.711429	4448.102106999999	144994.19191000002	150637.496037	5643.304126999981	1195.2020199999824
requirements/prefix-stability/tests/004.test.mjs	118365.260194	118430.15978999999	64.89959599998838	145985.741343	146083.86801200002	98.12666900001932	33.22707300003094
requirements/prefix-stability/tests/005.test.mjs	118432.65299599999	118512.349697	79.69670100000803	146085.89183600002	146177.144054	91.25221799997962	11.555516999971587
requirements/prefix-stability/tests/006.test.mjs	118514.836023	118684.656926	169.82090299999982	146179.815024	146457.534026	277.719001999998	107.89809899999818
requirements/prefix-stability/tests/007.test.mjs	118686.928569	119053.762005	366.8334360000008	146459.725883	146970.16948100002	510.44359800001257	143.61016200001177
requirements/prefix-stability/tests/008.test.mjs	119056.577047	119154.928105	98.3510580000002	146976.320291	147088.955676	112.6353850000014	14.284327000001213
requirements/prefix-stability/tests/009.test.mjs	119158.581199	119358.23564299999	199.65444399999978	147091.154168	147359.203676	268.0495079999964	68.39506399999664
requirements/prefix-stability/tests/010.test.mjs	119360.774638	119848.288287	487.51364900000044	147361.571178	147957.86901000002	596.2978320000111	108.78418300001067
requirements/prefix-stability/tests/011.test.mjs	119850.105455	119882.554596	32.4491410000046	147959.962819	148001.94781500002	41.98499600001378	9.535855000009178
requirements/prefix-stability/tests/012.test.mjs	119884.459816	125164.63776	5280.1779439999955	148004.17953700002	154816.995617	6812.81607999999	1532.6381359999941
requirements/prefix-stability/tests/013.test.mjs	122074.490336	122164.426425	89.93608899999526	150639.908131	150744.035936	104.12780499999644	14.191716000001179
requirements/prefix-stability/tests/014.test.mjs	122166.69386099999	122481.48193899999	314.78807799999777	150746.20274500002	151142.64843600002	396.4456910000008	81.65761300000304
requirements/prefix-stability/tests/015.test.mjs	122483.334971	122695.529509	212.1945379999961	151144.85769900001	151458.20608300003	313.3483840000117	101.15384600001562
requirements/process-execution/tests/001.test.mjs	122697.768493	122821.55079899999	123.7823059999937	151460.784558	151627.34678800002	166.56223000001046	42.77992400001676
requirements/process-execution/tests/002.test.mjs	122824.532832	124911.45297	2086.9201380000013	151629.782523	153740.285137	2110.5026139999973	23.58247599999595
requirements/process-execution/tests/003.test.mjs	124911.53252	125041.19133	129.6588100000081	153742.459127	153897.51339500002	155.05426800000714	25.395457999999053
requirements/process-execution/tests/004.test.mjs	125043.32760199999	126278.958514	1235.6309120000078	153899.77152100002	155153.57935	1253.8078289999976	18.17691699998977
requirements/process-execution/tests/005.test.mjs	125166.493259	125394.847814	228.35455499999807	154819.055404	155108.61590900001	289.5605050000013	61.20595000000321
requirements/process-execution/tests/006.test.mjs	125396.754879	127518.396578	2121.641699	155110.579843	157270.891165	2160.311321999994	38.66962299999432
requirements/process-execution/tests/007.test.mjs	126280.897118	126429.981584	149.08446600000025	155155.775078	155354.782592	199.00751399999717	49.923047999996925
requirements/process-execution/tests/008.test.mjs	126431.88845	126491.859864	59.97141399999964	155356.946612	155437.394062	80.44745000000694	20.476036000007298
requirements/process-execution/tests/009.test.mjs	126494.050968	126581.75891199999	87.70794399999431	155439.518547	155551.54095300002	112.02240600000368	24.31446200000937
requirements/process-execution/tests/010.test.mjs	126583.67889699999	126829.87202499999	246.19312799999898	155553.52589800002	155869.202328	315.67642999999225	69.48330199999327
requirements/process-execution/tests/011.test.mjs	126832.15646	127107.604658	275.44819799999823	155871.47932900002	156202.11679600002	330.6374669999932	55.189268999994965
requirements/process-execution/tests/012.test.mjs	127109.692797	127185.271708	75.57891100000415	156204.178476	156295.679501	91.50102500000503	15.922114000000875
requirements/process-execution/tests/013.test.mjs	127187.232815	127465.450699	278.21788399999787	156297.876225	156653.22441300002	355.3481880000036	77.13030400000571
requirements/process-execution/tests/014.test.mjs	127467.94267799999	127779.216264	311.27358600001025	156655.232487	156988.35888500002	333.12639800002216	21.85281200001191
requirements/process-execution/tests/015.test.mjs	127521.194538	128030.685709	509.4911710000015	156990.820729	157546.197363	555.3766340000147	45.88546300001326
requirements/process-execution/tests/016.test.mjs	127781.586289	127879.197277	97.61098800000036	157273.237074	157393.49036300002	120.25328900001477	22.642301000014413
requirements/provider-attempt-recovery/tests/001.test.mjs	127881.204344	128127.892918	246.6885739999998	157395.86071900002	157718.68735800002	322.82663900000625	76.13806500000646
requirements/provider-attempt-recovery/tests/002.test.mjs	128031.899159	128275.474769	243.57560999999987	157547.07010900002	157860.427082	313.3569729999872	69.78136299998732
requirements/provider-attempt-recovery/tests/003.test.mjs	128130.28091999999	128573.039391	442.7584710000083	157723.726851	158196.90789600002	473.1810450000048	30.42257399999653
requirements/provider-attempt-recovery/tests/004.test.mjs	128280.593608	128677.02953	396.4359220000042	157862.053837	158334.37160500002	472.3177680000081	75.88184600000386
requirements/provider-attempt-recovery/tests/005.test.mjs	128576.795195	129040.48030499999	463.68510999999125	158199.294747	158789.702846	590.408098999993	126.72298900000169
requirements/provider-attempt-recovery/tests/006.test.mjs	128679.527176	128755.259219	75.73204299999634	158336.59651600002	158426.19794800002	89.60143199999584	13.8693889999995
requirements/provider-attempt-recovery/tests/007.test.mjs	128757.239366	129029.323779	272.08441300000413	158428.91385500002	158786.86965200002	357.95579700000235	85.87138399999822
requirements/provider-attempt-recovery/tests/008.test.mjs	129031.358088	129140.27625899999	108.91817099999753	158788.852263	158941.519853	152.6675899999973	43.74941899999976
requirements/provider-attempt-recovery/tests/009.test.mjs	129042.080088	129270.025446	227.9453579999972	158791.517934	159078.700008	287.1820740000112	59.236716000013985
requirements/provider-attempt-recovery/tests/010.test.mjs	129140.842012	129229.768083	88.92607100000896	158943.755891	159052.279279	108.52338800000143	19.597316999992472
requirements/provider-attempt-recovery/tests/011.test.mjs	129231.749772	129506.672226	274.92245399999956	159054.68924500002	159394.210706	339.52146099999663	64.59900699999707
requirements/provider-attempt-recovery/tests/012.test.mjs	129273.19777	129423.018366	149.82059600000503	159081.002597	159250.491275	169.48867799999425	19.668081999989226
requirements/provider-attempt-recovery/tests/013.test.mjs	129425.40127	129489.591456	64.19018599999254	159252.96034000002	159338.415165	85.45482499999343	21.264639000000898
requirements/provider-attempt-recovery/tests/014.test.mjs	129492.011957	129832.437097	340.42514000000665	159340.846538	159726.08735400002	385.240816000005	44.81567599999835
requirements/provider-attempt-recovery/tests/015.test.mjs	129509.047438	129775.423033	266.375595000005	159396.57320500002	159718.065596	321.49239099997794	55.116795999972965
requirements/provider-attempt-recovery/tests/016.test.mjs	129778.098478	129871.958359	93.85988099999668	159720.66653000002	159828.688251	108.02172099999734	14.161840000000666
requirements/provider-attempt-recovery/tests/017.test.mjs	129834.651516	129920.67405799999	86.02254199999152	159728.541816	159837.24180000002	108.69998400000622	22.677442000014707
requirements/provider-attempt-recovery/tests/018.test.mjs	129874.070515	129915.319753	41.24923800000397	159831.490258	159873.840675	42.35041700000875	1.1011790000047768
requirements/provider-attempt-recovery/tests/019.test.mjs	129917.52114299999	130218.92198	301.4008370000083	159839.61278700002	160214.730756	375.11796899998444	73.71713199997612
requirements/provider-attempt-recovery/tests/020.test.mjs	129923.219847	130191.021213	267.8013659999997	159875.88583	160196.028591	320.1427609999955	52.34139499999583
requirements/provider-attempt-recovery/tests/021.test.mjs	130193.332188	130612.707023	419.3748349999951	160198.827343	160745.184329	546.3569859999989	126.9821510000038
requirements/provider-attempt-recovery/tests/022.test.mjs	130221.24286	130282.00773	60.764869999999064	160216.96772000002	160285.30038	68.33265999998548	7.567789999986417
requirements/provider-attempt-recovery/tests/023.test.mjs	130284.407439	130708.25641199999	423.84897299998556	160287.63355	160794.75118800002	507.1176380000252	83.26866500003962
requirements/provider-language/tests/001.test.mjs	130618.058203	130705.28847599999	87.23027299999376	160748.56100400002	160849.981646	101.42064199998276	14.190368999989005
requirements/provider-language/tests/002.test.mjs	130707.386951	130804.57331899999	97.18636799999513	160797.156377	160911.03919	113.88281300000381	16.69644500000868
requirements/provider-language/tests/003.test.mjs	130710.40774699999	130801.53103099999	91.12328400000115	160852.472844	160971.17561900002	118.70277500001248	27.57949100001133
requirements/provider-language/tests/004.test.mjs	130803.68410799999	130898.17218699999	94.48807900000247	160913.80807700002	161033.105845	119.29776799998945	24.809688999986975
requirements/provider-language/tests/005.test.mjs	130806.498142	130944.20175499999	137.70361299999058	160973.590387	161146.135065	172.54467800000566	34.84106500001508
requirements/provider-language/tests/006.test.mjs	130900.41543	130991.46340099999	91.04797099999269	161035.21804100001	161149.546291	114.32824999999139	23.2802789999987
requirements/provider-language/tests/007.test.mjs	130946.48734200001	131031.615154	85.12781199999154	161148.550269	161253.042791	104.49252200001501	19.36471000002348
requirements/provider-language/tests/008.test.mjs	130993.65640800001	131161.47615	167.8197419999924	161151.379347	161329.273495	177.89414799999213	10.074405999999726
requirements/provider-language/tests/009.test.mjs	131033.738927	131216.686933	182.94800599999144	161255.70544700001	161467.16628600002	211.46083900000667	28.512833000015235
requirements/provider-language/tests/010.test.mjs	131163.557088	131207.351184	43.79409599999781	161331.718724	161383.381725	51.66300100000808	7.8689050000102725
requirements/provider-language/tests/011.test.mjs	131209.687979	131256.120815	46.432835999992676	161388.056798	161450.91617	62.85937200000626	16.426536000013584
requirements/provider-language/tests/012.test.mjs	131218.971529	131262.739106	43.767576999991434	161451.961958	161506.64300200003	54.681044000026304	10.91346700003487
requirements/provider-language/tests/013.test.mjs	131258.562026	131854.741964	596.1799379999866	161469.398488	162159.53566300002	690.1371750000108	93.95723700002418
requirements/provider-projection/tests/001.test.mjs	131264.671029	131341.337481	76.66645200000494	161507.89008800001	161588.777944	80.88785599998664	4.221403999981703
requirements/provider-projection/tests/002.test.mjs	131344.026597	131418.603537	74.57693999999901	161591.189653	161688.36201	97.1723570000031	22.59541700000409
requirements/provider-projection/tests/003.test.mjs	131423.602266	131621.92834399999	198.32607799998368	161695.32705800002	161929.946445	234.61938699998427	36.29330900000059
requirements/provider-projection/tests/004.test.mjs	131626.691147	131703.847648	77.15650099999039	161932.54711800002	162019.211413	86.66429499999504	9.507794000004651
requirements/provider-projection/tests/005.test.mjs	131706.006444	131817.325475	111.31903099999181	162021.63199000002	162155.913983	134.28199299998232	22.96296199999051
requirements/provider-projection/tests/006.test.mjs	131819.369628	131897.1701	77.80047200000263	162158.15359700003	162253.272708	95.11911099997815	17.31863899997552
requirements/provider-projection/tests/007.test.mjs	131856.82127	131907.963127	51.14185700000962	162161.660498	162219.056027	57.39552900000126	6.253671999991639
requirements/provider-projection/tests/008.test.mjs	131897.951378	132024.174087	126.22270899999421	162221.70730200002	162384.81367600002	163.1063739999954	36.8836650000012
requirements/provider-projection/tests/009.test.mjs	131909.96558699998	132033.649627	123.68404000002192	162255.386537	162420.137522	164.7509849999915	41.066944999969564
requirements/provider-projection/tests/010.test.mjs	132026.334815	132233.303899	206.9690839999821	162387.627511	162652.73119700002	265.10368600001675	58.13460200003465
requirements/provider-projection/tests/011.test.mjs	132036.657904	140561.572146	8524.914241999999	162423.926103	173115.55005800002	10691.623955000017	2166.7097130000184
requirements/provider-projection/tests/012.test.mjs	132236.638697	132336.264969	99.62627200002316	162655.72315600002	162759.45845	103.7352939999837	4.109021999960532
requirements/provider-projection/tests/013.test.mjs	132336.366982	132454.483575	118.11659299998428	162762.054497	162907.66370900001	145.6092120000103	27.492619000026025
requirements/provider-projection/tests/014.test.mjs	132456.547203	132639.412334	182.86513099999866	162909.878835	163141.74279000002	231.863955000008	48.998824000009336
requirements/relay-assessment/tests/001.test.mjs	132641.76028	132724.180926	82.42064600001322	163143.868957	163231.607068	87.7381110000133	5.317465000000084
requirements/relay-assessment/tests/002.test.mjs	132724.27789199998	135074.58465499998	2350.3067630000005	163233.788724	165892.115544	2658.3268199999875	308.020056999987
requirements/relay-assessment/tests/003.test.mjs	135076.624718	135133.117762	56.493044000002556	165894.14892200002	165967.78826300002	73.63934100000188	17.146296999999322
requirements/relay-assessment/tests/004.test.mjs	135135.093107	135195.715322	60.62221500001033	165970.041413	166050.46251100002	80.42109800002072	19.79888300001039
requirements/relay-assessment/tests/005.test.mjs	135198.11775	135265.952288	67.83453799999552	166052.451287	166120.373423	67.92213600000832	0.08759800001280382
requirements/relay-assessment/tests/006.test.mjs	135268.007443	136415.257657	1147.2502139999997	166122.642265	167554.65165	1432.0093850000121	284.75917100001243
requirements/relay-assessment/tests/007.test.mjs	136420.339942	137667.169671	1246.8297290000191	167558.39041000002	169147.473155	1589.0827449999924	342.2530159999733
requirements/relay-assessment/tests/008.test.mjs	137671.848849	139292.281336	1620.4324869999837	169151.34571800003	171319.78228100002	2168.4365629999957	548.004076000012
requirements/relay-assessment/tests/009.test.mjs	139294.29989599998	139327.214154	32.91425800000434	171322.288628	171370.08915500002	47.80052700001397	14.886269000009634
requirements/relay-assessment/tests/010.test.mjs	139329.695562	139389.469097	59.77353499998571	171372.83504900002	171454.93550000002	82.1004510000057	22.32691600001999
requirements/relay-context-projection/tests/001.test.mjs	139393.362972	140711.321821	1317.9588489999878	171457.402502	173235.326302	1777.9237999999896	459.96495100000175
requirements/relay-context-projection/tests/002.test.mjs	140564.41342599998	142808.630877	2244.217451000004	173117.758054	176073.421489	2955.663434999995	711.4459839999909
requirements/relay-context-projection/tests/003.test.mjs	140712.940388	140747.762841	34.82245300000068	173237.642311	173280.285734	42.64342300000135	7.8209700000006706
requirements/relay-context-projection/tests/004.test.mjs	140750.19503499998	140788.224798	38.02976300002774	173284.730669	173326.583885	41.853215999988606	3.823452999960864
requirements/relay-context-projection/tests/005.test.mjs	140790.165902	142078.188668	1288.02276599998	173328.83847100002	175008.114956	1679.2764849999803	391.2537190000003
requirements/relay-context-projection/tests/006.test.mjs	142079.413564	143337.312507	1257.8989430000074	175012.640312	176740.475383	1727.8350710000086	469.9361280000012
requirements/relay-context-projection/tests/007.test.mjs	142810.94290999998	142844.61768599998	33.67477599999984	176075.789441	176117.97798300002	42.18854200001806	8.513766000018222
requirements/relay-context-projection/tests/008.test.mjs	142846.87679	144067.642007	1220.7652169999783	176120.247146	177813.642013	1693.3948669999954	472.62965000001714
requirements/relay-context-projection/tests/009.test.mjs	143342.262074	143379.626589	37.364514999993844	176744.924475	176798.38146	53.456984999997076	16.09247000000323
requirements/relay-incumbency/tests/001.test.mjs	143381.64494	143439.908011	58.26307099999394	176800.941331	176879.48931200002	78.54798100001062	20.28491000001668
requirements/relay-incumbency/tests/002.test.mjs	143441.908525	143525.55557	83.64704499999061	176881.992543	176964.44828900002	82.45574600002146	-1.191298999969149
requirements/relay-incumbency/tests/003.test.mjs	143528.222959	143587.61504099998	59.392081999976654	176966.97487	177059.945452	92.97058200000902	33.57850000003236
requirements/relay-incumbency/tests/004.test.mjs	143589.716027	143646.626169	56.91014200000791	177062.726998	177154.86139900002	92.13440100001753	35.224259000009624
requirements/relay-incumbency/tests/005.test.mjs	143649.113226	143721.43139399998	72.31816799999797	177157.57383600003	177238.016119	80.44228299998213	8.124114999984158
requirements/relay-incumbency/tests/006.test.mjs	143724.560268	143801.238183	76.67791500000749	177240.64979700002	177330.577835	89.92803799998364	13.250122999976156
requirements/relay-incumbency/tests/008.test.mjs	143803.861306	143869.249372	65.38806599998497	177334.873174	177438.667013	103.79383899999084	38.405773000005865
requirements/relay-incumbency/tests/009.test.mjs	143869.347109	143932.372956	63.02584700001171	177441.35669100002	177526.50315	85.1464589999814	22.120611999969697
requirements/relay-incumbency/tests/010.test.mjs	143934.610817	143996.41808899998	61.807271999976365	177529.218697	177616.291012	87.07231499999762	25.26504300002125
requirements/relay-incumbency/tests/011.test.mjs	143999.171287	144072.57459899999	73.40331199998036	177618.76323100002	177706.73559300002	87.97236200000043	14.56905000002007
requirements/relay-incumbency/tests/012.test.mjs	144068.572158	144127.629606	59.05744800000684	177709.32810400001	177795.23808	85.90997599999537	26.852527999988524
requirements/relay-incumbency/tests/013.test.mjs	144076.292981	144134.133435	57.84045399999013	177798.74179600002	177900.72966100002	101.98786500000278	44.14741100001265
requirements/relay-retirement/tests/001.test.mjs	144129.639965	144164.493357	34.85339199998998	177816.23096800002	177865.75011400002	49.519146000006	14.665754000016022
requirements/relay-retirement/tests/002.test.mjs	144136.008349	145354.314332	1218.3059829999984	177868.20687000002	179680.54246000003	1812.3355900000024	594.029607000004
requirements/relay-retirement/tests/003.test.mjs	144166.40182199999	145514.001031	1347.5992090000072	177903.15653200002	179815.31106100001	1912.1545289999922	564.5553199999849
requirements/relay-retirement/tests/004.test.mjs	145356.634898	146641.713832	1285.0789340000192	179681.68472400002	181362.426849	1680.7421249999898	395.66319099997054
requirements/relay-retirement/tests/007.test.mjs	145517.792413	145586.031885	68.23947200001567	179819.42309400003	179929.148125	109.72503099997994	41.48555899996427
requirements/relay-retirement/tests/008.test.mjs	145588.806746	147925.070842	2336.264095999999	179931.521806	183120.598915	3189.0771090000053	852.8130130000063
requirements/relay-retirement/tests/009.test.mjs	146644.13529	147219.275005	575.1397149999975	181364.45190400002	182110.17329200002	745.7213880000054	170.58167300000787
requirements/repository-investigation/tests/001.test.mjs	147221.39173499998	147268.43325899998	47.04152400000021	182113.060273	182160.949299	47.889025999989826	0.8475019999896176
requirements/repository-investigation/tests/002.test.mjs	147269.407587	147372.238335	102.83074800000759	182164.143478	182281.408499	117.26502099999925	14.434272999991663
requirements/repository-investigation/tests/003.test.mjs	147374.563949	147427.35290199998	52.78895299998112	182283.984736	182330.56968000002	46.584944000002	-6.2040089999791235
requirements/repository-investigation/tests/004.test.mjs	147430.628948	147466.428295	35.79934699999285	182333.142752	182395.904121	62.76136899998528	26.96202199999243
requirements/repository-investigation/tests/005.test.mjs	147468.622321	147502.810309	34.18798799999058	182401.32691200002	182457.56390900002	56.236996999999974	22.04900900000939
requirements/repository-investigation/tests/006.test.mjs	147504.957965	147597.555976	92.59801099999459	182459.939493	182569.824679	109.88518599999952	17.287175000004936
requirements/repository-investigation/tests/007.test.mjs	147600.042142	147687.969106	87.92696400001296	182572.859789	182709.86565300002	137.0058640000061	49.078899999993155
requirements/repository-investigation/tests/008.test.mjs	147690.015358	147767.700943	77.68558499999926	182712.310101	182814.32065600003	102.0105550000153	24.324970000016037
requirements/repository-investigation/tests/009.test.mjs	147770.223033	147963.43136699998	193.20833399999538	182816.63563900001	183100.61216100003	283.97652200001176	90.76818800001638
requirements/repository-programming/tests/001.test.mjs	147927.590227	148092.05823	164.46800299998722	183103.324253	183348.45202300002	245.12777000002097	80.65976700003375
requirements/repository-programming/tests/002.test.mjs	147966.485098	148342.053582	375.56848399998853	183123.011536	183635.61297000002	512.6014340000111	137.03295000002254
requirements/repository-programming/tests/003.test.mjs	148094.285356	148236.673452	142.38809599998058	183351.47246000002	183513.53353100002	162.06107100000372	19.672975000023143
requirements/repository-programming/tests/004.test.mjs	148238.753566	148327.793417	89.03985100000864	183516.51594	183639.063976	122.54803599999286	33.50818499998422
requirements/repository-programming/tests/005.test.mjs	148330.13432399998	148477.884739	147.7504150000168	183638.106662	183818.982013	180.87535099999513	33.124935999978334
requirements/repository-programming/tests/006.test.mjs	148344.251433	148666.306132	322.05469900000026	183641.102151	183987.566691	346.4645400000154	24.40984100001515
requirements/repository-programming/tests/007.test.mjs	148480.191646	148712.087538	231.89589200000046	183821.378839	184138.273225	316.89438599999994	84.99849399999948
requirements/repository-programming/tests/008.test.mjs	148668.39829399998	148778.382429	109.98413500000606	183991.325692	184134.20662	142.88092799999868	32.89679299999261
requirements/repository-programming/tests/009.test.mjs	148714.57832	148822.718989	108.14066899998579	184136.68106300003	184267.288088	130.6070249999757	22.4663559999899
requirements/repository-programming/tests/010.test.mjs	148780.755435	148947.710974	166.95553899998777	184140.155425	184285.92278300002	145.76735800001188	-21.188180999975884
requirements/repository-programming/tests/011.test.mjs	148825.69306	149121.7977	296.104640000005	184269.711505	184580.216216	310.50471099998686	14.400070999981835
requirements/repository-programming/tests/012.test.mjs	148950.457662	149209.75188999998	259.2942279999843	184287.088782	184683.240071	396.15128900000127	136.85706100001698
requirements/repository-programming/tests/013.test.mjs	149124.24833899998	149387.240738	262.99239900000975	184583.06330100002	184882.309301	299.24599999998463	36.25360099997488
requirements/repository-programming/tests/014.test.mjs	149211.710873	149486.270896	274.5600229999982	184686.975857	185022.523515	335.54765799999586	60.98763499999768
requirements/repository-programming/tests/015.test.mjs	149390.044523	149636.006008	245.9614850000071	184884.714249	185255.38171500002	370.6674660000135	124.70598100000643
requirements/repository-programming/tests/016.test.mjs	149489.7066	149744.424253	254.7176529999997	185024.623494	185367.096391	342.47289699999965	87.75524399999995
requirements/repository-programming/tests/017.test.mjs	149638.188711	149746.991729	108.80301800000598	185257.733883	185453.418597	195.6847140000027	86.88169599999674
requirements/repository-programming/tests/018.test.mjs	149746.299429	149982.57830999998	236.27888099997654	185369.80455700002	185643.590765	273.7862079999759	37.50732699999935
requirements/repository-programming/tests/019.test.mjs	149748.972735	149965.665185	216.69245000000228	185455.112323	185747.443315	292.3309920000029	75.6385420000006
requirements/repository-programming/tests/020.test.mjs	149968.190197	150248.375416	280.1852190000063	185644.601465	186041.69063300002	397.0891680000059	116.90394899999956
requirements/repository-programming/tests/021.test.mjs	149985.193379	150021.297596	36.10421699998551	185749.809324	185801.09202100002	51.282697000016924	15.178480000031414
requirements/repository-programming/tests/022.test.mjs	150023.635795	150128.171206	104.53541099998984	185802.131284	185934.993626	132.86234200000763	28.326931000017794
requirements/repository-programming/tests/023.test.mjs	150130.10448	150324.671194	194.56671399998595	185937.191292	186187.20702200002	250.01573000001372	55.44901600002777
requirements/repository-programming/tests/024.test.mjs	150249.514365	150451.55444	202.04007499999716	186044.190604	186334.02490000002	289.83429600001546	87.7942210000183
requirements/repository-programming/tests/025.test.mjs	150326.655766	150555.87159999998	229.21583399997326	186189.76302800002	186522.445635	332.6826069999952	103.46677300002193
requirements/repository-programming/tests/026.test.mjs	150454.563476	150546.287506	91.72402999998303	186338.58023300002	186458.400108	119.8198749999865	28.095845000003465
requirements/repository-programming/tests/027.test.mjs	150548.233439	150648.854842	100.62140299999737	186461.17228	186608.850145	147.6778650000051	47.05646200000774
requirements/requirement-grounding/tests/001.test.mjs	150557.797903	150621.999409	64.20150600001216	186525.23875800002	186612.16416500002	86.92540700000245	22.723900999990292
requirements/requirement-grounding/tests/002.test.mjs	150624.48318799998	150695.523501	71.04031300000497	186611.19600400003	186695.87412000002	84.6781159999955	13.637802999990527
requirements/requirement-grounding/tests/003.test.mjs	150651.11385999998	150721.411276	70.2974160000158	186614.40032900003	186689.55399500002	75.15366599999834	4.856249999982538
requirements/requirement-grounding/tests/004.test.mjs	150698.633971	150766.81213099998	68.17815999998129	186692.549124	186766.469634	73.92050999999628	5.742350000014994
requirements/requirement-grounding/tests/005.test.mjs	150724.433071	151016.930094	292.49702300000354	186697.89584	187125.47532000003	427.5794800000149	135.08245700001135
requirements/requirement-grounding/tests/006.test.mjs	150768.903575	152715.81752399998	1946.9139489999798	186768.741958	189403.86517600002	2635.1232180000225	688.2092690000427
requirements/requirement-grounding/tests/007.test.mjs	151019.19924699998	171464.112868	20444.913621000014	187132.33816400002	214326.439461	27194.101296999987	6749.187675999972
requirements/requirement-grounding/tests/008.test.mjs	152719.826744	154032.493849	1312.6671050000004	189407.724709	191135.460636	1727.7359270000015	415.0688220000011
requirements/requirement-grounding/tests/009.test.mjs	154035.72837199998	154324.757584	289.0292120000231	191136.194423	191504.854908	368.66048500000034	79.63127299997723
requirements/requirement-grounding/tests/010.test.mjs	154326.990237	154638.175165	311.1849280000024	191507.57820100003	191911.093337	403.5151359999727	92.3302079999703
requirements/requirement-grounding/tests/011.test.mjs	154640.644205	158516.471904	3875.827699000016	191913.40343200002	196957.185109	5043.781676999992	1167.953977999976
requirements/requirement-grounding/tests/012.test.mjs	158518.67301	163864.227892	5345.554881999997	196959.980417	204320.438774	7360.458356999996	2014.9034749999992
requirements/requirement-system/tests/001.test.mjs	163866.576199	163914.064594	47.488394999993034	204323.340162	204398.30008100002	74.95991900001536	27.471524000022328
requirements/requirement-system/tests/004.test.mjs	163916.390758	163966.3399	49.949141999997664	204400.953389	204476.410353	75.4569640000118	25.50782200001413
requirements/requirement-system/tests/005.test.mjs	163968.361206	164010.642726	42.28151999998954	204478.764545	204540.882233	62.11768799999845	19.83616800000891
requirements/requirement-system/tests/006.test.mjs	164014.27776199998	164060.562493	46.284731000021566	204543.27285	204609.052889	65.78003900000476	19.495307999983197
requirements/requirement-system/tests/007.test.mjs	164062.81087	164105.982031	43.17116100000567	204612.353103	204661.470883	49.117780000000494	5.946618999994826
requirements/requirement-system/tests/008.test.mjs	164110.294157	164155.713324	45.41916700001457	204664.02998400002	204714.88703800002	50.857053999992786	5.437886999978218
requirements/requirement-system/tests/011.test.mjs	164157.962603	164205.895746	47.93314300000202	204717.36982400002	204764.011734	46.64190999997663	-1.291233000025386
requirements/requirement-system/tests/017.test.mjs	164208.106767	165225.915533	1017.8087660000019	204766.87825900002	206100.59355700001	1333.7152979999955	315.9065319999936
requirements/requirement-system/tests/018.test.mjs	165228.491424	165277.37764299999	48.886218999978155	206103.32270400002	206159.527401	56.204696999979205	7.3184780000010505
requirements/semantic-trace/tests/001.test.mjs	165279.604968	165532.562749	252.95778100000462	206161.960582	206486.636204	324.67562200000975	71.71784100000514
requirements/semantic-trace/tests/002.test.mjs	165534.672225	165951.93936299998	417.2671379999956	206489.73547500002	206987.956333	498.22085799998604	80.95371999999043
requirements/semantic-trace/tests/003.test.mjs	165954.54362799998	166236.471742	281.9281140000094	206990.518443	207335.830239	345.3117959999945	63.38368199998513
requirements/semantic-trace/tests/004.test.mjs	166238.74135	166427.868467	189.12711699999636	207338.48209	207610.991371	272.509281000006	83.38216400000965
requirements/semantic-trace/tests/005.test.mjs	166430.096854	166625.554294	195.45743999999831	207613.731265	207872.54960600002	258.8183410000056	63.36090100000729
requirements/semantic-trace/tests/006.test.mjs	166629.222396	166817.875076	188.65267999999924	207875.177881	208128.655604	253.47772299998906	64.82504299998982
requirements/semantic-trace/tests/007.test.mjs	166820.464518	167193.265125	372.80060700001195	208131.108229	208730.577213	599.4689840000065	226.6683769999945
requirements/semantic-trace/tests/008.test.mjs	167195.699412	167231.010563	35.3111510000017	208733.48147	208780.590119	47.108649000001606	11.797497999999905
requirements/semantic-trace/tests/009.test.mjs	167234.197268	167405.748815	171.55154700001003	208783.18078700002	209051.73267300002	268.5518860000011	97.00033899999107
requirements/semantic-trace/tests/010.test.mjs	167407.720454	167696.669683	288.94922899999074	209054.203691	209485.629034	431.4253430000099	142.47611400001915
requirements/semantic-trace/tests/011.test.mjs	167698.929747	167741.969213	43.039466000016546	209488.33962800002	209535.075385	46.73575699998764	3.6962909999710973
requirements/semantic-trace/tests/012.test.mjs	167743.630783	167786.978835	43.34805199998664	209537.65350400002	209587.212235	49.55873099999735	6.210679000010714
requirements/session-ontology/tests/001.test.mjs	167789.71594	167867.569987	77.85404700000072	209590.162826	209677.132309	86.96948299999349	9.11543599999277
requirements/session-ontology/tests/002.test.mjs	167871.222775	167931.10932	59.886544999986654	209680.058965	209761.207891	81.14892599999439	21.262381000007736
requirements/session-ontology/tests/003.test.mjs	167933.103373	167994.981317	61.87794400000712	209763.701073	209841.18083300002	77.47976000001654	15.601816000009421
requirements/session-ontology/tests/004.test.mjs	167997.42414699998	168068.22177499998	70.79762800000026	209844.391753	209943.717804	99.32605100001092	28.528423000010662
requirements/session-ontology/tests/005.test.mjs	168070.731706	168133.182775	62.45106900000246	209947.355182	210050.192504	102.83732200000668	40.38625300000422
requirements/session-ontology/tests/006.test.mjs	168135.328908	168235.114585	99.78567700000713	210055.08040900002	210227.95475900001	172.87434999999823	73.0886729999911
requirements/session-ontology/tests/007.test.mjs	168237.903238	168313.170817	75.26757900000666	210231.44008700002	210321.022923	89.58283599998686	14.315256999980193
requirements/session-ontology/tests/008.test.mjs	168316.930276	168399.656694	82.72641800000565	210323.802327	210439.766634	115.96430699998746	33.237888999981806
requirements/session-ontology/tests/009.test.mjs	168402.473249	168465.271692	62.798443000006955	210442.54102	210539.481807	96.94078699999955	34.14234399999259
requirements/session-ontology/tests/010.test.mjs	168467.835917	168531.188297	63.35237999999663	210541.58640200002	210638.52775	96.94134799999301	33.588967999996385
requirements/session-ontology/tests/011.test.mjs	168535.90695499998	168576.797996	40.891041000024416	210641.749801	210695.66096900002	53.91116800002055	13.020126999996137
requirements/session-ontology/tests/012.test.mjs	168580.539478	168640.23828	59.69880199999898	210699.34442600003	210795.384083	96.03965699998662	36.34085499998764
requirements/session-ontology/tests/014.test.mjs	168642.889575	168685.872695	42.98311999998987	210801.36381500002	210853.657722	52.293906999984756	9.310786999994889
requirements/speculative-investigation/tests/001.test.mjs	168688.290988	168915.383402	227.09241400001338	210857.369622	211129.066258	271.69663600000786	44.60422199999448
requirements/speculative-investigation/tests/002.test.mjs	168917.727404	169518.746815	601.0194109999866	211131.820153	211990.85794500003	859.0377920000174	258.0183810000308
requirements/speculative-investigation/tests/003.test.mjs	169520.982735	169730.20746	209.2247250000073	211993.798221	212280.364455	286.5662339999981	77.34150899999077
requirements/speculative-investigation/tests/004.test.mjs	169732.631883	170048.04396	315.4120770000154	212285.973112	212718.431027	432.4579150000063	117.04583799999091
requirements/speculative-investigation/tests/005.test.mjs	170050.88521	170380.226567	329.3413569999975	212721.24500000002	213184.472014	463.2270139999746	133.88565699997707
requirements/speculative-investigation/tests/006.test.mjs	170384.194226	170699.960346	315.7661200000148	213186.83115100002	213588.612131	401.78097999998135	86.01485999996657
requirements/speculative-investigation/tests/007.test.mjs	170702.760385	170978.58364599998	275.8232609999832	213592.32939600002	213998.96098	406.6315839999879	130.80832300000475
requirements/speculative-investigation/tests/008.test.mjs	170981.088	171304.927846	323.83984600001713	214001.12843900002	214407.901221	406.77278199998545	82.93293599996832
requirements/speculative-investigation/tests/009.test.mjs	171307.328944	172648.606331	1341.27738699998	214330.33981200002	216259.646928	1929.3071159999818	588.0297290000017
requirements/speculative-investigation/tests/010.test.mjs	171466.114514	171639.335046	173.22053200000664	214410.38534200002	214631.246145	220.86080299998866	47.64027099998202
requirements/speculative-investigation/tests/011.test.mjs	171641.804577	172249.31144299998	607.5068659999815	214634.436736	215412.735717	778.2989809999999	170.79211500001838
requirements/speculative-investigation/tests/012.test.mjs	172251.669016	172827.753763	576.0847469999862	215415.04284100002	216198.427096	783.3842549999827	207.29950799999642
requirements/speculative-investigation/tests/013.test.mjs	172651.612571	176040.285645	3388.673073999991	216200.102172	220814.71530500002	4614.613133000006	1225.940059000015
requirements/speculative-investigation/tests/014.test.mjs	172829.848681	172982.536942	152.68826100000297	216262.95156100002	216487.45634900001	224.5047879999911	71.81652699998813
requirements/speculative-investigation/tests/015.test.mjs	172984.573101	173816.609196	832.0360950000177	216491.308648	217602.19255500002	1110.8839070000104	278.8478119999927
requirements/speculative-investigation/tests/016.test.mjs	173819.131907	174432.373223	613.2413159999996	217604.64402100001	218390.18388700002	785.5398660000064	172.2985500000068
requirements/speculative-investigation/tests/020.test.mjs	174434.731506	174743.019391	308.2878849999979	218392.66731100003	218819.92382000003	427.2565089999989	118.968624000001
requirements/sphinx-v2/tests/001.test.mjs	174745.168931	174984.096888	238.92795700000715	218822.65191900003	219114.81066100002	292.1587419999996	53.230784999992466
requirements/sphinx-v2/tests/002.test.mjs	174986.268901	175064.04400999998	77.77510899998015	219117.355619	219222.38910700002	105.0334880000155	27.258379000035347
requirements/sphinx-v2/tests/004.test.mjs	175066.30537699998	175134.521761	68.21638400002848	219224.968549	219543.05642	318.0878709999961	249.8714869999676
requirements/sphinx-v2/tests/007.test.mjs	absent	absent	unavailable	219545.743934	219883.286082	337.5421480000077	unavailable
requirements/sphinx-v2/tests/010.test.mjs	175136.090225	175200.28537	64.19514500000514	219885.88622500002	220619.502547	733.6163219999871	669.421176999982
requirements/sphinx-v2/tests/011.test.mjs	175202.356952	175406.227441	203.87048899999354	220622.270904	220892.32614000002	270.0552360000147	66.18474700002116
requirements/sphinx-v2/tests/012.test.mjs	175408.383551	175442.90501	34.521458999981405	220817.245762	220863.792129	46.54636700000265	12.024908000021242
requirements/sphinx-v2/tests/013.test.mjs	175445.404688	175507.725268	62.32057999999961	220866.210338	220958.54636	92.33602200000314	30.01544200000353
requirements/sphinx-v2/tests/014.test.mjs	175509.734656	175598.928901	89.1942450000206	220895.04105600002	221006.840954	111.79989799999748	22.605652999976883
requirements/sphinx-v2/tests/017.test.mjs	175601.819497	175923.606233	321.7867360000091	220960.99469400002	221370.17199	409.17729599997983	87.39055999997072
requirements/sphinx-v2/tests/018.test.mjs	175927.238717	176023.854085	96.61536799999885	221010.35732900002	221123.394143	113.03681399999186	16.42144599999301
requirements/sphinx-v2/tests/019.test.mjs	176030.262922	176728.31073199998	698.0478099999891	221126.939232	222072.717524	945.7782920000027	247.73048200001358
requirements/sphinx-v2/tests/020.test.mjs	176042.882459	176432.037322	389.1548630000034	221375.33412800002	221999.664285	624.3301569999894	235.17529399998602
requirements/sphinx-v2/tests/021.test.mjs	176436.36314	176515.372959	79.00981899999897	222002.77556	222100.721576	97.94601600000169	18.93619700000272
requirements/sphinx-v2/tests/022.test.mjs	176517.674207	176555.68618699998	38.01197999998112	222075.377367	222118.57312900003	43.19576200001757	5.1837820000364445
requirements/sphinx-v2/tests/023.test.mjs	176558.277031	176647.223733	88.94670199998654	222103.10294900002	222216.558404	113.45545499998843	24.50875300000189
requirements/sphinx-v2/tests/025.test.mjs	176650.54594	176744.469261	93.9233209999802	222122.300503	222232.99460200002	110.69409900001483	16.770778000034625
requirements/sphinx-v2/tests/026.test.mjs	176730.925222	176815.517944	84.59272200000123	222219.478069	222331.73152700003	112.25345800002106	27.660736000019824
requirements/sphinx-v2/tests/029.test.mjs	176746.351758	176823.898232	77.54647400000249	222236.08364300002	222344.179478	108.09583499998553	30.549360999983037
requirements/sphinx-v2/tests/033.test.mjs	176817.699872	178090.286527	1272.5866549999919	222334.330147	224126.355119	1792.0249720000138	519.4383170000219
requirements/sphinx-v2/tests/034.test.mjs	176826.19166799998	176917.625007	91.43333900001016	222347.135427	222462.450004	115.31457700001192	23.88123800000176
requirements/sphinx-v2/tests/036.test.mjs	176921.238453	178836.705967	1915.467513999989	222465.891406	224920.63854400002	2454.747138000006	539.2796240000171
requirements/structured-workflow/tests/003.test.mjs	178092.777841	178191.352431	98.57459000000381	224128.61367700002	224251.234185	122.6205079999927	24.045917999988887
requirements/structured-workflow/tests/004.test.mjs	178193.907942	178302.368801	108.46085900001344	224253.809826	224389.69247900002	135.88265300000785	27.421793999994406
requirements/structured-workflow/tests/005.test.mjs	178305.204143	178610.683276	305.4791329999862	224393.69249400002	224825.089294	431.3967999999877	125.91766700000153
requirements/structured-workflow/tests/006.test.mjs	178612.819715	178873.91064	261.0909249999968	224828.43610800002	225245.99981200002	417.56370400000014	156.47277900000336
requirements/structured-workflow/tests/009.test.mjs	178839.188057	178922.863696	83.67563899999368	224923.593613	225031.69486000002	108.10124700001325	24.425608000019565
requirements/structured-workflow/tests/010.test.mjs	178876.192178	179324.638166	448.4459879999922	225034.28430700002	225563.209422	528.9251149999909	80.4791269999987
requirements/structured-workflow/tests/011.test.mjs	178925.309382	179086.286817	160.97743499997887	225248.32367900002	225463.603257	215.27957799998694	54.30214300000807
requirements/structured-workflow/tests/012.test.mjs	179088.212678	180675.330828	1587.1181499999948	225466.35653100003	227550.66841	2084.311878999986	497.19372899999144
requirements/structured-workflow/tests/013.test.mjs	179327.198374	179480.24043	153.0420560000057	225566.317542	225771.32161100002	205.0040690000169	51.96201300001121
requirements/structured-workflow/tests/014.test.mjs	179483.21635499998	180412.518619	929.3022640000272	225773.65950900002	227082.84658900002	1309.1870800000033	379.8848159999761
requirements/structured-workflow/tests/015.test.mjs	180414.868019	180515.455903	100.58788400000776	227085.535401	227200.66820800002	115.13280700001633	14.544923000008566
requirements/structured-workflow/tests/016.test.mjs	180517.975891	180556.191708	38.21581699998933	227202.91987500002	227249.64337900002	46.723503999994136	8.507687000004807
requirements/structured-workflow/tests/018.test.mjs	180558.687529	180594.242687	35.55515800000285	227252.11305500002	227301.39112800002	49.27807299999404	13.72291499999119
requirements/structured-workflow/tests/019.test.mjs	180597.19897199998	180647.79669699998	50.59772499999963	227303.70377700002	227378.309333	74.60555599999498	24.00783099999535
requirements/time-capability/tests/001.test.mjs	180649.671642	180726.704842	77.03320000000531	227380.93456400002	227492.553534	111.61896999998135	34.58576999997604
requirements/time-capability/tests/002.test.mjs	180678.194463	180724.118544	45.92408100000466	227495.318636	227556.67392600002	61.35529000000679	15.431209000002127
requirements/time-capability/tests/003.test.mjs	180726.061142	180811.476844	85.41570199999842	227553.052031	227672.065478	119.01344700000482	33.5977450000064
requirements/time-capability/tests/004.test.mjs	180728.480117	180881.392128	152.91201100000762	227558.953034	227755.75950100002	196.8064670000167	43.894456000009086
requirements/time-capability/tests/005.test.mjs	180813.539612	180889.752567	76.21295499999542	227674.424126	227778.92168700002	104.4975610000256	28.28460600003018
requirements/time-capability/tests/006.test.mjs	180883.851524	180972.894141	89.04261699999915	227764.380799	227883.436258	119.05545899999561	30.012841999996454
requirements/time-capability/tests/007.test.mjs	180891.629024	180970.27875	78.64972600000328	227781.593769	227894.525574	112.93180500000017	34.282078999996884
requirements/time-capability/tests/008.test.mjs	180972.222558	181093.918959	121.69640099999378	227886.49098200002	228046.51000600003	160.01902400000836	38.32262300001457
requirements/verification-system/tests/002.test.mjs	180974.71267	181013.258972	38.54630200000247	227896.88214	227947.591828	50.70968800000264	12.163386000000173
requirements/verification-system/tests/003.test.mjs	181014.45653599998	181248.792793	234.3362570000172	227950.636311	228279.10599	328.46967900000163	94.13342199998442
requirements/verification-system/tests/004.test.mjs	181096.206005	181173.813715	77.60771000001114	228048.897908	228151.636625	102.73871700000018	25.13100699998904
requirements/verification-system/tests/005.test.mjs	181176.288913	183316.155795	2139.866882000002	228154.244035	231527.81172000003	3373.5676850000164	1233.7008030000143
requirements/verification-system/tests/006.test.mjs	181252.267979	195881.247082	14628.97910299999	228281.849319	243664.638597	15382.789278000011	753.8101750000205
requirements/verification-system/tests/007.test.mjs	183317.945311	183725.446187	407.5008760000055	231530.08051300002	232043.33194300003	513.2514300000039	105.75055399999837
requirements/verification-system/tests/008.test.mjs	183727.715015	186154.757037	2427.0420220000087	232045.59077100002	235369.66233400002	3324.071563000005	897.0295409999962
requirements/verification-system/tests/009.test.mjs	186156.727796	188624.34056799999	2467.612771999993	235371.56369200003	238646.12951700002	3274.565824999998	806.9530530000047
requirements/verification-system/tests/010.test.mjs	188626.248432	188799.499262	173.2508300000045	238648.14596800003	238901.06263300002	252.916664999997	79.66583499999251
requirements/verification-system/tests/011.test.mjs	188801.724965	190772.708858	1970.983892999997	238903.242472	241480.992013	2577.7495409999974	606.7656480000005
requirements/verification-system/tests/012.test.mjs	190774.571295	190811.67339399998	37.102098999981536	241483.31182300003	241537.94410700002	54.63228399999207	17.530185000010533
requirements/verification-system/tests/014.test.mjs	190814.237769	191015.861416	201.62364700000035	241541.20359400002	241837.30217200003	296.09857800000464	94.47493100000429
requirements/verification-system/tests/015.test.mjs	191018.505911	191068.677505	50.17159400001401	241840.573372	241906.204464	65.63109199999599	15.459497999981977
requirements/verification-system/tests/016.test.mjs	191070.518649	254141.028965	63070.510316	241908.337923	undrained	unavailable	unavailable
requirements/verification-system/tests/017.test.mjs	195883.283701	196960.188322	1076.9046209999942	243666.708305	244869.235015	1202.5267100000056	125.62208900001133
requirements/verification-system/tests/018.test.mjs	196963.507674	197070.588052	107.0803780000133	244871.33956000002	244985.746451	114.40689099999145	7.326512999978149
requirements/verification-system/tests/020.test.mjs	197072.906994	197122.79091799998	49.883923999994295	244987.915944	245054.67280600002	66.75686200000928	16.872938000014983
requirements/verification-system/tests/021.test.mjs	197123.948032	198928.669431	1804.7213990000018	245056.75863300002	247125.604804	2068.846170999983	264.124771999981
requirements/work-record/tests/001.test.mjs	198930.841172	199246.514491	315.6733190000232	247127.12077100002	247623.076317	495.95554599998286	180.28222699995968
requirements/work-record/tests/002.test.mjs	199249.059024	200127.696193	878.6371690000233	247626.176634	248049.08121600002	422.9045820000174	-455.7325870000059
requirements/work-record/tests/003.test.mjs	200130.257852	200314.47574	184.21788799998467	248051.391967	248326.427854	275.03588700000546	90.81799900002079
requirements/work-record/tests/004.test.mjs	200316.536205	200836.26974299998	519.7335379999713	248329.374534	249074.171911	744.7973770000099	225.06383900003857
requirements/work-record/tests/005.test.mjs	200838.202504	201148.075446	309.87294200001634	249077.359124	249478.156231	400.79710699999123	90.92416499997489
requirements/work-record/tests/006.test.mjs	201150.54037899998	201596.319306	445.77892700000666	249480.48093800002	250039.60571	559.124771999981	113.34584499997436
requirements/work-record/tests/007.test.mjs	201598.227601	201969.689787	371.46218600001885	250041.717825	250437.77563800002	396.05781300002127	24.595627000002423
requirements/work-record/tests/008.test.mjs	201971.840668	202204.164973	232.32430500001647	250440.45416400002	250771.49609	331.04192599997623	98.71762099995976
requirements/work-record/tests/009.test.mjs	202206.215221	202378.520917	172.3056959999958	250773.914729	251006.52928500003	232.614556000015	60.308860000019195
requirements/work-record/tests/010.test.mjs	202380.931728	202643.949999	263.0182710000081	251009.206914	251397.144872	387.937957999995	124.91968699998688
requirements/work-record/tests/011.test.mjs	202646.978061	203534.16616999998	887.1881089999806	251399.699101	252220.11717100002	820.4180700000143	-66.77003899996635
requirements/work-record/tests/012.test.mjs	203537.236065	203588.89359	51.6575249999878	252222.55857400002	252292.198031	69.63945699998294	17.98193199999514
requirements/work-record/tests/013.test.mjs	203591.592745	203788.375272	196.78252700000303	252294.901499	252550.85529600002	255.95379700002377	59.17127000002074
requirements/work-record/tests/014.test.mjs	203791.751098	203961.250205	169.49910699998145	252553.508829	252792.082035	238.57320600000094	69.07409900001949
requirements/work-record/tests/015.test.mjs	203963.52219699998	204294.600141	331.07794400001876	252794.804567	253222.61321200003	427.8086450000119	96.73070099999313
requirements/work-record/tests/016.test.mjs	204297.28773	205133.622944	836.3352139999915	253225.305483	254341.65196800002	1116.3464850000164	280.01127100002486
requirements/work-record/tests/017.test.mjs	205136.33147499998	205170.477492	34.14601700002095	254343.987701	254391.87866500003	47.890964000020176	13.744946999999229
