Derived from actual original unit artifact.793admitted entries only;28queued have no worker record. OwnCPU excludes tool children. Parent and worker clocks remain separate. Old1eb has no CPU observation.
entry	lifecycle	cost_status	worker_pid	parent_pid	parent_start_ms	parent_drain_ms	parent_window_ms	worker_window_ms	own_cpu_user_us	own_cpu_system_us	own_cpu_total_s	old_1eb_parent_window_ms	parent_window_delta_ms	reason
action-affordance/tests/001.test.mjs	drained	complete	3084	3077	43.33875999999998	493.929805	450.591045	403.855513	472837	47014	0.519851	415.059658	35.531386999999995	
action-affordance/tests/002.test.mjs	drained	complete	3086	3077	47.737391	105.98674700000004	58.249356000000034	17.108209000000002	14904	3974	0.018878	54.843275999999946	3.406080000000088	
action-affordance/tests/003.test.mjs	drained	complete	3107	3077	109.55662300000006	187.41146700000002	77.85484399999996	22.903076999999996	22121	1703	0.023824	55.530794000000014	22.324049999999943	
action-affordance/tests/004.test.mjs	drained	complete	3118	3077	190.03554900000006	248.49220400000002	58.456654999999955	16.688296	14545	3874	0.018419	51.36523700000009	7.091417999999862	
action-affordance/tests/005.test.mjs	drained	complete	3129	3077	251.31143099999997	309.80513500000006	58.49370400000009	16.189595999999995	17687	0	0.017687	52.896267999999964	5.59743600000013	
action-affordance/tests/006.test.mjs	drained	complete	3140	3077	312.1573910000001	367.040883	54.88349199999993	14.892107	15456	797	0.016253	51.69007199999999	3.1934199999999464	
action-affordance/tests/007.test.mjs	drained	complete	3151	3077	369.74074700000006	553.619457	183.87870999999996	137.37068	172363	14049	0.186412	172.22809900000004	11.650610999999913	
action-affordance/tests/008.test.mjs	drained	complete	3162	3077	496.37566300000003	563.878913	67.50324999999998	25.458979	23952	3000	0.026952	63.603857999999946	3.8993920000000344	
action-affordance/tests/009.test.mjs	drained	complete	3173	3077	556.439725	1014.6775990000001	458.23787400000015	412.36433800000003	466902	50246	0.517148	434.0598110000001	24.178063000000066	
action-affordance/tests/010.test.mjs	drained	complete	3179	3077	566.6335200000001	620.8309550000001	54.19743500000004	17.756897999999996	16204	1835	0.018039	52.610345999999936	1.5870890000001054	
action-affordance/tests/011.test.mjs	drained	complete	3195	3077	623.4797840000001	688.647915	65.1681309999999	19.175613000000006	16962	2015	0.018977	61.718790000000126	3.4493409999997766	
action-affordance/tests/012.test.mjs	drained	complete	3206	3077	696.568514	748.9563680000001	52.38785400000006	17.237981	17241	1233	0.018474	52.191712999999936	0.19614100000012513	
action-affordance/tests/013.test.mjs	drained	complete	3217	3077	751.5322229999999	809.869686	58.33746300000007	16.868451	17645	245	0.01789	59.70274499999982	-1.3652819999997519	
action-affordance/tests/014.test.mjs	drained	complete	3228	3077	812.3877010000001	1269.057137	456.6694359999999	397.54575500000004	472661	62374	0.535035	427.507971	29.161464999999907	
action-affordance/tests/015.test.mjs	drained	complete	3239	3077	1017.244144	1495.790065	478.5459209999999	424.746137	481118	60195	0.541313	428.211227	50.3346939999999	
attention-regulation/tests/001.test.mjs	drained	complete	3250	3077	1271.821712	1479.4436870000002	207.62197500000025	163.605211	195117	19670	0.214787	194.54789299999993	13.074082000000317	
attention-regulation/tests/002.test.mjs	drained	complete	3261	3077	1482.0369819999999	3702.0638789999994	2220.0268969999997	2153.662662	2742581	245433	2.988014	2119.3627309999997	100.66416600000002	
attention-regulation/tests/003.test.mjs	drained	complete	3269	3077	1498.3297300000002	1730.135677	231.80594699999983	191.565742	217898	16441	0.234339	199.00443400000017	32.80151299999966	
attention-regulation/tests/004.test.mjs	drained	complete	3285	3077	1735.4141419999999	4910.820662	3175.4065200000005	3096.033783	3739504	398478	4.137982	3020.5053090000006	154.90121099999988	
attention-regulation/tests/005.test.mjs	drained	complete	3304	3077	3704.9441989999996	5825.8255149999995	2120.881316	2050.453884	2538893	277241	2.816134	1936.3452819999998	184.5360340000002	
attention-regulation/tests/006.test.mjs	drained	complete	3377	3077	4917.543678999999	5023.017903999999	105.47422499999993	58.92626	56119	7731	0.06385	95.08276800000021	10.391456999999718	
behavior-diagnosis/tests/001.test.mjs	drained	complete	3388	3077	5025.361346	5193.1816149999995	167.82026899999983	121.46192299999998	156877	17878	0.174755	166.5934189999989	1.2268500000009226	
behavior-diagnosis/tests/002.test.mjs	drained	complete	3401	3077	5196.173833	5284.479249	88.30541600000015	31.088251	21926	5695	0.027621	76.42320099999961	11.882215000000542	
behavior-diagnosis/tests/003.test.mjs	drained	complete	3412	3077	5287.76753	5486.235729	198.4681989999999	151.793886	196669	24707	0.221376	189.19736899999953	9.270830000000387	
behavior-diagnosis/tests/004.test.mjs	drained	complete	3423	3077	5493.908050999999	5863.012211	369.1041600000008	306.66243299999996	404446	58191	0.462637	347.2168870000005	21.887273000000278	
behavior-diagnosis/tests/005.test.mjs	drained	complete	3434	3077	5829.425867	5950.604230999999	121.17836399999942	69.857103	75630	6323	0.081953	115.55397400000038	5.624389999999039	
behavior-diagnosis/tests/006.test.mjs	drained	complete	3441	3077	5866.43783	8144.223063999999	2277.785233999999	2220.126723	2762277	346651	3.108928	2254.010796999999	23.774437000000034	
behavior-diagnosis/tests/007.test.mjs	drained	complete	3456	3077	5953.331516	6232.603955	279.2724389999994	234.589622	322975	28981	0.351956	262.61696699999993	16.655471999999463	
behavior-diagnosis/tests/008.test.mjs	drained	complete	3467	3077	6235.269988999999	6726.395116	491.12512700000025	437.656533	545875	68460	0.614335	454.7421489999997	36.38297800000055	
behavior-diagnosis/tests/009.test.mjs	drained	complete	3479	3077	6728.885349	8078.604343	1349.7189939999998	1298.002809	1656465	147313	1.803778	1372.5349189999997	-22.81592499999988	
behavior-diagnosis/tests/010.test.mjs	drained	complete	3494	3077	8081.217744999999	8483.100662	401.8829170000017	360.288928	477586	67040	0.544626	407.1984830000001	-5.315565999998398	
behavior-diagnosis/tests/011.test.mjs	drained	complete	3505	3077	8146.809663999999	8294.287734000001	147.47807000000194	110.489747	122956	19670	0.142626	161.69977300000028	-14.221702999998342	
behavior-diagnosis/tests/012.test.mjs	drained	complete	3516	3077	8296.853969000002	8638.394616000001	341.5406469999998	292.408282	355517	35031	0.390548	328.0048000000006	13.535846999999194	
behavior-diagnosis/tests/013.test.mjs	drained	complete	3527	3077	8486.073384000001	8824.688250000001	338.6148659999999	295.288525	349503	45603	0.395106	332.336992999999	6.277873000000909	
behavior-diagnosis/tests/014.test.mjs	drained	complete	3538	3077	8640.941625000001	9006.920338	365.9787129999986	320.942236	384080	59487	0.443567	378.70956900000056	-12.73085600000195	
behavior-diagnosis/tests/015.test.mjs	drained	complete	3549	3077	8827.159948	9017.085408	189.92546000000038	151.264715	172638	14061	0.186699	169.1647529999991	20.760707000001275	
behavior-diagnosis/tests/016.test.mjs	drained	complete	3560	3077	9009.287571	9500.668309	491.38073799999984	447.059223	613319	90384	0.703703	533.3835039999994	-42.00276599999961	
behavior-diagnosis/tests/017.test.mjs	drained	complete	3566	3077	9019.337562	16639.763489	7620.425927	7560.124882	7615346	714427	8.329773	7664.567279000001	-44.14135200000055	
behavior-diagnosis/tests/018.test.mjs	drained	complete	3582	3077	9503.776241000001	11956.118600000002	2452.342359	2401.43434	1900982	748309	2.649291	2356.1936590000005	96.14869999999974	
behavior-diagnosis/tests/019.test.mjs	drained	complete	3593	3077	11959.498281	12011.346695	51.84841400000005	15.808344000000002	16949	0	0.016949	50.43929699999899	1.4091170000010607	
capability-enforcement/tests/001.test.mjs	drained	complete	3604	3077	12014.801256	12133.507487	118.70623100000012	76.944763	84692	8342	0.093034	112.11474299999827	6.591488000001846	
capability-enforcement/tests/002.test.mjs	drained	complete	3615	3077	12135.927792	13721.374937	1585.447145	1533.975451	2041244	161730	2.202974	1670.483424	-85.03627899999992	
capability-enforcement/tests/003.test.mjs	drained	complete	3627	3077	13724.565045000001	13837.207227	112.6421819999996	74.65998499999999	77172	10497	0.087669	128.50814799999898	-15.86596599999939	
capability-enforcement/tests/004.test.mjs	drained	complete	3638	3077	13841.260397	13958.132318	116.87192099999993	70.53651500000001	74541	11268	0.085809	105.26686500000142	11.605055999998513	
capability-enforcement/tests/005.test.mjs	drained	complete	3649	3077	13960.474250000001	14197.890055	237.41580499999873	192.77577300000002	241998	31205	0.273203	259.1940919999997	-21.778287000001	
capability-enforcement/tests/006.test.mjs	drained	complete	3660	3077	14200.048831	17421.609514	3221.5606829999997	3157.657512	4007836	363491	4.371327	3496.328878999999	-274.7681959999991	
capability-enforcement/tests/007.test.mjs	drained	complete	3676	3077	16642.452691000002	17369.496711	727.0440199999975	682.346216	997913	107836	1.105749	777.0361110000013	-49.99209100000371	
capability-enforcement/tests/009.test.mjs	drained	complete	3690	3077	17371.825858	19194.045547	1822.2196890000014	1750.2486880000001	2173043	229766	2.402809	1954.4365789999974	-132.21688999999606	
capability-enforcement/tests/010.test.mjs	drained	complete	3701	3077	17424.15493	20089.9211	2665.766169999999	2607.148893	3404848	279723	3.684571	2855.909653999999	-190.14348400000017	
capability-enforcement/tests/011.test.mjs	drained	complete	3719	3077	19197.529733	21049.233027000002	1851.7032940000026	1787.456085	2257696	179738	2.437434	2043.0702210000018	-191.36692699999912	
capability-enforcement/tests/012.test.mjs	drained	complete	3733	3077	20092.324171	20636.420874	544.0967029999993	489.703951	602465	71772	0.674237	522.3021420000005	21.794560999998794	
capability-enforcement/tests/013.test.mjs	drained	complete	3744	3077	20639.606243000002	20731.236323	91.630079999999	53.638172000000004	59096	4844	0.06394	92.24793099999806	-0.6178509999990638	
capability-enforcement/tests/014.test.mjs	drained	complete	3755	3077	20733.821844000002	20788.863542	55.04169799999727	16.820363	16023	2297	0.01832	63.190974000001006	-8.149276000003738	
capability-enforcement/tests/015.test.mjs	drained	complete	3766	3077	20790.648571	20952.669359	162.020787999998	119.222859	154744	14600	0.169344	168.60662899999807	-6.585841000000073	
capability-enforcement/tests/016.test.mjs	drained	complete	3777	3077	20954.945392	21121.579923	166.6345309999997	127.89301499999999	154156	20559	0.174715	180.07477199999994	-13.440241000000242	
capability-enforcement/tests/017.test.mjs	drained	complete	3788	3077	21051.275977	21161.285436000002	110.00945900000079	60.78791100000001	60781	5923	0.066704	103.60087399999975	6.40858500000104	
capability-enforcement/tests/018.test.mjs	drained	complete	3799	3077	21123.791326000002	21232.416737	108.62541099999726	67.157581	72332	7210	0.079542	101.9747180000013	6.650692999995954	
capability-enforcement/tests/019.test.mjs	drained	invalid	3810	3077	21163.793132000003	22044.018598000002	880.2254659999999	unobserved	unobserved	unobserved	unobserved	934.8814740000016	-54.65600800000175	Worker cost record names another file or process
capability-enforcement/tests/020.test.mjs	drained	complete	3821	3077	21235.032926	21287.534969	52.50204300000041	15.840532999999997	15117	1985	0.017102	57.13551000000007	-4.633466999999655	
capability-enforcement/tests/021.test.mjs	drained	complete	3832	3077	21289.93983	29064.113690000002	7774.173860000003	7697.231601	7790060	679042	8.469102	7812.458898000001	-38.28503799999817	
capability-enforcement/tests/023.test.mjs	drained	complete	3881	3077	22046.446480000002	22576.935712000002	530.4892319999999	481.06697600000007	786828	78719	0.865547	556.9347089999974	-26.44547699999748	
capability-enforcement/tests/024.test.mjs	drained	complete	3892	3077	22578.826548	24318.170741	1739.3441930000008	1668.669053	2157549	229074	2.386623	1794.306489999999	-54.962296999998216	
capability-enforcement/tests/025.test.mjs	drained	complete	3906	3077	24323.293943	27354.526714	3031.232770999999	2955.3883109999997	3620597	381082	4.001679	3203.7117240000007	-172.47895300000164	
capability-enforcement/tests/026.test.mjs	drained	complete	3940	3077	27356.911711	28677.531531	1320.61982	1269.98939	1823270	164028	1.987298	1375.6298459999998	-55.010025999999925	
causal-wait/tests/001.test.mjs	drained	complete	3951	3077	28680.197531	28795.271223	115.07369199999812	72.291496	77357	10045	0.087402	114.52906799999982	0.5446239999982936	
causal-wait/tests/002.test.mjs	drained	complete	3963	3077	28798.081984	28905.184852000002	107.10286800000176	68.376726	77807	5875	0.083682	109.83244399999967	-2.7295759999979055	
causal-wait/tests/003.test.mjs	drained	complete	3974	3077	28908.170048	29482.339592	574.1695440000003	525.301738	617646	98074	0.71572	586.2659339999991	-12.096389999998792	
causal-wait/tests/004.test.mjs	drained	complete	3985	3077	29067.371806	29190.73833	123.36652400000094	77.457688	75381	8164	0.083545	118.53919099999985	4.82733300000109	
causal-wait/tests/005.test.mjs	drained	complete	3996	3077	29192.996352000002	29451.613892	258.6175399999993	208.608667	285516	37339	0.322855	275.91444799999954	-17.296908000000258	
causal-wait/tests/006.test.mjs	drained	complete	4007	3077	29455.381487000002	29652.531477	197.14998999999807	152.593095	173370	19216	0.192586	188.55341500000213	8.596574999995937	
causal-wait/tests/007.test.mjs	drained	complete	4014	3077	29485.887239	29637.334826000002	151.4475870000024	113.772265	132278	16068	0.148346	171.41499000000113	-19.96740299999874	
causal-wait/tests/008.test.mjs	drained	complete	4029	3077	29642.785176	29926.120128000002	283.33495200000107	242.349554	87311	14072	0.101383	315.2784300000021	-31.94347800000105	
causal-wait/tests/009.test.mjs	drained	complete	4035	3077	29655.416066	29852.956464	197.54039799999737	155.331669	191542	19621	0.211163	210.0532800000001	-12.512882000002719	
change-integration/tests/001.test.mjs	drained	complete	4064	3077	29856.093513	30121.321575	265.22806200000196	225.902208	286702	33601	0.320303	276.2392779999973	-11.01121599999533	
change-integration/tests/002.test.mjs	drained	complete	4076	3077	29928.842193	30378.521469	449.67927599999894	402.05606	470075	57034	0.527109	448.8651099999988	0.8141660000001139	
change-integration/tests/003.test.mjs	drained	complete	4087	3077	30126.139829	30598.860090000002	472.7202610000022	428.194483	512744	50244	0.562988	488.1766289999978	-15.456367999995564	
change-integration/tests/004.test.mjs	drained	complete	4098	3077	30381.328313	31112.695343	731.3670299999976	684.32181	461903	65703	0.527606	791.46126	-60.094230000002426	
change-integration/tests/005.test.mjs	drained	complete	4109	3077	30601.782839	31015.771934	413.9890950000008	366.342833	464243	42791	0.507034	432.6701249999969	-18.6810299999961	
change-integration/tests/006.test.mjs	drained	complete	4120	3077	31018.204840000002	31331.638879000002	313.43403899999976	270.30708999999996	322389	33065	0.355454	310.57143799999903	2.8626010000007227	
change-integration/tests/007.test.mjs	drained	complete	4131	3077	31115.320307	31414.826756000002	299.50644900000043	246.57284	288052	36148	0.3242	290.9325719999979	8.57387700000254	
change-integration/tests/008.test.mjs	drained	complete	4142	3077	31334.248013	31791.84085	457.59283700000015	403.693585	455419	61572	0.516991	457.49552400000175	0.09731299999839393	
change-integration/tests/009.test.mjs	drained	complete	4153	3077	31417.775676	31673.545409000002	255.769733000001	216.159365	282184	25698	0.307882	271.84140800000023	-16.07167499999923	
change-integration/tests/011.test.mjs	drained	complete	4164	3077	31676.186112	31738.425736	62.23962400000164	16.641917999999997	17838	182	0.01802	56.936100999999326	5.303523000002315	
change-integration/tests/013.test.mjs	drained	complete	4175	3077	31741.338367	32022.38479	281.0464229999998	231.474245	290955	33084	0.324039	293.4703430000045	-12.423920000004728	
change-integration/tests/014.test.mjs	drained	complete	4186	3077	31794.58701	32063.357562	268.77055200000177	225.823659	282320	30490	0.31281	271.24468999999954	-2.4741379999977653	
change-integration/tests/015.test.mjs	drained	complete	4197	3077	32026.877969	32291.829834000004	264.9518650000027	215.302333	270003	33124	0.303127	265.5694149999981	-0.61754999999539	
change-integration/tests/017.test.mjs	drained	complete	4204	3077	32065.498093000002	32115.743324000003	50.245231000000786	14.346669000000002	15596	0	0.015596	53.240669000006164	-2.995438000005379	
cognitive-environment/tests/001.test.mjs	drained	complete	4219	3077	32118.376814000003	32173.961615	55.58480099999724	18.216333000000002	18185	838	0.019023	62.76821500000369	-7.183414000006451	
cognitive-environment/tests/002.test.mjs	drained	complete	4230	3077	32176.832753000002	32229.396827000004	52.56407400000171	14.423332000000002	15744	0	0.015744	53.17330999999831	-0.6092359999965993	
cognitive-environment/tests/003.test.mjs	drained	complete	4241	3077	32235.210596999998	32371.611993	136.4013960000011	98.10229100000001	118318	11162	0.12948	146.42649900000106	-10.025102999999945	
cognitive-environment/tests/004.test.mjs	drained	complete	4252	3077	32294.267077999997	32348.064871000002	53.797793000005186	15.596208999999998	15705	940	0.016645	48.6322880000007	5.165505000004487	
cognitive-environment/tests/005.test.mjs	drained	complete	4263	3077	32351.173886999997	32479.15118	127.97729300000356	88.14237800000001	104936	12610	0.117546	127.82720600000539	0.150086999998166	
cognitive-environment/tests/006.test.mjs	drained	complete	4270	3077	32373.760669000003	32424.699043	50.938373999997566	14.339225000000003	12641	2909	0.01555	52.861383000006754	-1.9230090000091877	
cognitive-environment/tests/007.test.mjs	drained	complete	4285	3077	32427.264258000003	32489.577116	62.312857999997505	16.07987	13598	3877	0.017475	55.42855199999758	6.884305999999924	
cognitive-environment/tests/008.test.mjs	drained	complete	4296	3077	32482.106279	32535.054498999998	52.9482199999984	15.445047000000002	16094	25	0.016119	53.96143499999744	-1.013214999999036	
cognitive-environment/tests/009.test.mjs	drained	complete	4302	3077	32492.949763999997	32546.613589	53.66382500000327	17.270791	18665	0	0.018665	50.26651099999435	3.397314000008919	
cognitive-environment/tests/010.test.mjs	drained	complete	4318	3077	32537.977818	32588.462695000002	50.4848770000026	14.572178999999998	14523	1222	0.015745	48.574288000003435	1.9105889999991632	
cognitive-environment/tests/011.test.mjs	drained	complete	4324	3077	32548.763227000003	32605.395846	56.63261899999634	18.133930999999997	16934	1993	0.018927	52.03553000000102	4.5970889999953215	
cognitive-environment/tests/012.test.mjs	drained	complete	4340	3077	32591.066991	32712.56459	121.49759900000208	75.106627	85342	9605	0.094947	112.46374400000059	9.033855000001495	
cognitive-environment/tests/013.test.mjs	drained	complete	4346	3077	32608.467954	32666.275665	57.80771100000129	19.676106000000004	20335	878	0.021213	64.46855299999879	-6.660841999997501	
cognitive-environment/tests/015.test.mjs	drained	complete	4363	3077	32668.904627000004	37839.156856	5170.252228999998	5095.563161	4829012	494163	5.323175	5259.7107740000065	-89.4585450000086	
cognitive-environment/tests/016.test.mjs	drained	complete	4374	3077	32715.215995	32765.102757	49.88676200000191	15.257347	15714	860	0.016574	50.41856199999893	-0.5317999999970198	
cognitive-workspace/tests/001.test.mjs	drained	complete	4385	3077	32767.740103000004	32828.090877	60.35077399999864	14.81402	14496	1697	0.016193	52.0940499999997	8.25672399999894	
cognitive-workspace/tests/002.test.mjs	drained	complete	4396	3077	32830.777196	32887.537051	56.759854999996605	18.239706999999996	17292	1106	0.018398	54.937323999998625	1.82253099999798	
cognitive-workspace/tests/003.test.mjs	drained	complete	4407	3077	32889.688131	32945.610599	55.922467999997025	16.261601	16099	1125	0.017224	68.37754599999607	-12.455077999999048	
cognitive-workspace/tests/004.test.mjs	drained	complete	4418	3077	32948.133713	33000.531748	52.398034999998345	16.227404999999997	16106	1019	0.017125	52.63310700000147	-0.23507200000312878	
cognitive-workspace/tests/005.test.mjs	drained	complete	4429	3077	33002.684662	33057.016152000004	54.33149000000412	15.732983999999998	15380	1766	0.017146	61.79515299999912	-7.463662999994995	
cognitive-workspace/tests/006.test.mjs	drained	complete	4440	3077	33060.190751	33119.460086	59.26933499999723	18.191808	17712	1215	0.018927	50.36570600000414	8.903628999993089	
cognitive-workspace/tests/007.test.mjs	drained	complete	4451	3077	33121.283626000004	33189.92162	68.63799399999698	19.305574999999997	14894	5974	0.020868	70.5729730000021	-1.9349790000051144	
cognitive-workspace/tests/008.test.mjs	drained	complete	4462	3077	33192.779358	33245.455371000004	52.67601300000388	15.323690000000003	16610	0	0.01661	65.41958000000159	-12.74356699999771	
cognitive-workspace/tests/009.test.mjs	drained	complete	4474	3077	33249.160039	33313.256554	64.09651499999745	17.97679	16822	1587	0.018409	63.23839599999337	0.8581190000040806	
cognitive-workspace/tests/010.test.mjs	drained	complete	4485	3077	33315.47974	33366.983086	51.50334599999769	15.725219000000003	16062	1040	0.017102	55.07161300000007	-3.568267000002379	
concern-routing/tests/001.test.mjs	drained	complete	4496	3077	33369.810618	33468.318754	98.50813599999674	63.253653	60537	8090	0.068627	97.20404299999791	1.3040929999988293	
concern-routing/tests/002.test.mjs	drained	complete	4507	3077	33470.522021000004	38266.039033	4795.517011999997	4721.670504000001	5509446	509248	6.018694	4852.04105	-56.5240380000032	
concern-routing/tests/003.test.mjs	drained	complete	4539	3077	37841.980113	39654.204274	1812.2241610000056	1740.175215	2208546	224393	2.432939	1846.8742240000065	-34.650063000000955	
concern-routing/tests/004.test.mjs	drained	complete	4550	3077	38268.752351	40453.767935	2185.0155840000007	2124.488467	2686434	237182	2.923616	2288.468348000002	-103.45276400000148	
concern-routing/tests/005.test.mjs	drained	complete	4567	3077	39657.173138	41518.559651	1861.386513000005	1775.913701	2241817	225277	2.467094	2005.1095569999961	-143.7230439999912	
concern-routing/tests/006.test.mjs	drained	complete	4580	3077	40457.195444	43262.737471	2805.542027000003	2738.5909720000004	3280430	331617	3.612047	2855.3077769999945	-49.765749999991385	
concern-routing/tests/007.test.mjs	drained	complete	4594	3077	41520.373243	41594.390445	74.01720199999545	23.357468999999995	21414	965	0.022379	59.77219799999875	14.245003999996698	
context-compression/tests/001.test.mjs	drained	complete	4605	3077	41596.600486	41665.681267	69.08078099999693	21.109322	18007	2248	0.020255	49.864645000001474	19.21613599999546	
context-compression/tests/002.test.mjs	drained	complete	4616	3077	41668.532262	42168.004669	499.4724070000011	458.237238	505279	59898	0.565177	497.3569510000016	2.11545599999954	
context-compression/tests/003.test.mjs	drained	complete	4629	3077	42171.373631	42873.429955	702.0563239999974	647.694892	657584	43577	0.701161	684.3883029999997	17.66802099999768	
context-compression/tests/004.test.mjs	drained	complete	4644	3077	42876.287092	43019.73765	143.4505580000041	99.790458	126120	13368	0.139488	151.07070899999962	-7.620150999995531	
context-compression/tests/005.test.mjs	drained	complete	4655	3077	43022.325124	43415.233697	392.9085730000006	344.989728	392829	64987	0.457816	403.48674899999605	-10.578175999995437	
context-compression/tests/006.test.mjs	drained	complete	4666	3077	43265.099134000004	43661.403311	396.30417699999816	350.694183	416017	58035	0.474052	405.57242899999983	-9.268252000001667	
context-compression/tests/007.test.mjs	drained	complete	4677	3077	43418.563307000004	43812.83189	394.2685829999973	348.312194	413714	49467	0.463181	397.4743649999946	-3.2057819999972708	
context-compression/tests/008.test.mjs	drained	complete	4688	3077	43664.088805	44073.334335	409.24553000000014	364.378773	448564	33684	0.482248	426.00764199999685	-16.762111999996705	
context-compression/tests/009.test.mjs	drained	complete	4700	3077	43815.688246	44221.137142	405.4488960000017	357.358032	423288	52150	0.475438	426.7296889999998	-21.280792999998084	
context-compression/tests/010.test.mjs	drained	complete	4711	3077	44075.847661	44234.920119	159.07245800000237	119.33894999999998	158549	15007	0.173556	168.10211899999558	-9.029660999993212	
context-compression/tests/011.test.mjs	drained	complete	4722	3077	44223.760253	44558.64808	334.88782699999865	289.51793	333847	38022	0.371869	341.93742100000236	-7.049594000003708	
context-compression/tests/012.test.mjs	drained	complete	4728	3077	44237.367683000004	44546.197406	308.8297229999953	264.166772	375295	25062	0.400357	295.4692240000004	13.360498999994888	
context-compression/tests/013.test.mjs	drained	complete	4744	3077	44548.614182	44684.004008	135.389826000006	95.633875	120726	12996	0.133722	146.15218699999969	-10.762360999993689	
context-compression/tests/014.test.mjs	drained	complete	4750	3077	44561.325284	44735.861861	174.53657699999894	135.495563	165637	20793	0.18643	175.20152200000302	-0.6649450000040815	
context-compression/tests/015.test.mjs	drained	complete	4766	3077	44687.1373	44797.511445000004	110.37414500000159	67.921646	71684	8294	0.079978	122.93676299999788	-12.562617999996291	
context-compression/tests/016.test.mjs	drained	complete	4777	3077	44738.771456	45069.032268	330.26081200000044	288.681807	359027	29193	0.38822	330.4546010000049	-0.19378900000447175	
context-compression/tests/017.test.mjs	drained	complete	4788	3077	44799.813697	45074.125026	274.31132900000375	226.490189	275430	27605	0.303035	274.29197900000145	0.019350000002305023	
context-compression/tests/018.test.mjs	drained	complete	4799	3077	45071.425002	47380.470611000004	2309.0456090000007	2244.9679810000002	2706722	305947	3.012669	2391.1774000000005	-82.1317909999998	
context-compression/tests/019.test.mjs	drained	complete	4800	3077	45077.285516	45815.621377	738.3358609999996	695.453649	1043599	92767	1.136366	794.0893319999959	-55.75347099999635	
context-compression/tests/020.test.mjs	drained	complete	4822	3077	45818.541591	46065.458374	246.91678300000058	205.180158	241926	30720	0.272646	237.63254900000175	9.284233999998833	
context-compression/tests/021.test.mjs	drained	complete	4834	3077	46068.184234	46457.215939	389.03170500000124	345.325001	409553	40927	0.45048	397.81601700000465	-8.78431200000341	
context-compression/tests/022.test.mjs	drained	complete	4845	3077	46459.620993000004	46921.603488	461.98249499999656	393.31192500000003	436012	51058	0.48707	440.96798399999534	21.01451100000122	
context-compression/tests/023.test.mjs	drained	complete	4858	3077	46924.158492	47078.22036	154.06186799999705	111.676336	124163	17865	0.142028	143.82065100000182	10.241216999995231	
context-compression/tests/024.test.mjs	drained	complete	4874	3077	47080.896502	65102.978671000004	18022.082169	17955.732205	17640623	1518864	19.159487	19602.455701000006	-1580.373532000005	
context-compression/tests/025.test.mjs	drained	complete	4885	3077	47383.720942	47738.861326	355.14038399999845	308.49173099999996	374541	40263	0.414804	408.6544270000013	-53.51404300000286	
context-compression/tests/026.test.mjs	drained	complete	4896	3077	47741.395661	48470.086419	728.690757999997	669.099702	1021351	82020	1.103371	750.885672999997	-22.194915000000037	
context-compression/tests/027.test.mjs	drained	complete	4907	3077	48472.337167	49045.876022000004	573.5388550000062	514.0712609999999	615176	63938	0.679114	567.5497499999983	5.989105000007839	
context-compression/tests/028.test.mjs	drained	complete	4918	3077	49048.602125	49173.783658	125.18153300000267	81.104354	83719	12808	0.096527	122.66481599999679	2.516717000005883	
context-compression/tests/029.test.mjs	drained	complete	4929	3077	49176.09689	49445.514761	269.41787099999783	219.16517199999998	260113	36644	0.296757	279.4005959999995	-9.982725000001665	
context-compression/tests/030.test.mjs	drained	complete	4940	3077	49448.829944	49672.807696	223.97775200000615	184.06035899999998	235201	31164	0.266365	244.41398099999788	-20.436228999991727	
crash-reconciliation/tests/001.test.mjs	drained	complete	4951	3077	49675.225664	49771.082175	95.85651100000541	54.752904	55535	8340	0.063875	114.75612700000056	-18.89961599999515	
crash-reconciliation/tests/002.test.mjs	drained	complete	4962	3077	49773.198967000004	49899.691695	126.49272799999744	84.951818	93616	4997	0.098613	119.14830200000142	7.3444259999960195	
crash-reconciliation/tests/003.test.mjs	drained	complete	4973	3077	49902.319657	50056.701703	154.3820459999988	102.373839	117425	20503	0.137928	149.21929999999702	5.162746000001789	
crash-reconciliation/tests/004.test.mjs	drained	complete	4984	3077	50059.273808	50113.109955	53.8361470000018	15.047494999999998	10183	5746	0.015929	53.405030000001716	0.4311170000000857	
crash-reconciliation/tests/005.test.mjs	drained	complete	4995	3077	50115.480722	50217.225328	101.7446060000002	63.997060999999995	67620	10266	0.077886	121.3370470000009	-19.59244100000069	
crash-reconciliation/tests/006.test.mjs	drained	complete	5006	3077	50219.431852	50328.689188000004	109.2573360000024	65.43524200000002	70623	9355	0.079978	105.20887100000255	4.048464999999851	
crash-reconciliation/tests/007.test.mjs	drained	complete	5017	3077	50331.488838	50474.680044	143.19120600000315	101.88646	112445	17271	0.129716	145.69219899999734	-2.500992999994196	
crash-reconciliation/tests/008.test.mjs	drained	complete	5028	3077	50477.098363	50579.350047	102.25168400000257	59.568582	61138	8825	0.069963	100.02858500000002	2.2230990000025486	
crash-reconciliation/tests/009.test.mjs	drained	complete	5039	3077	50581.770838000004	50923.022483	341.25164499999664	295.469176	351843	38139	0.389982	320.1825339999996	21.069110999997065	
crash-reconciliation/tests/010.test.mjs	drained	complete	5050	3077	50925.153285	51034.25726	109.10397499999817	62.921282999999995	67635	9515	0.07715	126.4937890000001	-17.389814000001934	
crash-reconciliation/tests/011.test.mjs	drained	complete	5061	3077	51036.809339	51133.052829	96.24349000000075	51.11821	52786	8195	0.060981	102.39326699999947	-6.149776999998721	
crash-reconciliation/tests/012.test.mjs	drained	complete	5072	3077	51135.463633	51254.81046	119.34682700000121	75.741838	82722	8261	0.090983	114.71404199999961	4.632785000001604	
crash-reconciliation/tests/013.test.mjs	drained	complete	5083	3077	51256.955961	51367.835589	110.87962800000241	68.023233	73146	3903	0.077049	95.49003999999695	15.38958800000546	
crash-reconciliation/tests/014.test.mjs	drained	complete	5094	3077	51370.214945	51489.898116000004	119.68317100000422	71.78323499999999	77701	4643	0.082344	101.4572960000005	18.225875000003725	
crash-reconciliation/tests/015.test.mjs	drained	complete	5105	3077	51492.403377	52567.178932	1074.7755550000002	1015.6713910000001	1433599	128610	1.562209	843.7370059999957	231.03854900000442	
crash-reconciliation/tests/016.test.mjs	drained	complete	5116	3077	52569.649908	52698.870088	129.2201800000039	90.750889	114196	9223	0.123419	143.79286899999715	-14.572688999993261	
crash-reconciliation/tests/017.test.mjs	drained	complete	5127	3077	52701.669746	52754.793721	53.12397500000225	14.684787000000004	13947	2019	0.015966	50.261226999995415	2.8627480000068317	
crash-reconciliation/tests/018.test.mjs	drained	complete	5138	3077	52756.840419	54773.455224	2016.6148049999974	1947.027689	2615137	235293	2.85043	2270.079424000003	-253.46461900000577	
crash-reconciliation/tests/019.test.mjs	drained	complete	5152	3077	54776.223605	54852.132089	75.90848399999959	19.721187	19252	1928	0.02118	62.470370999995794	13.438113000003796	
crash-reconciliation/tests/020.test.mjs	drained	complete	5163	3077	54853.89727	55264.545575000004	410.64830500000244	361.104826	415722	50977	0.466699	417.1077979999973	-6.459492999994836	
crash-reconciliation/tests/021.test.mjs	drained	complete	5174	3077	55266.989975000004	55583.054772	316.0647969999991	272.749474	353119	32703	0.385822	340.5330830000021	-24.46828600000299	
degeneration-guard/tests/001.test.mjs	drained	complete	5185	3077	55585.291462	55912.874566	327.58310399999755	277.044504	300970	38531	0.339501	316.29349399999774	11.289609999999811	
degeneration-guard/tests/002.test.mjs	drained	complete	5196	3077	55915.200152	56250.731734	335.53158200000325	282.26185799999996	264067	55814	0.319881	284.542469	50.98911300000327	
degeneration-guard/tests/003.test.mjs	drained	complete	5207	3077	56252.981291000004	56556.82434	303.8430489999955	249.96193999999997	250664	47500	0.298164	308.05570199999784	-4.2126530000023195	
degeneration-guard/tests/004.test.mjs	drained	complete	5218	3077	56559.330242	57267.901399	708.5711569999985	651.639405	1198127	203996	1.402123	788.9222999999984	-80.35114299999987	
degeneration-guard/tests/005.test.mjs	drained	complete	5239	3077	57270.087675	57555.345101	285.2574259999965	229.403564	239354	31783	0.271137	297.9585769999976	-12.701151000001119	
degeneration-guard/tests/006.test.mjs	drained	complete	5250	3077	57557.849601	57856.969877	299.12027600000147	248.45970699999998	271275	34889	0.306164	337.399093	-38.278816999998526	
degeneration-guard/tests/007.test.mjs	drained	complete	5261	3077	57859.299931	58201.692125	342.392194	292.52275899999995	319983	52530	0.372513	336.94052199999715	5.451672000002873	
degeneration-guard/tests/008.test.mjs	drained	complete	5272	3077	58204.426691	58508.57539	304.1486989999976	259.161318	276253	48376	0.324629	339.6876570000022	-35.53895800000464	
degeneration-guard/tests/009.test.mjs	drained	complete	5283	3077	58511.106328	58833.918407	322.8120789999957	274.568854	330655	43384	0.374039	384.2419030000019	-61.42982400000619	
degeneration-guard/tests/010.test.mjs	drained	complete	5295	3077	58836.346995	59111.06013	274.71313499999815	232.61579999999998	240371	40236	0.280607	301.83052199999656	-27.117386999998416	
degeneration-guard/tests/011.test.mjs	drained	complete	5306	3077	59113.488768	59252.107834	138.6190659999993	93.72326199999998	113405	15888	0.129293	130.0349520000018	8.584113999997498	
degeneration-guard/tests/012.test.mjs	drained	complete	5317	3077	59254.847152	59314.947688	60.1005359999981	16.830658	16220	2053	0.018273	53.82593000000634	6.274605999991763	
degeneration-guard/tests/013.test.mjs	drained	complete	5328	3077	59317.405002	59614.876284	297.4712819999986	249.822297	272984	40346	0.31333	303.7645180000036	-6.293236000004981	
delegation/tests/001.test.mjs	drained	complete	5339	3077	59617.584393	59680.223485	62.639092000004894	15.750324999999997	16179	1042	0.017221	59.47842700000183	3.160665000003064	
delegation/tests/002.test.mjs	drained	complete	5350	3077	59682.753009	59798.121099	115.36809000000358	69.94846999999999	73768	3948	0.077716	106.73251399999572	8.635576000007859	
delegation/tests/003.test.mjs	drained	complete	5361	3077	59800.695952	62369.649158	2568.9532059999983	2512.547613	3089402	250139	3.339541	2610.843955000004	-41.8907490000056	
delegation/tests/004.test.mjs	drained	complete	5372	3077	62372.79462	62423.860998000004	51.06637800000317	15.242430000000002	15723	838	0.016561	51.71091800000431	-0.6445400000011432	
delegation/tests/005.test.mjs	drained	complete	5383	3077	62426.091357	62752.697517	326.606160000003	283.583628	342252	38271	0.380523	319.0539420000059	7.552217999997083	
delegation/tests/006.test.mjs	drained	complete	5394	3077	62754.873885	63620.473214	865.5993289999969	813.18391	1229394	115724	1.345118	891.2245170000024	-25.625188000005437	
delegation/tests/007.test.mjs	drained	complete	5405	3077	63623.27067	64632.525624	1009.2549540000036	956.602231	1400434	123705	1.524139	768.7501269999993	240.5048270000043	
delegation/tests/008.test.mjs	drained	complete	5419	3077	64634.856863	65633.844513	998.9876500000028	944.85649	1336422	144568	1.48099	830.310341999997	168.67730800000572	
delegation/tests/009.test.mjs	drained	complete	5430	3077	65105.207757	66220.199112	1114.9913550000056	1052.265699	1393641	128438	1.522079	871.2715350000071	243.71981999999844	
delegation/tests/010.test.mjs	drained	complete	5441	3077	65636.11040800001	66765.94581	1129.835401999997	1074.045228	1436512	133609	1.570121	958.0564560000057	171.77894599999127	
delegation/tests/011.test.mjs	drained	complete	5452	3077	66222.523566	67252.968808	1030.4452420000016	977.393032	1303230	148068	1.451298	845.617876999997	184.82736500000465	
delegation/tests/012.test.mjs	drained	complete	5463	3077	66768.940885	67784.556768	1015.6158829999913	961.9576790000001	1314139	128261	1.4424	810.4135170000081	205.20236599998316	
delegation/tests/013.test.mjs	drained	complete	5474	3077	67257.78109	67686.614612	428.8335220000008	365.667253	400961	44656	0.445617	383.348880000005	45.4846419999958	
delegation/tests/014.test.mjs	drained	complete	5485	3077	67690.32677300001	68072.978592	382.6518189999915	336.846405	408168	54704	0.462872	478.52465599999414	-95.87283700000262	
delegation/tests/015.test.mjs	drained	complete	5496	3077	67787.068992	68292.6724	505.6034079999954	457.92568200000005	601362	74038	0.6754	519.8165529999969	-14.213145000001532	
delegation/tests/017.test.mjs	drained	complete	5507	3077	68075.476429	68133.652099	58.1756699999969	17.419819000000004	14819	2962	0.017781	56.69751899999392	1.4781510000029812	
delegation/tests/019.test.mjs	drained	complete	5518	3077	68136.20084800001	68308.938873	172.73802499999874	128.952374	157303	9058	0.166361	161.4441829999996	11.293841999999131	
delegation/tests/020.test.mjs	drained	complete	5529	3077	68296.790999	68349.64028	52.84928100000252	14.029437999999999	13102	2219	0.015321	64.44506399999955	-11.595782999997027	
delegation/tests/021.test.mjs	drained	complete	5535	3077	68311.793516	68446.641688	134.84817199999816	94.204933	117497	11509	0.129006	152.46019899999374	-17.612026999995578	
delegation/tests/022.test.mjs	drained	complete	5551	3077	68351.677198	68462.94097	111.26377199999115	73.82096100000001	78280	8975	0.087255	111.2088730000105	0.05489899998065084	
delegation/tests/023.test.mjs	drained	complete	5562	3077	68449.319583	69566.066318	1116.7467349999934	1056.6645039999999	1441644	130739	1.572383	950.5822570000018	166.1644779999915	
delegation/tests/024.test.mjs	drained	complete	5568	3077	68464.991032	70156.960678	1691.9696459999977	1635.891814	2134798	173387	2.308185	1663.125831000012	28.843814999985625	
delegation/tests/025.test.mjs	drained	complete	5584	3077	69569.18371	94701.469024	25132.285314000008	25066.921102	2508655	302250	2.810905	1781.4227059999976	23350.86260800001	
delegation/tests/026.test.mjs	drained	complete	5595	3077	70159.482991	73029.824084	2870.34109300001	2817.021971	1612611	133669	1.74628	2973.506236999994	-103.16514399998414	
delegation/tests/027.test.mjs	drained	complete	5662	3077	73032.263486	74257.819749	1225.5562630000059	1148.4260330000002	1585714	146734	1.732448	1099.5105509999994	126.04571200000646	
delegation/tests/028.test.mjs	drained	complete	5692	3077	74260.426351	74655.659589	395.2332380000007	349.66791	336064	43002	0.379066	286.9294779999909	108.30376000000979	
delegation/tests/029.test.mjs	drained	complete	5703	3077	74659.174731	74838.804235	179.6295039999968	141.282699	151438	33541	0.184979	175.26962999999523	4.359874000001582	
delegation/tests/030.test.mjs	drained	complete	5729	3077	74840.899341	74895.220283	54.32094200000574	15.642635000000006	14911	1969	0.01688	50.70271800000046	3.6182240000052843	
delegation/tests/031.test.mjs	drained	complete	5740	3077	74897.385228	76546.688464	1649.303236000007	1597.315285	2081533	188094	2.269627	1547.4523409999965	101.8508950000105	
delegation/tests/032.test.mjs	drained	complete	5771	3077	76549.790907	77673.77033	1123.979422999997	1054.9290660000001	1358070	141429	1.499499	960.6284069999965	163.35101600000053	
dispatch-protocol/tests/001.test.mjs	drained	complete	5802	3077	77679.792115	78260.254735	580.4626199999911	536.132649	807049	68722	0.875771	558.8713870000065	21.59123299998464	
dispatch-protocol/tests/002.test.mjs	drained	complete	5832	3077	78262.427996	78972.701211	710.2732150000083	663.274562	952180	89842	1.042022	772.0300750000024	-61.75685999999405	
dispatch-protocol/tests/003.test.mjs	drained	complete	5847	3077	78975.28704	80077.959494	1102.6724539999996	1033.4957459999998	1358454	140088	1.498542	987.5676439999952	115.10481000000436	
dispatch-protocol/tests/004.test.mjs	drained	complete	5873	3077	80081.386292	80853.84027	772.453978000005	716.389615	1032297	86699	1.118996	868.1057609999989	-95.65178299999388	
dispatch-protocol/tests/005.test.mjs	drained	complete	5903	3077	80856.187045	81182.80831000001	326.62126500000886	283.994505	335424	43174	0.378598	338.01472900000226	-11.3934639999934	
dispatch-protocol/tests/006.test.mjs	drained	complete	5914	3077	81185.437601	81619.009187	433.5715860000055	389.24857399999996	378859	35323	0.414182	329.0353289999912	104.5362570000143	
dispatch-protocol/tests/007.test.mjs	drained	complete	5929	3077	81621.283096	84379.616306	2758.333209999997	2690.70831	3025841	266554	3.292395	1659.9046399999934	1098.4285700000037	
dispatch-protocol/tests/008.test.mjs	drained	complete	5995	3077	84381.16936100001	84999.119034	617.9496729999955	574.510102	791738	62708	0.854446	650.9838969999983	-33.03422400000272	
dispatch-protocol/tests/009.test.mjs	drained	complete	6011	3077	85001.623984	86612.417957	1610.7939729999925	1550.454821	1815788	160492	1.97628	1781.5597340000095	-170.76576100001694	
dispatch-protocol/tests/010.test.mjs	drained	complete	6059	3077	86614.040712	87735.835031	1121.7943189999933	1069.7282950000001	1408864	107919	1.516783	1225.508989000009	-103.71467000001576	
dispatch-protocol/tests/011.test.mjs	drained	complete	6089	3077	87737.569435	88290.001731	552.432295999999	483.09534399999995	770637	79987	0.850624	612.9829659999959	-60.5506699999969	
dispatch-protocol/tests/012.test.mjs	drained	complete	6100	3077	88292.203526	88942.67529	650.4717640000017	594.7894769999999	883384	80513	0.963897	706.6040499999945	-56.132285999992746	
dispatch-protocol/tests/013.test.mjs	drained	complete	6131	3077	88945.167666	89485.100716	539.9330500000069	491.28960099999995	742299	59131	0.80143	596.3632849999995	-56.430234999992535	
dispatch-protocol/tests/014.test.mjs	drained	complete	6142	3077	89487.689292	89558.067479	70.37818700000935	20.457459	20590	929	0.021519	53.602656999995816	16.775530000013532	
dispatch-protocol/tests/015.test.mjs	drained	complete	6157	3077	89561.179912	91900.563053	2339.3831409999984	2271.5806890000003	3007462	272051	3.279513	2371.7681509999966	-32.38500999999815	
distribution/tests/001.test.mjs	drained	complete	6207	3077	91903.051623	92140.734629	237.68300599999202	195.120212	137827	36952	0.174779	227.54350400000112	10.139501999990898	
distribution/tests/002.test.mjs	drained	complete	6223	3077	92143.028275	93081.296582	938.2683069999912	897.970726	54329	5049	0.059378	972.2187149999954	-33.950408000004245	
distribution/tests/003.test.mjs	drained	complete	6256	3077	93083.951967	94217.403783	1133.4518160000007	1067.7883470000002	1053037	164943	1.21798	1130.8919670000032	2.5598489999974845	
distribution/tests/004.test.mjs	drained	complete	6273	3077	94220.048546	94279.990426	59.94187999999849	18.245063999999996	19292	0	0.019292	70.86902099999133	-10.927140999992844	
distribution/tests/005.test.mjs	drained	complete	6284	3077	94282.703124	96097.924321	1815.2211969999917	1766.7612139999999	1004453	422974	1.427427	1800.955814999994	14.265381999997771	
distribution/tests/006.test.mjs	drained	complete	6295	3077	94704.543105	94880.210783	175.66767799999798	137.561034	140911	22771	0.163682	168.92788299999665	6.7397950000013225	
distribution/tests/007.test.mjs	drained	complete	6307	3077	94882.60380900001	98470.597507	3587.993697999991	3533.039597	2352754	1478177	3.830931	3664.8047449999867	-76.8110469999956	
distribution/tests/008.test.mjs	drained	complete	6366	3077	96102.793068	96187.04554	84.2524720000074	47.222657	47854	6884	0.054738	85.54149299999699	-1.2890209999895887	
distribution/tests/009.test.mjs	drained	complete	6377	3077	96189.426331	96296.459439	107.03310800000327	70.029777	65674	12110	0.077784	105.76757400001225	1.2655339999910211	
distribution/tests/010.test.mjs	drained	complete	6388	3077	96298.580423	96466.69477	168.11434699999518	129.37950999999998	166372	18220	0.184592	182.75374400000146	-14.639397000006284	
durable-convergence/tests/001.test.mjs	drained	complete	6400	3077	96469.115723	96740.982478	271.86675500001	226.11652	295704	34450	0.330154	272.00825800000166	-0.14150299999164417	
durable-convergence/tests/002.test.mjs	drained	complete	6412	3077	96743.34872	97544.319694	800.9709740000108	761.263117	1344282	74037	1.418319	848.5186529999919	-47.547678999981144	
durable-convergence/tests/003.test.mjs	drained	complete	6425	3077	97546.439887	97999.398078	452.9581909999979	410.536007	382081	76380	0.458461	531.8478929999983	-78.8897020000004	
durable-convergence/tests/004.test.mjs	drained	complete	6472	3077	98001.683448	98288.750762	287.0673139999999	243.006007	326729	30726	0.357455	308.10829899999953	-21.040984999999637	
durable-convergence/tests/005.test.mjs	drained	complete	6484	3077	98291.210788	98584.672779	293.46199100000376	252.469663	327325	30002	0.357327	326.18937500000175	-32.72738399999798	
durable-convergence/tests/006.test.mjs	drained	complete	6495	3077	98473.78054200001	98770.803699	297.0231569999887	251.62669100000002	324982	32506	0.357488	293.48953999999503	3.533616999993683	
durable-convergence/tests/007.test.mjs	drained	complete	6506	3077	98587.314897	99001.620369	414.30547199999273	358.930163	417543	46941	0.464484	399.51842799999577	14.787043999996968	
durable-convergence/tests/008.test.mjs	drained	complete	6517	3077	98773.112974	99256.631588	483.5186140000005	440.45767	341864	97124	0.438988	483.951476000002	-0.432862000001478	
durable-convergence/tests/009.test.mjs	drained	complete	6528	3077	99004.056832	99368.941866	364.8850339999917	315.479681	347693	59251	0.406944	366.8019159999967	-1.916882000004989	
durable-convergence/tests/010.test.mjs	drained	complete	6593	3077	99259.018117	99714.745134	455.72701699999743	411.90848900000003	354134	73487	0.427621	514.0247570000065	-58.29774000000907	
durable-convergence/tests/011.test.mjs	drained	complete	6607	3077	99371.499547	100059.997276	688.4977289999952	640.9942450000001	541936	132890	0.674826	750.6258669999952	-62.128138000000035	
durable-events/tests/001.test.mjs	drained	complete	6666	3077	99717.152072	100063.200518	346.0484460000007	303.414789	383094	44472	0.427566	389.99115200000233	-43.942706000001635	
durable-events/tests/002.test.mjs	drained	complete	6723	3077	100062.224268	102489.255851	2427.031582999989	2375.423024	2661480	96355	2.757835	2329.3435279999976	97.68805499999144	
durable-events/tests/003.test.mjs	drained	complete	6724	3077	100065.433651	100433.32474	367.891088999997	320.565074	399840	36031	0.435871	402.5747890000057	-34.683700000008685	
durable-events/tests/004.test.mjs	drained	complete	6745	3077	100436.400785	101039.339083	602.9382979999937	548.668637	705439	82875	0.788314	601.9551920000085	0.9831059999851277	
durable-events/tests/005.test.mjs	drained	complete	6756	3077	101041.919093	101502.043447	460.1243539999996	417.983035	492203	78220	0.570423	483.6604660000012	-23.536112000001594	
durable-events/tests/006.test.mjs	drained	complete	6767	3077	101504.838418	101914.491087	409.6526690000028	371.32504	536398	57121	0.593519	401.44363200000953	8.209036999993259	
durable-events/tests/007.test.mjs	drained	complete	6779	3077	101917.122202	102249.36103	332.2388280000014	292.508759	387215	39365	0.42658	345.38962499999616	-13.150796999994782	
durable-events/tests/008.test.mjs	drained	complete	6790	3077	102251.804408	102544.968334	293.16392600000836	252.392841	333993	26476	0.360469	336.9481119999982	-43.78418599998986	
durable-events/tests/009.test.mjs	drained	complete	6801	3077	102492.683241	105055.43576000001	2562.7525190000015	2510.660915	2776932	91100	2.868032	2496.4879280000023	66.2645909999992	
durable-events/tests/010.test.mjs	drained	complete	6812	3077	102547.073087	103015.549222	468.47613500000443	413.32689400000004	538183	62213	0.600396	448.6205539999937	19.855581000010716	
durable-events/tests/011.test.mjs	drained	complete	6825	3077	103018.110006	103365.379609	347.26960299999337	300.044809	327801	53831	0.381632	368.74457199999597	-21.474969000002602	
durable-events/tests/012.test.mjs	drained	complete	6846	3077	103368.08618500001	103891.591498	523.5053129999869	481.12061	711769	81516	0.793285	556.5025170000008	-32.99720400001388	
durable-events/tests/013.test.mjs	drained	complete	6864	3077	103894.25585	104549.929498	655.6736479999963	603.187506	894275	99911	0.994186	673.7476820000011	-18.074034000004758	
durable-events/tests/014.test.mjs	drained	complete	6880	3077	104554.26942	105021.666495	467.39707500000077	416.946927	695793	67083	0.762876	543.8918510000076	-76.49477600000682	
durable-events/tests/015.test.mjs	drained	complete	6892	3077	105024.133642	105313.879409	289.74576700000034	240.60830399999998	283226	34674	0.3179	352.6514339999994	-62.905666999999085	
durable-events/tests/016.test.mjs	drained	complete	6899	3077	105057.990012	107363.91953300001	2305.9295210000128	2246.395872	2552397	90238	2.642635	2259.5458739999885	46.38364700002421	
durable-events/tests/017.test.mjs	drained	complete	6915	3077	105320.80132500001	105662.26704400001	341.4657189999998	292.946548	324621	38983	0.363604	351.89054999999644	-10.42483099999663	
durable-events/tests/018.test.mjs	drained	complete	6926	3077	105664.923753	106137.0395	472.11574700000347	424.094682	95214	26063	0.121277	513.8470000000088	-41.73125300000538	
durable-events/tests/019.test.mjs	drained	complete	6990	3077	106139.55364700001	108541.677386	2402.123738999988	2354.246106	2787052	86327	2.873379	2425.553937000004	-23.43019800001639	
durable-events/tests/020.test.mjs	drained	complete	7001	3077	107366.33044800001	107732.23463400001	365.90418599999975	319.157114	497762	46495	0.544257	388.35448800001177	-22.450302000012016	
durable-events/tests/021.test.mjs	drained	complete	7012	3077	107734.593953	108050.47221	315.87825700000394	272.104223	336233	48309	0.384542	329.9114730000001	-14.033215999996173	
durable-events/tests/022.test.mjs	drained	complete	7023	3077	108052.902937	108318.687862	265.78492499999993	226.56899700000002	244012	33893	0.277905	281.7300649999961	-15.945139999996172	
durable-events/tests/023.test.mjs	drained	complete	7034	3077	108321.200076	109148.66428900001	827.4642130000138	783.985362	1031633	115981	1.147614	849.3372110000055	-21.87299799999164	
durable-events/tests/024.test.mjs	drained	complete	7045	3077	108543.940776	108604.902579	60.961802999998326	19.407411999999994	18383	1033	0.019416	58.831102000011015	2.1307009999873117	
durable-events/tests/025.test.mjs	drained	complete	7056	3077	108607.443366	109068.365035	460.92166899998847	408.281965	421355	52299	0.473654	461.51406800000404	-0.5923990000155754	
effect-accounting/tests/001.test.mjs	drained	complete	7070	3077	109070.875937	109327.01232	256.13638299999	217.40122499999998	257778	34860	0.292638	282.74226099999214	-26.60587800000212	
effect-accounting/tests/002.test.mjs	drained	complete	7083	3077	109151.375003	109420.842069	269.467066000012	225.614793	283393	29601	0.312994	281.3188569999911	-11.85179099997913	
effect-accounting/tests/003.test.mjs	drained	complete	7094	3077	109329.487294	110042.370944	712.8836499999888	658.238989	961127	85559	1.046686	692.4810919999873	20.40255800000159	
effect-accounting/tests/004.test.mjs	drained	complete	7105	3077	109422.909934	109671.909942	249.0000080000027	198.404424	266114	28220	0.294334	315.3297650000022	-66.32975699999952	
effect-accounting/tests/005.test.mjs	drained	complete	7116	3077	109672.02165	110217.234988	545.2133380000014	493.160556	727982	51733	0.779715	542.2067219999881	3.0066160000133095	
effect-accounting/tests/006.test.mjs	drained	complete	7129	3077	110046.212596	110526.982302	480.7697060000064	429.877153	619718	51555	0.671273	536.8902610000077	-56.12055500000133	
effect-accounting/tests/007.test.mjs	drained	complete	7140	3077	110221.79564	110597.3565	375.5608599999978	333.77668500000004	370605	48781	0.419386	361.138254999998	14.422604999999749	
effect-accounting/tests/008.test.mjs	drained	complete	7151	3077	110529.467204	111680.171735	1150.7045309999958	1092.0728920000001	1418982	149696	1.568678	1171.9849050000048	-21.280374000009033	
effect-accounting/tests/010.test.mjs	drained	complete	7162	3077	110600.260955	110754.876396	154.61544100000174	109.54317599999999	131815	13990	0.145805	144.81209099999978	9.803350000001956	
effect-accounting/tests/012.test.mjs	drained	complete	7173	3077	110757.489318	111025.973205	268.48388699999487	227.104548	283801	26680	0.310481	283.54001500000595	-15.056128000011086	
execution-failure-policy/tests/001.test.mjs	drained	complete	7184	3077	111028.186652	111146.170109	117.98345699999481	76.55431200000001	85849	5010	0.090859	111.4539700000023	6.529486999992514	
execution-failure-policy/tests/002.test.mjs	drained	complete	7195	3077	111148.445271	112070.964479	922.5192079999979	866.1735150000001	925233	147802	1.073035	947.2584199999983	-24.739212000000407	
execution-failure-policy/tests/003.test.mjs	drained	complete	7206	3077	111682.472221	112555.947179	873.4749579999916	816.937551	942896	124908	1.067804	896.4119270000083	-22.93696900001669	
execution-failure-policy/tests/004.test.mjs	drained	complete	7217	3077	112073.104619	112229.145525	156.04090599999472	112.11031100000001	137556	12138	0.149694	142.71538999999757	13.325515999997151	
execution-failure-policy/tests/005.test.mjs	drained	complete	7228	3077	112232.877039	112330.11603800001	97.23899900000833	59.323458	64329	7198	0.071527	100.4379229999904	-3.198923999982071	
execution-failure-policy/tests/006.test.mjs	drained	complete	7239	3077	112332.469493	113186.275862	853.8063689999981	801.308974	880248	142453	1.022701	916.7506960000028	-62.944327000004705	
execution-failure-policy/tests/007.test.mjs	drained	complete	7250	3077	112558.801563	112836.26693700001	277.4653740000067	236.876706	310143	26228	0.336371	303.18984599999385	-25.724471999987145	
execution-failure-policy/tests/008.test.mjs	drained	complete	7261	3077	112840.991135	113128.833646	287.8425109999953	238.875154	297909	44598	0.342507	294.8484979999921	-7.005986999996821	
execution-failure-policy/tests/009.test.mjs	drained	complete	7272	3077	113131.233812	113235.989141	104.75532899999234	64.957161	70658	7276	0.077934	101.3126040000061	3.4427249999862397	
execution-failure-policy/tests/010.test.mjs	drained	complete	7283	3077	113189.638709	114131.507701	941.8689919999888	897.488562	986567	141509	1.128076	977.1648359999963	-35.29584400000749	
execution-failure-policy/tests/011.test.mjs	drained	complete	7294	3077	113238.46331400001	114049.681154	811.2178399999975	754.6328139999999	840353	140108	0.980461	846.987936999998	-35.77009700000053	
execution-failure-policy/tests/012.test.mjs	drained	complete	7305	3077	114052.283085	114377.124096	324.8410109999968	286.20949900000005	345415	54438	0.399853	337.83668600000965	-12.995675000012852	
execution-failure-policy/tests/013.test.mjs	drained	complete	7316	3077	114134.222923	114240.866584	106.64366100000916	62.898413000000005	60511	11392	0.071903	98.51080200000433	8.132859000004828	
execution-failure-policy/tests/014.test.mjs	drained	complete	7327	3077	114243.122974	114326.91539	83.79241599999659	42.100271000000006	36869	5709	0.042578	90.05112400000507	-6.2587080000084825	
execution-model-routing/tests/001.test.mjs	drained	complete	7338	3077	114329.327467	114476.743309	147.41584200000216	105.92886899999999	132279	15315	0.147594	156.10465400000976	-8.688812000007601	
execution-model-routing/tests/002.test.mjs	drained	complete	7349	3077	114382.799344	114584.761578	201.962234000006	163.36441200000002	183721	19541	0.203262	209.2999470000068	-7.337713000000804	
execution-model-routing/tests/003.test.mjs	drained	complete	7360	3077	114479.086725	118301.14857800001	3822.0618530000065	3738.996954	2294923	302732	2.597655	4116.501287000006	-294.4394339999999	
execution-model-routing/tests/004.test.mjs	drained	complete	7371	3077	114587.790766	114762.534455	174.74368899999536	133.031432	155322	17122	0.172444	207.36836400000902	-32.62467500001367	
execution-model-routing/tests/005.test.mjs	drained	complete	7382	3077	114765.28892	114911.19106	145.90213999999105	104.96958799999999	128276	13014	0.14129	152.82349099998828	-6.92135099999723	
execution-model-routing/tests/006.test.mjs	drained	complete	7393	3077	114914.99417	115099.776145	184.78197499999078	135.66484100000002	174758	13281	0.188039	177.33857500000158	7.443399999989197	
execution-model-routing/tests/007.test.mjs	drained	complete	7404	3077	115101.97799	115247.624563	145.64657300000545	105.200389	129131	17459	0.14659	156.5637260000076	-10.917153000002145	
execution-model-routing/tests/008.test.mjs	drained	complete	7415	3077	115249.96522700001	116863.295012	1613.3297849999944	1542.321841	2002327	211267	2.213594	1753.4255929999927	-140.09580799999821	
execution-model-routing/tests/009.test.mjs	drained	complete	7521	3077	116868.466861	119060.293854	2191.8269930000097	2112.6745690000002	2583734	246865	2.830599	2227.230012	-35.40301899999031	
execution-model-routing/tests/010.test.mjs	drained	complete	7561	3077	118305.451507	119546.6429	1241.191393000001	1158.4334589999999	1319025	147141	1.466166	1242.1344399999944	-0.9430469999933848	
execution-model-routing/tests/011.test.mjs	drained	complete	7574	3077	119062.578762	119127.280875	64.7021129999921	18.349975999999998	19693	51	0.019744	66.54834200000914	-1.846229000017047	
execution-model-routing/tests/012.test.mjs	drained	complete	7585	3077	119129.774835	119340.262607	210.48777199999313	169.260916	204324	15962	0.220286	207.69150299999455	2.796268999998574	
execution-model-routing/tests/013.test.mjs	drained	complete	7596	3077	119342.66233	119524.9799	182.31756999999925	141.5831	175766	13822	0.189588	162.33232300000964	19.985246999989613	
execution-model-routing/tests/014.test.mjs	drained	complete	7607	3077	119528.025496	124919.270064	5391.244567999995	5337.850766	6061979	114022	6.176001	5641.483359999998	-250.23879200000374	
execution-model-routing/tests/015.test.mjs	drained	complete	7615	3077	119549.292906	119696.269627	146.9767209999991	108.15327899999998	137930	7967	0.145897	156.04184099999839	-9.065119999999297	
execution-model-routing/tests/016.test.mjs	drained	complete	7630	3077	119697.769252	119771.417514	73.64826200000243	20.281265000000005	17640	2598	0.020238	69.56881599999906	4.079446000003372	
execution-model-routing/tests/017.test.mjs	drained	complete	7641	3077	119775.796334	119984.82267	209.02633599999535	151.947788	137460	23706	0.161166	215.53237400000216	-6.506038000006811	
execution-model-routing/tests/018.test.mjs	drained	complete	7653	3077	119988.561207	120156.91011900001	168.3489120000013	115.866735	127472	18171	0.145643	159.48239000000467	8.866521999996621	
execution-model-routing/tests/019.test.mjs	drained	complete	7664	3077	120159.160793	120313.359743	154.19894999999087	114.382034	133893	16222	0.150115	159.02150500001153	-4.822555000020657	
execution-model-routing/tests/020.test.mjs	drained	complete	7675	3077	120315.633761	120491.200538	175.566777	136.496348	159320	18142	0.177462	175.6650740000041	-0.09829700000409503	
feature-ablation/tests/001.test.mjs	drained	complete	7686	3077	120493.56484400001	121429.228862	935.6640179999958	890.926193	819431	441761	1.261192	972.8729329999915	-37.20891499999561	
feature-ablation/tests/002.test.mjs	drained	complete	7697	3077	121431.644283	121872.645551	441.0012679999927	397.42668499999996	651101	60840	0.711941	457.8001089999889	-16.798840999996173	
feature-ablation/tests/003.test.mjs	drained	complete	7708	3077	121875.288046	122518.126829	642.8387829999992	598.2645090000001	561981	294561	0.856542	682.1812539999955	-39.342470999996294	
feature-ablation/tests/004.test.mjs	drained	complete	7719	3077	122520.755517	123310.380251	789.6247339999973	746.749292	1183458	89097	1.272555	822.4724790000037	-32.8477450000064	
guidance-delivery/tests/001.test.mjs	drained	complete	7730	3077	123312.78789	123844.699296	531.9114059999993	489.21350199999995	816467	83475	0.899942	564.1242639999982	-32.21285799999896	
guidance-delivery/tests/002.test.mjs	drained	complete	7741	3077	123847.062339	124418.372584	571.3102450000006	527.3425689999999	844992	87893	0.932885	589.9996660000033	-18.689421000002767	
guidance-delivery/tests/003.test.mjs	drained	complete	7752	3077	124420.862404	124937.436485	516.5740809999988	466.19799	773886	88676	0.862562	536.3876420000015	-19.813561000002665	
guidance-delivery/tests/004.test.mjs	drained	complete	7763	3077	124922.040177	125559.604879	637.5647020000033	589.8708409999999	874188	95157	0.969345	732.7437970000028	-95.1790949999995	
guidance-delivery/tests/005.test.mjs	drained	complete	7769	3077	124939.674426	125553.940562	614.2661360000056	568.0477420000001	804602	83720	0.888322	677.8597030000092	-63.59356700000353	
guidance-delivery/tests/006.test.mjs	drained	complete	7785	3077	125556.693631	126197.132912	640.439280999999	591.150961	862246	81749	0.943995	687.4157299999933	-46.97644899999432	
guidance-delivery/tests/007.test.mjs	drained	complete	7791	3077	125562.953468	126200.368213	637.4147449999873	593.848985	863307	77062	0.940369	659.6380150000041	-22.223270000016782	
guidance-delivery/tests/008.test.mjs	drained	complete	7807	3077	126199.450262	126798.032394	598.5821319999959	547.0875990000001	860555	89648	0.950203	680.0530010000075	-81.47086900001159	
guidance-delivery/tests/009.test.mjs	drained	complete	7808	3077	126202.574685	126531.284497	328.70981200000097	280.795793	355900	34862	0.390762	357.0993470000103	-28.389535000009346	
guidance-delivery/tests/011.test.mjs	drained	complete	7829	3077	126538.102596	127081.701903	543.5993069999968	486.93532500000003	665871	63288	0.729159	553.313890999998	-9.714584000001196	
guidance-delivery/tests/012.test.mjs	drained	complete	7840	3077	126800.418531	126909.02385	108.60531899999478	65.10037	73064	7366	0.08043	110.0053290000069	-1.4000100000121165	
host-boundary/tests/001.test.mjs	drained	complete	7851	3077	126914.203945	127104.04315700001	189.83921200000623	150.05590999999998	166154	15278	0.181432	203.27004800000577	-13.430835999999545	
host-boundary/tests/002.test.mjs	drained	complete	7862	3077	127085.009017	127215.958703	130.94968599999265	85.21901899999999	98794	12124	0.110918	136.5201159999997	-5.570430000007036	
host-boundary/tests/003.test.mjs	drained	complete	7869	3077	127106.103568	128811.565208	1705.461639999994	1637.058115	2043461	206491	2.249952	1840.735063	-135.273423000006	
host-boundary/tests/004.test.mjs	drained	complete	7884	3077	127218.094865	127357.506974	139.41210899999714	101.19168099999999	120377	15626	0.136003	143.3491170000052	-3.9370080000080634	
host-boundary/tests/005.test.mjs	drained	complete	7895	3077	127359.60803	127575.837797	216.22976699999708	170.296424	220591	19777	0.240368	222.04238800000167	-5.812621000004583	
host-boundary/tests/006.test.mjs	drained	complete	7907	3077	127581.186286	127904.01781800001	322.83153200001107	278.898928	366287	37034	0.403321	357.58000499999616	-34.7484729999851	
host-boundary/tests/007.test.mjs	drained	complete	7918	3077	127906.632252	128021.268301	114.63604900000792	67.32542699999999	65826	16357	0.082183	103.75591700000223	10.880132000005688	
host-boundary/tests/008.test.mjs	drained	complete	7929	3077	128023.469694	128298.736223	275.26652900000045	233.14622699999998	277550	31568	0.309118	308.7886400000134	-33.522111000012956	
host-boundary/tests/009.test.mjs	drained	complete	7940	3077	128300.92855	128424.640435	123.71188499999698	85.061758	103010	14571	0.117581	133.2505749999982	-9.538690000001225	
host-boundary/tests/010.test.mjs	drained	complete	7953	3077	128427.175309	128558.449158	131.2738490000047	72.06933000000001	69934	4981	0.074915	94.61429499999213	36.65955400001258	
host-boundary/tests/011.test.mjs	drained	complete	7964	3077	128561.797982	128692.742608	130.9446259999968	89.42398800000001	109808	8934	0.118742	196.94739399998798	-66.00276799999119	
host-boundary/tests/012.test.mjs	drained	complete	7975	3077	128695.114719	128795.237175	100.12245599999733	57.73948	61638	4855	0.066493	97.25243599999521	2.870020000002114	
host-boundary/tests/013.test.mjs	drained	complete	7986	3077	128798.248888	130621.32415300001	1823.0752650000068	1736.166145	2203821	222357	2.426178	1915.3161039999977	-92.24083899999096	
host-boundary/tests/014.test.mjs	drained	complete	7993	3077	128814.226399	129664.429716	850.2033169999922	783.8128829999999	886714	120413	1.007127	896.6984669999947	-46.49515000000247	
host-boundary/tests/015.test.mjs	drained	complete	8010	3077	129667.451848	129831.260973	163.80912499999977	111.394871	153028	12757	0.165785	168.65138299998944	-4.84225799998967	
host-boundary/tests/016.test.mjs	drained	complete	8021	3077	129833.948272	130002.58345	168.63517800001136	119.68695600000001	163408	13108	0.176516	164.7838480000064	3.851330000004964	
host-boundary/tests/017.test.mjs	drained	complete	8032	3077	130004.913182	130127.406987	122.49380499999097	84.265061	97581	13522	0.111103	168.2664139999979	-45.77260900000692	
host-boundary/tests/018.test.mjs	drained	complete	8045	3077	130129.673452	130203.300031	73.6265790000034	31.103002000000004	26495	1826	0.028321	61.2795449999976	12.347034000005806	
host-boundary/tests/019.test.mjs	drained	complete	8056	3077	130208.795805	131149.22096799998	940.425162999978	858.013541	968048	118959	1.087007	964.5597650000127	-24.134602000034647	
host-boundary/tests/020.test.mjs	drained	complete	8067	3077	130624.538284	130894.05924700001	269.5209630000172	229.994327	297701	30818	0.328519	283.2932370000053	-13.772273999988101	
host-boundary/tests/021.test.mjs	drained	complete	8078	3077	130896.44030199999	131161.020131	264.57982900000934	222.256038	269613	34362	0.303975	249.1874450000032	15.392384000006132	
host-boundary/tests/022.test.mjs	drained	complete	8089	3077	131152.841716	132035.021888	882.180171999993	823.3521020000001	932810	126265	1.059075	883.835985999991	-1.6558139999979176	
host-boundary/tests/023.test.mjs	drained	complete	8095	3077	131163.282247	135476.935008	4313.652761000005	4277.223620999999	20889	3637	0.024526	4573.823498999991	-260.17073799998616	
host-boundary/tests/024.test.mjs	drained	complete	8148	3077	132039.38780599998	132169.696302	130.30849600001238	78.484332	85640	10370	0.09601	122.80483899998944	7.50365700002294	
host-boundary/tests/025.test.mjs	drained	complete	8159	3077	132172.424717	132363.651352	191.22663499999908	149.66709799999998	79516	12538	0.092054	208.25725500000408	-17.030620000005	
host-boundary/tests/026.test.mjs	drained	complete	8180	3077	132366.20374	132746.31823399998	380.11449399997946	318.40601599999997	342795	55072	0.397867	347.62749300000723	32.487000999972224	
host-boundary/tests/027.test.mjs	drained	complete	8193	3077	132749.377414	132942.733005	193.35559099999955	149.407335	146831	21862	0.168693	204.88584899999842	-11.530257999998867	
host-boundary/tests/028.test.mjs	drained	complete	8204	3077	132943.156303	133256.21579299998	313.0594899999851	271.87327999999997	262258	42089	0.304347	287.6552650000085	25.404224999976577	
host-boundary/tests/029.test.mjs	drained	complete	8215	3077	133259.797993	134210.62310499998	950.8251119999913	905.683061	361009	49101	0.41011	963.0167539999966	-12.191642000005231	
host-boundary/tests/030.test.mjs	drained	complete	8297	3077	134214.819827	134483.13381399997	268.31398699997226	200.17580800000002	227172	18122	0.245294	265.3742259999999	2.93976099997235	
host-boundary/tests/031.test.mjs	drained	complete	8309	3077	134487.21632399998	134692.68056399998	205.46424000000115	162.72504700000002	192717	29469	0.222186	247.3154050000012	-41.85116500000004	
host-boundary/tests/032.test.mjs	drained	complete	8333	3077	134695.376471	149473.890384	14778.513913000003	14692.155878	14567176	1827678	16.394854	15718.849322999988	-940.3354099999851	
host-boundary/tests/033.test.mjs	drained	complete	8363	3077	135479.11497099997	138154.991618	2675.8766470000264	2608.785011	3120260	325638	3.445898	2904.6776950000058	-228.80104799997935	
host-provider-failure-ownership/tests/001.test.mjs	drained	complete	8398	3077	138157.52798599997	140342.11203599998	2184.584050000005	2122.058955	2733912	276135	3.010047	2451.4013569999806	-266.8173069999757	
host-provider-failure-ownership/tests/002.test.mjs	drained	complete	8432	3077	140345.24519599997	140416.09709199998	70.8518960000074	24.573718	21575	2271	0.023846	60.61323000001721	10.23866599999019	
host-provider-failure-ownership/tests/003.test.mjs	drained	complete	8443	3077	140420.50128199998	140525.55418699997	105.05290499998955	66.728228	68130	6180	0.07431	100.96349200000986	4.089412999979686	
host-provider-failure-ownership/tests/004.test.mjs	drained	complete	8454	3077	140528.46535399999	142179.19178099997	1650.7264269999869	1589.7780380000002	2150181	201616	2.351797	1822.670237000013	-171.94381000002613	
host-provider-failure-ownership/tests/005.test.mjs	drained	complete	8484	3077	142182.833449	142328.55142099998	145.717971999984	93.589491	101806	24743	0.126549	140.85021899998537	4.867752999998629	
host-provider-failure-ownership/tests/006.test.mjs	drained	complete	8497	3077	142331.97056699998	142430.282193	98.31162600000971	62.721301	63210	11136	0.074346	101.20161999997799	-2.889993999968283	
host-provider-failure-ownership/tests/007.test.mjs	drained	complete	8509	3077	142432.804572	142486.23547299998	53.43090099998517	16.505348	16659	1180	0.017839	54.61681100001442	-1.1859100000292528	
institutional-learning/tests/001.test.mjs	drained	complete	8520	3077	142488.81655199997	144308.068985	1819.252433000016	1754.4107490000001	2297036	230416	2.527452	1928.5433909999847	-109.29095799996867	
institutional-learning/tests/002.test.mjs	drained	complete	8548	3077	144310.403447	144443.67354599998	133.27009899998666	75.30664200000001	73711	7072	0.080783	138.91772099997615	-5.6476219999894965	
institutional-learning/tests/003.test.mjs	drained	complete	8559	3077	144446.07063499998	146294.55513499997	1848.4844999999914	1775.806417	2320184	262505	2.582689	1944.4783839999873	-95.99388399999589	
institutional-learning/tests/004.test.mjs	drained	complete	8591	3077	146297.166944	148220.189769	1923.0228249999927	1856.37773	2373600	266182	2.639782	1982.5013529999997	-59.47852800000692	
institutional-learning/tests/005.test.mjs	drained	complete	8621	3077	148223.25568499998	148336.60007999997	113.3443949999928	62.334897999999995	64894	8999	0.073893	120.30478200002108	-6.960387000028277	
institutional-learning/tests/006.test.mjs	drained	complete	8634	3077	148340.121987	150554.46370499997	2214.3417179999815	2143.942852	2677994	310742	2.988736	2234.353860000003	-20.012142000021413	
institutional-learning/tests/007.test.mjs	drained	complete	8654	3077	149476.59300099997	151453.684552	1977.0915510000195	1914.520899	2355684	270644	2.626328	1976.4302969999844	0.6612540000351146	
institutional-learning/tests/008.test.mjs	drained	complete	8687	3077	150557.314299	152803.84779399997	2246.5334949999815	2175.734454	2607635	276581	2.884216	2369.9387029999925	-123.40520800001104	
interaction-authority/tests/001.test.mjs	drained	complete	8701	3077	151456.98298899998	151979.49335399998	522.5103649999946	476.086798	758867	56908	0.815775	516.1775510000007	6.332813999993959	
interaction-authority/tests/002.test.mjs	drained	complete	8713	3077	151982.123959	152580.644323	598.5203639999963	550.493295	780169	86223	0.866392	607.3017939999991	-8.781430000002729	
interaction-authority/tests/003.test.mjs	drained	complete	8725	3077	152583.21003199997	153288.538446	705.3284140000178	650.640715	915874	76431	0.992305	721.1773169999942	-15.848902999976417	
interaction-authority/tests/004.test.mjs	drained	complete	8736	3077	152808.836476	153190.766313	381.9298370000033	331.41483900000003	341316	51279	0.392595	340.33668199999374	41.593155000009574	
interaction-authority/tests/005.test.mjs	drained	complete	8747	3077	153194.69029799997	153815.97465999998	621.2843620000058	578.301958	857973	82958	0.940931	665.3820669999986	-44.09770499999286	
interaction-authority/tests/006.test.mjs	drained	complete	8758	3077	153292.36408399997	153659.881925	367.5178410000226	316.282185	354905	37192	0.392097	383.51488599998993	-15.99704499996733	
interaction-authority/tests/007.test.mjs	drained	complete	8769	3077	153659.98252299998	153796.86889299998	136.8863699999929	84.09175400000001	78354	13158	0.091512	119.8890830000164	16.997286999976495	
interaction-authority/tests/008.test.mjs	drained	complete	8780	3077	153799.853495	153977.794748	177.94125299999723	132.955557	173704	17368	0.191072	167.44247100001667	10.498781999980565	
interaction-authority/tests/009.test.mjs	drained	complete	8786	3077	153818.663485	153952.358473	133.69498800000292	94.24153999999999	99763	4341	0.104104	126.54540499998257	7.149583000020357	
interaction-authority/tests/010.test.mjs	drained	complete	8802	3077	153954.79641799998	154080.82502999998	126.02861199999461	76.30373	86745	3655	0.0904	108.41622000001371	17.6123919999809	
interaction-authority/tests/011.test.mjs	drained	complete	8808	3077	153980.274702	156975.54995599997	2995.2752539999783	2914.689246	3347350	365224	3.712574	3216.7389919999987	-221.46373800002038	
interaction-authority/tests/012.test.mjs	drained	complete	8824	3077	154083.017217	154192.86501299997	109.84779599998728	68.77720400000001	71921	10792	0.082713	99.585774999985	10.262021000002278	
interaction-authority/tests/013.test.mjs	drained	complete	8835	3077	154194.90189299997	154525.62725199998	330.72535900000366	283.537281	337735	41481	0.379216	322.96518900000956	7.760169999994105	
interaction-authority/tests/014.test.mjs	drained	complete	8846	3077	154529.849143	154636.540476	106.69133299999521	66.18589	72301	7722	0.080023	102.77557100000558	3.915761999989627	
interaction-authority/tests/015.test.mjs	drained	complete	8857	3077	154639.02746299998	155138.983947	499.9564840000239	457.15352	726288	75986	0.802274	486.65127100000973	13.305213000014191	
interaction-authority/tests/016.test.mjs	drained	complete	8869	3077	155141.51890099997	155298.407013	156.8881120000151	105.6115	121037	13323	0.13436	123.01647599998978	33.87163600002532	
interaction-authority/tests/017.test.mjs	drained	complete	8882	3077	155300.965264	156002.84881899998	701.8835549999785	657.722842	871258	76007	0.947265	653.083627999993	48.79992699998547	
interaction-authority/tests/018.test.mjs	drained	complete	8895	3077	156005.787292	156122.52424199998	116.73694999999134	76.94823199999999	75929	14771	0.0907	163.10565500002122	-46.36870500002988	
interaction-authority/tests/019.test.mjs	drained	complete	8908	3077	156125.08354499997	156625.90811699998	500.82457200001227	454.137948	725433	54488	0.779921	530.1265640000056	-29.301991999993334	
interaction-authority/tests/020.test.mjs	drained	complete	8922	3077	156628.233377	156684.59518399998	56.36180699997931	19.725730999999996	19795	785	0.02058	56.443376999988686	-0.08157000000937842	
interaction-authority/tests/021.test.mjs	drained	complete	8934	3077	156687.223102	157189.036405	501.81330300000263	458.50845599999997	667640	58238	0.725878	472.0745089999982	29.738794000004418	
interaction-authority/tests/022.test.mjs	drained	complete	8946	3077	156978.19576899998	157119.54383299997	141.3480639999907	103.03360599999999	98435	12629	0.111064	152.5685189999931	-11.220455000002403	
interaction-authority/tests/023.test.mjs	drained	complete	8957	3077	157123.839599	157242.995901	119.1563019999885	71.52161100000001	75865	11030	0.086895	106.06248399999458	13.093817999993917	
intra-participant-parallelism/tests/001.test.mjs	drained	complete	8968	3077	157192.248593	157248.592053	56.34346000000369	17.34372	17718	955	0.018673	48.660023000004	7.683436999999685	
intra-participant-parallelism/tests/002.test.mjs	drained	complete	8979	3077	157245.631868	157353.614095	107.98222700000042	63.44077	74022	6600	0.080622	112.40159399999538	-4.419366999994963	
intra-participant-parallelism/tests/003.test.mjs	drained	complete	8980	3077	157251.052079	157377.86549499998	126.81341599998996	86.919685	93871	8209	0.10208	119.87134199999855	6.942073999991408	
intra-participant-parallelism/tests/004.test.mjs	drained	complete	9001	3077	157356.39407699998	157492.89005299998	136.4959760000056	92.20590200000001	108731	18828	0.127559	130.7807529999991	5.715223000006517	
intra-participant-parallelism/tests/005.test.mjs	drained	complete	9007	3077	157380.129746	157515.59468699998	135.4649409999838	94.809402	112055	17486	0.129541	131.06950799998594	4.395432999997865	
intra-participant-parallelism/tests/006.test.mjs	drained	complete	9023	3077	157496.80126399998	157614.55656	117.75529600001755	70.025533	75784	11112	0.086896	117.04690700001083	0.7083890000067186	
intra-participant-parallelism/tests/007.test.mjs	drained	complete	9029	3077	157518.766828	157625.53400599997	106.76717799998005	68.11385100000001	77740	5065	0.082805	113.09142500002054	-6.3242470000404865	
intra-participant-parallelism/tests/008.test.mjs	drained	complete	9045	3077	157616.79698599997	157739.812393	123.01540700002806	85.19353000000001	91803	9357	0.10116	107.48191799997585	15.533489000052214	
intra-participant-parallelism/tests/009.test.mjs	drained	complete	9051	3077	157628.780197	158032.440091	403.65989400001126	362.707585	411053	53895	0.464948	371.867029999994	31.79286400001729	
intra-participant-parallelism/tests/010.test.mjs	drained	complete	9067	3077	157742.810348	157798.44155	55.63120199998957	15.836872	13366	3105	0.016471	53.90710400001262	1.724097999976948	
intra-participant-parallelism/tests/011.test.mjs	drained	complete	9078	3077	157801.844356	157942.47842799997	140.6340719999862	104.20252000000002	109759	13820	0.123579	139.4788899999985	1.1551819999876898	
intra-participant-parallelism/tests/012.test.mjs	drained	complete	9089	3077	157945.087427	158473.54970399998	528.4622769999842	470.053925	574541	68543	0.643084	522.4756420000049	5.986634999979287	
intra-participant-parallelism/tests/013.test.mjs	drained	complete	9101	3077	158035.109836	160477.456976	2442.347139999998	2379.9105999999997	2979256	302011	3.281267	2447.1440889999794	-4.796948999981396	
intra-participant-parallelism/tests/014.test.mjs	drained	complete	9116	3077	158476.17782299998	158619.29895499998	143.12113200000022	81.02707799999999	82993	13165	0.096158	115.55213200001162	27.56899999998859	
intra-participant-parallelism/tests/015.test.mjs	drained	complete	9127	3077	158624.39098999999	158746.699814	122.30882400000701	70.222001	78971	7170	0.086141	139.6735280000139	-17.364704000006896	
intra-participant-parallelism/tests/017.test.mjs	drained	complete	9139	3077	158749.69162099998	160971.75341099998	2222.061790000007	2144.1934060000003	2812519	290373	3.102892	2327.3870659999957	-105.32527599998866	
js-semantic-surface/tests/001.test.mjs	drained	complete	9157	3077	160480.15568599998	160636.27184799997	156.11616199999116	109.925182	125214	26042	0.151256	147.82244399999036	8.293718000000808	
js-semantic-surface/tests/002.test.mjs	drained	complete	9170	3077	160639.787873	163117.871241	2478.0833679999923	2416.0438120000003	3272317	161949	3.434266	2467.7475419999973	10.335825999994995	
js-semantic-surface/tests/003.test.mjs	drained	complete	9181	3077	160975.614679	163191.60202299998	2215.9873439999938	2141.800823	3369706	239218	3.608924	2173.901463999995	42.085879999998724	
js-semantic-surface/tests/004.test.mjs	drained	complete	9192	3077	163120.47011599998	163219.422684	98.95256800000789	48.49574400000001	47941	6813	0.054754	85.35940799998934	13.593160000018543	
js-semantic-surface/tests/005.test.mjs	drained	complete	9203	3077	163194.17196399998	163271.58466899997	77.41270499999519	30.963897999999993	25763	6210	0.031973	58.6280759999936	18.784629000001587	
js-semantic-surface/tests/006.test.mjs	drained	complete	9210	3077	163222.08736099998	167771.78504	4549.697679000004	4433.859318	5873152	535189	6.408341	4600.801690000022	-51.104011000017636	
knowledge-reuse/tests/001.test.mjs	drained	complete	9225	3077	163274.78479499999	163725.145191	450.3603960000037	408.71121999999997	425054	48213	0.473267	440.56632100002025	9.794074999983422	
knowledge-reuse/tests/002.test.mjs	drained	complete	9236	3077	163727.779242	164165.768819	437.9895770000003	383.805236	422534	55134	0.477668	430.2888640000019	7.700712999998359	
knowledge-reuse/tests/003.test.mjs	drained	complete	9247	3077	164168.451619	164320.57709699997	152.12547799997265	107.30235300000001	125248	13975	0.139223	152.29552400001558	-0.17004600004293025	
knowledge-reuse/tests/004.test.mjs	drained	complete	9258	3077	164323.487161	164757.263288	433.7761269999901	379.025282	420120	56384	0.476504	432.16547599999467	1.6106509999954142	
knowledge-reuse/tests/005.test.mjs	drained	complete	9269	3077	164764.413454	165704.17272899998	939.7592749999894	897.624683	726822	183268	0.91009	948.7331690000137	-8.973894000024302	
knowledge-reuse/tests/006.test.mjs	drained	complete	9285	3077	165706.66369199997	166206.13370699997	499.47001499999897	459.438968	535362	63276	0.598638	536.0103650000237	-36.54035000002477	
knowledge-reuse/tests/007.test.mjs	drained	complete	9307	3077	166209.05145499998	166556.738132	347.6866770000197	298.522996	368813	33848	0.402661	357.0041869999841	-9.317509999964386	
knowledge-reuse/tests/008.test.mjs	drained	complete	9318	3077	166559.299145	166920.42656899997	361.1274239999766	316.715452	379953	48039	0.427992	368.20882999998867	-7.081406000012066	
knowledge-reuse/tests/009.test.mjs	drained	complete	9330	3077	166924.066964	167271.538707	347.4717430000019	307.76221499999997	367646	39322	0.406968	351.86386399998446	-4.3921209999825805	
knowledge-reuse/tests/010.test.mjs	drained	complete	9343	3077	167273.898666	168836.08127	1562.1826040000014	1508.850732	1986110	213760	2.19987	1352.1701760000142	210.01242799998727	
knowledge-reuse/tests/011.test.mjs	drained	complete	9354	3077	167774.23749	168187.85249699999	413.6150069999858	366.70570299999997	409100	45991	0.455091	471.04165999998804	-57.42665300000226	
knowledge-reuse/tests/012.test.mjs	drained	complete	9374	3077	168190.78459199998	168576.83463	386.0500380000158	324.65349000000003	372834	43750	0.416584	364.2172170000267	21.832820999989053	
knowledge-reuse/tests/013.test.mjs	drained	complete	9388	3077	168579.07685999997	168648.470973	69.39411300001666	24.028723	21851	450	0.022301	51.46479100000579	17.92932200001087	
knowledge-reuse/tests/014.test.mjs	drained	complete	9399	3077	168652.013163	168804.50815799998	152.49499499998637	100.387145	122984	17324	0.140308	129.29844499999308	23.196549999993294	
knowledge-reuse/tests/015.test.mjs	drained	complete	9421	3077	168807.030095	169294.58450499998	487.55440999998245	433.36246700000004	462437	64672	0.527109	488.6935030000168	-1.139093000034336	
knowledge-reuse/tests/016.test.mjs	drained	complete	9428	3077	168838.500791	169368.24180599998	529.7410149999778	484.11619	551372	70352	0.621724	539.7529800000193	-10.011965000041528	
managed-chat-execution/tests/001.test.mjs	drained	complete	9453	3077	169297.16533599998	169620.38925699997	323.22392099999706	275.671833	354446	31875	0.386321	345.58857399999397	-22.364652999996906	
managed-chat-execution/tests/002.test.mjs	drained	complete	9468	3077	169370.57464399998	169743.599265	373.02462100001867	332.778296	430911	45269	0.47618	380.13596700000926	-7.11134599999059	
managed-chat-execution/tests/003.test.mjs	drained	complete	9479	3077	169623.08711599998	172275.167403	2652.080287000019	2570.4429800000003	3115709	348752	3.464461	2713.2157930000103	-61.13550599999144	
managed-chat-execution/tests/004.test.mjs	drained	complete	9490	3077	169747.201791	170227.35757	480.15577899999334	435.41882499999997	508698	49355	0.558053	480.78529299999354	-0.6295140000001993	
managed-chat-execution/tests/005.test.mjs	drained	complete	9502	3077	170231.84105599998	173072.96178399998	2841.120728000009	2777.865634	3350193	301841	3.652034	2988.6128080000053	-147.49207999999635	
managed-chat-execution/tests/006.test.mjs	drained	complete	9525	3077	172277.776436	174198.30805	1920.5316140000068	1836.336847	2314862	241805	2.556667	2118.871263000008	-198.33964900000137	
managed-chat-execution/tests/007.test.mjs	drained	complete	9539	3077	173075.235241	173453.57211699997	378.33687599998666	336.861151	410437	41072	0.451509	383.70337199998903	-5.366496000002371	
managed-chat-execution/tests/008.test.mjs	drained	complete	9550	3077	173456.08426899998	173515.87574699998	59.79147799999919	22.370288999999996	20289	2883	0.023172	51.694378000014694	8.097099999984493	
managed-chat-execution/tests/009.test.mjs	drained	complete	9561	3077	173519.10505299998	173695.477166	176.37211300001945	137.538255	169048	17055	0.186103	189.03712900000392	-12.665015999984462	
managed-chat-execution/tests/010.test.mjs	drained	complete	9579	3077	173698.096367	176309.040487	2610.94412	2546.3006809999997	3190586	267511	3.458097	2711.453749999986	-100.50962999998592	
managed-chat-execution/tests/011.test.mjs	drained	complete	9590	3077	174203.139374	174841.45743399998	638.3180599999905	588.334697	831182	72577	0.903759	625.0929529999848	13.225107000005664	
managed-chat-execution/tests/012.test.mjs	drained	complete	9601	3077	174844.163648	175566.857057	722.6934089999995	673.199155	970995	75988	1.046983	738.4698520000093	-15.776443000009749	
managed-chat-execution/tests/013.test.mjs	drained	complete	9619	3077	175569.18071199997	176211.13995399998	641.9592420000117	594.430746	884760	76518	0.961278	646.3632829999842	-4.404040999972494	
managed-chat-execution/tests/014.test.mjs	drained	complete	9632	3077	176213.99585699997	176565.13396099998	351.1381040000124	308.288378	381718	29997	0.411715	384.83548900001915	-33.69738500000676	
managed-session-lifecycle/tests/001.test.mjs	drained	complete	9643	3077	176311.64481	176438.36398099997	126.71917099997518	81.070897	89030	8650	0.09768	128.16639100000612	-1.4472200000309385	
managed-session-lifecycle/tests/002.test.mjs	drained	complete	9654	3077	176441.075093	176541.734771	100.65967799999635	63.680824	71579	7949	0.079528	111.31140800000867	-10.651730000012321	
managed-session-lifecycle/tests/003.test.mjs	drained	complete	9665	3077	176544.147799	176658.938558	114.79075899999589	73.36800500000001	76778	6065	0.082843	98.77701699998579	16.013742000010097	
managed-session-lifecycle/tests/004.test.mjs	drained	complete	9672	3077	176567.63797799998	177822.46139399998	1254.8234159999993	1190.577788	1581098	146808	1.727906	1060.1509509999887	194.67246500001056	
managed-session-lifecycle/tests/005.test.mjs	drained	complete	9687	3077	176661.67661	176802.56771399998	140.89110399998026	102.823623	120441	14193	0.134634	136.53522700001486	4.355876999965403	
managed-session-lifecycle/tests/006.test.mjs	drained	complete	9699	3077	176805.230048	177877.31339099997	1072.0833429999766	1020.345805	1402413	117183	1.519596	1081.7985120000085	-9.715169000031892	
managed-session-lifecycle/tests/007.test.mjs	drained	complete	9710	3077	177825.249662	179239.560745	1414.3110830000078	1355.664773	2033074	152646	2.18572	1465.3190360000008	-51.007952999992995	
managed-session-lifecycle/tests/008.test.mjs	drained	complete	9721	3077	177879.51267099997	179519.360105	1639.8474340000248	1580.918656	2096107	152378	2.248485	1693.8936210000247	-54.04618699999992	
managed-session-lifecycle/tests/009.test.mjs	drained	complete	9732	3077	179242.065354	180465.85704399997	1223.7916899999836	1174.5747450000001	1564742	169768	1.73451	1026.8266280000098	196.96506199997384	
managed-session-lifecycle/tests/010.test.mjs	drained	complete	9743	3077	179522.00480599998	179634.756864	112.75205800001277	71.263722	67756	13152	0.080908	132.4903789999953	-19.738320999982534	
managed-session-lifecycle/tests/011.test.mjs	drained	complete	9754	3077	179639.79723	179752.18435	112.38711999999941	75.415763	77304	10488	0.087792	130.3564460000198	-17.969326000020374	
managed-session-lifecycle/tests/012.test.mjs	drained	complete	9765	3077	179754.73343499997	180160.047134	405.3136990000203	362.032883	403988	41753	0.445741	406.47589800000424	-1.162198999983957	
managed-session-lifecycle/tests/013.test.mjs	drained	complete	9776	3077	180162.56645299998	181181.75129	1019.184837000008	972.012024	1355447	112213	1.46766	1061.675025000004	-42.490187999996124	
managed-session-lifecycle/tests/014.test.mjs	drained	complete	9787	3077	180468.746169	181656.613352	1187.8671829999948	1121.251195	1555978	143436	1.699414	915.2437550000031	272.6234279999917	
managed-session-lifecycle/tests/015.test.mjs	drained	complete	9798	3077	181184.200613	182396.387019	1212.1864059999934	1157.2803040000001	1594648	137520	1.732168	1243.7737910000142	-31.58738500002073	
managed-session-lifecycle/tests/016.test.mjs	drained	complete	9809	3077	181659.04744	181852.15682099998	193.10938099998748	145.367252	164110	18299	0.182409	168.5289530000009	24.58042799998657	
managed-session-lifecycle/tests/017.test.mjs	drained	complete	9820	3077	181855.789841	182064.87719499998	209.0873539999884	128.269989	142280	24486	0.166766	163.72258099997998	45.36477300000843	
managed-session-lifecycle/tests/018.test.mjs	drained	complete	9831	3077	182067.35498399998	184943.020777	2875.665793000022	2800.37655	3575940	314055	3.889995	2813.0215729999763	62.64422000004561	
managed-session-lifecycle/tests/019.test.mjs	drained	complete	9842	3077	182399.641007	185035.90096099998	2636.259953999979	2571.440818	3001697	328655	3.330352	2685.3364770000044	-49.07652300002519	
managed-session-lifecycle/tests/020.test.mjs	drained	complete	9875	3077	184946.305601	187479.691807	2533.3862059999956	2477.513012	575660	41436	0.617096	2607.070188999991	-73.68398299999535	
managed-session-lifecycle/tests/021.test.mjs	drained	complete	9886	3077	185038.40516899998	185095.96057	57.55540100001963	16.698798000000004	17011	1015	0.018026	52.6369190000114	4.918482000008225	
managed-session-lifecycle/tests/022.test.mjs	drained	complete	9904	3077	185098.613132	185504.60265699998	405.9895249999827	363.139863	406067	51551	0.457618	442.7065719999955	-36.717047000012826	
managed-session-lifecycle/tests/023.test.mjs	drained	complete	9923	3077	185506.39264399998	185599.45392099998	93.0612770000007	54.749087	56109	6984	0.063093	91.23675199999707	1.8245250000036322	
managed-session-lifecycle/tests/024.test.mjs	drained	complete	9934	3077	185602.056735	185715.94969799998	113.89296299999114	77.125719	92235	6085	0.09832	150.1750539999921	-36.282091000000946	
managed-session-lifecycle/tests/025.test.mjs	drained	complete	9945	3077	185718.25078799998	186777.845419	1059.5946310000145	1011.082311	1340599	108610	1.449209	1093.9636750000063	-34.369043999991845	
obligation-ledger/tests/001.test.mjs	drained	complete	9962	3077	186779.548652	187246.60635599997	467.0577039999771	405.786226	473708	52492	0.5262	430.4296150000009	36.62808899997617	
obligation-ledger/tests/002.test.mjs	drained	complete	9974	3077	187250.161974	187709.698571	459.53659699999844	401.818556	417001	62059	0.47906	422.840080999973	36.69651600002544	
obligation-ledger/tests/003.test.mjs	drained	complete	9985	3077	187482.257885	187538.40559399998	56.14770899998257	14.673743000000002	14066	2005	0.016071	50.15276699999231	5.99494199999026	
obligation-ledger/tests/004.test.mjs	drained	complete	9996	3077	187541.467472	187977.557252	436.08978000000934	393.01193700000005	459284	67959	0.527243	453.97258599998895	-17.88280599997961	
obligation-ledger/tests/005.test.mjs	drained	complete	10007	3077	187712.352819	188136.527359	424.17454000000726	381.112326	441496	52391	0.493887	432.62996900000144	-8.455428999994183	
obligation-ledger/tests/006.test.mjs	drained	complete	10018	3077	187979.99821199998	188035.243181	55.24496900002123	18.591958	16868	2015	0.018883	52.293441999994684	2.9515270000265446	
obligation-ledger/tests/007.test.mjs	drained	complete	10029	3077	188037.66414399998	188092.88153699998	55.21739299999899	19.291801999999997	18994	2119	0.021113	53.68918200000189	1.5282109999970999	
office-capability/tests/001.test.mjs	drained	complete	10040	3077	188095.79121999998	188152.590752	56.79953200000455	16.650378000000003	16852	970	0.017822	50.14614299999084	6.6533890000137035	
office-capability/tests/003.test.mjs	drained	complete	10051	3077	188139.102509	188237.80200099997	98.69949199998518	53.256605	56666	6923	0.063589	89.30124999998952	9.398241999995662	
office-capability/tests/004.test.mjs	drained	complete	10057	3077	188154.903569	188210.88721	55.9836409999989	15.138539000000002	16422	0	0.016422	49.94914399998379	6.034497000015108	
office-capability/tests/005.test.mjs	drained	complete	10073	3077	188213.543962	188271.84689199997	58.302929999976186	17.769899000000002	18126	1049	0.019175	49.295051000022795	9.007878999953391	
office-capability/tests/006.test.mjs	drained	complete	10080	3077	188240.320969	188307.11782999997	66.79686099998071	22.546739000000002	23630	947	0.024577	59.915250999998534	6.8816099999821745	
office-capability/tests/007.test.mjs	drained	complete	10091	3077	188274.076388	188425.26388999997	151.18750199998613	109.051313	138344	14975	0.153319	148.8973850000184	2.2901169999677222	
office-capability/tests/011.test.mjs	drained	complete	10102	3077	188309.86799899998	188362.01982199997	52.15182299999287	15.667845999999997	15548	1357	0.016905	49.82397699999274	2.327846000000136	
office-capability/tests/012.test.mjs	drained	complete	10117	3077	188364.652282	188461.18640799998	96.5341259999841	57.2475	54180	12604	0.066784	88.80005099999835	7.734074999985751	
office-capability/tests/015.test.mjs	drained	complete	10128	3077	188428.152893	188520.43966399998	92.28677099998458	48.260272	49951	8036	0.057987	89.47502900002291	2.8117419999616686	
office-capability/tests/016.test.mjs	drained	complete	10135	3077	188463.85215999998	188552.50023099998	88.64807100000326	48.391143	45237	13198	0.058435	84.1191000000108	4.528970999992453	
office-capability/tests/017.test.mjs	drained	complete	10150	3077	188523.447681	188620.44637299998	96.99869199999375	56.346768	61294	3024	0.064318	89.34947000001557	7.649221999978181	
office-capability/tests/018.test.mjs	drained	complete	10157	3077	188555.115546	188656.15520799998	101.03966199999559	54.804941	55962	4140	0.060102	86.5867380000127	14.452923999982886	
participant-horizon/tests/001.test.mjs	drained	complete	10172	3077	188623.12743599998	188684.26354699998	61.1361109999998	17.285076000000004	18537	145	0.018682	51.362484999990556	9.773626000009244	
participant-horizon/tests/002.test.mjs	drained	complete	10179	3077	188660.50945399998	188743.84990399997	83.34044999998878	37.32450600000001	50244	3197	0.053441	72.4804170000134	10.860032999975374	
participant-horizon/tests/003.test.mjs	drained	complete	10190	3077	188687.195782	189016.527675	329.33189299999503	284.20680999999996	356882	33953	0.390835	328.2414670000144	1.0904259999806527	
participant-horizon/tests/004.test.mjs	drained	complete	10205	3077	188747.03354799998	188798.86606399997	51.83251599999494	15.500573999999997	15864	994	0.016858	48.763810999982525	3.0687050000124145	
participant-horizon/tests/005.test.mjs	drained	complete	10216	3077	188801.033003	189118.492069	317.45906600001035	273.89443500000004	324199	49009	0.373208	325.86127600001055	-8.402210000000196	
participant-horizon/tests/006.test.mjs	drained	complete	10227	3077	189021.02475799999	189074.80378699998	53.779028999997536	15.438356000000002	16447	84	0.016531	54.52295199999935	-0.7439230000018142	
participant-horizon/tests/007.test.mjs	drained	complete	10238	3077	189077.388067	189132.058425	54.670358000003034	16.906304999999996	17284	1099	0.018383	49.21193600000697	5.458421999996062	
participant-horizon/tests/008.test.mjs	drained	complete	10249	3077	189121.36302999998	189174.07206699997	52.70903699999326	15.135524000000004	15490	927	0.016417	51.54011099998024	1.1689260000130162	
participant-horizon/tests/009.test.mjs	drained	complete	10255	3077	189134.921633	189915.93182199998	781.0101889999933	733.859612	1087225	99574	1.186799	801.250251999998	-20.24006300000474	
participant-horizon/tests/010.test.mjs	drained	complete	10271	3077	189177.703647	189989.203533	811.4998860000051	760.477578	970554	133651	1.104205	787.8133129999915	23.686573000013595	
participant-horizon/tests/011.test.mjs	drained	complete	10282	3077	189918.79505999997	190730.93445899998	812.139399000007	751.064553	1118089	120002	1.238091	783.8254149999993	28.313984000007622	
participant-horizon/tests/012.test.mjs	drained	complete	10293	3077	189991.775439	190132.38605799997	140.61061899998458	102.387302	111267	14711	0.125978	128.28057999999146	12.330038999993121	
participant-horizon/tests/013.test.mjs	drained	complete	10304	3077	190135.073007	190374.86416199998	239.79115499998443	188.727987	217540	20875	0.238415	215.0608479999937	24.730306999990717	
participant-horizon/tests/014.test.mjs	drained	complete	10315	3077	190376.99142699997	190434.72786299998	57.736436000006506	18.871287999999996	17384	1023	0.018407	49.865406999975676	7.8710290000308305	
participant-horizon/tests/015.test.mjs	drained	complete	10326	3077	190440.78597599998	190565.74499399998	124.9590179999941	63.28928199999999	57211	5108	0.062319	101.49063600000227	23.468381999991834	
participant-identity/tests/001.test.mjs	drained	complete	10337	3077	190571.55877099998	190753.839066	182.28029500000412	124.30500099999999	86508	10746	0.097254	198.81202099999064	-16.53172599998652	
participant-identity/tests/002.test.mjs	drained	complete	10355	3077	190733.46601799998	191401.07415899998	667.6081410000043	613.056696	752198	100866	0.853064	664.0799410000036	3.528200000000652	
participant-identity/tests/003.test.mjs	drained	complete	10361	3077	190756.139236	190841.984928	85.8456920000026	49.94357699999999	53184	6004	0.059188	93.25125400000252	-7.405561999999918	
participant-identity/tests/004.test.mjs	drained	complete	10377	3077	190844.09761599998	191300.97940399998	456.8817879999988	405.828211	473939	60146	0.534085	467.3982299999916	-10.516441999992821	
participant-identity/tests/005.test.mjs	drained	complete	10388	3077	191303.419432	191433.740352	130.3209199999983	91.60679300000001	111296	16838	0.128134	134.89663200001814	-4.575712000019848	
participant-identity/tests/007.test.mjs	drained	complete	10399	3077	191403.648919	191497.13246099997	93.48354199997266	50.073895	54842	3252	0.058094	90.57309299998451	2.910448999988148	
participant-identity/tests/008.test.mjs	drained	complete	10406	3077	191436.310443	193205.784395	1769.4739520000003	1688.729838	2096422	231608	2.32803	1810.7111370000057	-41.23718500000541	
participant-identity/tests/009.test.mjs	drained	complete	10421	3077	191499.87547899998	194028.46838399998	2528.5929049999977	2464.971671	443500	55998	0.499498	2533.4240010000067	-4.8310960000089835	
participant-identity/tests/010.test.mjs	drained	complete	10445	3077	193211.105735	193347.32914	136.223404999997	81.849482	98899	11320	0.110219	120.71681199999875	15.506592999998247	
prefix-stability/tests/001.test.mjs	drained	complete	10456	3077	193350.540716	195360.51055799998	2009.9698419999913	1945.531067	2592607	178884	2.771491	2076.982432000019	-67.01259000002756	
prefix-stability/tests/002.test.mjs	drained	complete	10471	3077	194031.194215	194208.99119499998	177.79697999998461	137.763065	173230	16040	0.18927	170.4929949999787	7.303985000005923	
prefix-stability/tests/003.test.mjs	drained	complete	10482	3077	194211.627582	201241.461322	7029.833740000002	6966.194926	3780384	320350	4.100734	7339.680469999992	-309.8467299999902	
prefix-stability/tests/004.test.mjs	drained	complete	10508	3077	195362.884042	195471.31130799997	108.42726599998423	70.570839	72299	9216	0.081515	109.22600300001795	-0.798737000033725	
prefix-stability/tests/005.test.mjs	drained	complete	10519	3077	195475.17923799998	195579.836379	104.65714100000332	66.625326	70864	9754	0.080618	106.07834899998852	-1.4212079999851994	
prefix-stability/tests/006.test.mjs	drained	complete	10530	3077	195584.79750699998	195926.61770099998	341.8201939999999	303.747754	355083	35679	0.390762	386.05166599998483	-44.23147199998493	
prefix-stability/tests/007.test.mjs	drained	complete	10543	3077	195928.976466	196862.218505	933.2420390000043	875.352722	1007932	128382	1.136314	706.6331639999989	226.60887500000536	
prefix-stability/tests/008.test.mjs	drained	complete	10554	3077	196864.79353499998	197016.30696299998	151.51342800000566	110.82977600000001	132202	16702	0.148904	153.40115199997672	-1.8877239999710582	
prefix-stability/tests/009.test.mjs	drained	complete	10567	3077	197019.96414099997	197357.693852	337.7297110000218	275.065746	296361	43172	0.339533	354.72145100001944	-16.991739999997662	
prefix-stability/tests/010.test.mjs	drained	complete	10582	3077	197360.320388	198095.247179	734.9267910000053	687.577611	997851	89028	1.086879	793.7450259999896	-58.81823499998427	
prefix-stability/tests/011.test.mjs	drained	complete	10598	3077	198098.842617	198163.45870599998	64.61608899998828	19.861415	19408	2066	0.021474	60.669006000010995	3.947082999977283	
prefix-stability/tests/012.test.mjs	drained	complete	10609	3077	198165.65060199998	206006.36444399998	7840.713841999997	7758.146128	7932495	809688	8.742183	8199.773711999995	-359.0598699999973	
prefix-stability/tests/013.test.mjs	drained	complete	10636	3077	201243.940514	201399.042589	155.10207500000251	111.34119899999999	122785	12341	0.135126	141.9240090000094	13.178065999993123	
prefix-stability/tests/014.test.mjs	drained	complete	10648	3077	201401.66939599998	201946.234493	544.5650970000133	487.674177	729070	69842	0.798912	531.7669129999995	12.798184000013862	
prefix-stability/tests/015.test.mjs	drained	complete	10665	3077	201948.46286499998	202318.45906899997	369.9962039999955	325.52009499999997	406167	38298	0.444465	409.18669599998975	-39.190491999994265	
process-execution/tests/001.test.mjs	drained	complete	10676	3077	202322.80787599998	202535.17693299998	212.36905700000352	173.221977	214327	26792	0.241119	216.69243899997673	-4.323381999973208	
process-execution/tests/002.test.mjs	drained	complete	10687	3077	202537.73062599998	204677.883644	2140.153018000012	2101.314229	125763	17785	0.143548	2136.648974999989	3.504043000022648	
process-execution/tests/003.test.mjs	drained	complete	10713	3077	204680.592365	204892.93378599998	212.34142099999008	165.34614699999997	171245	20103	0.191348	216.97116899999673	-4.629748000006657	
process-execution/tests/004.test.mjs	drained	complete	10724	3077	204895.440962	206202.600331	1307.1593690000009	1263.189228	140317	8044	0.148361	1271.1471949999977	36.01217400000314	
process-execution/tests/005.test.mjs	drained	complete	10735	3077	206008.76384899998	206426.82749999998	418.06365100000403	374.63160100000005	438092	53761	0.491853	433.55647899999167	-15.49282799998764	
process-execution/tests/006.test.mjs	drained	complete	10746	3077	206204.877828	208398.075109	2193.1972810000007	2150.8279799999996	147863	22317	0.17018	2195.1317549999803	-1.934473999979673	
process-execution/tests/007.test.mjs	drained	complete	10759	3077	206429.33729999998	206661.36763999998	232.03033999999752	194.999271	144640	16202	0.160842	266.6126800000202	-34.58234000002267	
process-execution/tests/008.test.mjs	drained	complete	10777	3077	206663.65963399998	206757.884569	94.22493500000564	57.289606	63401	7931	0.071332	95.05694400001084	-0.8320090000052005	
process-execution/tests/009.test.mjs	drained	complete	10788	3077	206760.05597199997	206908.93368599997	148.87771400000202	113.56463999999998	150747	8309	0.159056	143.26648699998623	5.611227000015788	
process-execution/tests/010.test.mjs	drained	complete	10799	3077	206911.37897299998	207311.38429999998	400.00532699999167	358.103497	415426	58292	0.473718	413.9929159999883	-13.98758899999666	
process-execution/tests/011.test.mjs	drained	complete	10820	3077	207313.82073399998	207751.696424	437.8756900000153	393.713885	475282	57224	0.532506	446.65041900001233	-8.774728999997023	
process-execution/tests/012.test.mjs	drained	complete	10847	3077	207753.84646399997	207864.533798	110.68733400001656	74.891861	75609	16123	0.091732	115.27970600000117	-4.592371999984607	
process-execution/tests/013.test.mjs	drained	complete	10858	3077	207867.001219	208309.516682	442.5154629999888	398.209045	411333	54467	0.4658	481.78332200000295	-39.26785900001414	
process-execution/tests/014.test.mjs	drained	complete	10893	3077	208311.96367499998	208801.42330899998	489.4596339999989	441.899777	465355	68227	0.533582	507.33341500000097	-17.873781000002054	
process-execution/tests/015.test.mjs	drained	complete	10904	3077	208401.74750099998	209112.90224199998	711.1547410000057	665.195254	500132	73820	0.573952	734.628590999986	-23.473849999980303	
process-execution/tests/016.test.mjs	drained	complete	10926	3077	208804.793155	208957.16504499997	152.37188999998034	113.79207799999999	147655	12129	0.159784	152.28982100001303	0.08206899996730499	
provider-attempt-recovery/tests/001.test.mjs	drained	complete	10984	3077	208959.499609	209353.268495	393.7688860000053	340.895168	415303	35158	0.450461	395.5400629999931	-1.7711769999878015	
provider-attempt-recovery/tests/002.test.mjs	drained	complete	11032	3077	209115.48003799998	209507.973607	392.49356900001294	348.763714	437708	45027	0.482735	421.5630359999777	-29.06946699996479	
provider-attempt-recovery/tests/003.test.mjs	drained	complete	11043	3077	209356.033079	209978.850186	622.8171070000099	573.099739	875133	88898	0.964031	644.6457070000179	-21.82860000000801	
provider-attempt-recovery/tests/004.test.mjs	drained	complete	11054	3077	209510.89513299998	210121.15765699997	610.2625239999907	564.6107049999999	737408	81302	0.81871	594.6053510000056	15.65717299998505	
provider-attempt-recovery/tests/005.test.mjs	drained	complete	11066	3077	209980.41745799998	210689.14657399998	708.7291160000023	651.509632	980826	98551	1.079377	695.9578000000038	12.771315999998478	
provider-attempt-recovery/tests/006.test.mjs	drained	complete	11077	3077	210124.387868	210234.535281	110.14741299999878	69.854118	72882	8980	0.081862	101.80159600000479	8.345816999993986	
provider-attempt-recovery/tests/007.test.mjs	drained	complete	11088	3077	210237.39906999998	210706.028226	468.62915600000997	418.265452	442166	55044	0.49721	463.9962930000038	4.632863000006182	
provider-attempt-recovery/tests/008.test.mjs	drained	complete	11099	3077	210691.936085	210872.949769	181.01368400000501	137.40642200000002	163538	24175	0.187713	183.99729600001592	-2.9836120000109076	
provider-attempt-recovery/tests/009.test.mjs	drained	complete	11105	3077	210708.670983	211092.776028	384.1050450000039	336.479149	400105	50416	0.450521	378.2324610000069	5.872583999997005	
provider-attempt-recovery/tests/010.test.mjs	drained	complete	11121	3077	210876.10865699998	211021.959484	145.85082700001658	100.47621899999999	121855	12725	0.13458	128.30242900000303	17.54839800001355	
provider-attempt-recovery/tests/011.test.mjs	drained	complete	11132	3077	211026.54271799998	211486.20654699998	459.66382899999735	410.48705500000005	481755	64392	0.546147	460.63266199998907	-0.9688329999917187	
provider-attempt-recovery/tests/012.test.mjs	drained	complete	11143	3077	211095.15069399998	211308.02203899997	212.8713449999923	164.000897	202492	14482	0.216974	219.9919649999938	-7.120620000001509	
provider-attempt-recovery/tests/013.test.mjs	drained	complete	11154	3077	211311.10731999998	211424.081579	112.97425900000962	68.85878199999999	68132	10340	0.078472	106.27172300001257	6.702535999997053	
provider-attempt-recovery/tests/014.test.mjs	drained	complete	11165	3077	211426.76379899998	211965.23525499998	538.4714559999993	492.425912	702506	73672	0.776178	506.0247499999823	32.446706000017	
provider-attempt-recovery/tests/015.test.mjs	drained	complete	11176	3077	211488.79963999998	211894.18926999997	405.3896299999906	361.558659	426289	47066	0.473355	398.29589999999735	7.093729999993229	
provider-attempt-recovery/tests/016.test.mjs	drained	complete	11187	3077	211897.23335999998	212035.15162599998	137.9182659999933	90.698174	101809	17335	0.119144	153.02527099999133	-15.107004999998026	
provider-attempt-recovery/tests/017.test.mjs	drained	complete	11198	3077	211967.80785999997	212102.98557199998	135.17771200000425	96.920739	118577	12249	0.130826	141.78763299999991	-6.609920999995666	
provider-attempt-recovery/tests/018.test.mjs	drained	complete	11209	3077	212037.957176	212097.53887	59.58169399999315	19.296805999999997	18296	2195	0.020491	52.74477700001444	6.836916999978712	
provider-attempt-recovery/tests/019.test.mjs	drained	complete	11220	3077	212100.100831	212562.984033	462.88320199999725	416.449615	456639	69722	0.526361	482.9482310000167	-20.065029000019422	
provider-attempt-recovery/tests/020.test.mjs	drained	complete	11221	3077	212105.05569399998	212521.10633299997	416.0506389999937	372.203618	453688	53288	0.506976	419.50811399999657	-3.457475000002887	
provider-attempt-recovery/tests/021.test.mjs	drained	complete	11242	3077	212523.336666	213226.40123599998	703.0645699999877	637.9684790000001	878937	88107	0.967044	694.0268670000078	9.037702999979956	
provider-attempt-recovery/tests/022.test.mjs	drained	complete	11253	3077	212565.835092	212653.766526	87.93143399999826	49.374692	55811	4078	0.059889	104.30869899998652	-16.377264999988256	
provider-attempt-recovery/tests/023.test.mjs	drained	complete	11264	3077	212656.618907	213343.85426	687.2353529999964	635.0086839999999	904041	83531	0.987572	648.4919900000095	38.74336299998686	
provider-language/tests/001.test.mjs	drained	complete	11275	3077	213232.15024999998	213384.23638599998	152.08613599999808	104.15612999999999	125082	11250	0.136332	126.71360899999854	25.372526999999536	
provider-language/tests/002.test.mjs	drained	complete	11286	3077	213347.169455	213491.57442699999	144.40497199998936	101.00581300000002	124708	14277	0.138985	151.70382299998892	-7.2988509999995586	
provider-language/tests/003.test.mjs	drained	complete	11297	3077	213386.663534	213535.635816	148.97228200000245	108.81424500000001	130829	11482	0.142311	145.72229100001277	3.249990999989677	
provider-language/tests/004.test.mjs	drained	complete	11308	3077	213494.266369	213657.741441	163.4750720000011	120.121439	141192	14164	0.155356	166.6705769999826	-3.1955049999814946	
provider-language/tests/005.test.mjs	drained	complete	11319	3077	213539.799841	213749.996998	210.19715699998778	164.35448300000002	192816	31480	0.224296	207.05723299999954	3.139923999988241	
provider-language/tests/006.test.mjs	drained	complete	11330	3077	213661.80219599998	213806.25311899997	144.4509229999967	101.522621	118415	15365	0.13378	137.6862850000034	6.764637999993283	
provider-language/tests/007.test.mjs	drained	complete	11341	3077	213753.039062	213901.05374799998	148.01468599998043	95.89845399999999	106961	23441	0.130402	133.14012500000536	14.874560999975074	
provider-language/tests/008.test.mjs	drained	complete	11352	3077	213808.572456	214053.99806399998	245.42560799999046	201.803061	206168	31893	0.238061	247.0988349999825	-1.673226999992039	
provider-language/tests/009.test.mjs	drained	complete	11363	3077	213904.082626	214163.35173	259.26910400000634	220.764237	323732	49191	0.372923	267.07660999998916	-7.807505999982823	
provider-language/tests/010.test.mjs	drained	complete	11374	3077	214062.196608	214125.201488	63.004879999993136	16.996406999999998	13493	3853	0.017346	57.651419000001624	5.353460999991512	
provider-language/tests/011.test.mjs	drained	complete	11385	3077	214127.98389799998	214202.741407	74.75750900001731	31.38613	31735	5957	0.037692	67.58868699998129	7.168822000036016	
provider-language/tests/012.test.mjs	drained	complete	11392	3077	214166.306086	214236.928463	70.62237699999241	29.786462999999998	30827	3789	0.034616	63.243238000024576	7.379138999967836	
provider-language/tests/013.test.mjs	drained	complete	11407	3077	214205.39255699998	215183.352146	977.9595890000055	921.751196	1291320	139244	1.430564	943.8307600000117	34.12882899999386	
provider-projection/tests/001.test.mjs	drained	complete	11414	3077	214239.78514999998	214368.04356299998	128.2584130000032	77.241843	78429	6984	0.085413	102.50582099999883	25.75259200000437	
provider-projection/tests/002.test.mjs	drained	complete	11429	3077	214370.39899599997	214479.385414	108.98641800001496	70.241427	72216	8336	0.080552	120.48844099999405	-11.50202299997909	
provider-projection/tests/003.test.mjs	drained	complete	11440	3077	214483.02967199998	214778.33939399998	295.3097220000054	237.91434000000004	325719	27433	0.353152	310.6071959999972	-15.29747399999178	
provider-projection/tests/004.test.mjs	drained	complete	11451	3077	214782.12392399998	214896.83544599998	114.71152199999779	71.603617	72235	11120	0.083355	110.41685199999483	4.294670000002952	
provider-projection/tests/005.test.mjs	drained	complete	11462	3077	214899.59772899997	215089.438894	189.84116500001983	142.470634	169223	18053	0.187276	173.73433900001692	16.10682600000291	
provider-projection/tests/006.test.mjs	drained	complete	11473	3077	215091.702336	215217.563515	125.86117899999954	85.58820399999999	87168	18078	0.105246	120.62408000000869	5.237098999990849	
provider-projection/tests/007.test.mjs	drained	complete	11484	3077	215186.040511	215267.482183	81.44167199998628	39.14853699999999	45090	7002	0.052092	78.59316599997692	2.8485060000093654	
provider-projection/tests/008.test.mjs	drained	complete	11491	3077	215220.260847	215430.324157	210.06330999999773	165.05534	197986	19064	0.21705	196.8205199999793	13.24279000001843	
provider-projection/tests/009.test.mjs	drained	complete	11506	3077	215269.645097	215466.959412	197.314314999996	159.312037	197397	20808	0.218205	212.09879499999806	-14.784480000002077	
provider-projection/tests/010.test.mjs	drained	complete	11517	3077	215433.126334	215774.47872999997	341.35239599997294	297.57629899999995	369160	39326	0.408486	361.72566300001927	-20.373267000046326	
provider-projection/tests/011.test.mjs	drained	complete	11528	3077	215471.38734199997	228588.24805	13116.860708000022	13028.818071000002	6045469	656677	6.702146	13088.316093000001	28.544615000020713	
provider-projection/tests/012.test.mjs	drained	complete	11539	3077	215777.61556099998	215902.33669499998	124.72113399999216	88.03761300000001	110355	14353	0.124708	128.79931000000215	-4.078176000009989	
provider-projection/tests/013.test.mjs	drained	complete	11550	3077	215905.143862	216091.59396899998	186.45010699998238	134.510495	123973	38626	0.162599	188.41209399999934	-1.9619870000169612	
provider-projection/tests/014.test.mjs	drained	complete	11562	3077	216093.745883	216401.283474	307.53759100000025	267.601826	331995	39159	0.371154	317.4640870000003	-9.926496000000043	
relay-assessment/tests/001.test.mjs	drained	complete	11573	3077	216404.01901599998	216514.998359	110.97934300001361	73.170895	84642	2854	0.087496	109.50347299998975	1.4758700000238605	
relay-assessment/tests/002.test.mjs	drained	complete	11584	3077	216518.795999	219892.06805899998	3373.2720599999884	3311.6815420000003	3609439	502105	4.111544	3435.1918939999887	-61.919834000000264	
relay-assessment/tests/003.test.mjs	drained	complete	11687	3077	219894.354341	219987.20430999997	92.8499689999735	57.07760400000001	55701	9151	0.064852	88.67109099999652	4.178877999976976	
relay-assessment/tests/004.test.mjs	drained	complete	11698	3077	219989.52085899998	220104.33040099998	114.8095420000027	68.701669	75585	3157	0.078742	101.18781400000444	13.621727999998257	
relay-assessment/tests/005.test.mjs	drained	complete	11709	3077	220107.20622499997	220201.29376399997	94.0875390000001	57.400504999999995	61268	4179	0.065447	95.69168200000422	-1.6041430000041146	
relay-assessment/tests/006.test.mjs	drained	complete	11720	3077	220203.886436	222015.77031899997	1811.8838829999731	1742.8113640000001	2130890	239633	2.370523	1890.150846000004	-78.26696300003096	
relay-assessment/tests/007.test.mjs	drained	complete	11765	3077	222018.988028	224036.84187099998	2017.8538429999899	1944.7623689999998	2306638	213774	2.520412	1984.1169630000077	33.73687999998219	
relay-assessment/tests/008.test.mjs	drained	complete	11787	3077	224040.455899	226791.965932	2751.5100329999987	2668.520853	3109076	357249	3.466325	2729.405956999981	22.104076000017812	
relay-assessment/tests/009.test.mjs	drained	complete	11845	3077	226794.436418	226856.367271	61.930852999998024	17.598060000000004	17341	1105	0.018446	61.50526799997897	0.42558500001905486	
relay-assessment/tests/010.test.mjs	drained	complete	11856	3077	226858.53542399997	226962.236812	103.70138800001587	58.583423	61996	5895	0.067891	138.97507700001006	-35.27368899999419	
relay-context-projection/tests/001.test.mjs	drained	complete	11867	3077	226965.06697599997	228984.63330299998	2019.5663270000077	1948.673231	2414468	239621	2.654089	2127.5170679999865	-107.95074099997873	
relay-context-projection/tests/002.test.mjs	drained	complete	11892	3077	228590.864637	231993.62144199997	3402.7568049999827	3333.830242	3782833	441376	4.224209	3650.2981799999834	-247.5413750000007	
relay-context-projection/tests/003.test.mjs	drained	complete	11918	3077	228988.169194	229051.85654699997	63.687352999986615	15.735053	14744	2674	0.017418	56.61043300002348	7.076919999963138	
relay-context-projection/tests/004.test.mjs	drained	complete	11929	3077	229054.254938	229119.848515	65.59357699999237	16.179401	16154	1104	0.017258	50.72738100000424	14.866195999988122	
relay-context-projection/tests/005.test.mjs	drained	complete	11941	3077	229122.45645599999	231142.508993	2020.0525370000105	1953.716257	2409456	257287	2.666743	2033.6767180000024	-13.62418099999195	
relay-context-projection/tests/006.test.mjs	drained	complete	12004	3077	231146.19866599998	233158.906292	2012.7076260000176	1927.836288	2336709	247709	2.584418	2110.671903999988	-97.96427799997036	
relay-context-projection/tests/007.test.mjs	drained	complete	12033	3077	231996.13167899998	232047.37533799998	51.24365899999975	14.546196000000002	13974	1996	0.01597	51.37207399998442	-0.12841499998467043	
relay-context-projection/tests/008.test.mjs	drained	complete	12044	3077	232050.006833	234057.11082099998	2007.103987999988	1949.143767	2371007	263222	2.634229	2055.739677000005	-48.63568900001701	
relay-context-projection/tests/009.test.mjs	drained	complete	12073	3077	233164.79470899998	233227.86296799997	63.068258999992395	16.149908000000003	11644	4894	0.016538	52.19832000002498	10.869938999967417	
relay-incumbency/tests/001.test.mjs	drained	complete	12084	3077	233230.05802	233320.035848	89.97782800000277	54.01241	53458	10836	0.064294	93.26937200000975	-3.2915440000069793	
relay-incumbency/tests/002.test.mjs	drained	complete	12095	3077	233322.299107	233418.020146	95.72103899999638	58.229791999999996	60908	7998	0.068906	98.04665599999134	-2.3256169999949634	
relay-incumbency/tests/003.test.mjs	drained	complete	12108	3077	233420.766568	233520.82882899998	100.06226099998457	55.703317	61841	3029	0.06487	131.90763999999035	-31.845379000005778	
relay-incumbency/tests/004.test.mjs	drained	complete	12119	3077	233524.60398599997	233651.010796	126.40681000001496	75.05396200000001	65211	5381	0.070592	98.6725349999906	27.734275000024354	
relay-incumbency/tests/005.test.mjs	drained	complete	12130	3077	233655.180852	233752.685814	97.50496200000634	56.639645	62016	5306	0.067322	96.89316100001452	0.6118009999918286	
relay-incumbency/tests/006.test.mjs	drained	complete	12141	3077	233755.51895499998	233860.6388	105.11984500000835	61.826687	61582	7294	0.068876	110.01196800000616	-4.8921229999978095	
relay-incumbency/tests/008.test.mjs	drained	complete	12161	3077	233863.014496	233983.52507899998	120.51058299999568	64.754111	66175	5792	0.071967	113.7540989999834	6.756484000012279	
relay-incumbency/tests/009.test.mjs	drained	complete	12178	3077	233986.78409399997	234105.836055	119.05196100001922	76.197652	73414	9646	0.08306	104.84043799998472	14.211523000034504	
relay-incumbency/tests/010.test.mjs	drained	complete	12189	3077	234060.24273199998	234167.54112299997	107.29839099998935	62.22063200000001	65938	6678	0.072616	95.47300100000575	11.8253899999836	
relay-incumbency/tests/011.test.mjs	drained	complete	12200	3077	234109.484507	234217.534108	108.04960100000608	70.382071	72737	6403	0.07914	97.5869379999931	10.46266300001298	
relay-incumbency/tests/012.test.mjs	drained	complete	12211	3077	234170.30745999998	234292.87061399998	122.56315400000312	71.81247	71313	5166	0.076479	97.56210199999623	25.001052000006894	
relay-incumbency/tests/013.test.mjs	drained	complete	12222	3077	234220.098145	234333.611932	113.5137870000035	62.536553000000005	69365	4924	0.074289	113.3665949999995	0.14719200000399724	
relay-retirement/tests/001.test.mjs	drained	complete	12233	3077	234295.26929599998	234350.79283	55.5235340000072	17.693163000000002	16202	2733	0.018935	49.88734200000181	5.636192000005394	
relay-retirement/tests/002.test.mjs	drained	complete	12244	3077	234336.25579099997	236205.772935	1869.5171440000122	1799.270937	2239926	231267	2.471193	1951.4052500000107	-81.88810599999852	
relay-retirement/tests/003.test.mjs	drained	complete	12250	3077	234353.02915599998	236347.30948899998	1994.2803330000024	1924.036519	2399530	243485	2.643015	2089.7484989999793	-95.46816599997692	
relay-retirement/tests/004.test.mjs	drained	complete	12293	3077	236209.136434	238241.29496899998	2032.158534999995	1950.682302	2445384	232364	2.677748	2105.114327999996	-72.955793000001	
relay-retirement/tests/007.test.mjs	drained	complete	12309	3077	236350.185129	236481.51084099998	131.32571199999074	77.888531	86789	5157	0.091946	117.64755700001842	13.678154999972321	
relay-retirement/tests/008.test.mjs	drained	complete	12320	3077	236484.28181299998	240060.40183599998	3576.120022999996	3509.5761730000004	3876815	464267	4.341082	3589.4430620000057	-13.323039000009885	
relay-retirement/tests/009.test.mjs	drained	complete	12352	3077	238244.79285899998	239220.330441	975.537582000019	913.5915060000001	1255580	109493	1.365073	939.7962249999982	35.7413570000208	
repository-investigation/tests/001.test.mjs	drained	complete	12391	3077	239222.970342	239274.656428	51.686086000001524	15.815738999999997	16200	983	0.017183	65.04074999998556	-13.35466399998404	
repository-investigation/tests/002.test.mjs	drained	complete	12403	3077	239277.440359	239400.890942	123.450582999998	85.54496	59761	6234	0.065995	142.4482100000023	-18.997627000004286	
repository-investigation/tests/003.test.mjs	drained	complete	12422	3077	239403.63235	239455.584435	51.95208499999717	14.957891000000004	16412	89	0.016501	52.508029999997234	-0.5559450000000652	
repository-investigation/tests/004.test.mjs	drained	complete	12433	3077	239458.44134199998	239515.08133299998	56.63999100000365	15.498548	14689	2188	0.016877	49.71861400001217	6.92137699999148	
repository-investigation/tests/005.test.mjs	drained	complete	12444	3077	239518.057791	239574.08713799997	56.02934699997422	15.472288999999996	13808	2910	0.016718	55.6107389999961	0.41860799997812137	
repository-investigation/tests/006.test.mjs	drained	complete	12460	3077	239577.696646	239711.274473	133.57782700000098	94.968816	121043	8879	0.129922	137.1727939999837	-3.5949669999827165	
repository-investigation/tests/007.test.mjs	drained	complete	12477	3077	239714.10014199998	239864.131062	150.03092000001925	107.04259199999998	132783	5003	0.137786	141.4229720000003	8.60794800001895	
repository-investigation/tests/008.test.mjs	drained	complete	12498	3077	239867.22737299997	239996.743226	129.51585300001898	87.45373599999999	105710	14105	0.119815	124.0327029999753	5.483150000043679	
repository-investigation/tests/009.test.mjs	drained	complete	12509	3077	239999.346674	240352.038443	352.6917689999973	309.482501	344776	31029	0.375805	334.0660729999945	18.62569600000279	
repository-programming/tests/001.test.mjs	drained	complete	12520	3077	240062.90546799998	240355.57722699997	292.67175899998983	251.43664200000003	330235	51610	0.381845	284.268069999991	8.403688999998849	
repository-programming/tests/002.test.mjs	drained	complete	12531	3077	240354.39433399998	240996.480777	642.0864430000074	590.4329749999999	695176	104789	0.799965	608.9846580000012	33.1017850000062	
repository-programming/tests/003.test.mjs	drained	complete	12532	3077	240357.979978	240551.899282	193.91930400001002	152.238023	191499	25921	0.21742	190.5007639999967	3.4185400000133086	
repository-programming/tests/004.test.mjs	drained	complete	12553	3077	240554.383603	240694.798927	140.41532400000142	100.82148400000001	134543	12155	0.146698	143.9796609999903	-3.564336999988882	
repository-programming/tests/005.test.mjs	drained	complete	12564	3077	240697.144359	240967.830516	270.6861569999892	223.93996800000002	253990	32487	0.286477	232.3079859999998	38.37817099998938	
repository-programming/tests/006.test.mjs	drained	complete	12575	3077	240970.177099	241372.843188	402.66608900000574	357.625859	374632	21040	0.395672	390.4426979999989	12.223391000006814	
repository-programming/tests/007.test.mjs	drained	complete	12582	3077	240999.327173	241400.446408	401.119234999991	348.000734	426829	58628	0.485457	414.3379079999868	-13.21867299999576	
repository-programming/tests/008.test.mjs	drained	complete	12608	3077	241374.87064699997	241548.29179599998	173.4211490000016	130.14118100000002	161689	13892	0.175581	179.9510939999891	-6.529944999987492	
repository-programming/tests/009.test.mjs	drained	complete	12616	3077	241403.31495499998	241563.24288099998	159.92792600000394	121.66494500000002	150196	14196	0.164392	164.2006780000229	-4.272752000018954	
repository-programming/tests/010.test.mjs	drained	complete	12631	3077	241551.07132199997	241744.901713	193.83039100002497	145.66134499999998	174134	19033	0.193167	188.9873689999804	4.843022000044584	
repository-programming/tests/011.test.mjs	drained	complete	12637	3077	241565.867894	241932.385609	366.5177149999945	324.046837	376663	55186	0.431849	394.8424470000027	-28.324732000008225	
repository-programming/tests/012.test.mjs	drained	complete	12653	3077	241748.802451	242126.754149	377.95169799998985	338.164462	394807	44890	0.439697	400.4735379999911	-22.521840000001248	
repository-programming/tests/013.test.mjs	drained	complete	12671	3077	241935.844216	242305.30815599998	369.4639399999869	322.521026	398156	35111	0.433267	375.49617999998736	-6.032240000000456	
repository-programming/tests/014.test.mjs	drained	complete	12683	3077	242129.571019	242519.87476699997	390.3037479999766	348.32892	418349	63929	0.482278	392.57926399999997	-2.2755160000233445	
repository-programming/tests/015.test.mjs	drained	complete	12696	3077	242308.34617799998	242707.62079	399.27461200000835	354.98310299999997	384691	58511	0.443202	401.8412169999792	-2.5666049999708775	
repository-programming/tests/016.test.mjs	drained	complete	12711	3077	242523.48735799998	242945.77513999998	422.2877819999994	380.67598499999997	482824	55890	0.538714	444.54174300000886	-22.25396100000944	
repository-programming/tests/017.test.mjs	drained	complete	12724	3077	242711.18117599998	242907.13754499998	195.95636899999226	155.41523500000002	175176	27535	0.202711	198.7240870000096	-2.7677180000173394	
repository-programming/tests/018.test.mjs	drained	complete	12740	3077	242909.85352499998	243291.18222599998	381.32870099999127	333.103681	392751	46486	0.439237	360.6441960000084	20.68450499998289	
repository-programming/tests/019.test.mjs	drained	complete	12749	3077	242948.53826499998	243328.63308499998	380.09481999999844	326.944837	400965	64287	0.465252	369.8363890000037	10.258430999994744	
repository-programming/tests/020.test.mjs	drained	complete	12769	3077	243293.58391299998	243801.82700199998	508.24308899999596	454.773588	504295	69929	0.574224	493.7646609999938	14.478428000002168	
repository-programming/tests/021.test.mjs	drained	complete	12781	3077	243331.348787	243397.525623	66.17683599999873	20.404412999999998	19220	3035	0.022255	58.77180300001055	7.40503299998818	
repository-programming/tests/022.test.mjs	drained	complete	12792	3077	243400.245956	243575.157266	174.91130999999586	134.89789	171567	16294	0.187861	167.2429730000149	7.668336999980966	
repository-programming/tests/023.test.mjs	drained	complete	12803	3077	243577.96080099998	243871.634267	293.67346600000747	250.26208400000002	314558	49085	0.363643	301.5172700000112	-7.843804000003729	
repository-programming/tests/024.test.mjs	drained	complete	12819	3077	243803.44760299998	244140.91162199999	337.4640190000064	293.594289	352992	47757	0.400749	322.6706750000012	14.793344000005163	
repository-programming/tests/025.test.mjs	drained	complete	12835	3077	243874.31998399997	244254.4097	380.0897160000168	326.166273	371848	35471	0.407319	366.03567199999816	14.05404400001862	
repository-programming/tests/026.test.mjs	drained	complete	12859	3077	244143.173851	244289.854926	146.68107500000042	104.55061900000001	132481	6878	0.139359	156.4068350000016	-9.725760000001173	
repository-programming/tests/027.test.mjs	drained	complete	12870	3077	244262.743035	244424.35835999998	161.61532499999157	124.527192	156338	18662	0.175	177.98120899999049	-16.365883999998914	
requirement-grounding/tests/001.test.mjs	drained	complete	12877	3077	244292.945086	244396.98279399998	104.03770799998892	65.019568	64807	8917	0.073724	101.70553199999267	2.3321759999962524	
requirement-grounding/tests/002.test.mjs	drained	complete	12892	3077	244400.795323	244507.05717	106.26184699998703	61.472108	62744	8975	0.071719	102.66046099999221	3.601385999994818	
requirement-grounding/tests/003.test.mjs	drained	complete	12899	3077	244426.67259399997	244519.541944	92.86935000002268	56.428897000000006	60128	6182	0.06631	98.65215500001796	-5.782804999995278	
requirement-grounding/tests/004.test.mjs	drained	complete	12914	3077	244509.82961599997	244602.021855	92.19223900002544	51.63124499999999	53417	7890	0.061307	90.8007370000123	1.3915020000131335	
requirement-grounding/tests/005.test.mjs	drained	complete	12920	3077	244522.82678499998	244997.598978	474.7721930000116	429.496779	669771	72291	0.742062	500.9438749999972	-26.171681999985594	
requirement-grounding/tests/006.test.mjs	drained	complete	12936	3077	244604.362148	247606.22327599998	3001.8611279999895	2941.567225	3577400	337556	3.914956	3094.9499519999954	-93.08882400000584	
requirement-grounding/tests/007.test.mjs	drained	complete	12947	3077	245004.049573	276201.09835399996	31197.04878099996	31113.66506	17995760	1490409	19.486169	32502.735742000048	-1305.6869610000867	
requirement-grounding/tests/008.test.mjs	drained	complete	12976	3077	247608.94812599997	249639.412551	2030.4644250000129	1955.559057	2653819	255142	2.908961	2146.0678109999862	-115.6033859999734	
requirement-grounding/tests/009.test.mjs	drained	complete	12998	3077	249643.895929	250118.18710799998	474.29117899999255	423.85456800000003	627890	76685	0.704575	466.16791899999953	8.123259999993024	
requirement-grounding/tests/010.test.mjs	drained	complete	13012	3077	250122.77190499997	250630.222943	507.45103800002835	463.124005	726324	63854	0.790178	495.80153200001223	11.649506000016117	
requirement-grounding/tests/011.test.mjs	drained	complete	13028	3077	250632.528471	256487.963846	5855.435375000001	5795.529994	3897292	369370	4.266662	6337.268176000012	-481.8328010000114	
requirement-grounding/tests/012.test.mjs	drained	complete	13100	3077	256490.40365499997	265482.303861	8991.90020600002	8924.397973000001	795508	94287	0.889795	9325.72477	-333.82456399998046	
requirement-system/tests/001.test.mjs	drained	complete	13208	3077	265486.41598499997	265555.491596	69.07561100000748	30.272565	30167	5882	0.036049	74.33215800000471	-5.2565469999972265	
requirement-system/tests/004.test.mjs	drained	complete	13219	3077	265560.060644	265633.398732	73.33808799996041	33.605274	31121	4307	0.035428	71.76610400000936	1.571983999951044	
requirement-system/tests/005.test.mjs	drained	complete	13234	3077	265636.260044	265699.576329	63.316285000008065	19.964801	18366	3288	0.021654	55.6783089999808	7.637976000027265	
requirement-system/tests/006.test.mjs	drained	complete	13245	3077	265701.91954699997	265775.31279299996	73.39324599999236	34.62270300000001	28905	4965	0.03387	79.87106000000495	-6.477814000012586	
requirement-system/tests/007.test.mjs	drained	complete	13256	3077	265778.157318	265851.512666	73.35534800001187	17.759770000000003	18619	228	0.018847	56.324265000002924	17.031083000008948	
requirement-system/tests/008.test.mjs	drained	complete	13267	3077	265853.99609599996	265911.972141	57.97604500001762	21.055281	21395	1006	0.022401	61.94164800000726	-3.965602999989642	
requirement-system/tests/011.test.mjs	drained	complete	13278	3077	265914.854667	265971.661954	56.80728700000327	17.144841	17922	19	0.017941	54.34286599999177	2.464421000011498	
requirement-system/tests/017.test.mjs	drained	complete	13289	3077	265974.61176	267535.006535	1560.3947749999934	1518.28402	2254276	131226	2.385502	1600.4089439999952	-40.01416900000186	
requirement-system/tests/018.test.mjs	drained	complete	13316	3077	267538.79258999997	267626.470265	87.67767500004265	37.885144000000004	39203	1106	0.040309	62.45220299999346	25.225472000049194	
semantic-trace/tests/001.test.mjs	drained	complete	13327	3077	267629.38477999996	268115.311206	485.92642600002	434.538609	557701	57665	0.615366	443.00227900000755	42.924147000012454	
semantic-trace/tests/002.test.mjs	drained	complete	13338	3077	268118.820678	268770.773705	651.9530270000105	600.2494839999999	851984	79029	0.931013	693.1682940000319	-41.21526700002141	
semantic-trace/tests/003.test.mjs	drained	complete	13351	3077	268772.76636199997	269253.77859299997	481.0122310000006	434.017103	614421	60974	0.675395	487.8365519999934	-6.8243209999927785	
semantic-trace/tests/004.test.mjs	drained	complete	13362	3077	269256.32202699996	269592.436322	336.1142950000358	290.615805	357552	32675	0.390227	309.16525199997704	26.949043000058737	
semantic-trace/tests/005.test.mjs	drained	complete	13374	3077	269595.32578199997	269971.056682	375.7309000000241	331.88225	349255	46545	0.3958	369.51546500000404	6.215435000020079	
semantic-trace/tests/006.test.mjs	drained	complete	13386	3077	269974.34129	270314.171013	339.82972300000256	287.141342	344777	38226	0.383003	374.16566599998623	-34.33594299998367	
semantic-trace/tests/007.test.mjs	drained	complete	13401	3077	270316.68748699996	270906.62095	589.9334630000521	545.631804	861454	75473	0.936927	659.5145069999853	-69.58104399993317	
semantic-trace/tests/008.test.mjs	drained	complete	13426	3077	270910.619649	270960.92366599996	50.30401699995855	15.604419000000004	16364	107	0.016471	49.25714699999662	1.0468699999619275	
semantic-trace/tests/009.test.mjs	drained	complete	13437	3077	270964.894994	271292.168195	327.2732010000036	286.078008	337647	36371	0.374018	367.6358270000201	-40.36262600001646	
semantic-trace/tests/010.test.mjs	drained	complete	13448	3077	271297.05872699997	271730.30130399996	433.24257699999725	388.345887	548149	70570	0.618719	520.9307619999745	-87.68818499997724	
semantic-trace/tests/011.test.mjs	drained	complete	13460	3077	271733.336286	271806.316251	72.9799650000059	21.435937000000003	20899	663	0.021562	50.22320000000764	22.756764999998268	
semantic-trace/tests/012.test.mjs	drained	complete	13471	3077	271809.665429	271884.589175	74.92374599998584	23.413885999999998	20163	2260	0.022423	48.64593900000909	26.277806999976747	
session-ontology/tests/001.test.mjs	drained	complete	13482	3077	271888.036185	272021.248638	133.21245300001465	74.775222	71955	8957	0.080912	87.06916299997829	46.14329000003636	
session-ontology/tests/002.test.mjs	drained	complete	13493	3077	272024.751282	272117.28219	92.53090800001519	50.08292399999999	55647	4464	0.060111	129.1719119999907	-36.64100399997551	
session-ontology/tests/003.test.mjs	drained	complete	13504	3077	272120.798316	272208.98614299996	88.18782699998701	51.043032999999994	53662	7075	0.060737	90.7344859999721	-2.546658999985084	
session-ontology/tests/004.test.mjs	drained	complete	13515	3077	272211.908445	272322.413689	110.50524399999995	65.59050099999999	67335	3412	0.070747	88.59819799999241	21.90704600000754	
session-ontology/tests/005.test.mjs	drained	complete	13526	3077	272325.33545899997	272429.121641	103.78618200001074	58.21863999999999	61770	6916	0.068686	91.49329100002069	12.29289099999005	
session-ontology/tests/006.test.mjs	drained	complete	13537	3077	272432.92212999996	272598.680601	165.75847100000829	129.910618	165784	16192	0.181976	209.58315200003562	-43.82468100002734	
session-ontology/tests/007.test.mjs	drained	complete	13549	3077	272601.57501699997	272735.65472	134.0797030000249	83.72692900000001	79641	7995	0.087636	118.1076999999932	15.972003000031691	
session-ontology/tests/008.test.mjs	drained	complete	13561	3077	272739.023324	272896.62254099996	157.59921699995175	102.36693600000001	94261	10552	0.104813	112.4286579999607	45.170558999991044	
session-ontology/tests/009.test.mjs	drained	complete	13572	3077	272898.96935599996	273006.002866	107.0335100000375	63.307224000000005	67099	3090	0.070189	136.53016200003913	-29.49665200000163	
session-ontology/tests/010.test.mjs	drained	complete	13583	3077	273008.636496	273100.104289	91.46779299998889	52.191098	55518	6039	0.061557	107.52418200002285	-16.05638900003396	
session-ontology/tests/011.test.mjs	drained	complete	13598	3077	273102.81770799996	273172.512557	69.69484900002135	20.278564000000003	19320	2048	0.021368	66.59793899999931	3.096910000022035	
session-ontology/tests/012.test.mjs	drained	complete	13609	3077	273175.258897	273266.468423	91.20952600002056	53.07257299999999	59448	3272	0.06272	90.0325249999878	1.1770010000327602	
session-ontology/tests/014.test.mjs	drained	complete	13620	3077	273269.524009	273320.96235399996	51.4383449999732	14.207296	15381	106	0.015487	62.20563900005072	-10.767294000077527	
speculative-investigation/tests/001.test.mjs	drained	complete	13638	3077	273323.832024	273682.507079	358.6750549999997	318.689903	384951	52304	0.437255	379.1692890000413	-20.494234000041615	
speculative-investigation/tests/002.test.mjs	drained	complete	13656	3077	273685.886188	274652.064501	966.1783130000113	894.5733600000001	964957	143122	1.108079	1088.552062999981	-122.37374999996973	
speculative-investigation/tests/003.test.mjs	drained	complete	13668	3077	274656.450899	274967.75969	311.30879099998856	269.221299	318286	34287	0.352573	313.1995950000128	-1.8908040000242181	
speculative-investigation/tests/004.test.mjs	drained	complete	13679	3077	274970.53263	275507.162737	536.6301070000045	489.17305400000004	587899	68068	0.655967	557.1565839999821	-20.526476999977604	
speculative-investigation/tests/005.test.mjs	drained	complete	13692	3077	275510.78386699996	276065.366203	554.5823360000504	499.06060300000007	536155	59471	0.595626	638.7015029999893	-84.1191669999389	
speculative-investigation/tests/006.test.mjs	drained	complete	13707	3077	276067.856515	276537.059278	469.2027629999793	411.310246	488710	53808	0.542518	479.98075300001074	-10.777990000031423	
speculative-investigation/tests/007.test.mjs	drained	complete	13718	3077	276208.670116	276645.92509599996	437.2549799999688	394.430979	461366	51968	0.513334	420.54139500000747	16.713584999961313	
speculative-investigation/tests/008.test.mjs	drained	complete	13729	3077	276539.86111999996	277016.34674099996	476.4856209999998	422.771265	494613	60052	0.554665	475.36261899996316	1.1230020000366494	
speculative-investigation/tests/009.test.mjs	drained	complete	13740	3077	276648.579003	278725.769921	2077.1909180000075	2005.185099	2612332	219473	2.831805	2159.1818560000393	-81.99093800003175	
speculative-investigation/tests/010.test.mjs	drained	complete	13751	3077	277020.588437	277282.218634	261.6301969999913	221.72908	271999	33501	0.3055	276.3580630000215	-14.72786600003019	
speculative-investigation/tests/011.test.mjs	drained	complete	13763	3077	277285.08346299996	278235.880106	950.7966430000379	892.216671	1019871	143994	1.163865	969.5617820000043	-18.76513899996644	
speculative-investigation/tests/012.test.mjs	drained	complete	13776	3077	278238.87486	279186.36936	947.4945000000298	881.081663	962916	139410	1.102326	965.2636589999893	-17.769158999959473	
speculative-investigation/tests/013.test.mjs	drained	complete	13788	3077	278730.84760499996	283612.788625	4881.9410200000275	4779.9620509999995	5350282	618167	5.968449	5077.301589999988	-195.36056999996072	
speculative-investigation/tests/014.test.mjs	drained	complete	13799	3077	279191.844654	279441.79425	249.94959599996218	201.464244	263489	18655	0.282144	244.27185299998382	5.6777429999783635	
speculative-investigation/tests/015.test.mjs	drained	complete	13810	3077	279444.533695	280925.64268	1481.108984999999	1432.9136389999999	460396	66752	0.527148	1447.4924689999898	33.61651600000914	
speculative-investigation/tests/016.test.mjs	drained	complete	13848	3077	280928.058022	281820.95206499996	892.8940429999493	833.26955	953859	130628	1.084487	901.8264029999846	-8.93236000003526	
speculative-investigation/tests/020.test.mjs	drained	complete	13863	3077	281825.41066399997	282362.781915	537.3712510000332	491.18341200000003	864824	52727	0.917551	535.0659840000444	2.3052669999888167	
sphinx-v2/tests/001.test.mjs	drained	complete	13876	3077	282364.697695	282744.424216	379.72652100003324	328.499282	405239	45412	0.450651	377.5306059999857	2.1959150000475347	
sphinx-v2/tests/002.test.mjs	drained	complete	13889	3077	282747.15115	282885.259593	138.10844300000463	98.547104	121489	15067	0.136556	137.02858300000662	1.079859999998007	
sphinx-v2/tests/004.test.mjs	drained	complete	13902	3077	282887.859159	283239.063595	351.2044360000291	307.984762	390877	37412	0.428289	349.3703449999448	1.8340910000842996	
sphinx-v2/tests/007.test.mjs	drained	complete	13915	3077	283242.38879399997	283648.886871	406.49807700002566	360.281881	469538	52173	0.521711	406.22238499997184	0.275692000053823	
sphinx-v2/tests/010.test.mjs	drained	complete	13926	3077	283617.501591	284481.769912	864.2683209999814	805.714832	1048585	108279	1.156864	830.5252050000126	33.74311599996872	
sphinx-v2/tests/011.test.mjs	drained	complete	13933	3077	283651.473723	283988.918891	337.44516800000565	295.074046	365475	41428	0.406903	371.3922559999628	-33.94708799995715	
sphinx-v2/tests/012.test.mjs	drained	complete	13949	3077	283991.29573199997	284055.499067	64.20333500002744	21.359277999999996	17364	5108	0.022472	56.50146300002234	7.701872000005096	
sphinx-v2/tests/013.test.mjs	drained	complete	13960	3077	284058.165948	284183.130435	124.96448700001929	83.71414999999999	90536	7685	0.098221	125.75596099998802	-0.7914739999687299	
sphinx-v2/tests/014.test.mjs	drained	complete	13971	3077	284186.073361	284368.457173	182.38381199998548	128.55920500000002	150056	12370	0.162426	151.2651809999952	31.118630999990273	
sphinx-v2/tests/017.test.mjs	drained	complete	13982	3077	284371.181513	284895.39857099997	524.2170579999802	474.175551	601953	67733	0.669686	502.04211199999554	22.17494599998463	
sphinx-v2/tests/018.test.mjs	drained	complete	13993	3077	284486.516581	284620.647437	134.1308560000034	90.699062	100020	14413	0.114433	134.49325100000715	-0.3623950000037439	
sphinx-v2/tests/019.test.mjs	drained	complete	14004	3077	284624.786824	285721.737652	1096.9508279999718	1048.8000949999998	1319632	130733	1.450365	1105.5204300000332	-8.569602000061423	
sphinx-v2/tests/020.test.mjs	drained	complete	14015	3077	284898.208901	285669.852211	771.643310000014	719.667291	906850	64996	0.971846	740.1999039999791	31.443406000034884	
sphinx-v2/tests/021.test.mjs	drained	complete	14027	3077	285672.568598	285786.1191	113.55050200002734	72.160302	83031	6791	0.089822	109.63036000001011	3.920142000017222	
sphinx-v2/tests/022.test.mjs	drained	complete	14038	3077	285724.395901	285782.334223	57.938321999972686	15.106864000000002	16250	122	0.016372	49.6251630000188	8.313158999953885	
sphinx-v2/tests/023.test.mjs	drained	complete	14049	3077	285784.949089	285935.36498199997	150.4158929999685	101.870672	123097	19553	0.14265	149.33482000004733	1.0810729999211617	
sphinx-v2/tests/025.test.mjs	drained	complete	14050	3077	285789.476379	285943.430316	153.95393700001296	107.953938	123820	17765	0.141585	141.68051400000695	12.273423000006005	
sphinx-v2/tests/026.test.mjs	drained	complete	14071	3077	285938.285309	286085.490362	147.2050530000124	104.59989099999999	124123	17663	0.141786	136.76503000000957	10.440023000002839	
sphinx-v2/tests/029.test.mjs	drained	complete	14077	3077	285946.320526	286089.4398	143.11927399999695	103.075849	121373	18429	0.139802	141.42991100001382	1.6893629999831319	
sphinx-v2/tests/033.test.mjs	drained	complete	14093	3077	286088.35207699996	288339.946732	2251.5946550000226	2201.41381	464269	46008	0.510277	2249.1681169999647	2.426538000057917	
sphinx-v2/tests/034.test.mjs	drained	complete	14094	3077	286092.60469	286247.114175	154.50948499998776	107.29511500000001	132851	16001	0.148852	142.26813499996206	12.241350000025705	
sphinx-v2/tests/036.test.mjs	drained	complete	14115	3077	286250.54615099996	289422.932858	3172.386707000027	3119.681756	874261	119250	0.993511	3112.514595000015	59.87211200001184	
structured-workflow/tests/003.test.mjs	drained	complete	14186	3077	288342.98704	288507.952751	164.9657110000262	115.61961	148299	21062	0.169361	153.69836199999554	11.267349000030663	
structured-workflow/tests/004.test.mjs	drained	complete	14204	3077	288510.89331099996	288692.96363899997	182.0703280000016	131.30614599999998	160963	18237	0.1792	162.16869299998507	19.90163500001654	
structured-workflow/tests/005.test.mjs	drained	complete	14215	3077	288696.408857	289273.583626	577.1747689999756	513.199824	609606	81238	0.690844	484.90876500000013	92.26600399997551	
structured-workflow/tests/006.test.mjs	drained	complete	14233	3077	289276.482686	289794.35066	517.8679739999934	470.613082	581620	69531	0.651151	533.9986119999667	-16.13063799997326	
structured-workflow/tests/009.test.mjs	drained	complete	14244	3077	289428.802243	289560.839974	132.03773099998944	89.596735	107798	19055	0.126853	135.35510000004433	-3.317369000054896	
structured-workflow/tests/010.test.mjs	drained	complete	14255	3077	289563.740737	290131.72645899997	567.985721999954	524.933795	388481	51259	0.43974	566.2245160000166	1.7612059999373741	
structured-workflow/tests/011.test.mjs	drained	complete	14266	3077	289796.817038	290066.840531	270.02349300001515	221.042425	244880	48434	0.293314	256.0302510000183	13.993241999996826	
structured-workflow/tests/012.test.mjs	drained	complete	14277	3077	290070.202374	292574.361528	2504.1591539999936	2428.896297	1009302	254882	1.264184	2415.379045000009	88.7801089999848	
structured-workflow/tests/013.test.mjs	drained	complete	14288	3077	290134.392835	290390.019258	255.6264230000088	214.29445099999998	240239	46433	0.286672	239.15351899998495	16.472904000023846	
structured-workflow/tests/014.test.mjs	drained	complete	14299	3077	290392.537783	292128.02254599996	1735.4847629999858	1688.868686	1963768	85028	2.048796	1740.0834209999884	-4.598658000002615	
structured-workflow/tests/015.test.mjs	drained	complete	14361	3077	292130.889899	292283.16939399997	152.27949499996612	112.31831100000002	133471	11053	0.144524	159.8464119999553	-7.566916999989189	
structured-workflow/tests/016.test.mjs	drained	complete	14373	3077	292288.835369	292354.994238	66.15886900003534	18.966103999999994	19270	1775	0.021045	54.68422900000587	11.474640000029467	
structured-workflow/tests/018.test.mjs	drained	complete	14384	3077	292358.831203	292442.167278	83.33607499999925	19.073491999999995	18453	2176	0.020629	52.24613899999531	31.089936000003945	
structured-workflow/tests/019.test.mjs	drained	complete	14395	3077	292444.177136	292534.391403	90.21426699997392	49.28382499999999	50657	9001	0.059658	88.20409899996594	2.0101680000079796	
time-capability/tests/001.test.mjs	drained	complete	14418	3077	292537.23401099996	292672.911304	135.6772930000443	91.30909499999999	106967	17161	0.124128	118.66950700001325	17.007786000031047	
time-capability/tests/002.test.mjs	drained	complete	14431	3077	292577.305107	292654.49857399997	77.1934669999755	36.905333999999996	35071	6010	0.041081	76.45406999997795	0.7393969999975525	
time-capability/tests/003.test.mjs	drained	complete	14442	3077	292657.640703	292814.311665	156.67096199997468	112.56390300000001	128041	19524	0.147565	154.4870210000081	2.1839409999665804	
time-capability/tests/004.test.mjs	drained	complete	14448	3077	292676.075156	292906.27863099996	230.20347499998752	186.781812	184094	47583	0.231677	236.4924689999898	-6.288994000002276	
time-capability/tests/005.test.mjs	drained	complete	14464	3077	292817.83972399996	292947.453162	129.61343800002942	91.29078999999999	114110	10053	0.124163	120.64621500001522	8.9672230000142	
time-capability/tests/006.test.mjs	drained	complete	14475	3077	292909.637403	293081.319766	171.6823629999999	123.463124	148423	16235	0.164658	149.55635400000028	22.126008999999613	
time-capability/tests/007.test.mjs	drained	complete	14486	3077	292949.850933	293106.846598	156.99566499999491	115.411749	131469	16631	0.1481	137.34236599999713	19.653298999997787	
time-capability/tests/008.test.mjs	drained	complete	14497	3077	293084.58534499997	293267.15865399997	182.57330899999943	136.271078	146408	35613	0.182021	171.4036700000288	11.16963899997063	
verification-system/tests/002.test.mjs	drained	complete	14504	3077	293109.735973	293176.41226	66.67628700000932	26.159363999999997	27485	1823	0.029308	57.68396199995186	8.992325000057463	
verification-system/tests/003.test.mjs	drained	complete	14519	3077	293179.266271	293617.475011	438.20874000003096	390.93696700000004	480521	56658	0.537179	401.41899500001455	36.78974500001641	
verification-system/tests/004.test.mjs	drained	complete	14530	3077	293269.798036	293393.078429	123.28039299999364	84.780913	85371	10110	0.095481	118.63840799999889	4.641984999994747	
verification-system/tests/005.test.mjs	drained	complete	14541	3077	293395.93315399997	298015.34319499996	4619.4100409999955	4577.390321999999	161132	35245	0.196377	4399.018154999998	220.3918859999976	
verification-system/tests/006.test.mjs	active	missing	14560	3077	293621.392456	unobserved	unobserved	unobserved	unobserved	unobserved	unobserved	unobserved	unobserved	Exit observation not received
verification-system/tests/007.test.mjs	drained	complete	15036	3077	298018.087732	298711.51561199996	693.4278799999738	640.360265	932169	80155	1.012324	665.3227939999779	28.105085999995936	
verification-system/tests/008.test.mjs	active	missing	15119	3077	298711.617021	unobserved	unobserved	unobserved	unobserved	unobserved	unobserved	4064.8061209999723	unobserved	Exit observation not received
